filename,target,gender,pred
database1/img00000154.webp,0.036749,1.0,0.03433184683992
database1/img00000271.webp,0.229724,1.0,0.0472346844059405
database1/img00000323.webp,0.120628,0.0,0.0349250249916694
database1/img00000364.webp,0.00341,1.0,0.030545772316818
database1/img00000371.webp,0.000249,1.0,0.0371324627372193
database1/img00000438.webp,0.102267,0.0,0.0366076379903138
database1/img00000448.webp,0.032257,0.0,0.0367858948432759
database1/img00000477.webp,0.158779,0.0,0.0253404130562251
database1/img00000491.webp,0.333523,0.0,0.0418990056541235
database1/img00000679.webp,0.022454,0.0,0.032383427610457
database1/img00000766.webp,0.241328,0.0,0.0442019222132399
database1/img00000781.webp,0.01402,1.0,0.0322907691423975
database1/img00000793.webp,0.308688,0.0,0.0523423381678327
database1/img00000806.webp,0.083687,1.0,0.0331676426528666
database1/img00000857.webp,0.167176,0.0,0.0378538512179065
database1/img00000882.webp,0.118298,0.0,0.0373198796247122
database1/img00000903.webp,0.006576,1.0,0.041262895653007
database1/img00000929.webp,0.021546,1.0,0.0396691964741516
database1/img00000941.webp,0.232414,0.0,0.0428626427685331
database1/img00001032.webp,0.044127,1.0,0.0428987593392281
database1/img00001145.webp,0.022379,1.0,0.0298367828665188
database1/img00001291.webp,0.022322,0.0,0.0335959001613361
database1/img00001371.webp,0.148865,0.0,0.036969719404753
database1/img00001491.webp,0.264813,0.0,0.0537392646916915
database1/img00001551.webp,0.054068,1.0,0.0351855912294439
database1/img00001573.webp,0.095382,0.0,0.0272911770989104
database1/img00001650.webp,0.088325,0.0,0.0258410305520372
database1/img00001652.webp,0.074782,1.0,0.0343837268342218
database1/img00001674.webp,0.188753,0.0,0.0531758049091488
database1/img00001701.webp,0.002942,1.0,0.0356889469753547
database1/img00001779.webp,0.009358,1.0,0.0875567665758401
database1/img00001812.webp,0.017934,0.0,0.0276485120073537
database1/img00001859.webp,0.006232,1.0,0.0416110954572492
database1/img00001872.webp,0.094988,0.0,0.0364096586178184
database1/img00001883.webp,0.015755,0.0,0.0402930648021143
database1/img00001978.webp,0.02291,1.0,0.0427126768887283
database1/img00002013.webp,0.068771,1.0,0.0316124938713119
database1/img00002073.webp,0.265663,0.0,0.0428875035420798
database1/img00002136.webp,0.083835,0.0,0.0365202196704942
database1/img00002187.webp,0.062593,1.0,0.0391339214113873
database1/img00002221.webp,0.024328,1.0,0.0372642201296605
database1/img00002227.webp,0.172367,0.0,0.0416953653375378
database1/img00002414.webp,0.290565,0.0,0.0808197838574627
database1/img00002415.webp,0.370759,0.0,0.0499599954280489
database1/img00002527.webp,0.008082,0.0,0.0331256952169076
database1/img00002649.webp,0.108227,0.0,0.0350238950839106
database1/img00002695.webp,0.191496,0.0,0.0368113986347039
database1/img00002698.webp,0.019352,0.0,0.0375248060616993
database1/img00002713.webp,0.025594,1.0,0.0424076202988995
database1/img00002737.webp,0.01324,1.0,0.035654192925851
database1/img00002813.webp,0.015997,0.0,0.0274035526354042
database1/img00002915.webp,0.059948,0.0,0.0337149840800179
database1/img00002916.webp,0.061003,0.0,0.037231527093596
database1/img00003052.webp,0.34648,0.0,0.0397395640930919
database1/img00003146.webp,0.130163,0.0,0.0237095211735399
database1/img00003162.webp,0.193332,0.0,0.045281746031746
database1/img00003199.webp,0.314562,0.0,0.0431027446178961
database1/img00003273.webp,0.126445,0.0,0.0483330852805476
database1/img00003300.webp,0.007141,1.0,0.0396269888221191
database1/img00003360.webp,0.008946,1.0,0.0350146242464035
database1/img00003390.webp,0.054933,0.0,0.038451531240111
database1/img00003437.webp,0.01322,1.0,0.0299736438149853
database1/img00003452.webp,0.040754,0.0,0.0278611789093583
database1/img00003584.webp,0.23463,0.0,0.0433222936036071
database1/img00003713.webp,0.000555,1.0,0.0234055606681725
database1/img00003746.webp,0.099051,1.0,0.0382784272051009
database1/img00003877.webp,0.01258,0.0,0.0371082662341423
database1/img00003884.webp,0.091278,0.0,0.0319443989115824
database1/img00003887.webp,0.010493,1.0,0.0591308013643505
database1/img00003978.webp,0.178955,0.0,0.0228685467512922
database1/img00004026.webp,0.365443,0.0,0.0483410672853828
database1/img00004041.webp,0.094007,0.0,0.0316540010293983
database1/img00004164.webp,0.026259,1.0,0.0320061710081291
database1/img00004216.webp,0.034337,0.0,0.0309350975527581
database1/img00004261.webp,0.165876,0.0,0.0465244694673018
database1/img00004273.webp,0.156777,0.0,0.0318544693102996
database1/img00004308.webp,0.126358,0.0,0.036697770496474
database1/img00004416.webp,0.13739,1.0,0.0352582177758892
database1/img00004426.webp,0.364242,1.0,0.0531430513081888
database1/img00004540.webp,0.140347,0.0,0.0289595826134092
database1/img00004621.webp,0.130906,0.0,0.0380796361253517
database1/img00004701.webp,0.060368,0.0,0.0250759558403272
database1/img00004841.webp,0.021785,1.0,0.0326816466147676
database1/img00004851.webp,0.058337,1.0,0.0383769562871019
database1/img00004895.webp,0.001337,1.0,0.0312297887036513
database1/img00005027.webp,0.095752,1.0,0.0450827653359298
database1/img00005030.webp,0.114344,0.0,0.0394536497984773
database1/img00005095.webp,0.018419,0.0,0.037233682786608
database1/img00005116.webp,0.107525,0.0,0.0424232337521843
database1/img00005179.webp,0.058586,1.0,0.036541994523207
database1/img00005208.webp,0.021009,1.0,0.0756038811236259
database1/img00005271.webp,0.408256,0.0,0.054493307839388
database1/img00005293.webp,0.043233,0.0,0.036661820502819
database1/img00005339.webp,0.173984,0.0,0.027118945236149
database1/img00005347.webp,0.002911,0.0,0.0219906824477461
database1/img00005361.webp,0.189098,0.0,0.0353642384105959
database1/img00005501.webp,0.145725,0.0,0.0343911963081291
database1/img00005507.webp,0.232343,0.0,0.0633234914190809
database1/img00005509.webp,0.003247,1.0,0.0681812199776271
database1/img00005522.webp,0.185571,0.0,0.0324245577523412
database1/img00005579.webp,0.037795,1.0,0.0385079719178531
database1/img00005689.webp,0.281579,0.0,0.0357418707036378
database1/img00005696.webp,0.366924,0.0,0.0617167590307835
database1/img00005723.webp,0.013358,0.0,0.0384186241610737
database1/img00005726.webp,0.041346,1.0,0.0380991313234542
database1/img00005753.webp,0.009879,0.0,0.0352077117282533
database1/img00005766.webp,0.177714,0.0,0.0364398630716565
database1/img00005768.webp,0.024309,1.0,0.0435753130137852
database1/img00005822.webp,0.022373,0.0,0.0278887117809013
database1/img00005851.webp,0.375359,0.0,0.0421183329734398
database1/img00005896.webp,0.063671,0.0,0.0409298666267045
database1/img00005910.webp,0.374925,0.0,0.0389253702727315
database1/img00006003.webp,0.020291,1.0,0.0379526669441635
database1/img00006021.webp,0.018409,1.0,0.0754842817883235
database1/img00006047.webp,0.105454,0.0,0.03411360689631
database1/img00006101.webp,0.326093,0.0,0.0461244643189863
database1/img00006168.webp,0.00248,1.0,0.0244980237154149
database1/img00006196.webp,0.0412,1.0,0.0348260116517083
database1/img00006204.webp,0.331116,1.0,0.0419790361171242
database1/img00006269.webp,0.011789,1.0,0.0370248463487809
database1/img00006334.webp,0.003849,1.0,0.0256178210929341
database1/img00006414.webp,0.208227,0.0,0.0402776130027286
database1/img00006420.webp,0.026323,1.0,0.0398870542017064
database1/img00006436.webp,0.008945,1.0,0.0442887858630651
database1/img00006571.webp,0.06176,0.0,0.0317639064168526
database1/img00006576.webp,0.028441,1.0,0.0457857835459088
database1/img00006629.webp,0.000814,1.0,0.0222942383480441
database1/img00006690.webp,0.119839,0.0,0.0335982836844511
database1/img00006694.webp,0.019638,1.0,0.0312513474390956
database1/img00006722.webp,0.383369,0.0,0.0576188499065808
database1/img00006757.webp,0.169654,1.0,0.0537110183199788
database1/img00007032.webp,0.079705,0.0,0.0356720017540012
database1/img00007152.webp,0.296672,0.0,0.0510884487154343
database1/img00007289.webp,0.004896,1.0,0.0407680457746478
database1/img00007329.webp,0.096683,0.0,0.0380937961315719
database1/img00007335.webp,0.012784,1.0,0.0383964593243812
database1/img00007354.webp,0.047242,0.0,0.0308629088378566
database1/img00007383.webp,0.020362,1.0,0.0265840997573773
database1/img00007416.webp,0.105824,1.0,0.0416711016498137
database1/img00007435.webp,0.275659,0.0,0.0702175175309303
database1/img00007452.webp,0.091268,0.0,0.0333621600845584
database1/img00007454.webp,0.052407,1.0,0.0459513134534949
database1/img00007468.webp,0.289625,0.0,0.0632635467980295
database1/img00007470.webp,0.024029,1.0,0.072733803552769
database1/img00007537.webp,0.023879,0.0,0.0338192093556779
database1/img00007538.webp,0.239526,0.0,0.0408176777290408
database1/img00007592.webp,0.092299,0.0,0.0352477271897477
database1/img00007663.webp,0.000453,1.0,0.0275073841017079
database1/img00007675.webp,0.145663,0.0,0.0323005218761282
database1/img00007764.webp,0.212475,0.0,0.0372641322837137
database1/img00007790.webp,0.273678,0.0,0.0492822577365702
database1/img00007837.webp,0.07434,0.0,0.0332339127155541
database1/img00007851.webp,0.187909,0.0,0.0385489789406508
database1/img00007897.webp,0.021438,1.0,0.0361567120735824
database1/img00007955.webp,0.100119,0.0,0.0342682843705268
database1/img00007965.webp,0.126287,0.0,0.026629359386594
database1/img00008054.webp,0.125876,0.0,0.0286515915695246
database1/img00008062.webp,0.192134,0.0,0.0531891292290626
database1/img00008079.webp,0.010384,1.0,0.0339302180314702
database1/img00008191.webp,0.127108,1.0,0.0470295161168566
database1/img00008233.webp,0.03355,1.0,0.040234239353474
database1/img00008333.webp,0.123145,0.0,0.0343828119721639
database1/img00008350.webp,0.003002,0.0,0.0257454094585817
database1/img00008419.webp,0.136366,0.0,0.0377749077490774
database1/img00008444.webp,0.19563,0.0,0.0367266658719751
database1/img00008485.webp,0.153649,0.0,0.0281051738761662
database1/img00008500.webp,0.243166,1.0,0.0411116980212099
database1/img00008540.webp,0.020411,1.0,0.0367063194798189
database1/img00008619.webp,0.172849,1.0,0.0392627166256104
database1/img00008684.webp,0.116788,1.0,0.0694245670491594
database1/img00008694.webp,0.257404,1.0,0.0555555555555554
database1/img00008702.webp,0.150713,0.0,0.0361506434519303
database1/img00008778.webp,0.047436,1.0,0.0415357551955489
database1/img00008864.webp,0.142253,1.0,0.0418662963391582
database1/img00008929.webp,0.025151,1.0,0.0291396196332991
database1/img00009119.webp,0.134423,0.0,0.0356459676835011
database1/img00009131.webp,0.11769,0.0,0.0306379280375455
database1/img00009180.webp,0.22272,0.0,0.0481836327345309
database1/img00009210.webp,0.133618,1.0,0.0349806237313156
database1/img00009215.webp,0.015083,1.0,0.0765982189307463
database1/img00009309.webp,0.232271,0.0,0.06120408080971
database1/img00009310.webp,0.032707,1.0,0.0438691749976044
database1/img00009395.webp,0.188981,0.0,0.0298158030642106
database1/img00009397.webp,0.022474,0.0,0.0282708308211744
database1/img00009399.webp,0.009987,1.0,0.0302292790583619
database1/img00009423.webp,0.205953,0.0,0.0378221824826031
database1/img00009521.webp,0.096612,0.0,0.031487935211922
database1/img00009606.webp,0.062144,1.0,0.0332060695056289
database1/img00009643.webp,0.076471,0.0,0.033217630493156
database1/img00009666.webp,0.249637,0.0,0.0384321541272213
database1/img00009740.webp,0.056754,0.0,0.0326726707680598
database1/img00009804.webp,0.00402,1.0,0.0574782608695651
database1/img00009898.webp,0.123271,0.0,0.035611779908862
database1/img00009952.webp,0.220282,0.0,0.0420971978984237
database1/img00009963.webp,0.081114,1.0,0.0384690327070285
database1/img00010009.webp,0.161796,0.0,0.0328170478170477
database1/img00010196.webp,0.131846,0.0,0.0342259847961298
database1/img00010250.webp,0.119697,0.0,0.0525279005317953
database1/img00010353.webp,0.145055,0.0,0.0361644635945373
database1/img00010363.webp,0.133258,0.0,0.0349548074870115
database1/img00010383.webp,0.010398,1.0,0.0221669230537205
database1/img00010445.webp,0.356323,0.0,0.0395174547916062
database1/img00010509.webp,0.056891,1.0,0.0502716631997267
database1/img00010530.webp,0.091729,0.0,0.0373669529472215
database1/img00010535.webp,0.304853,0.0,0.0562144338669361
database1/img00010537.webp,0.013696,0.0,0.0375029219261336
database1/img00010580.webp,0.154987,1.0,0.0358035226652102
database1/img00010612.webp,0.334599,0.0,0.0429705557230428
database1/img00010629.webp,0.060911,0.0,0.0296090626388271
database1/img00010643.webp,0.114721,1.0,0.0343300880853036
database1/img00010674.webp,0.023709,0.0,0.0291366135828036
database1/img00010757.webp,0.206361,0.0,0.0387230061588835
database1/img00010780.webp,0.013969,0.0,0.0349582256416421
database1/img00010790.webp,0.031334,0.0,0.0308026607538802
database1/img00010806.webp,0.065196,0.0,0.0349702836835977
database1/img00010887.webp,0.081617,0.0,0.0346228686388971
database1/img00010888.webp,0.233141,1.0,0.0512357971184256
database1/img00010982.webp,0.00745,1.0,0.041826691886
database1/img00010983.webp,0.20866,0.0,0.0375071774259699
database1/img00011118.webp,0.178597,1.0,0.064253206454282
database1/img00011128.webp,0.27358,1.0,0.0411579751156627
database1/img00011142.webp,0.28074,1.0,0.0479649372186685
database1/img00011296.webp,0.108452,1.0,0.0453059748117457
database1/img00011507.webp,0.092578,0.0,0.0329133858267716
database1/img00011516.webp,0.087323,0.0,0.0345651194231635
database1/img00011597.webp,0.091441,0.0,0.0346645199677995
database1/img00011619.webp,0.253533,0.0,0.0449019854762204
database1/img00011623.webp,0.079619,0.0,0.0311995368818743
database1/img00011711.webp,0.412517,0.0,0.0577438848920862
database1/img00011737.webp,0.360567,0.0,0.0470833816537167
database1/img00011787.webp,0.009168,1.0,0.0330459351606419
database1/img00011827.webp,0.096535,0.0,0.0371045538374237
database1/img00011910.webp,0.153312,0.0,0.0326763586691384
database1/img00011946.webp,0.118833,0.0,0.0368264110756123
database1/img00011981.webp,0.044401,1.0,0.0367133570136049
database1/img00011982.webp,0.064973,1.0,0.03239644515514
database1/img00012046.webp,0.013245,1.0,0.0371954587296716
database1/img00012050.webp,0.169118,0.0,0.0330985915492957
database1/img00012055.webp,0.118938,0.0,0.0371917985984946
database1/img00012083.webp,0.105677,1.0,0.0334095595126522
database1/img00012173.webp,0.148639,0.0,0.0358138989804289
database1/img00012174.webp,0.13274,0.0,0.0362168874172184
database1/img00012175.webp,0.161502,0.0,0.0420777251184833
database1/img00012194.webp,0.057599,0.0,0.0361113045900954
database1/img00012259.webp,0.022948,1.0,0.0588776368859355
database1/img00012293.webp,0.081765,0.0,0.0372337966784428
database1/img00012367.webp,0.265563,0.0,0.0502858389701069
database1/img00012402.webp,0.08769,0.0,0.0366085220208717
database1/img00012413.webp,0.178087,0.0,0.036746397042179
database1/img00012417.webp,0.047864,1.0,0.0334625242232918
database1/img00012444.webp,0.279593,0.0,0.0431413038897551
database1/img00012509.webp,0.14518,0.0,0.0294305301024909
database1/img00012555.webp,0.159567,0.0,0.0401634723788049
database1/img00012681.webp,0.00788,1.0,0.0312519199084028
database1/img00012805.webp,0.03627,0.0,0.0357327176422653
database1/img00012844.webp,0.027729,1.0,0.037112831858407
database1/img00012874.webp,0.002528,1.0,0.0583097928436911
database1/img00012883.webp,0.105193,1.0,0.0329089192093522
database1/img00012980.webp,0.021348,1.0,0.0364042882531673
database1/img00013033.webp,0.378744,0.0,0.0487903803025241
database1/img00013074.webp,0.20406,0.0,0.0498125234345706
database1/img00013089.webp,0.0,1.0,0.0250425784890259
database1/img00013099.webp,0.124905,0.0,0.050867888138862
database1/img00013109.webp,0.255454,0.0,0.0867925546263824
database1/img00013151.webp,0.003784,1.0,0.0310992591035678
database1/img00013182.webp,0.112701,0.0,0.0338884341749039
database1/img00013213.webp,0.208104,1.0,0.0441751767478396
database1/img00013311.webp,0.021686,1.0,0.0360154667648683
database1/img00013313.webp,0.096531,0.0,0.0417551381516264
database1/img00013345.webp,0.111239,1.0,0.0401607322245786
database1/img00013392.webp,0.234015,0.0,0.0376034248548964
database1/img00013433.webp,0.013693,1.0,0.0368485342019543
database1/img00013450.webp,0.007936,1.0,0.0325122876000561
database1/img00013515.webp,0.055869,0.0,0.0350984739793921
database1/img00013591.webp,0.097683,0.0,0.03158213329935
database1/img00013659.webp,0.005492,0.0,0.0370198872068862
database1/img00013777.webp,0.039118,0.0,0.0335578511058579
database1/img00013856.webp,0.08085,0.0,0.0422954933602871
database1/img00013896.webp,0.155239,0.0,0.0395490840770314
database1/img00013978.webp,0.216187,1.0,0.0361549497847918
database1/img00014030.webp,0.009111,0.0,0.0397558561530846
database1/img00014146.webp,0.019737,0.0,0.035743370402053
database1/img00014277.webp,0.009327,1.0,0.0414262183346585
database1/img00014440.webp,0.313716,0.0,0.0509103927986906
database1/img00014506.webp,0.002933,0.0,0.0353822089621411
database1/img00014634.webp,0.124116,1.0,0.036234458259325
database1/img00014645.webp,0.294956,1.0,0.0467366616670237
database1/img00014657.webp,0.009173,1.0,0.0288593277043172
database1/img00014808.webp,0.222577,0.0,0.0441759813330321
database1/img00014845.webp,0.184098,0.0,0.03884900990099
database1/img00014912.webp,0.085464,0.0,0.0374743215482754
database1/img00014924.webp,0.071344,1.0,0.0431056282677783
database1/img00015038.webp,0.222266,1.0,0.0421095367626161
database1/img00015081.webp,0.134204,0.0,0.0519731013932511
database1/img00015348.webp,0.225921,0.0,0.0460956832554302
database1/img00015359.webp,0.033386,0.0,0.0339680403700588
database1/img00015476.webp,0.164199,0.0,0.0549079539066891
database1/img00015498.webp,0.128891,0.0,0.0310123986497144
database1/img00015505.webp,0.086803,0.0,0.0355699805609552
database1/img00015509.webp,0.096299,1.0,0.044111372265413
database1/img00015766.webp,0.128287,0.0,0.0338700779256602
database1/img00015784.webp,0.198335,0.0,0.0353299579507422
database1/img00015947.webp,0.126497,0.0,0.0346428976950153
database1/img00016004.webp,0.076385,0.0,0.0360961066292528
database1/img00016096.webp,0.018479,1.0,0.0342155070092707
database1/img00016164.webp,0.009807,1.0,0.0338117678739732
database1/img00016181.webp,0.000908,1.0,0.0281743206360507
database1/img00016288.webp,0.368142,0.0,0.0580430736506247
database1/img00016296.webp,0.233928,0.0,0.0373057376445459
database1/img00016398.webp,0.070727,0.0,0.0365283440747073
database1/img00016442.webp,0.050167,0.0,0.0339678394722374
database1/img00016457.webp,0.145227,1.0,0.0369597888640444
database1/img00016490.webp,0.091022,0.0,0.0295854610041548
database1/img00016497.webp,0.144198,0.0,0.0383230411420322
database1/img00016611.webp,0.10049,0.0,0.0352906635349383
database1/img00016679.webp,0.001846,0.0,0.0352047535912278
database1/img00016886.webp,0.012909,1.0,0.0317213002331641
database1/img00016934.webp,0.076123,1.0,0.0310769524536948
database1/img00016955.webp,0.030027,1.0,0.0441353644305673
database1/img00017135.webp,0.137474,0.0,0.034716647641492
database1/img00017144.webp,0.291437,0.0,0.0402654137817342
database1/img00017157.webp,0.097188,0.0,0.0342846688620562
database1/img00017237.webp,0.019539,0.0,0.032120531650179
database1/img00017467.webp,0.193369,0.0,0.0457829657654331
database1/img00017485.webp,0.231654,0.0,0.0634019755566716
database1/img00017623.webp,0.273226,0.0,0.0386167389747693
database1/img00017648.webp,0.013591,1.0,0.0286137163867509
database1/img00017737.webp,0.0127,1.0,0.0372184052774203
database1/img00017893.webp,0.369649,0.0,0.0414903664525877
database1/img00018025.webp,0.125656,0.0,0.0321962088877729
database1/img00018042.webp,0.016056,1.0,0.0326927026789119
database1/img00018045.webp,0.096288,0.0,0.0339952239196571
database1/img00018076.webp,0.184672,1.0,0.0369006337438717
database1/img00018117.webp,0.020611,0.0,0.0394581127374649
database1/img00018133.webp,0.049189,0.0,0.0353433005030822
database1/img00018173.webp,0.28192,0.0,0.0440777792213415
database1/img00018225.webp,0.130293,0.0,0.031578947368421
database1/img00018284.webp,0.238474,0.0,0.0412097552416878
database1/img00018380.webp,0.182421,0.0,0.0347404895860501
database1/img00018422.webp,0.021826,0.0,0.0349000818752463
database1/img00018465.webp,0.041569,1.0,0.0373909430826755
database1/img00018500.webp,0.147015,0.0,0.0331778275722734
database1/img00018591.webp,0.11045,0.0,0.0398409363745497
database1/img00018619.webp,0.026771,1.0,0.0374776606889751
database1/img00018643.webp,0.14475,0.0,0.0375219056273122
database1/img00018689.webp,0.008002,0.0,0.0355675948091217
database1/img00018779.webp,0.045676,1.0,0.0342489546477966
database1/img00018873.webp,0.099329,0.0,0.0332210655235762
database1/img00018963.webp,0.0236,1.0,0.0933723372337233
database1/img00019125.webp,0.039224,1.0,0.0409935471318784
database1/img00019151.webp,0.151887,0.0,0.0479399323181048
database1/img00019162.webp,0.357571,0.0,0.0471715276593325
database1/img00019165.webp,0.070241,1.0,0.0402179916780203
database1/img00019172.webp,0.017685,0.0,0.0283050013031768
database1/img00019200.webp,0.017214,1.0,0.0334442702166468
database1/img00019353.webp,0.013152,0.0,0.0332752346879491
database1/img00019360.webp,0.02429,1.0,0.0327881116740911
database1/img00019362.webp,0.226958,0.0,0.0355777724243153
database1/img00019406.webp,0.122785,0.0,0.0338485783261802
database1/img00019511.webp,0.00639,1.0,0.0322419970289242
database1/img00019553.webp,0.097165,0.0,0.0327933520871729
database1/img00019616.webp,0.008603,1.0,0.0410957265468464
database1/img00019625.webp,0.044642,1.0,0.0433375458496439
database1/img00019811.webp,0.135181,0.0,0.0354040055248618
database1/img00019846.webp,0.085115,0.0,0.035837772813198
database1/img00019883.webp,0.295134,0.0,0.0580837690804415
database1/img00019956.webp,0.121542,0.0,0.0350751004865664
database1/img00020019.webp,0.245216,0.0,0.0396497811131957
database1/img00020092.webp,0.229511,0.0,0.0470120868903726
database1/img00020095.webp,0.369647,0.0,0.0432919225973305
database1/img00020106.webp,0.016139,1.0,0.0283992622742304
database1/img00020280.webp,0.093764,0.0,0.0353922469226529
database1/img00020383.webp,0.174486,0.0,0.0373850415512465
database1/img00020425.webp,0.105022,0.0,0.0323298474198525
database1/img00020495.webp,0.101841,0.0,0.0361419297221172
database1/img00020506.webp,0.143822,0.0,0.0376574451082613
database1/img00020690.webp,0.113169,0.0,0.0315398822176533
database1/img00020757.webp,0.123725,0.0,0.0360094761779415
database1/img00020765.webp,0.148549,0.0,0.0355772513142623
database1/img00020799.webp,0.406729,0.0,0.0604242025649457
database1/img00020831.webp,0.0,1.0,0.0221570133661084
database1/img00020839.webp,0.164052,0.0,0.0335764304633358
database1/img00020840.webp,0.164657,0.0,0.0386737089201877
database1/img00020876.webp,0.039848,0.0,0.0359890023069872
database1/img00020958.webp,0.18413,1.0,0.0357626926134857
database1/img00021024.webp,0.011248,1.0,0.0388054059162649
database1/img00021028.webp,0.079159,0.0,0.0303715015894782
database1/img00021119.webp,0.231027,0.0,0.0291187201796238
database1/img00021174.webp,0.029653,1.0,0.0350177678732758
database1/img00021203.webp,0.100309,1.0,0.0663647418962552
database1/img00021240.webp,0.12352,0.0,0.0374450367718587
database1/img00021256.webp,0.115372,0.0,0.0338788102343985
database1/img00021294.webp,0.230757,0.0,0.04447491980847
database1/img00021336.webp,0.216002,0.0,0.0379179300586213
database1/img00021374.webp,0.038864,0.0,0.0342804559103677
database1/img00021382.webp,0.023478,1.0,0.0715705399536235
database1/img00021398.webp,0.118902,0.0,0.0817181143814309
database1/img00021523.webp,0.125539,0.0,0.0352045924838127
database1/img00021529.webp,0.020743,0.0,0.0358003611886389
database1/img00021585.webp,0.323915,0.0,0.0387539070639716
database1/img00021592.webp,0.053661,1.0,0.0401371508026797
database1/img00021620.webp,0.012103,1.0,0.0398694621471013
database1/img00021622.webp,0.258145,0.0,0.0409596519312071
database1/img00021629.webp,0.347567,0.0,0.0495968379446639
database1/img00021724.webp,0.117861,0.0,0.0368392581143739
database1/img00021737.webp,0.042247,1.0,0.0350616220514179
database1/img00021763.webp,0.319156,0.0,0.0599143084894379
database1/img00021881.webp,0.200485,0.0,0.0338664191625316
database1/img00021891.webp,0.158308,0.0,0.0358246483492456
database1/img00022037.webp,0.280548,0.0,0.0481804074685888
database1/img00022062.webp,0.084716,1.0,0.0321308045356371
database1/img00022089.webp,0.105552,0.0,0.0355138192295378
database1/img00022098.webp,0.019455,1.0,0.0352761080838154
database1/img00022099.webp,0.017022,1.0,0.0409934022158595
database1/img00022106.webp,0.009696,1.0,0.0352847551799976
database1/img00022110.webp,0.247685,0.0,0.0585240047612749
database1/img00022174.webp,0.246505,1.0,0.0426242902079333
database1/img00022220.webp,0.197348,0.0,0.0682863979385237
database1/img00022367.webp,0.130304,0.0,0.0376718005387112
database1/img00022458.webp,0.178211,1.0,0.0292404084787826
database1/img00022462.webp,0.147091,1.0,0.03658010032383
database1/img00022521.webp,0.025301,1.0,0.0324072529061682
database1/img00022669.webp,0.094607,1.0,0.0838806787082648
database1/img00022715.webp,0.056654,0.0,0.0276341948310138
database1/img00022789.webp,0.207616,0.0,0.0647351325339856
database1/img00022833.webp,0.037262,1.0,0.0375174973143656
database1/img00022848.webp,0.082086,0.0,0.0349109111912345
database1/img00022964.webp,0.170935,0.0,0.0382173984542015
database1/img00023014.webp,0.001544,1.0,0.0873147100629477
database1/img00023146.webp,0.103648,1.0,0.0414609822986785
database1/img00023176.webp,0.028973,1.0,0.05740785023742
database1/img00023181.webp,0.102577,0.0,0.0369170984455958
database1/img00023337.webp,0.089515,0.0,0.0314573573766283
database1/img00023439.webp,0.005019,1.0,0.0345050928538793
database1/img00023478.webp,0.105124,0.0,0.0310920137249346
database1/img00023517.webp,0.050744,0.0,0.0364655997811516
database1/img00023568.webp,0.010958,1.0,0.040439600363306
database1/img00023725.webp,0.203847,0.0,0.035267370636203
database1/img00023876.webp,0.079286,0.0,0.0331667423898227
database1/img00023903.webp,0.124474,0.0,0.0281287170090332
database1/img00024004.webp,0.151347,0.0,0.03706750077232
database1/img00024033.webp,0.008003,1.0,0.0379599258414146
database1/img00024054.webp,0.158105,0.0,0.0356453626972414
database1/img00024075.webp,0.098827,0.0,0.0359011627906976
database1/img00024097.webp,0.056329,1.0,0.033920279240814
database1/img00024151.webp,0.223931,0.0,0.0337653990358864
database1/img00024251.webp,0.125194,0.0,0.0355773389073085
database1/img00024286.webp,0.203387,0.0,0.0602869083018564
database1/img00024330.webp,0.039351,0.0,0.0432450157397691
database1/img00024429.webp,0.001011,1.0,0.0251527170608841
database1/img00024472.webp,0.231978,0.0,0.0422370324900249
database1/img00024480.webp,0.229159,0.0,0.0325224120757029
database1/img00024496.webp,0.010786,0.0,0.0394453795897406
database1/img00024553.webp,0.040348,1.0,0.0376866037304412
database1/img00024607.webp,0.016616,1.0,0.0402506176146679
database1/img00024687.webp,0.27365,0.0,0.0428510034810262
database1/img00024753.webp,0.192923,0.0,0.0394620667102681
database1/img00024774.webp,0.053221,0.0,0.0352488035140627
database1/img00025064.webp,0.015037,0.0,0.0281275599765944
database1/img00025075.webp,0.298755,0.0,0.0477986001354707
database1/img00025133.webp,0.155681,1.0,0.0404752150757885
database1/img00025166.webp,0.014644,0.0,0.0380330213208527
database1/img00025308.webp,0.026547,1.0,0.0365396322902714
database1/img00025347.webp,0.003317,1.0,0.0387713211910956
database1/img00025392.webp,0.084647,0.0,0.036383233532934
database1/img00025465.webp,0.083236,0.0,0.0480446927374301
database1/img00025509.webp,0.003962,0.0,0.0394302045190675
database1/img00025534.webp,0.073372,0.0,0.0331540702327219
database1/img00025566.webp,0.059194,1.0,0.0391087876524769
database1/img00025641.webp,0.045629,1.0,0.0405561217989552
database1/img00025678.webp,0.113275,0.0,0.0369675242513707
database1/img00025969.webp,0.033245,1.0,0.0359560067681894
database1/img00026052.webp,0.217685,0.0,0.0396194624804799
database1/img00026073.webp,0.052874,0.0,0.0329391891891891
database1/img00026088.webp,0.15625,0.0,0.0394424452992513
database1/img00026103.webp,0.013345,1.0,0.0412037734711714
database1/img00026169.webp,0.063574,1.0,0.047454216826382
database1/img00026178.webp,0.317092,0.0,0.0480043431053202
database1/img00026249.webp,0.008453,1.0,0.0411819353291976
database1/img00026281.webp,0.219012,1.0,0.0426652712366997
database1/img00026282.webp,0.011198,1.0,0.0386048838445423
database1/img00026305.webp,0.138547,1.0,0.0392526529690674
database1/img00026333.webp,0.154155,0.0,0.0352984825436871
database1/img00026341.webp,0.145098,0.0,0.0750622944283863
database1/img00026380.webp,0.102089,0.0,0.0383869703125556
database1/img00026418.webp,0.030072,1.0,0.0354909832828747
database1/img00026462.webp,0.007743,0.0,0.0336988441112152
database1/img00026473.webp,0.0,1.0,0.0326579381373901
database1/img00026493.webp,0.222605,0.0,0.0372799545712663
database1/img00026505.webp,0.024604,1.0,0.0417853751187083
database1/img00026554.webp,0.005176,1.0,0.0377287687244317
database1/img00026653.webp,0.0,0.0,0.0197302553964862
database1/img00026673.webp,0.305916,0.0,0.0404663923182441
database1/img00026714.webp,0.210407,0.0,0.0385393400480424
database1/img00026908.webp,0.046474,0.0,0.0364020159706767
database1/img00027013.webp,0.003769,0.0,0.0318257273495063
database1/img00027032.webp,0.007456,0.0,0.0401596508355825
database1/img00027062.webp,0.046983,1.0,0.0357166611240438
database1/img00027147.webp,0.083316,1.0,0.0430951512942033
database1/img00027201.webp,0.173566,0.0,0.0360051637131791
database1/img00027213.webp,0.102301,0.0,0.0365600208573875
database1/img00027267.webp,0.025949,0.0,0.0333650939676698
database1/img00027278.webp,0.04282,0.0,0.0361169313957417
database1/img00027291.webp,0.037481,1.0,0.0381210653753026
database1/img00027300.webp,0.162757,0.0,0.0375197889182057
database1/img00027329.webp,0.120534,0.0,0.0246394397448342
database1/img00027355.webp,0.012954,0.0,0.0361302526685582
database1/img00027400.webp,0.093064,1.0,0.1014636138069662
database1/img00027672.webp,0.024684,0.0,0.0341480694296847
database1/img00027691.webp,0.263468,1.0,0.0454993336833177
database1/img00027708.webp,0.011879,1.0,0.0540021560436598
database1/img00027826.webp,0.008279,1.0,0.0356980261311546
database1/img00027870.webp,0.156292,0.0,0.038862632084534
database1/img00027888.webp,0.010368,1.0,0.0381659009064944
database1/img00027943.webp,0.005057,1.0,0.0425469392805221
database1/img00027980.webp,0.1488,0.0,0.0365730040952032
database1/img00028069.webp,0.00506,1.0,0.0414434604168916
database1/img00028087.webp,0.001205,1.0,0.0230637196651614
database1/img00028101.webp,0.0173,1.0,0.0330903347305752
database1/img00028174.webp,0.122309,0.0,0.0360762486812906
database1/img00028222.webp,0.107143,0.0,0.0327341467606117
database1/img00028224.webp,0.146398,0.0,0.0419029685423127
database1/img00028300.webp,0.012183,0.0,0.0355324614666043
database1/img00028356.webp,0.152613,0.0,0.0265855777584708
database1/img00028517.webp,0.382837,0.0,0.0494552871911361
database1/img00028551.webp,0.203166,0.0,0.0535333978702806
database1/img00028578.webp,0.061325,0.0,0.0331939743844979
database1/img00028581.webp,0.020189,1.0,0.0337078651685392
database1/img00028723.webp,0.12276,0.0,0.0385952630964881
database1/img00028742.webp,0.061928,0.0,0.02896254477023
database1/img00028757.webp,0.031527,1.0,0.038103190141656
database1/img00028784.webp,0.01652,0.0,0.0338379133674894
database1/img00028843.webp,0.045216,1.0,0.0487157908910357
database1/img00028942.webp,0.085705,0.0,0.0290778125296179
database1/img00029059.webp,0.201976,0.0,0.0390102507006564
database1/img00029154.webp,0.027398,0.0,0.0627030351264334
database1/img00029252.webp,0.011317,1.0,0.0407245235470152
database1/img00029315.webp,0.223811,0.0,0.0439563862928348
database1/img00029326.webp,0.073163,0.0,0.031781597334827
database1/img00029393.webp,0.181547,0.0,0.0365729617171231
database1/img00029479.webp,0.172507,1.0,0.0426002133821063
database1/img00029527.webp,9.6e-05,1.0,0.0243693121418755
database1/img00029586.webp,0.049823,0.0,0.0369634286486851
database1/img00029691.webp,0.030185,1.0,0.0428205848391223
database1/img00029706.webp,0.21533,1.0,0.0953125803961924
database1/img00029758.webp,0.113217,0.0,0.034592084006462
database1/img00029778.webp,0.154551,0.0,0.0476689976689976
database1/img00029960.webp,0.383842,0.0,0.0476107530627648
database2/database2/test/148.webp,0.048036,1.0,0.034503143473773
database2/database2/test/190.webp,0.086509,1.0,0.0756632010816354
database2/database2/test/216.webp,0.245817,0.0,0.033176648478075
database2/database2/test/232.webp,0.275174,0.0,0.0350648514692156
database2/database2/test/239.webp,0.175156,0.0,0.0397002980686782
database2/database2/test/266.webp,0.213241,0.0,0.0387674628210905
database2/database2/test/34.webp,0.050154,0.0,0.0296097841552386
database2/database2/test/453.webp,0.089504,1.0,0.0216696957959657
database2/database2/test/472.webp,0.226614,1.0,0.051521761711852
database2/database2/test/91.webp,0.465517,1.0,0.0418340731249713
database2/database2/train/1009.webp,0.104761,1.0,0.0513420302893986
database2/database2/train/1240.webp,0.146101,0.0,0.0384371869364856
database2/database2/train/1258.webp,0.246853,0.0,0.103776200962401
database2/database2/train/127.webp,0.075508,0.0,0.0271969629563721
database2/database2/train/1279.webp,0.000502,1.0,0.076358443677905
database2/database2/train/1311.webp,0.172932,1.0,0.1191533180778031
database2/database2/train/174.webp,0.051776,1.0,0.1230854197349041
database2/database2/train/203.webp,0.050641,1.0,0.0378234582829503
database2/database2/train/219.webp,0.142928,0.0,0.0431455897980871
database2/database2/train/233.webp,0.281943,1.0,0.04874314084139
database2/database2/train/26.webp,0.011878,0.0,0.0297123341652436
database2/database2/train/34.webp,0.095641,0.0,0.0391054529067146
database2/database2/train/433.webp,0.036418,1.0,0.0395807560137456
database2/database2/train/436.webp,0.026337,1.0,0.0262999077980497
database2/database2/train/515.webp,0.012181,1.0,0.0367589893100096
database2/database2/train/547.webp,0.0,1.0,0.0217898705130306
database2/database2/train/613.webp,0.048432,0.0,0.0318672082924778
database2/database2/train/624.webp,0.123039,1.0,0.0658436436328272
database2/database2/train/650.webp,0.113219,0.0,0.0365063222482117
database2/database2/train/766.webp,0.167917,0.0,0.0488448992358907
database2/database2/train/814.webp,0.3,0.0,0.0490734492603166
database2/database2/train/846.webp,0.020085,1.0,0.0389926997521933
database2/database2/train/900.webp,0.417188,1.0,0.0456633394708789
database2/database2/train/928.webp,0.09983,0.0,0.0360449454132992
database2/database2/train/97.webp,0.048559,1.0,0.0394056246260221
database2/database2/train/992.webp,0.32608,0.0,0.0498685154195553
database3/database3/m.0109kg/59-FaceId-0_align.webp,0.264823,0.0,0.0465276720945568
database3/database3/m.010bk0/59-FaceId-0_align.webp,0.021845,1.0,0.0731856436577725
database3/database3/m.010ngb/60-FaceId-0_align.webp,0.012915,1.0,0.0311808223891724
database3/database3/m.010p3/45-FaceId-0_align.webp,0.01465,1.0,0.0436368567360498
database3/database3/m.010p3/69-FaceId-0_align.webp,0.027584,1.0,0.0390411411213101
database3/database3/m.010p3/82-FaceId-0_align.webp,0.013896,1.0,0.03379069141781
database3/database3/m.010wty2t/83-FaceId-1_align.webp,0.168202,1.0,0.0538620771232552
database3/database3/m.0112yl/20-FaceId-0_align.webp,0.035573,1.0,0.0496805166994784
database3/database3/m.01167d3z/34-FaceId-0_align.webp,0.37993,1.0,0.0503509963768115
database3/database3/m.01167d3z/74-FaceId-0_align.webp,0.319357,1.0,0.0441604163477728
database3/database3/m.011_0k/17-FaceId-0_align.webp,0.022011,1.0,0.0357681512292448
database3/database3/m.011_0k/3-FaceId-0_align.webp,0.017225,1.0,0.0401149389962813
database3/database3/m.011_0k/43-FaceId-0_align.webp,0.025252,1.0,0.0374908069800093
database3/database3/m.011_0k/77-FaceId-0_align.webp,0.126436,1.0,0.0929957198287931
database3/database3/m.011_2h/101-FaceId-0_align.webp,0.183945,0.0,0.0459836225385064
database3/database3/m.011_2h/18-FaceId-0_align.webp,0.139464,0.0,0.073381531383503
database3/database3/m.011_2h/21-FaceId-0_align.webp,0.028243,0.0,0.0393212535274022
database3/database3/m.011_3d/107-FaceId-0_align.webp,0.091414,1.0,0.0449577025823685
database3/database3/m.011_3d/31-FaceId-0_align.webp,0.156269,1.0,0.0454241924453919
database3/database3/m.011_3d/35-FaceId-0_align.webp,0.154662,1.0,0.2156835530881332
database3/database3/m.011_3s/106-FaceId-0_align.webp,0.132155,0.0,0.0409864010000378
database3/database3/m.011_3s/93-FaceId-0_align.webp,0.255275,0.0,0.0476133934932319
database3/database3/m.011_8/14-FaceId-0_align.webp,0.108434,1.0,0.0369869644894712
database3/database3/m.011_nf/83-FaceId-0_align.webp,0.036792,1.0,0.0389384302668676
database3/database3/m.011_pk/73-FaceId-0_align.webp,0.106935,1.0,0.0454243096149969
database3/database3/m.011_pk/98-FaceId-0_align.webp,0.021278,1.0,0.0285256003049167
database3/database3/m.011_r9/15-FaceId-0_align.webp,0.000453,1.0,0.0310608212606129
database3/database3/m.011_r9/35-FaceId-0_align.webp,0.0,1.0,0.0162795992714025
database3/database3/m.011h_w/16-FaceId-0_align.webp,0.023388,1.0,0.0700363741131558
database3/database3/m.011h_w/57-FaceId-0_align.webp,0.034974,1.0,0.056847740173888
database3/database3/m.011hdn/3-FaceId-0_align.webp,0.144586,1.0,0.0595475780673715
database3/database3/m.011hm1/28-FaceId-0_align.webp,0.045589,0.0,0.049340749896992
database3/database3/m.011hm1/59-FaceId-0_align.webp,0.308314,0.0,0.0404912972648546
database3/database3/m.011hmd/24-FaceId-0_align.webp,0.029049,1.0,0.0548401715062571
database3/database3/m.011jfg/102-FaceId-0_align.webp,0.016853,0.0,0.0370418891035927
database3/database3/m.011jfg/64-FaceId-0_align.webp,0.014724,0.0,0.0387775044647369
database3/database3/m.011kd9/42-FaceId-0_align.webp,0.092666,1.0,0.0
database3/database3/m.011kd9/48-FaceId-0_align.webp,0.021031,1.0,0.0830299109755721
database3/database3/m.011l17/115-FaceId-0_align.webp,0.008147,1.0,0.0382354185171086
database3/database3/m.011l17/73-FaceId-0_align.webp,0.013848,1.0,0.0387104781408048
database3/database3/m.011l17/78-FaceId-0_align.webp,0.000371,1.0,0.0335368905796375
database3/database3/m.011lf5/30-FaceId-0_align.webp,0.003745,1.0,0.0374379435324215
database3/database3/m.011lhy/14-FaceId-0_align.webp,0.06605,1.0,0.0217363594518995
database3/database3/m.011m1y/65-FaceId-0_align.webp,0.010331,1.0,0.0679318820224718
database3/database3/m.011m1y/93-FaceId-0_align.webp,0.010174,1.0,0.0305741639771093
database3/database3/m.011m33/35-FaceId-0_align.webp,0.10764,0.0,0.0317119011213047
database3/database3/m.011m33/96-FaceId-0_align.webp,0.077455,0.0,0.0462660702051343
database3/database3/m.011m33/98-FaceId-0_align.webp,0.093352,0.0,0.0769432187363622
database3/database3/m.011p3/100-FaceId-0_align.webp,0.261068,0.0,0.0486397431564717
database3/database3/m.011p3/38-FaceId-0_align.webp,0.260325,0.0,0.0371195982958003
database3/database3/m.011qm2/8-FaceId-0_align.webp,0.02115,1.0,0.0336990642470626
database3/database3/m.011w1b/4-FaceId-0_align.webp,0.011173,0.0,0.0353713378744791
database3/database3/m.011w1b/5-FaceId-0_align.webp,0.149673,0.0,0.0372865056162486
database3/database3/m.011w1b/65-FaceId-0_align.webp,0.028609,0.0,0.0350828632493605
database3/database3/m.011w1b/75-FaceId-0_align.webp,0.102741,0.0,0.0364926839921379
database3/database3/m.011xgp/24-FaceId-0_align.webp,0.060348,1.0,0.0427899173418445
database3/database3/m.011xgp/72-FaceId-0_align.webp,0.024118,1.0,0.0629310070361997
database3/database3/m.011xjd/62-FaceId-0_align.webp,0.025855,1.0,0.0431446291897597
database3/database3/m.011xl3/35-FaceId-0_align.webp,0.101991,1.0,0.0454936727486756
database3/database3/m.011xl3/86-FaceId-0_align.webp,0.095741,1.0,0.075179296638728
database3/database3/m.011xl3/92-FaceId-0_align.webp,0.15032,1.0,0.0430513001806897
database3/database3/m.011xl3/99-FaceId-0_align.webp,0.04585,1.0,0.0368939466386152
database3/database3/m.011xll/89-FaceId-0_align.webp,0.057752,1.0,0.0647543092359145
database3/database3/m.011ybj/52-FaceId-0_align.webp,0.042728,1.0,0.0351549942594718
database3/database3/m.011ybj/61-FaceId-0_align.webp,0.033422,1.0,0.0333790999237222
database3/database3/m.011yx0/17-FaceId-0_align.webp,0.03676,1.0,0.0383189002993914
database3/database3/m.011yx0/7-FaceId-0_align.webp,0.025923,1.0,0.0339149400218102
database3/database3/m.011z69/22-FaceId-0_align.webp,0.003956,1.0,0.0252895967921585
database3/database3/m.011z69/27-FaceId-0_align.webp,0.057013,1.0,0.0288078204358035
database3/database3/m.011z69/67-FaceId-0_align.webp,0.026898,1.0,0.0335221238938052
database3/database3/m.011zfk/22-FaceId-0_align.webp,0.214757,1.0,0.0294930010883025
database3/database3/m.011zfz/75-FaceId-0_align.webp,0.159958,0.0,0.0388232356857522
database3/database3/m.011zg9/22-FaceId-0_align.webp,0.107141,0.0,0.0308420027029574
database3/database3/m.011zg9/39-FaceId-0_align.webp,0.053582,0.0,0.0320969305331179
database3/database3/m.011zgs/52-FaceId-0_align.webp,0.127677,0.0,0.0611710751841385
database3/database3/m.011zkh/84-FaceId-0_align.webp,0.008351,1.0,0.0330806585336965
database3/database3/m.011zwl/37-FaceId-0_align.webp,0.073722,1.0,0.0361604019589136
database3/database3/m.01200d/24-FaceId-0_align.webp,0.036817,1.0,0.0289448551519224
database3/database3/m.01200d/80-FaceId-0_align.webp,0.017066,1.0,0.0330479562278724
database3/database3/m.012052/1-FaceId-0_align.webp,0.109494,1.0,0.0355047272490983
database3/database3/m.012052/30-FaceId-0_align.webp,0.193814,1.0,0.0981964459375828
database3/database3/m.012052/63-FaceId-0_align.webp,0.135953,1.0,0.0490681921875548
database3/database3/m.0122lq/12-FaceId-0_align.webp,0.034174,1.0,0.0252138933085166
database3/database3/m.0122lq/62-FaceId-0_align.webp,0.002899,1.0,0.0576012250275986
database3/database3/m.0122lq/73-FaceId-0_align.webp,0.026793,1.0,0.0326294389612092
database3/database3/m.0122m5/94-FaceId-0_align.webp,0.003731,1.0,0.0807794803464356
database3/database3/m.01233w/1-FaceId-0_align.webp,0.049894,1.0,0.0322071796128399
database3/database3/m.01233w/25-FaceId-0_align.webp,0.043404,1.0,0.0416254766275949
database3/database3/m.01239/57-FaceId-0_align.webp,0.01656,1.0,0.0415096761770274
database3/database3/m.01239/68-FaceId-0_align.webp,0.012855,1.0,0.0355025940337224
database3/database3/m.0123x2/101-FaceId-0_align.webp,0.244668,1.0,0.0466227509586077
database3/database3/m.01241v/54-FaceId-0_align.webp,0.010871,1.0,0.0308073508156101
database3/database3/m.0124t/70-FaceId-0_align.webp,0.066352,0.0,0.0588006970849175
database3/database3/m.01257s/41-FaceId-1_align.webp,0.025408,1.0,0.036913181221799
database3/database3/m.0126rp/46-FaceId-0_align.webp,0.064149,1.0,0.0323227834037014
database3/database3/m.0126rp/48-FaceId-0_align.webp,0.020111,1.0,0.0327703538728037
database3/database3/m.0126y2/49-FaceId-0_align.webp,0.042913,1.0,0.0365248473070515
database3/database3/m.0126y2/81-FaceId-0_align.webp,0.011658,1.0,0.0736937576402854
database3/database3/m.0126y2/92-FaceId-0_align.webp,0.2594,1.0,0.053522678582359
database3/database3/m.01270s/15-FaceId-0_align.webp,0.00523,1.0,0.0260217245882839
database3/database3/m.01270s/43-FaceId-0_align.webp,0.024273,1.0,0.0352334810844242
database3/database3/m.01271_/40-FaceId-0_align.webp,0.046844,0.0,0.0371940251818252
database3/database3/m.01271_/42-FaceId-0_align.webp,0.082785,0.0,0.0472372100350517
database3/database3/m.01271_/92-FaceId-0_align.webp,0.131196,0.0,0.0366600564411562
database3/database3/m.0127fx/6-FaceId-0_align.webp,0.010653,1.0,0.0341865378810745
database3/database3/m.0127gn/12-FaceId-0_align.webp,0.02417,1.0,0.0279119631708393
database3/database3/m.0127tk/114-FaceId-0_align.webp,0.088119,1.0,0.0322030975130212
database3/database3/m.0127tk/121-FaceId-0_align.webp,0.110272,1.0,0.0437522457779374
database3/database3/m.0127tk/32-FaceId-0_align.webp,0.044592,1.0,0.0380513138516393
database3/database3/m.0127tk/61-FaceId-0_align.webp,0.157887,1.0,0.0433658816771969
database3/database3/m.0127tk/75-FaceId-0_align.webp,0.118857,1.0,0.0460290085787564
database3/database3/m.0127tk/83-FaceId-0_align.webp,0.180049,1.0,0.035193038091375
database3/database3/m.0127zt/62-FaceId-0_align.webp,0.099007,0.0,0.0371529091321782
database3/database3/m.012801/76-FaceId-0_align.webp,0.060329,1.0,0.0337984912186539
database3/database3/m.012981/36-FaceId-0_align.webp,0.038673,1.0,0.0266203860480866
database3/database3/m.012_53/112-FaceId-0_align.webp,0.081654,0.0,0.0320796044808811
database3/database3/m.012_53/73-FaceId-0_align.webp,0.056783,0.0,0.0340508411968165
database3/database3/m.012_jj/10-FaceId-0_align.webp,0.005143,1.0,0.0308955182767263
database3/database3/m.012_jj/103-FaceId-0_align.webp,0.04174,1.0,0.023577944179714
database3/database3/m.012_jj/83-FaceId-0_align.webp,0.123978,1.0,0.033158951446427
database3/database3/m.012c6j/57-FaceId-0_align.webp,0.0,1.0,0.0161971624981716
database3/database3/m.012c6x/43-FaceId-0_align.webp,0.000386,1.0,0.042097543087642
database3/database3/m.012c8f/13-FaceId-0_align.webp,0.010098,1.0,0.0477445002189805
database3/database3/m.012c8f/85-FaceId-0_align.webp,0.121074,1.0,0.0630500889322393
database3/database3/m.012ck8/1-FaceId-0_align.webp,0.250793,0.0,0.0603057939914162
database3/database3/m.012cm5/19-FaceId-0_align.webp,0.050828,1.0,0.0353961948567844
database3/database3/m.012cm5/75-FaceId-0_align.webp,0.032775,1.0,0.0159151962075321
database3/database3/m.012cm5/90-FaceId-0_align.webp,0.082057,1.0,0.0403307508939213
database3/database3/m.012cnn/11-FaceId-0_align.webp,0.107545,0.0,0.0302512025654729
database3/database3/m.012cph/108-FaceId-0_align.webp,0.01551,1.0,0.0315434565434564
database3/database3/m.012cph/17-FaceId-0_align.webp,0.005549,1.0,0.0447165636682688
database3/database3/m.012cph/68-FaceId-0_align.webp,0.017584,1.0,0.0405242858076746
database3/database3/m.012cyp/33-FaceId-0_align.webp,0.012748,0.0,0.0279049466537341
database3/database3/m.012cyp/43-FaceId-0_align.webp,0.207358,0.0,0.0353841513986277
database3/database3/m.012cyp/7-FaceId-0_align.webp,0.030272,0.0,0.0307531509375959
database3/database3/m.012czd/35-FaceId-0_align.webp,0.035058,0.0,0.0253625632377739
database3/database3/m.012czd/90-FaceId-0_align.webp,0.001711,0.0,0.0324613981366863
database3/database3/m.012dtw/86-FaceId-0_align.webp,0.075626,1.0,0.0600643767361876
database3/database3/m.012fgx/58-FaceId-0_align.webp,0.039289,1.0,0.027847180109157
database3/database3/m.012g8l/75-FaceId-0_align.webp,0.015517,1.0,0.0471359261288049
database3/database3/m.012gbb/1-FaceId-0_align.webp,0.057132,0.0,0.0440841335817686
database3/database3/m.012gbb/104-FaceId-0_align.webp,0.023381,0.0,0.0333025204905404
database3/database3/m.012gbb/86-FaceId-0_align.webp,0.070682,0.0,0.0443142314446474
database3/database3/m.012gdw/54-FaceId-0_align.webp,0.06697,1.0,0.027027027027027
database3/database3/m.012gl8/17-FaceId-0_align.webp,0.06567,0.0,0.0369797747136591
database3/database3/m.012gl8/38-FaceId-0_align.webp,0.063039,0.0,0.0355653821857232
database3/database3/m.012gq6/33-FaceId-0_align.webp,0.016946,1.0,0.0273946591114593
database3/database3/m.012gr9/29-FaceId-0_align.webp,0.156273,0.0,0.0474554266920546
database3/database3/m.012gx2/64-FaceId-0_align.webp,0.000577,1.0,0.0346934453425575
database3/database3/m.012gx2/77-FaceId-0_align.webp,0.126437,1.0,0.0450427830453599
database3/database3/m.012gx2/8-FaceId-0_align.webp,0.019361,1.0,0.0263034044373815
database3/database3/m.012gx2/99-FaceId-0_align.webp,0.025003,1.0,0.0407554908312776
database3/database3/m.012h65/109-FaceId-0_align.webp,0.210562,1.0,0.1152196985777965
database3/database3/m.012hqb/33-FaceId-0_align.webp,0.004406,1.0,0.0430553299327463
database3/database3/m.012hr4/21-FaceId-0_align.webp,0.126033,1.0,0.0354858593183465
database3/database3/m.012hr4/67-FaceId-0_align.webp,0.183915,1.0,0.0337993696774625
database3/database3/m.012hr4/74-FaceId-0_align.webp,0.037244,1.0,0.0360430215107553
database3/database3/m.012hsb/101-FaceId-0_align.webp,0.192286,1.0,0.0363127427831517
database3/database3/m.012hsb/74-FaceId-0_align.webp,0.057902,1.0,0.0374584347468375
database3/database3/m.012hz4/77-FaceId-0_align.webp,0.118119,0.0,0.0504944245739532
database3/database3/m.012j2r/108-FaceId-0_align.webp,0.027644,1.0,0.0305617839481524
database3/database3/m.012j2r/38-FaceId-0_align.webp,0.010758,1.0,0.0365866060479166
database3/database3/m.012j2r/9-FaceId-0_align.webp,0.029992,1.0,0.0283671242318074
database3/database3/m.012kdb/7-FaceId-0_align.webp,0.154185,0.0,0.0360117589416952
database3/database3/m.012kk4/31-FaceId-1_align.webp,0.026924,1.0,0.0320776736797743
database3/database3/m.012l22/20-FaceId-0_align.webp,0.182682,1.0,0.0894509371554574
database3/database3/m.012l22/56-FaceId-0_align.webp,0.079127,1.0,0.0704779590573461
database3/database3/m.012lyg/82-FaceId-0_align.webp,0.015571,1.0,0.0289494459226337
database3/database3/m.012m1c/109-FaceId-0_align.webp,0.052592,0.0,0.0321462348759089
database3/database3/m.012m1c/113-FaceId-0_align.webp,0.018979,0.0,0.0336767392411128
database3/database3/m.012m1c/56-FaceId-0_align.webp,0.076711,0.0,0.025479365079365
database3/database3/m.012m7r/99-FaceId-0_align.webp,0.002972,1.0,0.12303518710604
database3/database3/m.012mh_/3-FaceId-0_align.webp,0.065168,1.0,0.032562956825378
database3/database3/m.012mh_/6-FaceId-0_align.webp,0.002681,1.0,0.0279123153027902
database3/database3/m.012mk7/90-FaceId-0_align.webp,0.032433,1.0,0.0276025986372999
database3/database3/m.012ml0/96-FaceId-0_align.webp,0.031451,1.0,0.0325690945410094
database3/database3/m.012mmb/47-FaceId-0_align.webp,0.146313,0.0,0.0518831519641891
database3/database3/m.012mn4/43-FaceId-0_align.webp,0.005783,1.0,0.0320799333888425
database3/database3/m.012nry/108-FaceId-0_align.webp,0.006878,1.0,0.0238143908421913
database3/database3/m.012nry/28-FaceId-0_align.webp,0.006764,1.0,0.0497452391567415
database3/database3/m.012nry/3-FaceId-0_align.webp,0.008173,1.0,0.0346036900369003
database3/database3/m.012nry/57-FaceId-0_align.webp,0.00436,1.0,0.0387720516738435
database3/database3/m.012pjh/2-FaceId-0_align.webp,0.0,1.0,0.0417493983152827
database3/database3/m.012q4n/50-FaceId-0_align.webp,0.004622,1.0,0.0614640111809922
database3/database3/m.012qfw/20-FaceId-1_align.webp,0.162552,0.0,0.0273427130342447
database3/database3/m.012qfw/41-FaceId-0_align.webp,0.211858,0.0,0.0284467713787085
database3/database3/m.012qgc/82-FaceId-0_align.webp,0.002042,1.0,0.0381168517624335
database3/database3/m.012rng/35-FaceId-0_align.webp,0.036379,1.0,0.0590105417667466
database3/database3/m.012rng/47-FaceId-0_align.webp,0.022161,1.0,0.1545146794487716
database3/database3/m.012rng/48-FaceId-0_align.webp,0.01786,1.0,0.035532173209227
database3/database3/m.012rth/93-FaceId-0_align.webp,0.046323,1.0,0.1517760717040737
database3/database3/m.012s1x/11-FaceId-0_align.webp,0.049377,1.0,0.0358978700348785
database3/database3/m.012s5j/122-FaceId-0_align.webp,0.205872,0.0,0.047467121285923
database3/database3/m.012s9f/0-FaceId-0_align.webp,0.000412,1.0,0.0282231264835537
database3/database3/m.012st7/14-FaceId-0_align.webp,0.003821,1.0,0.07837972166998
database3/database3/m.012t1d/17-FaceId-0_align.webp,0.167599,1.0,0.0335160478505188
database3/database3/m.012t1d/37-FaceId-0_align.webp,0.016467,1.0,0.0337802399527961
database3/database3/m.012t1d/80-FaceId-0_align.webp,0.014504,1.0,0.05544305183077
database3/database3/m.012t3l/22-FaceId-0_align.webp,0.012766,1.0,0.0
database3/database3/m.012t7s/3-FaceId-0_align.webp,0.014581,1.0,0.0295516758926941
database3/database3/m.012tmz/123-FaceId-0_align.webp,0.001629,1.0,0.0276246087165903
database3/database3/m.012v1t/29-FaceId-0_align.webp,0.118114,0.0,0.0353822279198434
database3/database3/m.012v1t/67-FaceId-0_align.webp,0.072956,0.0,0.0321348887613947
database3/database3/m.012v1t/93-FaceId-0_align.webp,0.033657,0.0,0.0349534506178974
database3/database3/m.012vby/3-FaceId-0_align.webp,0.002151,1.0,0.0782908771489521
database3/database3/m.012vby/36-FaceId-0_align.webp,0.0,1.0,0.0254911274726019
database3/database3/m.012vd6/49-FaceId-0_align.webp,0.124288,0.0,0.0451717844957549
database3/database3/m.012vd6/5-FaceId-0_align.webp,0.104381,0.0,0.0346226712977581
database3/database3/m.012vd6/75-FaceId-1_align.webp,0.054381,0.0,0.0752978687699277
database3/database3/m.012vf6/90-FaceId-0_align.webp,0.069167,0.0,0.0442032878478564
database3/database3/m.012vhn/10-FaceId-0_align.webp,0.009813,1.0,0.0285230333490683
database3/database3/m.012vhn/4-FaceId-0_align.webp,0.005793,1.0,0.0151408638227618
database3/database3/m.012vq0/30-FaceId-0_align.webp,0.028246,1.0,0.0338010162268479
database3/database3/m.012vq0/67-FaceId-0_align.webp,0.017872,1.0,0.0374827151768429
database3/database3/m.012vqh/80-FaceId-0_align.webp,0.078239,0.0,0.0417872241399371
database3/database3/m.012w05/52-FaceId-0_align.webp,0.000408,1.0,0.0555032352044445
database3/database3/m.012w3k/19-FaceId-0_align.webp,0.109411,1.0,0.0574660848116876
database3/database3/m.012w3k/33-FaceId-0_align.webp,0.07009,1.0,0.0378347113061821
database3/database3/m.012w3k/4-FaceId-0_align.webp,0.071086,1.0,0.0409837366124553
database3/database3/m.012wfh/73-FaceId-0_align.webp,0.055456,0.0,0.1010456815363474
database3/database3/m.012wfh/77-FaceId-0_align.webp,0.055,0.0,0.0409204027719284
database3/database3/m.012wgv/56-FaceId-0_align.webp,0.072911,1.0,0.042224477369596
database3/database3/m.012x2b/18-FaceId-0_align.webp,0.0,1.0,0.040411126769193
database3/database3/m.012x2b/46-FaceId-0_align.webp,0.039092,1.0,0.0386246437779888
database3/database3/m.012x2b/54-FaceId-0_align.webp,0.049838,1.0,0.0311562651185292
database3/database3/m.012x2b/72-FaceId-0_align.webp,0.008788,1.0,0.0302111355669682
database3/database3/m.012x5/81-FaceId-0_align.webp,0.058123,0.0,0.0436307179642532
database3/database3/m.012xdy/81-FaceId-0_align.webp,0.012382,1.0,0.042277233896614
database3/database3/m.012xls/57-FaceId-0_align.webp,0.114584,1.0,0.230762504372158
database3/database3/m.012xls/70-FaceId-0_align.webp,0.126797,1.0,0.0304524141426941
database3/database3/m.012xls/74-FaceId-0_align.webp,0.018384,1.0,0.0878494365859505
database3/database3/m.012y1h/86-FaceId-0_align.webp,0.123838,1.0,0.0432630457933971
database3/database3/m.012ycy/16-FaceId-0_align.webp,0.002336,1.0,0.0420797215435589
database3/database3/m.012ycy/21-FaceId-0_align.webp,0.164069,1.0,0.0355676121145525
database3/database3/m.012ycy/73-FaceId-0_align.webp,0.017165,1.0,0.0441206960385041
database3/database3/m.012ycy/99-FaceId-0_align.webp,0.136797,1.0,0.0166666666666666
database3/database3/m.012yg1/19-FaceId-0_align.webp,0.003406,1.0,0.0642887117079311
database3/database3/m.012yg1/21-FaceId-0_align.webp,0.007301,1.0,0.0288522670235903
database3/database3/m.012yg1/66-FaceId-0_align.webp,0.007466,1.0,0.0622348408030824
database3/database3/m.012yhd/22-FaceId-0_align.webp,0.043044,1.0,0.0434161291472149
database3/database3/m.012yhd/41-FaceId-0_align.webp,0.014599,1.0,0.0417171986406343
database3/database3/m.012yhd/87-FaceId-0_align.webp,0.016417,1.0,0.0440710594751595
database3/database3/m.012ysy/40-FaceId-0_align.webp,0.005784,1.0,0.0365772832299647
database3/database3/m.012yxk/51-FaceId-0_align.webp,0.111796,1.0,0.0488870537892721
database3/database3/m.012z8_/39-FaceId-0_align.webp,0.076699,1.0,0.0311747038774339
database3/database3/m.012zrl/119-FaceId-0_align.webp,0.19435,0.0,0.0286482224770641
database3/database3/m.012zrl/22-FaceId-0_align.webp,0.184216,0.0,0.0382848266841072
database3/database3/m.012zrl/34-FaceId-0_align.webp,0.221002,0.0,0.0579545929673453
database3/database3/m.01300z/111-FaceId-0_align.webp,0.011168,1.0,0.0328060410767176
database3/database3/m.01300z/46-FaceId-0_align.webp,0.004916,1.0,0.0351996459169801
database3/database3/m.01306d/26-FaceId-0_align.webp,0.043181,1.0,0.0459409925611815
database3/database3/m.0130py/108-FaceId-0_align.webp,0.041408,1.0,0.0839909592399631
database3/database3/m.0130py/9-FaceId-0_align.webp,0.045214,1.0,0.030821350829322
database3/database3/m.0130sy/65-FaceId-0_align.webp,0.067207,1.0,0.0428986730435597
database3/database3/m.013107/34-FaceId-0_align.webp,0.131929,0.0,0.0370116849892829
database3/database3/m.0131kb/28-FaceId-0_align.webp,0.0,1.0,0.0170046349942062
database3/database3/m.0131kb/47-FaceId-0_align.webp,0.0,1.0,0.0325681573428555
database3/database3/m.0131kb/76-FaceId-0_align.webp,0.081559,1.0,0.0688754456952845
database3/database3/m.013267/23-FaceId-0_align.webp,0.049038,1.0,0.0332357521021488
database3/database3/m.0132k4/103-FaceId-0_align.webp,0.076004,1.0,0.061692117539173
database3/database3/m.0132k4/97-FaceId-0_align.webp,0.101202,1.0,0.0474190420787279
database3/database3/m.0132kn/100-FaceId-0_align.webp,0.045478,1.0,0.0409705440532949
database3/database3/m.0132q1/29-FaceId-0_align.webp,0.017581,0.0,0.0356820234869014
database3/database3/m.013339/106-FaceId-0_align.webp,0.058305,1.0,0.0319099233788076
database3/database3/m.013339/23-FaceId-0_align.webp,0.255508,1.0,0.0512447135717031
database3/database3/m.013339/80-FaceId-0_align.webp,0.066481,1.0,0.0507058374666157
database3/database3/m.01338h/81-FaceId-0_align.webp,0.088482,0.0,0.0294317892593534
database3/database3/m.0133c4/15-FaceId-0_align.webp,0.207364,1.0,0.0349803202262218
database3/database3/m.0133x7/100-FaceId-0_align.webp,0.144974,0.0,0.0367288110212638
database3/database3/m.0133yt/45-FaceId-0_align.webp,0.102482,1.0,0.0538243922883486
database3/database3/m.01341q/51-FaceId-0_align.webp,0.043853,1.0,0.0731752554824162
database3/database3/m.013423/105-FaceId-0_align.webp,0.016474,0.0,0.0641102010424422
database3/database3/m.013423/43-FaceId-0_align.webp,0.10846,0.0,0.0340010254657323
database3/database3/m.0134cp/27-FaceId-0_align.webp,0.030912,1.0,0.0463402184639466
database3/database3/m.0134cp/34-FaceId-1_align.webp,0.031754,1.0,0.0415477421578765
database3/database3/m.0134cp/53-FaceId-0_align.webp,0.019724,1.0,0.0360608661209399
database3/database3/m.0134dc/38-FaceId-0_align.webp,0.000768,1.0,0.0498956663743308
database3/database3/m.0134dc/73-FaceId-0_align.webp,0.003398,1.0,0.0748344825220403
database3/database3/m.0134fr/66-FaceId-0_align.webp,0.01299,1.0,0.0364168473211519
database3/database3/m.0134fr/82-FaceId-0_align.webp,0.004786,1.0,0.0456786446959168
database3/database3/m.0134wr/11-FaceId-2_align.webp,0.000566,1.0,0.0181240635301168
database3/database3/m.0134wr/30-FaceId-2_align.webp,0.080915,1.0,0.0328997384481255
database3/database3/m.0134wr/52-FaceId-2_align.webp,0.028557,1.0,0.0505462093074065
database3/database3/m.0134wr/65-FaceId-1_align.webp,0.001253,1.0,0.0316861961425499
database3/database3/m.0134wr/69-FaceId-2_align.webp,0.064238,1.0,0.0356956203616597
database3/database3/m.0134wr/89-FaceId-1_align.webp,0.188914,1.0,0.0216413581300119
database3/database3/m.0135nb/89-FaceId-0_align.webp,0.051256,1.0,0.0369375099379869
database3/database3/m.01368v/100-FaceId-0_align.webp,0.078994,0.0,0.0335224765147216
database3/database3/m.01368v/58-FaceId-0_align.webp,0.186435,0.0,0.032893323632332
database3/database3/m.01368v/59-FaceId-1_align.webp,0.101878,0.0,0.0298395546823836
database3/database3/m.0136ms/38-FaceId-0_align.webp,0.015722,1.0,0.0337391891062994
database3/database3/m.0136p1/103-FaceId-0_align.webp,0.341015,0.0,0.0541256580453192
database3/database3/m.0136p1/13-FaceId-0_align.webp,0.259257,0.0,0.044020618556701
database3/database3/m.0136p1/66-FaceId-0_align.webp,0.075301,0.0,0.0348197213875989
database3/database3/m.0136pk/68-FaceId-0_align.webp,0.195786,1.0,0.0490035358405657
database3/database3/m.0136pk/87-FaceId-0_align.webp,0.172482,1.0,0.0438375927452596
database3/database3/m.0136tm/24-FaceId-0_align.webp,0.011359,1.0,0.0363343276386754
database3/database3/m.0137s4/92-FaceId-0_align.webp,0.014219,1.0,0.2103305098820793
database3/database3/m.01380_/30-FaceId-0_align.webp,0.062935,1.0,0.0637653515376634
database3/database3/m.01380_/84-FaceId-0_align.webp,0.019541,1.0,0.0377356812522233
database3/database3/m.013823/15-FaceId-0_align.webp,0.004502,1.0,0.0289640153479207
database3/database3/m.013823/5-FaceId-0_align.webp,0.029677,1.0,0.0259640774163595
database3/database3/m.013846/35-FaceId-0_align.webp,0.005272,1.0,0.0386396903360113
database3/database3/m.013846/71-FaceId-0_align.webp,0.036782,1.0,0.037285767828546
database3/database3/m.01386_/97-FaceId-0_align.webp,0.01382,1.0,0.0301159732991705
database3/database3/m.01386m/93-FaceId-0_align.webp,0.049853,1.0,0.0420339914432624
database3/database3/m.01387g/36-FaceId-0_align.webp,0.020561,1.0,0.0307436182019977
database3/database3/m.01387g/90-FaceId-0_align.webp,0.00159,1.0,0.023514313322865
database3/database3/m.01387y/2-FaceId-0_align.webp,0.062856,1.0,0.0416535625677044
database3/database3/m.01387y/32-FaceId-0_align.webp,0.048091,1.0,0.0422347910985421
database3/database3/m.01387y/46-FaceId-0_align.webp,0.0006,1.0,0.0291434889265107
database3/database3/m.01388c/29-FaceId-0_align.webp,0.136546,1.0,0.0408435246158669
database3/database3/m.01388c/82-FaceId-0_align.webp,0.007483,1.0,0.0405038635928219
database3/database3/m.01388c/92-FaceId-0_align.webp,0.007604,1.0,0.0336430423509074
database3/database3/m.01389w/75-FaceId-1_align.webp,0.011085,1.0,0.0232183120700972
database3/database3/m.01389w/76-FaceId-0_align.webp,0.018887,1.0,0.0352525556223691
database3/database3/m.0138b7/49-FaceId-0_align.webp,0.173256,1.0,0.0314522943532091
database3/database3/m.0138b7/63-FaceId-0_align.webp,0.091583,1.0,0.0941292610202272
database3/database3/m.0138m1/11-FaceId-0_align.webp,0.033355,1.0,0.0444270833333333
database3/database3/m.0138m1/60-FaceId-0_align.webp,0.027664,1.0,0.0277761547700197
database3/database3/m.0139rh/103-FaceId-0_align.webp,0.008771,1.0,0.0305530898962381
database3/database3/m.0139rh/5-FaceId-0_align.webp,0.009412,1.0,0.0255698912288821
database3/database3/m.013_4m/89-FaceId-0_align.webp,0.106225,1.0,0.0281942746057127
database3/database3/m.013_gz/96-FaceId-0_align.webp,0.14677,0.0,0.0386110238693466
database3/database3/m.013_tp/47-FaceId-0_align.webp,0.000171,1.0,0.044336474643394
database3/database3/m.013b7z/45-FaceId-0_align.webp,0.025843,1.0,0.0393396491886314
database3/database3/m.013bym/61-FaceId-0_align.webp,0.110889,0.0,0.0375238300780546
database3/database3/m.013bym/65-FaceId-0_align.webp,0.249006,0.0,0.0301312765377273
database3/database3/m.013bym/66-FaceId-0_align.webp,0.288548,0.0,0.0439642626131953
database3/database3/m.013bym/71-FaceId-0_align.webp,0.115164,0.0,0.0359382501754256
database3/database3/m.013m5y/73-FaceId-0_align.webp,0.0,1.0,0.0401738356773773
database3/database3/m.013p_0/60-FaceId-0_align.webp,0.015459,1.0,0.0
database3/database3/m.013p_j/3-FaceId-0_align.webp,0.046784,1.0,0.03626213592233
database3/database3/m.013p_j/43-FaceId-0_align.webp,0.026287,1.0,0.0365329603966689
database3/database3/m.013p_w/1-FaceId-0_align.webp,0.045903,0.0,0.0426694351620542
database3/database3/m.013p_w/90-FaceId-1_align.webp,0.028906,0.0,0.0467732386027234
database3/database3/m.013pp3/83-FaceId-0_align.webp,0.052247,1.0,0.0544827857874418
database3/database3/m.013ppl/76-FaceId-0_align.webp,0.018885,1.0,0.0327732764747689
database3/database3/m.013q78/86-FaceId-0_align.webp,0.03,1.0,0.0363188638185773
database3/database3/m.013q8x/26-FaceId-0_align.webp,0.110943,1.0,0.0393044141613786
database3/database3/m.013q8x/42-FaceId-0_align.webp,0.056383,1.0,0.0328378567431448
database3/database3/m.013q8x/99-FaceId-0_align.webp,0.005069,1.0,0.0351131552496116
database3/database3/m.013qb0/82-FaceId-0_align.webp,0.080376,1.0,0.0439735720708392
database3/database3/m.013qb0/94-FaceId-0_align.webp,0.14541,1.0,0.036201529533838
database3/database3/m.013qjp/42-FaceId-0_align.webp,0.027503,1.0,0.0359323719542515
database3/database3/m.013qjp/83-FaceId-0_align.webp,0.014,1.0,0.0377705919338901
database3/database3/m.013qpt/31-FaceId-0_align.webp,0.020067,1.0,0.0326343606287322
database3/database3/m.013qq4/70-FaceId-0_align.webp,0.020855,1.0,0.0313615455381784
database3/database3/m.013qwl/61-FaceId-0_align.webp,0.006336,1.0,0.0337471315214686
database3/database3/m.013qwy/18-FaceId-0_align.webp,0.050242,1.0,0.0350179306680833
database3/database3/m.013qy3/30-FaceId-0_align.webp,0.004735,1.0,0.0652731926258391
database3/database3/m.013qy3/92-FaceId-0_align.webp,0.026678,1.0,0.0308486999682567
database3/database3/m.013qyh/56-FaceId-1_align.webp,0.057576,1.0,0.0815926954393561
database3/database3/m.013r6h/27-FaceId-0_align.webp,0.054123,1.0,0.0192524025327033
database3/database3/m.013r6h/46-FaceId-0_align.webp,0.123792,1.0,0.1587862450823254
database3/database3/m.013s1b/47-FaceId-0_align.webp,0.148289,1.0,0.0396256869451596
database3/database3/m.013s1t/21-FaceId-0_align.webp,0.005317,1.0,0.0332966299632965
database3/database3/m.013s3/75-FaceId-0_align.webp,0.061568,1.0,0.061033234311177
database3/database3/m.013s6x/6-FaceId-0_align.webp,0.031839,1.0,0.032710366133423
database3/database3/m.013s8s/33-FaceId-0_align.webp,0.074629,0.0,0.033023850923526
database3/database3/m.013sjh/7-FaceId-0_align.webp,0.189385,1.0,0.052323587800036
database3/database3/m.013t9y/12-FaceId-0_align.webp,0.013435,1.0,0.058723070424235
database3/database3/m.013tjc/54-FaceId-0_align.webp,0.0,1.0,0.0374136745081854
database3/database3/m.013tjc/56-FaceId-0_align.webp,0.015964,1.0,0.0348095254845404
database3/database3/m.013v12/3-FaceId-0_align.webp,0.018587,1.0,0.0341568388233698
database3/database3/m.013v12/7-FaceId-0_align.webp,0.019979,1.0,0.03823513124377
database3/database3/m.013v5j/57-FaceId-0_align.webp,0.119854,0.0,0.0333110390261846
database3/database3/m.013vdl/109-FaceId-0_align.webp,0.167747,0.0,0.0262659599293262
database3/database3/m.013vdl/32-FaceId-0_align.webp,0.021263,0.0,0.0319618220196395
database3/database3/m.013vtr/20-FaceId-0_align.webp,0.015954,1.0,0.034767531466735
database3/database3/m.013w7j/20-FaceId-0_align.webp,0.009375,1.0,0.0606078876436373
database3/database3/m.013w7j/32-FaceId-0_align.webp,0.001151,1.0,0.0376570468963801
database3/database3/m.013w7j/64-FaceId-0_align.webp,0.008592,1.0,0.0666503447994449
database3/database3/m.013w8h/4-FaceId-0_align.webp,0.094597,1.0,0.0330900837988826
database3/database3/m.013wt0/40-FaceId-1_align.webp,0.123008,0.0,0.0379781710289286
database3/database3/m.013wz9/26-FaceId-0_align.webp,0.18678,0.0,0.0355538809344385
database3/database3/m.013wz9/73-FaceId-0_align.webp,0.219059,0.0,0.0339637205712079
database3/database3/m.013xhr/100-FaceId-0_align.webp,0.00219,1.0,0.0499033472377657
database3/database3/m.013xhr/23-FaceId-0_align.webp,0.015916,1.0,0.0376919587896066
database3/database3/m.013xhr/24-FaceId-0_align.webp,0.064866,1.0,0.0349437240834594
database3/database3/m.013xhr/33-FaceId-0_align.webp,0.013765,1.0,0.0757017422566371
database3/database3/m.013xhr/42-FaceId-0_align.webp,0.02596,1.0,0.0562899717559977
database3/database3/m.013xs1/10-FaceId-0_align.webp,0.059547,1.0,0.0261212507074136
database3/database3/m.013y2b/23-FaceId-0_align.webp,0.154363,0.0,0.036396091017273
database3/database3/m.013y2b/32-FaceId-0_align.webp,0.092369,0.0,0.0332034989272156
database3/database3/m.013y2b/66-FaceId-0_align.webp,0.108782,0.0,0.0343680022048437
database3/database3/m.013y2s/40-FaceId-0_align.webp,0.026989,0.0,0.0309405127898993
database3/database3/m.013y2s/73-FaceId-0_align.webp,0.075667,0.0,0.0323854498169249
database3/database3/m.013yd0/51-FaceId-0_align.webp,0.167678,0.0,0.0377689884024937
database3/database3/m.013yd0/92-FaceId-0_align.webp,0.096098,0.0,0.02975139818317
database3/database3/m.013ykk/37-FaceId-0_align.webp,0.042458,0.0,0.0389076814658209
database3/database3/m.013ykx/9-FaceId-0_align.webp,0.117351,0.0,0.0356999703087885
database3/database3/m.013ylm/42-FaceId-0_align.webp,0.120671,0.0,0.0387188760606481
database3/database3/m.013ylm/97-FaceId-0_align.webp,0.133134,0.0,0.0418654014233986
database3/database3/m.013yvd/37-FaceId-0_align.webp,0.027946,1.0,0.0277502538695879
database3/database3/m.013yvd/75-FaceId-0_align.webp,0.027604,1.0,0.0317137487875848
database3/database3/m.013yyq/27-FaceId-0_align.webp,0.014857,1.0,0.0432123358418178
database3/database3/m.013yyq/44-FaceId-0_align.webp,0.06122,1.0,0.0354760809567616
database3/database3/m.013yyq/48-FaceId-0_align.webp,0.11735,1.0,0.0488311514827677
database3/database3/m.013zjz/16-FaceId-0_align.webp,0.071353,1.0,0.044256689462851
database3/database3/m.013zm7/89-FaceId-0_align.webp,0.144683,1.0,0.0396904328337301
database3/database3/m.013zpf/72-FaceId-0_align.webp,0.0,0.0,0.1202850048580373
database3/database3/m.013zpf/88-FaceId-0_align.webp,0.169008,0.0,0.0363440781796965
database3/database3/m.013zr7/15-FaceId-0_align.webp,0.062795,1.0,0.0313281606572341
database3/database3/m.013zs9/83-FaceId-0_align.webp,0.33489,0.0,0.0484804014391213
database3/database3/m.013zyw/16-FaceId-0_align.webp,0.043076,1.0,0.0280143813393352
database3/database3/m.013zyw/19-FaceId-0_align.webp,0.020445,1.0,0.0248518570037556
database3/database3/m.013zyw/21-FaceId-0_align.webp,0.01715,1.0,0.0271664038985236
database3/database3/m.01400g/101-FaceId-0_align.webp,0.057026,0.0,0.0417178323545114
database3/database3/m.01400g/117-FaceId-0_align.webp,0.219786,0.0,0.0539025064504238
database3/database3/m.01400g/31-FaceId-0_align.webp,0.04717,0.0,0.0355383337946304
database3/database3/m.01400g/47-FaceId-0_align.webp,0.103943,0.0,0.0367855158665315
database3/database3/m.014029/72-FaceId-0_align.webp,0.164078,0.0,0.0385704339754002
database3/database3/m.0140ly/8-FaceId-0_align.webp,0.018837,1.0,0.0296954083952113
database3/database3/m.0140v2/84-FaceId-0_align.webp,0.185102,1.0,0.0896115676021768
database3/database3/m.0141qv/12-FaceId-0_align.webp,0.026897,1.0,0.033638164913885
database3/database3/m.0142n8/3-FaceId-0_align.webp,0.193323,1.0,0.0258997958672062
database3/database3/m.0142n8/5-FaceId-0_align.webp,0.020679,1.0,0.0389585888123761
database3/database3/m.0142sv/3-FaceId-0_align.webp,0.0,1.0,0.0186181475962669
database3/database3/m.0142sv/32-FaceId-0_align.webp,0.0,1.0,0.0223422685608088
database3/database3/m.01433m/64-FaceId-0_align.webp,0.03742,0.0,0.0605263157894736
database3/database3/m.0143sn/66-FaceId-0_align.webp,0.02374,1.0,0.0370801786060958
database3/database3/m.0143wl/30-FaceId-0_align.webp,0.034923,1.0,0.0396949622554305
database3/database3/m.0143wl/81-FaceId-0_align.webp,0.051966,1.0,0.042016806722689
database3/database3/m.014488/3-FaceId-0_align.webp,0.020128,1.0,0.0304145918424438
database3/database3/m.01449w/57-FaceId-0_align.webp,0.017199,1.0,0.0722164174231044
database3/database3/m.01449w/80-FaceId-0_align.webp,0.016942,1.0,0.0504566431084002
database3/database3/m.01449w/99-FaceId-0_align.webp,0.011762,1.0,0.0590497431738307
database3/database3/m.0144_b/77-FaceId-0_align.webp,0.037923,1.0,0.0263200626322962
database3/database3/m.0144_b/99-FaceId-0_align.webp,0.002226,1.0,0.0293671810793534
database3/database3/m.0144k5/45-FaceId-0_align.webp,0.060457,0.0,0.0342661710966048
database3/database3/m.0144k5/53-FaceId-0_align.webp,0.099321,0.0,0.0417875989445909
database3/database3/m.0144k5/58-FaceId-0_align.webp,0.088277,0.0,0.0349352614763746
database3/database3/m.0144k5/85-FaceId-0_align.webp,0.078258,0.0,0.0397289560459469
database3/database3/m.014508/74-FaceId-0_align.webp,0.033711,1.0,0.0334600635836255
database3/database3/m.0146fs/16-FaceId-0_align.webp,0.00871,1.0,0.0351804854745767
database3/database3/m.0147cn/44-FaceId-0_align.webp,0.171045,1.0,0.0394528640247546
database3/database3/m.0147cn/79-FaceId-0_align.webp,0.059428,1.0,0.0440860927152317
database3/database3/m.0147jt/99-FaceId-0_align.webp,0.019999,1.0,0.0376559583456135
database3/database3/m.0147qz/78-FaceId-0_align.webp,0.010623,1.0,0.0329673644205826
database3/database3/m.01480y/76-FaceId-0_align.webp,0.0,1.0,0.022364703325364
database3/database3/m.0148_m/52-FaceId-0_align.webp,0.01178,1.0,0.036981668132314
database3/database3/m.0148m9/58-FaceId-0_align.webp,0.040365,1.0,0.0286972719158678
database3/database3/m.0148qq/63-FaceId-1_align.webp,0.082134,1.0,0.0326224303261601
database3/database3/m.0148x0/17-FaceId-0_align.webp,0.195787,0.0,0.0437587883170623
database3/database3/m.014902/18-FaceId-0_align.webp,0.02167,1.0,0.0395933243813542
database3/database3/m.01491d/96-FaceId-0_align.webp,0.018562,1.0,0.0286223100176588
database3/database3/m.014936/66-FaceId-0_align.webp,0.009581,0.0,0.0376906454542607
database3/database3/m.0149k5/29-FaceId-0_align.webp,0.022158,1.0,0.0337485544358168
database3/database3/m.0149k5/81-FaceId-0_align.webp,0.042078,1.0,0.0835456815417119
database3/database3/m.0149vp/23-FaceId-0_align.webp,0.153482,1.0,0.0
database3/database3/m.0149vp/3-FaceId-0_align.webp,0.055794,1.0,0.035067131467228
database3/database3/m.0149vp/63-FaceId-0_align.webp,0.126629,1.0,0.0385771005472689
database3/database3/m.0149wl/102-FaceId-0_align.webp,0.022928,1.0,0.0549973576430175
database3/database3/m.0149wl/45-FaceId-0_align.webp,0.024169,1.0,0.0622812773403323
database3/database3/m.0149xx/94-FaceId-0_align.webp,0.042337,1.0,0.0541154861669153
database3/database3/m.014_1g/72-FaceId-0_align.webp,0.019311,0.0,0.0373430600883086
database3/database3/m.014_1g/8-FaceId-0_align.webp,0.209769,0.0,0.0467252396166133
database3/database3/m.014_4y/6-FaceId-0_align.webp,0.048047,1.0,0.0350255958785744
database3/database3/m.014_sl/106-FaceId-0_align.webp,0.23715,0.0,0.0450051618388291
database3/database3/m.014_sl/74-FaceId-0_align.webp,0.390836,0.0,0.0346948235900076
database3/database3/m.014bn_/16-FaceId-0_align.webp,0.037637,1.0,0.0319240177573762
database3/database3/m.014bn_/85-FaceId-1_align.webp,0.012813,1.0,0.0336171096345514
database3/database3/m.014bps/75-FaceId-0_align.webp,0.000105,1.0,0.0409472929832562
database3/database3/m.014byr/85-FaceId-0_align.webp,0.140079,1.0,0.0378145445395067
database3/database3/m.014bz_/33-FaceId-0_align.webp,0.044503,1.0,0.0404061738424044
database3/database3/m.014c0y/76-FaceId-0_align.webp,0.175143,1.0,0.0357965998554747
database3/database3/m.014c40/62-FaceId-0_align.webp,0.041412,1.0,0.0608645948005757
database3/database3/m.014c40/70-FaceId-0_align.webp,0.059838,1.0,0.0331047234829382
database3/database3/m.014cq/6-FaceId-0_align.webp,0.092137,1.0,0.0296134376438103
database3/database3/m.014cq/86-FaceId-0_align.webp,0.009035,1.0,0.0588036513648731
database3/database3/m.014cw2/26-FaceId-0_align.webp,0.010138,1.0,0.0316651328966599
database3/database3/m.014cw2/50-FaceId-0_align.webp,0.006571,1.0,0.0324147650604215
database3/database3/m.014d0v/117-FaceId-0_align.webp,0.00171,1.0,0.0337047575991276
database3/database3/m.014d0v/5-FaceId-0_align.webp,0.0,1.0,0.021427122866993
database3/database3/m.014d0v/76-FaceId-0_align.webp,0.001899,1.0,0.030353859715401
database3/database3/m.014d15/7-FaceId-0_align.webp,0.067756,1.0,0.0401829601310758
database3/database3/m.014d3/12-FaceId-0_align.webp,0.002261,1.0,0.0341330599955155
database3/database3/m.014d3/72-FaceId-0_align.webp,0.018566,1.0,0.0322279662085487
database3/database3/m.014d3y/82-FaceId-0_align.webp,0.033512,0.0,0.406029106029106
database3/database3/m.014dg1/103-FaceId-0_align.webp,0.026524,1.0,0.0318012581846192
database3/database3/m.014dg1/51-FaceId-0_align.webp,0.001679,1.0,0.0393291460644126
database3/database3/m.014dg1/65-FaceId-0_align.webp,0.0,1.0,0.0214596273291925
database3/database3/m.014dg1/7-FaceId-0_align.webp,0.01106,1.0,0.0393139759486571
database3/database3/m.014dg1/86-FaceId-0_align.webp,0.019596,1.0,0.0372450727029298
database3/database3/m.014dm6/105-FaceId-0_align.webp,0.23153,1.0,0.0382626230674943
database3/database3/m.014dy_/50-FaceId-0_align.webp,0.069776,1.0,0.0222950435952951
database3/database3/m.014dy_/73-FaceId-0_align.webp,0.01239,1.0,0.0303609221999604
database3/database3/m.014f8k/25-FaceId-0_align.webp,0.24634,0.0,0.0329816745124411
database3/database3/m.014f8k/9-FaceId-0_align.webp,0.182534,0.0,0.0357300670568626
database3/database3/m.014fcb/0-FaceId-0_align.webp,0.028343,1.0,0.0351806917079167
database3/database3/m.014fd7/98-FaceId-0_align.webp,0.096652,1.0,0.0335697593374604
database3/database3/m.014g17/1-FaceId-0_align.webp,0.005705,1.0,0.0394347197687489
database3/database3/m.014g17/9-FaceId-0_align.webp,0.079641,1.0,0.0434969088098917
database3/database3/m.014g22/90-FaceId-0_align.webp,0.35161,0.0,0.0492493723420607
database3/database3/m.014g6c/86-FaceId-0_align.webp,0.02888,1.0,0.0368205328388796
database3/database3/m.014g6v/43-FaceId-0_align.webp,0.001902,1.0,0.0311346581210344
database3/database3/m.014g79/86-FaceId-0_align.webp,0.049609,1.0,0.0373474001507158
database3/database3/m.014g8p/48-FaceId-0_align.webp,0.000256,1.0,0.0456103844629408
database3/database3/m.014g9y/12-FaceId-0_align.webp,0.038159,0.0,0.039572072072072
database3/database3/m.014g_f/26-FaceId-0_align.webp,0.000817,1.0,0.0165197666882695
database3/database3/m.014g_f/35-FaceId-0_align.webp,0.001771,1.0,0.0323421871694919
database3/database3/m.014gf8/102-FaceId-0_align.webp,0.00204,1.0,0.1375267369088172
database3/database3/m.014gf8/28-FaceId-0_align.webp,0.018311,1.0,0.0265380866585934
database3/database3/m.014gf8/69-FaceId-0_align.webp,0.050273,1.0,0.0340366242038215
database3/database3/m.014gf8/9-FaceId-0_align.webp,0.034223,1.0,0.0342797846422232
database3/database3/m.014gsd/79-FaceId-0_align.webp,0.118598,1.0,0.0402424000266373
database3/database3/m.014h_s/80-FaceId-0_align.webp,0.173494,0.0,0.0400877587758775
database3/database3/m.014hlm/54-FaceId-0_align.webp,0.078394,0.0,0.0363153981343787
database3/database3/m.014hmv/53-FaceId-1_align.webp,0.0,1.0,0.0343680858196446
database3/database3/m.014j8m/72-FaceId-0_align.webp,0.0057,1.0,0.0389828510813836
database3/database3/m.014jb8/10-FaceId-0_align.webp,0.009911,1.0,0.0733619964482661
database3/database3/m.014jk0/16-FaceId-0_align.webp,0.026202,1.0,0.097640599495474
database3/database3/m.014jk0/61-FaceId-0_align.webp,0.011335,1.0,0.3354632587859425
database3/database3/m.014jk0/74-FaceId-0_align.webp,0.003357,1.0,0.1277559717393741
database3/database3/m.014jxq/20-FaceId-0_align.webp,0.165895,0.0,0.0403329369797859
database3/database3/m.014jxq/43-FaceId-0_align.webp,0.136492,0.0,0.0280726730391159
database3/database3/m.014jy6/23-FaceId-0_align.webp,0.150311,1.0,0.0762370335042326
database3/database3/m.014jy6/50-FaceId-0_align.webp,0.042148,1.0,0.0353139697698631
database3/database3/m.014jy6/97-FaceId-0_align.webp,0.061362,1.0,0.0725902100713638
database3/database3/m.014k1v/95-FaceId-3_align.webp,0.133686,1.0,0.0558249100565358
database3/database3/m.014k2p/25-FaceId-0_align.webp,0.315824,1.0,0.0438340124584328
database3/database3/m.014kbz/16-FaceId-0_align.webp,0.028027,1.0,0.0354112967382656
database3/database3/m.014kbz/22-FaceId-0_align.webp,0.028933,1.0,0.0376447159685421
database3/database3/m.014kbz/81-FaceId-0_align.webp,0.006506,1.0,0.0368893977241187
database3/database3/m.014kxv/1-FaceId-0_align.webp,0.013313,1.0,0.031376176048477
database3/database3/m.014kxv/11-FaceId-0_align.webp,0.053384,1.0,0.0280626290433585
database3/database3/m.014lb1/14-FaceId-2_align.webp,0.000111,0.0,0.0308182154757496
database3/database3/m.014lb1/47-FaceId-0_align.webp,0.167631,0.0,0.0334954254016281
database3/database3/m.014lb1/62-FaceId-1_align.webp,0.053145,0.0,0.0315739898661815
database3/database3/m.014lyb/65-FaceId-0_align.webp,0.056831,1.0,0.0277486260750767
database3/database3/m.014m_1/70-FaceId-0_align.webp,0.018552,1.0,0.0328095309908007
database3/database3/m.014mvy/17-FaceId-0_align.webp,0.196734,1.0,0.0575249126990886
database3/database3/m.014mvy/58-FaceId-0_align.webp,0.218895,1.0,0.0609577833533325
database3/database3/m.014n_k/48-FaceId-0_align.webp,0.006557,1.0,0.0356048957500461
database3/database3/m.014n_k/70-FaceId-0_align.webp,0.029858,1.0,0.0280929477893028
database3/database3/m.014nfw/87-FaceId-0_align.webp,0.123499,0.0,0.035047516585978
database3/database3/m.014p33/83-FaceId-2_align.webp,0.084076,0.0,0.0308394340303994
database3/database3/m.014p33/87-FaceId-0_align.webp,0.07546,0.0,0.0342767980259815
database3/database3/m.014ptb/14-FaceId-1_align.webp,0.016295,1.0,0.0273207060341288
database3/database3/m.014ptb/5-FaceId-0_align.webp,0.001038,1.0,0.0630217114544265
database3/database3/m.014ptb/50-FaceId-0_align.webp,0.185526,1.0,0.0337024278215222
database3/database3/m.014pxk/118-FaceId-0_align.webp,0.227914,1.0,0.075997241062191
database3/database3/m.014pys/19-FaceId-0_align.webp,0.047245,1.0,0.0642969158389962
database3/database3/m.014pzz/110-FaceId-0_align.webp,0.13041,0.0,0.0337034269243087
database3/database3/m.014qjt/47-FaceId-0_align.webp,0.002851,1.0,0.0359526235354049
database3/database3/m.014r6r/81-FaceId-0_align.webp,0.091441,0.0,0.0290122999407231
database3/database3/m.014s81/3-FaceId-0_align.webp,0.077926,1.0,0.0419366135527928
database3/database3/m.014sj7/7-FaceId-0_align.webp,0.074577,1.0,0.0459701055099647
database3/database3/m.014skb/4-FaceId-0_align.webp,0.096076,0.0,0.0351464435146443
database3/database3/m.014skb/53-FaceId-0_align.webp,0.075066,0.0,0.0341137697826907
database3/database3/m.014skb/55-FaceId-0_align.webp,0.080414,0.0,0.036509003960248
database3/database3/m.014v1q/8-FaceId-1_align.webp,0.038359,1.0,0.0482875785548906
database3/database3/m.014v6x/16-FaceId-0_align.webp,0.159906,0.0,0.0348434836229097
database3/database3/m.014v6x/20-FaceId-0_align.webp,0.306955,0.0,0.0401962012106031
database3/database3/m.014v6x/88-FaceId-0_align.webp,0.075191,0.0,0.0288258657068387
database3/database3/m.014vbq/60-FaceId-0_align.webp,0.005701,1.0,0.0
database3/database3/m.014vnb/46-FaceId-0_align.webp,0.027126,1.0,0.0325759347746181
database3/database3/m.014vnb/51-FaceId-0_align.webp,0.043084,1.0,0.0370410504844466
database3/database3/m.014vtj/100-FaceId-0_align.webp,0.000679,1.0,0.0345658331556664
database3/database3/m.014wsb/38-FaceId-0_align.webp,0.106862,1.0,0.0365002547121752
database3/database3/m.014x0w/28-FaceId-0_align.webp,0.353028,0.0,0.0947336232671921
database3/database3/m.014x0w/74-FaceId-0_align.webp,0.177523,0.0,0.0369216129415962
database3/database3/m.014x0w/96-FaceId-0_align.webp,0.217684,0.0,0.0404086611771881
database3/database3/m.014xn7/100-FaceId-0_align.webp,0.007084,1.0,0.0243061372647568
database3/database3/m.014xn7/42-FaceId-0_align.webp,0.003105,1.0,0.0291873484935933
database3/database3/m.014xr2/5-FaceId-0_align.webp,0.387134,0.0,0.0558759442184776
database3/database3/m.014xr2/87-FaceId-0_align.webp,0.341771,0.0,0.0465519769317237
database3/database3/m.014xzx/93-FaceId-0_align.webp,0.351892,1.0,0.0489309329600849
database3/database3/m.014y6/74-FaceId-0_align.webp,0.012495,1.0,0.0343778564899451
database3/database3/m.014y6/95-FaceId-0_align.webp,0.006882,1.0,0.0382502203178654
database3/database3/m.014y7g/1-FaceId-0_align.webp,0.005692,1.0,0.0341336116910229
database3/database3/m.014z8v/77-FaceId-0_align.webp,0.004141,1.0,0.0336279957344108
database3/database3/m.014zfs/76-FaceId-0_align.webp,0.024924,1.0,0.0318804673640422
database3/database3/m.014zxh/99-FaceId-0_align.webp,0.008633,1.0,0.0809748091058302
database3/database3/m.014zy/105-FaceId-0_align.webp,0.175949,1.0,0.0493125160627087
database3/database3/m.014zy/22-FaceId-0_align.webp,0.048224,1.0,0.0406553079947574
database3/database3/m.014zy/56-FaceId-0_align.webp,0.135716,1.0,0.0926534619653376
database3/database3/m.015076/99-FaceId-0_align.webp,0.0064,1.0,0.0594636988347773
database3/database3/m.01507p/0-FaceId-0_align.webp,0.067522,1.0,0.0395268831296483
database3/database3/m.01509x/60-FaceId-0_align.webp,0.015557,1.0,0.0357274088187261
database3/database3/m.0150bp/103-FaceId-0_align.webp,0.041675,0.0,0.030006343835906
database3/database3/m.0150j5/31-FaceId-0_align.webp,0.003889,1.0,0.0243441211661364
database3/database3/m.0150j5/4-FaceId-0_align.webp,0.006229,1.0,0.0298316400580551
database3/database3/m.0150j5/71-FaceId-0_align.webp,0.062123,1.0,0.0301485700863233
database3/database3/m.0150j5/81-FaceId-0_align.webp,0.001136,1.0,0.0196479458560911
database3/database3/m.0150j5/86-FaceId-0_align.webp,0.002669,1.0,0.0278995115143055
database3/database3/m.0150m1/111-FaceId-0_align.webp,0.023781,1.0,0.0438243221817028
database3/database3/m.0150m1/13-FaceId-0_align.webp,0.071346,1.0,0.0376137030516431
database3/database3/m.0150mg/0-FaceId-0_align.webp,0.057671,1.0,0.11318407960199
database3/database3/m.0150mg/69-FaceId-0_align.webp,0.220147,1.0,0.0453146374829001
database3/database3/m.0150mg/88-FaceId-0_align.webp,0.14546,1.0,0.0571435783521808
database3/database3/m.0150mg/97-FaceId-0_align.webp,0.078806,1.0,0.0410173329169268
database3/database3/m.0150rl/42-FaceId-0_align.webp,0.016396,0.0,0.0287202633454372
database3/database3/m.0150t6/36-FaceId-0_align.webp,0.017669,1.0,0.030694088834465
database3/database3/m.0150t6/41-FaceId-0_align.webp,0.022058,1.0,0.0277133587247848
database3/database3/m.0150t6/63-FaceId-0_align.webp,0.015119,1.0,0.0347290428189885
database3/database3/m.01519n/21-FaceId-0_align.webp,0.389316,0.0,0.0585831655693998
database3/database3/m.01519n/69-FaceId-0_align.webp,0.017235,0.0,0.038789742856121
database3/database3/m.0151fv/54-FaceId-0_align.webp,0.017876,0.0,0.0280384453031139
database3/database3/m.0151fv/90-FaceId-0_align.webp,0.296844,0.0,0.0426866246330076
database3/database3/m.0151fv/94-FaceId-0_align.webp,0.121468,0.0,0.0549730053989201
database3/database3/m.0151n1/16-FaceId-0_align.webp,0.044648,1.0,0.0364803943826419
database3/database3/m.0151n1/26-FaceId-0_align.webp,0.101903,1.0,0.0407380236226248
database3/database3/m.0151n1/29-FaceId-0_align.webp,0.049938,1.0,0.0457807691006865
database3/database3/m.0151n1/36-FaceId-0_align.webp,0.038201,1.0,0.0421730090101983
database3/database3/m.0151n1/53-FaceId-0_align.webp,0.021607,1.0,0.048044836693938
database3/database3/m.0151p8/29-FaceId-0_align.webp,0.003452,1.0,0.025623397173569
database3/database3/m.0151xv/30-FaceId-0_align.webp,0.007121,1.0,0.0335512118842845
database3/database3/m.0151xv/44-FaceId-0_align.webp,0.021629,1.0,0.0363211951447244
database3/database3/m.0151xv/88-FaceId-0_align.webp,0.006779,1.0,0.0407106939322828
database3/database3/m.0151zx/92-FaceId-0_align.webp,0.043036,1.0,0.0547778317575395
database3/database3/m.0152cw/42-FaceId-0_align.webp,0.083199,0.0,0.0329073482428114
database3/database3/m.0152xn/72-FaceId-0_align.webp,0.043462,1.0,0.0403552749667316
database3/database3/m.015302/4-FaceId-0_align.webp,0.000416,1.0,0.0242882011034726
database3/database3/m.0153dp/1-FaceId-0_align.webp,0.039324,1.0,0.0368669473147084
database3/database3/m.0153dp/88-FaceId-0_align.webp,0.057869,1.0,0.0340988657050832
database3/database3/m.0153vt/1-FaceId-0_align.webp,0.335303,1.0,0.038049381589156
database3/database3/m.0153vt/81-FaceId-0_align.webp,0.087285,1.0,0.043146256304151
database3/database3/m.0153y1/16-FaceId-0_align.webp,0.166114,0.0,0.0371440080563947
database3/database3/m.01541z/117-FaceId-0_align.webp,0.111734,0.0,0.0347512129075933
database3/database3/m.01547g/3-FaceId-0_align.webp,0.153164,0.0,0.0364845070422534
database3/database3/m.01547g/73-FaceId-0_align.webp,0.246081,0.0,0.0372210057239444
database3/database3/m.0154d7/52-FaceId-0_align.webp,0.115018,1.0,0.0426918527280792
database3/database3/m.0154ff/10-FaceId-0_align.webp,0.121913,0.0,0.0335744566314513
database3/database3/m.0154hr/101-FaceId-0_align.webp,0.090433,0.0,0.0521498741175889
database3/database3/m.0154hr/109-FaceId-0_align.webp,0.038439,0.0,0.0336451592234253
database3/database3/m.0154hr/18-FaceId-0_align.webp,0.07836,0.0,0.0498161611097183
database3/database3/m.0154hr/28-FaceId-0_align.webp,0.045785,0.0,0.0379952830188678
database3/database3/m.0154s9/24-FaceId-0_align.webp,0.052837,1.0,0.0315265810437326
database3/database3/m.0154x6/57-FaceId-0_align.webp,0.061779,0.0,0.0455455770094296
database3/database3/m.01552j/40-FaceId-0_align.webp,0.017747,1.0,0.027052361335005
database3/database3/m.01558d/79-FaceId-0_align.webp,0.014812,1.0,0.0212574388702167
database3/database3/m.01558d/8-FaceId-0_align.webp,0.124089,1.0,0.0340201357995784
database3/database3/m.0155zp/26-FaceId-0_align.webp,0.000547,1.0,0.0305104012731612
database3/database3/m.0155zp/7-FaceId-0_align.webp,0.015991,1.0,0.0332714455629368
database3/database3/m.0155zp/79-FaceId-0_align.webp,0.02849,1.0,0.0453368305720641
database3/database3/m.0155zp/88-FaceId-0_align.webp,0.072148,1.0,0.0355135472000474
database3/database3/m.0156dg/11-FaceId-0_align.webp,0.153809,0.0,0.0452491643293502
database3/database3/m.0156dg/2-FaceId-0_align.webp,0.144571,0.0,0.0540609234798012
database3/database3/m.0156y1/31-FaceId-0_align.webp,0.047284,1.0,0.0354794133350082
database3/database3/m.01574b/45-FaceId-0_align.webp,0.070647,0.0,0.0397460317460317
database3/database3/m.015796/86-FaceId-0_align.webp,0.081944,0.0,0.036927987376273
database3/database3/m.0157m/20-FaceId-0_align.webp,0.028257,1.0,0.0256568247216313
database3/database3/m.0157m/24-FaceId-0_align.webp,0.028454,1.0,0.0325521915662264
database3/database3/m.0157m/25-FaceId-0_align.webp,0.020124,1.0,0.0299637039925607
database3/database3/m.0157m/73-FaceId-0_align.webp,0.033963,1.0,0.0385643981091756
database3/database3/m.0157r6/22-FaceId-1_align.webp,0.0,1.0,0.0151249852611719
database3/database3/m.0157ry/29-FaceId-0_align.webp,0.027582,1.0,0.0269290342974552
database3/database3/m.015882/17-FaceId-0_align.webp,0.396178,0.0,0.0414967405475879
database3/database3/m.015882/20-FaceId-0_align.webp,0.380878,0.0,0.046208319393331
database3/database3/m.015882/75-FaceId-0_align.webp,0.386665,0.0,0.0518530524041058
database3/database3/m.0158r2/73-FaceId-0_align.webp,0.173377,0.0,0.035981883914028
database3/database3/m.01598m/79-FaceId-0_align.webp,0.475474,0.0,0.0472915933872669
database3/database3/m.0159wm/104-FaceId-0_align.webp,0.007308,1.0,0.0220990591543202
database3/database3/m.0159wm/9-FaceId-0_align.webp,0.002891,1.0,0.0147252930856839
database3/database3/m.015_44/31-FaceId-0_align.webp,0.062168,0.0,0.0320944761419054
database3/database3/m.015_44/64-FaceId-0_align.webp,0.356589,0.0,0.0533856360572872
database3/database3/m.015_44/84-FaceId-0_align.webp,0.3229,0.0,0.0505455407969639
database3/database3/m.015b67/34-FaceId-0_align.webp,0.034996,1.0,0.033910034602076
database3/database3/m.015bhj/103-FaceId-1_align.webp,0.041754,1.0,0.0
database3/database3/m.015bhj/70-FaceId-0_align.webp,0.00385,1.0,0.030856758416942
database3/database3/m.015bnf/68-FaceId-0_align.webp,0.066968,0.0,0.0341767041248906
database3/database3/m.015brk/18-FaceId-0_align.webp,0.023166,1.0,0.0415320614904611
database3/database3/m.015bw2/110-FaceId-0_align.webp,0.01319,1.0,0.035053299326401
database3/database3/m.015bw2/40-FaceId-0_align.webp,0.013047,1.0,0.040626620010368
database3/database3/m.015bw2/68-FaceId-0_align.webp,0.00956,1.0,0.0410100424874468
database3/database3/m.015c2f/3-FaceId-0_align.webp,0.072717,0.0,0.0312236687890018
database3/database3/m.015c2f/47-FaceId-0_align.webp,0.01548,0.0,0.0353431066749843
database3/database3/m.015c2f/49-FaceId-0_align.webp,0.031524,0.0,0.0371412492965672
database3/database3/m.015c2f/8-FaceId-0_align.webp,0.126031,0.0,0.0373311704341079
database3/database3/m.015c4g/7-FaceId-0_align.webp,0.000573,1.0,0.0320480677790264
database3/database3/m.015c4g/83-FaceId-0_align.webp,0.000391,1.0,0.0264971014052872
database3/database3/m.015cyn/17-FaceId-0_align.webp,0.046212,1.0,0.0346214378997421
database3/database3/m.015cyn/5-FaceId-0_align.webp,0.152464,1.0,0.0301176787942137
database3/database3/m.015czg/24-FaceId-0_align.webp,0.141052,1.0,0.0389225251629323
database3/database3/m.015d2r/66-FaceId-0_align.webp,0.064087,1.0,0.0870027987448053
database3/database3/m.015d2r/86-FaceId-0_align.webp,0.029999,1.0,0.0364240441627478
database3/database3/m.015dcj/83-FaceId-0_align.webp,0.023385,1.0,0.0347982033799721
database3/database3/m.015dgg/80-FaceId-0_align.webp,0.001775,1.0,0.0418496889678811
database3/database3/m.015djp/24-FaceId-0_align.webp,0.0,1.0,0.0257230273752012
database3/database3/m.015djp/27-FaceId-0_align.webp,0.037685,1.0,0.0367006039689386
database3/database3/m.015dk3/22-FaceId-0_align.webp,0.027592,1.0,0.02589426387349
database3/database3/m.015dnt/38-FaceId-0_align.webp,0.001692,1.0,0.0492678861949922
database3/database3/m.015dnt/42-FaceId-1_align.webp,0.102539,1.0,0.0190608461740884
database3/database3/m.015dqj/29-FaceId-0_align.webp,0.034796,1.0,0.035699623150219
database3/database3/m.015dsz/54-FaceId-1_align.webp,0.002756,1.0,0.0255492816011627
database3/database3/m.015dx/106-FaceId-0_align.webp,0.065832,0.0,0.0350652338229977
database3/database3/m.015dx/112-FaceId-0_align.webp,0.282009,0.0,0.0394583966395566
database3/database3/m.015dx/117-FaceId-0_align.webp,0.154935,0.0,0.0291696627289847
database3/database3/m.015dx/16-FaceId-0_align.webp,0.065933,0.0,0.0394548410529592
database3/database3/m.015dx/75-FaceId-0_align.webp,0.127561,0.0,0.0422048062697428
database3/database3/m.015dz8/51-FaceId-0_align.webp,0.051527,1.0,0.0347721822541966
database3/database3/m.015f6_/9-FaceId-0_align.webp,0.050822,1.0,0.0374949670145878
database3/database3/m.015fxn/110-FaceId-1_align.webp,0.050721,0.0,0.0326732999472851
database3/database3/m.015fyd/19-FaceId-0_align.webp,0.055834,0.0,0.0354368152170419
database3/database3/m.015g36/86-FaceId-0_align.webp,0.010069,0.0,0.0338471419396274
database3/database3/m.015g98/4-FaceId-0_align.webp,0.031227,1.0,0.044773556557201
database3/database3/m.015g_7/108-FaceId-0_align.webp,0.075445,1.0,0.0346483582939062
database3/database3/m.015ghl/29-FaceId-0_align.webp,0.035495,0.0,0.031991459867566
database3/database3/m.015ghl/58-FaceId-0_align.webp,0.114793,0.0,0.0250230475437903
database3/database3/m.015ghl/7-FaceId-0_align.webp,0.022651,0.0,0.0280354302467017
database3/database3/m.015gjr/36-FaceId-0_align.webp,0.054888,1.0,0.0373133367662203
database3/database3/m.015gjr/40-FaceId-0_align.webp,0.045893,1.0,0.0304649735287346
database3/database3/m.015gjr/84-FaceId-0_align.webp,0.042274,1.0,0.0799991973995745
database3/database3/m.015gqm/96-FaceId-1_align.webp,0.236979,1.0,0.0511959024481932
database3/database3/m.015grj/83-FaceId-0_align.webp,0.0,1.0,0.0259990279727831
database3/database3/m.015grj/95-FaceId-0_align.webp,0.006074,1.0,0.0244953805304938
database3/database3/m.015grj/98-FaceId-0_align.webp,0.00126,1.0,0.018206903871156
database3/database3/m.015gsv/100-FaceId-0_align.webp,0.087077,1.0,0.0409896254378873
database3/database3/m.015gsv/72-FaceId-0_align.webp,0.017745,1.0,0.0354218856752448
database3/database3/m.015gx1/70-FaceId-0_align.webp,0.056653,1.0,0.031916003652015
database3/database3/m.015gy7/28-FaceId-0_align.webp,0.011386,1.0,0.0398557849885283
database3/database3/m.015gzc/94-FaceId-0_align.webp,0.077714,1.0,0.0364244175923668
database3/database3/m.015h25/3-FaceId-0_align.webp,0.001481,1.0,0.0246538229981938
database3/database3/m.015h7y/30-FaceId-0_align.webp,0.014431,1.0,0.0380885962954696
database3/database3/m.015htz/46-FaceId-0_align.webp,0.135648,0.0,0.035315224801751
database3/database3/m.015j58/58-FaceId-0_align.webp,0.016994,1.0,0.0337981979594539
database3/database3/m.015j6h/20-FaceId-0_align.webp,0.005265,1.0,0.0384363727875177
database3/database3/m.015j6h/37-FaceId-0_align.webp,0.094841,1.0,0.0450210939773057
database3/database3/m.015j6y/47-FaceId-0_align.webp,0.10488,0.0,0.052426175990503
database3/database3/m.015j6y/5-FaceId-0_align.webp,0.085053,0.0,0.0330059582269363
database3/database3/m.015j6y/73-FaceId-1_align.webp,0.12413,0.0,0.0358300299047221
database3/database3/m.015j8x/17-FaceId-0_align.webp,0.049084,1.0,0.0431905766014687
database3/database3/m.015j8x/42-FaceId-0_align.webp,0.021866,1.0,0.0461911987860394
database3/database3/m.015jjw/46-FaceId-0_align.webp,0.068702,1.0,0.0424692572552877
database3/database3/m.015jjw/69-FaceId-0_align.webp,0.113403,1.0,0.0465324384787471
database3/database3/m.015jvm/105-FaceId-0_align.webp,0.006549,1.0,0.0293393800293116
database3/database3/m.015jvm/32-FaceId-0_align.webp,0.01088,1.0,0.0270050500727552
database3/database3/m.015jvm/85-FaceId-0_align.webp,0.111985,1.0,0.0817636195752539
database3/database3/m.015k04/104-FaceId-0_align.webp,0.087765,0.0,0.0286741008121695
database3/database3/m.015k04/33-FaceId-0_align.webp,0.019732,0.0,0.0364580559254326
database3/database3/m.015k04/68-FaceId-0_align.webp,0.032064,0.0,0.034887160033434
database3/database3/m.015k9x/19-FaceId-0_align.webp,0.079615,0.0,0.0408235833906858
database3/database3/m.015k9x/84-FaceId-0_align.webp,0.154994,0.0,0.1913761467889908
database3/database3/m.015kbd/21-FaceId-0_align.webp,0.030994,1.0,0.0279487497673263
database3/database3/m.015kbd/80-FaceId-0_align.webp,0.061754,1.0,0.1099795714347806
database3/database3/m.015khm/4-FaceId-0_align.webp,0.027803,1.0,0.0215407470288624
database3/database3/m.015klf/75-FaceId-0_align.webp,0.0,1.0,0.0215019979867613
database3/database3/m.015ksl/24-FaceId-0_align.webp,0.23069,1.0,0.0405226306576643
database3/database3/m.015ksl/26-FaceId-1_align.webp,0.043132,1.0,0.0814218100109957
database3/database3/m.015ksl/31-FaceId-0_align.webp,0.096817,1.0,0.0384414862187619
database3/database3/m.015ksl/72-FaceId-0_align.webp,0.014945,1.0,0.0347021870637505
database3/database3/m.015ksy/70-FaceId-0_align.webp,0.064697,1.0,0.0313692352692644
database3/database3/m.015ksy/90-FaceId-0_align.webp,0.039383,1.0,0.0335828030727637
database3/database3/m.015kt_/7-FaceId-0_align.webp,0.084368,1.0,0.034490920652865
database3/database3/m.015l1l/126-FaceId-0_align.webp,0.0,1.0,0.0181389837203396
database3/database3/m.015l51/58-FaceId-0_align.webp,0.077217,1.0,0.0285772412857724
database3/database3/m.015lg2/3-FaceId-0_align.webp,0.081487,1.0,0.0898569272166436
database3/database3/m.015m2c/35-FaceId-0_align.webp,0.111821,0.0,0.0697943491349605
database3/database3/m.015m2c/62-FaceId-0_align.webp,0.107098,0.0,0.0659798789768719
database3/database3/m.015m2c/96-FaceId-0_align.webp,0.077293,0.0,0.0729580414530222
database3/database3/m.015m2v/50-FaceId-0_align.webp,0.014038,1.0,0.0309445624879273
database3/database3/m.015m_9/103-FaceId-0_align.webp,0.203457,0.0,0.0416941275876636
database3/database3/m.015m_9/23-FaceId-0_align.webp,0.194385,0.0,0.0345604530903718
database3/database3/m.015mfy/124-FaceId-0_align.webp,0.011509,1.0,0.0858573717948717
database3/database3/m.015mfy/44-FaceId-0_align.webp,0.015486,1.0,0.0762688788272171
database3/database3/m.015ncq/12-FaceId-0_align.webp,0.097302,0.0,0.0275060827250607
database3/database3/m.015ncq/15-FaceId-0_align.webp,0.108176,0.0,0.0350959597812923
database3/database3/m.015ncq/43-FaceId-0_align.webp,0.173231,0.0,0.0501976284584979
database3/database3/m.015nr6/10-FaceId-0_align.webp,0.135309,0.0,0.022543352601156
database3/database3/m.015nxw/46-FaceId-0_align.webp,0.033616,1.0,0.036159113139876
database3/database3/m.015nz8/33-FaceId-0_align.webp,0.258768,1.0,0.0359109047968075
database3/database3/m.015p0c/3-FaceId-0_align.webp,0.047687,1.0,0.0294991364421415
database3/database3/m.015p37/5-FaceId-0_align.webp,0.024022,0.0,0.0800778035460462
database3/database3/m.015p3p/83-FaceId-3_align.webp,0.095309,1.0,0.0595588805333746
database3/database3/m.015p_p/4-FaceId-0_align.webp,0.041582,1.0,0.0747602557272242
database3/database3/m.015ph6/52-FaceId-0_align.webp,0.019715,1.0,0.0320242224704567
database3/database3/m.015ph6/9-FaceId-0_align.webp,0.017184,1.0,0.0233099868676129
database3/database3/m.015phm/91-FaceId-0_align.webp,0.017375,1.0,0.024360871710049
database3/database3/m.015pqq/24-FaceId-0_align.webp,0.179784,0.0,0.0369775643430629
database3/database3/m.015pqq/66-FaceId-0_align.webp,0.136121,0.0,0.0713698883042554
database3/database3/m.015pqq/87-FaceId-0_align.webp,0.018013,0.0,0.0400554449815183
database3/database3/m.015pt7/51-FaceId-0_align.webp,0.127322,1.0,0.0475480984340044
database3/database3/m.015pt7/58-FaceId-0_align.webp,0.035197,1.0,0.0293091746097322
database3/database3/m.015pt7/60-FaceId-0_align.webp,0.049196,1.0,0.0523550240513094
database3/database3/m.015pvh/112-FaceId-0_align.webp,0.330281,0.0,0.04423530478955
database3/database3/m.015px7/44-FaceId-0_align.webp,0.034165,1.0,0.0327838598686268
database3/database3/m.015px7/91-FaceId-0_align.webp,0.015722,1.0,0.0200626149824096
database3/database3/m.015pxr/76-FaceId-0_align.webp,0.013737,1.0,0.0321175876010781
database3/database3/m.015pxr/85-FaceId-0_align.webp,0.04711,1.0,0.0396739800320472
database3/database3/m.015pz3/26-FaceId-0_align.webp,0.029214,1.0,0.0482242363209129
database3/database3/m.015q3m/88-FaceId-0_align.webp,0.02977,1.0,0.0249123490455784
database3/database3/m.015q43/44-FaceId-0_align.webp,0.14431,0.0,0.0396273382875132
database3/database3/m.015q43/83-FaceId-0_align.webp,0.202776,0.0,0.0468966585356409
database3/database3/m.015q7v/66-FaceId-0_align.webp,0.123951,1.0,0.0401612138454243
database3/database3/m.015q7v/70-FaceId-0_align.webp,0.084162,1.0,0.0385967966573815
database3/database3/m.015q7v/74-FaceId-0_align.webp,0.166774,1.0,0.079496875373164
database3/database3/m.015q7v/95-FaceId-0_align.webp,0.114436,1.0,0.0356049133434292
database3/database3/m.015q9_/38-FaceId-0_align.webp,0.073529,1.0,0.0418847090291827
database3/database3/m.015q9_/55-FaceId-0_align.webp,0.228226,1.0,0.03971330055552
database3/database3/m.015qgb/80-FaceId-0_align.webp,0.240744,0.0,0.0553641463535719
database3/database3/m.015ql4/49-FaceId-0_align.webp,0.010843,1.0,0.0315090151722459
database3/database3/m.015ql_/79-FaceId-0_align.webp,0.076307,0.0,0.0389826285063362
database3/database3/m.015qlm/10-FaceId-0_align.webp,0.050821,0.0,0.0386252755592496
database3/database3/m.015qlm/70-FaceId-0_align.webp,0.030997,0.0,0.037849838046366
database3/database3/m.015qpn/63-FaceId-0_align.webp,0.366396,1.0,0.030198767397249
database3/database3/m.015qq1/36-FaceId-0_align.webp,0.022633,1.0,0.0290422823895004
database3/database3/m.015qty/73-FaceId-0_align.webp,0.019129,1.0,0.0282240628948476
database3/database3/m.015qty/74-FaceId-0_align.webp,0.007618,1.0,0.0363161642535009
database3/database3/m.015qv9/29-FaceId-0_align.webp,0.006101,1.0,0.0372244307914708
database3/database3/m.015qxn/75-FaceId-0_align.webp,0.029389,1.0,0.0172767982964331
database3/database3/m.015qxn/81-FaceId-0_align.webp,0.000968,1.0,0.0551037399673626
database3/database3/m.015qyf/14-FaceId-0_align.webp,0.032701,1.0,0.0354401805869073
database3/database3/m.015qzv/12-FaceId-0_align.webp,0.03298,1.0,0.0758708698351382
database3/database3/m.015qzv/45-FaceId-0_align.webp,0.048204,1.0,0.0665908606353492
database3/database3/m.015qzv/55-FaceId-0_align.webp,0.094832,1.0,0.093255243572395
database3/database3/m.015qzv/57-FaceId-0_align.webp,0.068867,1.0,0.0448470765559253
database3/database3/m.015r3q/35-FaceId-0_align.webp,0.001755,1.0,0.0694351267945792
database3/database3/m.015r4v/28-FaceId-0_align.webp,0.015627,1.0,0.0409972877112454
database3/database3/m.015rhv/21-FaceId-0_align.webp,0.274759,1.0,0.0599107594645567
database3/database3/m.015rmq/88-FaceId-0_align.webp,0.016982,1.0,0.0298820896806953
database3/database3/m.015t_m/31-FaceId-0_align.webp,0.0851,1.0,0.0180605032513428
database3/database3/m.015thk/1-FaceId-0_align.webp,0.117609,1.0,0.0343911550507527
database3/database3/m.015thk/47-FaceId-0_align.webp,0.223814,1.0,0.0609285751716187
database3/database3/m.015thk/89-FaceId-0_align.webp,0.010677,1.0,0.0654552590266875
database3/database3/m.015tp7/25-FaceId-0_align.webp,0.089928,1.0,0.0369780775716694
database3/database3/m.015tp7/4-FaceId-0_align.webp,0.078982,1.0,0.0402977286678943
database3/database3/m.015tv5/22-FaceId-0_align.webp,0.009031,1.0,0.0429146267855944
database3/database3/m.015tv5/54-FaceId-0_align.webp,0.027498,1.0,0.0326139010069865
database3/database3/m.015tyq/50-FaceId-0_align.webp,0.029346,1.0,0.0554343175010696
database3/database3/m.015tyq/63-FaceId-0_align.webp,0.05956,1.0,0.0597889093650527
database3/database3/m.015v98/49-FaceId-0_align.webp,0.062142,0.0,0.0399858588865733
database3/database3/m.015v98/79-FaceId-0_align.webp,0.070144,0.0,0.0382402707275802
database3/database3/m.015vql/63-FaceId-0_align.webp,0.02634,1.0,0.0437104406071406
database3/database3/m.015vyh/54-FaceId-0_align.webp,0.020372,1.0,0.0331110484956638
database3/database3/m.015wfg/59-FaceId-0_align.webp,0.021245,1.0,0.0375579705129092
database3/database3/m.015wfy/41-FaceId-0_align.webp,0.10115,1.0,0.03279798053706
database3/database3/m.015wfy/43-FaceId-0_align.webp,0.000923,1.0,0.0687603610241296
database3/database3/m.015wfy/78-FaceId-0_align.webp,0.064575,1.0,0.0695485226951214
database3/database3/m.015wfy/91-FaceId-0_align.webp,0.156,1.0,0.0568950900741786
database3/database3/m.015wgw/16-FaceId-0_align.webp,0.030553,1.0,0.0308692720208085
database3/database3/m.015wgw/5-FaceId-0_align.webp,0.079937,1.0,0.0390895306361568
database3/database3/m.015wkb/94-FaceId-0_align.webp,0.010721,1.0,0.0328889833596501
database3/database3/m.015x3n/93-FaceId-0_align.webp,0.0,0.0,0.0569063386944181
database3/database3/m.015x63/126-FaceId-0_align.webp,0.077609,0.0,0.0368084086551629
database3/database3/m.015xnd/46-FaceId-0_align.webp,0.021854,1.0,0.0335390751115753
database3/database3/m.015xnd/72-FaceId-0_align.webp,0.171432,1.0,0.0774521297381789
database3/database3/m.015xsn/17-FaceId-0_align.webp,0.021828,1.0,0.055139896050543
database3/database3/m.015xww/31-FaceId-0_align.webp,0.075773,1.0,0.0322299045926841
database3/database3/m.015xys/54-FaceId-0_align.webp,0.054138,1.0,0.0276488212329388
database3/database3/m.015y4c/42-FaceId-0_align.webp,0.097688,1.0,0.029475968992248
database3/database3/m.015y4c/72-FaceId-0_align.webp,0.027368,1.0,0.0311511365146882
database3/database3/m.015y4c/79-FaceId-0_align.webp,0.010835,1.0,0.0272313188448942
database3/database3/m.015yb0/108-FaceId-0_align.webp,0.073526,1.0,0.0279284235050478
database3/database3/m.015ybz/5-FaceId-0_align.webp,0.004767,1.0,0.108546691731314
database3/database3/m.015yg9/69-FaceId-0_align.webp,0.021682,1.0,0.0480426531718778
database3/database3/m.015ykr/19-FaceId-0_align.webp,0.078311,0.0,0.0359429590017824
database3/database3/m.015ykr/9-FaceId-0_align.webp,0.026904,0.0,0.0264735754561691
database3/database3/m.015z4j/106-FaceId-1_align.webp,0.203863,0.0,0.0405280908118779
database3/database3/m.015z4j/30-FaceId-0_align.webp,0.022438,0.0,0.0329794762915781
database3/database3/m.015zj4/3-FaceId-0_align.webp,0.026859,1.0,0.059497656982193
database3/database3/m.015zjx/34-FaceId-0_align.webp,0.188292,1.0,0.0404747369555068
database3/database3/m.015zm4/92-FaceId-0_align.webp,0.019768,1.0,0.0483534759951213
database3/database3/m.015zmm/35-FaceId-0_align.webp,0.071991,0.0,0.034194932897729
database3/database3/m.016077/95-FaceId-0_align.webp,0.023638,1.0,0.0372338201475375
database3/database3/m.0160pf/102-FaceId-0_align.webp,0.037457,1.0,0.0324043610089671
database3/database3/m.016194/12-FaceId-0_align.webp,0.028771,1.0,0.0353485654540422
database3/database3/m.016194/6-FaceId-0_align.webp,0.025295,1.0,0.0280005986231666
database3/database3/m.0161h5/105-FaceId-0_align.webp,0.042175,0.0,0.0360406623349402
database3/database3/m.0161hn/33-FaceId-0_align.webp,0.010683,1.0,0.0467664350614644
database3/database3/m.0162c8/22-FaceId-0_align.webp,0.021055,1.0,0.0391137855579867
database3/database3/m.0162c8/71-FaceId-0_align.webp,0.041746,1.0,0.0376892057740634
database3/database3/m.0162c8/72-FaceId-0_align.webp,0.034776,1.0,0.0371745521777346
database3/database3/m.0162lw/68-FaceId-0_align.webp,0.026272,1.0,0.0360963840121908
database3/database3/m.0162n1/16-FaceId-0_align.webp,0.013549,1.0,0.0713564213564212
database3/database3/m.0162n1/17-FaceId-0_align.webp,0.15524,1.0,0.0735116735116734
database3/database3/m.01635v/83-FaceId-0_align.webp,0.001023,1.0,0.0238155950276722
database3/database3/m.0163bt/91-FaceId-0_align.webp,0.100672,1.0,0.0405311862430777
database3/database3/m.0163kf/72-FaceId-0_align.webp,0.120095,0.0,0.0350210671670856
database3/database3/m.0163kf/83-FaceId-0_align.webp,0.098981,0.0,0.0450715718608683
database3/database3/m.0163rk/30-FaceId-0_align.webp,0.022552,1.0,0.0342676902933999
database3/database3/m.0163s9/24-FaceId-0_align.webp,0.074147,1.0,0.0355643745707089
database3/database3/m.0163s9/74-FaceId-0_align.webp,0.166715,1.0,0.0374619018591892
database3/database3/m.0163t3/106-FaceId-0_align.webp,0.195337,0.0,0.0380368341668651
database3/database3/m.0163t3/9-FaceId-0_align.webp,0.08181,0.0,0.0336650573127073
database3/database3/m.0163y8/74-FaceId-0_align.webp,0.077227,1.0,0.0444743935309972
database3/database3/m.0164c4/60-FaceId-0_align.webp,0.111711,0.0,0.0325393776411832
database3/database3/m.0164lp/69-FaceId-0_align.webp,0.064522,1.0,0.01769843782985
database3/database3/m.0164lp/92-FaceId-0_align.webp,0.151037,1.0,0.0696264482620854
database3/database3/m.0164nb/3-FaceId-0_align.webp,0.089532,1.0,0.0340046049692429
database3/database3/m.0164y7/34-FaceId-0_align.webp,0.005214,1.0,0.0287480452037413
database3/database3/m.0165cp/26-FaceId-0_align.webp,0.006703,0.0,0.0288431467318681
database3/database3/m.0165cp/52-FaceId-0_align.webp,0.057554,0.0,0.026098175148444
database3/database3/m.0165gc/85-FaceId-0_align.webp,0.006716,1.0,0.0280584260129094
database3/database3/m.0165gc/99-FaceId-0_align.webp,0.120842,1.0,0.0380041993590451
database3/database3/m.0165ky/57-FaceId-0_align.webp,0.015031,1.0,0.0827331449333871
database3/database3/m.0165n5/59-FaceId-0_align.webp,0.014306,0.0,0.0252825509300265
database3/database3/m.01666h/59-FaceId-0_align.webp,0.366126,0.0,0.0451624913568427
database3/database3/m.01666h/65-FaceId-0_align.webp,0.324656,0.0,0.0477428044096373
database3/database3/m.0166rp/41-FaceId-0_align.webp,0.108225,1.0,0.0381350729086722
database3/database3/m.0166rp/55-FaceId-0_align.webp,0.058677,1.0,0.0491745872936467
database3/database3/m.0166w_/52-FaceId-0_align.webp,0.055626,1.0,0.0310278415045174
database3/database3/m.0166w_/7-FaceId-0_align.webp,0.051227,1.0,0.0229693646099514
database3/database3/m.0166yl/4-FaceId-0_align.webp,0.128426,1.0,0.0297540491901619
database3/database3/m.0166yl/42-FaceId-0_align.webp,0.00821,1.0,0.0327476933054269
database3/database3/m.0166zk/13-FaceId-0_align.webp,0.040817,1.0,0.0713015025890275
database3/database3/m.0166zk/42-FaceId-0_align.webp,0.020069,1.0,0.0633135879638041
database3/database3/m.0166zk/72-FaceId-0_align.webp,0.015452,1.0,0.0368950441774434
database3/database3/m.01678_/78-FaceId-0_align.webp,0.014927,1.0,0.0289912091965328
database3/database3/m.0167h6/35-FaceId-0_align.webp,0.000892,1.0,0.025806661040057
database3/database3/m.0167xk/87-FaceId-0_align.webp,0.035118,1.0,0.0395284187962621
database3/database3/m.016883/25-FaceId-0_align.webp,0.021581,1.0,0.0359375467352615
database3/database3/m.016883/35-FaceId-0_align.webp,0.016967,1.0,0.0416090179122915
database3/database3/m.016883/79-FaceId-0_align.webp,0.042662,1.0,0.0347850326304397
database3/database3/m.0168cl/73-FaceId-0_align.webp,0.16573,1.0,0.0364945400703312
database3/database3/m.0168ql/60-FaceId-0_align.webp,0.01118,1.0,0.0156996309161961
database3/database3/m.0168vx/9-FaceId-0_align.webp,0.182986,0.0,0.0323251346566725
database3/database3/m.01693z/106-FaceId-0_align.webp,0.308514,1.0,0.0512014339695765
database3/database3/m.01693z/67-FaceId-0_align.webp,0.053019,1.0,0.0299320759294074
database3/database3/m.016959/105-FaceId-0_align.webp,0.10109,1.0,0.0494599356519073
database3/database3/m.016959/51-FaceId-0_align.webp,0.067755,1.0,0.0393117191691576
database3/database3/m.0169ff/102-FaceId-0_align.webp,0.033338,1.0,0.0494398251161337
database3/database3/m.0169ff/36-FaceId-0_align.webp,0.024259,1.0,0.0368884941240775
database3/database3/m.0169ff/79-FaceId-0_align.webp,0.137366,1.0,0.0386201366881752
database3/database3/m.0169mh/14-FaceId-0_align.webp,0.084985,0.0,0.0450705679862305
database3/database3/m.0169r6/43-FaceId-0_align.webp,0.109367,0.0,0.0403425800810745
database3/database3/m.0169v2/37-FaceId-0_align.webp,0.237432,0.0,0.0418863261943986
database3/database3/m.0169v2/60-FaceId-0_align.webp,0.294775,0.0,0.0450389709749915
database3/database3/m.0169x_/12-FaceId-0_align.webp,0.169443,1.0,0.030431067961165
database3/database3/m.016_js/82-FaceId-0_align.webp,0.00161,0.0,0.0297027792074111
database3/database3/m.016_js/90-FaceId-0_align.webp,0.074161,0.0,0.0400995189915408
database3/database3/m.016_mj/9-FaceId-0_align.webp,0.005546,1.0,0.0367978704312974
database3/database3/m.016b6z/92-FaceId-0_align.webp,0.053278,1.0,0.0422592835503919
database3/database3/m.016b90/0-FaceId-0_align.webp,0.006801,1.0,0.0303365999147847
database3/database3/m.016b90/79-FaceId-0_align.webp,0.0,1.0,0.015301689024059
database3/database3/m.016b90/8-FaceId-0_align.webp,0.046454,1.0,0.0223968902735301
database3/database3/m.016b90/93-FaceId-0_align.webp,0.01334,1.0,0.0318265758937184
database3/database3/m.016cn6/6-FaceId-0_align.webp,0.062721,1.0,0.0514748717948717
database3/database3/m.016cn6/90-FaceId-0_align.webp,0.090699,1.0,0.032483712424277
database3/database3/m.016cz6/23-FaceId-1_align.webp,0.213677,1.0,0.0401494967436352
database3/database3/m.016db7/11-FaceId-0_align.webp,0.00104,1.0,0.0337548192283842
database3/database3/m.016dbr/42-FaceId-0_align.webp,0.02227,1.0,0.0361229812975192
database3/database3/m.016fjj/77-FaceId-0_align.webp,0.012807,1.0,0.0349599076471872
database3/database3/m.016fnv/40-FaceId-0_align.webp,0.049743,1.0,0.0356533410027801
database3/database3/m.016g29/40-FaceId-0_align.webp,0.003894,1.0,0.0468230861448877
database3/database3/m.016g29/95-FaceId-0_align.webp,0.017798,1.0,0.0241107888974373
database3/database3/m.016ggh/74-FaceId-0_align.webp,0.004674,1.0,0.0289782339009811
database3/database3/m.016ghw/12-FaceId-0_align.webp,0.035794,1.0,0.0556833102665104
database3/database3/m.016gkf/85-FaceId-0_align.webp,0.159983,1.0,0.0373349561112339
database3/database3/m.016gnp/45-FaceId-0_align.webp,0.027576,1.0,0.0296448775286555
database3/database3/m.016gnp/48-FaceId-0_align.webp,0.0,1.0,0.0364780400692002
database3/database3/m.016gr2/107-FaceId-0_align.webp,0.0,1.0,0.0206065563455608
database3/database3/m.016gr2/38-FaceId-0_align.webp,0.0,1.0,0.0238062071655429
database3/database3/m.016hgp/12-FaceId-0_align.webp,0.055372,0.0,0.0339412796663466
database3/database3/m.016hgp/32-FaceId-12_align.webp,0.159452,0.0,0.0574014649459364
database3/database3/m.016hgp/77-FaceId-4_align.webp,0.110387,0.0,0.0333044172247475
database3/database3/m.016hgp/77-FaceId-7_align.webp,0.08977,0.0,0.0343269862114248
database3/database3/m.016hgp/77-FaceId-9_align.webp,0.121788,0.0,0.0359972751066651
database3/database3/m.016hj7/88-FaceId-0_align.webp,0.028831,1.0,0.0275121415356151
database3/database3/m.016hk4/98-FaceId-0_align.webp,0.002253,1.0,0.0352800853165693
database3/database3/m.016hmf/90-FaceId-0_align.webp,0.168251,1.0,0.0443095247302679
database3/database3/m.016hrc/46-FaceId-0_align.webp,0.064797,0.0,0.0398396512229365
database3/database3/m.016htr/23-FaceId-0_align.webp,0.041326,1.0,0.035604341693751
database3/database3/m.016htr/80-FaceId-0_align.webp,0.0,1.0,0.0940113225564422
database3/database3/m.016hvl/14-FaceId-0_align.webp,0.018608,1.0,0.0435023273367718
database3/database3/m.016hvl/79-FaceId-0_align.webp,0.027134,1.0,0.0374403711690517
database3/database3/m.016hzm/79-FaceId-0_align.webp,0.040554,1.0,0.0625476148872967
database3/database3/m.016j4q/17-FaceId-0_align.webp,0.014713,1.0,0.1380055147058823
database3/database3/m.016j4q/73-FaceId-0_align.webp,0.027874,1.0,0.0799992532855435
database3/database3/m.016j55/23-FaceId-0_align.webp,0.003044,1.0,0.0524715644895914
database3/database3/m.016j_c/80-FaceId-0_align.webp,0.167359,0.0,0.0419692040772066
database3/database3/m.016k0j/73-FaceId-0_align.webp,0.021214,0.0,0.0376288513417577
database3/database3/m.016k38/76-FaceId-0_align.webp,0.03171,1.0,0.0563638088012138
database3/database3/m.016k38/86-FaceId-0_align.webp,0.0969,1.0,0.0723375618291328
database3/database3/m.016k58/57-FaceId-0_align.webp,0.285077,0.0,0.0432498197548665
database3/database3/m.016k6x/11-FaceId-0_align.webp,0.0,1.0,0.0253873285434356
database3/database3/m.016k6x/19-FaceId-0_align.webp,0.0,1.0,0.0224811967931233
database3/database3/m.016k92/3-FaceId-0_align.webp,0.164786,1.0,0.0434948537064877
database3/database3/m.016k92/39-FaceId-0_align.webp,0.115077,1.0,0.0421600543769899
database3/database3/m.016k92/53-FaceId-0_align.webp,0.124335,1.0,0.0387959747714548
database3/database3/m.016k_v/117-FaceId-0_align.webp,0.172292,0.0,0.0344499178981937
database3/database3/m.016k_v/31-FaceId-0_align.webp,0.103765,0.0,0.0361696629628262
database3/database3/m.016k_v/6-FaceId-0_align.webp,0.102662,0.0,0.0353227810844397
database3/database3/m.016kdv/96-FaceId-0_align.webp,0.10171,1.0,0.0324266380812005
database3/database3/m.016kft/30-FaceId-0_align.webp,0.094506,1.0,0.0403202109625164
database3/database3/m.016khd/116-FaceId-0_align.webp,0.014365,1.0,0.0938190184049079
database3/database3/m.016khd/18-FaceId-0_align.webp,0.045446,1.0,0.051783620834031
database3/database3/m.016khd/77-FaceId-0_align.webp,0.016363,1.0,0.0314728332635511
database3/database3/m.016kjs/51-FaceId-0_align.webp,0.103247,1.0,0.0385526546346591
database3/database3/m.016kqk/22-FaceId-0_align.webp,0.109366,1.0,0.0386432757213856
database3/database3/m.016kqk/57-FaceId-0_align.webp,0.028005,1.0,0.0485156744775173
database3/database3/m.016ksk/77-FaceId-0_align.webp,0.033554,1.0,0.0325602769522991
database3/database3/m.016l53/34-FaceId-0_align.webp,0.004644,1.0,0.0784439589984876
database3/database3/m.016l_5/13-FaceId-1_align.webp,0.028409,0.0,0.0821930430776318
database3/database3/m.016l_5/23-FaceId-0_align.webp,0.13632,0.0,0.0367087190206031
database3/database3/m.016l_5/69-FaceId-0_align.webp,0.067658,0.0,0.0342468500384344
database3/database3/m.016lb3/2-FaceId-0_align.webp,0.005513,1.0,0.031344921689606
database3/database3/m.016lh0/74-FaceId-0_align.webp,0.000336,1.0,0.0330695668479279
database3/database3/m.016m0v/15-FaceId-0_align.webp,0.003574,1.0,0.0554659815733521
database3/database3/m.016m0v/47-FaceId-0_align.webp,0.010823,1.0,0.0944724046745713
database3/database3/m.016m0v/48-FaceId-0_align.webp,0.006305,1.0,0.0424406372107002
database3/database3/m.016mgj/22-FaceId-0_align.webp,0.177659,0.0,0.0368884465201745
database3/database3/m.016mgj/72-FaceId-0_align.webp,0.141048,0.0,0.0785880443602921
database3/database3/m.016ntp/45-FaceId-0_align.webp,0.056576,0.0,0.1235730039700044
database3/database3/m.016ntp/58-FaceId-0_align.webp,0.194583,0.0,0.0738701243263432
database3/database3/m.016ntp/78-FaceId-0_align.webp,0.262576,0.0,0.0456960950764006
database3/database3/m.016ntp/85-FaceId-0_align.webp,0.141759,0.0,0.0431453461714809
database3/database3/m.016nvh/2-FaceId-0_align.webp,0.143526,1.0,0.0415801433315853
database3/database3/m.016nvy/82-FaceId-0_align.webp,0.14288,0.0,0.0370292235863737
database3/database3/m.016nws/82-FaceId-0_align.webp,0.154826,1.0,0.0454081415628056
database3/database3/m.016pns/55-FaceId-0_align.webp,0.055966,1.0,0.0409047160731472
database3/database3/m.016q0w/27-FaceId-0_align.webp,0.009996,1.0,0.0363106063205572
database3/database3/m.016q2n/25-FaceId-0_align.webp,0.030179,0.0,0.0379195880126573
database3/database3/m.016q2n/89-FaceId-0_align.webp,0.007529,0.0,0.037304561312831
database3/database3/m.016q4_/99-FaceId-1_align.webp,0.000294,0.0,0.0265979713411688
database3/database3/m.016qrb/16-FaceId-0_align.webp,0.039165,0.0,0.0345023403083699
database3/database3/m.016qrb/78-FaceId-0_align.webp,0.145711,0.0,0.0319783653038599
database3/database3/m.016qtt/15-FaceId-0_align.webp,0.187503,1.0,0.0387671909742238
database3/database3/m.016qtt/25-FaceId-0_align.webp,0.283035,1.0,0.0412049861495844
database3/database3/m.016r3x/42-FaceId-0_align.webp,0.001242,1.0,0.0233741684539604
database3/database3/m.016r3x/44-FaceId-0_align.webp,0.007495,1.0,0.0379525162920219
database3/database3/m.016sff/35-FaceId-0_align.webp,0.025858,1.0,0.1004550960940312
database3/database3/m.016sp_/9-FaceId-0_align.webp,0.355835,1.0,0.0339710420128174
database3/database3/m.016swh/38-FaceId-0_align.webp,0.0,1.0,0.0278120536989431
database3/database3/m.016sz1/68-FaceId-0_align.webp,0.00381,1.0,0.0415026437449823
database3/database3/m.016szr/0-FaceId-0_align.webp,0.081751,1.0,0.0753674490188533
database3/database3/m.016szr/31-FaceId-0_align.webp,0.150774,1.0,0.0734959835925482
database3/database3/m.016t00/27-FaceId-0_align.webp,0.010723,1.0,0.0441520132882753
database3/database3/m.016t00/29-FaceId-0_align.webp,0.026052,1.0,0.0388795726973479
database3/database3/m.016t00/49-FaceId-0_align.webp,0.061342,1.0,0.0465685325069403
database3/database3/m.016tb7/64-FaceId-0_align.webp,0.020212,0.0,0.0335462756081442
database3/database3/m.016tbr/53-FaceId-0_align.webp,0.052696,1.0,0.0400224499402541
database3/database3/m.016tbr/91-FaceId-0_align.webp,0.278026,1.0,0.0494403917257919
database3/database3/m.016tbr/97-FaceId-0_align.webp,0.035531,1.0,0.0435632771248509
database3/database3/m.016tcm/7-FaceId-0_align.webp,0.0,1.0,0.0371198750036167
database3/database3/m.016tqw/18-FaceId-0_align.webp,0.009857,1.0,0.0423053869783471
database3/database3/m.016vqk/91-FaceId-0_align.webp,0.041054,1.0,0.035125664957156
database3/database3/m.016vxj/34-FaceId-0_align.webp,0.081238,1.0,0.0321513944223106
database3/database3/m.016vy9/16-FaceId-0_align.webp,0.135759,0.0,0.0374924834636199
database3/database3/m.016vy9/41-FaceId-0_align.webp,0.023537,0.0,0.0321442726912405
database3/database3/m.016vyp/28-FaceId-0_align.webp,0.086364,1.0,0.0352366391917042
database3/database3/m.016vyp/92-FaceId-0_align.webp,0.043472,1.0,0.032775611702944
database3/database3/m.016wdq/47-FaceId-0_align.webp,0.021942,1.0,0.0745540945189427
database3/database3/m.016wvy/16-FaceId-0_align.webp,0.016451,1.0,0.0347383001879884
database3/database3/m.016wvy/70-FaceId-0_align.webp,0.279688,1.0,0.0460078061003227
database3/database3/m.016wvy/90-FaceId-0_align.webp,0.0652,1.0,0.083618853186579
database3/database3/m.016xk5/94-FaceId-0_align.webp,0.039665,1.0,0.0334458453290975
database3/database3/m.016yr0/49-FaceId-0_align.webp,0.028821,1.0,0.0331726194252362
database3/database3/m.016yr0/53-FaceId-0_align.webp,0.03224,1.0,0.0312759319417194
database3/database3/m.016yr0/98-FaceId-0_align.webp,0.103354,1.0,0.0386779648582222
database3/database3/m.016ywr/2-FaceId-0_align.webp,0.022088,1.0,0.0423681864493122
database3/database3/m.016ywr/21-FaceId-0_align.webp,0.053813,1.0,0.0398983223182511
database3/database3/m.016ywr/76-FaceId-0_align.webp,0.0,1.0,0.0288880918220946
database3/database3/m.016z3d/40-FaceId-0_align.webp,0.041987,1.0,0.0339511298262261
database3/database3/m.016z3d/43-FaceId-0_align.webp,0.184794,1.0,0.0388498568826437
database3/database3/m.016z3d/48-FaceId-0_align.webp,0.181018,1.0,0.0353505722149789
database3/database3/m.016z68/21-FaceId-0_align.webp,0.185954,1.0,0.0424881463084217
database3/database3/m.016z68/89-FaceId-0_align.webp,0.268667,1.0,0.0410340343482354
database3/database3/m.016zp5/13-FaceId-0_align.webp,0.016071,1.0,0.0284299339691855
database3/database3/m.016zp5/31-FaceId-0_align.webp,0.101464,1.0,0.0666340568633444
database3/database3/m.016zp5/64-FaceId-0_align.webp,0.006697,1.0,0.0329609720589058
database3/database3/m.016zp5/68-FaceId-0_align.webp,0.014376,1.0,0.036907590847195
database3/database3/m.016zvk/22-FaceId-0_align.webp,0.104809,0.0,0.0396147083556302
database3/database3/m.016zvk/81-FaceId-0_align.webp,0.147393,0.0,0.0412496618880173
database3/database3/m.016zvk/88-FaceId-0_align.webp,0.080384,0.0,0.0265203043976024
database3/database3/m.016zvk/91-FaceId-0_align.webp,0.084334,0.0,0.0358994501178318
database3/database3/m.0170pk/112-FaceId-0_align.webp,0.029113,1.0,0.0803815951716529
database3/database3/m.0170pk/32-FaceId-0_align.webp,0.0,1.0,0.05867776152158
database3/database3/m.0170pk/71-FaceId-0_align.webp,0.003334,1.0,0.0395413306451612
database3/database3/m.0170pk/93-FaceId-0_align.webp,0.020024,1.0,0.0696055605012668
database3/database3/m.0170q1/39-FaceId-0_align.webp,0.098023,0.0,0.0582513388965001
database3/database3/m.0170qf/10-FaceId-0_align.webp,0.012168,1.0,0.0320835855126938
database3/database3/m.0170qf/66-FaceId-0_align.webp,0.173717,1.0,0.0422130181499814
database3/database3/m.0170s4/35-FaceId-0_align.webp,0.00841,1.0,0.0387649689799451
database3/database3/m.0170s4/44-FaceId-0_align.webp,0.007374,1.0,0.0204568251511763
database3/database3/m.0170s4/48-FaceId-0_align.webp,0.0,1.0,0.0242954271301677
database3/database3/m.0170s4/85-FaceId-0_align.webp,0.00918,1.0,0.025188597754103
database3/database3/m.0170s4/86-FaceId-0_align.webp,0.00659,1.0,0.0289391779865615
database3/database3/m.0170zz/7-FaceId-0_align.webp,0.0033,1.0,0.0623883332060776
database3/database3/m.017115/2-FaceId-0_align.webp,0.178391,1.0,0.0515990236233502
database3/database3/m.0171cm/52-FaceId-0_align.webp,0.078391,1.0,0.0844250142558448
database3/database3/m.0171cm/9-FaceId-0_align.webp,0.020679,1.0,0.0747418640313511
database3/database3/m.0171dv/105-FaceId-0_align.webp,0.019879,1.0,0.0284236540158869
database3/database3/m.0171dv/106-FaceId-0_align.webp,0.079343,1.0,0.0346435208984142
database3/database3/m.0171z8/39-FaceId-0_align.webp,0.1172,0.0,0.1211519222523938
database3/database3/m.01721f/98-FaceId-0_align.webp,0.00066,1.0,0.0282596456366947
database3/database3/m.01728m/45-FaceId-0_align.webp,0.026608,1.0,0.0603996658741887
database3/database3/m.01734j/10-FaceId-0_align.webp,0.107434,1.0,0.059042941018458
database3/database3/m.01737y/7-FaceId-0_align.webp,0.023524,1.0,0.0293803195460653
database3/database3/m.0173cq/55-FaceId-0_align.webp,0.0687,0.0,0.0376820730614817
database3/database3/m.0173cq/82-FaceId-0_align.webp,0.052898,0.0,0.0289603478486598
database3/database3/m.0173p_/66-FaceId-0_align.webp,0.12779,0.0,0.0512769976184609
database3/database3/m.0173p_/82-FaceId-0_align.webp,0.039784,0.0,0.0346077150519149
database3/database3/m.0173p_/97-FaceId-0_align.webp,0.06989,0.0,0.0372932330827067
database3/database3/m.0173s_/56-FaceId-0_align.webp,0.320216,0.0,0.0414890607317992
database3/database3/m.01741h/75-FaceId-0_align.webp,0.057681,1.0,0.0825237817899436
database3/database3/m.01742l/53-FaceId-0_align.webp,0.210558,0.0,0.0448911946966421
database3/database3/m.01744d/24-FaceId-0_align.webp,0.021138,1.0,0.0363699836075526
database3/database3/m.01744d/66-FaceId-0_align.webp,0.069833,1.0,0.0394162046623471
database3/database3/m.017458/60-FaceId-0_align.webp,0.031087,1.0,0.0987513106472213
database3/database3/m.0174z2/31-FaceId-0_align.webp,0.019356,1.0,0.0344043684437418
database3/database3/m.0175m_/104-FaceId-0_align.webp,0.011519,1.0,0.0457049793825149
database3/database3/m.0175m_/106-FaceId-0_align.webp,0.008092,1.0,0.0323266927683094
database3/database3/m.0175s7/91-FaceId-0_align.webp,0.271553,1.0,0.0492444095038434
database3/database3/m.0175w3/23-FaceId-0_align.webp,0.084707,1.0,0.0780839447193311
database3/database3/m.0175w3/40-FaceId-0_align.webp,0.14122,1.0,0.1033292694363686
database3/database3/m.0175w3/8-FaceId-0_align.webp,0.022898,1.0,0.1069322003894494
database3/database3/m.01762z/69-FaceId-0_align.webp,0.001793,1.0,0.0279666221146551
database3/database3/m.017729/106-FaceId-0_align.webp,0.004005,1.0,0.0380501015572105
database3/database3/m.01772q/118-FaceId-0_align.webp,0.005376,1.0,0.0221216452278862
database3/database3/m.01778_/1-FaceId-0_align.webp,0.151831,0.0,0.081978942233424
database3/database3/m.01778_/5-FaceId-0_align.webp,0.080886,0.0,0.0695497893102683
database3/database3/m.0177s6/54-FaceId-0_align.webp,0.003871,1.0,0.0885622598153796
database3/database3/m.0177s6/83-FaceId-0_align.webp,0.194958,1.0,0.0732862346837399
database3/database3/m.0178_j/46-FaceId-0_align.webp,0.038586,1.0,0.0627028845345218
database3/database3/m.0178d6/53-FaceId-0_align.webp,0.019408,1.0,0.0311575106426109
database3/database3/m.0178d6/9-FaceId-0_align.webp,0.038126,1.0,0.0386739531685425
database3/database3/m.0178sb/20-FaceId-0_align.webp,0.025953,1.0,0.0319400049176296
database3/database3/m.01791s/104-FaceId-0_align.webp,0.057011,1.0,0.233241329653186
database3/database3/m.01793l/15-FaceId-0_align.webp,0.11519,1.0,0.0876008306045842
database3/database3/m.01793l/3-FaceId-0_align.webp,0.021997,1.0,0.0708734189193451
database3/database3/m.01793l/48-FaceId-0_align.webp,0.070141,1.0,0.0969104086562999
database3/database3/m.01793l/77-FaceId-0_align.webp,0.068916,1.0,0.1044082277345011
database3/database3/m.01794d/22-FaceId-0_align.webp,0.132698,1.0,0.0303133747525089
database3/database3/m.0179n7/47-FaceId-0_align.webp,0.025063,1.0,0.0346468981662114
database3/database3/m.0179ys/22-FaceId-0_align.webp,0.03888,1.0,0.0416848923283983
database3/database3/m.017_65/24-FaceId-0_align.webp,0.104039,1.0,0.0708974358974358
database3/database3/m.017__g/2-FaceId-0_align.webp,0.026314,1.0,0.0313656862085212
database3/database3/m.017__g/30-FaceId-0_align.webp,0.064708,1.0,0.0407450439329024
database3/database3/m.017_dr/0-FaceId-1_align.webp,0.037641,1.0,0.0925418569254185
database3/database3/m.017_dr/14-FaceId-0_align.webp,0.005491,1.0,0.0424133011093963
database3/database3/m.017_dr/47-FaceId-0_align.webp,0.191478,1.0,0.0401381215469612
database3/database3/m.017_dr/57-FaceId-0_align.webp,0.038308,1.0,0.08783915543153
database3/database3/m.017_j4/45-FaceId-0_align.webp,0.032452,1.0,0.0677582042903821
database3/database3/m.017_j4/54-FaceId-0_align.webp,0.009302,1.0,0.0704631506482578
database3/database3/m.017_j4/93-FaceId-0_align.webp,0.05205,1.0,0.1154306180790588
database3/database3/m.017_l1/23-FaceId-0_align.webp,0.033635,1.0,0.0294714509731573
database3/database3/m.017_l1/5-FaceId-0_align.webp,0.0,1.0,0.0323889481664513
database3/database3/m.017_xx/84-FaceId-0_align.webp,0.180042,0.0,0.0388162620313173
database3/database3/m.017bd/83-FaceId-0_align.webp,0.002036,1.0,0.0596673520340724
database3/database3/m.017bd/85-FaceId-0_align.webp,0.002715,1.0,0.0736198149806027
database3/database3/m.017bk6/90-FaceId-2_align.webp,0.056904,0.0,0.0315173275054636
database3/database3/m.017bxq/72-FaceId-0_align.webp,0.032315,1.0,0.0336170344464733
database3/database3/m.017c87/108-FaceId-0_align.webp,0.012746,1.0,0.0649540218097288
database3/database3/m.017c87/7-FaceId-0_align.webp,0.008884,1.0,0.0242024789190286
database3/database3/m.017cgg/62-FaceId-0_align.webp,0.009893,1.0,0.0769849110831686
database3/database3/m.017d3v/21-FaceId-0_align.webp,0.000486,1.0,0.0168307798785666
database3/database3/m.017dpj/104-FaceId-0_align.webp,0.159674,1.0,0.0764754436648782
database3/database3/m.017dpj/116-FaceId-0_align.webp,0.004563,1.0,0.0699112469081914
database3/database3/m.017dpj/14-FaceId-0_align.webp,0.012759,1.0,0.0585165599777344
database3/database3/m.017dpj/6-FaceId-0_align.webp,0.157516,1.0,0.0817105434358329
database3/database3/m.017dpj/81-FaceId-0_align.webp,0.117413,1.0,0.0955535829567462
database3/database3/m.017dpj/98-FaceId-0_align.webp,0.093515,1.0,0.0730268364630548
database3/database3/m.017f4y/21-FaceId-0_align.webp,0.009046,1.0,0.036201361696123
database3/database3/m.017fgp/17-FaceId-0_align.webp,0.004873,1.0,0.0156805399325084
database3/database3/m.017fhk/5-FaceId-0_align.webp,0.05945,1.0,0.0580693430656934
database3/database3/m.017fhk/70-FaceId-0_align.webp,0.025921,1.0,0.0276654621219519
database3/database3/m.017fhk/87-FaceId-0_align.webp,0.146412,1.0,0.0597218853585576
database3/database3/m.017fj_/2-FaceId-0_align.webp,0.022486,1.0,0.0305073258891111
database3/database3/m.017fj_/97-FaceId-0_align.webp,0.013264,1.0,0.0650876849221122
database3/database3/m.017fks/21-FaceId-0_align.webp,0.013755,1.0,0.0323629761792969
database3/database3/m.017fks/34-FaceId-0_align.webp,0.010024,1.0,0.1052823971580084
database3/database3/m.017fl5/7-FaceId-0_align.webp,0.088967,1.0,0.0388207978075517
database3/database3/m.017fl5/89-FaceId-0_align.webp,0.156395,1.0,0.056189550650192
database3/database3/m.017fl_/0-FaceId-0_align.webp,0.016489,1.0,0.0903558228403181
database3/database3/m.017fp0/26-FaceId-0_align.webp,0.014762,1.0,0.0322115064848686
database3/database3/m.017fp0/70-FaceId-0_align.webp,0.102621,1.0,0.0403922946682425
database3/database3/m.017fp0/85-FaceId-0_align.webp,0.016216,1.0,0.0383528234631979
database3/database3/m.017fp0/92-FaceId-0_align.webp,0.03683,1.0,0.0682111047943906
database3/database3/m.017frf/2-FaceId-0_align.webp,0.239226,1.0,0.0337944106141871
database3/database3/m.017frf/48-FaceId-0_align.webp,0.242631,1.0,0.0359119521754621
database3/database3/m.017ft0/4-FaceId-0_align.webp,0.025186,0.0,0.0298555118364187
database3/database3/m.017fxp/62-FaceId-0_align.webp,0.006207,1.0,0.0573769996068825
database3/database3/m.017fzy/33-FaceId-0_align.webp,0.135665,1.0,0.0321014013351776
database3/database3/m.017fzy/38-FaceId-0_align.webp,0.020138,1.0,0.038883726692684
database3/database3/m.017fzy/44-FaceId-0_align.webp,0.119262,1.0,0.0414845245692405
database3/database3/m.017fzy/7-FaceId-0_align.webp,0.042513,1.0,0.0343523529225608
database3/database3/m.017fzy/84-FaceId-0_align.webp,0.1089,1.0,0.0359299447934513
database3/database3/m.017fzy/88-FaceId-0_align.webp,0.093437,1.0,0.0346153846153845
database3/database3/m.017g21/51-FaceId-0_align.webp,0.121234,1.0,0.0443191279993944
database3/database3/m.017g2y/13-FaceId-0_align.webp,0.026164,1.0,0.0344163260399133
database3/database3/m.017gd_/53-FaceId-0_align.webp,0.006889,1.0,0.0865115859706067
database3/database3/m.017gd_/59-FaceId-0_align.webp,0.012556,1.0,0.0592247179012564
database3/database3/m.017gxw/53-FaceId-0_align.webp,0.064935,0.0,0.0354220167779489
database3/database3/m.017h4c/0-FaceId-0_align.webp,0.049628,1.0,0.0696989843028623
database3/database3/m.017h_2/23-FaceId-0_align.webp,0.06887,1.0,0.0827501189497815
database3/database3/m.017hgl/21-FaceId-0_align.webp,0.089799,1.0,0.0365988964855462
database3/database3/m.017hgl/42-FaceId-0_align.webp,0.004642,1.0,0.0400535629534205
database3/database3/m.017hjk/57-FaceId-0_align.webp,0.009431,1.0,0.0387587177291079
database3/database3/m.017hm9/3-FaceId-0_align.webp,0.001744,1.0,0.1084281390251538
database3/database3/m.017hm9/36-FaceId-0_align.webp,0.002432,1.0,0.0347318908748823
database3/database3/m.017hw4/23-FaceId-0_align.webp,0.000412,1.0,0.0367720309514112
database3/database3/m.017hwl/3-FaceId-0_align.webp,0.014017,1.0,0.0802678543226254
database3/database3/m.017j1w/26-FaceId-0_align.webp,0.021211,1.0,0.0287336423918783
database3/database3/m.017j1w/35-FaceId-0_align.webp,0.039099,1.0,0.0303861821737004
database3/database3/m.017j1w/8-FaceId-0_align.webp,0.052854,1.0,0.0293685246281182
database3/database3/m.017j2b/85-FaceId-0_align.webp,0.008707,1.0,0.0546021840873634
database3/database3/m.017jwg/17-FaceId-0_align.webp,0.002376,1.0,0.0445379354792509
database3/database3/m.017jwg/53-FaceId-0_align.webp,0.066995,0.0,0.036348651677985
database3/database3/m.017jwg/82-FaceId-0_align.webp,0.035246,1.0,0.0385764200241179
database3/database3/m.017kb5/32-FaceId-0_align.webp,0.006182,1.0,0.0362619588409387
database3/database3/m.017kgm/108-FaceId-1_align.webp,0.015319,1.0,0.0196944057336253
database3/database3/m.017kgm/94-FaceId-0_align.webp,0.003416,1.0,0.0265788986702619
database3/database3/m.017kq/37-FaceId-0_align.webp,0.040762,1.0,0.0707920792079207
database3/database3/m.017kq/48-FaceId-0_align.webp,0.009092,1.0,0.0676079794359364
database3/database3/m.017l4/11-FaceId-0_align.webp,0.001488,1.0,0.0311214545454544
database3/database3/m.017l4/73-FaceId-0_align.webp,0.09873,1.0,0.0388210765731614
database3/database3/m.017l4/80-FaceId-0_align.webp,0.025497,1.0,0.0516065720854594
database3/database3/m.017l7y/97-FaceId-0_align.webp,0.002424,1.0,0.0230660104226982
database3/database3/m.017lcg/63-FaceId-0_align.webp,0.136168,1.0,0.0379650751199559
database3/database3/m.017m2y/105-FaceId-0_align.webp,0.084072,0.0,0.0365169135060619
database3/database3/m.017m2y/30-FaceId-0_align.webp,0.20052,0.0,0.0395416961965508
database3/database3/m.017mrb/26-FaceId-0_align.webp,0.125876,1.0,0.0324667437825332
database3/database3/m.017q3j/27-FaceId-0_align.webp,0.040475,1.0,0.0353006372956497
database3/database3/m.017q3j/87-FaceId-1_align.webp,0.137407,1.0,0.0539890030086107
database3/database3/m.017qkp/105-FaceId-0_align.webp,0.016276,1.0,0.0317936790258585
database3/database3/m.017qkp/8-FaceId-0_align.webp,0.006413,1.0,0.0304401527060408
database3/database3/m.017r13/15-FaceId-0_align.webp,0.004576,1.0,0.0286599197347757
database3/database3/m.017r13/32-FaceId-0_align.webp,0.001926,1.0,0.0283441832593358
database3/database3/m.017r13/71-FaceId-0_align.webp,0.149849,1.0,0.0401030927835051
database3/database3/m.017r5g/69-FaceId-0_align.webp,0.246362,0.0,0.0458477898436443
database3/database3/m.017rh4/92-FaceId-0_align.webp,0.059749,1.0,0.0372375271523635
database3/database3/m.017rjs/94-FaceId-0_align.webp,0.227853,1.0,0.035256884809002
database3/database3/m.017tk3/113-FaceId-0_align.webp,0.041074,1.0,0.0427962669484063
database3/database3/m.017tk3/5-FaceId-0_align.webp,0.023981,1.0,0.0413749999999999
database3/database3/m.017tk3/61-FaceId-0_align.webp,0.058875,1.0,0.04738986861519
database3/database3/m.017tk3/83-FaceId-0_align.webp,0.016266,1.0,0.037656930982892
database3/database3/m.017tkv/15-FaceId-0_align.webp,0.09519,0.0,0.0329063576573755
database3/database3/m.017tkv/5-FaceId-0_align.webp,0.108291,0.0,0.0366390041493775
database3/database3/m.017tlt/70-FaceId-0_align.webp,0.079127,1.0,0.0230946398659966
database3/database3/m.017tn4/17-FaceId-0_align.webp,0.026983,1.0,0.0695091947792001
database3/database3/m.017tn4/54-FaceId-2_align.webp,0.042656,1.0,0.0578248085090934
database3/database3/m.017tnz/116-FaceId-0_align.webp,0.135035,1.0,0.0422597794175989
database3/database3/m.017vfn/43-FaceId-0_align.webp,0.036126,1.0,0.0376831713712786
database3/database3/m.017vkk/88-FaceId-0_align.webp,0.022172,0.0,0.0361519134132199
database3/database3/m.017vkx/34-FaceId-1_align.webp,0.050784,1.0,0.0827628468878577
database3/database3/m.017wbg/77-FaceId-0_align.webp,0.079706,1.0,0.0329943155630664
database3/database3/m.017x_s/36-FaceId-0_align.webp,0.021378,1.0,0.1081578221282074
database3/database3/m.017xm3/52-FaceId-0_align.webp,0.225925,0.0,0.0403973765432098
database3/database3/m.017yfz/93-FaceId-0_align.webp,0.237267,1.0,0.0
database3/database3/m.017yvm/5-FaceId-0_align.webp,0.011632,1.0,0.0383017259748561
database3/database3/m.017yvm/93-FaceId-0_align.webp,0.007487,1.0,0.0613281031101148
database3/database3/m.017yzt/119-FaceId-0_align.webp,0.299381,0.0,0.0414091259309989
database3/database3/m.017yzt/55-FaceId-0_align.webp,0.055778,0.0,0.0300499147027231
database3/database3/m.017yzt/61-FaceId-0_align.webp,0.0,0.0,0.0277921991480298
database3/database3/m.017z_/91-FaceId-0_align.webp,0.06531,1.0,0.0742695990910566
database3/database3/m.017zng/39-FaceId-0_align.webp,0.114304,1.0,0.0345761435223225
database3/database3/m.017zng/73-FaceId-0_align.webp,0.087005,1.0,0.0418929024287153
database3/database3/m.017zng/97-FaceId-0_align.webp,0.096418,1.0,0.0305272924076077
database3/database3/m.01804k/55-FaceId-0_align.webp,0.104401,0.0,0.0361214063908644
database3/database3/m.01807/65-FaceId-0_align.webp,0.087681,1.0,0.083359169400483
database3/database3/m.01807/73-FaceId-0_align.webp,0.147607,1.0,0.0929050352776195
database3/database3/m.018144/31-FaceId-0_align.webp,0.317719,1.0,0.0330920755027346
database3/database3/m.018144/55-FaceId-0_align.webp,0.076827,1.0,0.0357355864811132
database3/database3/m.01815s/106-FaceId-0_align.webp,0.234236,0.0,0.0393572778827976
database3/database3/m.01815s/50-FaceId-0_align.webp,0.243106,0.0,0.0382667539838462
database3/database3/m.01815s/64-FaceId-0_align.webp,0.173641,0.0,0.0354856915211472
database3/database3/m.0181gp/6-FaceId-0_align.webp,0.043543,1.0,0.035654817424949
database3/database3/m.0181j_/107-FaceId-0_align.webp,0.027129,0.0,0.0343603756399383
database3/database3/m.0181kg/14-FaceId-0_align.webp,0.119867,1.0,0.0779600676417361
database3/database3/m.0181lj/18-FaceId-0_align.webp,0.190172,1.0,0.0238429069554046
database3/database3/m.0181p_/19-FaceId-0_align.webp,0.041166,1.0,0.0665498001960339
database3/database3/m.0181p_/99-FaceId-0_align.webp,0.035046,1.0,0.0353070752235664
database3/database3/m.0181ph/4-FaceId-0_align.webp,0.019163,1.0,0.0533937985003764
database3/database3/m.0181ph/8-FaceId-0_align.webp,0.037384,1.0,0.0
database3/database3/m.0181x9/43-FaceId-0_align.webp,0.029481,1.0,0.0343542835288117
database3/database3/m.0181xq/13-FaceId-0_align.webp,0.002527,0.0,0.0554506404550907
database3/database3/m.0182hg/59-FaceId-0_align.webp,0.003662,1.0,0.032417237159771
database3/database3/m.0182q2/111-FaceId-0_align.webp,0.014398,1.0,0.0361695310224293
database3/database3/m.0182q2/47-FaceId-0_align.webp,0.020684,1.0,0.0355186349348899
database3/database3/m.0182q2/58-FaceId-0_align.webp,0.034155,1.0,0.0303381642512076
database3/database3/m.0182vk/101-FaceId-0_align.webp,0.185784,1.0,0.0893947573630855
database3/database3/m.0182vk/97-FaceId-0_align.webp,0.113244,1.0,0.0419078761454927
database3/database3/m.01830j/15-FaceId-0_align.webp,0.208446,0.0,0.0480610934005804
database3/database3/m.01833g/76-FaceId-0_align.webp,0.008544,1.0,0.0342751186398063
database3/database3/m.018348/1-FaceId-0_align.webp,0.029671,1.0,0.0742411896516601
database3/database3/m.0183f9/72-FaceId-0_align.webp,0.028848,1.0,0.0678311397367683
database3/database3/m.018417/7-FaceId-0_align.webp,0.270045,0.0,0.0404313884752492
database3/database3/m.018493/45-FaceId-0_align.webp,0.059135,0.0,0.0421210517028409
database3/database3/m.0184cd/37-FaceId-0_align.webp,0.012663,0.0,0.0371263484853544
database3/database3/m.0184cd/69-FaceId-0_align.webp,0.041234,0.0,0.0377137274059599
database3/database3/m.0184jc/9-FaceId-0_align.webp,0.061679,1.0,0.0473101646557353
database3/database3/m.0184xq/86-FaceId-0_align.webp,0.010468,1.0,0.0459513633014001
database3/database3/m.0185gs/107-FaceId-0_align.webp,0.133885,1.0,0.0402523737103867
database3/database3/m.0187y5/50-FaceId-0_align.webp,0.011259,1.0,0.1403138444396298
database3/database3/m.0187y5/55-FaceId-0_align.webp,0.018906,1.0,0.0388023467529839
database3/database3/m.0188n0/16-FaceId-0_align.webp,0.119925,1.0,0.0412294250033096
database3/database3/m.0188n0/81-FaceId-0_align.webp,0.437819,1.0,0.0495443949989404
database3/database3/m.0188n0/93-FaceId-0_align.webp,0.241643,1.0,0.0484225621414913
database3/database3/m.0188nj/68-FaceId-0_align.webp,0.036499,1.0,0.0287450374276448
database3/database3/m.018_3q/101-FaceId-0_align.webp,0.001235,1.0,0.0550616575853168
database3/database3/m.018_3q/89-FaceId-0_align.webp,0.024563,1.0,0.0288337610493298
database3/database3/m.018_lb/81-FaceId-0_align.webp,0.104704,0.0,0.0263119160373735
database3/database3/m.018c42/45-FaceId-1_align.webp,0.268912,1.0,0.0393243898496847
database3/database3/m.018c42/5-FaceId-0_align.webp,0.033426,1.0,0.0365446922050695
database3/database3/m.018cx_/16-FaceId-0_align.webp,0.128439,0.0,0.0384865803371192
database3/database3/m.018dnt/83-FaceId-0_align.webp,0.012334,1.0,0.0350722138391894
database3/database3/m.018dpq/74-FaceId-0_align.webp,0.08469,1.0,0.0374759187234196
database3/database3/m.018dpq/9-FaceId-0_align.webp,0.06436,1.0,0.0367602399822235
database3/database3/m.018dq3/21-FaceId-0_align.webp,0.264271,0.0,0.0407924257381315
database3/database3/m.018dq3/43-FaceId-0_align.webp,0.005771,0.0,0.0359852530751472
database3/database3/m.018dqg/14-FaceId-0_align.webp,0.002005,1.0,0.0271829964365677
database3/database3/m.018dyl/57-FaceId-0_align.webp,0.066796,1.0,0.0244658152694888
database3/database3/m.018f07/77-FaceId-0_align.webp,0.067893,1.0,0.0476081298797867
database3/database3/m.018f07/88-FaceId-0_align.webp,0.019681,1.0,0.0335143029494871
database3/database3/m.018f_y/78-FaceId-0_align.webp,0.005574,1.0,0.1215764097136472
database3/database3/m.018fkc/18-FaceId-0_align.webp,0.048624,0.0,0.0487308386731334
database3/database3/m.018fkc/51-FaceId-0_align.webp,0.004824,1.0,0.0371146920588413
database3/database3/m.018fmr/107-FaceId-0_align.webp,0.087037,0.0,0.0395210222000142
database3/database3/m.018fmr/38-FaceId-0_align.webp,0.082888,0.0,0.0726310659333007
database3/database3/m.018fmr/39-FaceId-0_align.webp,0.154489,0.0,0.0367623604465709
database3/database3/m.018fmr/77-FaceId-0_align.webp,0.094029,0.0,0.0353858583020126
database3/database3/m.018fmr/96-FaceId-0_align.webp,0.118151,0.0,0.0456339864546738
database3/database3/m.018fvy/74-FaceId-0_align.webp,0.006913,1.0,0.0326869011417751
database3/database3/m.018fwb/106-FaceId-0_align.webp,0.105164,0.0,0.0442071620541874
database3/database3/m.018fyy/5-FaceId-0_align.webp,0.161114,0.0,0.0362351441532636
database3/database3/m.018fzs/56-FaceId-0_align.webp,0.057952,1.0,0.0699993097736056
database3/database3/m.018fzs/60-FaceId-0_align.webp,0.058021,1.0,0.0307707393606588
database3/database3/m.018fzs/89-FaceId-0_align.webp,0.00707,1.0,0.0296314416177429
database3/database3/m.018g4z/59-FaceId-0_align.webp,0.266921,0.0,0.0813361510013927
database3/database3/m.018gcf/20-FaceId-0_align.webp,0.017916,1.0,0.0326441721354317
database3/database3/m.018gcf/28-FaceId-0_align.webp,0.0,1.0,0.0410295573469098
database3/database3/m.018gjx/0-FaceId-0_align.webp,0.03658,1.0,0.0344663051897752
database3/database3/m.018gjx/88-FaceId-1_align.webp,0.040357,1.0,0.0367108576282498
database3/database3/m.018gkb/31-FaceId-0_align.webp,0.133832,1.0,0.0937300922045263
database3/database3/m.018gkb/69-FaceId-0_align.webp,0.119964,1.0,0.0363838771593089
database3/database3/m.018gl5/55-FaceId-0_align.webp,0.0,1.0,0.0340768059946141
database3/database3/m.018gn4/7-FaceId-0_align.webp,0.045659,1.0,0.0395157707685472
database3/database3/m.018gn4/95-FaceId-0_align.webp,0.084694,1.0,0.0439929389775362
database3/database3/m.018gqj/17-FaceId-0_align.webp,0.18042,1.0,0.0385456938389404
database3/database3/m.018gqj/45-FaceId-0_align.webp,0.048033,1.0,0.0374635568513119
database3/database3/m.018gqj/51-FaceId-0_align.webp,0.113401,1.0,0.039654669057847
database3/database3/m.018gqj/9-FaceId-0_align.webp,0.182644,1.0,0.0451599722142769
database3/database3/m.018gsl/54-FaceId-0_align.webp,0.015144,1.0,0.1090529047138532
database3/database3/m.018gw3/19-FaceId-0_align.webp,0.042889,1.0,0.0692342546443134
database3/database3/m.018h84/20-FaceId-0_align.webp,0.006714,1.0,0.0373982733545811
database3/database3/m.018h84/4-FaceId-0_align.webp,0.077047,1.0,0.0290703114556877
database3/database3/m.018hhw/26-FaceId-0_align.webp,0.058762,0.0,0.0390961827687459
database3/database3/m.018hwl/22-FaceId-0_align.webp,0.105538,1.0,0.0452314141789782
database3/database3/m.018j3w/52-FaceId-0_align.webp,0.03127,1.0,0.0264888337468982
database3/database3/m.018j4c/21-FaceId-0_align.webp,0.159984,1.0,0.0365096710741994
database3/database3/m.018j4c/60-FaceId-0_align.webp,0.116911,1.0,0.0489883016423426
database3/database3/m.018j4c/72-FaceId-0_align.webp,0.050298,1.0,0.0365610890682719
database3/database3/m.018j5m/87-FaceId-0_align.webp,0.119486,0.0,0.0449429554509235
database3/database3/m.018jnn/6-FaceId-0_align.webp,0.046059,1.0,0.0281398905817988
database3/database3/m.018jnn/60-FaceId-0_align.webp,0.021036,1.0,0.026705787596364
database3/database3/m.018jz8/4-FaceId-0_align.webp,0.129694,1.0,0.0366722295210026
database3/database3/m.018kd0/56-FaceId-0_align.webp,0.078738,1.0,0.0426294204132167
database3/database3/m.018kjc/45-FaceId-0_align.webp,0.336481,1.0,0.0507358519192838
database3/database3/m.018kjc/74-FaceId-0_align.webp,0.359873,1.0,0.0471672487388435
database3/database3/m.018lb1/1-FaceId-0_align.webp,0.066363,0.0,0.0354317777473655
database3/database3/m.018lb1/113-FaceId-0_align.webp,0.174767,0.0,0.0397873120645397
database3/database3/m.018lb1/45-FaceId-0_align.webp,0.011283,0.0,0.0313570239105161
database3/database3/m.018lb1/60-FaceId-0_align.webp,0.101898,0.0,0.0341609794574573
database3/database3/m.018lb1/67-FaceId-0_align.webp,0.058712,0.0,0.0292387543252594
database3/database3/m.018lp7/31-FaceId-0_align.webp,0.068826,0.0,0.0381091225953481
database3/database3/m.018lp7/5-FaceId-0_align.webp,0.037973,0.0,0.0359450125279339
database3/database3/m.018lpm/41-FaceId-0_align.webp,0.03151,1.0,0.0652683266316114
database3/database3/m.018lx_/11-FaceId-0_align.webp,0.157239,1.0,0.049559231552699
database3/database3/m.018lxn/67-FaceId-0_align.webp,0.041223,0.0,0.0335539094650205
database3/database3/m.018m5c/31-FaceId-0_align.webp,0.012538,1.0,0.0251203876943839
database3/database3/m.018m5c/6-FaceId-0_align.webp,0.013236,1.0,0.0289895470383274
database3/database3/m.018m5c/74-FaceId-0_align.webp,0.007729,1.0,0.0400603032900764
database3/database3/m.018mfl/68-FaceId-0_align.webp,0.01486,1.0,0.0556944978838014
database3/database3/m.018n52/37-FaceId-0_align.webp,0.024108,1.0,0.0285728077232501
database3/database3/m.018n7d/44-FaceId-0_align.webp,0.002157,1.0,0.0307310785440075
database3/database3/m.018n9d/58-FaceId-0_align.webp,0.182622,1.0,0.0355663271102358
database3/database3/m.018nqq/25-FaceId-0_align.webp,0.02666,1.0,0.0266182181946569
database3/database3/m.018nqq/56-FaceId-0_align.webp,0.002557,1.0,0.0341241999015262
database3/database3/m.018nwp/42-FaceId-0_align.webp,0.023176,1.0,0.0877767722473604
database3/database3/m.018p19/2-FaceId-0_align.webp,0.029409,1.0,0.0602596022972479
database3/database3/m.018pj3/21-FaceId-0_align.webp,0.206243,0.0,0.0282460212201591
database3/database3/m.018pkl/117-FaceId-0_align.webp,0.00271,1.0,0.0402812445069431
database3/database3/m.018ptf/125-FaceId-1_align.webp,0.193842,0.0,0.0603865006479237
database3/database3/m.018ptf/6-FaceId-0_align.webp,0.184452,1.0,0.0350222637173226
database3/database3/m.018ptf/69-FaceId-0_align.webp,0.264398,1.0,0.0627192683093303
database3/database3/m.018ptf/87-FaceId-0_align.webp,0.284614,1.0,0.0447749081013987
database3/database3/m.018pyg/114-FaceId-0_align.webp,0.004286,0.0,0.0285919265352974
database3/database3/m.018pyg/50-FaceId-0_align.webp,0.094308,0.0,0.0274670080756351
database3/database3/m.018q7p/61-FaceId-0_align.webp,0.113962,1.0,0.0442043478260868
database3/database3/m.018qkz/35-FaceId-0_align.webp,0.11651,0.0,0.0387984681665868
database3/database3/m.018qkz/48-FaceId-0_align.webp,0.078768,0.0,0.0369120209059233
database3/database3/m.018qlp/1-FaceId-0_align.webp,0.057596,0.0,0.0434529068740059
database3/database3/m.018qlp/2-FaceId-0_align.webp,0.201501,0.0,0.0493815869697761
database3/database3/m.018qlp/67-FaceId-0_align.webp,0.023725,0.0,0.0333120612635609
database3/database3/m.018qlp/73-FaceId-0_align.webp,0.048836,0.0,0.0364522948919047
database3/database3/m.018qlp/81-FaceId-0_align.webp,0.220874,0.0,0.0414226963638584
database3/database3/m.018qlp/99-FaceId-0_align.webp,0.098556,0.0,0.0364618924761173
database3/database3/m.018qn8/16-FaceId-0_align.webp,0.180079,0.0,0.0394512478685474
database3/database3/m.018qn8/24-FaceId-0_align.webp,0.067297,0.0,0.0390376882709738
database3/database3/m.018qn8/3-FaceId-0_align.webp,0.144663,0.0,0.0389860276325032
database3/database3/m.018qpb/20-FaceId-0_align.webp,0.030827,0.0,0.0250325945241198
database3/database3/m.018qpb/42-FaceId-0_align.webp,0.04676,0.0,0.0329211452487395
database3/database3/m.018qr9/59-FaceId-0_align.webp,0.041718,0.0,0.0340451919295804
database3/database3/m.018qwf/0-FaceId-0_align.webp,0.034965,1.0,0.0263242857679167
database3/database3/m.018qx5/48-FaceId-0_align.webp,0.145397,0.0,0.0890808986054735
database3/database3/m.018r3g/1-FaceId-0_align.webp,0.015575,1.0,0.0884669397308366
database3/database3/m.018rsq/63-FaceId-0_align.webp,0.05182,1.0,0.030088634649233
database3/database3/m.018rsq/82-FaceId-0_align.webp,0.021029,1.0,0.0474038202851761
database3/database3/m.018ry5/78-FaceId-0_align.webp,0.052713,1.0,0.0388479691075514
database3/database3/m.018s7v/75-FaceId-0_align.webp,0.055964,0.0,0.0405703295483965
database3/database3/m.018slq/19-FaceId-0_align.webp,0.164016,1.0,0.0385903352530607
database3/database3/m.018swb/94-FaceId-0_align.webp,0.035612,1.0,0.040350195811891
database3/database3/m.018t67/2-FaceId-0_align.webp,0.002151,1.0,0.0260072210441858
database3/database3/m.018t67/75-FaceId-0_align.webp,0.002161,1.0,0.0269832595064142
database3/database3/m.018t67/76-FaceId-0_align.webp,0.014984,1.0,0.0268562589243217
database3/database3/m.018tfd/63-FaceId-0_align.webp,0.039426,1.0,0.0261111773117254
database3/database3/m.018tvs/4-FaceId-0_align.webp,0.186437,1.0,0.0437733189619434
database3/database3/m.018v8c/66-FaceId-0_align.webp,0.031012,1.0,0.0277268093781854
database3/database3/m.018v_8/56-FaceId-0_align.webp,0.065146,1.0,0.0290659828385441
database3/database3/m.018vhw/41-FaceId-2_align.webp,0.017996,1.0,0.0
database3/database3/m.018vhw/84-FaceId-1_align.webp,0.010037,1.0,0.0374012876217055
database3/database3/m.018vhw/94-FaceId-0_align.webp,0.022504,1.0,0.0325370874962155
database3/database3/m.018w6s/30-FaceId-0_align.webp,0.009687,1.0,0.0934068876867869
database3/database3/m.018wh0/34-FaceId-0_align.webp,0.038341,1.0,0.0257534704800133
database3/database3/m.018wqb/36-FaceId-1_align.webp,0.061601,1.0,0.0502140314513585
database3/database3/m.018x3/82-FaceId-0_align.webp,0.000249,1.0,0.0269388761091027
database3/database3/m.018x3/89-FaceId-0_align.webp,0.006661,1.0,0.0464735638109353
database3/database3/m.018xrz/49-FaceId-0_align.webp,0.084464,1.0,0.039144478657248
database3/database3/m.018y0w/54-FaceId-0_align.webp,0.014612,1.0,0.033480825958702
database3/database3/m.018y2s/21-FaceId-0_align.webp,0.010478,1.0,0.0358933333333333
database3/database3/m.018y4x/104-FaceId-0_align.webp,0.014664,1.0,0.0327069997935163
database3/database3/m.018y4x/94-FaceId-0_align.webp,0.083805,1.0,0.0243623893940785
database3/database3/m.018ycp/32-FaceId-0_align.webp,0.169605,1.0,0.034096316350808
database3/database3/m.018ycp/64-FaceId-0_align.webp,0.011204,1.0,0.0308548906753417
