filename,target,gender,pred
database1/img00000154.webp,0.036749,1.0,0.2105271040274863
database1/img00000271.webp,0.229724,1.0,0.2573692302988437
database1/img00000323.webp,0.120628,0.0,0.2114090494519167
database1/img00000364.webp,0.00341,1.0,0.1979744007853817
database1/img00000371.webp,0.000249,1.0,0.2221573840201865
database1/img00000438.webp,0.102267,0.0,0.2211151711899764
database1/img00000448.webp,0.032257,0.0,0.2228297824986611
database1/img00000477.webp,0.158779,0.0,0.1765407572842995
database1/img00000491.webp,0.333523,0.0,0.235460553876916
database1/img00000679.webp,0.022454,0.0,0.2077593613835947
database1/img00000766.webp,0.241328,0.0,0.2431423584617947
database1/img00000781.webp,0.01402,1.0,0.2050459811915311
database1/img00000793.webp,0.308688,0.0,0.2680229173213263
database1/img00000806.webp,0.083687,1.0,0.2060018412739654
database1/img00000857.webp,0.167176,0.0,0.222759515903858
database1/img00000882.webp,0.118298,0.0,0.2228996382374923
database1/img00000903.webp,0.006576,1.0,0.235081697635486
database1/img00000929.webp,0.021546,1.0,0.2219678444542736
database1/img00000941.webp,0.232414,0.0,0.2401499303975769
database1/img00001032.webp,0.044127,1.0,0.2413594326259712
database1/img00001145.webp,0.022379,1.0,0.1918531915640381
database1/img00001291.webp,0.022322,0.0,0.2078529224146084
database1/img00001371.webp,0.148865,0.0,0.2173478167272184
database1/img00001491.webp,0.264813,0.0,0.2732648258739918
database1/img00001551.webp,0.054068,1.0,0.2083131489146647
database1/img00001573.webp,0.095382,0.0,0.1820578006926871
database1/img00001650.webp,0.088325,0.0,0.1824849508438155
database1/img00001652.webp,0.074782,1.0,0.2127642418657453
database1/img00001674.webp,0.188753,0.0,0.274179679105094
database1/img00001701.webp,0.002942,1.0,0.2188711163197746
database1/img00001779.webp,0.009358,1.0,0.3521369934674478
database1/img00001812.webp,0.017934,0.0,0.1868268453729479
database1/img00001859.webp,0.006232,1.0,0.2371669845351819
database1/img00001872.webp,0.094988,0.0,0.2202604754944254
database1/img00001883.webp,0.015755,0.0,0.2305986346666992
database1/img00001978.webp,0.02291,1.0,0.241909485212128
database1/img00002013.webp,0.068771,1.0,0.1998431109289018
database1/img00002073.webp,0.265663,0.0,0.2433556066637086
database1/img00002136.webp,0.083835,0.0,0.2200140138275849
database1/img00002187.webp,0.062593,1.0,0.2304275388294744
database1/img00002221.webp,0.024328,1.0,0.2207921749416728
database1/img00002227.webp,0.172367,0.0,0.2399775064971397
database1/img00002414.webp,0.290565,0.0,0.353299398808036
database1/img00002415.webp,0.370759,0.0,0.2685519207806128
database1/img00002527.webp,0.008082,0.0,0.2058164171520782
database1/img00002649.webp,0.108227,0.0,0.2142059423022792
database1/img00002695.webp,0.191496,0.0,0.2178639245217803
database1/img00002698.webp,0.019352,0.0,0.2235720669654245
database1/img00002713.webp,0.025594,1.0,0.2260064854860394
database1/img00002737.webp,0.01324,1.0,0.2178664501702053
database1/img00002813.webp,0.015997,0.0,0.190161052224425
database1/img00002915.webp,0.059948,0.0,0.2087743409143554
database1/img00002916.webp,0.061003,0.0,0.2196309242371172
database1/img00003052.webp,0.34648,0.0,0.2347802906657103
database1/img00003146.webp,0.130163,0.0,0.1681397037549815
database1/img00003162.webp,0.193332,0.0,0.2587386195942183
database1/img00003199.webp,0.314562,0.0,0.2394963431400457
database1/img00003273.webp,0.126445,0.0,0.2592012967725906
database1/img00003300.webp,0.007141,1.0,0.2271772523665616
database1/img00003360.webp,0.008946,1.0,0.2149573856088514
database1/img00003390.webp,0.054933,0.0,0.2205927629238508
database1/img00003437.webp,0.01322,1.0,0.1954371083462019
database1/img00003452.webp,0.040754,0.0,0.186971685523471
database1/img00003584.webp,0.23463,0.0,0.2402275412238441
database1/img00003713.webp,0.000555,1.0,0.1680164193630907
database1/img00003746.webp,0.099051,1.0,0.2275348692112407
database1/img00003877.webp,0.01258,0.0,0.2203281727642789
database1/img00003884.webp,0.091278,0.0,0.2000933999595192
database1/img00003887.webp,0.010493,1.0,0.2808346967373289
database1/img00003978.webp,0.178955,0.0,0.164659923548853
database1/img00004026.webp,0.365443,0.0,0.259575447014122
database1/img00004041.webp,0.094007,0.0,0.1997528060279668
database1/img00004164.webp,0.026259,1.0,0.204420014991064
database1/img00004216.webp,0.034337,0.0,0.201385319433737
database1/img00004261.webp,0.165876,0.0,0.2528006805925823
database1/img00004273.webp,0.156777,0.0,0.2063309007756297
database1/img00004308.webp,0.126358,0.0,0.2174601782154119
database1/img00004416.webp,0.13739,1.0,0.2087647367850255
database1/img00004426.webp,0.364242,1.0,0.2694174705807048
database1/img00004540.webp,0.140347,0.0,0.1924185950032193
database1/img00004621.webp,0.130906,0.0,0.223630768711106
database1/img00004701.webp,0.060368,0.0,0.1778056082227992
database1/img00004841.webp,0.021785,1.0,0.2057370565741912
database1/img00004851.webp,0.058337,1.0,0.2253968699512247
database1/img00004895.webp,0.001337,1.0,0.2015340886658901
database1/img00005027.webp,0.095752,1.0,0.2507481328588116
database1/img00005030.webp,0.114344,0.0,0.2278116013818131
database1/img00005095.webp,0.018419,0.0,0.2330630951317329
database1/img00005116.webp,0.107525,0.0,0.2414425875260868
database1/img00005179.webp,0.058586,1.0,0.2169058575624654
database1/img00005208.webp,0.021009,1.0,0.3286740568709236
database1/img00005271.webp,0.408256,0.0,0.275677825267328
database1/img00005293.webp,0.043233,0.0,0.2173323357176142
database1/img00005339.webp,0.173984,0.0,0.1824491948385495
database1/img00005347.webp,0.002911,0.0,0.1624204857446637
database1/img00005361.webp,0.189098,0.0,0.2143998295756085
database1/img00005501.webp,0.145725,0.0,0.2091530977735295
database1/img00005507.webp,0.232343,0.0,0.3078279431237051
database1/img00005509.webp,0.003247,1.0,0.3064845361553553
database1/img00005522.webp,0.185571,0.0,0.2054790211592452
database1/img00005579.webp,0.037795,1.0,0.2271133042698148
database1/img00005689.webp,0.281579,0.0,0.2219939116589642
database1/img00005696.webp,0.366924,0.0,0.2988045182509724
database1/img00005723.webp,0.013358,0.0,0.2286665707575696
database1/img00005726.webp,0.041346,1.0,0.2260837750744982
database1/img00005753.webp,0.009879,0.0,0.2227282930057547
database1/img00005766.webp,0.177714,0.0,0.2219280701495922
database1/img00005768.webp,0.024309,1.0,0.2426183043883385
database1/img00005822.webp,0.022373,0.0,0.1871854691471257
database1/img00005851.webp,0.375359,0.0,0.2399216871257092
database1/img00005896.webp,0.063671,0.0,0.2382202830392146
database1/img00005910.webp,0.374925,0.0,0.2304734637139242
database1/img00006003.webp,0.020291,1.0,0.2208262938182159
database1/img00006021.webp,0.018409,1.0,0.3248097163537399
database1/img00006047.webp,0.105454,0.0,0.2117354355146511
database1/img00006101.webp,0.326093,0.0,0.2495845831648512
database1/img00006168.webp,0.00248,1.0,0.1731580005624381
database1/img00006196.webp,0.0412,1.0,0.2151186874585728
database1/img00006204.webp,0.331116,1.0,0.2437396581124225
database1/img00006269.webp,0.011789,1.0,0.2224377348960085
database1/img00006334.webp,0.003849,1.0,0.1804169859749049
database1/img00006414.webp,0.208227,0.0,0.2299503983714975
database1/img00006420.webp,0.026323,1.0,0.2315107231973287
database1/img00006436.webp,0.008945,1.0,0.2456491138147338
database1/img00006571.webp,0.06176,0.0,0.2005821685639573
database1/img00006576.webp,0.028441,1.0,0.2351989071463603
database1/img00006629.webp,0.000814,1.0,0.1633373708847741
database1/img00006690.webp,0.119839,0.0,0.2100572148482436
database1/img00006694.webp,0.019638,1.0,0.200844523241162
database1/img00006722.webp,0.383369,0.0,0.2850589510059188
database1/img00006757.webp,0.169654,1.0,0.274683729700978
database1/img00007032.webp,0.079705,0.0,0.2210173930341077
database1/img00007152.webp,0.296672,0.0,0.2650417769471457
database1/img00007289.webp,0.004896,1.0,0.2352738208064308
database1/img00007329.webp,0.096683,0.0,0.2277528848090359
database1/img00007335.webp,0.012784,1.0,0.2262402193405003
database1/img00007354.webp,0.047242,0.0,0.2007140790338501
database1/img00007383.webp,0.020362,1.0,0.1843446863555005
database1/img00007416.webp,0.105824,1.0,0.2311818462122332
database1/img00007435.webp,0.275659,0.0,0.325504742431738
database1/img00007452.webp,0.091268,0.0,0.2086703201739032
database1/img00007454.webp,0.052407,1.0,0.2523749586189276
database1/img00007468.webp,0.289625,0.0,0.304728798265811
database1/img00007470.webp,0.024029,1.0,0.3173244635730287
database1/img00007537.webp,0.023879,0.0,0.2108590066023741
database1/img00007538.webp,0.239526,0.0,0.2350233698104434
database1/img00007592.webp,0.092299,0.0,0.2183785739271331
database1/img00007663.webp,0.000453,1.0,0.1829218169318754
database1/img00007675.webp,0.145663,0.0,0.2051152596756079
database1/img00007764.webp,0.212475,0.0,0.2180246785139216
database1/img00007790.webp,0.273678,0.0,0.2600572301614196
database1/img00007837.webp,0.07434,0.0,0.2081812390267121
database1/img00007851.webp,0.187909,0.0,0.2253647006247408
database1/img00007897.webp,0.021438,1.0,0.2149785496987039
database1/img00007955.webp,0.100119,0.0,0.212738267641092
database1/img00007965.webp,0.126287,0.0,0.1830946104408564
database1/img00008054.webp,0.125876,0.0,0.1918730760436212
database1/img00008062.webp,0.192134,0.0,0.2717000133104794
database1/img00008079.webp,0.010384,1.0,0.2134760303460859
database1/img00008191.webp,0.127108,1.0,0.2591039314983929
database1/img00008233.webp,0.03355,1.0,0.227848933665816
database1/img00008333.webp,0.123145,0.0,0.2123847926150549
database1/img00008350.webp,0.003002,0.0,0.1814235668921884
database1/img00008419.webp,0.136366,0.0,0.2237612821924107
database1/img00008444.webp,0.19563,0.0,0.2225247689815156
database1/img00008485.webp,0.153649,0.0,0.190930229852707
database1/img00008500.webp,0.243166,1.0,0.2387910274019442
database1/img00008540.webp,0.020411,1.0,0.2231095037746092
database1/img00008619.webp,0.172849,1.0,0.2301156169916425
database1/img00008684.webp,0.116788,1.0,0.3088633306918126
database1/img00008694.webp,0.257404,1.0,0.2788896699693431
database1/img00008702.webp,0.150713,0.0,0.2147093124315822
database1/img00008778.webp,0.047436,1.0,0.240435709827267
database1/img00008864.webp,0.142253,1.0,0.2379429696635205
database1/img00008929.webp,0.025151,1.0,0.1935903579390193
database1/img00009119.webp,0.134423,0.0,0.2170952009529702
database1/img00009131.webp,0.11769,0.0,0.19514236608985
database1/img00009180.webp,0.22272,0.0,0.2565652177264568
database1/img00009210.webp,0.133618,1.0,0.2176010667394021
database1/img00009215.webp,0.015083,1.0,0.3234973846539286
database1/img00009309.webp,0.232271,0.0,0.2997823356576459
database1/img00009310.webp,0.032707,1.0,0.2439512599648747
database1/img00009395.webp,0.188981,0.0,0.1974126270433181
database1/img00009397.webp,0.022474,0.0,0.1887920929312737
database1/img00009399.webp,0.009987,1.0,0.1976000020522515
database1/img00009423.webp,0.205953,0.0,0.2272282021215899
database1/img00009521.webp,0.096612,0.0,0.1985234590012918
database1/img00009606.webp,0.062144,1.0,0.2086862021442192
database1/img00009643.webp,0.076471,0.0,0.2134447273896872
database1/img00009666.webp,0.249637,0.0,0.2265706232289533
database1/img00009740.webp,0.056754,0.0,0.2129954210578966
database1/img00009804.webp,0.00402,1.0,0.2740121372511449
database1/img00009898.webp,0.123271,0.0,0.2135758482035722
database1/img00009952.webp,0.220282,0.0,0.2432186616361459
database1/img00009963.webp,0.081114,1.0,0.2275488873885478
database1/img00010009.webp,0.161796,0.0,0.2033553662738648
database1/img00010196.webp,0.131846,0.0,0.2085496682262438
database1/img00010250.webp,0.119697,0.0,0.2759414331814656
database1/img00010353.webp,0.145055,0.0,0.2225352875073385
database1/img00010363.webp,0.133258,0.0,0.2122590820326705
database1/img00010383.webp,0.010398,1.0,0.1612647345979129
database1/img00010445.webp,0.356323,0.0,0.2284362976936898
database1/img00010509.webp,0.056891,1.0,0.2666473189864847
database1/img00010530.webp,0.091729,0.0,0.2236691999295979
database1/img00010535.webp,0.304853,0.0,0.2808695356001564
database1/img00010537.webp,0.013696,0.0,0.2288816790408865
database1/img00010580.webp,0.154987,1.0,0.2167071205078468
database1/img00010612.webp,0.334599,0.0,0.2411957957393534
database1/img00010629.webp,0.060911,0.0,0.195454622113662
database1/img00010643.webp,0.114721,1.0,0.2089300374341807
database1/img00010674.webp,0.023709,0.0,0.1928620529424559
database1/img00010757.webp,0.206361,0.0,0.2258018584156989
database1/img00010780.webp,0.013969,0.0,0.2157802223796669
database1/img00010790.webp,0.031334,0.0,0.2019079736161639
database1/img00010806.webp,0.065196,0.0,0.2129866640197198
database1/img00010887.webp,0.081617,0.0,0.2146912767787307
database1/img00010888.webp,0.233141,1.0,0.270186130453951
database1/img00010982.webp,0.00745,1.0,0.238017965364993
database1/img00010983.webp,0.20866,0.0,0.2230032790203637
database1/img00011118.webp,0.178597,1.0,0.3116235336088807
database1/img00011128.webp,0.27358,1.0,0.2329530127961281
database1/img00011142.webp,0.28074,1.0,0.2640389717388695
database1/img00011296.webp,0.108452,1.0,0.2501911909511043
database1/img00011507.webp,0.092578,0.0,0.1964036739461391
database1/img00011516.webp,0.087323,0.0,0.213352107662471
database1/img00011597.webp,0.091441,0.0,0.2150254630473203
database1/img00011619.webp,0.253533,0.0,0.251074751221326
database1/img00011623.webp,0.079619,0.0,0.1994690094513292
database1/img00011711.webp,0.412517,0.0,0.2863507045212549
database1/img00011737.webp,0.360567,0.0,0.2525320591028853
database1/img00011787.webp,0.009168,1.0,0.2078340425763232
database1/img00011827.webp,0.096535,0.0,0.2214793470566525
database1/img00011910.webp,0.153312,0.0,0.1993965460974447
database1/img00011946.webp,0.118833,0.0,0.2179172297918193
database1/img00011981.webp,0.044401,1.0,0.2222227459397652
database1/img00011982.webp,0.064973,1.0,0.2062596080113907
database1/img00012046.webp,0.013245,1.0,0.2246705037538924
database1/img00012050.webp,0.169118,0.0,0.2108304797862641
database1/img00012055.webp,0.118938,0.0,0.2190283372698365
database1/img00012083.webp,0.105677,1.0,0.2119605206353327
database1/img00012173.webp,0.148639,0.0,0.220167542826779
database1/img00012174.webp,0.13274,0.0,0.2157459268579646
database1/img00012175.webp,0.161502,0.0,0.2378957037491963
database1/img00012194.webp,0.057599,0.0,0.2184690329459022
database1/img00012259.webp,0.022948,1.0,0.2791857484148438
database1/img00012293.webp,0.081765,0.0,0.2218023532368606
database1/img00012367.webp,0.265563,0.0,0.2633580213534692
database1/img00012402.webp,0.08769,0.0,0.2200260937094008
database1/img00012413.webp,0.178087,0.0,0.2240061555931645
database1/img00012417.webp,0.047864,1.0,0.2099604614796895
database1/img00012444.webp,0.279593,0.0,0.2420324933169579
database1/img00012509.webp,0.14518,0.0,0.1946260905029743
database1/img00012555.webp,0.159567,0.0,0.2295591898239656
database1/img00012681.webp,0.00788,1.0,0.2033713901439204
database1/img00012805.webp,0.03627,0.0,0.2174574334511286
database1/img00012844.webp,0.027729,1.0,0.2237185442826503
database1/img00012874.webp,0.002528,1.0,0.2773268575998634
database1/img00012883.webp,0.105193,1.0,0.2075067217920286
database1/img00012980.webp,0.021348,1.0,0.2199538632913267
database1/img00013033.webp,0.378744,0.0,0.2599190983548622
database1/img00013074.webp,0.20406,0.0,0.2649260268796274
database1/img00013089.webp,0.0,1.0,0.1732492166966948
database1/img00013099.webp,0.124905,0.0,0.2696046683967567
database1/img00013109.webp,0.255454,0.0,0.3556497486283334
database1/img00013151.webp,0.003784,1.0,0.2009248617462135
database1/img00013182.webp,0.112701,0.0,0.2095008752158023
database1/img00013213.webp,0.208104,1.0,0.2392480027569171
database1/img00013311.webp,0.021686,1.0,0.2174346948974029
database1/img00013313.webp,0.096531,0.0,0.2369000723803014
database1/img00013345.webp,0.111239,1.0,0.2295497926857657
database1/img00013392.webp,0.234015,0.0,0.2206644501342165
database1/img00013433.webp,0.013693,1.0,0.2201565497091278
database1/img00013450.webp,0.007936,1.0,0.2057424441593047
database1/img00013515.webp,0.055869,0.0,0.2137234127488086
database1/img00013591.webp,0.097683,0.0,0.2069398589679329
database1/img00013659.webp,0.005492,0.0,0.2253283833350798
database1/img00013777.webp,0.039118,0.0,0.2086405028755727
database1/img00013856.webp,0.08085,0.0,0.2419558853715012
database1/img00013896.webp,0.155239,0.0,0.2274457308051909
database1/img00013978.webp,0.216187,1.0,0.202839857893337
database1/img00014030.webp,0.009111,0.0,0.237694096093003
database1/img00014146.webp,0.019737,0.0,0.2176192249861226
database1/img00014277.webp,0.009327,1.0,0.237156401964362
database1/img00014440.webp,0.313716,0.0,0.2646548152389149
database1/img00014506.webp,0.002933,0.0,0.2236814848431033
database1/img00014634.webp,0.124116,1.0,0.2199461769981384
database1/img00014645.webp,0.294956,1.0,0.2550761213277674
database1/img00014657.webp,0.009173,1.0,0.1868263034501424
database1/img00014808.webp,0.222577,0.0,0.2452368613762549
database1/img00014845.webp,0.184098,0.0,0.2275923494051821
database1/img00014912.webp,0.085464,0.0,0.2217688392112794
database1/img00014924.webp,0.071344,1.0,0.2452811706617551
database1/img00015038.webp,0.222266,1.0,0.2431105270858002
database1/img00015081.webp,0.134204,0.0,0.2729078446340884
database1/img00015348.webp,0.225921,0.0,0.2490276185072885
database1/img00015359.webp,0.033386,0.0,0.2112601139238257
database1/img00015476.webp,0.164199,0.0,0.2816915335308544
database1/img00015498.webp,0.128891,0.0,0.2000528925993181
database1/img00015505.webp,0.086803,0.0,0.2161382376599092
database1/img00015509.webp,0.096299,1.0,0.2422815761356675
database1/img00015766.webp,0.128287,0.0,0.2091639838842082
database1/img00015784.webp,0.198335,0.0,0.215336074007865
database1/img00015947.webp,0.126497,0.0,0.2151790966306403
database1/img00016004.webp,0.076385,0.0,0.2187106689450785
database1/img00016096.webp,0.018479,1.0,0.2066407698030203
database1/img00016164.webp,0.009807,1.0,0.2067742799089513
database1/img00016181.webp,0.000908,1.0,0.1886946073877861
database1/img00016288.webp,0.368142,0.0,0.2741015895775006
database1/img00016296.webp,0.233928,0.0,0.223314141532249
database1/img00016398.webp,0.070727,0.0,0.2168572381558207
database1/img00016442.webp,0.050167,0.0,0.2114365049997399
database1/img00016457.webp,0.145227,1.0,0.2183514495324801
database1/img00016490.webp,0.091022,0.0,0.1941244757781248
database1/img00016497.webp,0.144198,0.0,0.2270615392534576
database1/img00016611.webp,0.10049,0.0,0.2146310182853036
database1/img00016679.webp,0.001846,0.0,0.2121078377627056
database1/img00016886.webp,0.012909,1.0,0.1992537573486551
database1/img00016934.webp,0.076123,1.0,0.2023506437716919
database1/img00016955.webp,0.030027,1.0,0.2470446936932191
database1/img00017135.webp,0.137474,0.0,0.214355464937282
database1/img00017144.webp,0.291437,0.0,0.2348433640275366
database1/img00017157.webp,0.097188,0.0,0.2119694625994789
database1/img00017237.webp,0.019539,0.0,0.2072062558564031
database1/img00017467.webp,0.193369,0.0,0.2547253797757466
database1/img00017485.webp,0.231654,0.0,0.301896171570824
database1/img00017623.webp,0.273226,0.0,0.227106214672677
database1/img00017648.webp,0.013591,1.0,0.1897867253889492
database1/img00017737.webp,0.0127,1.0,0.217306409103679
database1/img00017893.webp,0.369649,0.0,0.232606237232706
database1/img00018025.webp,0.125656,0.0,0.2039402722548086
database1/img00018042.webp,0.016056,1.0,0.2068656803140803
database1/img00018045.webp,0.096288,0.0,0.2109973478720861
database1/img00018076.webp,0.184672,1.0,0.2209825363585457
database1/img00018117.webp,0.020611,0.0,0.2324444821987442
database1/img00018133.webp,0.049189,0.0,0.2180100119758633
database1/img00018173.webp,0.28192,0.0,0.2484964480241823
database1/img00018225.webp,0.130293,0.0,0.1987167707677552
database1/img00018284.webp,0.238474,0.0,0.2350886061108435
database1/img00018380.webp,0.182421,0.0,0.2104250757254828
database1/img00018422.webp,0.021826,0.0,0.2164145936384636
database1/img00018465.webp,0.041569,1.0,0.2228347786118384
database1/img00018500.webp,0.147015,0.0,0.210326224798184
database1/img00018591.webp,0.11045,0.0,0.2362111456338807
database1/img00018619.webp,0.026771,1.0,0.2234322287851629
database1/img00018643.webp,0.14475,0.0,0.2248529699630704
database1/img00018689.webp,0.008002,0.0,0.2172718909574164
database1/img00018779.webp,0.045676,1.0,0.2090330909052116
database1/img00018873.webp,0.099329,0.0,0.2048538196456557
database1/img00018963.webp,0.0236,1.0,0.3607426727715606
database1/img00019125.webp,0.039224,1.0,0.2347027560185554
database1/img00019151.webp,0.151887,0.0,0.255278583499018
database1/img00019162.webp,0.357571,0.0,0.258873688710969
database1/img00019165.webp,0.070241,1.0,0.2345466293192487
database1/img00019172.webp,0.017685,0.0,0.1950362915107649
database1/img00019200.webp,0.017214,1.0,0.2091308530224886
database1/img00019353.webp,0.013152,0.0,0.2072173361091385
database1/img00019360.webp,0.02429,1.0,0.2050636226520057
database1/img00019362.webp,0.226958,0.0,0.2197795874046565
database1/img00019406.webp,0.122785,0.0,0.2084447456141619
database1/img00019511.webp,0.00639,1.0,0.2040755578754283
database1/img00019553.webp,0.097165,0.0,0.204623097071597
database1/img00019616.webp,0.008603,1.0,0.237746074998504
database1/img00019625.webp,0.044642,1.0,0.244660781582005
database1/img00019811.webp,0.135181,0.0,0.2144175412174831
database1/img00019846.webp,0.085115,0.0,0.2177751039756215
database1/img00019883.webp,0.295134,0.0,0.2864367949004904
database1/img00019956.webp,0.121542,0.0,0.2142955196950021
database1/img00020019.webp,0.245216,0.0,0.2339181542103189
database1/img00020092.webp,0.229511,0.0,0.2612336615600369
database1/img00020095.webp,0.369647,0.0,0.2421496088536794
database1/img00020106.webp,0.016139,1.0,0.1883054642652379
database1/img00020280.webp,0.093764,0.0,0.2127849034298456
database1/img00020383.webp,0.174486,0.0,0.2240654886528975
database1/img00020425.webp,0.105022,0.0,0.2095133146968967
database1/img00020495.webp,0.101841,0.0,0.2170101802259455
database1/img00020506.webp,0.143822,0.0,0.224052911393572
database1/img00020690.webp,0.113169,0.0,0.1985692391429286
database1/img00020757.webp,0.123725,0.0,0.2150037395883897
database1/img00020765.webp,0.148549,0.0,0.214408651081093
database1/img00020799.webp,0.406729,0.0,0.2933070405973775
database1/img00020831.webp,0.0,1.0,0.1624162514589548
database1/img00020839.webp,0.164052,0.0,0.2061658105749338
database1/img00020840.webp,0.164657,0.0,0.2262049092275373
database1/img00020876.webp,0.039848,0.0,0.2184891768822474
database1/img00020958.webp,0.18413,1.0,0.2066599801803534
database1/img00021024.webp,0.011248,1.0,0.2248917762675303
database1/img00021028.webp,0.079159,0.0,0.1990058556027313
database1/img00021119.webp,0.231027,0.0,0.1931103504255819
database1/img00021174.webp,0.029653,1.0,0.2155932638902724
database1/img00021203.webp,0.100309,1.0,0.3014830283968064
database1/img00021240.webp,0.12352,0.0,0.223193467441449
database1/img00021256.webp,0.115372,0.0,0.2093145903725506
database1/img00021294.webp,0.230757,0.0,0.2535911693679945
database1/img00021336.webp,0.216002,0.0,0.2246516824790841
database1/img00021374.webp,0.038864,0.0,0.2153101820685885
database1/img00021382.webp,0.023478,1.0,0.3144705828013882
database1/img00021398.webp,0.118902,0.0,0.3458155942411255
database1/img00021523.webp,0.125539,0.0,0.2177284156983877
database1/img00021529.webp,0.020743,0.0,0.2202581411721397
database1/img00021585.webp,0.323915,0.0,0.2285827280812172
database1/img00021592.webp,0.053661,1.0,0.2316301727440023
database1/img00021620.webp,0.012103,1.0,0.2295856108131187
database1/img00021622.webp,0.258145,0.0,0.2382335253482843
database1/img00021629.webp,0.347567,0.0,0.262689792941243
database1/img00021724.webp,0.117861,0.0,0.2206404184017902
database1/img00021737.webp,0.042247,1.0,0.2163527632029522
database1/img00021763.webp,0.319156,0.0,0.2918194685116142
database1/img00021881.webp,0.200485,0.0,0.2093092941863791
database1/img00021891.webp,0.158308,0.0,0.2167649598711294
database1/img00022037.webp,0.280548,0.0,0.2560461279212541
database1/img00022062.webp,0.084716,1.0,0.2027229896156276
database1/img00022089.webp,0.105552,0.0,0.2146295900753861
database1/img00022098.webp,0.019455,1.0,0.2135606274236872
database1/img00022099.webp,0.017022,1.0,0.2359535337169543
database1/img00022106.webp,0.009696,1.0,0.2100575725739339
database1/img00022110.webp,0.247685,0.0,0.2892433892383252
database1/img00022174.webp,0.246505,1.0,0.2422218302957149
database1/img00022220.webp,0.197348,0.0,0.3156432120292665
database1/img00022367.webp,0.130304,0.0,0.2286872021152563
database1/img00022458.webp,0.178211,1.0,0.1813419989613678
database1/img00022462.webp,0.147091,1.0,0.2170415422478454
database1/img00022521.webp,0.025301,1.0,0.2050324853907105
database1/img00022669.webp,0.094607,1.0,0.3422025653991569
database1/img00022715.webp,0.056654,0.0,0.1886562726790847
database1/img00022789.webp,0.207616,0.0,0.3070278406174346
database1/img00022833.webp,0.037262,1.0,0.2200863201862122
database1/img00022848.webp,0.082086,0.0,0.2119566833738015
database1/img00022964.webp,0.170935,0.0,0.2272198272975906
database1/img00023014.webp,0.001544,1.0,0.3456791747916699
database1/img00023146.webp,0.103648,1.0,0.2380095262871727
database1/img00023176.webp,0.028973,1.0,0.2751816130215586
database1/img00023181.webp,0.102577,0.0,0.2235813607171551
database1/img00023337.webp,0.089515,0.0,0.2034297845811039
database1/img00023439.webp,0.005019,1.0,0.2066658694942905
database1/img00023478.webp,0.105124,0.0,0.1995394782368769
database1/img00023517.webp,0.050744,0.0,0.2223488041704688
database1/img00023568.webp,0.010958,1.0,0.230840150660046
database1/img00023725.webp,0.203847,0.0,0.2157637107541748
database1/img00023876.webp,0.079286,0.0,0.2079987207446259
database1/img00023903.webp,0.124474,0.0,0.1853898212552996
database1/img00024004.webp,0.151347,0.0,0.2216991110774177
database1/img00024033.webp,0.008003,1.0,0.2292772376912294
database1/img00024054.webp,0.158105,0.0,0.2158130462954142
database1/img00024075.webp,0.098827,0.0,0.2265596829106674
database1/img00024097.webp,0.056329,1.0,0.2116551857263789
database1/img00024151.webp,0.223931,0.0,0.2093451673240131
database1/img00024251.webp,0.125194,0.0,0.2146949046803325
database1/img00024286.webp,0.203387,0.0,0.2886813353075855
database1/img00024330.webp,0.039351,0.0,0.2399703401643448
database1/img00024429.webp,0.001011,1.0,0.1759325016725966
database1/img00024472.webp,0.231978,0.0,0.2401762535830497
database1/img00024480.webp,0.229159,0.0,0.2048770291994125
database1/img00024496.webp,0.010786,0.0,0.2290725962559929
database1/img00024553.webp,0.040348,1.0,0.2251820708357361
database1/img00024607.webp,0.016616,1.0,0.233631158481399
database1/img00024687.webp,0.27365,0.0,0.241716289908044
database1/img00024753.webp,0.192923,0.0,0.2333014461437601
database1/img00024774.webp,0.053221,0.0,0.2154725397923526
database1/img00025064.webp,0.015037,0.0,0.1948286468802893
database1/img00025075.webp,0.298755,0.0,0.2583351684600931
database1/img00025133.webp,0.155681,1.0,0.2229667683573796
database1/img00025166.webp,0.014644,0.0,0.225212691859985
database1/img00025308.webp,0.026547,1.0,0.2206057436277589
database1/img00025347.webp,0.003317,1.0,0.2280534244465116
database1/img00025392.webp,0.084647,0.0,0.2173637699939568
database1/img00025465.webp,0.083236,0.0,0.257607131101696
database1/img00025509.webp,0.003962,0.0,0.2306772025535212
database1/img00025534.webp,0.073372,0.0,0.2062136746490828
database1/img00025566.webp,0.059194,1.0,0.2324186594309036
database1/img00025641.webp,0.045629,1.0,0.2331805433161287
database1/img00025678.webp,0.113275,0.0,0.2223564077452981
database1/img00025969.webp,0.033245,1.0,0.217452084706026
database1/img00026052.webp,0.217685,0.0,0.2235684562934669
database1/img00026073.webp,0.052874,0.0,0.2063308470202509
database1/img00026088.webp,0.15625,0.0,0.2278482248810807
database1/img00026103.webp,0.013345,1.0,0.2363874721304754
database1/img00026169.webp,0.063574,1.0,0.2578476382552522
database1/img00026178.webp,0.317092,0.0,0.2472405424146777
database1/img00026249.webp,0.008453,1.0,0.2338778540169191
database1/img00026281.webp,0.219012,1.0,0.2333327021713754
database1/img00026282.webp,0.011198,1.0,0.2292536416981901
database1/img00026305.webp,0.138547,1.0,0.2324629605924795
database1/img00026333.webp,0.154155,0.0,0.2130889396263199
database1/img00026341.webp,0.145098,0.0,0.3257450369086908
database1/img00026380.webp,0.102089,0.0,0.226903251852684
database1/img00026418.webp,0.030072,1.0,0.2181063369578133
database1/img00026462.webp,0.007743,0.0,0.2151868579902795
database1/img00026473.webp,0.0,1.0,0.2044137890077526
database1/img00026493.webp,0.222605,0.0,0.2195235696490804
database1/img00026505.webp,0.024604,1.0,0.2398533268759194
database1/img00026554.webp,0.005176,1.0,0.2248482079473857
database1/img00026653.webp,0.0,0.0,0.1498564898105255
database1/img00026673.webp,0.305916,0.0,0.2326087689036268
database1/img00026714.webp,0.210407,0.0,0.2268693637357694
database1/img00026908.webp,0.046474,0.0,0.2164069443874196
database1/img00027013.webp,0.003769,0.0,0.202765869063399
database1/img00027032.webp,0.007456,0.0,0.2322924560398461
database1/img00027062.webp,0.046983,1.0,0.2153408899629315
database1/img00027147.webp,0.083316,1.0,0.2408540208418411
database1/img00027201.webp,0.173566,0.0,0.2195805800363739
database1/img00027213.webp,0.102301,0.0,0.2199010875851456
database1/img00027267.webp,0.025949,0.0,0.2162625562683154
database1/img00027278.webp,0.04282,0.0,0.2174377047401693
database1/img00027291.webp,0.037481,1.0,0.2259572118057668
database1/img00027300.webp,0.162757,0.0,0.2203698435206539
database1/img00027329.webp,0.120534,0.0,0.1734158213244089
database1/img00027355.webp,0.012954,0.0,0.2191371671676697
database1/img00027400.webp,0.093064,1.0,0.3810428063363057
database1/img00027672.webp,0.024684,0.0,0.2104820552651136
database1/img00027691.webp,0.263468,1.0,0.2521126168734794
database1/img00027708.webp,0.011879,1.0,0.2593312008775701
database1/img00027826.webp,0.008279,1.0,0.2143229377082342
database1/img00027870.webp,0.156292,0.0,0.2292619983383618
database1/img00027888.webp,0.010368,1.0,0.2265495463467432
database1/img00027943.webp,0.005057,1.0,0.2425391325002505
database1/img00027980.webp,0.1488,0.0,0.2207767460385579
database1/img00028069.webp,0.00506,1.0,0.2370618532081906
database1/img00028087.webp,0.001205,1.0,0.1678951997277661
database1/img00028101.webp,0.0173,1.0,0.2098144301578263
database1/img00028174.webp,0.122309,0.0,0.21581534990289
database1/img00028222.webp,0.107143,0.0,0.2088504684999323
database1/img00028224.webp,0.146398,0.0,0.2371877312455485
database1/img00028300.webp,0.012183,0.0,0.2133744007499345
database1/img00028356.webp,0.152613,0.0,0.1827369662603779
database1/img00028517.webp,0.382837,0.0,0.2600899483029299
database1/img00028551.webp,0.203166,0.0,0.2770402092293765
database1/img00028578.webp,0.061325,0.0,0.2075651902576304
database1/img00028581.webp,0.020189,1.0,0.2096688872083004
database1/img00028723.webp,0.12276,0.0,0.2269991561047419
database1/img00028742.webp,0.061928,0.0,0.1918765703417687
database1/img00028757.webp,0.031527,1.0,0.2261698116590971
database1/img00028784.webp,0.01652,0.0,0.2131632973537993
database1/img00028843.webp,0.045216,1.0,0.2616622034508588
database1/img00028942.webp,0.085705,0.0,0.1929874971497535
database1/img00029059.webp,0.201976,0.0,0.2259008813946812
database1/img00029154.webp,0.027398,0.0,0.2912999537768324
database1/img00029252.webp,0.011317,1.0,0.2299058491460923
database1/img00029315.webp,0.223811,0.0,0.2480059797550735
database1/img00029326.webp,0.073163,0.0,0.1994809206841526
database1/img00029393.webp,0.181547,0.0,0.219826906985797
database1/img00029479.webp,0.172507,1.0,0.2419790826130958
database1/img00029527.webp,9.6e-05,1.0,0.1677536696233345
database1/img00029586.webp,0.049823,0.0,0.2208863311292077
database1/img00029691.webp,0.030185,1.0,0.2410907753046217
database1/img00029706.webp,0.21533,1.0,0.389189923177807
database1/img00029758.webp,0.113217,0.0,0.2120830605753772
database1/img00029778.webp,0.154551,0.0,0.2544119715521413
database1/img00029960.webp,0.383842,0.0,0.2579278405500638
database2/database2/test/148.webp,0.048036,1.0,0.2142454844791307
database2/database2/test/190.webp,0.086509,1.0,0.3213658909297542
database2/database2/test/216.webp,0.245817,0.0,0.208847213090712
database2/database2/test/232.webp,0.275174,0.0,0.2157004955799989
database2/database2/test/239.webp,0.175156,0.0,0.2351784047325434
database2/database2/test/266.webp,0.213241,0.0,0.2253121758422584
database2/database2/test/34.webp,0.050154,0.0,0.1905876807446622
database2/database2/test/453.webp,0.089504,1.0,0.1585285985090155
database2/database2/test/472.webp,0.226614,1.0,0.2662023105081506
database2/database2/test/91.webp,0.465517,1.0,0.2395384041726815
database2/database2/train/1009.webp,0.104761,1.0,0.2455187059424349
database2/database2/train/1240.webp,0.146101,0.0,0.225316963905185
database2/database2/train/1258.webp,0.246853,0.0,0.3889441677314843
database2/database2/train/127.webp,0.075508,0.0,0.1858098552036383
database2/database2/train/1279.webp,0.000502,1.0,0.3232085295705234
database2/database2/train/1311.webp,0.172932,1.0,0.425095739156188
database2/database2/train/174.webp,0.051776,1.0,0.4266513969275409
database2/database2/train/203.webp,0.050641,1.0,0.2259944289964414
database2/database2/train/219.webp,0.142928,0.0,0.2396391538824833
database2/database2/train/233.webp,0.281943,1.0,0.2526429555572513
database2/database2/train/26.webp,0.011878,0.0,0.1955955323912384
database2/database2/train/34.webp,0.095641,0.0,0.2164320088825218
database2/database2/train/433.webp,0.036418,1.0,0.2358009256789868
database2/database2/train/436.webp,0.026337,1.0,0.1748062718729533
database2/database2/train/515.webp,0.012181,1.0,0.2203000988703347
database2/database2/train/547.webp,0.0,1.0,0.1575865342612618
database2/database2/train/613.webp,0.048432,0.0,0.1998031555320418
database2/database2/train/624.webp,0.123039,1.0,0.308819165341332
database2/database2/train/650.webp,0.113219,0.0,0.213513399117566
database2/database2/train/766.webp,0.167917,0.0,0.2620505942063326
database2/database2/train/814.webp,0.3,0.0,0.2627090303694454
database2/database2/train/846.webp,0.020085,1.0,0.2317729152773703
database2/database2/train/900.webp,0.417188,1.0,0.2490061103051773
database2/database2/train/928.webp,0.09983,0.0,0.2220135824581859
database2/database2/train/97.webp,0.048559,1.0,0.2248994322415403
database2/database2/train/992.webp,0.32608,0.0,0.2613917011247689
database3/database3/m.0109kg/59-FaceId-0_align.webp,0.264823,0.0,0.2548180325620008
database3/database3/m.010bk0/59-FaceId-0_align.webp,0.021845,1.0,0.3191591115534795
database3/database3/m.010ngb/60-FaceId-0_align.webp,0.012915,1.0,0.200434939682457
database3/database3/m.010p3/45-FaceId-0_align.webp,0.01465,1.0,0.2437160757311804
database3/database3/m.010p3/69-FaceId-0_align.webp,0.027584,1.0,0.2308486600450719
database3/database3/m.010p3/82-FaceId-0_align.webp,0.013896,1.0,0.2070035962754244
database3/database3/m.010wty2t/83-FaceId-1_align.webp,0.168202,1.0,0.2737573510559334
database3/database3/m.0112yl/20-FaceId-0_align.webp,0.035573,1.0,0.2617995730053546
database3/database3/m.01167d3z/34-FaceId-0_align.webp,0.37993,1.0,0.2666660326697211
database3/database3/m.01167d3z/74-FaceId-0_align.webp,0.319357,1.0,0.2519261463008928
database3/database3/m.011_0k/17-FaceId-0_align.webp,0.022011,1.0,0.2180260146109694
database3/database3/m.011_0k/3-FaceId-0_align.webp,0.017225,1.0,0.2346875259556861
database3/database3/m.011_0k/43-FaceId-0_align.webp,0.025252,1.0,0.2271951789116954
database3/database3/m.011_0k/77-FaceId-0_align.webp,0.126436,1.0,0.3904352622506711
database3/database3/m.011_2h/101-FaceId-0_align.webp,0.183945,0.0,0.2501145766852338
database3/database3/m.011_2h/18-FaceId-0_align.webp,0.139464,0.0,0.3295702442458798
database3/database3/m.011_2h/21-FaceId-0_align.webp,0.028243,0.0,0.2276588680542585
database3/database3/m.011_3d/107-FaceId-0_align.webp,0.091414,1.0,0.2456282971146407
database3/database3/m.011_3d/31-FaceId-0_align.webp,0.156269,1.0,0.2474169088687477
database3/database3/m.011_3d/35-FaceId-0_align.webp,0.154662,1.0,0.6293411784434565
database3/database3/m.011_3s/106-FaceId-0_align.webp,0.132155,0.0,0.232756216337513
database3/database3/m.011_3s/93-FaceId-0_align.webp,0.255275,0.0,0.2606618616170019
database3/database3/m.011_8/14-FaceId-0_align.webp,0.108434,1.0,0.2223125630657138
database3/database3/m.011_nf/83-FaceId-0_align.webp,0.036792,1.0,0.220862973094308
database3/database3/m.011_pk/73-FaceId-0_align.webp,0.106935,1.0,0.2518412395162672
database3/database3/m.011_pk/98-FaceId-0_align.webp,0.021278,1.0,0.1911206643933583
database3/database3/m.011_r9/15-FaceId-0_align.webp,0.000453,1.0,0.1990245686178692
database3/database3/m.011_r9/35-FaceId-0_align.webp,0.0,1.0,0.133531017291599
database3/database3/m.011h_w/16-FaceId-0_align.webp,0.023388,1.0,0.3106014344828276
database3/database3/m.011h_w/57-FaceId-0_align.webp,0.034974,1.0,0.2703139383026093
database3/database3/m.011hdn/3-FaceId-0_align.webp,0.144586,1.0,0.2930740723713479
database3/database3/m.011hm1/28-FaceId-0_align.webp,0.045589,0.0,0.2631779660160891
database3/database3/m.011hm1/59-FaceId-0_align.webp,0.308314,0.0,0.2236042585816033
database3/database3/m.011hmd/24-FaceId-0_align.webp,0.029049,1.0,0.2678854169277742
database3/database3/m.011jfg/102-FaceId-0_align.webp,0.016853,0.0,0.2204861972787836
database3/database3/m.011jfg/64-FaceId-0_align.webp,0.014724,0.0,0.2307898224836302
database3/database3/m.011kd9/42-FaceId-0_align.webp,0.092666,1.0,0.0
database3/database3/m.011kd9/48-FaceId-0_align.webp,0.021031,1.0,0.3382610701163075
database3/database3/m.011l17/115-FaceId-0_align.webp,0.008147,1.0,0.2211766709436355
database3/database3/m.011l17/73-FaceId-0_align.webp,0.013848,1.0,0.2302152468310841
database3/database3/m.011l17/78-FaceId-0_align.webp,0.000371,1.0,0.2089580927268231
database3/database3/m.011lf5/30-FaceId-0_align.webp,0.003745,1.0,0.2200812896844609
database3/database3/m.011lhy/14-FaceId-0_align.webp,0.06605,1.0,0.1588210327856062
database3/database3/m.011m1y/65-FaceId-0_align.webp,0.010331,1.0,0.3052853619954702
database3/database3/m.011m1y/93-FaceId-0_align.webp,0.010174,1.0,0.1966774005748884
database3/database3/m.011m33/35-FaceId-0_align.webp,0.10764,0.0,0.2027990605477353
database3/database3/m.011m33/96-FaceId-0_align.webp,0.077455,0.0,0.2498926594155318
database3/database3/m.011m33/98-FaceId-0_align.webp,0.093352,0.0,0.3209031432391693
database3/database3/m.011p3/100-FaceId-0_align.webp,0.261068,0.0,0.2646876465165463
database3/database3/m.011p3/38-FaceId-0_align.webp,0.260325,0.0,0.2189565250755896
database3/database3/m.011qm2/8-FaceId-0_align.webp,0.02115,1.0,0.2093547268158865
database3/database3/m.011w1b/4-FaceId-0_align.webp,0.011173,0.0,0.2177523187521562
database3/database3/m.011w1b/5-FaceId-0_align.webp,0.149673,0.0,0.220808171453969
database3/database3/m.011w1b/65-FaceId-0_align.webp,0.028609,0.0,0.2138410312253779
database3/database3/m.011w1b/75-FaceId-0_align.webp,0.102741,0.0,0.2203161354688287
database3/database3/m.011xgp/24-FaceId-0_align.webp,0.060348,1.0,0.2374105694799285
database3/database3/m.011xgp/72-FaceId-0_align.webp,0.024118,1.0,0.3051416035901507
database3/database3/m.011xjd/62-FaceId-0_align.webp,0.025855,1.0,0.2383031874428526
database3/database3/m.011xl3/35-FaceId-0_align.webp,0.101991,1.0,0.2511664657493181
database3/database3/m.011xl3/86-FaceId-0_align.webp,0.095741,1.0,0.3269216437006954
database3/database3/m.011xl3/92-FaceId-0_align.webp,0.15032,1.0,0.2461644503247935
database3/database3/m.011xl3/99-FaceId-0_align.webp,0.04585,1.0,0.2169332267882995
database3/database3/m.011xll/89-FaceId-0_align.webp,0.057752,1.0,0.300022818920554
database3/database3/m.011ybj/52-FaceId-0_align.webp,0.042728,1.0,0.2119279075762745
database3/database3/m.011ybj/61-FaceId-0_align.webp,0.033422,1.0,0.2060795257497295
database3/database3/m.011yx0/17-FaceId-0_align.webp,0.03676,1.0,0.2212448274591187
database3/database3/m.011yx0/7-FaceId-0_align.webp,0.025923,1.0,0.2091757675288461
database3/database3/m.011z69/22-FaceId-0_align.webp,0.003956,1.0,0.1737292165045446
database3/database3/m.011z69/27-FaceId-0_align.webp,0.057013,1.0,0.190363342486817
database3/database3/m.011z69/67-FaceId-0_align.webp,0.026898,1.0,0.2091758272823194
database3/database3/m.011zfk/22-FaceId-0_align.webp,0.214757,1.0,0.1810151760999189
database3/database3/m.011zfz/75-FaceId-0_align.webp,0.159958,0.0,0.2256543371706765
database3/database3/m.011zg9/22-FaceId-0_align.webp,0.107141,0.0,0.2000136642182256
database3/database3/m.011zg9/39-FaceId-0_align.webp,0.053582,0.0,0.2009084121356339
database3/database3/m.011zgs/52-FaceId-0_align.webp,0.127677,0.0,0.2954366659305051
database3/database3/m.011zkh/84-FaceId-0_align.webp,0.008351,1.0,0.2067822837224328
database3/database3/m.011zwl/37-FaceId-0_align.webp,0.073722,1.0,0.2060551439829434
database3/database3/m.01200d/24-FaceId-0_align.webp,0.036817,1.0,0.1885987281955463
database3/database3/m.01200d/80-FaceId-0_align.webp,0.017066,1.0,0.2082080818562541
database3/database3/m.012052/1-FaceId-0_align.webp,0.109494,1.0,0.21473177014241
database3/database3/m.012052/30-FaceId-0_align.webp,0.193814,1.0,0.3810134636679863
database3/database3/m.012052/63-FaceId-0_align.webp,0.135953,1.0,0.2647106593774392
database3/database3/m.0122lq/12-FaceId-0_align.webp,0.034174,1.0,0.1754411847771166
database3/database3/m.0122lq/62-FaceId-0_align.webp,0.002899,1.0,0.2833223437564536
database3/database3/m.0122lq/73-FaceId-0_align.webp,0.026793,1.0,0.2042292671012864
database3/database3/m.0122m5/94-FaceId-0_align.webp,0.003731,1.0,0.3279396135459208
database3/database3/m.01233w/1-FaceId-0_align.webp,0.049894,1.0,0.2054537033449511
database3/database3/m.01233w/25-FaceId-0_align.webp,0.043404,1.0,0.2165012928533249
database3/database3/m.01239/57-FaceId-0_align.webp,0.01656,1.0,0.2371951707806509
database3/database3/m.01239/68-FaceId-0_align.webp,0.012855,1.0,0.2153715043618711
database3/database3/m.0123x2/101-FaceId-0_align.webp,0.244668,1.0,0.2382821570802757
database3/database3/m.01241v/54-FaceId-0_align.webp,0.010871,1.0,0.1957891152585016
database3/database3/m.0124t/70-FaceId-0_align.webp,0.066352,0.0,0.2702139939194832
database3/database3/m.01257s/41-FaceId-1_align.webp,0.025408,1.0,0.2154436516155627
database3/database3/m.0126rp/46-FaceId-0_align.webp,0.064149,1.0,0.2029573749169839
database3/database3/m.0126rp/48-FaceId-0_align.webp,0.020111,1.0,0.2064324950242763
database3/database3/m.0126y2/49-FaceId-0_align.webp,0.042913,1.0,0.2134023434100576
database3/database3/m.0126y2/81-FaceId-0_align.webp,0.011658,1.0,0.3201522770829789
database3/database3/m.0126y2/92-FaceId-0_align.webp,0.2594,1.0,0.2760943255546252
database3/database3/m.01270s/15-FaceId-0_align.webp,0.00523,1.0,0.1769284109686526
database3/database3/m.01270s/43-FaceId-0_align.webp,0.024273,1.0,0.2156820485502833
database3/database3/m.01271_/40-FaceId-0_align.webp,0.046844,0.0,0.225656201970755
database3/database3/m.01271_/42-FaceId-0_align.webp,0.082785,0.0,0.2336154857269947
database3/database3/m.01271_/92-FaceId-0_align.webp,0.131196,0.0,0.2223871306895325
database3/database3/m.0127fx/6-FaceId-0_align.webp,0.010653,1.0,0.2114816107901995
database3/database3/m.0127gn/12-FaceId-0_align.webp,0.02417,1.0,0.1897726705919643
database3/database3/m.0127tk/114-FaceId-0_align.webp,0.088119,1.0,0.2023535245273912
database3/database3/m.0127tk/121-FaceId-0_align.webp,0.110272,1.0,0.2451216989308975
database3/database3/m.0127tk/32-FaceId-0_align.webp,0.044592,1.0,0.2218028058400859
database3/database3/m.0127tk/61-FaceId-0_align.webp,0.157887,1.0,0.2403725328501508
database3/database3/m.0127tk/75-FaceId-0_align.webp,0.118857,1.0,0.2491236187783613
database3/database3/m.0127tk/83-FaceId-0_align.webp,0.180049,1.0,0.2169344398678725
database3/database3/m.0127zt/62-FaceId-0_align.webp,0.099007,0.0,0.2261194541641127
database3/database3/m.012801/76-FaceId-0_align.webp,0.060329,1.0,0.2121335102560081
database3/database3/m.012981/36-FaceId-0_align.webp,0.038673,1.0,0.1793595646083381
database3/database3/m.012_53/112-FaceId-0_align.webp,0.081654,0.0,0.2064152259970233
database3/database3/m.012_53/73-FaceId-0_align.webp,0.056783,0.0,0.2121366848211349
database3/database3/m.012_jj/10-FaceId-0_align.webp,0.005143,1.0,0.1965444897867501
database3/database3/m.012_jj/103-FaceId-0_align.webp,0.04174,1.0,0.1667629206009627
database3/database3/m.012_jj/83-FaceId-0_align.webp,0.123978,1.0,0.2026280753042632
database3/database3/m.012c6j/57-FaceId-0_align.webp,0.0,1.0,0.1331249001343486
database3/database3/m.012c6x/43-FaceId-0_align.webp,0.000386,1.0,0.2334555964021586
database3/database3/m.012c8f/13-FaceId-0_align.webp,0.010098,1.0,0.2561171232215998
database3/database3/m.012c8f/85-FaceId-0_align.webp,0.121074,1.0,0.2891374529648309
database3/database3/m.012ck8/1-FaceId-0_align.webp,0.250793,0.0,0.307197073357932
database3/database3/m.012cm5/19-FaceId-0_align.webp,0.050828,1.0,0.2127991445495629
database3/database3/m.012cm5/75-FaceId-0_align.webp,0.032775,1.0,0.1298634516769221
database3/database3/m.012cm5/90-FaceId-0_align.webp,0.082057,1.0,0.219261295507366
database3/database3/m.012cnn/11-FaceId-0_align.webp,0.107545,0.0,0.1952984490426333
database3/database3/m.012cph/108-FaceId-0_align.webp,0.01551,1.0,0.1961435212325651
database3/database3/m.012cph/17-FaceId-0_align.webp,0.005549,1.0,0.2420568160729281
database3/database3/m.012cph/68-FaceId-0_align.webp,0.017584,1.0,0.2324212332245602
database3/database3/m.012cyp/33-FaceId-0_align.webp,0.012748,0.0,0.1875395080158552
database3/database3/m.012cyp/43-FaceId-0_align.webp,0.207358,0.0,0.2157069623887091
database3/database3/m.012cyp/7-FaceId-0_align.webp,0.030272,0.0,0.1984307452612594
database3/database3/m.012czd/35-FaceId-0_align.webp,0.035058,0.0,0.1821802811270385
database3/database3/m.012czd/90-FaceId-0_align.webp,0.001711,0.0,0.2113750553204501
database3/database3/m.012dtw/86-FaceId-0_align.webp,0.075626,1.0,0.2922578037774559
database3/database3/m.012fgx/58-FaceId-0_align.webp,0.039289,1.0,0.1842742556790194
database3/database3/m.012g8l/75-FaceId-0_align.webp,0.015517,1.0,0.2582983121111786
database3/database3/m.012gbb/1-FaceId-0_align.webp,0.057132,0.0,0.2492774656474998
database3/database3/m.012gbb/104-FaceId-0_align.webp,0.023381,0.0,0.205155041551391
database3/database3/m.012gbb/86-FaceId-0_align.webp,0.070682,0.0,0.2400698801325413
database3/database3/m.012gdw/54-FaceId-0_align.webp,0.06697,1.0,0.1728039629252173
database3/database3/m.012gl8/17-FaceId-0_align.webp,0.06567,0.0,0.2226398947075047
database3/database3/m.012gl8/38-FaceId-0_align.webp,0.063039,0.0,0.2162333435195327
database3/database3/m.012gq6/33-FaceId-0_align.webp,0.016946,1.0,0.1867032180323746
database3/database3/m.012gr9/29-FaceId-0_align.webp,0.156273,0.0,0.2627012824586107
database3/database3/m.012gx2/64-FaceId-0_align.webp,0.000577,1.0,0.2135482424642705
database3/database3/m.012gx2/77-FaceId-0_align.webp,0.126437,1.0,0.2507452399225971
database3/database3/m.012gx2/8-FaceId-0_align.webp,0.019361,1.0,0.1829344219465322
database3/database3/m.012gx2/99-FaceId-0_align.webp,0.025003,1.0,0.2315834972545106
database3/database3/m.012h65/109-FaceId-0_align.webp,0.210562,1.0,0.4338212043557718
database3/database3/m.012hqb/33-FaceId-0_align.webp,0.004406,1.0,0.244523978817803
database3/database3/m.012hr4/21-FaceId-0_align.webp,0.126033,1.0,0.217018414771548
database3/database3/m.012hr4/67-FaceId-0_align.webp,0.183915,1.0,0.2091222881299868
database3/database3/m.012hr4/74-FaceId-0_align.webp,0.037244,1.0,0.2151238917747249
database3/database3/m.012hsb/101-FaceId-0_align.webp,0.192286,1.0,0.210989846886407
database3/database3/m.012hsb/74-FaceId-0_align.webp,0.057902,1.0,0.2248588457582146
database3/database3/m.012hz4/77-FaceId-0_align.webp,0.118119,0.0,0.2620362750181019
database3/database3/m.012j2r/108-FaceId-0_align.webp,0.027644,1.0,0.1983319919529363
database3/database3/m.012j2r/38-FaceId-0_align.webp,0.010758,1.0,0.2197791333271335
database3/database3/m.012j2r/9-FaceId-0_align.webp,0.029992,1.0,0.1912674284185777
database3/database3/m.012kdb/7-FaceId-0_align.webp,0.154185,0.0,0.2176340713556988
database3/database3/m.012kk4/31-FaceId-1_align.webp,0.026924,1.0,0.2028357445707319
database3/database3/m.012l22/20-FaceId-0_align.webp,0.182682,1.0,0.3618809509090064
database3/database3/m.012l22/56-FaceId-0_align.webp,0.079127,1.0,0.3113894136239963
database3/database3/m.012lyg/82-FaceId-0_align.webp,0.015571,1.0,0.1929498966047121
database3/database3/m.012m1c/109-FaceId-0_align.webp,0.052592,0.0,0.2108576644919598
database3/database3/m.012m1c/113-FaceId-0_align.webp,0.018979,0.0,0.2131430985215355
database3/database3/m.012m1c/56-FaceId-0_align.webp,0.076711,0.0,0.1766583333399574
database3/database3/m.012m7r/99-FaceId-0_align.webp,0.002972,1.0,0.4341699210784142
database3/database3/m.012mh_/3-FaceId-0_align.webp,0.065168,1.0,0.2024091921174014
database3/database3/m.012mh_/6-FaceId-0_align.webp,0.002681,1.0,0.1877207157960597
database3/database3/m.012mk7/90-FaceId-0_align.webp,0.032433,1.0,0.1846869340819704
database3/database3/m.012ml0/96-FaceId-0_align.webp,0.031451,1.0,0.2068694033289964
database3/database3/m.012mmb/47-FaceId-0_align.webp,0.146313,0.0,0.2716949163462817
database3/database3/m.012mn4/43-FaceId-0_align.webp,0.005783,1.0,0.2006023452777098
database3/database3/m.012nry/108-FaceId-0_align.webp,0.006878,1.0,0.1677643264747663
database3/database3/m.012nry/28-FaceId-0_align.webp,0.006764,1.0,0.2639003895610233
database3/database3/m.012nry/3-FaceId-0_align.webp,0.008173,1.0,0.2148851657824108
database3/database3/m.012nry/57-FaceId-0_align.webp,0.00436,1.0,0.2249084491260177
database3/database3/m.012pjh/2-FaceId-0_align.webp,0.0,1.0,0.2349557424882905
database3/database3/m.012q4n/50-FaceId-0_align.webp,0.004622,1.0,0.2894084023347439
database3/database3/m.012qfw/20-FaceId-1_align.webp,0.162552,0.0,0.1848004080484274
database3/database3/m.012qfw/41-FaceId-0_align.webp,0.211858,0.0,0.1878330670807341
database3/database3/m.012qgc/82-FaceId-0_align.webp,0.002042,1.0,0.2239183095982906
database3/database3/m.012rng/35-FaceId-0_align.webp,0.036379,1.0,0.27944863898415
database3/database3/m.012rng/47-FaceId-0_align.webp,0.022161,1.0,0.4845452051711534
database3/database3/m.012rng/48-FaceId-0_align.webp,0.01786,1.0,0.213289263073407
database3/database3/m.012rth/93-FaceId-0_align.webp,0.046323,1.0,0.4847045191903086
database3/database3/m.012s1x/11-FaceId-0_align.webp,0.049377,1.0,0.2169394263874951
database3/database3/m.012s5j/122-FaceId-0_align.webp,0.205872,0.0,0.2584238108086546
database3/database3/m.012s9f/0-FaceId-0_align.webp,0.000412,1.0,0.1875383335019876
database3/database3/m.012st7/14-FaceId-0_align.webp,0.003821,1.0,0.3428610585066459
database3/database3/m.012t1d/17-FaceId-0_align.webp,0.167599,1.0,0.2038133640400476
database3/database3/m.012t1d/37-FaceId-0_align.webp,0.016467,1.0,0.2125038329076845
database3/database3/m.012t1d/80-FaceId-0_align.webp,0.014504,1.0,0.2710757530584139
database3/database3/m.012t3l/22-FaceId-0_align.webp,0.012766,1.0,0.0
database3/database3/m.012t7s/3-FaceId-0_align.webp,0.014581,1.0,0.1929355861418239
database3/database3/m.012tmz/123-FaceId-0_align.webp,0.001629,1.0,0.1869626276502925
database3/database3/m.012v1t/29-FaceId-0_align.webp,0.118114,0.0,0.2130650485054998
database3/database3/m.012v1t/67-FaceId-0_align.webp,0.072956,0.0,0.2054337416567075
database3/database3/m.012v1t/93-FaceId-0_align.webp,0.033657,0.0,0.2137819895452371
database3/database3/m.012vby/3-FaceId-0_align.webp,0.002151,1.0,0.3441741601591974
database3/database3/m.012vby/36-FaceId-0_align.webp,0.0,1.0,0.1742380093159977
database3/database3/m.012vd6/49-FaceId-0_align.webp,0.124288,0.0,0.242440685124313
database3/database3/m.012vd6/5-FaceId-0_align.webp,0.104381,0.0,0.2170424665571618
database3/database3/m.012vd6/75-FaceId-1_align.webp,0.054381,0.0,0.3347075754626081
database3/database3/m.012vf6/90-FaceId-0_align.webp,0.069167,0.0,0.2451978641978313
database3/database3/m.012vhn/10-FaceId-0_align.webp,0.009813,1.0,0.1872176452076375
database3/database3/m.012vhn/4-FaceId-0_align.webp,0.005793,1.0,0.1282904321853799
database3/database3/m.012vq0/30-FaceId-0_align.webp,0.028246,1.0,0.2069921073041621
database3/database3/m.012vq0/67-FaceId-0_align.webp,0.017872,1.0,0.2223126438432474
database3/database3/m.012vqh/80-FaceId-0_align.webp,0.078239,0.0,0.2358027547936435
database3/database3/m.012w05/52-FaceId-0_align.webp,0.000408,1.0,0.2782622431909239
database3/database3/m.012w3k/19-FaceId-0_align.webp,0.109411,1.0,0.2888549666602736
database3/database3/m.012w3k/33-FaceId-0_align.webp,0.07009,1.0,0.2229325390324278
database3/database3/m.012w3k/4-FaceId-0_align.webp,0.071086,1.0,0.2389113276868475
database3/database3/m.012wfh/73-FaceId-0_align.webp,0.055456,0.0,0.3993066895161515
database3/database3/m.012wfh/77-FaceId-0_align.webp,0.055,0.0,0.2279364936918588
database3/database3/m.012wgv/56-FaceId-0_align.webp,0.072911,1.0,0.2416771817923283
database3/database3/m.012x2b/18-FaceId-0_align.webp,0.0,1.0,0.2313284765277903
database3/database3/m.012x2b/46-FaceId-0_align.webp,0.039092,1.0,0.2230450806821645
database3/database3/m.012x2b/54-FaceId-0_align.webp,0.049838,1.0,0.2012655572551379
database3/database3/m.012x2b/72-FaceId-0_align.webp,0.008788,1.0,0.1974071484245319
database3/database3/m.012x5/81-FaceId-0_align.webp,0.058123,0.0,0.2412522359757542
database3/database3/m.012xdy/81-FaceId-0_align.webp,0.012382,1.0,0.242325189060637
database3/database3/m.012xls/57-FaceId-0_align.webp,0.114584,1.0,0.6237895533563809
database3/database3/m.012xls/70-FaceId-0_align.webp,0.126797,1.0,0.180401899696239
database3/database3/m.012xls/74-FaceId-0_align.webp,0.018384,1.0,0.3651830587917697
database3/database3/m.012y1h/86-FaceId-0_align.webp,0.123838,1.0,0.2522464847739675
database3/database3/m.012ycy/16-FaceId-0_align.webp,0.002336,1.0,0.2457060542312512
database3/database3/m.012ycy/21-FaceId-0_align.webp,0.164069,1.0,0.2229072246839803
database3/database3/m.012ycy/73-FaceId-0_align.webp,0.017165,1.0,0.2506302389406711
database3/database3/m.012ycy/99-FaceId-0_align.webp,0.136797,1.0,0.1354269760456951
database3/database3/m.012yg1/19-FaceId-0_align.webp,0.003406,1.0,0.2985982654250929
database3/database3/m.012yg1/21-FaceId-0_align.webp,0.007301,1.0,0.1872305126874226
database3/database3/m.012yg1/66-FaceId-0_align.webp,0.007466,1.0,0.2933709776852866
database3/database3/m.012yhd/22-FaceId-0_align.webp,0.043044,1.0,0.2410841241302076
database3/database3/m.012yhd/41-FaceId-0_align.webp,0.014599,1.0,0.2389421139412179
database3/database3/m.012yhd/87-FaceId-0_align.webp,0.016417,1.0,0.24989352706235
database3/database3/m.012ysy/40-FaceId-0_align.webp,0.005784,1.0,0.2202197169304603
database3/database3/m.012yxk/51-FaceId-0_align.webp,0.111796,1.0,0.2641975069491968
database3/database3/m.012z8_/39-FaceId-0_align.webp,0.076699,1.0,0.1895834688010152
database3/database3/m.012zrl/119-FaceId-0_align.webp,0.19435,0.0,0.1874366613019406
database3/database3/m.012zrl/22-FaceId-0_align.webp,0.184216,0.0,0.2284135248096157
database3/database3/m.012zrl/34-FaceId-0_align.webp,0.221002,0.0,0.2899250560846437
database3/database3/m.01300z/111-FaceId-0_align.webp,0.011168,1.0,0.2070317358579063
database3/database3/m.01300z/46-FaceId-0_align.webp,0.004916,1.0,0.2145145778526058
database3/database3/m.01306d/26-FaceId-0_align.webp,0.043181,1.0,0.2497125769240046
database3/database3/m.0130py/108-FaceId-0_align.webp,0.041408,1.0,0.3522149469650971
database3/database3/m.0130py/9-FaceId-0_align.webp,0.045214,1.0,0.1941897485002138
database3/database3/m.0130sy/65-FaceId-0_align.webp,0.067207,1.0,0.2388153547950363
database3/database3/m.013107/34-FaceId-0_align.webp,0.131929,0.0,0.2199922695124577
database3/database3/m.0131kb/28-FaceId-0_align.webp,0.0,1.0,0.1397407334611002
database3/database3/m.0131kb/47-FaceId-0_align.webp,0.0,1.0,0.1997747620836445
database3/database3/m.0131kb/76-FaceId-0_align.webp,0.081559,1.0,0.3088278249966867
database3/database3/m.013267/23-FaceId-0_align.webp,0.049038,1.0,0.2066313750879257
database3/database3/m.0132k4/103-FaceId-0_align.webp,0.076004,1.0,0.281023192508591
database3/database3/m.0132k4/97-FaceId-0_align.webp,0.101202,1.0,0.2484608343956771
database3/database3/m.0132kn/100-FaceId-0_align.webp,0.045478,1.0,0.2290900947182571
database3/database3/m.0132q1/29-FaceId-0_align.webp,0.017581,0.0,0.2178810449326034
database3/database3/m.013339/106-FaceId-0_align.webp,0.058305,1.0,0.2028542048264018
database3/database3/m.013339/23-FaceId-0_align.webp,0.255508,1.0,0.2548431700203259
database3/database3/m.013339/80-FaceId-0_align.webp,0.066481,1.0,0.2670441843950657
database3/database3/m.01338h/81-FaceId-0_align.webp,0.088482,0.0,0.1950801877299849
database3/database3/m.0133c4/15-FaceId-0_align.webp,0.207364,1.0,0.2127739155082039
database3/database3/m.0133x7/100-FaceId-0_align.webp,0.144974,0.0,0.2199304159881878
database3/database3/m.0133yt/45-FaceId-0_align.webp,0.102482,1.0,0.2759054367339718
database3/database3/m.01341q/51-FaceId-0_align.webp,0.043853,1.0,0.3124277815978682
database3/database3/m.013423/105-FaceId-0_align.webp,0.016474,0.0,0.3039150553460626
database3/database3/m.013423/43-FaceId-0_align.webp,0.10846,0.0,0.2099983162635115
database3/database3/m.0134cp/27-FaceId-0_align.webp,0.030912,1.0,0.2529436573185205
database3/database3/m.0134cp/34-FaceId-1_align.webp,0.031754,1.0,0.2339591386847381
database3/database3/m.0134cp/53-FaceId-0_align.webp,0.019724,1.0,0.220055683035572
database3/database3/m.0134dc/38-FaceId-0_align.webp,0.000768,1.0,0.2479983220509141
database3/database3/m.0134dc/73-FaceId-0_align.webp,0.003398,1.0,0.3206951498984101
database3/database3/m.0134fr/66-FaceId-0_align.webp,0.01299,1.0,0.2138315711294605
database3/database3/m.0134fr/82-FaceId-0_align.webp,0.004786,1.0,0.2512783961218611
database3/database3/m.0134wr/11-FaceId-2_align.webp,0.000566,1.0,0.1424128825287459
database3/database3/m.0134wr/30-FaceId-2_align.webp,0.080915,1.0,0.2035978825340257
database3/database3/m.0134wr/52-FaceId-2_align.webp,0.028557,1.0,0.2635172722133388
database3/database3/m.0134wr/65-FaceId-1_align.webp,0.001253,1.0,0.1991214266281203
database3/database3/m.0134wr/69-FaceId-2_align.webp,0.064238,1.0,0.2125091701343225
database3/database3/m.0134wr/89-FaceId-1_align.webp,0.188914,1.0,0.1584041803493557
database3/database3/m.0135nb/89-FaceId-0_align.webp,0.051256,1.0,0.2208055374235823
database3/database3/m.01368v/100-FaceId-0_align.webp,0.078994,0.0,0.2052223173614797
database3/database3/m.01368v/58-FaceId-0_align.webp,0.186435,0.0,0.2050512120055024
database3/database3/m.01368v/59-FaceId-1_align.webp,0.101878,0.0,0.1904900737925634
database3/database3/m.0136ms/38-FaceId-0_align.webp,0.015722,1.0,0.1995304931875932
database3/database3/m.0136p1/103-FaceId-0_align.webp,0.341015,0.0,0.2692490503510087
database3/database3/m.0136p1/13-FaceId-0_align.webp,0.259257,0.0,0.2425434863493261
database3/database3/m.0136p1/66-FaceId-0_align.webp,0.075301,0.0,0.2164870418392824
database3/database3/m.0136pk/68-FaceId-0_align.webp,0.195786,1.0,0.2620069176540396
database3/database3/m.0136pk/87-FaceId-0_align.webp,0.172482,1.0,0.2452397621198363
database3/database3/m.0136tm/24-FaceId-0_align.webp,0.011359,1.0,0.2181384087913801
database3/database3/m.0137s4/92-FaceId-0_align.webp,0.014219,1.0,0.6165974904920628
database3/database3/m.01380_/30-FaceId-0_align.webp,0.062935,1.0,0.2875722577756885
database3/database3/m.01380_/84-FaceId-0_align.webp,0.019541,1.0,0.2222639863494534
database3/database3/m.013823/15-FaceId-0_align.webp,0.004502,1.0,0.1886736246215806
database3/database3/m.013823/5-FaceId-0_align.webp,0.029677,1.0,0.1799667001545139
database3/database3/m.013846/35-FaceId-0_align.webp,0.005272,1.0,0.2290182360369982
database3/database3/m.013846/71-FaceId-0_align.webp,0.036782,1.0,0.2197727412004027
database3/database3/m.01386_/97-FaceId-0_align.webp,0.01382,1.0,0.1959295087762342
database3/database3/m.01386m/93-FaceId-0_align.webp,0.049853,1.0,0.2352803866425063
database3/database3/m.01387g/36-FaceId-0_align.webp,0.020561,1.0,0.194867502182001
database3/database3/m.01387g/90-FaceId-0_align.webp,0.00159,1.0,0.1697555758973701
database3/database3/m.01387y/2-FaceId-0_align.webp,0.062856,1.0,0.2404653263763956
database3/database3/m.01387y/32-FaceId-0_align.webp,0.048091,1.0,0.2404400664916584
database3/database3/m.01387y/46-FaceId-0_align.webp,0.0006,1.0,0.1910664800778154
database3/database3/m.01388c/29-FaceId-0_align.webp,0.136546,1.0,0.2295792843333334
database3/database3/m.01388c/82-FaceId-0_align.webp,0.007483,1.0,0.2352674526546856
database3/database3/m.01388c/92-FaceId-0_align.webp,0.007604,1.0,0.2113041518766615
database3/database3/m.01389w/75-FaceId-1_align.webp,0.011085,1.0,0.1702033116487092
database3/database3/m.01389w/76-FaceId-0_align.webp,0.018887,1.0,0.2122805945535294
database3/database3/m.0138b7/49-FaceId-0_align.webp,0.173256,1.0,0.1916488230536005
database3/database3/m.0138b7/63-FaceId-0_align.webp,0.091583,1.0,0.3543629578351044
database3/database3/m.0138m1/11-FaceId-0_align.webp,0.033355,1.0,0.2423719756265298
database3/database3/m.0138m1/60-FaceId-0_align.webp,0.027664,1.0,0.1865604136870373
database3/database3/m.0139rh/103-FaceId-0_align.webp,0.008771,1.0,0.2001790356482796
database3/database3/m.0139rh/5-FaceId-0_align.webp,0.009412,1.0,0.179556722056577
database3/database3/m.013_4m/89-FaceId-0_align.webp,0.106225,1.0,0.1859460895313075
database3/database3/m.013_gz/96-FaceId-0_align.webp,0.14677,0.0,0.2262930998803727
database3/database3/m.013_tp/47-FaceId-0_align.webp,0.000171,1.0,0.2410997327364798
database3/database3/m.013b7z/45-FaceId-0_align.webp,0.025843,1.0,0.2302288724949711
database3/database3/m.013bym/61-FaceId-0_align.webp,0.110889,0.0,0.2205361550998662
database3/database3/m.013bym/65-FaceId-0_align.webp,0.249006,0.0,0.1931997011175185
database3/database3/m.013bym/66-FaceId-0_align.webp,0.288548,0.0,0.2434252794361108
database3/database3/m.013bym/71-FaceId-0_align.webp,0.115164,0.0,0.2164915871313853
database3/database3/m.013m5y/73-FaceId-0_align.webp,0.0,1.0,0.227605938303497
database3/database3/m.013p_0/60-FaceId-0_align.webp,0.015459,1.0,0.0
database3/database3/m.013p_j/3-FaceId-0_align.webp,0.046784,1.0,0.2159076151221667
database3/database3/m.013p_j/43-FaceId-0_align.webp,0.026287,1.0,0.212405065241074
database3/database3/m.013p_w/1-FaceId-0_align.webp,0.045903,0.0,0.2426670717836484
database3/database3/m.013p_w/90-FaceId-1_align.webp,0.028906,0.0,0.25408103402764
database3/database3/m.013pp3/83-FaceId-0_align.webp,0.052247,1.0,0.2805671613214995
database3/database3/m.013ppl/76-FaceId-0_align.webp,0.018885,1.0,0.2009741977475303
database3/database3/m.013q78/86-FaceId-0_align.webp,0.03,1.0,0.2227219123648817
database3/database3/m.013q8x/26-FaceId-0_align.webp,0.110943,1.0,0.2259040211097572
database3/database3/m.013q8x/42-FaceId-0_align.webp,0.056383,1.0,0.2084615093914698
database3/database3/m.013q8x/99-FaceId-0_align.webp,0.005069,1.0,0.2147060251350719
database3/database3/m.013qb0/82-FaceId-0_align.webp,0.080376,1.0,0.227050784483273
database3/database3/m.013qb0/94-FaceId-0_align.webp,0.14541,1.0,0.2125294906886319
database3/database3/m.013qjp/42-FaceId-0_align.webp,0.027503,1.0,0.2137750802518462
database3/database3/m.013qjp/83-FaceId-0_align.webp,0.014,1.0,0.2210209163549368
database3/database3/m.013qpt/31-FaceId-0_align.webp,0.020067,1.0,0.2089287708772907
database3/database3/m.013qq4/70-FaceId-0_align.webp,0.020855,1.0,0.1978948105400853
database3/database3/m.013qwl/61-FaceId-0_align.webp,0.006336,1.0,0.2075250885840811
database3/database3/m.013qwy/18-FaceId-0_align.webp,0.050242,1.0,0.2178860815893843
database3/database3/m.013qy3/30-FaceId-0_align.webp,0.004735,1.0,0.298859994577612
database3/database3/m.013qy3/92-FaceId-0_align.webp,0.026678,1.0,0.1977011844330191
database3/database3/m.013qyh/56-FaceId-1_align.webp,0.057576,1.0,0.3492164664558287
database3/database3/m.013r6h/27-FaceId-0_align.webp,0.054123,1.0,0.1511901946022066
database3/database3/m.013r6h/46-FaceId-0_align.webp,0.123792,1.0,0.5260621673752577
database3/database3/m.013s1b/47-FaceId-0_align.webp,0.148289,1.0,0.2277099531377407
database3/database3/m.013s1t/21-FaceId-0_align.webp,0.005317,1.0,0.2127601507516992
database3/database3/m.013s3/75-FaceId-0_align.webp,0.061568,1.0,0.2903936894547164
database3/database3/m.013s6x/6-FaceId-0_align.webp,0.031839,1.0,0.2069407839934453
database3/database3/m.013s8s/33-FaceId-0_align.webp,0.074629,0.0,0.2059913303185476
database3/database3/m.013sjh/7-FaceId-0_align.webp,0.189385,1.0,0.2728483798306668
database3/database3/m.013t9y/12-FaceId-0_align.webp,0.013435,1.0,0.2803935884771997
database3/database3/m.013tjc/54-FaceId-0_align.webp,0.0,1.0,0.2187313292141609
database3/database3/m.013tjc/56-FaceId-0_align.webp,0.015964,1.0,0.2168992977444105
database3/database3/m.013v12/3-FaceId-0_align.webp,0.018587,1.0,0.2077010082736554
database3/database3/m.013v12/7-FaceId-0_align.webp,0.019979,1.0,0.2229683694094935
database3/database3/m.013v5j/57-FaceId-0_align.webp,0.119854,0.0,0.2051865262158547
database3/database3/m.013vdl/109-FaceId-0_align.webp,0.167747,0.0,0.181636705776097
database3/database3/m.013vdl/32-FaceId-0_align.webp,0.021263,0.0,0.2016380333507109
database3/database3/m.013vtr/20-FaceId-0_align.webp,0.015954,1.0,0.2138653465729479
database3/database3/m.013w7j/20-FaceId-0_align.webp,0.009375,1.0,0.2888092276431965
database3/database3/m.013w7j/32-FaceId-0_align.webp,0.001151,1.0,0.2265603292673996
database3/database3/m.013w7j/64-FaceId-0_align.webp,0.008592,1.0,0.3004492012339114
database3/database3/m.013w8h/4-FaceId-0_align.webp,0.094597,1.0,0.2037471322241668
database3/database3/m.013wt0/40-FaceId-1_align.webp,0.123008,0.0,0.2219812839214059
database3/database3/m.013wz9/26-FaceId-0_align.webp,0.18678,0.0,0.213367436605688
database3/database3/m.013wz9/73-FaceId-0_align.webp,0.219059,0.0,0.2075893585448247
database3/database3/m.013xhr/100-FaceId-0_align.webp,0.00219,1.0,0.2469635241088934
database3/database3/m.013xhr/23-FaceId-0_align.webp,0.015916,1.0,0.223835597776676
database3/database3/m.013xhr/24-FaceId-0_align.webp,0.064866,1.0,0.2130899992353446
database3/database3/m.013xhr/33-FaceId-0_align.webp,0.013765,1.0,0.3252118771312752
database3/database3/m.013xhr/42-FaceId-0_align.webp,0.02596,1.0,0.2709645638675499
database3/database3/m.013xs1/10-FaceId-0_align.webp,0.059547,1.0,0.1702813109759483
database3/database3/m.013y2b/23-FaceId-0_align.webp,0.154363,0.0,0.2164887015229057
database3/database3/m.013y2b/32-FaceId-0_align.webp,0.092369,0.0,0.2047888193519403
database3/database3/m.013y2b/66-FaceId-0_align.webp,0.108782,0.0,0.2119473437331336
database3/database3/m.013y2s/40-FaceId-0_align.webp,0.026989,0.0,0.2008067643517622
database3/database3/m.013y2s/73-FaceId-0_align.webp,0.075667,0.0,0.1959608860178594
database3/database3/m.013yd0/51-FaceId-0_align.webp,0.167678,0.0,0.2214353162014426
database3/database3/m.013yd0/92-FaceId-0_align.webp,0.096098,0.0,0.1983342912086828
database3/database3/m.013ykk/37-FaceId-0_align.webp,0.042458,0.0,0.2309653666451259
database3/database3/m.013ykx/9-FaceId-0_align.webp,0.117351,0.0,0.2143463404880907
database3/database3/m.013ylm/42-FaceId-0_align.webp,0.120671,0.0,0.2270527044487707
database3/database3/m.013ylm/97-FaceId-0_align.webp,0.133134,0.0,0.2353472279351063
database3/database3/m.013yvd/37-FaceId-0_align.webp,0.027946,1.0,0.1848905884051535
database3/database3/m.013yvd/75-FaceId-0_align.webp,0.027604,1.0,0.1981265167886258
database3/database3/m.013yyq/27-FaceId-0_align.webp,0.014857,1.0,0.2417974842591141
database3/database3/m.013yyq/44-FaceId-0_align.webp,0.06122,1.0,0.2052405838650852
database3/database3/m.013yyq/48-FaceId-0_align.webp,0.11735,1.0,0.2688759429660612
database3/database3/m.013zjz/16-FaceId-0_align.webp,0.071353,1.0,0.249448432698023
database3/database3/m.013zm7/89-FaceId-0_align.webp,0.144683,1.0,0.2197998094888849
database3/database3/m.013zpf/72-FaceId-0_align.webp,0.0,0.0,0.4380044431227089
database3/database3/m.013zpf/88-FaceId-0_align.webp,0.169008,0.0,0.219656823483281
database3/database3/m.013zr7/15-FaceId-0_align.webp,0.062795,1.0,0.1978605716394667
database3/database3/m.013zs9/83-FaceId-0_align.webp,0.33489,0.0,0.2570014986401929
database3/database3/m.013zyw/16-FaceId-0_align.webp,0.043076,1.0,0.1869446144141549
database3/database3/m.013zyw/19-FaceId-0_align.webp,0.020445,1.0,0.1756370044240442
database3/database3/m.013zyw/21-FaceId-0_align.webp,0.01715,1.0,0.1813279403083842
database3/database3/m.01400g/101-FaceId-0_align.webp,0.057026,0.0,0.2348491389065752
database3/database3/m.01400g/117-FaceId-0_align.webp,0.219786,0.0,0.2754228300851419
database3/database3/m.01400g/31-FaceId-0_align.webp,0.04717,0.0,0.2166581195399796
database3/database3/m.01400g/47-FaceId-0_align.webp,0.103943,0.0,0.2177720011248961
database3/database3/m.014029/72-FaceId-0_align.webp,0.164078,0.0,0.2260679960213586
database3/database3/m.0140ly/8-FaceId-0_align.webp,0.018837,1.0,0.1951309647487698
database3/database3/m.0140v2/84-FaceId-0_align.webp,0.185102,1.0,0.3673238016287153
database3/database3/m.0141qv/12-FaceId-0_align.webp,0.026897,1.0,0.2100302464979029
database3/database3/m.0142n8/3-FaceId-0_align.webp,0.193323,1.0,0.1688263571029929
database3/database3/m.0142n8/5-FaceId-0_align.webp,0.020679,1.0,0.2254020500713158
database3/database3/m.0142sv/3-FaceId-0_align.webp,0.0,1.0,0.1493386862150459
database3/database3/m.0142sv/32-FaceId-0_align.webp,0.0,1.0,0.1629605062243537
database3/database3/m.01433m/64-FaceId-0_align.webp,0.03742,0.0,0.280181251424896
database3/database3/m.0143sn/66-FaceId-0_align.webp,0.02374,1.0,0.2186450902061275
database3/database3/m.0143wl/30-FaceId-0_align.webp,0.034923,1.0,0.2301392806480064
database3/database3/m.0143wl/81-FaceId-0_align.webp,0.051966,1.0,0.2394575823928276
database3/database3/m.014488/3-FaceId-0_align.webp,0.020128,1.0,0.1973382511368435
database3/database3/m.01449w/57-FaceId-0_align.webp,0.017199,1.0,0.3147150661040133
database3/database3/m.01449w/80-FaceId-0_align.webp,0.016942,1.0,0.2564918127226959
database3/database3/m.01449w/99-FaceId-0_align.webp,0.011762,1.0,0.2770637387205679
database3/database3/m.0144_b/77-FaceId-0_align.webp,0.037923,1.0,0.1822560957367955
database3/database3/m.0144_b/99-FaceId-0_align.webp,0.002226,1.0,0.1864695079719448
database3/database3/m.0144k5/45-FaceId-0_align.webp,0.060457,0.0,0.2112202012500799
database3/database3/m.0144k5/53-FaceId-0_align.webp,0.099321,0.0,0.2371567246631064
database3/database3/m.0144k5/58-FaceId-0_align.webp,0.088277,0.0,0.2111321305867128
database3/database3/m.0144k5/85-FaceId-0_align.webp,0.078258,0.0,0.2280408682700971
database3/database3/m.014508/74-FaceId-0_align.webp,0.033711,1.0,0.207641389004359
database3/database3/m.0146fs/16-FaceId-0_align.webp,0.00871,1.0,0.2090371201910001
database3/database3/m.0147cn/44-FaceId-0_align.webp,0.171045,1.0,0.2258481105236973
database3/database3/m.0147cn/79-FaceId-0_align.webp,0.059428,1.0,0.2427598705421484
database3/database3/m.0147jt/99-FaceId-0_align.webp,0.019999,1.0,0.2234435490359383
database3/database3/m.0147qz/78-FaceId-0_align.webp,0.010623,1.0,0.2042717220898902
database3/database3/m.01480y/76-FaceId-0_align.webp,0.0,1.0,0.161559989518922
database3/database3/m.0148_m/52-FaceId-0_align.webp,0.01178,1.0,0.2158561000856646
database3/database3/m.0148m9/58-FaceId-0_align.webp,0.040365,1.0,0.1851213075117015
database3/database3/m.0148qq/63-FaceId-1_align.webp,0.082134,1.0,0.1991689115223394
database3/database3/m.0148x0/17-FaceId-0_align.webp,0.195787,0.0,0.2416768791609186
database3/database3/m.014902/18-FaceId-0_align.webp,0.02167,1.0,0.2298186042243653
database3/database3/m.01491d/96-FaceId-0_align.webp,0.018562,1.0,0.1879806341868516
database3/database3/m.014936/66-FaceId-0_align.webp,0.009581,0.0,0.2238671139498986
database3/database3/m.0149k5/29-FaceId-0_align.webp,0.022158,1.0,0.2114296415869632
database3/database3/m.0149k5/81-FaceId-0_align.webp,0.042078,1.0,0.3546221491976833
database3/database3/m.0149vp/23-FaceId-0_align.webp,0.153482,1.0,0.0
database3/database3/m.0149vp/3-FaceId-0_align.webp,0.055794,1.0,0.2130562648110302
database3/database3/m.0149vp/63-FaceId-0_align.webp,0.126629,1.0,0.2228762735387243
database3/database3/m.0149wl/102-FaceId-0_align.webp,0.022928,1.0,0.2696037558277469
database3/database3/m.0149wl/45-FaceId-0_align.webp,0.024169,1.0,0.2930142593267184
database3/database3/m.0149xx/94-FaceId-0_align.webp,0.042337,1.0,0.261371974495689
database3/database3/m.014_1g/72-FaceId-0_align.webp,0.019311,0.0,0.2203694508102574
database3/database3/m.014_1g/8-FaceId-0_align.webp,0.209769,0.0,0.2476685423900532
database3/database3/m.014_4y/6-FaceId-0_align.webp,0.048047,1.0,0.2177169844534786
database3/database3/m.014_sl/106-FaceId-0_align.webp,0.23715,0.0,0.2516277043768384
database3/database3/m.014_sl/74-FaceId-0_align.webp,0.390836,0.0,0.2161964894855963
database3/database3/m.014bn_/16-FaceId-0_align.webp,0.037637,1.0,0.2040315739339286
database3/database3/m.014bn_/85-FaceId-1_align.webp,0.012813,1.0,0.2063156410933128
database3/database3/m.014bps/75-FaceId-0_align.webp,0.000105,1.0,0.234887205054073
database3/database3/m.014byr/85-FaceId-0_align.webp,0.140079,1.0,0.2246837409817147
database3/database3/m.014bz_/33-FaceId-0_align.webp,0.044503,1.0,0.228092844616495
database3/database3/m.014c0y/76-FaceId-0_align.webp,0.175143,1.0,0.2200603822449212
database3/database3/m.014c40/62-FaceId-0_align.webp,0.041412,1.0,0.2869848643678102
database3/database3/m.014c40/70-FaceId-0_align.webp,0.059838,1.0,0.2056661499698824
database3/database3/m.014cq/6-FaceId-0_align.webp,0.092137,1.0,0.1912005892533807
database3/database3/m.014cq/86-FaceId-0_align.webp,0.009035,1.0,0.2742921655528639
database3/database3/m.014cw2/26-FaceId-0_align.webp,0.010138,1.0,0.2007317733774491
database3/database3/m.014cw2/50-FaceId-0_align.webp,0.006571,1.0,0.2032421047296357
database3/database3/m.014d0v/117-FaceId-0_align.webp,0.00171,1.0,0.2045376491091563
database3/database3/m.014d0v/5-FaceId-0_align.webp,0.0,1.0,0.1618407961041254
database3/database3/m.014d0v/76-FaceId-0_align.webp,0.001899,1.0,0.1920382989722156
database3/database3/m.014d15/7-FaceId-0_align.webp,0.067756,1.0,0.2346916550431694
database3/database3/m.014d3/12-FaceId-0_align.webp,0.002261,1.0,0.2054661018386404
database3/database3/m.014d3/72-FaceId-0_align.webp,0.018566,1.0,0.1957732009302817
database3/database3/m.014d3y/82-FaceId-0_align.webp,0.033512,0.0,0.9198779984566976
database3/database3/m.014dg1/103-FaceId-0_align.webp,0.026524,1.0,0.2041362531490928
database3/database3/m.014dg1/51-FaceId-0_align.webp,0.001679,1.0,0.233118562254939
database3/database3/m.014dg1/65-FaceId-0_align.webp,0.0,1.0,0.158833180518375
database3/database3/m.014dg1/7-FaceId-0_align.webp,0.01106,1.0,0.2302564597836194
database3/database3/m.014dg1/86-FaceId-0_align.webp,0.019596,1.0,0.2221728730479837
database3/database3/m.014dm6/105-FaceId-0_align.webp,0.23153,1.0,0.2235161118713784
database3/database3/m.014dy_/50-FaceId-0_align.webp,0.069776,1.0,0.1641232603405572
database3/database3/m.014dy_/73-FaceId-0_align.webp,0.01239,1.0,0.1984435550708864
database3/database3/m.014f8k/25-FaceId-0_align.webp,0.24634,0.0,0.2078720983825515
database3/database3/m.014f8k/9-FaceId-0_align.webp,0.182534,0.0,0.2154743438133885
database3/database3/m.014fcb/0-FaceId-0_align.webp,0.028343,1.0,0.2158930102548744
database3/database3/m.014fd7/98-FaceId-0_align.webp,0.096652,1.0,0.20255547688412
database3/database3/m.014g17/1-FaceId-0_align.webp,0.005705,1.0,0.2289870922082088
database3/database3/m.014g17/9-FaceId-0_align.webp,0.079641,1.0,0.2400756878376639
database3/database3/m.014g22/90-FaceId-0_align.webp,0.35161,0.0,0.2604424331189935
database3/database3/m.014g6c/86-FaceId-0_align.webp,0.02888,1.0,0.2214347317183074
database3/database3/m.014g6v/43-FaceId-0_align.webp,0.001902,1.0,0.1970345526377133
database3/database3/m.014g79/86-FaceId-0_align.webp,0.049609,1.0,0.2197617760812351
database3/database3/m.014g8p/48-FaceId-0_align.webp,0.000256,1.0,0.2492121763996184
database3/database3/m.014g9y/12-FaceId-0_align.webp,0.038159,0.0,0.2275250435953695
database3/database3/m.014g_f/26-FaceId-0_align.webp,0.000817,1.0,0.135784757024768
database3/database3/m.014g_f/35-FaceId-0_align.webp,0.001771,1.0,0.2047325227886585
database3/database3/m.014gf8/102-FaceId-0_align.webp,0.00204,1.0,0.4519662619327843
database3/database3/m.014gf8/28-FaceId-0_align.webp,0.018311,1.0,0.1818097360439902
database3/database3/m.014gf8/69-FaceId-0_align.webp,0.050273,1.0,0.2078566000748344
database3/database3/m.014gf8/9-FaceId-0_align.webp,0.034223,1.0,0.2092733524744016
database3/database3/m.014gsd/79-FaceId-0_align.webp,0.118598,1.0,0.2324893838242146
database3/database3/m.014h_s/80-FaceId-0_align.webp,0.173494,0.0,0.2339531263171159
database3/database3/m.014hlm/54-FaceId-0_align.webp,0.078394,0.0,0.216097835709331
database3/database3/m.014hmv/53-FaceId-1_align.webp,0.0,1.0,0.2137809271231469
database3/database3/m.014j8m/72-FaceId-0_align.webp,0.0057,1.0,0.2254862638641794
database3/database3/m.014jb8/10-FaceId-0_align.webp,0.009911,1.0,0.3166023512559608
database3/database3/m.014jk0/16-FaceId-0_align.webp,0.026202,1.0,0.3911777945053545
database3/database3/m.014jk0/61-FaceId-0_align.webp,0.011335,1.0,0.8203192600268278
database3/database3/m.014jk0/74-FaceId-0_align.webp,0.003357,1.0,0.4558358914209057
database3/database3/m.014jxq/20-FaceId-0_align.webp,0.165895,0.0,0.2356326566898278
database3/database3/m.014jxq/43-FaceId-0_align.webp,0.136492,0.0,0.1855300713530062
database3/database3/m.014jy6/23-FaceId-0_align.webp,0.150311,1.0,0.3287714223026785
database3/database3/m.014jy6/50-FaceId-0_align.webp,0.042148,1.0,0.2186905707613125
database3/database3/m.014jy6/97-FaceId-0_align.webp,0.061362,1.0,0.3152114800075272
database3/database3/m.014k1v/95-FaceId-3_align.webp,0.133686,1.0,0.2656746898680358
database3/database3/m.014k2p/25-FaceId-0_align.webp,0.315824,1.0,0.2419260682852821
database3/database3/m.014kbz/16-FaceId-0_align.webp,0.028027,1.0,0.2140792653152168
database3/database3/m.014kbz/22-FaceId-0_align.webp,0.028933,1.0,0.2208691903555466
database3/database3/m.014kbz/81-FaceId-0_align.webp,0.006506,1.0,0.2233554007140275
database3/database3/m.014kxv/1-FaceId-0_align.webp,0.013313,1.0,0.2013592793066515
database3/database3/m.014kxv/11-FaceId-0_align.webp,0.053384,1.0,0.1886026532441566
database3/database3/m.014lb1/14-FaceId-2_align.webp,0.000111,0.0,0.2005219063156511
database3/database3/m.014lb1/47-FaceId-0_align.webp,0.167631,0.0,0.2138149999690741
database3/database3/m.014lb1/62-FaceId-1_align.webp,0.053145,0.0,0.2045039024061884
database3/database3/m.014lyb/65-FaceId-0_align.webp,0.056831,1.0,0.1824344780707207
database3/database3/m.014m_1/70-FaceId-0_align.webp,0.018552,1.0,0.2048153819249177
database3/database3/m.014mvy/17-FaceId-0_align.webp,0.196734,1.0,0.2888589773347519
database3/database3/m.014mvy/58-FaceId-0_align.webp,0.218895,1.0,0.3033567699300139
database3/database3/m.014n_k/48-FaceId-0_align.webp,0.006557,1.0,0.217860314197365
database3/database3/m.014n_k/70-FaceId-0_align.webp,0.029858,1.0,0.1886663741141653
database3/database3/m.014nfw/87-FaceId-0_align.webp,0.123499,0.0,0.2142417373208792
database3/database3/m.014p33/83-FaceId-2_align.webp,0.084076,0.0,0.1999134164328655
database3/database3/m.014p33/87-FaceId-0_align.webp,0.07546,0.0,0.2137599812143228
database3/database3/m.014ptb/14-FaceId-1_align.webp,0.016295,1.0,0.1796894836601719
database3/database3/m.014ptb/5-FaceId-0_align.webp,0.001038,1.0,0.2888845807303366
database3/database3/m.014ptb/50-FaceId-0_align.webp,0.185526,1.0,0.206629651769342
database3/database3/m.014pxk/118-FaceId-0_align.webp,0.227914,1.0,0.3337615050672064
database3/database3/m.014pys/19-FaceId-0_align.webp,0.047245,1.0,0.2975522909028826
database3/database3/m.014pzz/110-FaceId-0_align.webp,0.13041,0.0,0.2100960892399984
database3/database3/m.014qjt/47-FaceId-0_align.webp,0.002851,1.0,0.2219792298743599
database3/database3/m.014r6r/81-FaceId-0_align.webp,0.091441,0.0,0.1933132156522212
database3/database3/m.014s81/3-FaceId-0_align.webp,0.077926,1.0,0.2286852200760525
database3/database3/m.014sj7/7-FaceId-0_align.webp,0.074577,1.0,0.2481339309111006
database3/database3/m.014skb/4-FaceId-0_align.webp,0.096076,0.0,0.2163015819567363
database3/database3/m.014skb/53-FaceId-0_align.webp,0.075066,0.0,0.209142931141539
database3/database3/m.014skb/55-FaceId-0_align.webp,0.080414,0.0,0.2198487539738321
database3/database3/m.014v1q/8-FaceId-1_align.webp,0.038359,1.0,0.2519265997700274
database3/database3/m.014v6x/16-FaceId-0_align.webp,0.159906,0.0,0.2099421598794833
database3/database3/m.014v6x/20-FaceId-0_align.webp,0.306955,0.0,0.2330041446013002
database3/database3/m.014v6x/88-FaceId-0_align.webp,0.075191,0.0,0.1924262307605021
database3/database3/m.014vbq/60-FaceId-0_align.webp,0.005701,1.0,0.0
database3/database3/m.014vnb/46-FaceId-0_align.webp,0.027126,1.0,0.20784263574419
database3/database3/m.014vnb/51-FaceId-0_align.webp,0.043084,1.0,0.2117061348330001
database3/database3/m.014vtj/100-FaceId-0_align.webp,0.000679,1.0,0.2110073693247625
database3/database3/m.014wsb/38-FaceId-0_align.webp,0.106862,1.0,0.2167571681598612
database3/database3/m.014x0w/28-FaceId-0_align.webp,0.353028,0.0,0.3852380191664313
database3/database3/m.014x0w/74-FaceId-0_align.webp,0.177523,0.0,0.2197983409818578
database3/database3/m.014x0w/96-FaceId-0_align.webp,0.217684,0.0,0.2345474265559173
database3/database3/m.014xn7/100-FaceId-0_align.webp,0.007084,1.0,0.1738529934130145
database3/database3/m.014xn7/42-FaceId-0_align.webp,0.003105,1.0,0.1929210116898075
database3/database3/m.014xr2/5-FaceId-0_align.webp,0.387134,0.0,0.2798535732643139
database3/database3/m.014xr2/87-FaceId-0_align.webp,0.341771,0.0,0.2567748629699098
database3/database3/m.014xzx/93-FaceId-0_align.webp,0.351892,1.0,0.2632957443597097
database3/database3/m.014y6/74-FaceId-0_align.webp,0.012495,1.0,0.2127115513418794
database3/database3/m.014y6/95-FaceId-0_align.webp,0.006882,1.0,0.2255169865536362
database3/database3/m.014y7g/1-FaceId-0_align.webp,0.005692,1.0,0.2082117707091904
database3/database3/m.014z8v/77-FaceId-0_align.webp,0.004141,1.0,0.2034594067769928
database3/database3/m.014zfs/76-FaceId-0_align.webp,0.024924,1.0,0.1998530309507648
database3/database3/m.014zxh/99-FaceId-0_align.webp,0.008633,1.0,0.3369202097818534
database3/database3/m.014zy/105-FaceId-0_align.webp,0.175949,1.0,0.2667596094364058
database3/database3/m.014zy/22-FaceId-0_align.webp,0.048224,1.0,0.2319566752504834
database3/database3/m.014zy/56-FaceId-0_align.webp,0.135716,1.0,0.3676000125723455
database3/database3/m.015076/99-FaceId-0_align.webp,0.0064,1.0,0.2951827938115079
database3/database3/m.01507p/0-FaceId-0_align.webp,0.067522,1.0,0.2300162702416881
database3/database3/m.01509x/60-FaceId-0_align.webp,0.015557,1.0,0.2196638898676272
database3/database3/m.0150bp/103-FaceId-0_align.webp,0.041675,0.0,0.1927186657687775
database3/database3/m.0150j5/31-FaceId-0_align.webp,0.003889,1.0,0.1752700161124187
database3/database3/m.0150j5/4-FaceId-0_align.webp,0.006229,1.0,0.1967821543792596
database3/database3/m.0150j5/71-FaceId-0_align.webp,0.062123,1.0,0.1974374001039543
database3/database3/m.0150j5/81-FaceId-0_align.webp,0.001136,1.0,0.1503736153436866
database3/database3/m.0150j5/86-FaceId-0_align.webp,0.002669,1.0,0.1868857600486272
database3/database3/m.0150m1/111-FaceId-0_align.webp,0.023781,1.0,0.2465480443701607
database3/database3/m.0150m1/13-FaceId-0_align.webp,0.071346,1.0,0.2207006368699696
database3/database3/m.0150mg/0-FaceId-0_align.webp,0.057671,1.0,0.4274321031033418
database3/database3/m.0150mg/69-FaceId-0_align.webp,0.220147,1.0,0.2467965233314181
database3/database3/m.0150mg/88-FaceId-0_align.webp,0.14546,1.0,0.283645822016641
database3/database3/m.0150mg/97-FaceId-0_align.webp,0.078806,1.0,0.2324750672598984
database3/database3/m.0150rl/42-FaceId-0_align.webp,0.016396,0.0,0.190500441006346
database3/database3/m.0150t6/36-FaceId-0_align.webp,0.017669,1.0,0.1983493285716811
database3/database3/m.0150t6/41-FaceId-0_align.webp,0.022058,1.0,0.1888577644288685
database3/database3/m.0150t6/63-FaceId-0_align.webp,0.015119,1.0,0.2115088014279454
database3/database3/m.01519n/21-FaceId-0_align.webp,0.389316,0.0,0.3148071307266045
database3/database3/m.01519n/69-FaceId-0_align.webp,0.017235,0.0,0.2302195274849135
database3/database3/m.0151fv/54-FaceId-0_align.webp,0.017876,0.0,0.1876686448364364
database3/database3/m.0151fv/90-FaceId-0_align.webp,0.296844,0.0,0.2381063734889647
database3/database3/m.0151fv/94-FaceId-0_align.webp,0.121468,0.0,0.277747791703833
database3/database3/m.0151n1/16-FaceId-0_align.webp,0.044648,1.0,0.2201585986554438
database3/database3/m.0151n1/26-FaceId-0_align.webp,0.101903,1.0,0.2365163756391896
database3/database3/m.0151n1/29-FaceId-0_align.webp,0.049938,1.0,0.2514077652557873
database3/database3/m.0151n1/36-FaceId-0_align.webp,0.038201,1.0,0.23898212154643
database3/database3/m.0151n1/53-FaceId-0_align.webp,0.021607,1.0,0.2595622069401178
database3/database3/m.0151p8/29-FaceId-0_align.webp,0.003452,1.0,0.1741423832822776
database3/database3/m.0151xv/30-FaceId-0_align.webp,0.007121,1.0,0.2082778963472702
database3/database3/m.0151xv/44-FaceId-0_align.webp,0.021629,1.0,0.2194350441461477
database3/database3/m.0151xv/88-FaceId-0_align.webp,0.006779,1.0,0.2351838108323137
database3/database3/m.0151zx/92-FaceId-0_align.webp,0.043036,1.0,0.276540557544793
database3/database3/m.0152cw/42-FaceId-0_align.webp,0.083199,0.0,0.2141904693515831
database3/database3/m.0152xn/72-FaceId-0_align.webp,0.043462,1.0,0.2291129130578406
database3/database3/m.015302/4-FaceId-0_align.webp,0.000416,1.0,0.1728583329595847
database3/database3/m.0153dp/1-FaceId-0_align.webp,0.039324,1.0,0.2137200719170707
database3/database3/m.0153dp/88-FaceId-0_align.webp,0.057869,1.0,0.2059752313004725
database3/database3/m.0153vt/1-FaceId-0_align.webp,0.335303,1.0,0.2243513350872446
database3/database3/m.0153vt/81-FaceId-0_align.webp,0.087285,1.0,0.2420038182391891
database3/database3/m.0153y1/16-FaceId-0_align.webp,0.166114,0.0,0.2247516144317256
database3/database3/m.01541z/117-FaceId-0_align.webp,0.111734,0.0,0.2104640443726434
database3/database3/m.01547g/3-FaceId-0_align.webp,0.153164,0.0,0.2191546203989143
database3/database3/m.01547g/73-FaceId-0_align.webp,0.246081,0.0,0.2170119198916554
database3/database3/m.0154d7/52-FaceId-0_align.webp,0.115018,1.0,0.242268940325535
database3/database3/m.0154ff/10-FaceId-0_align.webp,0.121913,0.0,0.2045428938414873
database3/database3/m.0154hr/101-FaceId-0_align.webp,0.090433,0.0,0.2713591111291539
database3/database3/m.0154hr/109-FaceId-0_align.webp,0.038439,0.0,0.2077134506772781
database3/database3/m.0154hr/18-FaceId-0_align.webp,0.07836,0.0,0.2634031631226323
database3/database3/m.0154hr/28-FaceId-0_align.webp,0.045785,0.0,0.2195510606038678
database3/database3/m.0154s9/24-FaceId-0_align.webp,0.052837,1.0,0.2020119365417304
database3/database3/m.0154x6/57-FaceId-0_align.webp,0.061779,0.0,0.247550413725998
database3/database3/m.01552j/40-FaceId-0_align.webp,0.017747,1.0,0.1855484641163672
database3/database3/m.01558d/79-FaceId-0_align.webp,0.014812,1.0,0.1641509982249911
database3/database3/m.01558d/8-FaceId-0_align.webp,0.124089,1.0,0.2008686404190254
database3/database3/m.0155zp/26-FaceId-0_align.webp,0.000547,1.0,0.1938375658602417
database3/database3/m.0155zp/7-FaceId-0_align.webp,0.015991,1.0,0.2011539578407174
database3/database3/m.0155zp/79-FaceId-0_align.webp,0.02849,1.0,0.256781651856108
database3/database3/m.0155zp/88-FaceId-0_align.webp,0.072148,1.0,0.2131794072520403
database3/database3/m.0156dg/11-FaceId-0_align.webp,0.153809,0.0,0.2487370050565396
database3/database3/m.0156dg/2-FaceId-0_align.webp,0.144571,0.0,0.2770283379627494
database3/database3/m.0156y1/31-FaceId-0_align.webp,0.047284,1.0,0.212078935735203
database3/database3/m.01574b/45-FaceId-0_align.webp,0.070647,0.0,0.2260932164092338
database3/database3/m.015796/86-FaceId-0_align.webp,0.081944,0.0,0.2182776726949144
database3/database3/m.0157m/20-FaceId-0_align.webp,0.028257,1.0,0.1776844257704096
database3/database3/m.0157m/24-FaceId-0_align.webp,0.028454,1.0,0.1973547410726103
database3/database3/m.0157m/25-FaceId-0_align.webp,0.020124,1.0,0.1947320744382104
database3/database3/m.0157m/73-FaceId-0_align.webp,0.033963,1.0,0.2214478953946339
database3/database3/m.0157r6/22-FaceId-1_align.webp,0.0,1.0,0.1280787886131704
database3/database3/m.0157ry/29-FaceId-0_align.webp,0.027582,1.0,0.1836151187958228
database3/database3/m.015882/17-FaceId-0_align.webp,0.396178,0.0,0.2385570958553723
database3/database3/m.015882/20-FaceId-0_align.webp,0.380878,0.0,0.2563718137868863
database3/database3/m.015882/75-FaceId-0_align.webp,0.386665,0.0,0.2695532570594138
database3/database3/m.0158r2/73-FaceId-0_align.webp,0.173377,0.0,0.218979385673496
database3/database3/m.01598m/79-FaceId-0_align.webp,0.475474,0.0,0.2585128618917877
database3/database3/m.0159wm/104-FaceId-0_align.webp,0.007308,1.0,0.1633782117562249
database3/database3/m.0159wm/9-FaceId-0_align.webp,0.002891,1.0,0.1274752735005915
database3/database3/m.015_44/31-FaceId-0_align.webp,0.062168,0.0,0.2003698007778574
database3/database3/m.015_44/64-FaceId-0_align.webp,0.356589,0.0,0.2757358525211709
database3/database3/m.015_44/84-FaceId-0_align.webp,0.3229,0.0,0.2730460558348203
database3/database3/m.015b67/34-FaceId-0_align.webp,0.034996,1.0,0.2073924161331758
database3/database3/m.015bhj/103-FaceId-1_align.webp,0.041754,1.0,0.0
database3/database3/m.015bhj/70-FaceId-0_align.webp,0.00385,1.0,0.1944127490532898
database3/database3/m.015bnf/68-FaceId-0_align.webp,0.066968,0.0,0.21407748819042
database3/database3/m.015brk/18-FaceId-0_align.webp,0.023166,1.0,0.2205133922871825
database3/database3/m.015bw2/110-FaceId-0_align.webp,0.01319,1.0,0.2131779608899938
database3/database3/m.015bw2/40-FaceId-0_align.webp,0.013047,1.0,0.234971777573351
database3/database3/m.015bw2/68-FaceId-0_align.webp,0.00956,1.0,0.2349589697036373
database3/database3/m.015c2f/3-FaceId-0_align.webp,0.072717,0.0,0.2062271500348919
database3/database3/m.015c2f/47-FaceId-0_align.webp,0.01548,0.0,0.2224097917212443
database3/database3/m.015c2f/49-FaceId-0_align.webp,0.031524,0.0,0.2212511356599072
database3/database3/m.015c2f/8-FaceId-0_align.webp,0.126031,0.0,0.2265814874775425
database3/database3/m.015c4g/7-FaceId-0_align.webp,0.000573,1.0,0.2010338979334181
database3/database3/m.015c4g/83-FaceId-0_align.webp,0.000391,1.0,0.1808204153372557
database3/database3/m.015cyn/17-FaceId-0_align.webp,0.046212,1.0,0.2099921171065703
database3/database3/m.015cyn/5-FaceId-0_align.webp,0.152464,1.0,0.1931473837095752
database3/database3/m.015czg/24-FaceId-0_align.webp,0.141052,1.0,0.2225607076057599
database3/database3/m.015d2r/66-FaceId-0_align.webp,0.064087,1.0,0.3650193315722374
database3/database3/m.015d2r/86-FaceId-0_align.webp,0.029999,1.0,0.2213823368588662
database3/database3/m.015dcj/83-FaceId-0_align.webp,0.023385,1.0,0.2164607446319508
database3/database3/m.015dgg/80-FaceId-0_align.webp,0.001775,1.0,0.2261276350672472
database3/database3/m.015djp/24-FaceId-0_align.webp,0.0,1.0,0.1757070467926113
database3/database3/m.015djp/27-FaceId-0_align.webp,0.037685,1.0,0.2216400929712009
database3/database3/m.015dk3/22-FaceId-0_align.webp,0.027592,1.0,0.1817916659842423
database3/database3/m.015dnt/38-FaceId-0_align.webp,0.001692,1.0,0.2543984500113333
database3/database3/m.015dnt/42-FaceId-1_align.webp,0.102539,1.0,0.1464739044669386
database3/database3/m.015dqj/29-FaceId-0_align.webp,0.034796,1.0,0.2147717013252832
database3/database3/m.015dsz/54-FaceId-1_align.webp,0.002756,1.0,0.1780548529686594
database3/database3/m.015dx/106-FaceId-0_align.webp,0.065832,0.0,0.2140684951013235
database3/database3/m.015dx/112-FaceId-0_align.webp,0.282009,0.0,0.2308474037879537
database3/database3/m.015dx/117-FaceId-0_align.webp,0.154935,0.0,0.1939254216481778
database3/database3/m.015dx/16-FaceId-0_align.webp,0.065933,0.0,0.2309105633299361
database3/database3/m.015dx/75-FaceId-0_align.webp,0.127561,0.0,0.2414563889474335
database3/database3/m.015dz8/51-FaceId-0_align.webp,0.051527,1.0,0.2150385178629392
database3/database3/m.015f6_/9-FaceId-0_align.webp,0.050822,1.0,0.2190244290989517
database3/database3/m.015fxn/110-FaceId-1_align.webp,0.050721,0.0,0.2076175278116744
database3/database3/m.015fyd/19-FaceId-0_align.webp,0.055834,0.0,0.2128992927258391
database3/database3/m.015g36/86-FaceId-0_align.webp,0.010069,0.0,0.2099790773020425
database3/database3/m.015g98/4-FaceId-0_align.webp,0.031227,1.0,0.2450241479282584
database3/database3/m.015g_7/108-FaceId-0_align.webp,0.075445,1.0,0.2142813184956808
database3/database3/m.015ghl/29-FaceId-0_align.webp,0.035495,0.0,0.2066302137991814
database3/database3/m.015ghl/58-FaceId-0_align.webp,0.114793,0.0,0.1749421972671596
database3/database3/m.015ghl/7-FaceId-0_align.webp,0.022651,0.0,0.1895531940099549
database3/database3/m.015gjr/36-FaceId-0_align.webp,0.054888,1.0,0.2131088891923822
database3/database3/m.015gjr/40-FaceId-0_align.webp,0.045893,1.0,0.1873546358810546
database3/database3/m.015gjr/84-FaceId-0_align.webp,0.042274,1.0,0.3327937064435724
database3/database3/m.015gqm/96-FaceId-1_align.webp,0.236979,1.0,0.2506854812946586
database3/database3/m.015grj/83-FaceId-0_align.webp,0.0,1.0,0.1795545928302912
database3/database3/m.015grj/95-FaceId-0_align.webp,0.006074,1.0,0.17010507266275
database3/database3/m.015grj/98-FaceId-0_align.webp,0.00126,1.0,0.1472766188351774
database3/database3/m.015gsv/100-FaceId-0_align.webp,0.087077,1.0,0.2283936264740077
database3/database3/m.015gsv/72-FaceId-0_align.webp,0.017745,1.0,0.2137836657079346
database3/database3/m.015gx1/70-FaceId-0_align.webp,0.056653,1.0,0.1998763114720871
database3/database3/m.015gy7/28-FaceId-0_align.webp,0.011386,1.0,0.2280172332040375
database3/database3/m.015gzc/94-FaceId-0_align.webp,0.077714,1.0,0.2075591982151992
database3/database3/m.015h25/3-FaceId-0_align.webp,0.001481,1.0,0.1712878253351236
database3/database3/m.015h7y/30-FaceId-0_align.webp,0.014431,1.0,0.2251901537030197
database3/database3/m.015htz/46-FaceId-0_align.webp,0.135648,0.0,0.213050590438846
database3/database3/m.015j58/58-FaceId-0_align.webp,0.016994,1.0,0.2121723638493413
database3/database3/m.015j6h/20-FaceId-0_align.webp,0.005265,1.0,0.2218917090882648
database3/database3/m.015j6h/37-FaceId-0_align.webp,0.094841,1.0,0.2516761614516827
database3/database3/m.015j6y/47-FaceId-0_align.webp,0.10488,0.0,0.2541070816170919
database3/database3/m.015j6y/5-FaceId-0_align.webp,0.085053,0.0,0.2077506960612333
database3/database3/m.015j6y/73-FaceId-1_align.webp,0.12413,0.0,0.2152328071667635
database3/database3/m.015j8x/17-FaceId-0_align.webp,0.049084,1.0,0.2303267864451925
database3/database3/m.015j8x/42-FaceId-0_align.webp,0.021866,1.0,0.2539798898278588
database3/database3/m.015jjw/46-FaceId-0_align.webp,0.068702,1.0,0.2386734789886539
database3/database3/m.015jjw/69-FaceId-0_align.webp,0.113403,1.0,0.2383739088328093
database3/database3/m.015jvm/105-FaceId-0_align.webp,0.006549,1.0,0.1913600799626981
database3/database3/m.015jvm/32-FaceId-0_align.webp,0.01088,1.0,0.1852788451348096
database3/database3/m.015jvm/85-FaceId-0_align.webp,0.111985,1.0,0.3516673078628179
database3/database3/m.015k04/104-FaceId-0_align.webp,0.087765,0.0,0.1875382314316428
database3/database3/m.015k04/33-FaceId-0_align.webp,0.019732,0.0,0.2216701030579935
database3/database3/m.015k04/68-FaceId-0_align.webp,0.032064,0.0,0.2185988114010522
database3/database3/m.015k9x/19-FaceId-0_align.webp,0.079615,0.0,0.2248809592541458
database3/database3/m.015k9x/84-FaceId-0_align.webp,0.154994,0.0,0.585772008932041
database3/database3/m.015kbd/21-FaceId-0_align.webp,0.030994,1.0,0.1831231320713006
database3/database3/m.015kbd/80-FaceId-0_align.webp,0.061754,1.0,0.4093878959411335
database3/database3/m.015khm/4-FaceId-0_align.webp,0.027803,1.0,0.1559104090929605
database3/database3/m.015klf/75-FaceId-0_align.webp,0.0,1.0,0.1577913607920438
database3/database3/m.015ksl/24-FaceId-0_align.webp,0.23069,1.0,0.2216964063568608
database3/database3/m.015ksl/26-FaceId-1_align.webp,0.043132,1.0,0.3507844901933217
database3/database3/m.015ksl/31-FaceId-0_align.webp,0.096817,1.0,0.2192432707792012
database3/database3/m.015ksl/72-FaceId-0_align.webp,0.014945,1.0,0.2146545334101802
database3/database3/m.015ksy/70-FaceId-0_align.webp,0.064697,1.0,0.2002524871526171
database3/database3/m.015ksy/90-FaceId-0_align.webp,0.039383,1.0,0.2049845394484233
database3/database3/m.015kt_/7-FaceId-0_align.webp,0.084368,1.0,0.1948671962121571
database3/database3/m.015l1l/126-FaceId-0_align.webp,0.0,1.0,0.1465926658915705
database3/database3/m.015l51/58-FaceId-0_align.webp,0.077217,1.0,0.1871578779740864
database3/database3/m.015lg2/3-FaceId-0_align.webp,0.081487,1.0,0.3540613964857966
database3/database3/m.015m2c/35-FaceId-0_align.webp,0.111821,0.0,0.308505190109094
database3/database3/m.015m2c/62-FaceId-0_align.webp,0.107098,0.0,0.2978842101125483
database3/database3/m.015m2c/96-FaceId-0_align.webp,0.077293,0.0,0.3161613269926333
database3/database3/m.015m2v/50-FaceId-0_align.webp,0.014038,1.0,0.1961279907041467
database3/database3/m.015m_9/103-FaceId-0_align.webp,0.203457,0.0,0.236079752248676
database3/database3/m.015m_9/23-FaceId-0_align.webp,0.194385,0.0,0.2097701012921956
database3/database3/m.015mfy/124-FaceId-0_align.webp,0.011509,1.0,0.3438093744102206
database3/database3/m.015mfy/44-FaceId-0_align.webp,0.015486,1.0,0.3236294604688805
database3/database3/m.015ncq/12-FaceId-0_align.webp,0.097302,0.0,0.1829166244548501
database3/database3/m.015ncq/15-FaceId-0_align.webp,0.108176,0.0,0.2139115178484337
database3/database3/m.015ncq/43-FaceId-0_align.webp,0.173231,0.0,0.2625614426452911
database3/database3/m.015nr6/10-FaceId-0_align.webp,0.135309,0.0,0.1623330818757025
database3/database3/m.015nxw/46-FaceId-0_align.webp,0.033616,1.0,0.2195723859819576
database3/database3/m.015nz8/33-FaceId-0_align.webp,0.258768,1.0,0.207427883129582
database3/database3/m.015p0c/3-FaceId-0_align.webp,0.047687,1.0,0.1883235278607772
database3/database3/m.015p37/5-FaceId-0_align.webp,0.024022,0.0,0.3354937697269663
database3/database3/m.015p3p/83-FaceId-3_align.webp,0.095309,1.0,0.2898246858604433
database3/database3/m.015p_p/4-FaceId-0_align.webp,0.041582,1.0,0.3287985053612626
database3/database3/m.015ph6/52-FaceId-0_align.webp,0.019715,1.0,0.1978105412863878
database3/database3/m.015ph6/9-FaceId-0_align.webp,0.017184,1.0,0.1656231913651709
database3/database3/m.015phm/91-FaceId-0_align.webp,0.017375,1.0,0.1712278921587421
database3/database3/m.015pqq/24-FaceId-0_align.webp,0.179784,0.0,0.2135763366901783
database3/database3/m.015pqq/66-FaceId-0_align.webp,0.136121,0.0,0.3098223096574872
database3/database3/m.015pqq/87-FaceId-0_align.webp,0.018013,0.0,0.2298711415808106
database3/database3/m.015pt7/51-FaceId-0_align.webp,0.127322,1.0,0.2528035813330519
database3/database3/m.015pt7/58-FaceId-0_align.webp,0.035197,1.0,0.1959951119454462
database3/database3/m.015pt7/60-FaceId-0_align.webp,0.049196,1.0,0.2691354769746695
database3/database3/m.015pvh/112-FaceId-0_align.webp,0.330281,0.0,0.2446863224791113
database3/database3/m.015px7/44-FaceId-0_align.webp,0.034165,1.0,0.2088577386801998
database3/database3/m.015px7/91-FaceId-0_align.webp,0.015722,1.0,0.1513660419225878
database3/database3/m.015pxr/76-FaceId-0_align.webp,0.013737,1.0,0.2043234153665011
database3/database3/m.015pxr/85-FaceId-0_align.webp,0.04711,1.0,0.2243430801290104
database3/database3/m.015pz3/26-FaceId-0_align.webp,0.029214,1.0,0.2626267287890941
database3/database3/m.015q3m/88-FaceId-0_align.webp,0.02977,1.0,0.1723632758630383
database3/database3/m.015q43/44-FaceId-0_align.webp,0.14431,0.0,0.2295283589934351
database3/database3/m.015q43/83-FaceId-0_align.webp,0.202776,0.0,0.2548646053126982
database3/database3/m.015q7v/66-FaceId-0_align.webp,0.123951,1.0,0.2295514443842384
database3/database3/m.015q7v/70-FaceId-0_align.webp,0.084162,1.0,0.2291535724344047
database3/database3/m.015q7v/74-FaceId-0_align.webp,0.166774,1.0,0.3354174613021568
database3/database3/m.015q7v/95-FaceId-0_align.webp,0.114436,1.0,0.2153325109205525
database3/database3/m.015q9_/38-FaceId-0_align.webp,0.073529,1.0,0.2376027912473725
database3/database3/m.015q9_/55-FaceId-0_align.webp,0.228226,1.0,0.2280119039102007
database3/database3/m.015qgb/80-FaceId-0_align.webp,0.240744,0.0,0.2727047460447542
database3/database3/m.015ql4/49-FaceId-0_align.webp,0.010843,1.0,0.2039968085153865
database3/database3/m.015ql_/79-FaceId-0_align.webp,0.076307,0.0,0.2269155622476963
database3/database3/m.015qlm/10-FaceId-0_align.webp,0.050821,0.0,0.2253991507112519
database3/database3/m.015qlm/70-FaceId-0_align.webp,0.030997,0.0,0.2251157532739329
database3/database3/m.015qpn/63-FaceId-0_align.webp,0.366396,1.0,0.1827168089227819
database3/database3/m.015qq1/36-FaceId-0_align.webp,0.022633,1.0,0.18897936170134
database3/database3/m.015qty/73-FaceId-0_align.webp,0.019129,1.0,0.1812276741317523
database3/database3/m.015qty/74-FaceId-0_align.webp,0.007618,1.0,0.2155634054350107
database3/database3/m.015qv9/29-FaceId-0_align.webp,0.006101,1.0,0.2218727750936856
database3/database3/m.015qxn/75-FaceId-0_align.webp,0.029389,1.0,0.1413982898065786
database3/database3/m.015qxn/81-FaceId-0_align.webp,0.000968,1.0,0.2659732608701402
database3/database3/m.015qyf/14-FaceId-0_align.webp,0.032701,1.0,0.2121643484287921
database3/database3/m.015qzv/12-FaceId-0_align.webp,0.03298,1.0,0.3255552405846174
database3/database3/m.015qzv/45-FaceId-0_align.webp,0.048204,1.0,0.303744288412225
database3/database3/m.015qzv/55-FaceId-0_align.webp,0.094832,1.0,0.3681990713986027
database3/database3/m.015qzv/57-FaceId-0_align.webp,0.068867,1.0,0.2426389127665024
database3/database3/m.015r3q/35-FaceId-0_align.webp,0.001755,1.0,0.3120334485562172
database3/database3/m.015r4v/28-FaceId-0_align.webp,0.015627,1.0,0.230390411597343
database3/database3/m.015rhv/21-FaceId-0_align.webp,0.274759,1.0,0.2958769848395262
database3/database3/m.015rmq/88-FaceId-0_align.webp,0.016982,1.0,0.1922394477998632
database3/database3/m.015t_m/31-FaceId-0_align.webp,0.0851,1.0,0.1400878087015898
database3/database3/m.015thk/1-FaceId-0_align.webp,0.117609,1.0,0.2091529472272664
database3/database3/m.015thk/47-FaceId-0_align.webp,0.223814,1.0,0.2947735723916621
database3/database3/m.015thk/89-FaceId-0_align.webp,0.010677,1.0,0.2978887051588708
database3/database3/m.015tp7/25-FaceId-0_align.webp,0.089928,1.0,0.2189331177968338
database3/database3/m.015tp7/4-FaceId-0_align.webp,0.078982,1.0,0.2289454048904076
database3/database3/m.015tv5/22-FaceId-0_align.webp,0.009031,1.0,0.2373536070344972
database3/database3/m.015tv5/54-FaceId-0_align.webp,0.027498,1.0,0.2064744524874167
database3/database3/m.015tyq/50-FaceId-0_align.webp,0.029346,1.0,0.2680954288623766
database3/database3/m.015tyq/63-FaceId-0_align.webp,0.05956,1.0,0.2822214140071893
database3/database3/m.015v98/49-FaceId-0_align.webp,0.062142,0.0,0.2289495471330966
database3/database3/m.015v98/79-FaceId-0_align.webp,0.070144,0.0,0.2226648747269022
database3/database3/m.015vql/63-FaceId-0_align.webp,0.02634,1.0,0.2402819864417063
database3/database3/m.015vyh/54-FaceId-0_align.webp,0.020372,1.0,0.2076082793597246
database3/database3/m.015wfg/59-FaceId-0_align.webp,0.021245,1.0,0.2231999237287435
database3/database3/m.015wfy/41-FaceId-0_align.webp,0.10115,1.0,0.2077550965062471
database3/database3/m.015wfy/43-FaceId-0_align.webp,0.000923,1.0,0.3027324807832104
database3/database3/m.015wfy/78-FaceId-0_align.webp,0.064575,1.0,0.3103138864280578
database3/database3/m.015wfy/91-FaceId-0_align.webp,0.156,1.0,0.2791260338647884
database3/database3/m.015wgw/16-FaceId-0_align.webp,0.030553,1.0,0.200252599663639
database3/database3/m.015wgw/5-FaceId-0_align.webp,0.079937,1.0,0.2228803748748893
database3/database3/m.015wkb/94-FaceId-0_align.webp,0.010721,1.0,0.2086129265363769
database3/database3/m.015x3n/93-FaceId-0_align.webp,0.0,0.0,0.282938676723769
database3/database3/m.015x63/126-FaceId-0_align.webp,0.077609,0.0,0.2240202563815356
database3/database3/m.015xnd/46-FaceId-0_align.webp,0.021854,1.0,0.2101078526405505
database3/database3/m.015xnd/72-FaceId-0_align.webp,0.171432,1.0,0.3411987271268334
database3/database3/m.015xsn/17-FaceId-0_align.webp,0.021828,1.0,0.2659532989732813
database3/database3/m.015xww/31-FaceId-0_align.webp,0.075773,1.0,0.1946126426193521
database3/database3/m.015xys/54-FaceId-0_align.webp,0.054138,1.0,0.1834735145453224
database3/database3/m.015y4c/42-FaceId-0_align.webp,0.097688,1.0,0.1906675499648751
database3/database3/m.015y4c/72-FaceId-0_align.webp,0.027368,1.0,0.2008579146160908
database3/database3/m.015y4c/79-FaceId-0_align.webp,0.010835,1.0,0.1872971096637625
database3/database3/m.015yb0/108-FaceId-0_align.webp,0.073526,1.0,0.1845966368160148
database3/database3/m.015ybz/5-FaceId-0_align.webp,0.004767,1.0,0.3978110699033278
database3/database3/m.015yg9/69-FaceId-0_align.webp,0.021682,1.0,0.2534427412837479
database3/database3/m.015ykr/19-FaceId-0_align.webp,0.078311,0.0,0.2145607940261836
database3/database3/m.015ykr/9-FaceId-0_align.webp,0.026904,0.0,0.1804627972278502
database3/database3/m.015z4j/106-FaceId-1_align.webp,0.203863,0.0,0.2341639655568048
database3/database3/m.015z4j/30-FaceId-0_align.webp,0.022438,0.0,0.2103479617837425
database3/database3/m.015zj4/3-FaceId-0_align.webp,0.026859,1.0,0.2836006069692591
database3/database3/m.015zjx/34-FaceId-0_align.webp,0.188292,1.0,0.2254170310591811
database3/database3/m.015zm4/92-FaceId-0_align.webp,0.019768,1.0,0.2565975771014899
database3/database3/m.015zmm/35-FaceId-0_align.webp,0.071991,0.0,0.2066151002081794
database3/database3/m.016077/95-FaceId-0_align.webp,0.023638,1.0,0.2223766386337495
database3/database3/m.0160pf/102-FaceId-0_align.webp,0.037457,1.0,0.2016362642141052
database3/database3/m.016194/12-FaceId-0_align.webp,0.028771,1.0,0.2157858266801581
database3/database3/m.016194/6-FaceId-0_align.webp,0.025295,1.0,0.1832653392012722
database3/database3/m.0161h5/105-FaceId-0_align.webp,0.042175,0.0,0.219563558820621
database3/database3/m.0161hn/33-FaceId-0_align.webp,0.010683,1.0,0.2515107143606476
database3/database3/m.0162c8/22-FaceId-0_align.webp,0.021055,1.0,0.22751671265788
database3/database3/m.0162c8/71-FaceId-0_align.webp,0.041746,1.0,0.2195550973496248
database3/database3/m.0162c8/72-FaceId-0_align.webp,0.034776,1.0,0.2192903014836083
database3/database3/m.0162lw/68-FaceId-0_align.webp,0.026272,1.0,0.2049442092299103
database3/database3/m.0162n1/16-FaceId-0_align.webp,0.013549,1.0,0.3145113903615734
database3/database3/m.0162n1/17-FaceId-0_align.webp,0.15524,1.0,0.3159636274746014
database3/database3/m.01635v/83-FaceId-0_align.webp,0.001023,1.0,0.1661228677858488
database3/database3/m.0163bt/91-FaceId-0_align.webp,0.100672,1.0,0.2272894004561645
database3/database3/m.0163kf/72-FaceId-0_align.webp,0.120095,0.0,0.2114431192294424
database3/database3/m.0163kf/83-FaceId-0_align.webp,0.098981,0.0,0.2480445093021242
database3/database3/m.0163rk/30-FaceId-0_align.webp,0.022552,1.0,0.2098309343180074
database3/database3/m.0163s9/24-FaceId-0_align.webp,0.074147,1.0,0.2111441045586458
database3/database3/m.0163s9/74-FaceId-0_align.webp,0.166715,1.0,0.2260646509621036
database3/database3/m.0163t3/106-FaceId-0_align.webp,0.195337,0.0,0.2281709027509326
database3/database3/m.0163t3/9-FaceId-0_align.webp,0.08181,0.0,0.2171170298041512
database3/database3/m.0163y8/74-FaceId-0_align.webp,0.077227,1.0,0.2493969457711991
database3/database3/m.0164c4/60-FaceId-0_align.webp,0.111711,0.0,0.20481908852104
database3/database3/m.0164lp/69-FaceId-0_align.webp,0.064522,1.0,0.1449937979137503
database3/database3/m.0164lp/92-FaceId-0_align.webp,0.151037,1.0,0.3078832096635669
database3/database3/m.0164nb/3-FaceId-0_align.webp,0.089532,1.0,0.2136293661096305
database3/database3/m.0164y7/34-FaceId-0_align.webp,0.005214,1.0,0.1871101872602918
database3/database3/m.0165cp/26-FaceId-0_align.webp,0.006703,0.0,0.1911242038499908
database3/database3/m.0165cp/52-FaceId-0_align.webp,0.057554,0.0,0.1809137137869803
database3/database3/m.0165gc/85-FaceId-0_align.webp,0.006716,1.0,0.1930012076090031
database3/database3/m.0165gc/99-FaceId-0_align.webp,0.120842,1.0,0.2227176752719341
database3/database3/m.0165ky/57-FaceId-0_align.webp,0.015031,1.0,0.3333136161991396
database3/database3/m.0165n5/59-FaceId-0_align.webp,0.014306,0.0,0.1683684295014854
database3/database3/m.01666h/59-FaceId-0_align.webp,0.366126,0.0,0.2462990100610352
database3/database3/m.01666h/65-FaceId-0_align.webp,0.324656,0.0,0.2611540928235988
database3/database3/m.0166rp/41-FaceId-0_align.webp,0.108225,1.0,0.2159088129541345
database3/database3/m.0166rp/55-FaceId-0_align.webp,0.058677,1.0,0.259203204074929
database3/database3/m.0166w_/52-FaceId-0_align.webp,0.055626,1.0,0.1988816330279927
database3/database3/m.0166w_/7-FaceId-0_align.webp,0.051227,1.0,0.1656398947175997
database3/database3/m.0166yl/4-FaceId-0_align.webp,0.128426,1.0,0.1929143704322991
database3/database3/m.0166yl/42-FaceId-0_align.webp,0.00821,1.0,0.2030973982938505
database3/database3/m.0166zk/13-FaceId-0_align.webp,0.040817,1.0,0.3102569295300288
database3/database3/m.0166zk/42-FaceId-0_align.webp,0.020069,1.0,0.2918765987790118
database3/database3/m.0166zk/72-FaceId-0_align.webp,0.015452,1.0,0.2144190078701799
database3/database3/m.01678_/78-FaceId-0_align.webp,0.014927,1.0,0.1864647042830895
database3/database3/m.0167h6/35-FaceId-0_align.webp,0.000892,1.0,0.1821445786298131
database3/database3/m.0167xk/87-FaceId-0_align.webp,0.035118,1.0,0.2273744160633492
database3/database3/m.016883/25-FaceId-0_align.webp,0.021581,1.0,0.2152388747405079
database3/database3/m.016883/35-FaceId-0_align.webp,0.016967,1.0,0.2388608401056698
database3/database3/m.016883/79-FaceId-0_align.webp,0.042662,1.0,0.2133031342585357
database3/database3/m.0168cl/73-FaceId-0_align.webp,0.16573,1.0,0.2086558884551547
database3/database3/m.0168ql/60-FaceId-0_align.webp,0.01118,1.0,0.130425565999816
database3/database3/m.0168vx/9-FaceId-0_align.webp,0.182986,0.0,0.2015209199396869
database3/database3/m.01693z/106-FaceId-0_align.webp,0.308514,1.0,0.2619723800290928
database3/database3/m.01693z/67-FaceId-0_align.webp,0.053019,1.0,0.1963245820737407
database3/database3/m.016959/105-FaceId-0_align.webp,0.10109,1.0,0.2616485341195855
database3/database3/m.016959/51-FaceId-0_align.webp,0.067755,1.0,0.2342032591680995
database3/database3/m.0169ff/102-FaceId-0_align.webp,0.033338,1.0,0.259671399279988
database3/database3/m.0169ff/36-FaceId-0_align.webp,0.024259,1.0,0.221382067742206
database3/database3/m.0169ff/79-FaceId-0_align.webp,0.137366,1.0,0.2242250943089982
database3/database3/m.0169mh/14-FaceId-0_align.webp,0.084985,0.0,0.2471461708495205
database3/database3/m.0169r6/43-FaceId-0_align.webp,0.109367,0.0,0.2403894089963745
database3/database3/m.0169v2/37-FaceId-0_align.webp,0.237432,0.0,0.2422682633635912
database3/database3/m.0169v2/60-FaceId-0_align.webp,0.294775,0.0,0.2510589006689507
database3/database3/m.0169x_/12-FaceId-0_align.webp,0.169443,1.0,0.1861697205210774
database3/database3/m.016_js/82-FaceId-0_align.webp,0.00161,0.0,0.1962868136495701
database3/database3/m.016_js/90-FaceId-0_align.webp,0.074161,0.0,0.2214512994912253
database3/database3/m.016_mj/9-FaceId-0_align.webp,0.005546,1.0,0.2204397583620784
database3/database3/m.016b6z/92-FaceId-0_align.webp,0.053278,1.0,0.2405457252516922
database3/database3/m.016b90/0-FaceId-0_align.webp,0.006801,1.0,0.1979503826310779
database3/database3/m.016b90/79-FaceId-0_align.webp,0.0,1.0,0.1286588171644546
database3/database3/m.016b90/8-FaceId-0_align.webp,0.046454,1.0,0.1658732821220528
database3/database3/m.016b90/93-FaceId-0_align.webp,0.01334,1.0,0.1980066325441933
database3/database3/m.016cn6/6-FaceId-0_align.webp,0.062721,1.0,0.248862792701846
database3/database3/m.016cn6/90-FaceId-0_align.webp,0.090699,1.0,0.193220863563337
database3/database3/m.016cz6/23-FaceId-1_align.webp,0.213677,1.0,0.2295112588268743
database3/database3/m.016db7/11-FaceId-0_align.webp,0.00104,1.0,0.2089952726794415
database3/database3/m.016dbr/42-FaceId-0_align.webp,0.02227,1.0,0.2175080973230377
database3/database3/m.016fjj/77-FaceId-0_align.webp,0.012807,1.0,0.2149434074385035
database3/database3/m.016fnv/40-FaceId-0_align.webp,0.049743,1.0,0.2151817612371676
database3/database3/m.016g29/40-FaceId-0_align.webp,0.003894,1.0,0.2405585170643264
database3/database3/m.016g29/95-FaceId-0_align.webp,0.017798,1.0,0.1690140403167415
database3/database3/m.016ggh/74-FaceId-0_align.webp,0.004674,1.0,0.1910116356822396
database3/database3/m.016ghw/12-FaceId-0_align.webp,0.035794,1.0,0.2705436626844693
database3/database3/m.016gkf/85-FaceId-0_align.webp,0.159983,1.0,0.2187919124001319
database3/database3/m.016gnp/45-FaceId-0_align.webp,0.027576,1.0,0.1912535369156613
database3/database3/m.016gnp/48-FaceId-0_align.webp,0.0,1.0,0.2177502630710104
database3/database3/m.016gr2/107-FaceId-0_align.webp,0.0,1.0,0.1510653068262476
database3/database3/m.016gr2/38-FaceId-0_align.webp,0.0,1.0,0.1663479803819083
database3/database3/m.016hgp/12-FaceId-0_align.webp,0.055372,0.0,0.2109845617188614
database3/database3/m.016hgp/32-FaceId-12_align.webp,0.159452,0.0,0.2844131793204608
database3/database3/m.016hgp/77-FaceId-4_align.webp,0.110387,0.0,0.2079199774563564
database3/database3/m.016hgp/77-FaceId-7_align.webp,0.08977,0.0,0.2101152725701353
database3/database3/m.016hgp/77-FaceId-9_align.webp,0.121788,0.0,0.213401866771487
database3/database3/m.016hj7/88-FaceId-0_align.webp,0.028831,1.0,0.1874594351496658
database3/database3/m.016hk4/98-FaceId-0_align.webp,0.002253,1.0,0.2145117567397735
database3/database3/m.016hmf/90-FaceId-0_align.webp,0.168251,1.0,0.2409125066430341
database3/database3/m.016hrc/46-FaceId-0_align.webp,0.064797,0.0,0.2256388371117715
database3/database3/m.016htr/23-FaceId-0_align.webp,0.041326,1.0,0.2095182419831665
database3/database3/m.016htr/80-FaceId-0_align.webp,0.0,1.0,0.3823878009807989
database3/database3/m.016hvl/14-FaceId-0_align.webp,0.018608,1.0,0.2467734795162359
database3/database3/m.016hvl/79-FaceId-0_align.webp,0.027134,1.0,0.2248155358686498
database3/database3/m.016hzm/79-FaceId-0_align.webp,0.040554,1.0,0.2880708577134141
database3/database3/m.016j4q/17-FaceId-0_align.webp,0.014713,1.0,0.4814307167403282
database3/database3/m.016j4q/73-FaceId-0_align.webp,0.027874,1.0,0.3340022628474624
database3/database3/m.016j55/23-FaceId-0_align.webp,0.003044,1.0,0.2738145079355614
database3/database3/m.016j_c/80-FaceId-0_align.webp,0.167359,0.0,0.2364855230495877
database3/database3/m.016k0j/73-FaceId-0_align.webp,0.021214,0.0,0.2224986096461358
database3/database3/m.016k38/76-FaceId-0_align.webp,0.03171,1.0,0.2710523967878943
database3/database3/m.016k38/86-FaceId-0_align.webp,0.0969,1.0,0.3180444863421532
database3/database3/m.016k58/57-FaceId-0_align.webp,0.285077,0.0,0.2427958124172092
database3/database3/m.016k6x/11-FaceId-0_align.webp,0.0,1.0,0.1793178123107117
database3/database3/m.016k6x/19-FaceId-0_align.webp,0.0,1.0,0.1657309190649426
database3/database3/m.016k92/3-FaceId-0_align.webp,0.164786,1.0,0.246064293241922
database3/database3/m.016k92/39-FaceId-0_align.webp,0.115077,1.0,0.2427198535565303
database3/database3/m.016k92/53-FaceId-0_align.webp,0.124335,1.0,0.2235285153394111
database3/database3/m.016k_v/117-FaceId-0_align.webp,0.172292,0.0,0.2121755962505981
database3/database3/m.016k_v/31-FaceId-0_align.webp,0.103765,0.0,0.2200088285610183
database3/database3/m.016k_v/6-FaceId-0_align.webp,0.102662,0.0,0.214839939133863
database3/database3/m.016kdv/96-FaceId-0_align.webp,0.10171,1.0,0.2027002278298468
database3/database3/m.016kft/30-FaceId-0_align.webp,0.094506,1.0,0.2328841205092486
database3/database3/m.016khd/116-FaceId-0_align.webp,0.014365,1.0,0.3644869477670228
database3/database3/m.016khd/18-FaceId-0_align.webp,0.045446,1.0,0.2616208017148885
database3/database3/m.016khd/77-FaceId-0_align.webp,0.016363,1.0,0.1983158546950603
database3/database3/m.016kjs/51-FaceId-0_align.webp,0.103247,1.0,0.2198102657420242
database3/database3/m.016kqk/22-FaceId-0_align.webp,0.109366,1.0,0.2293826591625097
database3/database3/m.016kqk/57-FaceId-0_align.webp,0.028005,1.0,0.2571136747540699
database3/database3/m.016ksk/77-FaceId-0_align.webp,0.033554,1.0,0.2008526942973229
database3/database3/m.016l53/34-FaceId-0_align.webp,0.004644,1.0,0.3222097957980646
database3/database3/m.016l_5/13-FaceId-1_align.webp,0.028409,0.0,0.3494566526652853
database3/database3/m.016l_5/23-FaceId-0_align.webp,0.13632,0.0,0.2174991025304227
database3/database3/m.016l_5/69-FaceId-0_align.webp,0.067658,0.0,0.2102586073660544
database3/database3/m.016lb3/2-FaceId-0_align.webp,0.005513,1.0,0.2016157782127903
database3/database3/m.016lh0/74-FaceId-0_align.webp,0.000336,1.0,0.2064536748803805
database3/database3/m.016m0v/15-FaceId-0_align.webp,0.003574,1.0,0.2709937516577941
database3/database3/m.016m0v/47-FaceId-0_align.webp,0.010823,1.0,0.3653126166995433
database3/database3/m.016m0v/48-FaceId-0_align.webp,0.006305,1.0,0.229853995253275
database3/database3/m.016mgj/22-FaceId-0_align.webp,0.177659,0.0,0.2218650287371351
database3/database3/m.016mgj/72-FaceId-0_align.webp,0.141048,0.0,0.337085342373442
database3/database3/m.016ntp/45-FaceId-0_align.webp,0.056576,0.0,0.4505573657197542
database3/database3/m.016ntp/58-FaceId-0_align.webp,0.194583,0.0,0.3318163786908784
database3/database3/m.016ntp/78-FaceId-0_align.webp,0.262576,0.0,0.2488142660563944
database3/database3/m.016ntp/85-FaceId-0_align.webp,0.141759,0.0,0.2443032065353807
database3/database3/m.016nvh/2-FaceId-0_align.webp,0.143526,1.0,0.2386499082975769
database3/database3/m.016nvy/82-FaceId-0_align.webp,0.14288,0.0,0.219101759577913
database3/database3/m.016nws/82-FaceId-0_align.webp,0.154826,1.0,0.2446634059746231
database3/database3/m.016pns/55-FaceId-0_align.webp,0.055966,1.0,0.2414792984649158
database3/database3/m.016q0w/27-FaceId-0_align.webp,0.009996,1.0,0.2204497387369432
database3/database3/m.016q2n/25-FaceId-0_align.webp,0.030179,0.0,0.2227541162996696
database3/database3/m.016q2n/89-FaceId-0_align.webp,0.007529,0.0,0.2253345265284491
database3/database3/m.016q4_/99-FaceId-1_align.webp,0.000294,0.0,0.1792689355086695
database3/database3/m.016qrb/16-FaceId-0_align.webp,0.039165,0.0,0.2189751550670565
database3/database3/m.016qrb/78-FaceId-0_align.webp,0.145711,0.0,0.2018195555826723
database3/database3/m.016qtt/15-FaceId-0_align.webp,0.187503,1.0,0.2247369753841633
database3/database3/m.016qtt/25-FaceId-0_align.webp,0.283035,1.0,0.2278459769304058
database3/database3/m.016r3x/42-FaceId-0_align.webp,0.001242,1.0,0.1671320124462804
database3/database3/m.016r3x/44-FaceId-0_align.webp,0.007495,1.0,0.21723621573617
database3/database3/m.016sff/35-FaceId-0_align.webp,0.025858,1.0,0.3800909541071444
database3/database3/m.016sp_/9-FaceId-0_align.webp,0.355835,1.0,0.2037802403079142
database3/database3/m.016swh/38-FaceId-0_align.webp,0.0,1.0,0.1841347544365844
database3/database3/m.016sz1/68-FaceId-0_align.webp,0.00381,1.0,0.2341402882414855
database3/database3/m.016szr/0-FaceId-0_align.webp,0.081751,1.0,0.3264722345935426
database3/database3/m.016szr/31-FaceId-0_align.webp,0.150774,1.0,0.3113846615620591
database3/database3/m.016t00/27-FaceId-0_align.webp,0.010723,1.0,0.2452588736902814
database3/database3/m.016t00/29-FaceId-0_align.webp,0.026052,1.0,0.2273428894160963
database3/database3/m.016t00/49-FaceId-0_align.webp,0.061342,1.0,0.2537922532816248
database3/database3/m.016tb7/64-FaceId-0_align.webp,0.020212,0.0,0.2109794352142449
database3/database3/m.016tbr/53-FaceId-0_align.webp,0.052696,1.0,0.2346018289436021
database3/database3/m.016tbr/91-FaceId-0_align.webp,0.278026,1.0,0.2674160399752707
database3/database3/m.016tbr/97-FaceId-0_align.webp,0.035531,1.0,0.2455240524683136
database3/database3/m.016tcm/7-FaceId-0_align.webp,0.0,1.0,0.2182604149909119
database3/database3/m.016tqw/18-FaceId-0_align.webp,0.009857,1.0,0.2277915640062728
database3/database3/m.016vqk/91-FaceId-0_align.webp,0.041054,1.0,0.2120407163373077
database3/database3/m.016vxj/34-FaceId-0_align.webp,0.081238,1.0,0.2023972726961115
database3/database3/m.016vy9/16-FaceId-0_align.webp,0.135759,0.0,0.2242244924646007
database3/database3/m.016vy9/41-FaceId-0_align.webp,0.023537,0.0,0.2072452329910313
database3/database3/m.016vyp/28-FaceId-0_align.webp,0.086364,1.0,0.2171808857388553
database3/database3/m.016vyp/92-FaceId-0_align.webp,0.043472,1.0,0.2080281034188378
database3/database3/m.016wdq/47-FaceId-0_align.webp,0.021942,1.0,0.3242108142033054
database3/database3/m.016wvy/16-FaceId-0_align.webp,0.016451,1.0,0.2129480517389296
database3/database3/m.016wvy/70-FaceId-0_align.webp,0.279688,1.0,0.2527612687332775
database3/database3/m.016wvy/90-FaceId-0_align.webp,0.0652,1.0,0.3400048683396462
database3/database3/m.016xk5/94-FaceId-0_align.webp,0.039665,1.0,0.2074012398404677
database3/database3/m.016yr0/49-FaceId-0_align.webp,0.028821,1.0,0.2095675525007179
database3/database3/m.016yr0/53-FaceId-0_align.webp,0.03224,1.0,0.2011211396311545
database3/database3/m.016yr0/98-FaceId-0_align.webp,0.103354,1.0,0.227072433990986
database3/database3/m.016ywr/2-FaceId-0_align.webp,0.022088,1.0,0.2370390272289564
database3/database3/m.016ywr/21-FaceId-0_align.webp,0.053813,1.0,0.2303807420670458
database3/database3/m.016ywr/76-FaceId-0_align.webp,0.0,1.0,0.1898883076948148
database3/database3/m.016z3d/40-FaceId-0_align.webp,0.041987,1.0,0.2109829639176051
database3/database3/m.016z3d/43-FaceId-0_align.webp,0.184794,1.0,0.2250243860100679
database3/database3/m.016z3d/48-FaceId-0_align.webp,0.181018,1.0,0.218309064029107
database3/database3/m.016z68/21-FaceId-0_align.webp,0.185954,1.0,0.2432091855310136
database3/database3/m.016z68/89-FaceId-0_align.webp,0.268667,1.0,0.2396855054848624
database3/database3/m.016zp5/13-FaceId-0_align.webp,0.016071,1.0,0.187371772420439
database3/database3/m.016zp5/31-FaceId-0_align.webp,0.101464,1.0,0.2992174282911415
database3/database3/m.016zp5/64-FaceId-0_align.webp,0.006697,1.0,0.201563941492445
database3/database3/m.016zp5/68-FaceId-0_align.webp,0.014376,1.0,0.2180253214353436
database3/database3/m.016zvk/22-FaceId-0_align.webp,0.104809,0.0,0.2265102315259403
database3/database3/m.016zvk/81-FaceId-0_align.webp,0.147393,0.0,0.2332642409885008
database3/database3/m.016zvk/88-FaceId-0_align.webp,0.080384,0.0,0.1797985837045316
database3/database3/m.016zvk/91-FaceId-0_align.webp,0.084334,0.0,0.2146093352213456
database3/database3/m.0170pk/112-FaceId-0_align.webp,0.029113,1.0,0.3508635523140748
database3/database3/m.0170pk/32-FaceId-0_align.webp,0.0,1.0,0.2780656541850737
database3/database3/m.0170pk/71-FaceId-0_align.webp,0.003334,1.0,0.2261119638652396
database3/database3/m.0170pk/93-FaceId-0_align.webp,0.020024,1.0,0.3097500255654112
database3/database3/m.0170q1/39-FaceId-0_align.webp,0.098023,0.0,0.2746962132815052
database3/database3/m.0170qf/10-FaceId-0_align.webp,0.012168,1.0,0.2035417731399888
database3/database3/m.0170qf/66-FaceId-0_align.webp,0.173717,1.0,0.2435128690876367
database3/database3/m.0170s4/35-FaceId-0_align.webp,0.00841,1.0,0.2270299228279921
database3/database3/m.0170s4/44-FaceId-0_align.webp,0.007374,1.0,0.1542480163087276
database3/database3/m.0170s4/48-FaceId-0_align.webp,0.0,1.0,0.1676885627042028
database3/database3/m.0170s4/85-FaceId-0_align.webp,0.00918,1.0,0.1786455433878678
database3/database3/m.0170s4/86-FaceId-0_align.webp,0.00659,1.0,0.1942292781310179
database3/database3/m.0170zz/7-FaceId-0_align.webp,0.0033,1.0,0.2882126661857812
database3/database3/m.017115/2-FaceId-0_align.webp,0.178391,1.0,0.2689729659880876
database3/database3/m.0171cm/52-FaceId-0_align.webp,0.078391,1.0,0.3444372472783766
database3/database3/m.0171cm/9-FaceId-0_align.webp,0.020679,1.0,0.324124037884779
database3/database3/m.0171dv/105-FaceId-0_align.webp,0.019879,1.0,0.1826192654499542
database3/database3/m.0171dv/106-FaceId-0_align.webp,0.079343,1.0,0.2013329661398532
database3/database3/m.0171z8/39-FaceId-0_align.webp,0.1172,0.0,0.4452399414537611
database3/database3/m.01721f/98-FaceId-0_align.webp,0.00066,1.0,0.1859070923621672
database3/database3/m.01728m/45-FaceId-0_align.webp,0.026608,1.0,0.283315488232046
database3/database3/m.01734j/10-FaceId-0_align.webp,0.107434,1.0,0.2779845652496281
database3/database3/m.01737y/7-FaceId-0_align.webp,0.023524,1.0,0.1930105506851147
database3/database3/m.0173cq/55-FaceId-0_align.webp,0.0687,0.0,0.2222925073370128
database3/database3/m.0173cq/82-FaceId-0_align.webp,0.052898,0.0,0.1886592900503176
database3/database3/m.0173p_/66-FaceId-0_align.webp,0.12779,0.0,0.2692678952128691
database3/database3/m.0173p_/82-FaceId-0_align.webp,0.039784,0.0,0.2099421725890585
database3/database3/m.0173p_/97-FaceId-0_align.webp,0.06989,0.0,0.2218644497955599
database3/database3/m.0173s_/56-FaceId-0_align.webp,0.320216,0.0,0.2230641203933582
database3/database3/m.01741h/75-FaceId-0_align.webp,0.057681,1.0,0.3460034796143211
database3/database3/m.01742l/53-FaceId-0_align.webp,0.210558,0.0,0.2454102113874888
database3/database3/m.01744d/24-FaceId-0_align.webp,0.021138,1.0,0.2148053001064143
database3/database3/m.01744d/66-FaceId-0_align.webp,0.069833,1.0,0.2305228253091138
database3/database3/m.017458/60-FaceId-0_align.webp,0.031087,1.0,0.3755136531421983
database3/database3/m.0174z2/31-FaceId-0_align.webp,0.019356,1.0,0.2071286839689216
database3/database3/m.0175m_/104-FaceId-0_align.webp,0.011519,1.0,0.2459877127355838
database3/database3/m.0175m_/106-FaceId-0_align.webp,0.008092,1.0,0.200534444614207
database3/database3/m.0175s7/91-FaceId-0_align.webp,0.271553,1.0,0.2619559052938854
database3/database3/m.0175w3/23-FaceId-0_align.webp,0.084707,1.0,0.3194365237920595
database3/database3/m.0175w3/40-FaceId-0_align.webp,0.14122,1.0,0.3791647261387367
database3/database3/m.0175w3/8-FaceId-0_align.webp,0.022898,1.0,0.4050849441388449
database3/database3/m.01762z/69-FaceId-0_align.webp,0.001793,1.0,0.185348781868905
database3/database3/m.017729/106-FaceId-0_align.webp,0.004005,1.0,0.2225403485144744
database3/database3/m.01772q/118-FaceId-0_align.webp,0.005376,1.0,0.160504194083253
database3/database3/m.01778_/1-FaceId-0_align.webp,0.151831,0.0,0.3379549137102268
database3/database3/m.01778_/5-FaceId-0_align.webp,0.080886,0.0,0.307158765437404
database3/database3/m.0177s6/54-FaceId-0_align.webp,0.003871,1.0,0.35889774114124
database3/database3/m.0177s6/83-FaceId-0_align.webp,0.194958,1.0,0.3067245552196657
database3/database3/m.0178_j/46-FaceId-0_align.webp,0.038586,1.0,0.2905664842900196
database3/database3/m.0178d6/53-FaceId-0_align.webp,0.019408,1.0,0.1999422180977937
database3/database3/m.0178d6/9-FaceId-0_align.webp,0.038126,1.0,0.2228590821763174
database3/database3/m.0178sb/20-FaceId-0_align.webp,0.025953,1.0,0.2063534083831342
database3/database3/m.01791s/104-FaceId-0_align.webp,0.057011,1.0,0.6264603381023511
database3/database3/m.01793l/15-FaceId-0_align.webp,0.11519,1.0,0.3533932192779214
database3/database3/m.01793l/3-FaceId-0_align.webp,0.021997,1.0,0.3119737010945886
database3/database3/m.01793l/48-FaceId-0_align.webp,0.070141,1.0,0.3728922870131523
database3/database3/m.01793l/77-FaceId-0_align.webp,0.068916,1.0,0.3885942585082024
database3/database3/m.01794d/22-FaceId-0_align.webp,0.132698,1.0,0.1933880166712101
database3/database3/m.0179n7/47-FaceId-0_align.webp,0.025063,1.0,0.2104557924392799
database3/database3/m.0179ys/22-FaceId-0_align.webp,0.03888,1.0,0.2329570097456742
database3/database3/m.017_65/24-FaceId-0_align.webp,0.104039,1.0,0.3228302694458638
database3/database3/m.017__g/2-FaceId-0_align.webp,0.026314,1.0,0.1970683848215186
database3/database3/m.017__g/30-FaceId-0_align.webp,0.064708,1.0,0.232833025438683
database3/database3/m.017_dr/0-FaceId-1_align.webp,0.037641,1.0,0.3558727150033197
database3/database3/m.017_dr/14-FaceId-0_align.webp,0.005491,1.0,0.2391780334224418
database3/database3/m.017_dr/47-FaceId-0_align.webp,0.191478,1.0,0.2254690823920033
database3/database3/m.017_dr/57-FaceId-0_align.webp,0.038308,1.0,0.3454271205275007
database3/database3/m.017_j4/45-FaceId-0_align.webp,0.032452,1.0,0.3055600390446223
database3/database3/m.017_j4/54-FaceId-0_align.webp,0.009302,1.0,0.3102898370714767
database3/database3/m.017_j4/93-FaceId-0_align.webp,0.05205,1.0,0.4101686755292798
database3/database3/m.017_l1/23-FaceId-0_align.webp,0.033635,1.0,0.1937835262392187
database3/database3/m.017_l1/5-FaceId-0_align.webp,0.0,1.0,0.2008872078078785
database3/database3/m.017_xx/84-FaceId-0_align.webp,0.180042,0.0,0.224907613861872
database3/database3/m.017bd/83-FaceId-0_align.webp,0.002036,1.0,0.2823905504950262
database3/database3/m.017bd/85-FaceId-0_align.webp,0.002715,1.0,0.3177673611757773
database3/database3/m.017bk6/90-FaceId-2_align.webp,0.056904,0.0,0.2013487275739998
database3/database3/m.017bxq/72-FaceId-0_align.webp,0.032315,1.0,0.2044177145309626
database3/database3/m.017c87/108-FaceId-0_align.webp,0.012746,1.0,0.2968383603131206
database3/database3/m.017c87/7-FaceId-0_align.webp,0.008884,1.0,0.1702725311208103
database3/database3/m.017cgg/62-FaceId-0_align.webp,0.009893,1.0,0.3177060092148233
database3/database3/m.017d3v/21-FaceId-0_align.webp,0.000486,1.0,0.1385346965988685
database3/database3/m.017dpj/104-FaceId-0_align.webp,0.159674,1.0,0.3173479790586976
database3/database3/m.017dpj/116-FaceId-0_align.webp,0.004563,1.0,0.3075303382600073
database3/database3/m.017dpj/14-FaceId-0_align.webp,0.012759,1.0,0.2775621184936913
database3/database3/m.017dpj/6-FaceId-0_align.webp,0.157516,1.0,0.3319303373435953
database3/database3/m.017dpj/81-FaceId-0_align.webp,0.117413,1.0,0.3777828940166663
database3/database3/m.017dpj/98-FaceId-0_align.webp,0.093515,1.0,0.3123668608208876
database3/database3/m.017f4y/21-FaceId-0_align.webp,0.009046,1.0,0.2192024865572284
database3/database3/m.017fgp/17-FaceId-0_align.webp,0.004873,1.0,0.1305607208088087
database3/database3/m.017fhk/5-FaceId-0_align.webp,0.05945,1.0,0.287903437695642
database3/database3/m.017fhk/70-FaceId-0_align.webp,0.025921,1.0,0.1814573372705929
database3/database3/m.017fhk/87-FaceId-0_align.webp,0.146412,1.0,0.2959862735840038
database3/database3/m.017fj_/2-FaceId-0_align.webp,0.022486,1.0,0.2001747567476876
database3/database3/m.017fj_/97-FaceId-0_align.webp,0.013264,1.0,0.2964772354860671
database3/database3/m.017fks/21-FaceId-0_align.webp,0.013755,1.0,0.2073437240849766
database3/database3/m.017fks/34-FaceId-0_align.webp,0.010024,1.0,0.3872447170348158
database3/database3/m.017fl5/7-FaceId-0_align.webp,0.088967,1.0,0.2291575986007488
database3/database3/m.017fl5/89-FaceId-0_align.webp,0.156395,1.0,0.2900594107103966
database3/database3/m.017fl_/0-FaceId-0_align.webp,0.016489,1.0,0.3557187615325586
database3/database3/m.017fp0/26-FaceId-0_align.webp,0.014762,1.0,0.2069925278950179
database3/database3/m.017fp0/70-FaceId-0_align.webp,0.102621,1.0,0.230244626033111
database3/database3/m.017fp0/85-FaceId-0_align.webp,0.016216,1.0,0.2231942858406115
database3/database3/m.017fp0/92-FaceId-0_align.webp,0.03683,1.0,0.3182913239748828
database3/database3/m.017frf/2-FaceId-0_align.webp,0.239226,1.0,0.1989658940661681
database3/database3/m.017frf/48-FaceId-0_align.webp,0.242631,1.0,0.2102653260777281
database3/database3/m.017ft0/4-FaceId-0_align.webp,0.025186,0.0,0.1920122781506872
database3/database3/m.017fxp/62-FaceId-0_align.webp,0.006207,1.0,0.2723009568920331
database3/database3/m.017fzy/33-FaceId-0_align.webp,0.135665,1.0,0.2002087638994067
database3/database3/m.017fzy/38-FaceId-0_align.webp,0.020138,1.0,0.2238267490263263
database3/database3/m.017fzy/44-FaceId-0_align.webp,0.119262,1.0,0.2387679866588414
database3/database3/m.017fzy/7-FaceId-0_align.webp,0.042513,1.0,0.2146448935619431
database3/database3/m.017fzy/84-FaceId-0_align.webp,0.1089,1.0,0.2175593952283359
database3/database3/m.017fzy/88-FaceId-0_align.webp,0.093437,1.0,0.2146279236254029
database3/database3/m.017g21/51-FaceId-0_align.webp,0.121234,1.0,0.2437161053268464
database3/database3/m.017g2y/13-FaceId-0_align.webp,0.026164,1.0,0.2114735002779169
database3/database3/m.017gd_/53-FaceId-0_align.webp,0.006889,1.0,0.3635880109249824
database3/database3/m.017gd_/59-FaceId-0_align.webp,0.012556,1.0,0.2812394379429287
database3/database3/m.017gxw/53-FaceId-0_align.webp,0.064935,0.0,0.2157441893617068
database3/database3/m.017h4c/0-FaceId-0_align.webp,0.049628,1.0,0.3115946588772856
database3/database3/m.017h_2/23-FaceId-0_align.webp,0.06887,1.0,0.344237338475397
database3/database3/m.017hgl/21-FaceId-0_align.webp,0.089799,1.0,0.2151923238168206
database3/database3/m.017hgl/42-FaceId-0_align.webp,0.004642,1.0,0.2256725592321944
database3/database3/m.017hjk/57-FaceId-0_align.webp,0.009431,1.0,0.2173923609096994
database3/database3/m.017hm9/3-FaceId-0_align.webp,0.001744,1.0,0.3918060432924578
database3/database3/m.017hm9/36-FaceId-0_align.webp,0.002432,1.0,0.2135465472153352
database3/database3/m.017hw4/23-FaceId-0_align.webp,0.000412,1.0,0.218901671478979
database3/database3/m.017hwl/3-FaceId-0_align.webp,0.014017,1.0,0.3324908432639278
database3/database3/m.017j1w/26-FaceId-0_align.webp,0.021211,1.0,0.1877717876241997
database3/database3/m.017j1w/35-FaceId-0_align.webp,0.039099,1.0,0.1941787109736152
database3/database3/m.017j1w/8-FaceId-0_align.webp,0.052854,1.0,0.1893263619663333
database3/database3/m.017j2b/85-FaceId-0_align.webp,0.008707,1.0,0.2630283902827679
database3/database3/m.017jwg/17-FaceId-0_align.webp,0.002376,1.0,0.2442496671155911
database3/database3/m.017jwg/53-FaceId-0_align.webp,0.066995,0.0,0.2221627642126353
database3/database3/m.017jwg/82-FaceId-0_align.webp,0.035246,1.0,0.2288451469021789
database3/database3/m.017kb5/32-FaceId-0_align.webp,0.006182,1.0,0.2187955554784217
database3/database3/m.017kgm/108-FaceId-1_align.webp,0.015319,1.0,0.1524902184586188
database3/database3/m.017kgm/94-FaceId-0_align.webp,0.003416,1.0,0.1805145693792955
database3/database3/m.017kq/37-FaceId-0_align.webp,0.040762,1.0,0.3119577686407959
database3/database3/m.017kq/48-FaceId-0_align.webp,0.009092,1.0,0.3023483730608194
database3/database3/m.017l4/11-FaceId-0_align.webp,0.001488,1.0,0.1978118493622368
database3/database3/m.017l4/73-FaceId-0_align.webp,0.09873,1.0,0.225753538740357
database3/database3/m.017l4/80-FaceId-0_align.webp,0.025497,1.0,0.2566176563938397
database3/database3/m.017l7y/97-FaceId-0_align.webp,0.002424,1.0,0.1587735761306092
database3/database3/m.017lcg/63-FaceId-0_align.webp,0.136168,1.0,0.2219353536336562
database3/database3/m.017m2y/105-FaceId-0_align.webp,0.084072,0.0,0.2181485658922836
database3/database3/m.017m2y/30-FaceId-0_align.webp,0.20052,0.0,0.2336889501795838
database3/database3/m.017mrb/26-FaceId-0_align.webp,0.125876,1.0,0.2061899976530029
database3/database3/m.017q3j/27-FaceId-0_align.webp,0.040475,1.0,0.2124542674721788
database3/database3/m.017q3j/87-FaceId-1_align.webp,0.137407,1.0,0.2584827141079603
database3/database3/m.017qkp/105-FaceId-0_align.webp,0.016276,1.0,0.2019073601279898
database3/database3/m.017qkp/8-FaceId-0_align.webp,0.006413,1.0,0.1947510262284438
database3/database3/m.017r13/15-FaceId-0_align.webp,0.004576,1.0,0.192483436513481
database3/database3/m.017r13/32-FaceId-0_align.webp,0.001926,1.0,0.1881455303615247
database3/database3/m.017r13/71-FaceId-0_align.webp,0.149849,1.0,0.2184289715730741
database3/database3/m.017r5g/69-FaceId-0_align.webp,0.246362,0.0,0.2517450962842301
database3/database3/m.017rh4/92-FaceId-0_align.webp,0.059749,1.0,0.2247172059879081
database3/database3/m.017rjs/94-FaceId-0_align.webp,0.227853,1.0,0.2088405930988432
database3/database3/m.017tk3/113-FaceId-0_align.webp,0.041074,1.0,0.2411009868705009
database3/database3/m.017tk3/5-FaceId-0_align.webp,0.023981,1.0,0.2343240845498029
database3/database3/m.017tk3/61-FaceId-0_align.webp,0.058875,1.0,0.2532689378504116
database3/database3/m.017tk3/83-FaceId-0_align.webp,0.016266,1.0,0.2208527873811544
database3/database3/m.017tkv/15-FaceId-0_align.webp,0.09519,0.0,0.2036872382218152
database3/database3/m.017tkv/5-FaceId-0_align.webp,0.108291,0.0,0.2200196533060783
database3/database3/m.017tlt/70-FaceId-0_align.webp,0.079127,1.0,0.1647034316819461
database3/database3/m.017tn4/17-FaceId-0_align.webp,0.026983,1.0,0.3080209338003379
database3/database3/m.017tn4/54-FaceId-2_align.webp,0.042656,1.0,0.2727000327714364
database3/database3/m.017tnz/116-FaceId-0_align.webp,0.135035,1.0,0.2276271765937408
database3/database3/m.017vfn/43-FaceId-0_align.webp,0.036126,1.0,0.2226122553203404
database3/database3/m.017vkk/88-FaceId-0_align.webp,0.022172,0.0,0.2159741517842798
database3/database3/m.017vkx/34-FaceId-1_align.webp,0.050784,1.0,0.3406778823822504
database3/database3/m.017wbg/77-FaceId-0_align.webp,0.079706,1.0,0.2040137344675917
database3/database3/m.017x_s/36-FaceId-0_align.webp,0.021378,1.0,0.4159400039917736
database3/database3/m.017xm3/52-FaceId-0_align.webp,0.225925,0.0,0.2332261157164262
database3/database3/m.017yfz/93-FaceId-0_align.webp,0.237267,1.0,0.0
database3/database3/m.017yvm/5-FaceId-0_align.webp,0.011632,1.0,0.2269400951463253
database3/database3/m.017yvm/93-FaceId-0_align.webp,0.007487,1.0,0.2914310387483402
database3/database3/m.017yzt/119-FaceId-0_align.webp,0.299381,0.0,0.2285891311728382
database3/database3/m.017yzt/55-FaceId-0_align.webp,0.055778,0.0,0.1973778503064824
database3/database3/m.017yzt/61-FaceId-0_align.webp,0.0,0.0,0.1840558727750747
database3/database3/m.017z_/91-FaceId-0_align.webp,0.06531,1.0,0.3208866745973046
database3/database3/m.017zng/39-FaceId-0_align.webp,0.114304,1.0,0.2027028841199289
database3/database3/m.017zng/73-FaceId-0_align.webp,0.087005,1.0,0.2252610157363021
database3/database3/m.017zng/97-FaceId-0_align.webp,0.096418,1.0,0.1865562794594844
database3/database3/m.01804k/55-FaceId-0_align.webp,0.104401,0.0,0.2177851165644352
database3/database3/m.01807/65-FaceId-0_align.webp,0.087681,1.0,0.3464934047925184
database3/database3/m.01807/73-FaceId-0_align.webp,0.147607,1.0,0.3675488932600642
database3/database3/m.018144/31-FaceId-0_align.webp,0.317719,1.0,0.2048482432487872
database3/database3/m.018144/55-FaceId-0_align.webp,0.076827,1.0,0.2140210447873746
database3/database3/m.01815s/106-FaceId-0_align.webp,0.234236,0.0,0.2286660830444528
database3/database3/m.01815s/50-FaceId-0_align.webp,0.243106,0.0,0.2220134343121579
database3/database3/m.01815s/64-FaceId-0_align.webp,0.173641,0.0,0.2156242691831529
database3/database3/m.0181gp/6-FaceId-0_align.webp,0.043543,1.0,0.2163787057235032
database3/database3/m.0181j_/107-FaceId-0_align.webp,0.027129,0.0,0.2143836529390202
database3/database3/m.0181kg/14-FaceId-0_align.webp,0.119867,1.0,0.3417584456314213
database3/database3/m.0181lj/18-FaceId-0_align.webp,0.190172,1.0,0.167884829447074
database3/database3/m.0181p_/19-FaceId-0_align.webp,0.041166,1.0,0.2985990768956427
database3/database3/m.0181p_/99-FaceId-0_align.webp,0.035046,1.0,0.212631804644411
database3/database3/m.0181ph/4-FaceId-0_align.webp,0.019163,1.0,0.26563868404814
database3/database3/m.0181ph/8-FaceId-0_align.webp,0.037384,1.0,0.0
database3/database3/m.0181x9/43-FaceId-0_align.webp,0.029481,1.0,0.212190280859694
database3/database3/m.0181xq/13-FaceId-0_align.webp,0.002527,0.0,0.2785735453430401
database3/database3/m.0182hg/59-FaceId-0_align.webp,0.003662,1.0,0.1978348208744592
database3/database3/m.0182q2/111-FaceId-0_align.webp,0.014398,1.0,0.2181291030257835
database3/database3/m.0182q2/47-FaceId-0_align.webp,0.020684,1.0,0.2187731639721296
database3/database3/m.0182q2/58-FaceId-0_align.webp,0.034155,1.0,0.1957827152397459
database3/database3/m.0182vk/101-FaceId-0_align.webp,0.185784,1.0,0.3710079034997324
database3/database3/m.0182vk/97-FaceId-0_align.webp,0.113244,1.0,0.2354904624012193
database3/database3/m.01830j/15-FaceId-0_align.webp,0.208446,0.0,0.2521411843675965
database3/database3/m.01833g/76-FaceId-0_align.webp,0.008544,1.0,0.2087292494446377
database3/database3/m.018348/1-FaceId-0_align.webp,0.029671,1.0,0.3297824871052085
database3/database3/m.0183f9/72-FaceId-0_align.webp,0.028848,1.0,0.3103905051016141
database3/database3/m.018417/7-FaceId-0_align.webp,0.270045,0.0,0.2300443375891483
database3/database3/m.018493/45-FaceId-0_align.webp,0.059135,0.0,0.2385283274174428
database3/database3/m.0184cd/37-FaceId-0_align.webp,0.012663,0.0,0.2189804145199709
database3/database3/m.0184cd/69-FaceId-0_align.webp,0.041234,0.0,0.2210525891206917
database3/database3/m.0184jc/9-FaceId-0_align.webp,0.061679,1.0,0.2437796153936015
database3/database3/m.0184xq/86-FaceId-0_align.webp,0.010468,1.0,0.2479987041590829
database3/database3/m.0185gs/107-FaceId-0_align.webp,0.133885,1.0,0.2298639307909581
database3/database3/m.0187y5/50-FaceId-0_align.webp,0.011259,1.0,0.4606909168444901
database3/database3/m.0187y5/55-FaceId-0_align.webp,0.018906,1.0,0.22960910812504
database3/database3/m.0188n0/16-FaceId-0_align.webp,0.119925,1.0,0.2367714761907897
database3/database3/m.0188n0/81-FaceId-0_align.webp,0.437819,1.0,0.2603710228064396
database3/database3/m.0188n0/93-FaceId-0_align.webp,0.241643,1.0,0.2581840807433794
database3/database3/m.0188nj/68-FaceId-0_align.webp,0.036499,1.0,0.1912880874733013
database3/database3/m.018_3q/101-FaceId-0_align.webp,0.001235,1.0,0.2773993890384967
database3/database3/m.018_3q/89-FaceId-0_align.webp,0.024563,1.0,0.1898338597827738
database3/database3/m.018_lb/81-FaceId-0_align.webp,0.104704,0.0,0.1801293808719847
database3/database3/m.018c42/45-FaceId-1_align.webp,0.268912,1.0,0.2200222479589461
database3/database3/m.018c42/5-FaceId-0_align.webp,0.033426,1.0,0.2200228755264777
database3/database3/m.018cx_/16-FaceId-0_align.webp,0.128439,0.0,0.2237595221930149
database3/database3/m.018dnt/83-FaceId-0_align.webp,0.012334,1.0,0.2161423701021971
database3/database3/m.018dpq/74-FaceId-0_align.webp,0.08469,1.0,0.2096519170327647
database3/database3/m.018dpq/9-FaceId-0_align.webp,0.06436,1.0,0.2176822081216317
database3/database3/m.018dq3/21-FaceId-0_align.webp,0.264271,0.0,0.238944252435847
database3/database3/m.018dq3/43-FaceId-0_align.webp,0.005771,0.0,0.2181846698576177
database3/database3/m.018dqg/14-FaceId-0_align.webp,0.002005,1.0,0.1810549680305013
database3/database3/m.018dyl/57-FaceId-0_align.webp,0.066796,1.0,0.1733574381655128
database3/database3/m.018f07/77-FaceId-0_align.webp,0.067893,1.0,0.2512773534460905
database3/database3/m.018f07/88-FaceId-0_align.webp,0.019681,1.0,0.2104110908816514
database3/database3/m.018f_y/78-FaceId-0_align.webp,0.005574,1.0,0.4218693037904387
database3/database3/m.018fkc/18-FaceId-0_align.webp,0.048624,0.0,0.2629988107427572
database3/database3/m.018fkc/51-FaceId-0_align.webp,0.004824,1.0,0.2180088675285292
database3/database3/m.018fmr/107-FaceId-0_align.webp,0.087037,0.0,0.2277920866607163
database3/database3/m.018fmr/38-FaceId-0_align.webp,0.082888,0.0,0.3309231730705384
database3/database3/m.018fmr/39-FaceId-0_align.webp,0.154489,0.0,0.2176897420556302
database3/database3/m.018fmr/77-FaceId-0_align.webp,0.094029,0.0,0.2115938999709613
database3/database3/m.018fmr/96-FaceId-0_align.webp,0.118151,0.0,0.247838616980138
database3/database3/m.018fvy/74-FaceId-0_align.webp,0.006913,1.0,0.2046818350278195
database3/database3/m.018fwb/106-FaceId-0_align.webp,0.105164,0.0,0.2536764516219311
database3/database3/m.018fyy/5-FaceId-0_align.webp,0.161114,0.0,0.2162128495242875
database3/database3/m.018fzs/56-FaceId-0_align.webp,0.057952,1.0,0.3071471190812733
database3/database3/m.018fzs/60-FaceId-0_align.webp,0.058021,1.0,0.1958364624172348
database3/database3/m.018fzs/89-FaceId-0_align.webp,0.00707,1.0,0.1938358124194218
database3/database3/m.018g4z/59-FaceId-0_align.webp,0.266921,0.0,0.3361686902745771
database3/database3/m.018gcf/20-FaceId-0_align.webp,0.017916,1.0,0.2024846547180508
database3/database3/m.018gcf/28-FaceId-0_align.webp,0.0,1.0,0.2328338655259324
database3/database3/m.018gjx/0-FaceId-0_align.webp,0.03658,1.0,0.2132668445777673
database3/database3/m.018gjx/88-FaceId-1_align.webp,0.040357,1.0,0.21910967080909
database3/database3/m.018gkb/31-FaceId-0_align.webp,0.133832,1.0,0.3814962044270067
database3/database3/m.018gkb/69-FaceId-0_align.webp,0.119964,1.0,0.2126785312440412
database3/database3/m.018gl5/55-FaceId-0_align.webp,0.0,1.0,0.2073921559689643
database3/database3/m.018gn4/7-FaceId-0_align.webp,0.045659,1.0,0.227484069441824
database3/database3/m.018gn4/95-FaceId-0_align.webp,0.084694,1.0,0.2335525572886834
database3/database3/m.018gqj/17-FaceId-0_align.webp,0.18042,1.0,0.2210567015025559
database3/database3/m.018gqj/45-FaceId-0_align.webp,0.048033,1.0,0.2258893121712171
database3/database3/m.018gqj/51-FaceId-0_align.webp,0.113401,1.0,0.2331732185882689
database3/database3/m.018gqj/9-FaceId-0_align.webp,0.182644,1.0,0.241404772404711
database3/database3/m.018gsl/54-FaceId-0_align.webp,0.015144,1.0,0.4055279918536037
database3/database3/m.018gw3/19-FaceId-0_align.webp,0.042889,1.0,0.3145007022684681
database3/database3/m.018h84/20-FaceId-0_align.webp,0.006714,1.0,0.2236979011569966
database3/database3/m.018h84/4-FaceId-0_align.webp,0.077047,1.0,0.1892973693494324
database3/database3/m.018hhw/26-FaceId-0_align.webp,0.058762,0.0,0.2297058912159262
database3/database3/m.018hwl/22-FaceId-0_align.webp,0.105538,1.0,0.2492781620522809
database3/database3/m.018j3w/52-FaceId-0_align.webp,0.03127,1.0,0.1788272236162612
database3/database3/m.018j4c/21-FaceId-0_align.webp,0.159984,1.0,0.2082424264735408
database3/database3/m.018j4c/60-FaceId-0_align.webp,0.116911,1.0,0.2599991443746847
database3/database3/m.018j4c/72-FaceId-0_align.webp,0.050298,1.0,0.2169738552619564
database3/database3/m.018j5m/87-FaceId-0_align.webp,0.119486,0.0,0.2565209416418308
database3/database3/m.018jnn/6-FaceId-0_align.webp,0.046059,1.0,0.1896584386654215
database3/database3/m.018jnn/60-FaceId-0_align.webp,0.021036,1.0,0.181140879439675
database3/database3/m.018jz8/4-FaceId-0_align.webp,0.129694,1.0,0.2162688654854599
database3/database3/m.018kd0/56-FaceId-0_align.webp,0.078738,1.0,0.2277012145409978
database3/database3/m.018kjc/45-FaceId-0_align.webp,0.336481,1.0,0.2630977955341801
database3/database3/m.018kjc/74-FaceId-0_align.webp,0.359873,1.0,0.2521305203807238
database3/database3/m.018lb1/1-FaceId-0_align.webp,0.066363,0.0,0.2153853206711692
database3/database3/m.018lb1/113-FaceId-0_align.webp,0.174767,0.0,0.2282667689602435
database3/database3/m.018lb1/45-FaceId-0_align.webp,0.011283,0.0,0.2026924973096467
database3/database3/m.018lb1/60-FaceId-0_align.webp,0.101898,0.0,0.2124999261890683
database3/database3/m.018lb1/67-FaceId-0_align.webp,0.058712,0.0,0.192175439591528
database3/database3/m.018lp7/31-FaceId-0_align.webp,0.068826,0.0,0.2320445442684065
database3/database3/m.018lp7/5-FaceId-0_align.webp,0.037973,0.0,0.2181057668282904
database3/database3/m.018lpm/41-FaceId-0_align.webp,0.03151,1.0,0.30099737254528
database3/database3/m.018lx_/11-FaceId-0_align.webp,0.157239,1.0,0.2617443077831359
database3/database3/m.018lxn/67-FaceId-0_align.webp,0.041223,0.0,0.2065919557644813
database3/database3/m.018m5c/31-FaceId-0_align.webp,0.012538,1.0,0.1732254643150368
database3/database3/m.018m5c/6-FaceId-0_align.webp,0.013236,1.0,0.1934764701702854
database3/database3/m.018m5c/74-FaceId-0_align.webp,0.007729,1.0,0.2288498455581778
database3/database3/m.018mfl/68-FaceId-0_align.webp,0.01486,1.0,0.2670435073673819
database3/database3/m.018n52/37-FaceId-0_align.webp,0.024108,1.0,0.1922784563041474
database3/database3/m.018n7d/44-FaceId-0_align.webp,0.002157,1.0,0.1979054750709585
database3/database3/m.018n9d/58-FaceId-0_align.webp,0.182622,1.0,0.2037493695822266
database3/database3/m.018nqq/25-FaceId-0_align.webp,0.02666,1.0,0.1832009561137044
database3/database3/m.018nqq/56-FaceId-0_align.webp,0.002557,1.0,0.2114604424414368
database3/database3/m.018nwp/42-FaceId-0_align.webp,0.023176,1.0,0.3607392972105138
database3/database3/m.018p19/2-FaceId-0_align.webp,0.029409,1.0,0.2976023488933775
database3/database3/m.018pj3/21-FaceId-0_align.webp,0.206243,0.0,0.1858533099479377
database3/database3/m.018pkl/117-FaceId-0_align.webp,0.00271,1.0,0.2334137126294689
database3/database3/m.018ptf/125-FaceId-1_align.webp,0.193842,0.0,0.2886766891273329
database3/database3/m.018ptf/6-FaceId-0_align.webp,0.184452,1.0,0.2128751392859944
database3/database3/m.018ptf/69-FaceId-0_align.webp,0.264398,1.0,0.2812177165326802
database3/database3/m.018ptf/87-FaceId-0_align.webp,0.284614,1.0,0.251893092580187
database3/database3/m.018pyg/114-FaceId-0_align.webp,0.004286,0.0,0.1908747194163663
database3/database3/m.018pyg/50-FaceId-0_align.webp,0.094308,0.0,0.1844721966227974
database3/database3/m.018q7p/61-FaceId-0_align.webp,0.113962,1.0,0.2332285063406904
database3/database3/m.018qkz/35-FaceId-0_align.webp,0.11651,0.0,0.2312489496421627
database3/database3/m.018qkz/48-FaceId-0_align.webp,0.078768,0.0,0.2284391379284862
database3/database3/m.018qlp/1-FaceId-0_align.webp,0.057596,0.0,0.2381515493708873
database3/database3/m.018qlp/2-FaceId-0_align.webp,0.201501,0.0,0.2573605156815262
database3/database3/m.018qlp/67-FaceId-0_align.webp,0.023725,0.0,0.2051903042075659
database3/database3/m.018qlp/73-FaceId-0_align.webp,0.048836,0.0,0.2208855249287007
database3/database3/m.018qlp/81-FaceId-0_align.webp,0.220874,0.0,0.2355569658276386
database3/database3/m.018qlp/99-FaceId-0_align.webp,0.098556,0.0,0.2188745414949399
database3/database3/m.018qn8/16-FaceId-0_align.webp,0.180079,0.0,0.2296949556307616
database3/database3/m.018qn8/24-FaceId-0_align.webp,0.067297,0.0,0.2281026893906562
database3/database3/m.018qn8/3-FaceId-0_align.webp,0.144663,0.0,0.2295500227634751
database3/database3/m.018qpb/20-FaceId-0_align.webp,0.030827,0.0,0.1705694996309024
database3/database3/m.018qpb/42-FaceId-0_align.webp,0.04676,0.0,0.2026452390150703
database3/database3/m.018qr9/59-FaceId-0_align.webp,0.041718,0.0,0.2093695211192442
database3/database3/m.018qwf/0-FaceId-0_align.webp,0.034965,1.0,0.1699535188634759
database3/database3/m.018qx5/48-FaceId-0_align.webp,0.145397,0.0,0.3531561268489329
database3/database3/m.018r3g/1-FaceId-0_align.webp,0.015575,1.0,0.3532820240763897
database3/database3/m.018rsq/63-FaceId-0_align.webp,0.05182,1.0,0.1933258291643532
database3/database3/m.018rsq/82-FaceId-0_align.webp,0.021029,1.0,0.2533027463113205
database3/database3/m.018ry5/78-FaceId-0_align.webp,0.052713,1.0,0.2273459316209388
database3/database3/m.018s7v/75-FaceId-0_align.webp,0.055964,0.0,0.2337699764331063
database3/database3/m.018slq/19-FaceId-0_align.webp,0.164016,1.0,0.2292521918769498
database3/database3/m.018swb/94-FaceId-0_align.webp,0.035612,1.0,0.2339015991365124
database3/database3/m.018t67/2-FaceId-0_align.webp,0.002151,1.0,0.1743551002258188
database3/database3/m.018t67/75-FaceId-0_align.webp,0.002161,1.0,0.178942452347393
database3/database3/m.018t67/76-FaceId-0_align.webp,0.014984,1.0,0.1863908753398902
database3/database3/m.018tfd/63-FaceId-0_align.webp,0.039426,1.0,0.1783831344474651
database3/database3/m.018tvs/4-FaceId-0_align.webp,0.186437,1.0,0.2369408503195196
database3/database3/m.018v8c/66-FaceId-0_align.webp,0.031012,1.0,0.1846055972378424
database3/database3/m.018v_8/56-FaceId-0_align.webp,0.065146,1.0,0.1890718785001514
database3/database3/m.018vhw/41-FaceId-2_align.webp,0.017996,1.0,0.0
database3/database3/m.018vhw/84-FaceId-1_align.webp,0.010037,1.0,0.2247956234542303
database3/database3/m.018vhw/94-FaceId-0_align.webp,0.022504,1.0,0.1998289070185776
database3/database3/m.018w6s/30-FaceId-0_align.webp,0.009687,1.0,0.3653388709558771
database3/database3/m.018wh0/34-FaceId-0_align.webp,0.038341,1.0,0.1801270401669883
database3/database3/m.018wqb/36-FaceId-1_align.webp,0.061601,1.0,0.2624768380125554
database3/database3/m.018x3/82-FaceId-0_align.webp,0.000249,1.0,0.1863467683771958
database3/database3/m.018x3/89-FaceId-0_align.webp,0.006661,1.0,0.2391868666171052
database3/database3/m.018xrz/49-FaceId-0_align.webp,0.084464,1.0,0.2264544100574667
database3/database3/m.018y0w/54-FaceId-0_align.webp,0.014612,1.0,0.2089667068320315
database3/database3/m.018y2s/21-FaceId-0_align.webp,0.010478,1.0,0.2233538928260725
database3/database3/m.018y4x/104-FaceId-0_align.webp,0.014664,1.0,0.2029459347719195
database3/database3/m.018y4x/94-FaceId-0_align.webp,0.083805,1.0,0.1732182456881243
database3/database3/m.018ycp/32-FaceId-0_align.webp,0.169605,1.0,0.2010107478582032
database3/database3/m.018ycp/64-FaceId-0_align.webp,0.011204,1.0,0.2010054002003371
