filename,target,gender,pred
database1/img00000154.webp,0.036749,1.0,0.2319864887434398
database1/img00000271.webp,0.229724,1.0,0.2901137774937889
database1/img00000323.webp,0.120628,0.0,0.2223928326725242
database1/img00000364.webp,0.00341,1.0,0.2175659404229649
database1/img00000371.webp,0.000249,1.0,0.2495818764728665
database1/img00000438.webp,0.102267,0.0,0.2324914078756936
database1/img00000448.webp,0.032257,0.0,0.2472203477628219
database1/img00000477.webp,0.158779,0.0,0.1871177057905478
database1/img00000491.webp,0.333523,0.0,0.2549994994195255
database1/img00000679.webp,0.022454,0.0,0.2293536901066939
database1/img00000766.webp,0.241328,0.0,0.2591405723982493
database1/img00000781.webp,0.01402,1.0,0.2301290885815366
database1/img00000793.webp,0.308688,0.0,0.2958813094888201
database1/img00000806.webp,0.083687,1.0,0.2321429730077454
database1/img00000857.webp,0.167176,0.0,0.2365519277851829
database1/img00000882.webp,0.118298,0.0,0.2335923247964745
database1/img00000903.webp,0.006576,1.0,0.2620396075372603
database1/img00000929.webp,0.021546,1.0,0.2486780207999392
database1/img00000941.webp,0.232414,0.0,0.2525040069367986
database1/img00001032.webp,0.044127,1.0,0.2681464141231849
database1/img00001145.webp,0.022379,1.0,0.2154804472623152
database1/img00001291.webp,0.022322,0.0,0.225958686198281
database1/img00001371.webp,0.148865,0.0,0.2339991839350826
database1/img00001491.webp,0.264813,0.0,0.2885156834611008
database1/img00001551.webp,0.054068,1.0,0.2297904432294826
database1/img00001573.webp,0.095382,0.0,0.2036211196879563
database1/img00001650.webp,0.088325,0.0,0.1967114386546494
database1/img00001652.webp,0.074782,1.0,0.2457346454069267
database1/img00001674.webp,0.188753,0.0,0.2905105897729082
database1/img00001701.webp,0.002942,1.0,0.2466360306321588
database1/img00001779.webp,0.009358,1.0,0.3662633324060252
database1/img00001812.webp,0.017934,0.0,0.1972359544056526
database1/img00001859.webp,0.006232,1.0,0.2652964605775383
database1/img00001872.webp,0.094988,0.0,0.2312134036593661
database1/img00001883.webp,0.015755,0.0,0.2380799471538527
database1/img00001978.webp,0.02291,1.0,0.2620358945864682
database1/img00002013.webp,0.068771,1.0,0.2323529080141985
database1/img00002073.webp,0.265663,0.0,0.2563202894672372
database1/img00002136.webp,0.083835,0.0,0.2324625971723385
database1/img00002187.webp,0.062593,1.0,0.2619112228778228
database1/img00002221.webp,0.024328,1.0,0.248217093366456
database1/img00002227.webp,0.172367,0.0,0.265650620747058
database1/img00002414.webp,0.290565,0.0,0.3657159902717783
database1/img00002415.webp,0.370759,0.0,0.2835377499221357
database1/img00002527.webp,0.008082,0.0,0.2365205649685529
database1/img00002649.webp,0.108227,0.0,0.2259209760422749
database1/img00002695.webp,0.191496,0.0,0.2307982926533027
database1/img00002698.webp,0.019352,0.0,0.2318922065585635
database1/img00002713.webp,0.025594,1.0,0.2674631074300462
database1/img00002737.webp,0.01324,1.0,0.242404457548891
database1/img00002813.webp,0.015997,0.0,0.2013908008058527
database1/img00002915.webp,0.059948,0.0,0.2205804574441696
database1/img00002916.webp,0.061003,0.0,0.2284924879487955
database1/img00003052.webp,0.34648,0.0,0.2573722197314143
database1/img00003146.webp,0.130163,0.0,0.1927172243042071
database1/img00003162.webp,0.193332,0.0,0.2685863515775863
database1/img00003199.webp,0.314562,0.0,0.2520482550489653
database1/img00003273.webp,0.126445,0.0,0.2720260973639312
database1/img00003300.webp,0.007141,1.0,0.2553030947700715
database1/img00003360.webp,0.008946,1.0,0.2359108073581353
database1/img00003390.webp,0.054933,0.0,0.2475664017217186
database1/img00003437.webp,0.01322,1.0,0.2185103538562637
database1/img00003452.webp,0.040754,0.0,0.2151243097601154
database1/img00003584.webp,0.23463,0.0,0.2610198856746381
database1/img00003713.webp,0.000555,1.0,0.2062393667675335
database1/img00003746.webp,0.099051,1.0,0.2532655026830319
database1/img00003877.webp,0.01258,0.0,0.2518433392847579
database1/img00003884.webp,0.091278,0.0,0.2123589653872313
database1/img00003887.webp,0.010493,1.0,0.3223037405224285
database1/img00003978.webp,0.178955,0.0,0.1735603092857162
database1/img00004026.webp,0.365443,0.0,0.2717335133944434
database1/img00004041.webp,0.094007,0.0,0.2112572345318062
database1/img00004164.webp,0.026259,1.0,0.2257839598276919
database1/img00004216.webp,0.034337,0.0,0.2213107573521172
database1/img00004261.webp,0.165876,0.0,0.2600376641649365
database1/img00004273.webp,0.156777,0.0,0.2223558765720337
database1/img00004308.webp,0.126358,0.0,0.2304967880060875
database1/img00004416.webp,0.13739,1.0,0.247514930381607
database1/img00004426.webp,0.364242,1.0,0.303078856576665
database1/img00004540.webp,0.140347,0.0,0.2047102528611189
database1/img00004621.webp,0.130906,0.0,0.2387039235666329
database1/img00004701.webp,0.060368,0.0,0.1894811817702982
database1/img00004841.webp,0.021785,1.0,0.2310045336495942
database1/img00004851.webp,0.058337,1.0,0.2381951138765668
database1/img00004895.webp,0.001337,1.0,0.2309222648108642
database1/img00005027.webp,0.095752,1.0,0.272139355994233
database1/img00005030.webp,0.114344,0.0,0.2410167262607796
database1/img00005095.webp,0.018419,0.0,0.2416919627599699
database1/img00005116.webp,0.107525,0.0,0.2547623884466853
database1/img00005179.webp,0.058586,1.0,0.2522541150704377
database1/img00005208.webp,0.021009,1.0,0.3744841370578953
database1/img00005271.webp,0.408256,0.0,0.2916645415184496
database1/img00005293.webp,0.043233,0.0,0.2308221412835229
database1/img00005339.webp,0.173984,0.0,0.1967148326464227
database1/img00005347.webp,0.002911,0.0,0.1936693872746489
database1/img00005361.webp,0.189098,0.0,0.2278456659909991
database1/img00005501.webp,0.145725,0.0,0.2224456025156588
database1/img00005507.webp,0.232343,0.0,0.330538473468668
database1/img00005509.webp,0.003247,1.0,0.3554228734140563
database1/img00005522.webp,0.185571,0.0,0.2216870857925692
database1/img00005579.webp,0.037795,1.0,0.2553516186815739
database1/img00005689.webp,0.281579,0.0,0.2332061592243597
database1/img00005696.webp,0.366924,0.0,0.3246773232915376
database1/img00005723.webp,0.013358,0.0,0.2687080945748271
database1/img00005726.webp,0.041346,1.0,0.2538031227463697
database1/img00005753.webp,0.009879,0.0,0.2411753465367582
database1/img00005766.webp,0.177714,0.0,0.2382578682389403
database1/img00005768.webp,0.024309,1.0,0.2759992186021491
database1/img00005822.webp,0.022373,0.0,0.198488023503333
database1/img00005851.webp,0.375359,0.0,0.2585182185479633
database1/img00005896.webp,0.063671,0.0,0.267642609394183
database1/img00005910.webp,0.374925,0.0,0.2461147578651808
database1/img00006003.webp,0.020291,1.0,0.2560684918486076
database1/img00006021.webp,0.018409,1.0,0.3770969701095004
database1/img00006047.webp,0.105454,0.0,0.2232998196830066
database1/img00006101.webp,0.326093,0.0,0.2695901266900466
database1/img00006168.webp,0.00248,1.0,0.1988219408390937
database1/img00006196.webp,0.0412,1.0,0.2376035746512426
database1/img00006204.webp,0.331116,1.0,0.2634717772626307
database1/img00006269.webp,0.011789,1.0,0.248996855900513
database1/img00006334.webp,0.003849,1.0,0.2090613569763308
database1/img00006414.webp,0.208227,0.0,0.243935704912594
database1/img00006420.webp,0.026323,1.0,0.2580974425923591
database1/img00006436.webp,0.008945,1.0,0.2739700502825957
database1/img00006571.webp,0.06176,0.0,0.2108252911132597
database1/img00006576.webp,0.028441,1.0,0.2804027091059536
database1/img00006629.webp,0.000814,1.0,0.1922489925986472
database1/img00006690.webp,0.119839,0.0,0.221662786167357
database1/img00006694.webp,0.019638,1.0,0.2267887454715778
database1/img00006722.webp,0.383369,0.0,0.3001849002510092
database1/img00006757.webp,0.169654,1.0,0.3054080918015163
database1/img00007032.webp,0.079705,0.0,0.2396183340949197
database1/img00007152.webp,0.296672,0.0,0.2792583370846008
database1/img00007289.webp,0.004896,1.0,0.2643974651504571
database1/img00007329.webp,0.096683,0.0,0.2389390087501134
database1/img00007335.webp,0.012784,1.0,0.2604368492284348
database1/img00007354.webp,0.047242,0.0,0.212016544237921
database1/img00007383.webp,0.020362,1.0,0.2013176970969377
database1/img00007416.webp,0.105824,1.0,0.2553230875339429
database1/img00007435.webp,0.275659,0.0,0.3255842258498537
database1/img00007452.webp,0.091268,0.0,0.2191207832408632
database1/img00007454.webp,0.052407,1.0,0.2769288165385136
database1/img00007468.webp,0.289625,0.0,0.3173879380138954
database1/img00007470.webp,0.024029,1.0,0.4124875488177748
database1/img00007537.webp,0.023879,0.0,0.2310951949355776
database1/img00007538.webp,0.239526,0.0,0.2449471610882069
database1/img00007592.webp,0.092299,0.0,0.2290732631189369
database1/img00007663.webp,0.000453,1.0,0.2193917770196389
database1/img00007675.webp,0.145663,0.0,0.2164829369400888
database1/img00007764.webp,0.212475,0.0,0.2333027695673366
database1/img00007790.webp,0.273678,0.0,0.2775742592118554
database1/img00007837.webp,0.07434,0.0,0.2194176775400623
database1/img00007851.webp,0.187909,0.0,0.2425504876360167
database1/img00007897.webp,0.021438,1.0,0.2421584478254247
database1/img00007955.webp,0.100119,0.0,0.2249355385783293
database1/img00007965.webp,0.126287,0.0,0.1936624187405647
database1/img00008054.webp,0.125876,0.0,0.2010423396306942
database1/img00008062.webp,0.192134,0.0,0.28485322072566
database1/img00008079.webp,0.010384,1.0,0.2409742132554032
database1/img00008191.webp,0.127108,1.0,0.2795720866265062
database1/img00008233.webp,0.03355,1.0,0.2602166291891732
database1/img00008333.webp,0.123145,0.0,0.22359879022086
database1/img00008350.webp,0.003002,0.0,0.2078802733420713
database1/img00008419.webp,0.136366,0.0,0.2418289545071519
database1/img00008444.webp,0.19563,0.0,0.2335677785693871
database1/img00008485.webp,0.153649,0.0,0.1999293023840002
database1/img00008500.webp,0.243166,1.0,0.2661227138865313
database1/img00008540.webp,0.020411,1.0,0.2469237770088088
database1/img00008619.webp,0.172849,1.0,0.2418200240305955
database1/img00008684.webp,0.116788,1.0,0.3483277677348261
database1/img00008694.webp,0.257404,1.0,0.2937575631785208
database1/img00008702.webp,0.150713,0.0,0.2279898963569244
database1/img00008778.webp,0.047436,1.0,0.2615971169199034
database1/img00008864.webp,0.142253,1.0,0.2399229491562453
database1/img00008929.webp,0.025151,1.0,0.2132875438569917
database1/img00009119.webp,0.134423,0.0,0.2288580794658929
database1/img00009131.webp,0.11769,0.0,0.2172346360817865
database1/img00009180.webp,0.22272,0.0,0.2712435394715594
database1/img00009210.webp,0.133618,1.0,0.2405056898149137
database1/img00009215.webp,0.015083,1.0,0.3733580884631635
database1/img00009309.webp,0.232271,0.0,0.3168158612096372
database1/img00009310.webp,0.032707,1.0,0.2714290447561535
database1/img00009395.webp,0.188981,0.0,0.2076326775937781
database1/img00009397.webp,0.022474,0.0,0.2098508067011245
database1/img00009399.webp,0.009987,1.0,0.2252567328468949
database1/img00009423.webp,0.205953,0.0,0.2361564380471893
database1/img00009521.webp,0.096612,0.0,0.209928260745209
database1/img00009606.webp,0.062144,1.0,0.2349358447331331
database1/img00009643.webp,0.076471,0.0,0.2229938565283454
database1/img00009666.webp,0.249637,0.0,0.2363812301788758
database1/img00009740.webp,0.056754,0.0,0.2298433926042672
database1/img00009804.webp,0.00402,1.0,0.3113010738583007
database1/img00009898.webp,0.123271,0.0,0.2238383078552304
database1/img00009952.webp,0.220282,0.0,0.2570788216802925
database1/img00009963.webp,0.081114,1.0,0.2500744044847059
database1/img00010009.webp,0.161796,0.0,0.2181817240218111
database1/img00010196.webp,0.131846,0.0,0.2208525342378519
database1/img00010250.webp,0.119697,0.0,0.2804954341670906
database1/img00010353.webp,0.145055,0.0,0.2318931519200406
database1/img00010363.webp,0.133258,0.0,0.225010659286224
database1/img00010383.webp,0.010398,1.0,0.1834810542457459
database1/img00010445.webp,0.356323,0.0,0.2427681112782849
database1/img00010509.webp,0.056891,1.0,0.2898169297237746
database1/img00010530.webp,0.091729,0.0,0.2349592594375656
database1/img00010535.webp,0.304853,0.0,0.2918859666170177
database1/img00010537.webp,0.013696,0.0,0.2522305472697757
database1/img00010580.webp,0.154987,1.0,0.2281104322697895
database1/img00010612.webp,0.334599,0.0,0.2560073088338881
database1/img00010629.webp,0.060911,0.0,0.2055037372610847
database1/img00010643.webp,0.114721,1.0,0.2267036997217068
database1/img00010674.webp,0.023709,0.0,0.2251457903842752
database1/img00010757.webp,0.206361,0.0,0.2406433916218325
database1/img00010780.webp,0.013969,0.0,0.2290040765577271
database1/img00010790.webp,0.031334,0.0,0.2115087553241258
database1/img00010806.webp,0.065196,0.0,0.2252867247566331
database1/img00010887.webp,0.081617,0.0,0.2333102492769859
database1/img00010888.webp,0.233141,1.0,0.3024638731730726
database1/img00010982.webp,0.00745,1.0,0.2731139348542126
database1/img00010983.webp,0.20866,0.0,0.2352902408703479
database1/img00011118.webp,0.178597,1.0,0.3454385493902778
database1/img00011128.webp,0.27358,1.0,0.249806286062325
database1/img00011142.webp,0.28074,1.0,0.2760778263792861
database1/img00011296.webp,0.108452,1.0,0.2862664281785465
database1/img00011507.webp,0.092578,0.0,0.2306497113801647
database1/img00011516.webp,0.087323,0.0,0.2255357177838408
database1/img00011597.webp,0.091441,0.0,0.2261016236885931
database1/img00011619.webp,0.253533,0.0,0.2649954013769703
database1/img00011623.webp,0.079619,0.0,0.2127358166886533
database1/img00011711.webp,0.412517,0.0,0.3215074403440916
database1/img00011737.webp,0.360567,0.0,0.2722742071284711
database1/img00011787.webp,0.009168,1.0,0.2340467249798737
database1/img00011827.webp,0.096535,0.0,0.2336270165869307
database1/img00011910.webp,0.153312,0.0,0.2261499602127094
database1/img00011946.webp,0.118833,0.0,0.2306711446689426
database1/img00011981.webp,0.044401,1.0,0.2467955561427568
database1/img00011982.webp,0.064973,1.0,0.2250305142611442
database1/img00012046.webp,0.013245,1.0,0.2536164542626562
database1/img00012050.webp,0.169118,0.0,0.2210402797742267
database1/img00012055.webp,0.118938,0.0,0.2332613068280441
database1/img00012083.webp,0.105677,1.0,0.2358303017830048
database1/img00012173.webp,0.148639,0.0,0.2313672372289767
database1/img00012174.webp,0.13274,0.0,0.2437365680729403
database1/img00012175.webp,0.161502,0.0,0.244551985698842
database1/img00012194.webp,0.057599,0.0,0.2301134913445336
database1/img00012259.webp,0.022948,1.0,0.3314255149642021
database1/img00012293.webp,0.081765,0.0,0.2334037658688386
database1/img00012367.webp,0.265563,0.0,0.2785283924083518
database1/img00012402.webp,0.08769,0.0,0.2316239563724529
database1/img00012413.webp,0.178087,0.0,0.2352724763706416
database1/img00012417.webp,0.047864,1.0,0.2297520144696794
database1/img00012444.webp,0.279593,0.0,0.2541455944222837
database1/img00012509.webp,0.14518,0.0,0.2028442083431523
database1/img00012555.webp,0.159567,0.0,0.2427229717492828
database1/img00012681.webp,0.00788,1.0,0.2268682610113327
database1/img00012805.webp,0.03627,0.0,0.2289537017108279
database1/img00012844.webp,0.027729,1.0,0.2477945045230787
database1/img00012874.webp,0.002528,1.0,0.3258408541798024
database1/img00012883.webp,0.105193,1.0,0.2296051040193004
database1/img00012980.webp,0.021348,1.0,0.2437574235987781
database1/img00013033.webp,0.378744,0.0,0.2837000880322088
database1/img00013074.webp,0.20406,0.0,0.2811559751055781
database1/img00013089.webp,0.0,1.0,0.2080137692073651
database1/img00013099.webp,0.124905,0.0,0.2819119477638819
database1/img00013109.webp,0.255454,0.0,0.3964403146524184
database1/img00013151.webp,0.003784,1.0,0.225510863134319
database1/img00013182.webp,0.112701,0.0,0.2225173184536495
database1/img00013213.webp,0.208104,1.0,0.2868045806603906
database1/img00013311.webp,0.021686,1.0,0.2409922622544021
database1/img00013313.webp,0.096531,0.0,0.2525781314738834
database1/img00013345.webp,0.111239,1.0,0.2441276549366931
database1/img00013392.webp,0.234015,0.0,0.2344244538380368
database1/img00013433.webp,0.013693,1.0,0.2494871922530204
database1/img00013450.webp,0.007936,1.0,0.2297644438362345
database1/img00013515.webp,0.055869,0.0,0.2240914868677782
database1/img00013591.webp,0.097683,0.0,0.2171641394918202
database1/img00013659.webp,0.005492,0.0,0.2373368398180739
database1/img00013777.webp,0.039118,0.0,0.2243196609139612
database1/img00013856.webp,0.08085,0.0,0.2672593991774408
database1/img00013896.webp,0.155239,0.0,0.241017369828084
database1/img00013978.webp,0.216187,1.0,0.2424782229082133
database1/img00014030.webp,0.009111,0.0,0.2653204215691755
database1/img00014146.webp,0.019737,0.0,0.2297108966689195
database1/img00014277.webp,0.009327,1.0,0.2697928017585924
database1/img00014440.webp,0.313716,0.0,0.2770474196658259
database1/img00014506.webp,0.002933,0.0,0.2444002598773663
database1/img00014634.webp,0.124116,1.0,0.2369210119672641
database1/img00014645.webp,0.294956,1.0,0.2686246269974598
database1/img00014657.webp,0.009173,1.0,0.2090232321373863
database1/img00014808.webp,0.222577,0.0,0.2664454554833791
database1/img00014845.webp,0.184098,0.0,0.2410813464575084
database1/img00014912.webp,0.085464,0.0,0.2345114138977851
database1/img00014924.webp,0.071344,1.0,0.2755505090582806
database1/img00015038.webp,0.222266,1.0,0.2678472098023763
database1/img00015081.webp,0.134204,0.0,0.2921150706899024
database1/img00015348.webp,0.225921,0.0,0.2647398614618676
database1/img00015359.webp,0.033386,0.0,0.2243459549273831
database1/img00015476.webp,0.164199,0.0,0.2864399171607448
database1/img00015498.webp,0.128891,0.0,0.2129164717382912
database1/img00015505.webp,0.086803,0.0,0.2273279137209176
database1/img00015509.webp,0.096299,1.0,0.2621310170049539
database1/img00015766.webp,0.128287,0.0,0.2214784319966643
database1/img00015784.webp,0.198335,0.0,0.2495151134098848
database1/img00015947.webp,0.126497,0.0,0.2257611284168182
database1/img00016004.webp,0.076385,0.0,0.230293931132887
database1/img00016096.webp,0.018479,1.0,0.2441131273833465
database1/img00016164.webp,0.009807,1.0,0.2359212459626982
database1/img00016181.webp,0.000908,1.0,0.2188833470438584
database1/img00016288.webp,0.368142,0.0,0.3244085595683915
database1/img00016296.webp,0.233928,0.0,0.2347034465217081
database1/img00016398.webp,0.070727,0.0,0.2260158985280636
database1/img00016442.webp,0.050167,0.0,0.2213595133415508
database1/img00016457.webp,0.145227,1.0,0.2400250081714716
database1/img00016490.webp,0.091022,0.0,0.2051877164278905
database1/img00016497.webp,0.144198,0.0,0.2391267799559925
database1/img00016611.webp,0.10049,0.0,0.2267190778118351
database1/img00016679.webp,0.001846,0.0,0.2635643054895118
database1/img00016886.webp,0.012909,1.0,0.2306043819757017
database1/img00016934.webp,0.076123,1.0,0.2185908050573609
database1/img00016955.webp,0.030027,1.0,0.2738593454597843
database1/img00017135.webp,0.137474,0.0,0.2276500017932634
database1/img00017144.webp,0.291437,0.0,0.2488730108947087
database1/img00017157.webp,0.097188,0.0,0.2240358356574132
database1/img00017237.webp,0.019539,0.0,0.2173092753740351
database1/img00017467.webp,0.193369,0.0,0.2807295708942728
database1/img00017485.webp,0.231654,0.0,0.3187963941171869
database1/img00017623.webp,0.273226,0.0,0.2446427873788167
database1/img00017648.webp,0.013591,1.0,0.2146685498772125
database1/img00017737.webp,0.0127,1.0,0.2455831901804483
database1/img00017893.webp,0.369649,0.0,0.2534917871257386
database1/img00018025.webp,0.125656,0.0,0.2150943767197362
database1/img00018042.webp,0.016056,1.0,0.2324026601296613
database1/img00018045.webp,0.096288,0.0,0.2229966734236615
database1/img00018076.webp,0.184672,1.0,0.2387258637710192
database1/img00018117.webp,0.020611,0.0,0.2422000284028866
database1/img00018133.webp,0.049189,0.0,0.2290701398908078
database1/img00018173.webp,0.28192,0.0,0.2606594861625005
database1/img00018225.webp,0.130293,0.0,0.2102563991868376
database1/img00018284.webp,0.238474,0.0,0.2484612240757865
database1/img00018380.webp,0.182421,0.0,0.2225437556018636
database1/img00018422.webp,0.021826,0.0,0.2378355001374874
database1/img00018465.webp,0.041569,1.0,0.2513891220714729
database1/img00018500.webp,0.147015,0.0,0.2212924223952495
database1/img00018591.webp,0.11045,0.0,0.2504218867034177
database1/img00018619.webp,0.026771,1.0,0.2529252248720392
database1/img00018643.webp,0.14475,0.0,0.2416835816529898
database1/img00018689.webp,0.008002,0.0,0.2493994770114309
database1/img00018779.webp,0.045676,1.0,0.2311994275722675
database1/img00018873.webp,0.099329,0.0,0.217267256032907
database1/img00018963.webp,0.0236,1.0,0.429977453904263
database1/img00019125.webp,0.039224,1.0,0.2610802587082981
database1/img00019151.webp,0.151887,0.0,0.2767424444927562
database1/img00019162.webp,0.357571,0.0,0.2769501489039849
database1/img00019165.webp,0.070241,1.0,0.2709878561588352
database1/img00019172.webp,0.017685,0.0,0.2108741881681446
database1/img00019200.webp,0.017214,1.0,0.2401151261931765
database1/img00019353.webp,0.013152,0.0,0.2185012273776948
database1/img00019360.webp,0.02429,1.0,0.23358054744604
database1/img00019362.webp,0.226958,0.0,0.2376944369026009
database1/img00019406.webp,0.122785,0.0,0.2352211499554595
database1/img00019511.webp,0.00639,1.0,0.2328603141328091
database1/img00019553.webp,0.097165,0.0,0.2247498290757364
database1/img00019616.webp,0.008603,1.0,0.2580963648101509
database1/img00019625.webp,0.044642,1.0,0.2765816019942827
database1/img00019811.webp,0.135181,0.0,0.226237164854506
database1/img00019846.webp,0.085115,0.0,0.2296351546815414
database1/img00019883.webp,0.295134,0.0,0.3003068450474497
database1/img00019956.webp,0.121542,0.0,0.226153165185782
database1/img00020019.webp,0.245216,0.0,0.246213717229898
database1/img00020092.webp,0.229511,0.0,0.2746535591656992
database1/img00020095.webp,0.369647,0.0,0.2788188514924672
database1/img00020106.webp,0.016139,1.0,0.2173918795371651
database1/img00020280.webp,0.093764,0.0,0.2254909704859803
database1/img00020383.webp,0.174486,0.0,0.2349246176578863
database1/img00020425.webp,0.105022,0.0,0.2182852403816587
database1/img00020495.webp,0.101841,0.0,0.2351345533973077
database1/img00020506.webp,0.143822,0.0,0.2356862139712192
database1/img00020690.webp,0.113169,0.0,0.2248748830551442
database1/img00020757.webp,0.123725,0.0,0.2292415882316734
database1/img00020765.webp,0.148549,0.0,0.226482971832397
database1/img00020799.webp,0.406729,0.0,0.3188911415963644
database1/img00020831.webp,0.0,1.0,0.1971260792651932
database1/img00020839.webp,0.164052,0.0,0.2187633423895752
database1/img00020840.webp,0.164657,0.0,0.2391751370179932
database1/img00020876.webp,0.039848,0.0,0.2429594134902513
database1/img00020958.webp,0.18413,1.0,0.2481200749038877
database1/img00021024.webp,0.011248,1.0,0.2583138271678442
database1/img00021028.webp,0.079159,0.0,0.2090281056357519
database1/img00021119.webp,0.231027,0.0,0.203302453693139
database1/img00021174.webp,0.029653,1.0,0.2382827230645177
database1/img00021203.webp,0.100309,1.0,0.3337066212948046
database1/img00021240.webp,0.12352,0.0,0.2347988116028527
database1/img00021256.webp,0.115372,0.0,0.2210059529107597
database1/img00021294.webp,0.230757,0.0,0.2629533013900058
database1/img00021336.webp,0.216002,0.0,0.2369822771801337
database1/img00021374.webp,0.038864,0.0,0.2281053665473513
database1/img00021382.webp,0.023478,1.0,0.357262767860401
database1/img00021398.webp,0.118902,0.0,0.3739362522527371
database1/img00021523.webp,0.125539,0.0,0.2312313412834548
database1/img00021529.webp,0.020743,0.0,0.2316974388739469
database1/img00021585.webp,0.323915,0.0,0.2396400389461351
database1/img00021592.webp,0.053661,1.0,0.2467821286544536
database1/img00021620.webp,0.012103,1.0,0.2610526087488493
database1/img00021622.webp,0.258145,0.0,0.2586595661162233
database1/img00021629.webp,0.347567,0.0,0.2757116590426163
database1/img00021724.webp,0.117861,0.0,0.2338655909096695
database1/img00021737.webp,0.042247,1.0,0.2408655528617026
database1/img00021763.webp,0.319156,0.0,0.3117169226029306
database1/img00021881.webp,0.200485,0.0,0.2217740762801974
database1/img00021891.webp,0.158308,0.0,0.2286425706874944
database1/img00022037.webp,0.280548,0.0,0.2875673022377796
database1/img00022062.webp,0.084716,1.0,0.2139881302528407
database1/img00022089.webp,0.105552,0.0,0.2268342518300404
database1/img00022098.webp,0.019455,1.0,0.2412955576661275
database1/img00022099.webp,0.017022,1.0,0.2634019481142537
database1/img00022106.webp,0.009696,1.0,0.22951662313337
database1/img00022110.webp,0.247685,0.0,0.3021635117192732
database1/img00022174.webp,0.246505,1.0,0.2708871315213712
database1/img00022220.webp,0.197348,0.0,0.3364654968081417
database1/img00022367.webp,0.130304,0.0,0.2420927022254392
database1/img00022458.webp,0.178211,1.0,0.221758223572918
database1/img00022462.webp,0.147091,1.0,0.2534540374561885
database1/img00022521.webp,0.025301,1.0,0.228256338851877
database1/img00022669.webp,0.094607,1.0,0.3928040685007425
database1/img00022715.webp,0.056654,0.0,0.2076179195935723
database1/img00022789.webp,0.207616,0.0,0.3279196446214051
database1/img00022833.webp,0.037262,1.0,0.2474037687398599
database1/img00022848.webp,0.082086,0.0,0.226595787766113
database1/img00022964.webp,0.170935,0.0,0.240914586269356
database1/img00023014.webp,0.001544,1.0,0.3975276008837136
database1/img00023146.webp,0.103648,1.0,0.2603367866368596
database1/img00023176.webp,0.028973,1.0,0.3116039026140173
database1/img00023181.webp,0.102577,0.0,0.2353881948727428
database1/img00023337.webp,0.089515,0.0,0.2158419088631577
database1/img00023439.webp,0.005019,1.0,0.2415064389597953
database1/img00023478.webp,0.105124,0.0,0.2114216575492192
database1/img00023517.webp,0.050744,0.0,0.2360261216582928
database1/img00023568.webp,0.010958,1.0,0.2692458430739308
database1/img00023725.webp,0.203847,0.0,0.235864918202395
database1/img00023876.webp,0.079286,0.0,0.2184233917679053
database1/img00023903.webp,0.124474,0.0,0.1943618068705901
database1/img00024004.webp,0.151347,0.0,0.2440169436474168
database1/img00024033.webp,0.008003,1.0,0.2547655655151307
database1/img00024054.webp,0.158105,0.0,0.2276630322983223
database1/img00024075.webp,0.098827,0.0,0.2371386782194722
database1/img00024097.webp,0.056329,1.0,0.2302976309945639
database1/img00024151.webp,0.223931,0.0,0.2143313777784905
database1/img00024251.webp,0.125194,0.0,0.2263208136678876
database1/img00024286.webp,0.203387,0.0,0.3106565245847883
database1/img00024330.webp,0.039351,0.0,0.2770255189017528
database1/img00024429.webp,0.001011,1.0,0.2097621339757454
database1/img00024472.webp,0.231978,0.0,0.2517893946980372
database1/img00024480.webp,0.229159,0.0,0.245960071824997
database1/img00024496.webp,0.010786,0.0,0.2611729815813043
database1/img00024553.webp,0.040348,1.0,0.2503840762486684
database1/img00024607.webp,0.016616,1.0,0.2451696413459399
database1/img00024687.webp,0.27365,0.0,0.2588731248425648
database1/img00024753.webp,0.192923,0.0,0.2423914307915737
database1/img00024774.webp,0.053221,0.0,0.2252179130110724
database1/img00025064.webp,0.015037,0.0,0.2030171256571604
database1/img00025075.webp,0.298755,0.0,0.269667678925115
database1/img00025133.webp,0.155681,1.0,0.2673509818663445
database1/img00025166.webp,0.014644,0.0,0.2337724022427834
database1/img00025308.webp,0.026547,1.0,0.2421343925086647
database1/img00025347.webp,0.003317,1.0,0.2572437039818538
database1/img00025392.webp,0.084647,0.0,0.2298877422899269
database1/img00025465.webp,0.083236,0.0,0.271296612514979
database1/img00025509.webp,0.003962,0.0,0.2654267734731323
database1/img00025534.webp,0.073372,0.0,0.2403187812994207
database1/img00025566.webp,0.059194,1.0,0.2551229267097077
database1/img00025641.webp,0.045629,1.0,0.2648426220698541
database1/img00025678.webp,0.113275,0.0,0.2317818609445702
database1/img00025969.webp,0.033245,1.0,0.2436834469556862
database1/img00026052.webp,0.217685,0.0,0.2429111618743202
database1/img00026073.webp,0.052874,0.0,0.2183776801272772
database1/img00026088.webp,0.15625,0.0,0.241438597469413
database1/img00026103.webp,0.013345,1.0,0.2703936552056355
database1/img00026169.webp,0.063574,1.0,0.2864576199361909
database1/img00026178.webp,0.317092,0.0,0.2759907706785319
database1/img00026249.webp,0.008453,1.0,0.2641321888868946
database1/img00026281.webp,0.219012,1.0,0.278710318324861
database1/img00026282.webp,0.011198,1.0,0.2596747010735566
database1/img00026305.webp,0.138547,1.0,0.2580001184574002
database1/img00026333.webp,0.154155,0.0,0.2249688612320955
database1/img00026341.webp,0.145098,0.0,0.3655023914009836
database1/img00026380.webp,0.102089,0.0,0.2397662311386805
database1/img00026418.webp,0.030072,1.0,0.2323604589085525
database1/img00026462.webp,0.007743,0.0,0.2339265914436599
database1/img00026473.webp,0.0,1.0,0.2369244595258161
database1/img00026493.webp,0.222605,0.0,0.2320328029091946
database1/img00026505.webp,0.024604,1.0,0.2675482361694833
database1/img00026554.webp,0.005176,1.0,0.2585026883300724
database1/img00026653.webp,0.0,0.0,0.19467899578113
database1/img00026673.webp,0.305916,0.0,0.2460022596535764
database1/img00026714.webp,0.210407,0.0,0.2396226396647009
database1/img00026908.webp,0.046474,0.0,0.2265407277061893
database1/img00027013.webp,0.003769,0.0,0.2173689429416283
database1/img00027032.webp,0.007456,0.0,0.2672978054529862
database1/img00027062.webp,0.046983,1.0,0.2279782833672091
database1/img00027147.webp,0.083316,1.0,0.2662161784492788
database1/img00027201.webp,0.173566,0.0,0.2310807768229206
database1/img00027213.webp,0.102301,0.0,0.2317603673814339
database1/img00027267.webp,0.025949,0.0,0.2250630554825057
database1/img00027278.webp,0.04282,0.0,0.229255865321738
database1/img00027291.webp,0.037481,1.0,0.2586997200263019
database1/img00027300.webp,0.162757,0.0,0.233671210476516
database1/img00027329.webp,0.120534,0.0,0.1887912001578638
database1/img00027355.webp,0.012954,0.0,0.2367406085499018
database1/img00027400.webp,0.093064,1.0,0.4419975375679784
database1/img00027672.webp,0.024684,0.0,0.2218796339474927
database1/img00027691.webp,0.263468,1.0,0.275520157173995
database1/img00027708.webp,0.011879,1.0,0.3081690636253911
database1/img00027826.webp,0.008279,1.0,0.2478133154353425
database1/img00027870.webp,0.156292,0.0,0.2409298212700682
database1/img00027888.webp,0.010368,1.0,0.2566174998072223
database1/img00027943.webp,0.005057,1.0,0.2727959133582394
database1/img00027980.webp,0.1488,0.0,0.2324014775578088
database1/img00028069.webp,0.00506,1.0,0.2659603355786026
database1/img00028087.webp,0.001205,1.0,0.209469050990938
database1/img00028101.webp,0.0173,1.0,0.2337270194737255
database1/img00028174.webp,0.122309,0.0,0.2281650135455221
database1/img00028222.webp,0.107143,0.0,0.224015854363281
database1/img00028224.webp,0.146398,0.0,0.2520806882686721
database1/img00028300.webp,0.012183,0.0,0.2330417572741901
database1/img00028356.webp,0.152613,0.0,0.1984492986075837
database1/img00028517.webp,0.382837,0.0,0.2894631302201657
database1/img00028551.webp,0.203166,0.0,0.3098521656208888
database1/img00028578.webp,0.061325,0.0,0.2188003996174108
database1/img00028581.webp,0.020189,1.0,0.2324470508279905
database1/img00028723.webp,0.12276,0.0,0.2396219775966687
database1/img00028742.webp,0.061928,0.0,0.202529234226863
database1/img00028757.webp,0.031527,1.0,0.2501520368474559
database1/img00028784.webp,0.01652,0.0,0.225699036202096
database1/img00028843.webp,0.045216,1.0,0.2741697127885231
database1/img00028942.webp,0.085705,0.0,0.2046245056043981
database1/img00029059.webp,0.201976,0.0,0.2404127252620437
database1/img00029154.webp,0.027398,0.0,0.3348568183626266
database1/img00029252.webp,0.011317,1.0,0.2610170923968684
database1/img00029315.webp,0.223811,0.0,0.2599014111898803
database1/img00029326.webp,0.073163,0.0,0.2119297231108499
database1/img00029393.webp,0.181547,0.0,0.2321426661123199
database1/img00029479.webp,0.172507,1.0,0.2728695370463903
database1/img00029527.webp,9.6e-05,1.0,0.2091706364771487
database1/img00029586.webp,0.049823,0.0,0.2334614862359436
database1/img00029691.webp,0.030185,1.0,0.270972195414769
database1/img00029706.webp,0.21533,1.0,0.4194345752661652
database1/img00029758.webp,0.113217,0.0,0.2238847603646709
database1/img00029778.webp,0.154551,0.0,0.2868100120943746
database1/img00029960.webp,0.383842,0.0,0.2720402328519188
database2/database2/test/148.webp,0.048036,1.0,0.2317770928498334
database2/database2/test/190.webp,0.086509,1.0,0.3768807240633313
database2/database2/test/216.webp,0.245817,0.0,0.2242608121961424
database2/database2/test/232.webp,0.275174,0.0,0.2469146511170016
database2/database2/test/239.webp,0.175156,0.0,0.2708813196051177
database2/database2/test/266.webp,0.213241,0.0,0.2452695495873518
database2/database2/test/34.webp,0.050154,0.0,0.2193809656909913
database2/database2/test/453.webp,0.089504,1.0,0.1786452146389942
database2/database2/test/472.webp,0.226614,1.0,0.3087967991503921
database2/database2/test/91.webp,0.465517,1.0,0.2575526534154044
database2/database2/train/1009.webp,0.104761,1.0,0.2839388011480251
database2/database2/train/1240.webp,0.146101,0.0,0.2509390927138166
database2/database2/train/1258.webp,0.246853,0.0,0.4561991471903839
database2/database2/train/127.webp,0.075508,0.0,0.2009975595358105
database2/database2/train/1279.webp,0.000502,1.0,0.3757053927755857
database2/database2/train/1311.webp,0.172932,1.0,0.4644768808937272
database2/database2/train/174.webp,0.051776,1.0,0.4517445470667508
database2/database2/train/203.webp,0.050641,1.0,0.254876586441554
database2/database2/train/219.webp,0.142928,0.0,0.2548619208819078
database2/database2/train/233.webp,0.281943,1.0,0.2783560309045599
database2/database2/train/26.webp,0.011878,0.0,0.2224365453230854
database2/database2/train/34.webp,0.095641,0.0,0.2597442841339915
database2/database2/train/433.webp,0.036418,1.0,0.2636471598018202
database2/database2/train/436.webp,0.026337,1.0,0.2358473201244877
database2/database2/train/515.webp,0.012181,1.0,0.2444685304034071
database2/database2/train/547.webp,0.0,1.0,0.1985149212570394
database2/database2/train/613.webp,0.048432,0.0,0.2242847467355549
database2/database2/train/624.webp,0.123039,1.0,0.3875196744587125
database2/database2/train/650.webp,0.113219,0.0,0.2300357625913116
database2/database2/train/766.webp,0.167917,0.0,0.2769371181210852
database2/database2/train/814.webp,0.3,0.0,0.2813950754711239
database2/database2/train/846.webp,0.020085,1.0,0.2551477621387037
database2/database2/train/900.webp,0.417188,1.0,0.2735065179260015
database2/database2/train/928.webp,0.09983,0.0,0.2320359535320121
database2/database2/train/97.webp,0.048559,1.0,0.2634073917956515
database2/database2/train/992.webp,0.32608,0.0,0.2872512894763545
database3/database3/m.0109kg/59-FaceId-0_align.webp,0.264823,0.0,0.2704037282319529
database3/database3/m.010bk0/59-FaceId-0_align.webp,0.021845,1.0,0.3763918620454603
database3/database3/m.010ngb/60-FaceId-0_align.webp,0.012915,1.0,0.2229788143922709
database3/database3/m.010p3/45-FaceId-0_align.webp,0.01465,1.0,0.2765373806280746
database3/database3/m.010p3/69-FaceId-0_align.webp,0.027584,1.0,0.2551049136360274
database3/database3/m.010p3/82-FaceId-0_align.webp,0.013896,1.0,0.2401376720548484
database3/database3/m.010wty2t/83-FaceId-1_align.webp,0.168202,1.0,0.3402976113012277
database3/database3/m.0112yl/20-FaceId-0_align.webp,0.035573,1.0,0.2876208491728449
database3/database3/m.01167d3z/34-FaceId-0_align.webp,0.37993,1.0,0.2972167218790802
database3/database3/m.01167d3z/74-FaceId-0_align.webp,0.319357,1.0,0.2811887344150502
database3/database3/m.011_0k/17-FaceId-0_align.webp,0.022011,1.0,0.2418165283215021
database3/database3/m.011_0k/3-FaceId-0_align.webp,0.017225,1.0,0.2573630961270954
database3/database3/m.011_0k/43-FaceId-0_align.webp,0.025252,1.0,0.2445337268603867
database3/database3/m.011_0k/77-FaceId-0_align.webp,0.126436,1.0,0.3932557130499537
database3/database3/m.011_2h/101-FaceId-0_align.webp,0.183945,0.0,0.2642506268015175
database3/database3/m.011_2h/18-FaceId-0_align.webp,0.139464,0.0,0.3342741477218863
database3/database3/m.011_2h/21-FaceId-0_align.webp,0.028243,0.0,0.2404591479874853
database3/database3/m.011_3d/107-FaceId-0_align.webp,0.091414,1.0,0.2766228468683733
database3/database3/m.011_3d/31-FaceId-0_align.webp,0.156269,1.0,0.2726058658039658
database3/database3/m.011_3d/35-FaceId-0_align.webp,0.154662,1.0,0.3923037680255083
database3/database3/m.011_3s/106-FaceId-0_align.webp,0.132155,0.0,0.2526900071690724
database3/database3/m.011_3s/93-FaceId-0_align.webp,0.255275,0.0,0.2849866276341349
database3/database3/m.011_8/14-FaceId-0_align.webp,0.108434,1.0,0.2437307290960468
database3/database3/m.011_nf/83-FaceId-0_align.webp,0.036792,1.0,0.2487868808069684
database3/database3/m.011_pk/73-FaceId-0_align.webp,0.106935,1.0,0.2870045228040528
database3/database3/m.011_pk/98-FaceId-0_align.webp,0.021278,1.0,0.2070653586419719
database3/database3/m.011_r9/15-FaceId-0_align.webp,0.000453,1.0,0.2293164356594018
database3/database3/m.011_r9/35-FaceId-0_align.webp,0.0,1.0,0.1872702714309891
database3/database3/m.011h_w/16-FaceId-0_align.webp,0.023388,1.0,0.3576311748267108
database3/database3/m.011h_w/57-FaceId-0_align.webp,0.034974,1.0,0.305730772241764
database3/database3/m.011hdn/3-FaceId-0_align.webp,0.144586,1.0,0.3318975819503315
database3/database3/m.011hm1/28-FaceId-0_align.webp,0.045589,0.0,0.2762007636211344
database3/database3/m.011hm1/59-FaceId-0_align.webp,0.308314,0.0,0.2696478969906042
database3/database3/m.011hmd/24-FaceId-0_align.webp,0.029049,1.0,0.3218700295226678
database3/database3/m.011jfg/102-FaceId-0_align.webp,0.016853,0.0,0.2392104063235496
database3/database3/m.011jfg/64-FaceId-0_align.webp,0.014724,0.0,0.2446126553548327
database3/database3/m.011kd9/42-FaceId-0_align.webp,0.092666,1.0,0.0
database3/database3/m.011kd9/48-FaceId-0_align.webp,0.021031,1.0,0.3633465795445256
database3/database3/m.011l17/115-FaceId-0_align.webp,0.008147,1.0,0.2353282488647334
database3/database3/m.011l17/73-FaceId-0_align.webp,0.013848,1.0,0.2585885171555268
database3/database3/m.011l17/78-FaceId-0_align.webp,0.000371,1.0,0.231923258077966
database3/database3/m.011lf5/30-FaceId-0_align.webp,0.003745,1.0,0.2640480406470311
database3/database3/m.011lhy/14-FaceId-0_align.webp,0.06605,1.0,0.2039442155820202
database3/database3/m.011m1y/65-FaceId-0_align.webp,0.010331,1.0,0.3403923399192699
database3/database3/m.011m1y/93-FaceId-0_align.webp,0.010174,1.0,0.2237568650482782
database3/database3/m.011m33/35-FaceId-0_align.webp,0.10764,0.0,0.2152568013568567
database3/database3/m.011m33/96-FaceId-0_align.webp,0.077455,0.0,0.2641807283032615
database3/database3/m.011m33/98-FaceId-0_align.webp,0.093352,0.0,0.3146031977519837
database3/database3/m.011p3/100-FaceId-0_align.webp,0.261068,0.0,0.2962560244203912
database3/database3/m.011p3/38-FaceId-0_align.webp,0.260325,0.0,0.2394923529785019
database3/database3/m.011qm2/8-FaceId-0_align.webp,0.02115,1.0,0.2357530251260795
database3/database3/m.011w1b/4-FaceId-0_align.webp,0.011173,0.0,0.2283903502016258
database3/database3/m.011w1b/5-FaceId-0_align.webp,0.149673,0.0,0.2363396748105155
database3/database3/m.011w1b/65-FaceId-0_align.webp,0.028609,0.0,0.225668760469224
database3/database3/m.011w1b/75-FaceId-0_align.webp,0.102741,0.0,0.2540858217868839
database3/database3/m.011xgp/24-FaceId-0_align.webp,0.060348,1.0,0.2570103386285878
database3/database3/m.011xgp/72-FaceId-0_align.webp,0.024118,1.0,0.3003609817067167
database3/database3/m.011xjd/62-FaceId-0_align.webp,0.025855,1.0,0.2672099588573575
database3/database3/m.011xl3/35-FaceId-0_align.webp,0.101991,1.0,0.2597841480784533
database3/database3/m.011xl3/86-FaceId-0_align.webp,0.095741,1.0,0.3616885967960536
database3/database3/m.011xl3/92-FaceId-0_align.webp,0.15032,1.0,0.2593516202487365
database3/database3/m.011xl3/99-FaceId-0_align.webp,0.04585,1.0,0.2413830719178535
database3/database3/m.011xll/89-FaceId-0_align.webp,0.057752,1.0,0.3304979029433453
database3/database3/m.011ybj/52-FaceId-0_align.webp,0.042728,1.0,0.2451797743558437
database3/database3/m.011ybj/61-FaceId-0_align.webp,0.033422,1.0,0.2254587011637066
database3/database3/m.011yx0/17-FaceId-0_align.webp,0.03676,1.0,0.2501602677729557
database3/database3/m.011yx0/7-FaceId-0_align.webp,0.025923,1.0,0.2351842251562745
database3/database3/m.011z69/22-FaceId-0_align.webp,0.003956,1.0,0.2206035331064611
database3/database3/m.011z69/27-FaceId-0_align.webp,0.057013,1.0,0.2344369899706505
database3/database3/m.011z69/67-FaceId-0_align.webp,0.026898,1.0,0.2398475341768034
database3/database3/m.011zfk/22-FaceId-0_align.webp,0.214757,1.0,0.2198213967106658
database3/database3/m.011zfz/75-FaceId-0_align.webp,0.159958,0.0,0.2440821186049885
database3/database3/m.011zg9/22-FaceId-0_align.webp,0.107141,0.0,0.2137461603979656
database3/database3/m.011zg9/39-FaceId-0_align.webp,0.053582,0.0,0.2276606749151753
database3/database3/m.011zgs/52-FaceId-0_align.webp,0.127677,0.0,0.4166665266705389
database3/database3/m.011zkh/84-FaceId-0_align.webp,0.008351,1.0,0.2367152303174072
database3/database3/m.011zwl/37-FaceId-0_align.webp,0.073722,1.0,0.2370002481268674
database3/database3/m.01200d/24-FaceId-0_align.webp,0.036817,1.0,0.2160355049364462
database3/database3/m.01200d/80-FaceId-0_align.webp,0.017066,1.0,0.2193346425427819
database3/database3/m.012052/1-FaceId-0_align.webp,0.109494,1.0,0.2346060597484261
database3/database3/m.012052/30-FaceId-0_align.webp,0.193814,1.0,0.4375388638217474
database3/database3/m.012052/63-FaceId-0_align.webp,0.135953,1.0,0.280498026981681
database3/database3/m.0122lq/12-FaceId-0_align.webp,0.034174,1.0,0.2117111563119296
database3/database3/m.0122lq/62-FaceId-0_align.webp,0.002899,1.0,0.3137130837347306
database3/database3/m.0122lq/73-FaceId-0_align.webp,0.026793,1.0,0.2223419571527689
database3/database3/m.0122m5/94-FaceId-0_align.webp,0.003731,1.0,0.3335730229036501
database3/database3/m.01233w/1-FaceId-0_align.webp,0.049894,1.0,0.2207406192589325
database3/database3/m.01233w/25-FaceId-0_align.webp,0.043404,1.0,0.2655912767062817
database3/database3/m.01239/57-FaceId-0_align.webp,0.01656,1.0,0.2704550839408027
database3/database3/m.01239/68-FaceId-0_align.webp,0.012855,1.0,0.2452250765487068
database3/database3/m.0123x2/101-FaceId-0_align.webp,0.244668,1.0,0.2968716025521504
database3/database3/m.01241v/54-FaceId-0_align.webp,0.010871,1.0,0.2073656491196765
database3/database3/m.0124t/70-FaceId-0_align.webp,0.066352,0.0,0.3447459736557005
database3/database3/m.01257s/41-FaceId-1_align.webp,0.025408,1.0,0.2492887847038931
database3/database3/m.0126rp/46-FaceId-0_align.webp,0.064149,1.0,0.2197727115172245
database3/database3/m.0126rp/48-FaceId-0_align.webp,0.020111,1.0,0.2299241038579199
database3/database3/m.0126y2/49-FaceId-0_align.webp,0.042913,1.0,0.2441660732926253
database3/database3/m.0126y2/81-FaceId-0_align.webp,0.011658,1.0,0.3743262033180896
database3/database3/m.0126y2/92-FaceId-0_align.webp,0.2594,1.0,0.315185158106038
database3/database3/m.01270s/15-FaceId-0_align.webp,0.00523,1.0,0.2060845599488295
database3/database3/m.01270s/43-FaceId-0_align.webp,0.024273,1.0,0.2416692106144227
database3/database3/m.01271_/40-FaceId-0_align.webp,0.046844,0.0,0.2367781399191271
database3/database3/m.01271_/42-FaceId-0_align.webp,0.082785,0.0,0.3033076991083773
database3/database3/m.01271_/92-FaceId-0_align.webp,0.131196,0.0,0.2343526328508647
database3/database3/m.0127fx/6-FaceId-0_align.webp,0.010653,1.0,0.2372936178520592
database3/database3/m.0127gn/12-FaceId-0_align.webp,0.02417,1.0,0.2164900740082528
database3/database3/m.0127tk/114-FaceId-0_align.webp,0.088119,1.0,0.2208441444026341
database3/database3/m.0127tk/121-FaceId-0_align.webp,0.110272,1.0,0.2520398635364452
database3/database3/m.0127tk/32-FaceId-0_align.webp,0.044592,1.0,0.2340311224731674
database3/database3/m.0127tk/61-FaceId-0_align.webp,0.157887,1.0,0.2603134870708716
database3/database3/m.0127tk/75-FaceId-0_align.webp,0.118857,1.0,0.2524382395589368
database3/database3/m.0127tk/83-FaceId-0_align.webp,0.180049,1.0,0.2304878755926767
database3/database3/m.0127zt/62-FaceId-0_align.webp,0.099007,0.0,0.2369668935399324
database3/database3/m.012801/76-FaceId-0_align.webp,0.060329,1.0,0.2306254928556582
database3/database3/m.012981/36-FaceId-0_align.webp,0.038673,1.0,0.2327347098039155
database3/database3/m.012_53/112-FaceId-0_align.webp,0.081654,0.0,0.21692024894115
database3/database3/m.012_53/73-FaceId-0_align.webp,0.056783,0.0,0.2229071284439235
database3/database3/m.012_jj/10-FaceId-0_align.webp,0.005143,1.0,0.2285033524461204
database3/database3/m.012_jj/103-FaceId-0_align.webp,0.04174,1.0,0.194729666656395
database3/database3/m.012_jj/83-FaceId-0_align.webp,0.123978,1.0,0.2268912987476216
database3/database3/m.012c6j/57-FaceId-0_align.webp,0.0,1.0,0.1739229097483826
database3/database3/m.012c6x/43-FaceId-0_align.webp,0.000386,1.0,0.2848858173653698
database3/database3/m.012c8f/13-FaceId-0_align.webp,0.010098,1.0,0.2539275550071542
database3/database3/m.012c8f/85-FaceId-0_align.webp,0.121074,1.0,0.4066505161745937
database3/database3/m.012ck8/1-FaceId-0_align.webp,0.250793,0.0,0.3364163003114929
database3/database3/m.012cm5/19-FaceId-0_align.webp,0.050828,1.0,0.2571813754126362
database3/database3/m.012cm5/75-FaceId-0_align.webp,0.032775,1.0,0.1777964763069308
database3/database3/m.012cm5/90-FaceId-0_align.webp,0.082057,1.0,0.2814984861485404
database3/database3/m.012cnn/11-FaceId-0_align.webp,0.107545,0.0,0.2389915136789253
database3/database3/m.012cph/108-FaceId-0_align.webp,0.01551,1.0,0.2289607140006957
database3/database3/m.012cph/17-FaceId-0_align.webp,0.005549,1.0,0.2891234299442608
database3/database3/m.012cph/68-FaceId-0_align.webp,0.017584,1.0,0.297661143571115
database3/database3/m.012cyp/33-FaceId-0_align.webp,0.012748,0.0,0.2196265817487669
database3/database3/m.012cyp/43-FaceId-0_align.webp,0.207358,0.0,0.2303514107771267
database3/database3/m.012cyp/7-FaceId-0_align.webp,0.030272,0.0,0.2114596845710021
database3/database3/m.012czd/35-FaceId-0_align.webp,0.035058,0.0,0.2072271559691876
database3/database3/m.012czd/90-FaceId-0_align.webp,0.001711,0.0,0.2442658633513794
database3/database3/m.012dtw/86-FaceId-0_align.webp,0.075626,1.0,0.3018558826043958
database3/database3/m.012fgx/58-FaceId-0_align.webp,0.039289,1.0,0.2211264615328358
database3/database3/m.012g8l/75-FaceId-0_align.webp,0.015517,1.0,0.2717910539778745
database3/database3/m.012gbb/1-FaceId-0_align.webp,0.057132,0.0,0.255237932504367
database3/database3/m.012gbb/104-FaceId-0_align.webp,0.023381,0.0,0.2205344546076625
database3/database3/m.012gbb/86-FaceId-0_align.webp,0.070682,0.0,0.2628141610655189
database3/database3/m.012gdw/54-FaceId-0_align.webp,0.06697,1.0,0.2250337922697867
database3/database3/m.012gl8/17-FaceId-0_align.webp,0.06567,0.0,0.2331773393245454
database3/database3/m.012gl8/38-FaceId-0_align.webp,0.063039,0.0,0.2309695007313158
database3/database3/m.012gq6/33-FaceId-0_align.webp,0.016946,1.0,0.2151501191226071
database3/database3/m.012gr9/29-FaceId-0_align.webp,0.156273,0.0,0.286978721614161
database3/database3/m.012gx2/64-FaceId-0_align.webp,0.000577,1.0,0.2289882828038602
database3/database3/m.012gx2/77-FaceId-0_align.webp,0.126437,1.0,0.2799094470766691
database3/database3/m.012gx2/8-FaceId-0_align.webp,0.019361,1.0,0.202025191214214
database3/database3/m.012gx2/99-FaceId-0_align.webp,0.025003,1.0,0.2702768665410587
database3/database3/m.012h65/109-FaceId-0_align.webp,0.210562,1.0,0.4486490342730236
database3/database3/m.012hqb/33-FaceId-0_align.webp,0.004406,1.0,0.2753853954765166
database3/database3/m.012hr4/21-FaceId-0_align.webp,0.126033,1.0,0.2369339648871125
database3/database3/m.012hr4/67-FaceId-0_align.webp,0.183915,1.0,0.2402863335123592
database3/database3/m.012hr4/74-FaceId-0_align.webp,0.037244,1.0,0.2424632499489167
database3/database3/m.012hsb/101-FaceId-0_align.webp,0.192286,1.0,0.2463935069740034
database3/database3/m.012hsb/74-FaceId-0_align.webp,0.057902,1.0,0.2523536059352218
database3/database3/m.012hz4/77-FaceId-0_align.webp,0.118119,0.0,0.2969804438143302
database3/database3/m.012j2r/108-FaceId-0_align.webp,0.027644,1.0,0.2115020145853324
database3/database3/m.012j2r/38-FaceId-0_align.webp,0.010758,1.0,0.2407004332122197
database3/database3/m.012j2r/9-FaceId-0_align.webp,0.029992,1.0,0.2139941740204293
database3/database3/m.012kdb/7-FaceId-0_align.webp,0.154185,0.0,0.2405533955873084
database3/database3/m.012kk4/31-FaceId-1_align.webp,0.026924,1.0,0.2630450250134209
database3/database3/m.012l22/20-FaceId-0_align.webp,0.182682,1.0,0.4175003112983252
database3/database3/m.012l22/56-FaceId-0_align.webp,0.079127,1.0,0.3702773894133123
database3/database3/m.012lyg/82-FaceId-0_align.webp,0.015571,1.0,0.2141265807282805
database3/database3/m.012m1c/109-FaceId-0_align.webp,0.052592,0.0,0.2180854752926661
database3/database3/m.012m1c/113-FaceId-0_align.webp,0.018979,0.0,0.2237405171659698
database3/database3/m.012m1c/56-FaceId-0_align.webp,0.076711,0.0,0.1866679615259542
database3/database3/m.012m7r/99-FaceId-0_align.webp,0.002972,1.0,0.3650478572911534
database3/database3/m.012mh_/3-FaceId-0_align.webp,0.065168,1.0,0.228802940570977
database3/database3/m.012mh_/6-FaceId-0_align.webp,0.002681,1.0,0.2189024906216142
database3/database3/m.012mk7/90-FaceId-0_align.webp,0.032433,1.0,0.211416838889171
database3/database3/m.012ml0/96-FaceId-0_align.webp,0.031451,1.0,0.2154697218253772
database3/database3/m.012mmb/47-FaceId-0_align.webp,0.146313,0.0,0.2828216699769003
database3/database3/m.012mn4/43-FaceId-0_align.webp,0.005783,1.0,0.2538231252012124
database3/database3/m.012nry/108-FaceId-0_align.webp,0.006878,1.0,0.1961154891783913
database3/database3/m.012nry/28-FaceId-0_align.webp,0.006764,1.0,0.3169954347091003
database3/database3/m.012nry/3-FaceId-0_align.webp,0.008173,1.0,0.2367636573567684
database3/database3/m.012nry/57-FaceId-0_align.webp,0.00436,1.0,0.2594061846442351
database3/database3/m.012pjh/2-FaceId-0_align.webp,0.0,1.0,0.2531163076721344
database3/database3/m.012q4n/50-FaceId-0_align.webp,0.004622,1.0,0.4128869212572114
database3/database3/m.012qfw/20-FaceId-1_align.webp,0.162552,0.0,0.2091182477233679
database3/database3/m.012qfw/41-FaceId-0_align.webp,0.211858,0.0,0.2101260710382935
database3/database3/m.012qgc/82-FaceId-0_align.webp,0.002042,1.0,0.2568053462774789
database3/database3/m.012rng/35-FaceId-0_align.webp,0.036379,1.0,0.3209075612892146
database3/database3/m.012rng/47-FaceId-0_align.webp,0.022161,1.0,0.5590725537730281
database3/database3/m.012rng/48-FaceId-0_align.webp,0.01786,1.0,0.2377854809204678
database3/database3/m.012rth/93-FaceId-0_align.webp,0.046323,1.0,0.4855552459258488
database3/database3/m.012s1x/11-FaceId-0_align.webp,0.049377,1.0,0.2452847566135683
database3/database3/m.012s5j/122-FaceId-0_align.webp,0.205872,0.0,0.2748276820188566
database3/database3/m.012s9f/0-FaceId-0_align.webp,0.000412,1.0,0.2203786303843647
database3/database3/m.012st7/14-FaceId-0_align.webp,0.003821,1.0,0.3508125493577766
database3/database3/m.012t1d/17-FaceId-0_align.webp,0.167599,1.0,0.2376794962319002
database3/database3/m.012t1d/37-FaceId-0_align.webp,0.016467,1.0,0.2372764702889882
database3/database3/m.012t1d/80-FaceId-0_align.webp,0.014504,1.0,0.3025516973135308
database3/database3/m.012t3l/22-FaceId-0_align.webp,0.012766,1.0,0.0
database3/database3/m.012t7s/3-FaceId-0_align.webp,0.014581,1.0,0.2314120157743612
database3/database3/m.012tmz/123-FaceId-0_align.webp,0.001629,1.0,0.2342491813429984
database3/database3/m.012v1t/29-FaceId-0_align.webp,0.118114,0.0,0.2223219944150349
database3/database3/m.012v1t/67-FaceId-0_align.webp,0.072956,0.0,0.2159867422401087
database3/database3/m.012v1t/93-FaceId-0_align.webp,0.033657,0.0,0.2237136663558693
database3/database3/m.012vby/3-FaceId-0_align.webp,0.002151,1.0,0.2794549320679568
database3/database3/m.012vby/36-FaceId-0_align.webp,0.0,1.0,0.392542327448792
database3/database3/m.012vd6/49-FaceId-0_align.webp,0.124288,0.0,0.2679627453843156
database3/database3/m.012vd6/5-FaceId-0_align.webp,0.104381,0.0,0.2382093399833107
database3/database3/m.012vd6/75-FaceId-1_align.webp,0.054381,0.0,0.3058151610360215
database3/database3/m.012vf6/90-FaceId-0_align.webp,0.069167,0.0,0.2677301368366987
database3/database3/m.012vhn/10-FaceId-0_align.webp,0.009813,1.0,0.2209821882302142
database3/database3/m.012vhn/4-FaceId-0_align.webp,0.005793,1.0,0.1582760453090795
database3/database3/m.012vq0/30-FaceId-0_align.webp,0.028246,1.0,0.2298069546102249
database3/database3/m.012vq0/67-FaceId-0_align.webp,0.017872,1.0,0.2493803612814131
database3/database3/m.012vqh/80-FaceId-0_align.webp,0.078239,0.0,0.2934466115082706
database3/database3/m.012w05/52-FaceId-0_align.webp,0.000408,1.0,0.2514484292636295
database3/database3/m.012w3k/19-FaceId-0_align.webp,0.109411,1.0,0.3206089839664225
database3/database3/m.012w3k/33-FaceId-0_align.webp,0.07009,1.0,0.2415867367226157
database3/database3/m.012w3k/4-FaceId-0_align.webp,0.071086,1.0,0.2612044396301451
database3/database3/m.012wfh/73-FaceId-0_align.webp,0.055456,0.0,0.3543811660751799
database3/database3/m.012wfh/77-FaceId-0_align.webp,0.055,0.0,0.2429052500357556
database3/database3/m.012wgv/56-FaceId-0_align.webp,0.072911,1.0,0.2547412979294041
database3/database3/m.012x2b/18-FaceId-0_align.webp,0.0,1.0,0.2650626621734706
database3/database3/m.012x2b/46-FaceId-0_align.webp,0.039092,1.0,0.2582191897019396
database3/database3/m.012x2b/54-FaceId-0_align.webp,0.049838,1.0,0.2223594111488879
database3/database3/m.012x2b/72-FaceId-0_align.webp,0.008788,1.0,0.2216791444723233
database3/database3/m.012x5/81-FaceId-0_align.webp,0.058123,0.0,0.2499547877335635
database3/database3/m.012xdy/81-FaceId-0_align.webp,0.012382,1.0,0.2684596879100742
database3/database3/m.012xls/57-FaceId-0_align.webp,0.114584,1.0,0.6059286129834784
database3/database3/m.012xls/70-FaceId-0_align.webp,0.126797,1.0,0.2111723000263372
database3/database3/m.012xls/74-FaceId-0_align.webp,0.018384,1.0,0.4908670066633698
database3/database3/m.012y1h/86-FaceId-0_align.webp,0.123838,1.0,0.2658412786337377
database3/database3/m.012ycy/16-FaceId-0_align.webp,0.002336,1.0,0.2707245267031308
database3/database3/m.012ycy/21-FaceId-0_align.webp,0.164069,1.0,0.2482787605668305
database3/database3/m.012ycy/73-FaceId-0_align.webp,0.017165,1.0,0.2710932095003264
database3/database3/m.012ycy/99-FaceId-0_align.webp,0.136797,1.0,0.1700073334706167
database3/database3/m.012yg1/19-FaceId-0_align.webp,0.003406,1.0,0.3605124308593587
database3/database3/m.012yg1/21-FaceId-0_align.webp,0.007301,1.0,0.2779407208117275
database3/database3/m.012yg1/66-FaceId-0_align.webp,0.007466,1.0,0.3113529547045864
database3/database3/m.012yhd/22-FaceId-0_align.webp,0.043044,1.0,0.2851818698771494
database3/database3/m.012yhd/41-FaceId-0_align.webp,0.014599,1.0,0.2738464365903187
database3/database3/m.012yhd/87-FaceId-0_align.webp,0.016417,1.0,0.2843104080589796
database3/database3/m.012ysy/40-FaceId-0_align.webp,0.005784,1.0,0.2513298856423996
database3/database3/m.012yxk/51-FaceId-0_align.webp,0.111796,1.0,0.2970557250194495
database3/database3/m.012z8_/39-FaceId-0_align.webp,0.076699,1.0,0.2267023066113173
database3/database3/m.012zrl/119-FaceId-0_align.webp,0.19435,0.0,0.1966790066551466
database3/database3/m.012zrl/22-FaceId-0_align.webp,0.184216,0.0,0.2395865713069929
database3/database3/m.012zrl/34-FaceId-0_align.webp,0.221002,0.0,0.299054555415319
database3/database3/m.01300z/111-FaceId-0_align.webp,0.011168,1.0,0.2297869862606045
database3/database3/m.01300z/46-FaceId-0_align.webp,0.004916,1.0,0.2433122165000741
database3/database3/m.01306d/26-FaceId-0_align.webp,0.043181,1.0,0.2644429488412041
database3/database3/m.0130py/108-FaceId-0_align.webp,0.041408,1.0,0.3634098216829676
database3/database3/m.0130py/9-FaceId-0_align.webp,0.045214,1.0,0.2328815695364092
database3/database3/m.0130sy/65-FaceId-0_align.webp,0.067207,1.0,0.1337253213295322
database3/database3/m.013107/34-FaceId-0_align.webp,0.131929,0.0,0.2367578091029248
database3/database3/m.0131kb/28-FaceId-0_align.webp,0.0,1.0,0.1768157437987487
database3/database3/m.0131kb/47-FaceId-0_align.webp,0.0,1.0,0.2370928080079465
database3/database3/m.0131kb/76-FaceId-0_align.webp,0.081559,1.0,0.3617934402364799
database3/database3/m.013267/23-FaceId-0_align.webp,0.049038,1.0,0.2572515905630478
database3/database3/m.0132k4/103-FaceId-0_align.webp,0.076004,1.0,0.2913014823475246
database3/database3/m.0132k4/97-FaceId-0_align.webp,0.101202,1.0,0.2683527280712936
database3/database3/m.0132kn/100-FaceId-0_align.webp,0.045478,1.0,0.2541694544112889
database3/database3/m.0132q1/29-FaceId-0_align.webp,0.017581,0.0,0.238658749462205
database3/database3/m.013339/106-FaceId-0_align.webp,0.058305,1.0,0.227877360981287
database3/database3/m.013339/23-FaceId-0_align.webp,0.255508,1.0,0.2933840220472292
database3/database3/m.013339/80-FaceId-0_align.webp,0.066481,1.0,0.2939858339950355
database3/database3/m.01338h/81-FaceId-0_align.webp,0.088482,0.0,0.2188603227635759
database3/database3/m.0133c4/15-FaceId-0_align.webp,0.207364,1.0,0.2301594961259864
database3/database3/m.0133x7/100-FaceId-0_align.webp,0.144974,0.0,0.2323582279975952
database3/database3/m.0133yt/45-FaceId-0_align.webp,0.102482,1.0,0.3120139014855106
database3/database3/m.01341q/51-FaceId-0_align.webp,0.043853,1.0,0.3579999602546273
database3/database3/m.013423/105-FaceId-0_align.webp,0.016474,0.0,0.3632098516401941
database3/database3/m.013423/43-FaceId-0_align.webp,0.10846,0.0,0.2250566201469673
database3/database3/m.0134cp/27-FaceId-0_align.webp,0.030912,1.0,0.2668148309181413
database3/database3/m.0134cp/34-FaceId-1_align.webp,0.031754,1.0,0.2612270871331409
database3/database3/m.0134cp/53-FaceId-0_align.webp,0.019724,1.0,0.2453285472256635
database3/database3/m.0134dc/38-FaceId-0_align.webp,0.000768,1.0,0.2817170233923208
database3/database3/m.0134dc/73-FaceId-0_align.webp,0.003398,1.0,0.3807775946430844
database3/database3/m.0134fr/66-FaceId-0_align.webp,0.01299,1.0,0.2523201598951714
database3/database3/m.0134fr/82-FaceId-0_align.webp,0.004786,1.0,0.2746840119191316
database3/database3/m.0134wr/11-FaceId-2_align.webp,0.000566,1.0,0.2528234417776328
database3/database3/m.0134wr/30-FaceId-2_align.webp,0.080915,1.0,0.2298303955333485
database3/database3/m.0134wr/52-FaceId-2_align.webp,0.028557,1.0,0.1451925591984757
database3/database3/m.0134wr/65-FaceId-1_align.webp,0.001253,1.0,0.2138923251340141
database3/database3/m.0134wr/69-FaceId-2_align.webp,0.064238,1.0,0.2323599538753358
database3/database3/m.0134wr/89-FaceId-1_align.webp,0.188914,1.0,0.2063625821249152
database3/database3/m.0135nb/89-FaceId-0_align.webp,0.051256,1.0,0.2494001785584782
database3/database3/m.01368v/100-FaceId-0_align.webp,0.078994,0.0,0.2295883866561159
database3/database3/m.01368v/58-FaceId-0_align.webp,0.186435,0.0,0.2302919719960328
database3/database3/m.01368v/59-FaceId-1_align.webp,0.101878,0.0,0.2149057446255312
database3/database3/m.0136ms/38-FaceId-0_align.webp,0.015722,1.0,0.2356395022054948
database3/database3/m.0136p1/103-FaceId-0_align.webp,0.341015,0.0,0.3018755815219229
database3/database3/m.0136p1/13-FaceId-0_align.webp,0.259257,0.0,0.2562415915287874
database3/database3/m.0136p1/66-FaceId-0_align.webp,0.075301,0.0,0.2290222289111507
database3/database3/m.0136pk/68-FaceId-0_align.webp,0.195786,1.0,0.280239018144345
database3/database3/m.0136pk/87-FaceId-0_align.webp,0.172482,1.0,0.2580149300736662
database3/database3/m.0136tm/24-FaceId-0_align.webp,0.011359,1.0,0.2394810460449355
database3/database3/m.0137s4/92-FaceId-0_align.webp,0.014219,1.0,0.546718879089805
database3/database3/m.01380_/30-FaceId-0_align.webp,0.062935,1.0,0.3417906081013359
database3/database3/m.01380_/84-FaceId-0_align.webp,0.019541,1.0,0.2567252412722838
database3/database3/m.013823/15-FaceId-0_align.webp,0.004502,1.0,0.2058729655336055
database3/database3/m.013823/5-FaceId-0_align.webp,0.029677,1.0,0.2015837002864083
database3/database3/m.013846/35-FaceId-0_align.webp,0.005272,1.0,0.254579760888061
database3/database3/m.013846/71-FaceId-0_align.webp,0.036782,1.0,0.2449120891113966
database3/database3/m.01386_/97-FaceId-0_align.webp,0.01382,1.0,0.2228555728182965
database3/database3/m.01386m/93-FaceId-0_align.webp,0.049853,1.0,0.262491190092076
database3/database3/m.01387g/36-FaceId-0_align.webp,0.020561,1.0,0.2386981317396982
database3/database3/m.01387g/90-FaceId-0_align.webp,0.00159,1.0,0.2142926142340281
database3/database3/m.01387y/2-FaceId-0_align.webp,0.062856,1.0,0.2622035647735289
database3/database3/m.01387y/32-FaceId-0_align.webp,0.048091,1.0,0.2708693170355868
database3/database3/m.01387y/46-FaceId-0_align.webp,0.0006,1.0,0.2212423255706428
database3/database3/m.01388c/29-FaceId-0_align.webp,0.136546,1.0,0.2635642171162404
database3/database3/m.01388c/82-FaceId-0_align.webp,0.007483,1.0,0.2622299877202076
database3/database3/m.01388c/92-FaceId-0_align.webp,0.007604,1.0,0.2346763554074983
database3/database3/m.01389w/75-FaceId-1_align.webp,0.011085,1.0,0.2128233581983414
database3/database3/m.01389w/76-FaceId-0_align.webp,0.018887,1.0,0.2361891719413799
database3/database3/m.0138b7/49-FaceId-0_align.webp,0.173256,1.0,0.2288797541267682
database3/database3/m.0138b7/63-FaceId-0_align.webp,0.091583,1.0,0.3409724681470673
database3/database3/m.0138m1/11-FaceId-0_align.webp,0.033355,1.0,0.2664506732621446
database3/database3/m.0138m1/60-FaceId-0_align.webp,0.027664,1.0,0.2170611430050048
database3/database3/m.0139rh/103-FaceId-0_align.webp,0.008771,1.0,0.2187587146243321
database3/database3/m.0139rh/5-FaceId-0_align.webp,0.009412,1.0,0.2044817061112691
database3/database3/m.013_4m/89-FaceId-0_align.webp,0.106225,1.0,0.2080029356577264
database3/database3/m.013_gz/96-FaceId-0_align.webp,0.14677,0.0,0.2395604508558156
database3/database3/m.013_tp/47-FaceId-0_align.webp,0.000171,1.0,0.2841596236879421
database3/database3/m.013b7z/45-FaceId-0_align.webp,0.025843,1.0,0.2500730787646972
database3/database3/m.013bym/61-FaceId-0_align.webp,0.110889,0.0,0.2339853268331324
database3/database3/m.013bym/65-FaceId-0_align.webp,0.249006,0.0,0.21809523636677
database3/database3/m.013bym/66-FaceId-0_align.webp,0.288548,0.0,0.2630315321545439
database3/database3/m.013bym/71-FaceId-0_align.webp,0.115164,0.0,0.2285519927262712
database3/database3/m.013m5y/73-FaceId-0_align.webp,0.0,1.0,0.3113571833877028
database3/database3/m.013p_0/60-FaceId-0_align.webp,0.015459,1.0,0.3476835353979119
database3/database3/m.013p_j/3-FaceId-0_align.webp,0.046784,1.0,0.2493766106320323
database3/database3/m.013p_j/43-FaceId-0_align.webp,0.026287,1.0,0.2400300942625696
database3/database3/m.013p_w/1-FaceId-0_align.webp,0.045903,0.0,0.2394121471399
database3/database3/m.013p_w/90-FaceId-1_align.webp,0.028906,0.0,0.2300458794005062
database3/database3/m.013pp3/83-FaceId-0_align.webp,0.052247,1.0,0.2927861461480305
database3/database3/m.013ppl/76-FaceId-0_align.webp,0.018885,1.0,0.2325617940126705
database3/database3/m.013q78/86-FaceId-0_align.webp,0.03,1.0,0.2480122885351737
database3/database3/m.013q8x/26-FaceId-0_align.webp,0.110943,1.0,0.3302308197449061
database3/database3/m.013q8x/42-FaceId-0_align.webp,0.056383,1.0,0.2297379367047003
database3/database3/m.013q8x/99-FaceId-0_align.webp,0.005069,1.0,0.2507806460174511
database3/database3/m.013qb0/82-FaceId-0_align.webp,0.080376,1.0,0.26929035205427
database3/database3/m.013qb0/94-FaceId-0_align.webp,0.14541,1.0,0.2493198779593706
database3/database3/m.013qjp/42-FaceId-0_align.webp,0.027503,1.0,0.2346858078072166
database3/database3/m.013qjp/83-FaceId-0_align.webp,0.014,1.0,0.2515110518515729
database3/database3/m.013qpt/31-FaceId-0_align.webp,0.020067,1.0,0.2317173514801413
database3/database3/m.013qq4/70-FaceId-0_align.webp,0.020855,1.0,0.2300830193315278
database3/database3/m.013qwl/61-FaceId-0_align.webp,0.006336,1.0,0.23415783640338
database3/database3/m.013qwy/18-FaceId-0_align.webp,0.050242,1.0,0.2337710600065647
database3/database3/m.013qy3/30-FaceId-0_align.webp,0.004735,1.0,0.3427085807837349
database3/database3/m.013qy3/92-FaceId-0_align.webp,0.026678,1.0,0.2358518127656099
database3/database3/m.013qyh/56-FaceId-1_align.webp,0.057576,1.0,0.4947809282522123
database3/database3/m.013r6h/27-FaceId-0_align.webp,0.054123,1.0,0.1928095467314073
database3/database3/m.013r6h/46-FaceId-0_align.webp,0.123792,1.0,0.4409590048146669
database3/database3/m.013s1b/47-FaceId-0_align.webp,0.148289,1.0,0.3257606185685253
database3/database3/m.013s1t/21-FaceId-0_align.webp,0.005317,1.0,0.2497237108467244
database3/database3/m.013s3/75-FaceId-0_align.webp,0.061568,1.0,0.3528827465037604
database3/database3/m.013s6x/6-FaceId-0_align.webp,0.031839,1.0,0.2372962372431401
database3/database3/m.013s8s/33-FaceId-0_align.webp,0.074629,0.0,0.2172707273566693
database3/database3/m.013sjh/7-FaceId-0_align.webp,0.189385,1.0,0.2925318953071176
database3/database3/m.013t9y/12-FaceId-0_align.webp,0.013435,1.0,0.3169200165060442
database3/database3/m.013tjc/54-FaceId-0_align.webp,0.0,1.0,0.2901160508326919
database3/database3/m.013tjc/56-FaceId-0_align.webp,0.015964,1.0,0.2382881881401804
database3/database3/m.013v12/3-FaceId-0_align.webp,0.018587,1.0,0.2384128406516371
database3/database3/m.013v12/7-FaceId-0_align.webp,0.019979,1.0,0.2418092984707832
database3/database3/m.013v5j/57-FaceId-0_align.webp,0.119854,0.0,0.2170671352507197
database3/database3/m.013vdl/109-FaceId-0_align.webp,0.167747,0.0,0.2003066023918331
database3/database3/m.013vdl/32-FaceId-0_align.webp,0.021263,0.0,0.2208462044646839
database3/database3/m.013vtr/20-FaceId-0_align.webp,0.015954,1.0,0.2438319800084008
database3/database3/m.013w7j/20-FaceId-0_align.webp,0.009375,1.0,0.3351388524271104
database3/database3/m.013w7j/32-FaceId-0_align.webp,0.001151,1.0,0.2551860065826595
database3/database3/m.013w7j/64-FaceId-0_align.webp,0.008592,1.0,0.3619718441356951
database3/database3/m.013w8h/4-FaceId-0_align.webp,0.094597,1.0,0.229746217840973
database3/database3/m.013wt0/40-FaceId-1_align.webp,0.123008,0.0,0.247840745848388
database3/database3/m.013wz9/26-FaceId-0_align.webp,0.18678,0.0,0.2488036204106554
database3/database3/m.013wz9/73-FaceId-0_align.webp,0.219059,0.0,0.2630385977535359
database3/database3/m.013xhr/100-FaceId-0_align.webp,0.00219,1.0,0.2724256983984685
database3/database3/m.013xhr/23-FaceId-0_align.webp,0.015916,1.0,0.2460796238575049
database3/database3/m.013xhr/24-FaceId-0_align.webp,0.064866,1.0,0.2251780325951999
database3/database3/m.013xhr/33-FaceId-0_align.webp,0.013765,1.0,0.3773943611381739
database3/database3/m.013xhr/42-FaceId-0_align.webp,0.02596,1.0,0.3117173899963134
database3/database3/m.013xs1/10-FaceId-0_align.webp,0.059547,1.0,0.2151003987169076
database3/database3/m.013y2b/23-FaceId-0_align.webp,0.154363,0.0,0.2264004002620481
database3/database3/m.013y2b/32-FaceId-0_align.webp,0.092369,0.0,0.220348387359505
database3/database3/m.013y2b/66-FaceId-0_align.webp,0.108782,0.0,0.2243546526654381
database3/database3/m.013y2s/40-FaceId-0_align.webp,0.026989,0.0,0.2233776864891415
database3/database3/m.013y2s/73-FaceId-0_align.webp,0.075667,0.0,0.230950737839746
database3/database3/m.013yd0/51-FaceId-0_align.webp,0.167678,0.0,0.2312038765307737
database3/database3/m.013yd0/92-FaceId-0_align.webp,0.096098,0.0,0.2137910922550588
database3/database3/m.013ykk/37-FaceId-0_align.webp,0.042458,0.0,0.2509183659523312
database3/database3/m.013ykx/9-FaceId-0_align.webp,0.117351,0.0,0.2324076032608821
database3/database3/m.013ylm/42-FaceId-0_align.webp,0.120671,0.0,0.2549743107334929
database3/database3/m.013ylm/97-FaceId-0_align.webp,0.133134,0.0,0.2492109188478956
database3/database3/m.013yvd/37-FaceId-0_align.webp,0.027946,1.0,0.2179514609120704
database3/database3/m.013yvd/75-FaceId-0_align.webp,0.027604,1.0,0.2251468183650926
database3/database3/m.013yyq/27-FaceId-0_align.webp,0.014857,1.0,0.2753280440163692
database3/database3/m.013yyq/44-FaceId-0_align.webp,0.06122,1.0,0.62609626157184
database3/database3/m.013yyq/48-FaceId-0_align.webp,0.11735,1.0,0.2835012238647292
database3/database3/m.013zjz/16-FaceId-0_align.webp,0.071353,1.0,0.2820973455053404
database3/database3/m.013zm7/89-FaceId-0_align.webp,0.144683,1.0,0.2708765030092925
database3/database3/m.013zpf/72-FaceId-0_align.webp,0.0,0.0,0.3753025723804197
database3/database3/m.013zpf/88-FaceId-0_align.webp,0.169008,0.0,0.2319696829143694
database3/database3/m.013zr7/15-FaceId-0_align.webp,0.062795,1.0,0.2245115634805802
database3/database3/m.013zs9/83-FaceId-0_align.webp,0.33489,0.0,0.2738538221855227
database3/database3/m.013zyw/16-FaceId-0_align.webp,0.043076,1.0,0.2087946492076529
database3/database3/m.013zyw/19-FaceId-0_align.webp,0.020445,1.0,0.1983208529695819
database3/database3/m.013zyw/21-FaceId-0_align.webp,0.01715,1.0,0.207747498866713
database3/database3/m.01400g/101-FaceId-0_align.webp,0.057026,0.0,0.3100301206964423
database3/database3/m.01400g/117-FaceId-0_align.webp,0.219786,0.0,0.2930570961027378
database3/database3/m.01400g/31-FaceId-0_align.webp,0.04717,0.0,0.2340597274044861
database3/database3/m.01400g/47-FaceId-0_align.webp,0.103943,0.0,0.2338298790337684
database3/database3/m.014029/72-FaceId-0_align.webp,0.164078,0.0,0.2048579197864784
database3/database3/m.0140ly/8-FaceId-0_align.webp,0.018837,1.0,0.2170414316240526
database3/database3/m.0140v2/84-FaceId-0_align.webp,0.185102,1.0,0.4291004749916614
database3/database3/m.0141qv/12-FaceId-0_align.webp,0.026897,1.0,0.2317395019121721
database3/database3/m.0142n8/3-FaceId-0_align.webp,0.193323,1.0,0.2034641274225631
database3/database3/m.0142n8/5-FaceId-0_align.webp,0.020679,1.0,0.256775386394919
database3/database3/m.0142sv/3-FaceId-0_align.webp,0.0,1.0,0.1887502063202593
database3/database3/m.0142sv/32-FaceId-0_align.webp,0.0,1.0,0.1932648084996988
database3/database3/m.01433m/64-FaceId-0_align.webp,0.03742,0.0,0.3266957258415378
database3/database3/m.0143sn/66-FaceId-0_align.webp,0.02374,1.0,0.248078782195932
database3/database3/m.0143wl/30-FaceId-0_align.webp,0.034923,1.0,0.259650310934692
database3/database3/m.0143wl/81-FaceId-0_align.webp,0.051966,1.0,0.2713248957417846
database3/database3/m.014488/3-FaceId-0_align.webp,0.020128,1.0,0.2150130745764415
database3/database3/m.01449w/57-FaceId-0_align.webp,0.017199,1.0,0.3626843535812751
database3/database3/m.01449w/80-FaceId-0_align.webp,0.016942,1.0,0.2950359231498987
database3/database3/m.01449w/99-FaceId-0_align.webp,0.011762,1.0,0.3221010045731317
database3/database3/m.0144_b/77-FaceId-0_align.webp,0.037923,1.0,0.2135417845244256
database3/database3/m.0144_b/99-FaceId-0_align.webp,0.002226,1.0,0.231974330306653
database3/database3/m.0144k5/45-FaceId-0_align.webp,0.060457,0.0,0.2307841085316766
database3/database3/m.0144k5/53-FaceId-0_align.webp,0.099321,0.0,0.2489446432498918
database3/database3/m.0144k5/58-FaceId-0_align.webp,0.088277,0.0,0.2251389563860923
database3/database3/m.0144k5/85-FaceId-0_align.webp,0.078258,0.0,0.2607396040487548
database3/database3/m.014508/74-FaceId-0_align.webp,0.033711,1.0,0.2418296132884217
database3/database3/m.0146fs/16-FaceId-0_align.webp,0.00871,1.0,0.2323495964690121
database3/database3/m.0147cn/44-FaceId-0_align.webp,0.171045,1.0,0.2603473914773416
database3/database3/m.0147cn/79-FaceId-0_align.webp,0.059428,1.0,0.2782759393056107
database3/database3/m.0147jt/99-FaceId-0_align.webp,0.019999,1.0,0.250564022770567
database3/database3/m.0147qz/78-FaceId-0_align.webp,0.010623,1.0,0.2744152918700059
database3/database3/m.01480y/76-FaceId-0_align.webp,0.0,1.0,0.2103081975299444
database3/database3/m.0148_m/52-FaceId-0_align.webp,0.01178,1.0,0.2736539647723641
database3/database3/m.0148m9/58-FaceId-0_align.webp,0.040365,1.0,0.2325302176752552
database3/database3/m.0148qq/63-FaceId-1_align.webp,0.082134,1.0,0.3196767044393236
database3/database3/m.0148x0/17-FaceId-0_align.webp,0.195787,0.0,0.2530253725794207
database3/database3/m.014902/18-FaceId-0_align.webp,0.02167,1.0,0.2557037259571502
database3/database3/m.01491d/96-FaceId-0_align.webp,0.018562,1.0,0.2173075264491927
database3/database3/m.014936/66-FaceId-0_align.webp,0.009581,0.0,0.2389639924436641
database3/database3/m.0149k5/29-FaceId-0_align.webp,0.022158,1.0,0.2381542357796155
database3/database3/m.0149k5/81-FaceId-0_align.webp,0.042078,1.0,0.3348449348744615
database3/database3/m.0149vp/23-FaceId-0_align.webp,0.153482,1.0,0.0854487531355482
database3/database3/m.0149vp/3-FaceId-0_align.webp,0.055794,1.0,0.2381643973314191
database3/database3/m.0149vp/63-FaceId-0_align.webp,0.126629,1.0,0.2706790828812708
database3/database3/m.0149wl/102-FaceId-0_align.webp,0.022928,1.0,0.3049720438354776
database3/database3/m.0149wl/45-FaceId-0_align.webp,0.024169,1.0,0.3414959690560771
database3/database3/m.0149xx/94-FaceId-0_align.webp,0.042337,1.0,0.3075502926915501
database3/database3/m.014_1g/72-FaceId-0_align.webp,0.019311,0.0,0.2366573736782153
database3/database3/m.014_1g/8-FaceId-0_align.webp,0.209769,0.0,0.2661782301318796
database3/database3/m.014_4y/6-FaceId-0_align.webp,0.048047,1.0,0.2352595950193129
database3/database3/m.014_sl/106-FaceId-0_align.webp,0.23715,0.0,0.2633873451458857
database3/database3/m.014_sl/74-FaceId-0_align.webp,0.390836,0.0,0.2255415711539118
database3/database3/m.014bn_/16-FaceId-0_align.webp,0.037637,1.0,0.221849962312903
database3/database3/m.014bn_/85-FaceId-1_align.webp,0.012813,1.0,0.2335260614407717
database3/database3/m.014bps/75-FaceId-0_align.webp,0.000105,1.0,0.2666814015688291
database3/database3/m.014byr/85-FaceId-0_align.webp,0.140079,1.0,0.2857647743127335
database3/database3/m.014bz_/33-FaceId-0_align.webp,0.044503,1.0,0.2549171512932839
database3/database3/m.014c0y/76-FaceId-0_align.webp,0.175143,1.0,0.2552643846247339
database3/database3/m.014c40/62-FaceId-0_align.webp,0.041412,1.0,0.3184552066607019
database3/database3/m.014c40/70-FaceId-0_align.webp,0.059838,1.0,0.2351136721966177
database3/database3/m.014cq/6-FaceId-0_align.webp,0.092137,1.0,0.2300092372169916
database3/database3/m.014cq/86-FaceId-0_align.webp,0.009035,1.0,0.2753470051092417
database3/database3/m.014cw2/26-FaceId-0_align.webp,0.010138,1.0,0.2234707902823919
database3/database3/m.014cw2/50-FaceId-0_align.webp,0.006571,1.0,0.2290260409910949
database3/database3/m.014d0v/117-FaceId-0_align.webp,0.00171,1.0,0.2348465310936139
database3/database3/m.014d0v/5-FaceId-0_align.webp,0.0,1.0,0.1846482714608319
database3/database3/m.014d0v/76-FaceId-0_align.webp,0.001899,1.0,0.2306477741646903
database3/database3/m.014d15/7-FaceId-0_align.webp,0.067756,1.0,0.2613972828872464
database3/database3/m.014d3/12-FaceId-0_align.webp,0.002261,1.0,0.2322719544135236
database3/database3/m.014d3/72-FaceId-0_align.webp,0.018566,1.0,0.2236258356852401
database3/database3/m.014d3y/82-FaceId-0_align.webp,0.033512,0.0,0.633961653478957
database3/database3/m.014dg1/103-FaceId-0_align.webp,0.026524,1.0,0.2283265480167511
database3/database3/m.014dg1/51-FaceId-0_align.webp,0.001679,1.0,0.2593673631708158
database3/database3/m.014dg1/65-FaceId-0_align.webp,0.0,1.0,0.1911802222208922
database3/database3/m.014dg1/7-FaceId-0_align.webp,0.01106,1.0,0.261912823832426
database3/database3/m.014dg1/86-FaceId-0_align.webp,0.019596,1.0,0.2464006602588617
database3/database3/m.014dm6/105-FaceId-0_align.webp,0.23153,1.0,0.2478291796996742
database3/database3/m.014dy_/50-FaceId-0_align.webp,0.069776,1.0,0.1741825143943264
database3/database3/m.014dy_/73-FaceId-0_align.webp,0.01239,1.0,0.2191630629205984
database3/database3/m.014f8k/25-FaceId-0_align.webp,0.24634,0.0,0.2276510396504915
database3/database3/m.014f8k/9-FaceId-0_align.webp,0.182534,0.0,0.2316126492599102
database3/database3/m.014fcb/0-FaceId-0_align.webp,0.028343,1.0,0.2391748014626918
database3/database3/m.014fd7/98-FaceId-0_align.webp,0.096652,1.0,0.2548495952667211
database3/database3/m.014g17/1-FaceId-0_align.webp,0.005705,1.0,0.2500750371310256
database3/database3/m.014g17/9-FaceId-0_align.webp,0.079641,1.0,0.3158447796599511
database3/database3/m.014g22/90-FaceId-0_align.webp,0.35161,0.0,0.281148824672744
database3/database3/m.014g6c/86-FaceId-0_align.webp,0.02888,1.0,0.2470386660041496
database3/database3/m.014g6v/43-FaceId-0_align.webp,0.001902,1.0,0.2288737529078081
database3/database3/m.014g79/86-FaceId-0_align.webp,0.049609,1.0,0.2544061960835682
database3/database3/m.014g8p/48-FaceId-0_align.webp,0.000256,1.0,0.2920480224075532
database3/database3/m.014g9y/12-FaceId-0_align.webp,0.038159,0.0,0.2404535678205212
database3/database3/m.014g_f/26-FaceId-0_align.webp,0.000817,1.0,0.1718746043151557
database3/database3/m.014g_f/35-FaceId-0_align.webp,0.001771,1.0,0.2338034941207625
database3/database3/m.014gf8/102-FaceId-0_align.webp,0.00204,1.0,0.5402491672853382
database3/database3/m.014gf8/28-FaceId-0_align.webp,0.018311,1.0,0.2068241497512195
database3/database3/m.014gf8/69-FaceId-0_align.webp,0.050273,1.0,0.2443019650269492
database3/database3/m.014gf8/9-FaceId-0_align.webp,0.034223,1.0,0.2336960741906564
database3/database3/m.014gsd/79-FaceId-0_align.webp,0.118598,1.0,0.2682137045238167
database3/database3/m.014h_s/80-FaceId-0_align.webp,0.173494,0.0,0.2439518630404326
database3/database3/m.014hlm/54-FaceId-0_align.webp,0.078394,0.0,0.2257057299621857
database3/database3/m.014hmv/53-FaceId-1_align.webp,0.0,1.0,0.243902804196491
database3/database3/m.014j8m/72-FaceId-0_align.webp,0.0057,1.0,0.2565695910612948
database3/database3/m.014jb8/10-FaceId-0_align.webp,0.009911,1.0,0.3646777179796639
database3/database3/m.014jk0/16-FaceId-0_align.webp,0.026202,1.0,0.3081811116096076
database3/database3/m.014jk0/61-FaceId-0_align.webp,0.011335,1.0,0.5
database3/database3/m.014jk0/74-FaceId-0_align.webp,0.003357,1.0,0.4102429772974946
database3/database3/m.014jxq/20-FaceId-0_align.webp,0.165895,0.0,0.2480651085067084
database3/database3/m.014jxq/43-FaceId-0_align.webp,0.136492,0.0,0.1986313737310051
database3/database3/m.014jy6/23-FaceId-0_align.webp,0.150311,1.0,0.3676257518771959
database3/database3/m.014jy6/50-FaceId-0_align.webp,0.042148,1.0,0.2328023592111665
database3/database3/m.014jy6/97-FaceId-0_align.webp,0.061362,1.0,0.327775988487535
database3/database3/m.014k1v/95-FaceId-3_align.webp,0.133686,1.0,0.3255928830860312
database3/database3/m.014k2p/25-FaceId-0_align.webp,0.315824,1.0,0.264103328537546
database3/database3/m.014kbz/16-FaceId-0_align.webp,0.028027,1.0,0.2424722911853277
database3/database3/m.014kbz/22-FaceId-0_align.webp,0.028933,1.0,0.2462633575896398
database3/database3/m.014kbz/81-FaceId-0_align.webp,0.006506,1.0,0.2516903087958278
database3/database3/m.014kxv/1-FaceId-0_align.webp,0.013313,1.0,0.2256402945879492
database3/database3/m.014kxv/11-FaceId-0_align.webp,0.053384,1.0,0.1976817422657951
database3/database3/m.014lb1/14-FaceId-2_align.webp,0.000111,0.0,0.2176660447448144
database3/database3/m.014lb1/47-FaceId-0_align.webp,0.167631,0.0,0.2246701811692593
database3/database3/m.014lb1/62-FaceId-1_align.webp,0.053145,0.0,0.213777996051428
database3/database3/m.014lyb/65-FaceId-0_align.webp,0.056831,1.0,0.2396780281634856
database3/database3/m.014m_1/70-FaceId-0_align.webp,0.018552,1.0,0.234335722925621
database3/database3/m.014mvy/17-FaceId-0_align.webp,0.196734,1.0,0.3003629451484442
database3/database3/m.014mvy/58-FaceId-0_align.webp,0.218895,1.0,0.3136713370262903
database3/database3/m.014n_k/48-FaceId-0_align.webp,0.006557,1.0,0.243776113949081
database3/database3/m.014n_k/70-FaceId-0_align.webp,0.029858,1.0,0.2235104697204577
database3/database3/m.014nfw/87-FaceId-0_align.webp,0.123499,0.0,0.227065117472265
database3/database3/m.014p33/83-FaceId-2_align.webp,0.084076,0.0,0.2179750764668082
database3/database3/m.014p33/87-FaceId-0_align.webp,0.07546,0.0,0.2336608620016649
database3/database3/m.014ptb/14-FaceId-1_align.webp,0.016295,1.0,0.2898305243705811
database3/database3/m.014ptb/5-FaceId-0_align.webp,0.001038,1.0,0.3455331821978424
database3/database3/m.014ptb/50-FaceId-0_align.webp,0.185526,1.0,0.2327445877590393
database3/database3/m.014pxk/118-FaceId-0_align.webp,0.227914,1.0,0.3300297103586134
database3/database3/m.014pys/19-FaceId-0_align.webp,0.047245,1.0,0.3358458022220152
database3/database3/m.014pzz/110-FaceId-0_align.webp,0.13041,0.0,0.219824546742917
database3/database3/m.014qjt/47-FaceId-0_align.webp,0.002851,1.0,0.2518246204566556
database3/database3/m.014r6r/81-FaceId-0_align.webp,0.091441,0.0,0.2220266204093166
database3/database3/m.014s81/3-FaceId-0_align.webp,0.077926,1.0,0.2672935942156959
database3/database3/m.014sj7/7-FaceId-0_align.webp,0.074577,1.0,0.2719500948215603
database3/database3/m.014skb/4-FaceId-0_align.webp,0.096076,0.0,0.2380210707767076
database3/database3/m.014skb/53-FaceId-0_align.webp,0.075066,0.0,0.236653032355576
database3/database3/m.014skb/55-FaceId-0_align.webp,0.080414,0.0,0.2422293288832554
database3/database3/m.014v1q/8-FaceId-1_align.webp,0.038359,1.0,0.2667380097222381
database3/database3/m.014v6x/16-FaceId-0_align.webp,0.159906,0.0,0.2239628011438518
database3/database3/m.014v6x/20-FaceId-0_align.webp,0.306955,0.0,0.245851567629863
database3/database3/m.014v6x/88-FaceId-0_align.webp,0.075191,0.0,0.2024589246504551
database3/database3/m.014vbq/60-FaceId-0_align.webp,0.005701,1.0,0.322664284213793
database3/database3/m.014vnb/46-FaceId-0_align.webp,0.027126,1.0,0.2378406295148697
database3/database3/m.014vnb/51-FaceId-0_align.webp,0.043084,1.0,0.2351896290350931
database3/database3/m.014vtj/100-FaceId-0_align.webp,0.000679,1.0,0.2449592984608191
database3/database3/m.014wsb/38-FaceId-0_align.webp,0.106862,1.0,0.2350661526330049
database3/database3/m.014x0w/28-FaceId-0_align.webp,0.353028,0.0,0.4227042752752052
database3/database3/m.014x0w/74-FaceId-0_align.webp,0.177523,0.0,0.2326184453482933
database3/database3/m.014x0w/96-FaceId-0_align.webp,0.217684,0.0,0.2476457801824935
database3/database3/m.014xn7/100-FaceId-0_align.webp,0.007084,1.0,0.215398575130352
database3/database3/m.014xn7/42-FaceId-0_align.webp,0.003105,1.0,0.2363455249977134
database3/database3/m.014xr2/5-FaceId-0_align.webp,0.387134,0.0,0.3194755309311054
database3/database3/m.014xr2/87-FaceId-0_align.webp,0.341771,0.0,0.2773466344390342
database3/database3/m.014xzx/93-FaceId-0_align.webp,0.351892,1.0,0.2833573158527134
database3/database3/m.014y6/74-FaceId-0_align.webp,0.012495,1.0,0.2356121707426189
database3/database3/m.014y6/95-FaceId-0_align.webp,0.006882,1.0,0.2556097424851213
database3/database3/m.014y7g/1-FaceId-0_align.webp,0.005692,1.0,0.2370796796707401
database3/database3/m.014z8v/77-FaceId-0_align.webp,0.004141,1.0,0.2371645118541842
database3/database3/m.014zfs/76-FaceId-0_align.webp,0.024924,1.0,0.2438784782029796
database3/database3/m.014zxh/99-FaceId-0_align.webp,0.008633,1.0,0.3950213095067182
database3/database3/m.014zy/105-FaceId-0_align.webp,0.175949,1.0,0.2894035256154789
database3/database3/m.014zy/22-FaceId-0_align.webp,0.048224,1.0,0.2740967987738146
database3/database3/m.014zy/56-FaceId-0_align.webp,0.135716,1.0,0.3874486112787074
database3/database3/m.015076/99-FaceId-0_align.webp,0.0064,1.0,0.3425560660883076
database3/database3/m.01507p/0-FaceId-0_align.webp,0.067522,1.0,0.2497908754078885
database3/database3/m.01509x/60-FaceId-0_align.webp,0.015557,1.0,0.2479604357095292
database3/database3/m.0150bp/103-FaceId-0_align.webp,0.041675,0.0,0.2161237033789869
database3/database3/m.0150j5/31-FaceId-0_align.webp,0.003889,1.0,0.2127107587684505
database3/database3/m.0150j5/4-FaceId-0_align.webp,0.006229,1.0,0.2215589016131381
database3/database3/m.0150j5/71-FaceId-0_align.webp,0.062123,1.0,0.2438895184950682
database3/database3/m.0150j5/81-FaceId-0_align.webp,0.001136,1.0,0.1835284777380056
database3/database3/m.0150j5/86-FaceId-0_align.webp,0.002669,1.0,0.2222740773279864
database3/database3/m.0150m1/111-FaceId-0_align.webp,0.023781,1.0,0.2597021272709421
database3/database3/m.0150m1/13-FaceId-0_align.webp,0.071346,1.0,0.2357171443556723
database3/database3/m.0150mg/0-FaceId-0_align.webp,0.057671,1.0,0.3860078270353182
database3/database3/m.0150mg/69-FaceId-0_align.webp,0.220147,1.0,0.277030144445515
database3/database3/m.0150mg/88-FaceId-0_align.webp,0.14546,1.0,0.2687731566210056
database3/database3/m.0150mg/97-FaceId-0_align.webp,0.078806,1.0,0.2505013997218061
database3/database3/m.0150rl/42-FaceId-0_align.webp,0.016396,0.0,0.2148167419142232
database3/database3/m.0150t6/36-FaceId-0_align.webp,0.017669,1.0,0.2218676526683498
database3/database3/m.0150t6/41-FaceId-0_align.webp,0.022058,1.0,0.2074411710326869
database3/database3/m.0150t6/63-FaceId-0_align.webp,0.015119,1.0,0.2487482483733343
database3/database3/m.01519n/21-FaceId-0_align.webp,0.389316,0.0,0.3043478111600185
database3/database3/m.01519n/69-FaceId-0_align.webp,0.017235,0.0,0.2411968004872511
database3/database3/m.0151fv/54-FaceId-0_align.webp,0.017876,0.0,0.2211381978622968
database3/database3/m.0151fv/90-FaceId-0_align.webp,0.296844,0.0,0.2577611000499046
database3/database3/m.0151fv/94-FaceId-0_align.webp,0.121468,0.0,0.3000887458091507
database3/database3/m.0151n1/16-FaceId-0_align.webp,0.044648,1.0,0.2415951400831871
database3/database3/m.0151n1/26-FaceId-0_align.webp,0.101903,1.0,0.2517461695320109
database3/database3/m.0151n1/29-FaceId-0_align.webp,0.049938,1.0,0.2869985760204443
database3/database3/m.0151n1/36-FaceId-0_align.webp,0.038201,1.0,0.2662488275083424
database3/database3/m.0151n1/53-FaceId-0_align.webp,0.021607,1.0,0.289736110953696
database3/database3/m.0151p8/29-FaceId-0_align.webp,0.003452,1.0,0.1995855409362582
database3/database3/m.0151xv/30-FaceId-0_align.webp,0.007121,1.0,0.2468699352120838
database3/database3/m.0151xv/44-FaceId-0_align.webp,0.021629,1.0,0.2465082116453021
database3/database3/m.0151xv/88-FaceId-0_align.webp,0.006779,1.0,0.263331273065359
database3/database3/m.0151zx/92-FaceId-0_align.webp,0.043036,1.0,0.3069837001360821
database3/database3/m.0152cw/42-FaceId-0_align.webp,0.083199,0.0,0.2208984153377608
database3/database3/m.0152xn/72-FaceId-0_align.webp,0.043462,1.0,0.2946150862475243
database3/database3/m.015302/4-FaceId-0_align.webp,0.000416,1.0,0.2092313484130101
database3/database3/m.0153dp/1-FaceId-0_align.webp,0.039324,1.0,0.2501277789134576
database3/database3/m.0153dp/88-FaceId-0_align.webp,0.057869,1.0,0.223261240972458
database3/database3/m.0153vt/1-FaceId-0_align.webp,0.335303,1.0,0.2388381565919354
database3/database3/m.0153vt/81-FaceId-0_align.webp,0.087285,1.0,0.2733546702343913
database3/database3/m.0153y1/16-FaceId-0_align.webp,0.166114,0.0,0.2358674732620603
database3/database3/m.01541z/117-FaceId-0_align.webp,0.111734,0.0,0.2375102575111456
database3/database3/m.01547g/3-FaceId-0_align.webp,0.153164,0.0,0.2326191735355546
database3/database3/m.01547g/73-FaceId-0_align.webp,0.246081,0.0,0.2339464921437159
database3/database3/m.0154d7/52-FaceId-0_align.webp,0.115018,1.0,0.2661352363092018
database3/database3/m.0154ff/10-FaceId-0_align.webp,0.121913,0.0,0.2246454615088189
database3/database3/m.0154hr/101-FaceId-0_align.webp,0.090433,0.0,0.2540323244861519
database3/database3/m.0154hr/109-FaceId-0_align.webp,0.038439,0.0,0.2697364355581443
database3/database3/m.0154hr/18-FaceId-0_align.webp,0.07836,0.0,0.2844881223911549
database3/database3/m.0154hr/28-FaceId-0_align.webp,0.045785,0.0,0.2384878764128017
database3/database3/m.0154s9/24-FaceId-0_align.webp,0.052837,1.0,0.2167199935212608
database3/database3/m.0154x6/57-FaceId-0_align.webp,0.061779,0.0,0.22965585347236
database3/database3/m.01552j/40-FaceId-0_align.webp,0.017747,1.0,0.233365220867393
database3/database3/m.01558d/79-FaceId-0_align.webp,0.014812,1.0,0.1842772991985863
database3/database3/m.01558d/8-FaceId-0_align.webp,0.124089,1.0,0.233440110034118
database3/database3/m.0155zp/26-FaceId-0_align.webp,0.000547,1.0,0.2364978061834002
database3/database3/m.0155zp/7-FaceId-0_align.webp,0.015991,1.0,0.2303946517722166
database3/database3/m.0155zp/79-FaceId-0_align.webp,0.02849,1.0,0.286592895236072
database3/database3/m.0155zp/88-FaceId-0_align.webp,0.072148,1.0,0.2420936269098968
database3/database3/m.0156dg/11-FaceId-0_align.webp,0.153809,0.0,0.2684294564517788
database3/database3/m.0156dg/2-FaceId-0_align.webp,0.144571,0.0,0.2797171977885714
database3/database3/m.0156y1/31-FaceId-0_align.webp,0.047284,1.0,0.2355646381596119
database3/database3/m.01574b/45-FaceId-0_align.webp,0.070647,0.0,0.2505326827782013
database3/database3/m.015796/86-FaceId-0_align.webp,0.081944,0.0,0.2412033919647031
database3/database3/m.0157m/20-FaceId-0_align.webp,0.028257,1.0,0.200562018644226
database3/database3/m.0157m/24-FaceId-0_align.webp,0.028454,1.0,0.2235440496295328
database3/database3/m.0157m/25-FaceId-0_align.webp,0.020124,1.0,0.218900977987682
database3/database3/m.0157m/73-FaceId-0_align.webp,0.033963,1.0,0.2469818307281499
database3/database3/m.0157r6/22-FaceId-1_align.webp,0.0,1.0,0.317471798719532
database3/database3/m.0157ry/29-FaceId-0_align.webp,0.027582,1.0,0.2601783484136069
database3/database3/m.015882/17-FaceId-0_align.webp,0.396178,0.0,0.2520068210851362
database3/database3/m.015882/20-FaceId-0_align.webp,0.380878,0.0,0.2720053574062207
database3/database3/m.015882/75-FaceId-0_align.webp,0.386665,0.0,0.2804825376635895
database3/database3/m.0158r2/73-FaceId-0_align.webp,0.173377,0.0,0.231884282825925
database3/database3/m.01598m/79-FaceId-0_align.webp,0.475474,0.0,0.2702461876677968
database3/database3/m.0159wm/104-FaceId-0_align.webp,0.007308,1.0,0.1908371288540165
database3/database3/m.0159wm/9-FaceId-0_align.webp,0.002891,1.0,0.1723893559953632
database3/database3/m.015_44/31-FaceId-0_align.webp,0.062168,0.0,0.2318006778421113
database3/database3/m.015_44/64-FaceId-0_align.webp,0.356589,0.0,0.2911123149542661
database3/database3/m.015_44/84-FaceId-0_align.webp,0.3229,0.0,0.2897721738983214
database3/database3/m.015b67/34-FaceId-0_align.webp,0.034996,1.0,0.2320933517355728
database3/database3/m.015bhj/103-FaceId-1_align.webp,0.041754,1.0,0.0
database3/database3/m.015bhj/70-FaceId-0_align.webp,0.00385,1.0,0.2327128388396655
database3/database3/m.015bnf/68-FaceId-0_align.webp,0.066968,0.0,0.2355552338193004
database3/database3/m.015brk/18-FaceId-0_align.webp,0.023166,1.0,0.2671330921444879
database3/database3/m.015bw2/110-FaceId-0_align.webp,0.01319,1.0,0.2397646384272806
database3/database3/m.015bw2/40-FaceId-0_align.webp,0.013047,1.0,0.2682176405912348
database3/database3/m.015bw2/68-FaceId-0_align.webp,0.00956,1.0,0.2694148477527789
database3/database3/m.015c2f/3-FaceId-0_align.webp,0.072717,0.0,0.2180018962375045
database3/database3/m.015c2f/47-FaceId-0_align.webp,0.01548,0.0,0.2367923626492931
database3/database3/m.015c2f/49-FaceId-0_align.webp,0.031524,0.0,0.2470424000274953
database3/database3/m.015c2f/8-FaceId-0_align.webp,0.126031,0.0,0.2365842285155114
database3/database3/m.015c4g/7-FaceId-0_align.webp,0.000573,1.0,0.2331199703565251
database3/database3/m.015c4g/83-FaceId-0_align.webp,0.000391,1.0,0.2156698489687024
database3/database3/m.015cyn/17-FaceId-0_align.webp,0.046212,1.0,0.2386996876706287
database3/database3/m.015cyn/5-FaceId-0_align.webp,0.152464,1.0,0.2073096748779883
database3/database3/m.015czg/24-FaceId-0_align.webp,0.141052,1.0,0.2623668680381263
database3/database3/m.015d2r/66-FaceId-0_align.webp,0.064087,1.0,0.4230674264981415
database3/database3/m.015d2r/86-FaceId-0_align.webp,0.029999,1.0,0.2412964350315317
database3/database3/m.015dcj/83-FaceId-0_align.webp,0.023385,1.0,0.2472733905847995
database3/database3/m.015dgg/80-FaceId-0_align.webp,0.001775,1.0,0.2838567780281618
database3/database3/m.015djp/24-FaceId-0_align.webp,0.0,1.0,0.2092977427759895
database3/database3/m.015djp/27-FaceId-0_align.webp,0.037685,1.0,0.2487731600837072
database3/database3/m.015dk3/22-FaceId-0_align.webp,0.027592,1.0,0.2148835500131244
database3/database3/m.015dnt/38-FaceId-0_align.webp,0.001692,1.0,0.2695733304914754
database3/database3/m.015dnt/42-FaceId-1_align.webp,0.102539,1.0,0.1684501979134458
database3/database3/m.015dqj/29-FaceId-0_align.webp,0.034796,1.0,0.2401167688189353
database3/database3/m.015dsz/54-FaceId-1_align.webp,0.002756,1.0,0.2147097624850099
database3/database3/m.015dx/106-FaceId-0_align.webp,0.065832,0.0,0.2257946342717572
database3/database3/m.015dx/112-FaceId-0_align.webp,0.282009,0.0,0.2419525841817561
database3/database3/m.015dx/117-FaceId-0_align.webp,0.154935,0.0,0.2051010801436052
database3/database3/m.015dx/16-FaceId-0_align.webp,0.065933,0.0,0.2459989640527757
database3/database3/m.015dx/75-FaceId-0_align.webp,0.127561,0.0,0.2536782035575764
database3/database3/m.015dz8/51-FaceId-0_align.webp,0.051527,1.0,0.226565390332659
database3/database3/m.015f6_/9-FaceId-0_align.webp,0.050822,1.0,0.2519703851325931
database3/database3/m.015fxn/110-FaceId-1_align.webp,0.050721,0.0,0.2181322215323878
database3/database3/m.015fyd/19-FaceId-0_align.webp,0.055834,0.0,0.2476582580815538
database3/database3/m.015g36/86-FaceId-0_align.webp,0.010069,0.0,0.2342954024473268
database3/database3/m.015g98/4-FaceId-0_align.webp,0.031227,1.0,0.2797956954831632
database3/database3/m.015g_7/108-FaceId-0_align.webp,0.075445,1.0,0.2290841124555713
database3/database3/m.015ghl/29-FaceId-0_align.webp,0.035495,0.0,0.2225941203382958
database3/database3/m.015ghl/58-FaceId-0_align.webp,0.114793,0.0,0.1882304240211015
database3/database3/m.015ghl/7-FaceId-0_align.webp,0.022651,0.0,0.2119743801651405
database3/database3/m.015gjr/36-FaceId-0_align.webp,0.054888,1.0,0.2346550605794875
database3/database3/m.015gjr/40-FaceId-0_align.webp,0.045893,1.0,0.2196783059408267
database3/database3/m.015gjr/84-FaceId-0_align.webp,0.042274,1.0,0.3702280772296191
database3/database3/m.015gqm/96-FaceId-1_align.webp,0.236979,1.0,0.299335171938897
database3/database3/m.015grj/83-FaceId-0_align.webp,0.0,1.0,0.2246193343373624
database3/database3/m.015grj/95-FaceId-0_align.webp,0.006074,1.0,0.2107882524013281
database3/database3/m.015grj/98-FaceId-0_align.webp,0.00126,1.0,0.1831193903251065
database3/database3/m.015gsv/100-FaceId-0_align.webp,0.087077,1.0,0.2778555914741281
database3/database3/m.015gsv/72-FaceId-0_align.webp,0.017745,1.0,0.2365486195013214
database3/database3/m.015gx1/70-FaceId-0_align.webp,0.056653,1.0,0.2364689457516527
database3/database3/m.015gy7/28-FaceId-0_align.webp,0.011386,1.0,0.258610922737761
database3/database3/m.015gzc/94-FaceId-0_align.webp,0.077714,1.0,0.2604731656821507
database3/database3/m.015h25/3-FaceId-0_align.webp,0.001481,1.0,0.2049640386824161
database3/database3/m.015h7y/30-FaceId-0_align.webp,0.014431,1.0,0.25456958183146
database3/database3/m.015htz/46-FaceId-0_align.webp,0.135648,0.0,0.2249062068793805
database3/database3/m.015j58/58-FaceId-0_align.webp,0.016994,1.0,0.2384554109065111
database3/database3/m.015j6h/20-FaceId-0_align.webp,0.005265,1.0,0.2527335335724403
database3/database3/m.015j6h/37-FaceId-0_align.webp,0.094841,1.0,0.279400508153961
database3/database3/m.015j6y/47-FaceId-0_align.webp,0.10488,0.0,0.2843293584090118
database3/database3/m.015j6y/5-FaceId-0_align.webp,0.085053,0.0,0.2173339577337174
database3/database3/m.015j6y/73-FaceId-1_align.webp,0.12413,0.0,0.2509617758715325
database3/database3/m.015j8x/17-FaceId-0_align.webp,0.049084,1.0,0.2596143472306651
database3/database3/m.015j8x/42-FaceId-0_align.webp,0.021866,1.0,0.3374126959282056
database3/database3/m.015jjw/46-FaceId-0_align.webp,0.068702,1.0,0.3047545852959128
database3/database3/m.015jjw/69-FaceId-0_align.webp,0.113403,1.0,0.3367014531795782
database3/database3/m.015jvm/105-FaceId-0_align.webp,0.006549,1.0,0.2225304843550338
database3/database3/m.015jvm/32-FaceId-0_align.webp,0.01088,1.0,0.213191805884457
database3/database3/m.015jvm/85-FaceId-0_align.webp,0.111985,1.0,0.2991915965033092
database3/database3/m.015k04/104-FaceId-0_align.webp,0.087765,0.0,0.2112732639029346
database3/database3/m.015k04/33-FaceId-0_align.webp,0.019732,0.0,0.2433066848871171
database3/database3/m.015k04/68-FaceId-0_align.webp,0.032064,0.0,0.2354204970565227
database3/database3/m.015k9x/19-FaceId-0_align.webp,0.079615,0.0,0.2450771199050572
database3/database3/m.015k9x/84-FaceId-0_align.webp,0.154994,0.0,0.7607505613845078
database3/database3/m.015kbd/21-FaceId-0_align.webp,0.030994,1.0,0.2093154041280869
database3/database3/m.015kbd/80-FaceId-0_align.webp,0.061754,1.0,0.4521747879503371
database3/database3/m.015khm/4-FaceId-0_align.webp,0.027803,1.0,0.1795341833507405
database3/database3/m.015klf/75-FaceId-0_align.webp,0.0,1.0,0.1940405499968026
database3/database3/m.015ksl/24-FaceId-0_align.webp,0.23069,1.0,0.2602144927310852
database3/database3/m.015ksl/26-FaceId-1_align.webp,0.043132,1.0,0.4576238796303832
database3/database3/m.015ksl/31-FaceId-0_align.webp,0.096817,1.0,0.2586033243112853
database3/database3/m.015ksl/72-FaceId-0_align.webp,0.014945,1.0,0.2359016684847654
database3/database3/m.015ksy/70-FaceId-0_align.webp,0.064697,1.0,0.2258754933190472
database3/database3/m.015ksy/90-FaceId-0_align.webp,0.039383,1.0,0.2292573646409409
database3/database3/m.015kt_/7-FaceId-0_align.webp,0.084368,1.0,0.2281326780860064
database3/database3/m.015l1l/126-FaceId-0_align.webp,0.0,1.0,0.1762492901343521
database3/database3/m.015l51/58-FaceId-0_align.webp,0.077217,1.0,0.2144707286562389
database3/database3/m.015lg2/3-FaceId-0_align.webp,0.081487,1.0,0.3788885537466823
database3/database3/m.015m2c/35-FaceId-0_align.webp,0.111821,0.0,0.3528523913815933
database3/database3/m.015m2c/62-FaceId-0_align.webp,0.107098,0.0,0.3308366012935182
database3/database3/m.015m2c/96-FaceId-0_align.webp,0.077293,0.0,0.3495933633893313
database3/database3/m.015m2v/50-FaceId-0_align.webp,0.014038,1.0,0.2456496177684843
database3/database3/m.015m_9/103-FaceId-0_align.webp,0.203457,0.0,0.2871084147925266
database3/database3/m.015m_9/23-FaceId-0_align.webp,0.194385,0.0,0.2416405888293958
database3/database3/m.015mfy/124-FaceId-0_align.webp,0.011509,1.0,0.3540098032767108
database3/database3/m.015mfy/44-FaceId-0_align.webp,0.015486,1.0,0.3629887387818342
database3/database3/m.015ncq/12-FaceId-0_align.webp,0.097302,0.0,0.24736665892562
database3/database3/m.015ncq/15-FaceId-0_align.webp,0.108176,0.0,0.2348723849848566
database3/database3/m.015ncq/43-FaceId-0_align.webp,0.173231,0.0,0.3131617895425432
database3/database3/m.015nr6/10-FaceId-0_align.webp,0.135309,0.0,0.2090631295231997
database3/database3/m.015nxw/46-FaceId-0_align.webp,0.033616,1.0,0.2399586471133835
database3/database3/m.015nz8/33-FaceId-0_align.webp,0.258768,1.0,0.2618074780746852
database3/database3/m.015p0c/3-FaceId-0_align.webp,0.047687,1.0,0.2125130390132529
database3/database3/m.015p37/5-FaceId-0_align.webp,0.024022,0.0,0.3781292667627173
database3/database3/m.015p3p/83-FaceId-3_align.webp,0.095309,1.0,0.2975760600478299
database3/database3/m.015p_p/4-FaceId-0_align.webp,0.041582,1.0,0.3725510984485571
database3/database3/m.015ph6/52-FaceId-0_align.webp,0.019715,1.0,0.2299466131519408
database3/database3/m.015ph6/9-FaceId-0_align.webp,0.017184,1.0,0.2086866992800849
database3/database3/m.015phm/91-FaceId-0_align.webp,0.017375,1.0,0.1943628900858037
database3/database3/m.015pqq/24-FaceId-0_align.webp,0.179784,0.0,0.2490394253125339
database3/database3/m.015pqq/66-FaceId-0_align.webp,0.136121,0.0,0.3501546805011378
database3/database3/m.015pqq/87-FaceId-0_align.webp,0.018013,0.0,0.2548332676818734
database3/database3/m.015pt7/51-FaceId-0_align.webp,0.127322,1.0,0.2672373804438385
database3/database3/m.015pt7/58-FaceId-0_align.webp,0.035197,1.0,0.226848418728238
database3/database3/m.015pt7/60-FaceId-0_align.webp,0.049196,1.0,0.323120469282901
database3/database3/m.015pvh/112-FaceId-0_align.webp,0.330281,0.0,0.2593544359805143
database3/database3/m.015px7/44-FaceId-0_align.webp,0.034165,1.0,0.2245107153221437
database3/database3/m.015px7/91-FaceId-0_align.webp,0.015722,1.0,0.2646613054540025
database3/database3/m.015pxr/76-FaceId-0_align.webp,0.013737,1.0,0.2296221911391434
database3/database3/m.015pxr/85-FaceId-0_align.webp,0.04711,1.0,0.2558078246873706
database3/database3/m.015pz3/26-FaceId-0_align.webp,0.029214,1.0,0.2458226391968301
database3/database3/m.015q3m/88-FaceId-0_align.webp,0.02977,1.0,0.2249180031011952
database3/database3/m.015q43/44-FaceId-0_align.webp,0.14431,0.0,0.2455824831184905
database3/database3/m.015q43/83-FaceId-0_align.webp,0.202776,0.0,0.2676931659613427
database3/database3/m.015q7v/66-FaceId-0_align.webp,0.123951,1.0,0.2500569613054586
database3/database3/m.015q7v/70-FaceId-0_align.webp,0.084162,1.0,0.2511054649669936
database3/database3/m.015q7v/74-FaceId-0_align.webp,0.166774,1.0,0.3881231725619091
database3/database3/m.015q7v/95-FaceId-0_align.webp,0.114436,1.0,0.2298505654617713
database3/database3/m.015q9_/38-FaceId-0_align.webp,0.073529,1.0,0.2565482997770231
database3/database3/m.015q9_/55-FaceId-0_align.webp,0.228226,1.0,0.2621690773358314
database3/database3/m.015qgb/80-FaceId-0_align.webp,0.240744,0.0,0.2930318640737218
database3/database3/m.015ql4/49-FaceId-0_align.webp,0.010843,1.0,0.233952242695443
database3/database3/m.015ql_/79-FaceId-0_align.webp,0.076307,0.0,0.255582955501884
database3/database3/m.015qlm/10-FaceId-0_align.webp,0.050821,0.0,0.238678420023931
database3/database3/m.015qlm/70-FaceId-0_align.webp,0.030997,0.0,0.2369810393414934
database3/database3/m.015qpn/63-FaceId-0_align.webp,0.366396,1.0,0.222587219058151
database3/database3/m.015qq1/36-FaceId-0_align.webp,0.022633,1.0,0.2185843475383596
database3/database3/m.015qty/73-FaceId-0_align.webp,0.019129,1.0,0.2077544907920479
database3/database3/m.015qty/74-FaceId-0_align.webp,0.007618,1.0,0.2338198384542169
database3/database3/m.015qv9/29-FaceId-0_align.webp,0.006101,1.0,0.2552499960545323
database3/database3/m.015qxn/75-FaceId-0_align.webp,0.029389,1.0,0.216659913519218
database3/database3/m.015qxn/81-FaceId-0_align.webp,0.000968,1.0,0.3199195465288044
database3/database3/m.015qyf/14-FaceId-0_align.webp,0.032701,1.0,0.2494813967283042
database3/database3/m.015qzv/12-FaceId-0_align.webp,0.03298,1.0,0.3679188158815236
database3/database3/m.015qzv/45-FaceId-0_align.webp,0.048204,1.0,0.343178227715644
database3/database3/m.015qzv/55-FaceId-0_align.webp,0.094832,1.0,0.4149773128409092
database3/database3/m.015qzv/57-FaceId-0_align.webp,0.068867,1.0,0.2677425301832779
database3/database3/m.015r3q/35-FaceId-0_align.webp,0.001755,1.0,0.358891921590679
database3/database3/m.015r4v/28-FaceId-0_align.webp,0.015627,1.0,0.2757188472160627
database3/database3/m.015rhv/21-FaceId-0_align.webp,0.274759,1.0,0.3207901971396495
database3/database3/m.015rmq/88-FaceId-0_align.webp,0.016982,1.0,0.2315056649839315
database3/database3/m.015t_m/31-FaceId-0_align.webp,0.0851,1.0,0.1823493901664122
database3/database3/m.015thk/1-FaceId-0_align.webp,0.117609,1.0,0.2347649018947021
database3/database3/m.015thk/47-FaceId-0_align.webp,0.223814,1.0,0.307287860408945
database3/database3/m.015thk/89-FaceId-0_align.webp,0.010677,1.0,0.359779665099234
database3/database3/m.015tp7/25-FaceId-0_align.webp,0.089928,1.0,0.2479131765759016
database3/database3/m.015tp7/4-FaceId-0_align.webp,0.078982,1.0,0.2580915747153495
database3/database3/m.015tv5/22-FaceId-0_align.webp,0.009031,1.0,0.2522577373448654
database3/database3/m.015tv5/54-FaceId-0_align.webp,0.027498,1.0,0.2344895732492799
database3/database3/m.015tyq/50-FaceId-0_align.webp,0.029346,1.0,0.2921714677540646
database3/database3/m.015tyq/63-FaceId-0_align.webp,0.05956,1.0,0.3765956272798375
database3/database3/m.015v98/49-FaceId-0_align.webp,0.062142,0.0,0.2658737051522856
database3/database3/m.015v98/79-FaceId-0_align.webp,0.070144,0.0,0.2688937217605699
database3/database3/m.015vql/63-FaceId-0_align.webp,0.02634,1.0,0.2612131440775363
database3/database3/m.015vyh/54-FaceId-0_align.webp,0.020372,1.0,0.2321708109982027
database3/database3/m.015wfg/59-FaceId-0_align.webp,0.021245,1.0,0.248480384270518
database3/database3/m.015wfy/41-FaceId-0_align.webp,0.10115,1.0,0.2252312428676628
database3/database3/m.015wfy/43-FaceId-0_align.webp,0.000923,1.0,0.3328006096090259
database3/database3/m.015wfy/78-FaceId-0_align.webp,0.064575,1.0,0.3579635700788284
database3/database3/m.015wfy/91-FaceId-0_align.webp,0.156,1.0,0.3368171136967866
database3/database3/m.015wgw/16-FaceId-0_align.webp,0.030553,1.0,0.2267212045463045
database3/database3/m.015wgw/5-FaceId-0_align.webp,0.079937,1.0,0.2425331803012603
database3/database3/m.015wkb/94-FaceId-0_align.webp,0.010721,1.0,0.2196616049320886
database3/database3/m.015x3n/93-FaceId-0_align.webp,0.0,0.0,0.6561244267499828
database3/database3/m.015x63/126-FaceId-0_align.webp,0.077609,0.0,0.2383444710060151
database3/database3/m.015xnd/46-FaceId-0_align.webp,0.021854,1.0,0.287910209659311
database3/database3/m.015xnd/72-FaceId-0_align.webp,0.171432,1.0,0.4108834689596621
database3/database3/m.015xsn/17-FaceId-0_align.webp,0.021828,1.0,0.303654797341138
database3/database3/m.015xww/31-FaceId-0_align.webp,0.075773,1.0,0.2390252981962209
database3/database3/m.015xys/54-FaceId-0_align.webp,0.054138,1.0,0.2191149315162553
database3/database3/m.015y4c/42-FaceId-0_align.webp,0.097688,1.0,0.198976977125601
database3/database3/m.015y4c/72-FaceId-0_align.webp,0.027368,1.0,0.2213834451345514
database3/database3/m.015y4c/79-FaceId-0_align.webp,0.010835,1.0,0.2007280780042983
database3/database3/m.015yb0/108-FaceId-0_align.webp,0.073526,1.0,0.2133727237517246
database3/database3/m.015ybz/5-FaceId-0_align.webp,0.004767,1.0,0.4433637289463552
database3/database3/m.015yg9/69-FaceId-0_align.webp,0.021682,1.0,0.3061053601283365
database3/database3/m.015ykr/19-FaceId-0_align.webp,0.078311,0.0,0.241579684247575
database3/database3/m.015ykr/9-FaceId-0_align.webp,0.026904,0.0,0.2122294425663143
database3/database3/m.015z4j/106-FaceId-1_align.webp,0.203863,0.0,0.2517561068468382
database3/database3/m.015z4j/30-FaceId-0_align.webp,0.022438,0.0,0.2259581450111117
database3/database3/m.015zj4/3-FaceId-0_align.webp,0.026859,1.0,0.3139869191639871
database3/database3/m.015zjx/34-FaceId-0_align.webp,0.188292,1.0,0.2719805918274621
database3/database3/m.015zm4/92-FaceId-0_align.webp,0.019768,1.0,0.3445853410807615
database3/database3/m.015zmm/35-FaceId-0_align.webp,0.071991,0.0,0.2364191708588975
database3/database3/m.016077/95-FaceId-0_align.webp,0.023638,1.0,0.2563931185750294
database3/database3/m.0160pf/102-FaceId-0_align.webp,0.037457,1.0,0.2562859045616782
database3/database3/m.016194/12-FaceId-0_align.webp,0.028771,1.0,0.2447856731023136
database3/database3/m.016194/6-FaceId-0_align.webp,0.025295,1.0,0.207702575607114
database3/database3/m.0161h5/105-FaceId-0_align.webp,0.042175,0.0,0.2274326889564556
database3/database3/m.0161hn/33-FaceId-0_align.webp,0.010683,1.0,0.3044125258635757
database3/database3/m.0162c8/22-FaceId-0_align.webp,0.021055,1.0,0.2595849985268478
database3/database3/m.0162c8/71-FaceId-0_align.webp,0.041746,1.0,0.2494544559026686
database3/database3/m.0162c8/72-FaceId-0_align.webp,0.034776,1.0,0.2522639673965297
database3/database3/m.0162lw/68-FaceId-0_align.webp,0.026272,1.0,0.2518245676988379
database3/database3/m.0162n1/16-FaceId-0_align.webp,0.013549,1.0,0.3615259765550735
database3/database3/m.0162n1/17-FaceId-0_align.webp,0.15524,1.0,0.3651439878089814
database3/database3/m.01635v/83-FaceId-0_align.webp,0.001023,1.0,0.1983568534249539
database3/database3/m.0163bt/91-FaceId-0_align.webp,0.100672,1.0,0.2622501539999101
database3/database3/m.0163kf/72-FaceId-0_align.webp,0.120095,0.0,0.2368374132953626
database3/database3/m.0163kf/83-FaceId-0_align.webp,0.098981,0.0,0.2760027369600338
database3/database3/m.0163rk/30-FaceId-0_align.webp,0.022552,1.0,0.2415303952899442
database3/database3/m.0163s9/24-FaceId-0_align.webp,0.074147,1.0,0.2541610695321402
database3/database3/m.0163s9/74-FaceId-0_align.webp,0.166715,1.0,0.2413402087589811
database3/database3/m.0163t3/106-FaceId-0_align.webp,0.195337,0.0,0.2418767371000756
database3/database3/m.0163t3/9-FaceId-0_align.webp,0.08181,0.0,0.2290722446840351
database3/database3/m.0163y8/74-FaceId-0_align.webp,0.077227,1.0,0.2680267549877343
database3/database3/m.0164c4/60-FaceId-0_align.webp,0.111711,0.0,0.2184381065285999
database3/database3/m.0164lp/69-FaceId-0_align.webp,0.064522,1.0,0.2142274820230162
database3/database3/m.0164lp/92-FaceId-0_align.webp,0.151037,1.0,0.3755444615912509
database3/database3/m.0164nb/3-FaceId-0_align.webp,0.089532,1.0,0.2279880352404958
database3/database3/m.0164y7/34-FaceId-0_align.webp,0.005214,1.0,0.2516092310234703
database3/database3/m.0165cp/26-FaceId-0_align.webp,0.006703,0.0,0.2142388412080603
database3/database3/m.0165cp/52-FaceId-0_align.webp,0.057554,0.0,0.198372245889058
database3/database3/m.0165gc/85-FaceId-0_align.webp,0.006716,1.0,0.2142887102553983
database3/database3/m.0165gc/99-FaceId-0_align.webp,0.120842,1.0,0.2361727268906644
database3/database3/m.0165ky/57-FaceId-0_align.webp,0.015031,1.0,0.3142617328573269
database3/database3/m.0165n5/59-FaceId-0_align.webp,0.014306,0.0,0.2087309045351043
database3/database3/m.01666h/59-FaceId-0_align.webp,0.366126,0.0,0.2586218394126843
database3/database3/m.01666h/65-FaceId-0_align.webp,0.324656,0.0,0.2818724827686928
database3/database3/m.0166rp/41-FaceId-0_align.webp,0.108225,1.0,0.2529831135674456
database3/database3/m.0166rp/55-FaceId-0_align.webp,0.058677,1.0,0.2886921711724363
database3/database3/m.0166w_/52-FaceId-0_align.webp,0.055626,1.0,0.2191112450353647
database3/database3/m.0166w_/7-FaceId-0_align.webp,0.051227,1.0,0.1908761326859953
database3/database3/m.0166yl/4-FaceId-0_align.webp,0.128426,1.0,0.2282094653425188
database3/database3/m.0166yl/42-FaceId-0_align.webp,0.00821,1.0,0.2389415419952631
database3/database3/m.0166zk/13-FaceId-0_align.webp,0.040817,1.0,0.3939048344417311
database3/database3/m.0166zk/42-FaceId-0_align.webp,0.020069,1.0,0.3250288774325245
database3/database3/m.0166zk/72-FaceId-0_align.webp,0.015452,1.0,0.2408603473616283
database3/database3/m.01678_/78-FaceId-0_align.webp,0.014927,1.0,0.2152673379196859
database3/database3/m.0167h6/35-FaceId-0_align.webp,0.000892,1.0,0.2178826860892809
database3/database3/m.0167xk/87-FaceId-0_align.webp,0.035118,1.0,0.2599320971969153
database3/database3/m.016883/25-FaceId-0_align.webp,0.021581,1.0,0.228654654066165
database3/database3/m.016883/35-FaceId-0_align.webp,0.016967,1.0,0.2522362297228538
database3/database3/m.016883/79-FaceId-0_align.webp,0.042662,1.0,0.2299229696330626
database3/database3/m.0168cl/73-FaceId-0_align.webp,0.16573,1.0,0.2501184787768782
database3/database3/m.0168ql/60-FaceId-0_align.webp,0.01118,1.0,0.1754102610674583
database3/database3/m.0168vx/9-FaceId-0_align.webp,0.182986,0.0,0.2119671981783437
database3/database3/m.01693z/106-FaceId-0_align.webp,0.308514,1.0,0.2915886584190841
database3/database3/m.01693z/67-FaceId-0_align.webp,0.053019,1.0,0.2096872318129428
database3/database3/m.016959/105-FaceId-0_align.webp,0.10109,1.0,0.2868027165751484
database3/database3/m.016959/51-FaceId-0_align.webp,0.067755,1.0,0.2495113720086717
database3/database3/m.0169ff/102-FaceId-0_align.webp,0.033338,1.0,0.2825458189386106
database3/database3/m.0169ff/36-FaceId-0_align.webp,0.024259,1.0,0.2385684513301921
database3/database3/m.0169ff/79-FaceId-0_align.webp,0.137366,1.0,0.2496379808236953
database3/database3/m.0169mh/14-FaceId-0_align.webp,0.084985,0.0,0.2847787713904313
database3/database3/m.0169r6/43-FaceId-0_align.webp,0.109367,0.0,0.2536146182182586
database3/database3/m.0169v2/37-FaceId-0_align.webp,0.237432,0.0,0.2689261724334664
database3/database3/m.0169v2/60-FaceId-0_align.webp,0.294775,0.0,0.2786830003775408
database3/database3/m.0169x_/12-FaceId-0_align.webp,0.169443,1.0,0.2319037427878001
database3/database3/m.016_js/82-FaceId-0_align.webp,0.00161,0.0,0.2218730373634952
database3/database3/m.016_js/90-FaceId-0_align.webp,0.074161,0.0,0.247964942882596
database3/database3/m.016_mj/9-FaceId-0_align.webp,0.005546,1.0,0.2530173160996835
database3/database3/m.016b6z/92-FaceId-0_align.webp,0.053278,1.0,0.2733699034539588
database3/database3/m.016b90/0-FaceId-0_align.webp,0.006801,1.0,0.222532576439028
database3/database3/m.016b90/79-FaceId-0_align.webp,0.0,1.0,0.161124494320773
database3/database3/m.016b90/8-FaceId-0_align.webp,0.046454,1.0,0.1967423485319648
database3/database3/m.016b90/93-FaceId-0_align.webp,0.01334,1.0,0.2250746241871233
database3/database3/m.016cn6/6-FaceId-0_align.webp,0.062721,1.0,0.3087399603579308
database3/database3/m.016cn6/90-FaceId-0_align.webp,0.090699,1.0,0.2490551902011303
database3/database3/m.016cz6/23-FaceId-1_align.webp,0.213677,1.0,0.565398812029994
database3/database3/m.016db7/11-FaceId-0_align.webp,0.00104,1.0,0.3046575507581718
database3/database3/m.016dbr/42-FaceId-0_align.webp,0.02227,1.0,0.2460368015682242
database3/database3/m.016fjj/77-FaceId-0_align.webp,0.012807,1.0,0.2301649115981832
database3/database3/m.016fnv/40-FaceId-0_align.webp,0.049743,1.0,0.2370549307685254
database3/database3/m.016g29/40-FaceId-0_align.webp,0.003894,1.0,0.2877865758563926
database3/database3/m.016g29/95-FaceId-0_align.webp,0.017798,1.0,0.1924532729169773
database3/database3/m.016ggh/74-FaceId-0_align.webp,0.004674,1.0,0.2214969711948003
database3/database3/m.016ghw/12-FaceId-0_align.webp,0.035794,1.0,0.3171788808401479
database3/database3/m.016gkf/85-FaceId-0_align.webp,0.159983,1.0,0.2440848688758116
database3/database3/m.016gnp/45-FaceId-0_align.webp,0.027576,1.0,0.234284490461087
database3/database3/m.016gnp/48-FaceId-0_align.webp,0.0,1.0,0.2465249061770635
database3/database3/m.016gr2/107-FaceId-0_align.webp,0.0,1.0,0.2791683449885423
database3/database3/m.016gr2/38-FaceId-0_align.webp,0.0,1.0,0.2097147196706072
database3/database3/m.016hgp/12-FaceId-0_align.webp,0.055372,0.0,0.2279363378568304
database3/database3/m.016hgp/32-FaceId-12_align.webp,0.159452,0.0,0.4471672958753577
database3/database3/m.016hgp/77-FaceId-4_align.webp,0.110387,0.0,0.2236922296540575
database3/database3/m.016hgp/77-FaceId-7_align.webp,0.08977,0.0,0.2269733066741939
database3/database3/m.016hgp/77-FaceId-9_align.webp,0.121788,0.0,0.2348461236750884
database3/database3/m.016hj7/88-FaceId-0_align.webp,0.028831,1.0,0.2014700766982093
database3/database3/m.016hk4/98-FaceId-0_align.webp,0.002253,1.0,0.2367187418558551
database3/database3/m.016hmf/90-FaceId-0_align.webp,0.168251,1.0,0.2579996368678245
database3/database3/m.016hrc/46-FaceId-0_align.webp,0.064797,0.0,0.2523681861946101
database3/database3/m.016htr/23-FaceId-0_align.webp,0.041326,1.0,0.2349585485183695
database3/database3/m.016htr/80-FaceId-0_align.webp,0.0,1.0,0.3921375478893933
database3/database3/m.016hvl/14-FaceId-0_align.webp,0.018608,1.0,0.2702112866735774
database3/database3/m.016hvl/79-FaceId-0_align.webp,0.027134,1.0,0.246242370428202
database3/database3/m.016hzm/79-FaceId-0_align.webp,0.040554,1.0,0.3341089915486029
database3/database3/m.016j4q/17-FaceId-0_align.webp,0.014713,1.0,0.736364369362029
database3/database3/m.016j4q/73-FaceId-0_align.webp,0.027874,1.0,0.4449291669455805
database3/database3/m.016j55/23-FaceId-0_align.webp,0.003044,1.0,0.2788592597625853
database3/database3/m.016j_c/80-FaceId-0_align.webp,0.167359,0.0,0.2662235218104599
database3/database3/m.016k0j/73-FaceId-0_align.webp,0.021214,0.0,0.2451550991872586
database3/database3/m.016k38/76-FaceId-0_align.webp,0.03171,1.0,0.3076779280479433
database3/database3/m.016k38/86-FaceId-0_align.webp,0.0969,1.0,0.3485684981680027
database3/database3/m.016k58/57-FaceId-0_align.webp,0.285077,0.0,0.2666999055443647
database3/database3/m.016k6x/11-FaceId-0_align.webp,0.0,1.0,0.221306432379253
database3/database3/m.016k6x/19-FaceId-0_align.webp,0.0,1.0,0.2051804126017365
database3/database3/m.016k92/3-FaceId-0_align.webp,0.164786,1.0,0.2752541221430734
database3/database3/m.016k92/39-FaceId-0_align.webp,0.115077,1.0,0.2608312659176109
database3/database3/m.016k92/53-FaceId-0_align.webp,0.124335,1.0,0.2696501418926988
database3/database3/m.016k_v/117-FaceId-0_align.webp,0.172292,0.0,0.222920015652879
database3/database3/m.016k_v/31-FaceId-0_align.webp,0.103765,0.0,0.2319720671457864
database3/database3/m.016k_v/6-FaceId-0_align.webp,0.102662,0.0,0.2288473150625588
database3/database3/m.016kdv/96-FaceId-0_align.webp,0.10171,1.0,0.2368447320425725
database3/database3/m.016kft/30-FaceId-0_align.webp,0.094506,1.0,0.2597395407282554
database3/database3/m.016khd/116-FaceId-0_align.webp,0.014365,1.0,0.3715630583281927
database3/database3/m.016khd/18-FaceId-0_align.webp,0.045446,1.0,0.2904384507640385
database3/database3/m.016khd/77-FaceId-0_align.webp,0.016363,1.0,0.2263870082197165
database3/database3/m.016kjs/51-FaceId-0_align.webp,0.103247,1.0,0.2590321714402882
database3/database3/m.016kqk/22-FaceId-0_align.webp,0.109366,1.0,0.2838832626693992
database3/database3/m.016kqk/57-FaceId-0_align.webp,0.028005,1.0,0.2900356946299485
database3/database3/m.016ksk/77-FaceId-0_align.webp,0.033554,1.0,0.3203732151719168
database3/database3/m.016l53/34-FaceId-0_align.webp,0.004644,1.0,0.3860536430822435
database3/database3/m.016l_5/13-FaceId-1_align.webp,0.028409,0.0,0.3721921872133081
database3/database3/m.016l_5/23-FaceId-0_align.webp,0.13632,0.0,0.2319837513368509
database3/database3/m.016l_5/69-FaceId-0_align.webp,0.067658,0.0,0.2284202249248895
database3/database3/m.016lb3/2-FaceId-0_align.webp,0.005513,1.0,0.2242388396150247
database3/database3/m.016lh0/74-FaceId-0_align.webp,0.000336,1.0,0.2383138852996712
database3/database3/m.016m0v/15-FaceId-0_align.webp,0.003574,1.0,0.3416579867362791
database3/database3/m.016m0v/47-FaceId-0_align.webp,0.010823,1.0,0.353234705353266
database3/database3/m.016m0v/48-FaceId-0_align.webp,0.006305,1.0,0.2888138464181483
database3/database3/m.016mgj/22-FaceId-0_align.webp,0.177659,0.0,0.2336787132113574
database3/database3/m.016mgj/72-FaceId-0_align.webp,0.141048,0.0,0.3804399106368147
database3/database3/m.016ntp/45-FaceId-0_align.webp,0.056576,0.0,0.4380489859708465
database3/database3/m.016ntp/58-FaceId-0_align.webp,0.194583,0.0,0.3535437078354034
database3/database3/m.016ntp/78-FaceId-0_align.webp,0.262576,0.0,0.2839470051669251
database3/database3/m.016ntp/85-FaceId-0_align.webp,0.141759,0.0,0.2573253891626382
database3/database3/m.016nvh/2-FaceId-0_align.webp,0.143526,1.0,0.2537589005367883
database3/database3/m.016nvy/82-FaceId-0_align.webp,0.14288,0.0,0.2318604004950689
database3/database3/m.016nws/82-FaceId-0_align.webp,0.154826,1.0,0.3053859136784761
database3/database3/m.016pns/55-FaceId-0_align.webp,0.055966,1.0,0.2652414825324341
database3/database3/m.016q0w/27-FaceId-0_align.webp,0.009996,1.0,0.2427310037606629
database3/database3/m.016q2n/25-FaceId-0_align.webp,0.030179,0.0,0.2337124062327224
database3/database3/m.016q2n/89-FaceId-0_align.webp,0.007529,0.0,0.2546595981456097
database3/database3/m.016q4_/99-FaceId-1_align.webp,0.000294,0.0,0.2234110754901913
database3/database3/m.016qrb/16-FaceId-0_align.webp,0.039165,0.0,0.2294272752413363
database3/database3/m.016qrb/78-FaceId-0_align.webp,0.145711,0.0,0.2241937904491557
database3/database3/m.016qtt/15-FaceId-0_align.webp,0.187503,1.0,0.2381726370264019
database3/database3/m.016qtt/25-FaceId-0_align.webp,0.283035,1.0,0.2517783185833223
database3/database3/m.016r3x/42-FaceId-0_align.webp,0.001242,1.0,0.1951654699441334
database3/database3/m.016r3x/44-FaceId-0_align.webp,0.007495,1.0,0.25367887060644
database3/database3/m.016sff/35-FaceId-0_align.webp,0.025858,1.0,0.4575595237226648
database3/database3/m.016sp_/9-FaceId-0_align.webp,0.355835,1.0,0.2349218033011291
database3/database3/m.016swh/38-FaceId-0_align.webp,0.0,1.0,0.2407931654688857
database3/database3/m.016sz1/68-FaceId-0_align.webp,0.00381,1.0,0.2642494118915117
database3/database3/m.016szr/0-FaceId-0_align.webp,0.081751,1.0,0.3811146952431177
database3/database3/m.016szr/31-FaceId-0_align.webp,0.150774,1.0,0.3798326193753207
database3/database3/m.016t00/27-FaceId-0_align.webp,0.010723,1.0,0.2631890229580018
database3/database3/m.016t00/29-FaceId-0_align.webp,0.026052,1.0,0.2491375558829007
database3/database3/m.016t00/49-FaceId-0_align.webp,0.061342,1.0,0.2737453566007423
database3/database3/m.016tb7/64-FaceId-0_align.webp,0.020212,0.0,0.2218467819648983
database3/database3/m.016tbr/53-FaceId-0_align.webp,0.052696,1.0,0.2512541401692867
database3/database3/m.016tbr/91-FaceId-0_align.webp,0.278026,1.0,0.283933955770526
database3/database3/m.016tbr/97-FaceId-0_align.webp,0.035531,1.0,0.272104409068862
database3/database3/m.016tcm/7-FaceId-0_align.webp,0.0,1.0,0.2466869953653682
database3/database3/m.016tqw/18-FaceId-0_align.webp,0.009857,1.0,0.25880396339349
database3/database3/m.016vqk/91-FaceId-0_align.webp,0.041054,1.0,0.2381920237304119
database3/database3/m.016vxj/34-FaceId-0_align.webp,0.081238,1.0,0.2242579488355763
database3/database3/m.016vy9/16-FaceId-0_align.webp,0.135759,0.0,0.2378793052484609
database3/database3/m.016vy9/41-FaceId-0_align.webp,0.023537,0.0,0.2172855361907248
database3/database3/m.016vyp/28-FaceId-0_align.webp,0.086364,1.0,0.2399129089164822
database3/database3/m.016vyp/92-FaceId-0_align.webp,0.043472,1.0,0.2313505272888806
database3/database3/m.016wdq/47-FaceId-0_align.webp,0.021942,1.0,0.4568325099556619
database3/database3/m.016wvy/16-FaceId-0_align.webp,0.016451,1.0,0.2386133971302307
database3/database3/m.016wvy/70-FaceId-0_align.webp,0.279688,1.0,0.2687802637622686
database3/database3/m.016wvy/90-FaceId-0_align.webp,0.0652,1.0,0.3878681036379634
database3/database3/m.016xk5/94-FaceId-0_align.webp,0.039665,1.0,0.2275970666360968
database3/database3/m.016yr0/49-FaceId-0_align.webp,0.028821,1.0,0.2303037602522256
database3/database3/m.016yr0/53-FaceId-0_align.webp,0.03224,1.0,0.2210797570707499
database3/database3/m.016yr0/98-FaceId-0_align.webp,0.103354,1.0,0.250323618445758
database3/database3/m.016ywr/2-FaceId-0_align.webp,0.022088,1.0,0.2995483196804642
database3/database3/m.016ywr/21-FaceId-0_align.webp,0.053813,1.0,0.2495035347623304
database3/database3/m.016ywr/76-FaceId-0_align.webp,0.0,1.0,0.2209088932474571
database3/database3/m.016z3d/40-FaceId-0_align.webp,0.041987,1.0,0.2214074907307775
database3/database3/m.016z3d/43-FaceId-0_align.webp,0.184794,1.0,0.238606723113358
database3/database3/m.016z3d/48-FaceId-0_align.webp,0.181018,1.0,0.236899102438491
database3/database3/m.016z68/21-FaceId-0_align.webp,0.185954,1.0,0.2680066704884732
database3/database3/m.016z68/89-FaceId-0_align.webp,0.268667,1.0,0.259172160175406
database3/database3/m.016zp5/13-FaceId-0_align.webp,0.016071,1.0,0.2123573082888801
database3/database3/m.016zp5/31-FaceId-0_align.webp,0.101464,1.0,0.3962639288164037
database3/database3/m.016zp5/64-FaceId-0_align.webp,0.006697,1.0,0.2413859000999768
database3/database3/m.016zp5/68-FaceId-0_align.webp,0.014376,1.0,0.2477148105239629
database3/database3/m.016zvk/22-FaceId-0_align.webp,0.104809,0.0,0.2408176996647966
database3/database3/m.016zvk/81-FaceId-0_align.webp,0.147393,0.0,0.2377564229056147
database3/database3/m.016zvk/88-FaceId-0_align.webp,0.080384,0.0,0.2071809305927083
database3/database3/m.016zvk/91-FaceId-0_align.webp,0.084334,0.0,0.2274493298333312
database3/database3/m.0170pk/112-FaceId-0_align.webp,0.029113,1.0,0.3294381033288925
database3/database3/m.0170pk/32-FaceId-0_align.webp,0.0,1.0,0.3485907977073185
database3/database3/m.0170pk/71-FaceId-0_align.webp,0.003334,1.0,0.2627298298090502
database3/database3/m.0170pk/93-FaceId-0_align.webp,0.020024,1.0,0.3624542143538878
database3/database3/m.0170q1/39-FaceId-0_align.webp,0.098023,0.0,0.3210106680553051
database3/database3/m.0170qf/10-FaceId-0_align.webp,0.012168,1.0,0.2298880033097237
database3/database3/m.0170qf/66-FaceId-0_align.webp,0.173717,1.0,0.2596089554520623
database3/database3/m.0170s4/35-FaceId-0_align.webp,0.00841,1.0,0.2597533643812922
database3/database3/m.0170s4/44-FaceId-0_align.webp,0.007374,1.0,0.1886674870003729
database3/database3/m.0170s4/48-FaceId-0_align.webp,0.0,1.0,0.2012173688018341
database3/database3/m.0170s4/85-FaceId-0_align.webp,0.00918,1.0,0.2358401668229792
database3/database3/m.0170s4/86-FaceId-0_align.webp,0.00659,1.0,0.2158258315598359
database3/database3/m.0170zz/7-FaceId-0_align.webp,0.0033,1.0,0.3147741780073081
database3/database3/m.017115/2-FaceId-0_align.webp,0.178391,1.0,0.3162424693675322
database3/database3/m.0171cm/52-FaceId-0_align.webp,0.078391,1.0,0.3809878323798683
database3/database3/m.0171cm/9-FaceId-0_align.webp,0.020679,1.0,0.3745077871174538
database3/database3/m.0171dv/105-FaceId-0_align.webp,0.019879,1.0,0.2186138761906591
database3/database3/m.0171dv/106-FaceId-0_align.webp,0.079343,1.0,0.2529009412130773
database3/database3/m.0171z8/39-FaceId-0_align.webp,0.1172,0.0,0.5609151544009696
database3/database3/m.01721f/98-FaceId-0_align.webp,0.00066,1.0,0.1882975900737699
database3/database3/m.01728m/45-FaceId-0_align.webp,0.026608,1.0,0.3336653240820744
database3/database3/m.01734j/10-FaceId-0_align.webp,0.107434,1.0,0.3524483090459588
database3/database3/m.01737y/7-FaceId-0_align.webp,0.023524,1.0,0.214774684599548
database3/database3/m.0173cq/55-FaceId-0_align.webp,0.0687,0.0,0.2551937823190786
database3/database3/m.0173cq/82-FaceId-0_align.webp,0.052898,0.0,0.2264536255107496
database3/database3/m.0173p_/66-FaceId-0_align.webp,0.12779,0.0,0.287830860059411
database3/database3/m.0173p_/82-FaceId-0_align.webp,0.039784,0.0,0.2220829987300735
database3/database3/m.0173p_/97-FaceId-0_align.webp,0.06989,0.0,0.2453887411374565
database3/database3/m.0173s_/56-FaceId-0_align.webp,0.320216,0.0,0.261264063846312
database3/database3/m.01741h/75-FaceId-0_align.webp,0.057681,1.0,0.4000408450475289
database3/database3/m.01742l/53-FaceId-0_align.webp,0.210558,0.0,0.2851189508444157
database3/database3/m.01744d/24-FaceId-0_align.webp,0.021138,1.0,0.2476833749195494
database3/database3/m.01744d/66-FaceId-0_align.webp,0.069833,1.0,0.2476854478078197
database3/database3/m.017458/60-FaceId-0_align.webp,0.031087,1.0,0.4728686088567801
database3/database3/m.0174z2/31-FaceId-0_align.webp,0.019356,1.0,0.2361414651898356
database3/database3/m.0175m_/104-FaceId-0_align.webp,0.011519,1.0,0.2985503146380651
database3/database3/m.0175m_/106-FaceId-0_align.webp,0.008092,1.0,0.2257015052081167
database3/database3/m.0175s7/91-FaceId-0_align.webp,0.271553,1.0,0.2959148956619863
database3/database3/m.0175w3/23-FaceId-0_align.webp,0.084707,1.0,0.3703334922254417
database3/database3/m.0175w3/40-FaceId-0_align.webp,0.14122,1.0,0.4433251451574886
database3/database3/m.0175w3/8-FaceId-0_align.webp,0.022898,1.0,0.4765797228587636
database3/database3/m.01762z/69-FaceId-0_align.webp,0.001793,1.0,0.2336846123555946
database3/database3/m.017729/106-FaceId-0_align.webp,0.004005,1.0,0.2755976438389517
database3/database3/m.01772q/118-FaceId-0_align.webp,0.005376,1.0,0.2075330955777753
database3/database3/m.01778_/1-FaceId-0_align.webp,0.151831,0.0,0.3742913204994335
database3/database3/m.01778_/5-FaceId-0_align.webp,0.080886,0.0,0.3451646489688676
database3/database3/m.0177s6/54-FaceId-0_align.webp,0.003871,1.0,0.4075202709644264
database3/database3/m.0177s6/83-FaceId-0_align.webp,0.194958,1.0,0.3786154851408259
database3/database3/m.0178_j/46-FaceId-0_align.webp,0.038586,1.0,0.3425604247201529
database3/database3/m.0178d6/53-FaceId-0_align.webp,0.019408,1.0,0.228792920047877
database3/database3/m.0178d6/9-FaceId-0_align.webp,0.038126,1.0,0.2585997452175296
database3/database3/m.0178sb/20-FaceId-0_align.webp,0.025953,1.0,0.2234502584184135
database3/database3/m.01791s/104-FaceId-0_align.webp,0.057011,1.0,0.529337089942531
database3/database3/m.01793l/15-FaceId-0_align.webp,0.11519,1.0,0.4050025630984432
database3/database3/m.01793l/3-FaceId-0_align.webp,0.021997,1.0,0.3558859277817476
database3/database3/m.01793l/48-FaceId-0_align.webp,0.070141,1.0,0.4437094105569822
database3/database3/m.01793l/77-FaceId-0_align.webp,0.068916,1.0,0.4067527455078116
database3/database3/m.01794d/22-FaceId-0_align.webp,0.132698,1.0,0.2516420481745318
database3/database3/m.0179n7/47-FaceId-0_align.webp,0.025063,1.0,0.2412711690589974
database3/database3/m.0179ys/22-FaceId-0_align.webp,0.03888,1.0,0.2686481873977872
database3/database3/m.017_65/24-FaceId-0_align.webp,0.104039,1.0,0.3117480192015942
database3/database3/m.017__g/2-FaceId-0_align.webp,0.026314,1.0,0.2321182152448571
database3/database3/m.017__g/30-FaceId-0_align.webp,0.064708,1.0,0.2586935858507641
database3/database3/m.017_dr/0-FaceId-1_align.webp,0.037641,1.0,0.3541762333608932
database3/database3/m.017_dr/14-FaceId-0_align.webp,0.005491,1.0,0.2695860837007905
database3/database3/m.017_dr/47-FaceId-0_align.webp,0.191478,1.0,0.2681124218731488
database3/database3/m.017_dr/57-FaceId-0_align.webp,0.038308,1.0,0.3968671825031132
database3/database3/m.017_j4/45-FaceId-0_align.webp,0.032452,1.0,0.3509910483114877
database3/database3/m.017_j4/54-FaceId-0_align.webp,0.009302,1.0,0.3579009195877629
database3/database3/m.017_j4/93-FaceId-0_align.webp,0.05205,1.0,0.4820973566098749
database3/database3/m.017_l1/23-FaceId-0_align.webp,0.033635,1.0,0.2147806427747747
database3/database3/m.017_l1/5-FaceId-0_align.webp,0.0,1.0,0.2218734077663987
database3/database3/m.017_xx/84-FaceId-0_align.webp,0.180042,0.0,0.2382494651650847
database3/database3/m.017bd/83-FaceId-0_align.webp,0.002036,1.0,0.3271043191410887
database3/database3/m.017bd/85-FaceId-0_align.webp,0.002715,1.0,0.3825369138873878
database3/database3/m.017bk6/90-FaceId-2_align.webp,0.056904,0.0,0.2123904454107583
database3/database3/m.017bxq/72-FaceId-0_align.webp,0.032315,1.0,0.3159827154128075
database3/database3/m.017c87/108-FaceId-0_align.webp,0.012746,1.0,0.3431583884984599
database3/database3/m.017c87/7-FaceId-0_align.webp,0.008884,1.0,0.2161407749969547
database3/database3/m.017cgg/62-FaceId-0_align.webp,0.009893,1.0,0.3755767112265573
database3/database3/m.017d3v/21-FaceId-0_align.webp,0.000486,1.0,0.1694321826987642
database3/database3/m.017dpj/104-FaceId-0_align.webp,0.159674,1.0,0.3839306199782508
database3/database3/m.017dpj/116-FaceId-0_align.webp,0.004563,1.0,0.3208815301494181
database3/database3/m.017dpj/14-FaceId-0_align.webp,0.012759,1.0,0.3192803873085944
database3/database3/m.017dpj/6-FaceId-0_align.webp,0.157516,1.0,0.3912802025443979
database3/database3/m.017dpj/81-FaceId-0_align.webp,0.117413,1.0,0.4603521415458379
database3/database3/m.017dpj/98-FaceId-0_align.webp,0.093515,1.0,0.3659079720433851
database3/database3/m.017f4y/21-FaceId-0_align.webp,0.009046,1.0,0.2341085142031962
database3/database3/m.017fgp/17-FaceId-0_align.webp,0.004873,1.0,0.3513222503373098
database3/database3/m.017fhk/5-FaceId-0_align.webp,0.05945,1.0,0.3330009336695804
database3/database3/m.017fhk/70-FaceId-0_align.webp,0.025921,1.0,0.2148948061636125
database3/database3/m.017fhk/87-FaceId-0_align.webp,0.146412,1.0,0.3223399207111823
database3/database3/m.017fj_/2-FaceId-0_align.webp,0.022486,1.0,0.2359438590528492
database3/database3/m.017fj_/97-FaceId-0_align.webp,0.013264,1.0,0.3829400182781184
database3/database3/m.017fks/21-FaceId-0_align.webp,0.013755,1.0,0.2326492366423434
database3/database3/m.017fks/34-FaceId-0_align.webp,0.010024,1.0,0.3664748536034073
database3/database3/m.017fl5/7-FaceId-0_align.webp,0.088967,1.0,0.2473049860765758
database3/database3/m.017fl5/89-FaceId-0_align.webp,0.156395,1.0,0.3004589574410559
database3/database3/m.017fl_/0-FaceId-0_align.webp,0.016489,1.0,0.40640939864697
database3/database3/m.017fp0/26-FaceId-0_align.webp,0.014762,1.0,0.2168430418003628
database3/database3/m.017fp0/70-FaceId-0_align.webp,0.102621,1.0,0.2561841003628559
database3/database3/m.017fp0/85-FaceId-0_align.webp,0.016216,1.0,0.2526922343664987
database3/database3/m.017fp0/92-FaceId-0_align.webp,0.03683,1.0,0.3548844136100457
database3/database3/m.017frf/2-FaceId-0_align.webp,0.239226,1.0,0.2353332478441321
database3/database3/m.017frf/48-FaceId-0_align.webp,0.242631,1.0,0.2618473496071878
database3/database3/m.017ft0/4-FaceId-0_align.webp,0.025186,0.0,0.231030288277369
database3/database3/m.017fxp/62-FaceId-0_align.webp,0.006207,1.0,0.3319377815483806
database3/database3/m.017fzy/33-FaceId-0_align.webp,0.135665,1.0,0.2223045780935872
database3/database3/m.017fzy/38-FaceId-0_align.webp,0.020138,1.0,0.2536034791875416
database3/database3/m.017fzy/44-FaceId-0_align.webp,0.119262,1.0,0.2559249461794193
database3/database3/m.017fzy/7-FaceId-0_align.webp,0.042513,1.0,0.2332190450242433
database3/database3/m.017fzy/84-FaceId-0_align.webp,0.1089,1.0,0.269931063340783
database3/database3/m.017fzy/88-FaceId-0_align.webp,0.093437,1.0,0.22180393151552
database3/database3/m.017g21/51-FaceId-0_align.webp,0.121234,1.0,0.2670666687468542
database3/database3/m.017g2y/13-FaceId-0_align.webp,0.026164,1.0,0.233707706656565
database3/database3/m.017gd_/53-FaceId-0_align.webp,0.006889,1.0,0.3903125468009474
database3/database3/m.017gd_/59-FaceId-0_align.webp,0.012556,1.0,0.3211121285651688
database3/database3/m.017gxw/53-FaceId-0_align.webp,0.064935,0.0,0.2365915578156918
database3/database3/m.017h4c/0-FaceId-0_align.webp,0.049628,1.0,0.3586401794680254
database3/database3/m.017h_2/23-FaceId-0_align.webp,0.06887,1.0,0.386775672979353
database3/database3/m.017hgl/21-FaceId-0_align.webp,0.089799,1.0,0.2795762551127767
database3/database3/m.017hgl/42-FaceId-0_align.webp,0.004642,1.0,0.2573553041648891
database3/database3/m.017hjk/57-FaceId-0_align.webp,0.009431,1.0,0.2870671082219348
database3/database3/m.017hm9/3-FaceId-0_align.webp,0.001744,1.0,0.316962094286434
database3/database3/m.017hm9/36-FaceId-0_align.webp,0.002432,1.0,0.2529648762533349
database3/database3/m.017hw4/23-FaceId-0_align.webp,0.000412,1.0,0.2526570771478934
database3/database3/m.017hwl/3-FaceId-0_align.webp,0.014017,1.0,0.3856935878352475
database3/database3/m.017j1w/26-FaceId-0_align.webp,0.021211,1.0,0.2152184896485518
database3/database3/m.017j1w/35-FaceId-0_align.webp,0.039099,1.0,0.44432102997066
database3/database3/m.017j1w/8-FaceId-0_align.webp,0.052854,1.0,0.2123573638134549
database3/database3/m.017j2b/85-FaceId-0_align.webp,0.008707,1.0,0.2980268836884225
database3/database3/m.017jwg/17-FaceId-0_align.webp,0.002376,1.0,0.2755739775337711
database3/database3/m.017jwg/53-FaceId-0_align.webp,0.066995,0.0,0.257744512534855
database3/database3/m.017jwg/82-FaceId-0_align.webp,0.035246,1.0,0.2609793980669898
database3/database3/m.017kb5/32-FaceId-0_align.webp,0.006182,1.0,0.244728060401112
database3/database3/m.017kgm/108-FaceId-1_align.webp,0.015319,1.0,0.1931025110751199
database3/database3/m.017kgm/94-FaceId-0_align.webp,0.003416,1.0,0.2126770365721897
database3/database3/m.017kq/37-FaceId-0_align.webp,0.040762,1.0,0.35694781853594
database3/database3/m.017kq/48-FaceId-0_align.webp,0.009092,1.0,0.3488252646051554
database3/database3/m.017l4/11-FaceId-0_align.webp,0.001488,1.0,0.2141603293431883
database3/database3/m.017l4/73-FaceId-0_align.webp,0.09873,1.0,0.2444937175963365
database3/database3/m.017l4/80-FaceId-0_align.webp,0.025497,1.0,0.3587685406539165
database3/database3/m.017l7y/97-FaceId-0_align.webp,0.002424,1.0,0.2395782814027663
database3/database3/m.017lcg/63-FaceId-0_align.webp,0.136168,1.0,0.2498539575697283
database3/database3/m.017m2y/105-FaceId-0_align.webp,0.084072,0.0,0.2306304243387674
database3/database3/m.017m2y/30-FaceId-0_align.webp,0.20052,0.0,0.2665660904215136
database3/database3/m.017mrb/26-FaceId-0_align.webp,0.125876,1.0,0.2390390792870516
database3/database3/m.017q3j/27-FaceId-0_align.webp,0.040475,1.0,0.251201480451479
database3/database3/m.017q3j/87-FaceId-1_align.webp,0.137407,1.0,0.3069517509676139
database3/database3/m.017qkp/105-FaceId-0_align.webp,0.016276,1.0,0.2217834233877996
database3/database3/m.017qkp/8-FaceId-0_align.webp,0.006413,1.0,0.239256167267758
database3/database3/m.017r13/15-FaceId-0_align.webp,0.004576,1.0,0.2354831404984825
database3/database3/m.017r13/32-FaceId-0_align.webp,0.001926,1.0,0.2277691614247352
database3/database3/m.017r13/71-FaceId-0_align.webp,0.149849,1.0,0.2627072975112597
database3/database3/m.017r5g/69-FaceId-0_align.webp,0.246362,0.0,0.2689617002229644
database3/database3/m.017rh4/92-FaceId-0_align.webp,0.059749,1.0,0.2549133081301898
database3/database3/m.017rjs/94-FaceId-0_align.webp,0.227853,1.0,0.2337979015922701
database3/database3/m.017tk3/113-FaceId-0_align.webp,0.041074,1.0,0.2598141368114919
database3/database3/m.017tk3/5-FaceId-0_align.webp,0.023981,1.0,0.2653341658373444
database3/database3/m.017tk3/61-FaceId-0_align.webp,0.058875,1.0,0.2840449002683132
database3/database3/m.017tk3/83-FaceId-0_align.webp,0.016266,1.0,0.2532206573968689
database3/database3/m.017tkv/15-FaceId-0_align.webp,0.09519,0.0,0.2164630667882633
database3/database3/m.017tkv/5-FaceId-0_align.webp,0.108291,0.0,0.2297355225618574
database3/database3/m.017tlt/70-FaceId-0_align.webp,0.079127,1.0,0.1871542459491991
database3/database3/m.017tn4/17-FaceId-0_align.webp,0.026983,1.0,0.3563309877459484
database3/database3/m.017tn4/54-FaceId-2_align.webp,0.042656,1.0,0.3080017000083734
database3/database3/m.017tnz/116-FaceId-0_align.webp,0.135035,1.0,0.2592513969034753
database3/database3/m.017vfn/43-FaceId-0_align.webp,0.036126,1.0,0.2374986505170744
database3/database3/m.017vkk/88-FaceId-0_align.webp,0.022172,0.0,0.2312946175056232
database3/database3/m.017vkx/34-FaceId-1_align.webp,0.050784,1.0,0.3873521248963095
database3/database3/m.017wbg/77-FaceId-0_align.webp,0.079706,1.0,0.2348174567240873
database3/database3/m.017x_s/36-FaceId-0_align.webp,0.021378,1.0,0.3791626957396844
database3/database3/m.017xm3/52-FaceId-0_align.webp,0.225925,0.0,0.2416035514466911
database3/database3/m.017yfz/93-FaceId-0_align.webp,0.237267,1.0,0.0
database3/database3/m.017yvm/5-FaceId-0_align.webp,0.011632,1.0,0.2417367166825928
database3/database3/m.017yvm/93-FaceId-0_align.webp,0.007487,1.0,0.3255785231199838
database3/database3/m.017yzt/119-FaceId-0_align.webp,0.299381,0.0,0.2823304782427365
database3/database3/m.017yzt/55-FaceId-0_align.webp,0.055778,0.0,0.216770777618159
database3/database3/m.017yzt/61-FaceId-0_align.webp,0.0,0.0,0.2172648852027025
database3/database3/m.017z_/91-FaceId-0_align.webp,0.06531,1.0,0.3585790549411482
database3/database3/m.017zng/39-FaceId-0_align.webp,0.114304,1.0,0.2385440550696776
database3/database3/m.017zng/73-FaceId-0_align.webp,0.087005,1.0,0.2880402281106324
database3/database3/m.017zng/97-FaceId-0_align.webp,0.096418,1.0,0.2182190884427046
database3/database3/m.01804k/55-FaceId-0_align.webp,0.104401,0.0,0.2280973794079124
database3/database3/m.01807/65-FaceId-0_align.webp,0.087681,1.0,0.3910795866636977
database3/database3/m.01807/73-FaceId-0_align.webp,0.147607,1.0,0.4117607837849492
database3/database3/m.018144/31-FaceId-0_align.webp,0.317719,1.0,0.2419280655523663
database3/database3/m.018144/55-FaceId-0_align.webp,0.076827,1.0,0.2556663134779871
database3/database3/m.01815s/106-FaceId-0_align.webp,0.234236,0.0,0.243856205363971
database3/database3/m.01815s/50-FaceId-0_align.webp,0.243106,0.0,0.2370455696233094
database3/database3/m.01815s/64-FaceId-0_align.webp,0.173641,0.0,0.2431019570182855
database3/database3/m.0181gp/6-FaceId-0_align.webp,0.043543,1.0,0.2472933644194582
database3/database3/m.0181j_/107-FaceId-0_align.webp,0.027129,0.0,0.2386277074297316
database3/database3/m.0181kg/14-FaceId-0_align.webp,0.119867,1.0,0.396620652481075
database3/database3/m.0181lj/18-FaceId-0_align.webp,0.190172,1.0,0.1878269704180182
database3/database3/m.0181p_/19-FaceId-0_align.webp,0.041166,1.0,0.340913778074318
database3/database3/m.0181p_/99-FaceId-0_align.webp,0.035046,1.0,0.2466317291647279
database3/database3/m.0181ph/4-FaceId-0_align.webp,0.019163,1.0,0.3247247056759751
database3/database3/m.0181ph/8-FaceId-0_align.webp,0.037384,1.0,0.0
database3/database3/m.0181x9/43-FaceId-0_align.webp,0.029481,1.0,0.2448648163245148
database3/database3/m.0181xq/13-FaceId-0_align.webp,0.002527,0.0,0.2737061751815985
database3/database3/m.0182hg/59-FaceId-0_align.webp,0.003662,1.0,0.2205337386708979
database3/database3/m.0182q2/111-FaceId-0_align.webp,0.014398,1.0,0.2496137837521506
database3/database3/m.0182q2/47-FaceId-0_align.webp,0.020684,1.0,0.2475142042098138
database3/database3/m.0182q2/58-FaceId-0_align.webp,0.034155,1.0,0.2174966681493117
database3/database3/m.0182vk/101-FaceId-0_align.webp,0.185784,1.0,0.4370946293118747
database3/database3/m.0182vk/97-FaceId-0_align.webp,0.113244,1.0,0.2502645825778758
database3/database3/m.01830j/15-FaceId-0_align.webp,0.208446,0.0,0.283600370552753
database3/database3/m.01833g/76-FaceId-0_align.webp,0.008544,1.0,0.28234863808429
database3/database3/m.018348/1-FaceId-0_align.webp,0.029671,1.0,0.2923141278765911
database3/database3/m.0183f9/72-FaceId-0_align.webp,0.028848,1.0,0.3650667815327256
database3/database3/m.018417/7-FaceId-0_align.webp,0.270045,0.0,0.2543229355698065
database3/database3/m.018493/45-FaceId-0_align.webp,0.059135,0.0,0.2525507220370583
database3/database3/m.0184cd/37-FaceId-0_align.webp,0.012663,0.0,0.246516073748977
database3/database3/m.0184cd/69-FaceId-0_align.webp,0.041234,0.0,0.2387842659576972
database3/database3/m.0184jc/9-FaceId-0_align.webp,0.061679,1.0,0.2842806167445997
database3/database3/m.0184xq/86-FaceId-0_align.webp,0.010468,1.0,0.3018692192763129
database3/database3/m.0185gs/107-FaceId-0_align.webp,0.133885,1.0,0.2386810102728252
database3/database3/m.0187y5/50-FaceId-0_align.webp,0.011259,1.0,0.5126105587578844
database3/database3/m.0187y5/55-FaceId-0_align.webp,0.018906,1.0,0.2558845959754338
database3/database3/m.0188n0/16-FaceId-0_align.webp,0.119925,1.0,0.2601288209340667
database3/database3/m.0188n0/81-FaceId-0_align.webp,0.437819,1.0,0.2769641416374856
database3/database3/m.0188n0/93-FaceId-0_align.webp,0.241643,1.0,0.311958555756725
database3/database3/m.0188nj/68-FaceId-0_align.webp,0.036499,1.0,0.2168436279964157
database3/database3/m.018_3q/101-FaceId-0_align.webp,0.001235,1.0,0.6174025056581168
database3/database3/m.018_3q/89-FaceId-0_align.webp,0.024563,1.0,0.2156723939860537
database3/database3/m.018_lb/81-FaceId-0_align.webp,0.104704,0.0,0.1985404057654315
database3/database3/m.018c42/45-FaceId-1_align.webp,0.268912,1.0,0.2732665255849733
database3/database3/m.018c42/5-FaceId-0_align.webp,0.033426,1.0,0.2424933634046411
database3/database3/m.018cx_/16-FaceId-0_align.webp,0.128439,0.0,0.230539106223668
database3/database3/m.018dnt/83-FaceId-0_align.webp,0.012334,1.0,0.2351491750956452
database3/database3/m.018dpq/74-FaceId-0_align.webp,0.08469,1.0,0.257904257500068
database3/database3/m.018dpq/9-FaceId-0_align.webp,0.06436,1.0,0.3304907511330376
database3/database3/m.018dq3/21-FaceId-0_align.webp,0.264271,0.0,0.2503012085447359
database3/database3/m.018dq3/43-FaceId-0_align.webp,0.005771,0.0,0.2278988107693962
database3/database3/m.018dqg/14-FaceId-0_align.webp,0.002005,1.0,0.227204868311876
database3/database3/m.018dyl/57-FaceId-0_align.webp,0.066796,1.0,0.1962589945709695
database3/database3/m.018f07/77-FaceId-0_align.webp,0.067893,1.0,0.2813735823714818
database3/database3/m.018f07/88-FaceId-0_align.webp,0.019681,1.0,0.2224738214572736
database3/database3/m.018f_y/78-FaceId-0_align.webp,0.005574,1.0,0.5103807714469383
database3/database3/m.018fkc/18-FaceId-0_align.webp,0.048624,0.0,0.2777391419379823
database3/database3/m.018fkc/51-FaceId-0_align.webp,0.004824,1.0,0.2490979100589018
database3/database3/m.018fmr/107-FaceId-0_align.webp,0.087037,0.0,0.2506804932688956
database3/database3/m.018fmr/38-FaceId-0_align.webp,0.082888,0.0,0.3276196582521858
database3/database3/m.018fmr/39-FaceId-0_align.webp,0.154489,0.0,0.2393104597193798
database3/database3/m.018fmr/77-FaceId-0_align.webp,0.094029,0.0,0.2319591741323937
database3/database3/m.018fmr/96-FaceId-0_align.webp,0.118151,0.0,0.2782179512631728
database3/database3/m.018fvy/74-FaceId-0_align.webp,0.006913,1.0,0.2333063631400627
database3/database3/m.018fwb/106-FaceId-0_align.webp,0.105164,0.0,0.2576276002277552
database3/database3/m.018fyy/5-FaceId-0_align.webp,0.161114,0.0,0.2283789235100171
database3/database3/m.018fzs/56-FaceId-0_align.webp,0.057952,1.0,0.356340832334223
database3/database3/m.018fzs/60-FaceId-0_align.webp,0.058021,1.0,0.2169030985044285
database3/database3/m.018fzs/89-FaceId-0_align.webp,0.00707,1.0,0.2202076635905085
database3/database3/m.018g4z/59-FaceId-0_align.webp,0.266921,0.0,0.3689918224286082
database3/database3/m.018gcf/20-FaceId-0_align.webp,0.017916,1.0,0.2262660938883469
database3/database3/m.018gcf/28-FaceId-0_align.webp,0.0,1.0,0.2590874985063494
database3/database3/m.018gjx/0-FaceId-0_align.webp,0.03658,1.0,0.2387602262395545
database3/database3/m.018gjx/88-FaceId-1_align.webp,0.040357,1.0,0.2387402157871501
database3/database3/m.018gkb/31-FaceId-0_align.webp,0.133832,1.0,0.3184108539956414
database3/database3/m.018gkb/69-FaceId-0_align.webp,0.119964,1.0,0.261727993244444
database3/database3/m.018gl5/55-FaceId-0_align.webp,0.0,1.0,0.2308642042951574
database3/database3/m.018gn4/7-FaceId-0_align.webp,0.045659,1.0,0.2584949907729733
database3/database3/m.018gn4/95-FaceId-0_align.webp,0.084694,1.0,0.2671057241058937
database3/database3/m.018gqj/17-FaceId-0_align.webp,0.18042,1.0,0.2462244862812092
database3/database3/m.018gqj/45-FaceId-0_align.webp,0.048033,1.0,0.2416587193318742
database3/database3/m.018gqj/51-FaceId-0_align.webp,0.113401,1.0,0.2566679460080345
database3/database3/m.018gqj/9-FaceId-0_align.webp,0.182644,1.0,0.2635664007532131
database3/database3/m.018gsl/54-FaceId-0_align.webp,0.015144,1.0,0.4433649799537836
database3/database3/m.018gw3/19-FaceId-0_align.webp,0.042889,1.0,0.4230105256121412
database3/database3/m.018h84/20-FaceId-0_align.webp,0.006714,1.0,0.2537829833731588
database3/database3/m.018h84/4-FaceId-0_align.webp,0.077047,1.0,0.2047201926039948
database3/database3/m.018hhw/26-FaceId-0_align.webp,0.058762,0.0,0.2346530718590704
database3/database3/m.018hwl/22-FaceId-0_align.webp,0.105538,1.0,0.292322627329151
database3/database3/m.018j3w/52-FaceId-0_align.webp,0.03127,1.0,0.1989804079692447
database3/database3/m.018j4c/21-FaceId-0_align.webp,0.159984,1.0,0.2549826694324726
database3/database3/m.018j4c/60-FaceId-0_align.webp,0.116911,1.0,0.3009827531141987
database3/database3/m.018j4c/72-FaceId-0_align.webp,0.050298,1.0,0.2484465290573437
database3/database3/m.018j5m/87-FaceId-0_align.webp,0.119486,0.0,0.2757574945985274
database3/database3/m.018jnn/6-FaceId-0_align.webp,0.046059,1.0,0.2108939627384441
database3/database3/m.018jnn/60-FaceId-0_align.webp,0.021036,1.0,0.2168244657353923
database3/database3/m.018jz8/4-FaceId-0_align.webp,0.129694,1.0,0.2337707471670685
database3/database3/m.018kd0/56-FaceId-0_align.webp,0.078738,1.0,0.2767767261641264
database3/database3/m.018kjc/45-FaceId-0_align.webp,0.336481,1.0,0.2886642199215102
database3/database3/m.018kjc/74-FaceId-0_align.webp,0.359873,1.0,0.2807781191160195
database3/database3/m.018lb1/1-FaceId-0_align.webp,0.066363,0.0,0.2276028435309475
database3/database3/m.018lb1/113-FaceId-0_align.webp,0.174767,0.0,0.2453129725867776
database3/database3/m.018lb1/45-FaceId-0_align.webp,0.011283,0.0,0.2257555915365964
database3/database3/m.018lb1/60-FaceId-0_align.webp,0.101898,0.0,0.2233629475369997
database3/database3/m.018lb1/67-FaceId-0_align.webp,0.058712,0.0,0.2628111151227419
database3/database3/m.018lp7/31-FaceId-0_align.webp,0.068826,0.0,0.2451133680567825
database3/database3/m.018lp7/5-FaceId-0_align.webp,0.037973,0.0,0.2295921176242629
database3/database3/m.018lpm/41-FaceId-0_align.webp,0.03151,1.0,0.3379831437212823
database3/database3/m.018lx_/11-FaceId-0_align.webp,0.157239,1.0,0.2931455317375697
database3/database3/m.018lxn/67-FaceId-0_align.webp,0.041223,0.0,0.2202738396840527
database3/database3/m.018m5c/31-FaceId-0_align.webp,0.012538,1.0,0.2042211064258433
database3/database3/m.018m5c/6-FaceId-0_align.webp,0.013236,1.0,0.2116622341158934
database3/database3/m.018m5c/74-FaceId-0_align.webp,0.007729,1.0,0.2506500979806529
database3/database3/m.018mfl/68-FaceId-0_align.webp,0.01486,1.0,0.2883927053300519
database3/database3/m.018n52/37-FaceId-0_align.webp,0.024108,1.0,0.212607781368596
database3/database3/m.018n7d/44-FaceId-0_align.webp,0.002157,1.0,0.2381147315600073
database3/database3/m.018n9d/58-FaceId-0_align.webp,0.182622,1.0,0.2493090762579807
database3/database3/m.018nqq/25-FaceId-0_align.webp,0.02666,1.0,0.2050783538147541
database3/database3/m.018nqq/56-FaceId-0_align.webp,0.002557,1.0,0.26927220791006
database3/database3/m.018nwp/42-FaceId-0_align.webp,0.023176,1.0,0.4028264271081569
database3/database3/m.018p19/2-FaceId-0_align.webp,0.029409,1.0,0.2899158353734378
database3/database3/m.018pj3/21-FaceId-0_align.webp,0.206243,0.0,0.1991661637823739
database3/database3/m.018pkl/117-FaceId-0_align.webp,0.00271,1.0,0.2796211472200601
database3/database3/m.018ptf/125-FaceId-1_align.webp,0.193842,0.0,0.3070805743737559
database3/database3/m.018ptf/6-FaceId-0_align.webp,0.184452,1.0,0.2261532783283427
database3/database3/m.018ptf/69-FaceId-0_align.webp,0.264398,1.0,0.3414489146531077
database3/database3/m.018ptf/87-FaceId-0_align.webp,0.284614,1.0,0.2621839165623083
database3/database3/m.018pyg/114-FaceId-0_align.webp,0.004286,0.0,0.2162961317795046
database3/database3/m.018pyg/50-FaceId-0_align.webp,0.094308,0.0,0.1981506526046266
database3/database3/m.018q7p/61-FaceId-0_align.webp,0.113962,1.0,0.2710860943467182
database3/database3/m.018qkz/35-FaceId-0_align.webp,0.11651,0.0,0.24474323625213
database3/database3/m.018qkz/48-FaceId-0_align.webp,0.078768,0.0,0.2489139142595872
database3/database3/m.018qlp/1-FaceId-0_align.webp,0.057596,0.0,0.2621546880525873
database3/database3/m.018qlp/2-FaceId-0_align.webp,0.201501,0.0,0.2931779021377557
database3/database3/m.018qlp/67-FaceId-0_align.webp,0.023725,0.0,0.217586523042224
database3/database3/m.018qlp/73-FaceId-0_align.webp,0.048836,0.0,0.2378584336218731
database3/database3/m.018qlp/81-FaceId-0_align.webp,0.220874,0.0,0.2494137799075324
database3/database3/m.018qlp/99-FaceId-0_align.webp,0.098556,0.0,0.2418749395723332
database3/database3/m.018qn8/16-FaceId-0_align.webp,0.180079,0.0,0.2433432416258685
database3/database3/m.018qn8/24-FaceId-0_align.webp,0.067297,0.0,0.2494016999034072
database3/database3/m.018qn8/3-FaceId-0_align.webp,0.144663,0.0,0.2460052084392496
database3/database3/m.018qpb/20-FaceId-0_align.webp,0.030827,0.0,0.1921139607858944
database3/database3/m.018qpb/42-FaceId-0_align.webp,0.04676,0.0,0.217188331646551
database3/database3/m.018qr9/59-FaceId-0_align.webp,0.041718,0.0,0.2217108425559374
database3/database3/m.018qwf/0-FaceId-0_align.webp,0.034965,1.0,0.205498150979775
database3/database3/m.018qx5/48-FaceId-0_align.webp,0.145397,0.0,0.3700124443519762
database3/database3/m.018r3g/1-FaceId-0_align.webp,0.015575,1.0,0.4565787590856813
database3/database3/m.018rsq/63-FaceId-0_align.webp,0.05182,1.0,0.2253138878376017
database3/database3/m.018rsq/82-FaceId-0_align.webp,0.021029,1.0,0.2411013447837142
database3/database3/m.018ry5/78-FaceId-0_align.webp,0.052713,1.0,0.2477950420531151
database3/database3/m.018s7v/75-FaceId-0_align.webp,0.055964,0.0,0.2560033122579539
database3/database3/m.018slq/19-FaceId-0_align.webp,0.164016,1.0,0.2724938664015701
database3/database3/m.018swb/94-FaceId-0_align.webp,0.035612,1.0,0.2662026867437589
database3/database3/m.018t67/2-FaceId-0_align.webp,0.002151,1.0,0.2070432882727337
database3/database3/m.018t67/75-FaceId-0_align.webp,0.002161,1.0,0.2146975189387435
database3/database3/m.018t67/76-FaceId-0_align.webp,0.014984,1.0,0.2132251455004059
database3/database3/m.018tfd/63-FaceId-0_align.webp,0.039426,1.0,0.2008641411622348
database3/database3/m.018tvs/4-FaceId-0_align.webp,0.186437,1.0,0.2851455382148584
database3/database3/m.018v8c/66-FaceId-0_align.webp,0.031012,1.0,0.2038036357408353
database3/database3/m.018v_8/56-FaceId-0_align.webp,0.065146,1.0,0.2099663700514461
database3/database3/m.018vhw/41-FaceId-2_align.webp,0.017996,1.0,0.4079256411652345
database3/database3/m.018vhw/84-FaceId-1_align.webp,0.010037,1.0,0.2594614854266309
database3/database3/m.018vhw/94-FaceId-0_align.webp,0.022504,1.0,0.2252206647525239
database3/database3/m.018w6s/30-FaceId-0_align.webp,0.009687,1.0,0.491849338678996
database3/database3/m.018wh0/34-FaceId-0_align.webp,0.038341,1.0,0.2191639124298006
database3/database3/m.018wqb/36-FaceId-1_align.webp,0.061601,1.0,0.3284710055574125
database3/database3/m.018x3/82-FaceId-0_align.webp,0.000249,1.0,0.2275319957873533
database3/database3/m.018x3/89-FaceId-0_align.webp,0.006661,1.0,0.3044207326263479
database3/database3/m.018xrz/49-FaceId-0_align.webp,0.084464,1.0,0.270459687640255
database3/database3/m.018y0w/54-FaceId-0_align.webp,0.014612,1.0,0.2255753296880747
database3/database3/m.018y2s/21-FaceId-0_align.webp,0.010478,1.0,0.2436232100842065
database3/database3/m.018y4x/104-FaceId-0_align.webp,0.014664,1.0,0.2318285663220621
database3/database3/m.018y4x/94-FaceId-0_align.webp,0.083805,1.0,0.1924703216096504
database3/database3/m.018ycp/32-FaceId-0_align.webp,0.169605,1.0,0.2368363160283592
database3/database3/m.018ycp/64-FaceId-0_align.webp,0.011204,1.0,0.2218312267265348
