filename,target,gender,pred
database1/img00000154.webp,0.036749,1.0,0.2729543460769366
database1/img00000271.webp,0.229724,1.0,0.3226986781522168
database1/img00000323.webp,0.120628,0.0,0.2739069032891348
database1/img00000364.webp,0.00341,1.0,0.2593228967937949
database1/img00000371.webp,0.000249,1.0,0.2854635269936726
database1/img00000438.webp,0.102267,0.0,0.284347087719397
database1/img00000448.webp,0.032257,0.0,0.2861833503370017
database1/img00000477.webp,0.158779,0.0,0.2357060994133818
database1/img00000491.webp,0.333523,0.0,0.2996390888127758
database1/img00000679.webp,0.022454,0.0,0.2699606725337513
database1/img00000766.webp,0.241328,0.0,0.3077635533045733
database1/img00000781.webp,0.01402,1.0,0.26701933999961
database1/img00000793.webp,0.308688,0.0,0.3337925261823472
database1/img00000806.webp,0.083687,1.0,0.2680562381413317
database1/img00000857.webp,0.167176,0.0,0.286108144733173
database1/img00000882.webp,0.118298,0.0,0.286258112288141
database1/img00000903.webp,0.006576,1.0,0.2992372686076383
database1/img00000929.webp,0.021546,1.0,0.2852605534674053
database1/img00000941.webp,0.232414,0.0,0.3046038495400855
database1/img00001032.webp,0.044127,1.0,0.3058817481335724
database1/img00001145.webp,0.022379,1.0,0.2526237573424708
database1/img00001291.webp,0.022322,0.0,0.270061979044416
database1/img00001371.webp,0.148865,0.0,0.2803040686803935
database1/img00001491.webp,0.264813,0.0,0.339223901502779
database1/img00001551.webp,0.054068,1.0,0.2705601949793846
database1/img00001573.webp,0.095382,0.0,0.2418286454979633
database1/img00001650.webp,0.088325,0.0,0.2423013752385545
database1/img00001652.webp,0.074782,1.0,0.2753693082072024
database1/img00001674.webp,0.188753,0.0,0.3401700338017983
database1/img00001701.webp,0.002942,1.0,0.281940226399384
database1/img00001779.webp,0.009358,1.0,0.4190440803370406
database1/img00001812.webp,0.017934,0.0,0.2470962003557832
database1/img00001859.webp,0.006232,1.0,0.3014476203152791
database1/img00001872.webp,0.094988,0.0,0.2834308659741281
database1/img00001883.webp,0.015755,0.0,0.2944742174371205
database1/img00001978.webp,0.02291,1.0,0.3064625524541876
database1/img00002013.webp,0.068771,1.0,0.2613611213237814
database1/img00002073.webp,0.265663,0.0,0.3079884737643006
database1/img00002136.webp,0.083835,0.0,0.2831665525514014
database1/img00002187.webp,0.062593,1.0,0.2942921318371713
database1/img00002221.webp,0.024328,1.0,0.28400090979597
database1/img00002227.webp,0.172367,0.0,0.3044215879592546
database1/img00002414.webp,0.290565,0.0,0.4201964851886916
database1/img00002415.webp,0.370759,0.0,0.3343414480871586
database1/img00002527.webp,0.008082,0.0,0.2678551565157556
database1/img00002649.webp,0.108227,0.0,0.2769233618970974
database1/img00002695.webp,0.191496,0.0,0.2808586272538854
database1/img00002698.webp,0.019352,0.0,0.2869775685347953
database1/img00002713.webp,0.025594,1.0,0.2895792361550685
database1/img00002737.webp,0.01324,1.0,0.2808613405280306
database1/img00002813.webp,0.015997,0.0,0.2507656096704659
database1/img00002915.webp,0.059948,0.0,0.2710592721160751
database1/img00002916.webp,0.061003,0.0,0.2827556169490822
database1/img00003052.webp,0.34648,0.0,0.2989175150898391
database1/img00003146.webp,0.130163,0.0,0.2263211970879323
database1/img00003162.webp,0.193332,0.0,0.3241288691393035
database1/img00003199.webp,0.314562,0.0,0.3039128562288966
database1/img00003273.webp,0.126445,0.0,0.3246118040626465
database1/img00003300.webp,0.007141,1.0,0.2908287715306598
database1/img00003360.webp,0.008946,1.0,0.2777326743992107
database1/img00003390.webp,0.054933,0.0,0.2837871436965808
database1/img00003437.webp,0.01322,1.0,0.2565502980603939
database1/img00003452.webp,0.040754,0.0,0.2472558273947883
database1/img00003584.webp,0.23463,0.0,0.3046858813490442
database1/img00003713.webp,0.000555,1.0,0.2261829014926486
database1/img00003746.webp,0.099051,1.0,0.2912102344314491
database1/img00003877.webp,0.01258,0.0,0.2835034580736754
database1/img00003884.webp,0.091278,0.0,0.261633872772549
database1/img00003887.webp,0.010493,1.0,0.347036884664764
database1/img00003978.webp,0.178955,0.0,0.2224111681923838
database1/img00004026.webp,0.365443,0.0,0.3250022309400494
database1/img00004041.webp,0.094007,0.0,0.2612626979530945
database1/img00004164.webp,0.026259,1.0,0.2663398677940018
database1/img00004216.webp,0.034337,0.0,0.2630408344079306
database1/img00004261.webp,0.165876,0.0,0.3179180595596869
database1/img00004273.webp,0.156777,0.0,0.2684130097014534
database1/img00004308.webp,0.126358,0.0,0.2804248199345086
database1/img00004416.webp,0.13739,1.0,0.2710488809193965
database1/img00004426.webp,0.364242,1.0,0.3352391998274029
database1/img00004540.webp,0.140347,0.0,0.2532440202533609
database1/img00004621.webp,0.130906,0.0,0.287040358563063
database1/img00004701.webp,0.060368,0.0,0.237112552604566
database1/img00004841.webp,0.021785,1.0,0.2677690853807313
database1/img00004851.webp,0.058337,1.0,0.2889281791631217
database1/img00004895.webp,0.001337,1.0,0.2632027544142393
database1/img00005027.webp,0.095752,1.0,0.3157655570983941
database1/img00005030.webp,0.114344,0.0,0.2915053506509409
database1/img00005095.webp,0.018419,0.0,0.2970944859490534
database1/img00005116.webp,0.107525,0.0,0.3059695661089045
database1/img00005179.webp,0.058586,1.0,0.279829008464635
database1/img00005208.webp,0.021009,1.0,0.3956439427834787
database1/img00005271.webp,0.408256,0.0,0.3417182669123
database1/img00005293.webp,0.043233,0.0,0.2802874309251348
database1/img00005339.webp,0.173984,0.0,0.2422618109225037
database1/img00005347.webp,0.002911,0.0,0.2198875654177233
database1/img00005361.webp,0.189098,0.0,0.2771322258004381
database1/img00005501.webp,0.145725,0.0,0.2714690049716113
database1/img00005507.webp,0.232343,0.0,0.3746192013788202
database1/img00005509.webp,0.003247,1.0,0.3732562934201451
database1/img00005522.webp,0.185571,0.0,0.2674891927951984
database1/img00005579.webp,0.037795,1.0,0.2907605488010006
database1/img00005689.webp,0.281579,0.0,0.2852884699451569
database1/img00005696.webp,0.366924,0.0,0.3654455126520609
database1/img00005723.webp,0.013358,0.0,0.2924167408606599
database1/img00005726.webp,0.041346,1.0,0.2896617589426776
database1/img00005753.webp,0.009879,0.0,0.2860747259221554
database1/img00005766.webp,0.177714,0.0,0.2852179564205554
database1/img00005768.webp,0.024309,1.0,0.3072106750864332
database1/img00005822.webp,0.022373,0.0,0.2474913987694525
database1/img00005851.webp,0.375359,0.0,0.3043625791263545
database1/img00005896.webp,0.063671,0.0,0.3025628578183635
database1/img00005910.webp,0.374925,0.0,0.2943410087630974
database1/img00006003.webp,0.020291,1.0,0.2840374813940113
database1/img00006021.webp,0.018409,1.0,0.3917636857103825
database1/img00006047.webp,0.105454,0.0,0.2742592529999972
database1/img00006101.webp,0.326093,0.0,0.3145440416926342
database1/img00006168.webp,0.00248,1.0,0.2319363412731217
database1/img00006196.webp,0.0412,1.0,0.2779063367021626
database1/img00006204.webp,0.331116,1.0,0.3083934636573373
database1/img00006269.webp,0.011789,1.0,0.2857636953411326
database1/img00006334.webp,0.003849,1.0,0.240011021907255
database1/img00006414.webp,0.208227,0.0,0.2937842247639121
database1/img00006420.webp,0.026323,1.0,0.2954445114287524
database1/img00006436.webp,0.008945,1.0,0.3104054478062794
database1/img00006571.webp,0.06176,0.0,0.2621663425127081
database1/img00006576.webp,0.028441,1.0,0.2993615941692401
database1/img00006629.webp,0.000814,1.0,0.2209214918760626
database1/img00006690.webp,0.119839,0.0,0.2724465643883507
database1/img00006694.webp,0.019638,1.0,0.26245206528981
database1/img00006722.webp,0.383369,0.0,0.3513815078878374
database1/img00006757.webp,0.169654,1.0,0.3406910931411579
database1/img00007032.webp,0.079705,0.0,0.2842423008548588
database1/img00007152.webp,0.296672,0.0,0.3306957489419957
database1/img00007289.webp,0.004896,1.0,0.299441050595422
database1/img00007329.webp,0.096683,0.0,0.2914427383772485
database1/img00007335.webp,0.012784,1.0,0.2898287815018737
database1/img00007354.webp,0.047242,0.0,0.2623100101134272
database1/img00007383.webp,0.020362,1.0,0.2443574136765395
database1/img00007416.webp,0.105824,1.0,0.2950947205434256
database1/img00007435.webp,0.275659,0.0,0.3924621394296559
database1/img00007452.webp,0.091268,0.0,0.2709467225366431
database1/img00007454.webp,0.052407,1.0,0.3174718460001424
database1/img00007468.webp,0.289625,0.0,0.3714735668085125
database1/img00007470.webp,0.024029,1.0,0.3842255982425266
database1/img00007537.webp,0.023879,0.0,0.2733128998917488
database1/img00007538.webp,0.239526,0.0,0.2991753957206676
database1/img00007592.webp,0.092299,0.0,0.2814114008023043
database1/img00007663.webp,0.000453,1.0,0.2427846669451344
database1/img00007675.webp,0.145663,0.0,0.2670945189676481
database1/img00007764.webp,0.212475,0.0,0.2810313129118874
database1/img00007790.webp,0.273678,0.0,0.3255048349632952
database1/img00007837.webp,0.07434,0.0,0.2704174153510578
database1/img00007851.webp,0.187909,0.0,0.2888938148309976
database1/img00007897.webp,0.021438,1.0,0.2777554615167359
database1/img00007955.webp,0.100119,0.0,0.2753412937212333
database1/img00007965.webp,0.126287,0.0,0.2429757700534042
database1/img00008054.webp,0.125876,0.0,0.2526455763199556
database1/img00008062.webp,0.192134,0.0,0.3376043623693989
database1/img00008079.webp,0.010384,1.0,0.2761367857341482
database1/img00008191.webp,0.127108,1.0,0.3245101877152753
database1/img00008233.webp,0.03355,1.0,0.2915451584419282
database1/img00008333.webp,0.123145,0.0,0.2749599967219065
database1/img00008350.webp,0.003002,0.0,0.2411263937634794
database1/img00008419.webp,0.136366,0.0,0.2871799518128783
database1/img00008444.webp,0.19563,0.0,0.2858568688722798
database1/img00008485.webp,0.153649,0.0,0.2516105880934116
database1/img00008500.webp,0.243166,1.0,0.3031668212228877
database1/img00008540.webp,0.020411,1.0,0.2864826939321676
database1/img00008619.webp,0.172849,1.0,0.293960116750308
database1/img00008684.webp,0.116788,1.0,0.3756689422465042
database1/img00008694.webp,0.257404,1.0,0.3450327796711769
database1/img00008702.webp,0.150713,0.0,0.2774655491432997
database1/img00008778.webp,0.047436,1.0,0.3049058861532493
database1/img00008864.webp,0.142253,1.0,0.3022693169354981
database1/img00008929.webp,0.025151,1.0,0.2545285102999615
database1/img00009119.webp,0.134423,0.0,0.2800325526845096
database1/img00009131.webp,0.11769,0.0,0.2562278340414984
database1/img00009180.webp,0.22272,0.0,0.3218583762639361
database1/img00009210.webp,0.133618,1.0,0.2805762135779887
database1/img00009215.webp,0.015083,1.0,0.3904442021997095
database1/img00009309.webp,0.232271,0.0,0.3664418208238678
database1/img00009310.webp,0.032707,1.0,0.3086165565715272
database1/img00009395.webp,0.188981,0.0,0.2587095376912266
database1/img00009397.webp,0.022474,0.0,0.2492603310782165
database1/img00009399.webp,0.009987,1.0,0.2589141508654777
database1/img00009423.webp,0.205953,0.0,0.2908831247489837
database1/img00009521.webp,0.096612,0.0,0.2599220925105198
database1/img00009606.webp,0.062144,1.0,0.2709639073017023
database1/img00009643.webp,0.076471,0.0,0.2761030426663652
database1/img00009666.webp,0.249637,0.0,0.2901814630790507
database1/img00009740.webp,0.056754,0.0,0.2756186212965364
database1/img00009804.webp,0.00402,1.0,0.3399968030540235
database1/img00009898.webp,0.123271,0.0,0.2762443790334232
database1/img00009952.webp,0.220282,0.0,0.3078440367511159
database1/img00009963.webp,0.081114,1.0,0.2912251853111247
database1/img00010009.webp,0.161796,0.0,0.2651834182641238
database1/img00010196.webp,0.131846,0.0,0.2708161664149814
database1/img00010250.webp,0.119697,0.0,0.3419905426631937
database1/img00010353.webp,0.145055,0.0,0.2858681289709003
database1/img00010363.webp,0.133258,0.0,0.2748243659868264
database1/img00010383.webp,0.010398,1.0,0.2185828940822608
database1/img00010445.webp,0.356323,0.0,0.2921713276681049
database1/img00010509.webp,0.056891,1.0,0.3323642863103931
database1/img00010530.webp,0.091729,0.0,0.2870814648355115
database1/img00010535.webp,0.304853,0.0,0.3470727605898142
database1/img00010537.webp,0.013696,0.0,0.2926459550018795
database1/img00010580.webp,0.154987,1.0,0.2796153341957879
database1/img00010612.webp,0.334599,0.0,0.3057089202578713
database1/img00010629.webp,0.060911,0.0,0.2565694565198907
database1/img00010643.webp,0.114721,1.0,0.2712277169990335
database1/img00010674.webp,0.023709,0.0,0.2537302930862822
database1/img00010757.webp,0.206361,0.0,0.2893607312781058
database1/img00010780.webp,0.013969,0.0,0.2786183377976396
database1/img00010790.webp,0.031334,0.0,0.2636096018223708
database1/img00010806.webp,0.065196,0.0,0.2756091781707702
database1/img00010887.webp,0.081617,0.0,0.2774461263428587
database1/img00010888.webp,0.233141,1.0,0.3360360540014248
database1/img00010982.webp,0.00745,1.0,0.3023487067719119
database1/img00010983.webp,0.20866,0.0,0.286369024930827
database1/img00011118.webp,0.178597,1.0,0.3784645502616017
database1/img00011128.webp,0.27358,1.0,0.296977542858268
database1/img00011142.webp,0.28074,1.0,0.3296527431388836
database1/img00011296.webp,0.108452,1.0,0.3151809876043017
database1/img00011507.webp,0.092578,0.0,0.2576072053686158
database1/img00011516.webp,0.087323,0.0,0.2760031982644645
database1/img00011597.webp,0.091441,0.0,0.2778059712143794
database1/img00011619.webp,0.253533,0.0,0.3161082769643887
database1/img00011623.webp,0.079619,0.0,0.2609533395847218
database1/img00011711.webp,0.412517,0.0,0.3527079212292256
database1/img00011737.webp,0.360567,0.0,0.317636522910285
database1/img00011787.webp,0.009168,1.0,0.2700415368449202
database1/img00011827.webp,0.096535,0.0,0.2847372996887113
database1/img00011910.webp,0.153312,0.0,0.2608743376435857
database1/img00011946.webp,0.118833,0.0,0.2809158913610429
database1/img00011981.webp,0.044401,1.0,0.2855335148642209
database1/img00011982.webp,0.064973,1.0,0.2683357210015298
database1/img00012046.webp,0.013245,1.0,0.2881520515053543
database1/img00012050.webp,0.169118,0.0,0.2732820861153345
database1/img00012055.webp,0.118938,0.0,0.2821089872752977
database1/img00012083.webp,0.105677,1.0,0.2745021906488912
database1/img00012173.webp,0.148639,0.0,0.2833312077827726
database1/img00012174.webp,0.13274,0.0,0.278581434941454
database1/img00012175.webp,0.161502,0.0,0.3022192794826221
database1/img00012194.webp,0.057599,0.0,0.2815085383867576
database1/img00012259.webp,0.022948,1.0,0.3453380011321804
database1/img00012293.webp,0.081765,0.0,0.2850833091376549
database1/img00012367.webp,0.265563,0.0,0.3289441184078684
database1/img00012402.webp,0.08769,0.0,0.2831795085550482
database1/img00012413.webp,0.178087,0.0,0.2874418243477551
database1/img00012417.webp,0.047864,1.0,0.2723419852031991
database1/img00012444.webp,0.279593,0.0,0.306592407430979
database1/img00012509.webp,0.14518,0.0,0.2556628048069551
database1/img00012555.webp,0.159567,0.0,0.2933676595483349
database1/img00012681.webp,0.00788,1.0,0.2652008312819165
database1/img00012805.webp,0.03627,0.0,0.280421870349111
database1/img00012844.webp,0.027729,1.0,0.2871342421391943
database1/img00012874.webp,0.002528,1.0,0.343420810533294
database1/img00012883.webp,0.105193,1.0,0.2696870800941149
database1/img00012980.webp,0.021348,1.0,0.2831020376909509
database1/img00013033.webp,0.378744,0.0,0.3253607494945234
database1/img00013074.webp,0.20406,0.0,0.3305753922916091
database1/img00013089.webp,0.0,1.0,0.2320381529510812
database1/img00013099.webp,0.124905,0.0,0.3354332988873937
database1/img00013109.webp,0.255454,0.0,0.422524686700463
database1/img00013151.webp,0.003784,1.0,0.2625395471534861
database1/img00013182.webp,0.112701,0.0,0.271845115914426
database1/img00013213.webp,0.208104,1.0,0.3036502204876515
database1/img00013311.webp,0.021686,1.0,0.2803974347495073
database1/img00013313.webp,0.096531,0.0,0.3011648814701862
database1/img00013345.webp,0.111239,1.0,0.2933576518685192
database1/img00013392.webp,0.234015,0.0,0.2838639948042137
database1/img00013433.webp,0.013693,1.0,0.2833194186311202
database1/img00013450.webp,0.007936,1.0,0.2677749287033286
database1/img00013515.webp,0.055869,0.0,0.2764034229596593
database1/img00013591.webp,0.097683,0.0,0.269073001919408
database1/img00013659.webp,0.005492,0.0,0.288855018525757
database1/img00013777.webp,0.039118,0.0,0.2709144587426637
database1/img00013856.webp,0.08085,0.0,0.3065115366296438
database1/img00013896.webp,0.155239,0.0,0.2911151615906057
database1/img00013978.webp,0.216187,1.0,0.2646230970866934
database1/img00014030.webp,0.009111,0.0,0.3020058315163431
database1/img00014146.webp,0.019737,0.0,0.2805957245756397
database1/img00014277.webp,0.009327,1.0,0.3014364112556266
database1/img00014440.webp,0.313716,0.0,0.330293352725024
database1/img00014506.webp,0.002933,0.0,0.2870946046077875
database1/img00014634.webp,0.124116,1.0,0.2830937934938567
database1/img00014645.webp,0.294956,1.0,0.3203009084470466
database1/img00014657.webp,0.009173,1.0,0.2470956030687684
database1/img00014808.webp,0.222577,0.0,0.3099712807247
database1/img00014845.webp,0.184098,0.0,0.2912715381064394
database1/img00014912.webp,0.085464,0.0,0.2850474122776572
database1/img00014924.webp,0.071344,1.0,0.3100179512480296
database1/img00015038.webp,0.222266,1.0,0.3077299768011909
database1/img00015081.webp,0.134204,0.0,0.338854571866173
database1/img00015348.webp,0.225921,0.0,0.3139589944661784
database1/img00015359.webp,0.033386,0.0,0.2737460899867081
database1/img00015476.webp,0.164199,0.0,0.3479190123047355
database1/img00015498.webp,0.128891,0.0,0.2615897339006798
database1/img00015505.webp,0.086803,0.0,0.2790035130402636
database1/img00015509.webp,0.096299,1.0,0.3068553210082846
database1/img00015766.webp,0.128287,0.0,0.2714807795554277
database1/img00015784.webp,0.198335,0.0,0.2781403471096818
database1/img00015947.webp,0.126497,0.0,0.2779713694022012
database1/img00016004.webp,0.076385,0.0,0.2817679814493576
database1/img00016096.webp,0.018479,1.0,0.268748887955301
database1/img00016164.webp,0.009807,1.0,0.2688935785099532
database1/img00016181.webp,0.000908,1.0,0.2491530687970612
database1/img00016288.webp,0.368142,0.0,0.3400892949353835
database1/img00016296.webp,0.233928,0.0,0.2867016473150707
database1/img00016398.webp,0.070727,0.0,0.2797767378057545
database1/img00016442.webp,0.050167,0.0,0.2739365463859273
database1/img00016457.webp,0.145227,1.0,0.2813822725138705
database1/img00016490.webp,0.091022,0.0,0.2551135815984736
database1/img00016497.webp,0.144198,0.0,0.2907053211892482
database1/img00016611.webp,0.10049,0.0,0.2773812313111312
database1/img00016679.webp,0.001846,0.0,0.2746611688890299
database1/img00016886.webp,0.012909,1.0,0.2607186506281277
database1/img00016934.webp,0.076123,1.0,0.2640911363861709
database1/img00016955.webp,0.030027,1.0,0.3118743144930274
database1/img00017135.webp,0.137474,0.0,0.2770844370381324
database1/img00017144.webp,0.291437,0.0,0.2989844333651147
database1/img00017157.webp,0.097188,0.0,0.2745118409527557
database1/img00017237.webp,0.019539,0.0,0.2693616225082586
database1/img00017467.webp,0.193369,0.0,0.3199338424737616
database1/img00017485.webp,0.231654,0.0,0.3685937820865509
database1/img00017623.webp,0.273226,0.0,0.290752985100129
database1/img00017648.webp,0.013591,1.0,0.2503541877646912
database1/img00017737.webp,0.0127,1.0,0.2802595666244629
database1/img00017893.webp,0.369649,0.0,0.2966090946741946
database1/img00018025.webp,0.125656,0.0,0.265818883140749
database1/img00018042.webp,0.016056,1.0,0.2689926240201327
database1/img00018045.webp,0.096288,0.0,0.2734623219609444
database1/img00018076.webp,0.184672,1.0,0.2842049437953591
database1/img00018117.webp,0.020611,0.0,0.2964371990426093
database1/img00018133.webp,0.049189,0.0,0.2810155586572888
database1/img00018173.webp,0.28192,0.0,0.3134008387794994
database1/img00018225.webp,0.130293,0.0,0.2601329908572359
database1/img00018284.webp,0.238474,0.0,0.2992445967984134
database1/img00018380.webp,0.182421,0.0,0.2728441061408909
database1/img00018422.webp,0.021826,0.0,0.2793007613749131
database1/img00018465.webp,0.041569,1.0,0.2861886974743257
database1/img00018500.webp,0.147015,0.0,0.2727372908099151
database1/img00018591.webp,0.11045,0.0,0.3004348588991907
database1/img00018619.webp,0.026771,1.0,0.28682798025468
database1/img00018643.webp,0.14475,0.0,0.2883470572816384
database1/img00018689.webp,0.008002,0.0,0.2802224678230648
database1/img00018779.webp,0.045676,1.0,0.2713391969365021
database1/img00018873.webp,0.099329,0.0,0.266810789794042
database1/img00018963.webp,0.0236,1.0,0.4275608504389553
database1/img00019125.webp,0.039224,1.0,0.298835249872502
database1/img00019151.webp,0.151887,0.0,0.3205127554340685
database1/img00019162.webp,0.357571,0.0,0.3242698669539943
database1/img00019165.webp,0.070241,1.0,0.2986695837727984
database1/img00019172.webp,0.017685,0.0,0.256111762838307
database1/img00019200.webp,0.017214,1.0,0.2714449443910323
database1/img00019353.webp,0.013152,0.0,0.2693736257717966
database1/img00019360.webp,0.02429,1.0,0.2670384843940061
database1/img00019362.webp,0.226958,0.0,0.2829151003163156
database1/img00019406.webp,0.122785,0.0,0.2707026205973691
database1/img00019511.webp,0.00639,1.0,0.2659658194828862
database1/img00019553.webp,0.097165,0.0,0.2665603467684166
database1/img00019616.webp,0.008603,1.0,0.3020608660011109
database1/img00019625.webp,0.044642,1.0,0.3093643736633824
database1/img00019811.webp,0.135181,0.0,0.2771513039909201
database1/img00019846.webp,0.085115,0.0,0.2807632050602249
database1/img00019883.webp,0.295134,0.0,0.3527962860605096
database1/img00019956.webp,0.121542,0.0,0.2770198625207464
database1/img00020019.webp,0.245216,0.0,0.2980025225390714
database1/img00020092.webp,0.229511,0.0,0.3267314560019245
database1/img00020095.webp,0.369647,0.0,0.3067160316265073
database1/img00020106.webp,0.016139,1.0,0.2487248067825778
database1/img00020280.webp,0.093764,0.0,0.2753915923189567
database1/img00020383.webp,0.174486,0.0,0.2875052691315297
database1/img00020425.webp,0.105022,0.0,0.2718585669141115
database1/img00020495.webp,0.101841,0.0,0.2799411590307738
database1/img00020506.webp,0.143822,0.0,0.2874918205141038
database1/img00020690.webp,0.113169,0.0,0.2599720406023916
database1/img00020757.webp,0.123725,0.0,0.2777825826765353
database1/img00020765.webp,0.148549,0.0,0.2771417279654368
database1/img00020799.webp,0.406729,0.0,0.3598338978858729
database1/img00020831.webp,0.0,1.0,0.2198827883684372
database1/img00020839.webp,0.164052,0.0,0.2682340281358898
database1/img00020840.webp,0.164657,0.0,0.2897910855071918
database1/img00020876.webp,0.039848,0.0,0.2815301686319798
database1/img00020958.webp,0.18413,1.0,0.268769708014009
database1/img00021024.webp,0.011248,1.0,0.2883885270577044
database1/img00021028.webp,0.079159,0.0,0.2604483114642641
database1/img00021119.webp,0.231027,0.0,0.2540024817503469
database1/img00021174.webp,0.029653,1.0,0.2784171538287575
database1/img00021203.webp,0.100309,1.0,0.3681733853986992
database1/img00021240.webp,0.12352,0.0,0.2865725354031589
database1/img00021256.webp,0.115372,0.0,0.2716436673585986
database1/img00021294.webp,0.230757,0.0,0.3187462655686425
database1/img00021336.webp,0.216002,0.0,0.2881319352806326
database1/img00021374.webp,0.038864,0.0,0.2781124772432647
database1/img00021382.webp,0.023478,1.0,0.3813437982911522
database1/img00021398.webp,0.118902,0.0,0.4127658997102686
database1/img00021523.webp,0.125539,0.0,0.2807130440442498
database1/img00021529.webp,0.020743,0.0,0.2834283628030919
database1/img00021585.webp,0.323915,0.0,0.2923273904172583
database1/img00021592.webp,0.053661,1.0,0.2955715364876085
database1/img00021620.webp,0.012103,1.0,0.2933957967701485
database1/img00021622.webp,0.258145,0.0,0.3025768736005397
database1/img00021629.webp,0.347567,0.0,0.3282484357512194
database1/img00021724.webp,0.117861,0.0,0.2838382324401433
database1/img00021737.webp,0.042247,1.0,0.2792342620897986
database1/img00021763.webp,0.319156,0.0,0.3583124389494991
database1/img00021881.webp,0.200485,0.0,0.2716379396225561
database1/img00021891.webp,0.158308,0.0,0.2796775241736041
database1/img00022037.webp,0.280548,0.0,0.3213156240985384
database1/img00022062.webp,0.084716,1.0,0.2644960365444672
database1/img00022089.webp,0.105552,0.0,0.2773796931719861
database1/img00022098.webp,0.019455,1.0,0.2762279731527385
database1/img00022099.webp,0.017022,1.0,0.3001617888151455
database1/img00022106.webp,0.009696,1.0,0.2724469510334906
database1/img00022110.webp,0.247685,0.0,0.3556746134191599
database1/img00022174.webp,0.246505,1.0,0.3067922617847598
database1/img00022220.webp,0.197348,0.0,0.382528424541956
database1/img00022367.webp,0.130304,0.0,0.2924387266899098
database1/img00022458.webp,0.178211,1.0,0.2410360484720179
database1/img00022462.webp,0.147091,1.0,0.2799748725606463
database1/img00022521.webp,0.025301,1.0,0.2670046942618875
database1/img00022669.webp,0.094607,1.0,0.4091689951073975
database1/img00022715.webp,0.056654,0.0,0.249110887005014
database1/img00022789.webp,0.207616,0.0,0.3738076041961777
database1/img00022833.webp,0.037262,1.0,0.283244101329898
database1/img00022848.webp,0.082086,0.0,0.274498049397011
database1/img00022964.webp,0.170935,0.0,0.2908741906230196
database1/img00023014.webp,0.001544,1.0,0.4126302032362005
database1/img00023146.webp,0.103648,1.0,0.3023397734413248
database1/img00023176.webp,0.028973,1.0,0.3412056206720191
database1/img00023181.webp,0.102577,0.0,0.2869875097328447
database1/img00023337.webp,0.089515,0.0,0.2652642861380945
database1/img00023439.webp,0.005019,1.0,0.2687760907424039
database1/img00023478.webp,0.105124,0.0,0.2610301623940777
database1/img00023517.webp,0.050744,0.0,0.2856684851032861
database1/img00023568.webp,0.010958,1.0,0.2947312080754664
database1/img00023725.webp,0.203847,0.0,0.278600570989454
database1/img00023876.webp,0.079286,0.0,0.2702198321876753
database1/img00023903.webp,0.124474,0.0,0.2455113483369234
database1/img00024004.webp,0.151347,0.0,0.2849727236024614
database1/img00024033.webp,0.008003,1.0,0.2930673589752846
database1/img00024054.webp,0.158105,0.0,0.2786536562527675
database1/img00024075.webp,0.098827,0.0,0.2901697864757607
database1/img00024097.webp,0.056329,1.0,0.2741726278279709
database1/img00024151.webp,0.223931,0.0,0.2716767353437695
database1/img00024251.webp,0.125194,0.0,0.2774500332933563
database1/img00024286.webp,0.203387,0.0,0.355098568243875
database1/img00024330.webp,0.039351,0.0,0.3044140122775787
database1/img00024429.webp,0.001011,1.0,0.2350291510272812
database1/img00024472.webp,0.231978,0.0,0.3046316726808799
database1/img00024480.webp,0.229159,0.0,0.2668359805248225
database1/img00024496.webp,0.010786,0.0,0.2928493616578911
database1/img00024553.webp,0.040348,1.0,0.2886987081867735
database1/img00024607.webp,0.016616,1.0,0.2976978069860627
database1/img00024687.webp,0.27365,0.0,0.3062585813023721
database1/img00024753.webp,0.192923,0.0,0.2973476603766344
database1/img00024774.webp,0.053221,0.0,0.2782872285089097
database1/img00025064.webp,0.015037,0.0,0.2558845190089878
database1/img00025075.webp,0.298755,0.0,0.3237076359179555
database1/img00025133.webp,0.155681,1.0,0.2863299535112507
database1/img00025166.webp,0.014644,0.0,0.2887314230100098
database1/img00025308.webp,0.026547,1.0,0.2838010597576093
database1/img00025347.webp,0.003317,1.0,0.291763189744444
database1/img00025392.webp,0.084647,0.0,0.2803212137733426
database1/img00025465.webp,0.083236,0.0,0.3229472327387488
database1/img00025509.webp,0.003962,0.0,0.2945578243218988
database1/img00025534.webp,0.073372,0.0,0.2682859221470255
database1/img00025566.webp,0.059194,1.0,0.2964097555724996
database1/img00025641.webp,0.045629,1.0,0.2972192438067063
database1/img00025678.webp,0.113275,0.0,0.2856766258243526
database1/img00025969.webp,0.033245,1.0,0.280416122449563
database1/img00026052.webp,0.217685,0.0,0.2869737063079238
database1/img00026073.webp,0.052874,0.0,0.2684129514267626
database1/img00026088.webp,0.15625,0.0,0.2915444026677397
database1/img00026103.webp,0.013345,1.0,0.3006217373646814
database1/img00026169.webp,0.063574,1.0,0.3231984715101468
database1/img00026178.webp,0.317092,0.0,0.3120803371053958
database1/img00026249.webp,0.008453,1.0,0.2979597378744786
database1/img00026281.webp,0.219012,1.0,0.2973808570665903
database1/img00026282.webp,0.011198,1.0,0.2930422246490395
database1/img00026305.webp,0.138547,1.0,0.2964568368752048
database1/img00026333.webp,0.154155,0.0,0.2757194627287071
database1/img00026341.webp,0.145098,0.0,0.3927035611159981
database1/img00026380.webp,0.102089,0.0,0.2905364328205812
database1/img00026418.webp,0.030072,1.0,0.2811190241735172
database1/img00026462.webp,0.007743,0.0,0.2779797245712846
database1/img00026473.webp,0.0,1.0,0.2663331078893156
database1/img00026493.webp,0.222605,0.0,0.2826404375499511
database1/img00026505.webp,0.024604,1.0,0.304290309725092
database1/img00026554.webp,0.005176,1.0,0.2883419683427308
database1/img00026653.webp,0.0,0.0,0.2056188675845586
database1/img00026673.webp,0.305916,0.0,0.2966117848999158
database1/img00026714.webp,0.210407,0.0,0.29050027256627
database1/img00026908.webp,0.046474,0.0,0.2792925346964443
database1/img00027013.webp,0.003769,0.0,0.264542656993194
database1/img00027032.webp,0.007456,0.0,0.2962756240249511
database1/img00027062.webp,0.046983,1.0,0.278145530901744
database1/img00027147.webp,0.083316,1.0,0.305347885843328
database1/img00027201.webp,0.173566,0.0,0.2827016044523938
database1/img00027213.webp,0.102301,0.0,0.2830454303320706
database1/img00027267.webp,0.025949,0.0,0.2791372378988709
database1/img00027278.webp,0.04282,0.0,0.2804006692502446
database1/img00027291.webp,0.037481,1.0,0.2895266237491193
database1/img00027300.webp,0.162757,0.0,0.283548139972509
database1/img00027329.webp,0.120534,0.0,0.2322240870925926
database1/img00027355.webp,0.012954,0.0,0.2822257933989512
database1/img00027400.webp,0.093064,1.0,0.447518993773444
database1/img00027672.webp,0.024684,0.0,0.2729056727132637
database1/img00027691.webp,0.263468,1.0,0.3171968143032954
database1/img00027708.webp,0.011879,1.0,0.3247473700159866
database1/img00027826.webp,0.008279,1.0,0.2770493982653146
database1/img00027870.webp,0.156292,0.0,0.2930511261469967
database1/img00027888.webp,0.010368,1.0,0.2901589676357446
database1/img00027943.webp,0.005057,1.0,0.3071271312707443
database1/img00027980.webp,0.1488,0.0,0.2839843714379705
database1/img00028069.webp,0.00506,1.0,0.30133626150729
database1/img00028087.webp,0.001205,1.0,0.2260469055691513
database1/img00028101.webp,0.0173,1.0,0.2721841270461149
database1/img00028174.webp,0.122309,0.0,0.2786561348952999
database1/img00028222.webp,0.107143,0.0,0.2711416356099975
database1/img00028224.webp,0.146398,0.0,0.3014695949902556
database1/img00028300.webp,0.012183,0.0,0.276027230953634
database1/img00028356.webp,0.152613,0.0,0.242580195756759
database1/img00028517.webp,0.382837,0.0,0.3255389614310053
database1/img00028551.webp,0.203166,0.0,0.343124981815921
database1/img00028578.webp,0.061325,0.0,0.269750402619382
database1/img00028581.webp,0.020189,1.0,0.2720267785929445
database1/img00028723.webp,0.12276,0.0,0.2906387624030509
database1/img00028742.webp,0.061928,0.0,0.2526494105283455
database1/img00028757.webp,0.031527,1.0,0.2897536154466439
database1/img00028784.webp,0.01652,0.0,0.2757996376883861
database1/img00028843.webp,0.045216,1.0,0.3271780516735286
database1/img00028942.webp,0.085705,0.0,0.2538678148287666
database1/img00029059.webp,0.201976,0.0,0.2894664741140887
database1/img00029154.webp,0.027398,0.0,0.3577807854016667
database1/img00029252.webp,0.011317,1.0,0.293736793988061
database1/img00029315.webp,0.223811,0.0,0.312885276517899
database1/img00029326.webp,0.073163,0.0,0.2609663251462604
database1/img00029393.webp,0.181547,0.0,0.2829658602011982
database1/img00029479.webp,0.172507,1.0,0.3065360251342008
database1/img00029527.webp,9.6e-05,1.0,0.2258881026853606
database1/img00029586.webp,0.049823,0.0,0.2841018323520848
database1/img00029691.webp,0.030185,1.0,0.3055979908476352
database1/img00029706.webp,0.21533,1.0,0.4554786127340021
database1/img00029758.webp,0.113217,0.0,0.2746344317131247
database1/img00029778.webp,0.154551,0.0,0.3196057761490742
database1/img00029960.webp,0.383842,0.0,0.323282243808977
database2/database2/test/148.webp,0.048036,1.0,0.276965961026997
database2/database2/test/190.webp,0.086509,1.0,0.3882991887262957
database2/database2/test/216.webp,0.245817,0.0,0.271138113639895
database2/database2/test/232.webp,0.275174,0.0,0.2785325482219991
database2/database2/test/239.webp,0.175156,0.0,0.2993398477534594
database2/database2/test/266.webp,0.213241,0.0,0.2888377043743231
database2/database2/test/34.webp,0.050154,0.0,0.2512343517163523
database2/database2/test/453.webp,0.089504,1.0,0.2154879635151964
database2/database2/test/472.webp,0.226614,1.0,0.3319019855544072
database2/database2/test/91.webp,0.465517,1.0,0.3039573339487121
database2/database2/train/1009.webp,0.104761,1.0,0.3102681208126649
database2/database2/train/1240.webp,0.146101,0.0,0.2888428193910396
database2/database2/train/1258.webp,0.246853,0.0,0.4552389220440963
database2/database2/train/127.webp,0.075508,0.0,0.2459748026189777
database2/database2/train/1279.webp,0.000502,1.0,0.3901536532574131
database2/database2/train/1311.webp,0.172932,1.0,0.490236481486558
database2/database2/train/174.webp,0.051776,1.0,0.4917310623457971
database2/database2/train/203.webp,0.050641,1.0,0.2895663629088213
database2/database2/train/219.webp,0.142928,0.0,0.304063867109552
database2/database2/train/233.webp,0.281943,1.0,0.3177527572459319
database2/database2/train/26.webp,0.011878,0.0,0.2567235890645584
database2/database2/train/34.webp,0.095641,0.0,0.2793194910818835
database2/database2/train/433.webp,0.036418,1.0,0.3
database2/database2/train/436.webp,0.026337,1.0,0.233774700275009
database2/database2/train/515.webp,0.012181,1.0,0.2834733547569202
database2/database2/train/547.webp,0.0,1.0,0.214420310364489
database2/database2/train/613.webp,0.048432,0.0,0.2613175748250634
database2/database2/train/624.webp,0.123039,1.0,0.3756241766318352
database2/database2/train/650.webp,0.113219,0.0,0.2761770663763935
database2/database2/train/766.webp,0.167917,0.0,0.3275826994088116
database2/database2/train/814.webp,0.3,0.0,0.3282684676714716
database2/database2/train/846.webp,0.020085,1.0,0.2957233174611955
database2/database2/train/900.webp,0.417188,1.0,0.313936397434065
database2/database2/train/928.webp,0.09983,0.0,0.2853095358786525
database2/database2/train/97.webp,0.048559,1.0,0.2883967083588066
database2/database2/train/992.webp,0.32608,0.0,0.3268961677206934
database3/database3/m.0109kg/59-FaceId-0_align.webp,0.264823,0.0,0.3200308157434446
database3/database3/m.010bk0/59-FaceId-0_align.webp,0.021845,1.0,0.3860759121673405
database3/database3/m.010ngb/60-FaceId-0_align.webp,0.012915,1.0,0.26200597257849
database3/database3/m.010p3/45-FaceId-0_align.webp,0.01465,1.0,0.3083685986335647
database3/database3/m.010p3/69-FaceId-0_align.webp,0.027584,1.0,0.2947402618644822
database3/database3/m.010p3/82-FaceId-0_align.webp,0.013896,1.0,0.2691420620343345
database3/database3/m.010wty2t/83-FaceId-1_align.webp,0.168202,1.0,0.3397333317363631
database3/database3/m.0112yl/20-FaceId-0_align.webp,0.035573,1.0,0.3273211825777344
database3/database3/m.01167d3z/34-FaceId-0_align.webp,0.37993,1.0,0.3323837243569415
database3/database3/m.01167d3z/74-FaceId-0_align.webp,0.319357,1.0,0.3170012948068668
database3/database3/m.011_0k/17-FaceId-0_align.webp,0.022011,1.0,0.2810327480893114
database3/database3/m.011_0k/3-FaceId-0_align.webp,0.017225,1.0,0.2988190900556755
database3/database3/m.011_0k/43-FaceId-0_align.webp,0.025252,1.0,0.2908478958075638
database3/database3/m.011_0k/77-FaceId-0_align.webp,0.126436,1.0,0.4566928319272259
database3/database3/m.011_2h/101-FaceId-0_align.webp,0.183945,0.0,0.3151005558613833
database3/database3/m.011_2h/18-FaceId-0_align.webp,0.139464,0.0,0.3965427324752468
database3/database3/m.011_2h/21-FaceId-0_align.webp,0.028243,0.0,0.2913424782377672
database3/database3/m.011_3d/107-FaceId-0_align.webp,0.091414,1.0,0.3103835274383542
database3/database3/m.011_3d/31-FaceId-0_align.webp,0.156269,1.0,0.3122658421164587
database3/database3/m.011_3d/35-FaceId-0_align.webp,0.154662,1.0,0.6798375117126989
database3/database3/m.011_3s/106-FaceId-0_align.webp,0.132155,0.0,0.2967684583316175
database3/database3/m.011_3s/93-FaceId-0_align.webp,0.255275,0.0,0.3261353768269365
database3/database3/m.011_8/14-FaceId-0_align.webp,0.108434,1.0,0.2856296831476453
database3/database3/m.011_nf/83-FaceId-0_align.webp,0.036792,1.0,0.2840767964019871
database3/database3/m.011_pk/73-FaceId-0_align.webp,0.106935,1.0,0.3169122597295054
database3/database3/m.011_pk/98-FaceId-0_align.webp,0.021278,1.0,0.2518197018526118
database3/database3/m.011_r9/15-FaceId-0_align.webp,0.000453,1.0,0.2604687201393029
database3/database3/m.011_r9/35-FaceId-0_align.webp,0.0,1.0,0.1867748794179154
database3/database3/m.011h_w/16-FaceId-0_align.webp,0.023388,1.0,0.3774298237679229
database3/database3/m.011h_w/57-FaceId-0_align.webp,0.034974,1.0,0.336168513158297
database3/database3/m.011hdn/3-FaceId-0_align.webp,0.144586,1.0,0.3595957077424604
database3/database3/m.011hm1/28-FaceId-0_align.webp,0.045589,0.0,0.3287566944615357
database3/database3/m.011hm1/59-FaceId-0_align.webp,0.308314,0.0,0.2870120024760147
database3/database3/m.011hmd/24-FaceId-0_align.webp,0.029049,1.0,0.3336498189631565
database3/database3/m.011jfg/102-FaceId-0_align.webp,0.016853,0.0,0.2836728940368701
database3/database3/m.011jfg/64-FaceId-0_align.webp,0.014724,0.0,0.2946776589213804
database3/database3/m.011kd9/42-FaceId-0_align.webp,0.092666,1.0,0.0
database3/database3/m.011kd9/48-FaceId-0_align.webp,0.021031,1.0,0.4052378619951266
database3/database3/m.011l17/115-FaceId-0_align.webp,0.008147,1.0,0.2844129918003648
database3/database3/m.011l17/73-FaceId-0_align.webp,0.013848,1.0,0.2940661726506833
database3/database3/m.011l17/78-FaceId-0_align.webp,0.000371,1.0,0.2712580672218546
database3/database3/m.011lf5/30-FaceId-0_align.webp,0.003745,1.0,0.2832387062396875
database3/database3/m.011lhy/14-FaceId-0_align.webp,0.06605,1.0,0.215819167617738
database3/database3/m.011m1y/65-FaceId-0_align.webp,0.010331,1.0,0.372038870749166
database3/database3/m.011m1y/93-FaceId-0_align.webp,0.010174,1.0,0.257906358660545
database3/database3/m.011m33/35-FaceId-0_align.webp,0.10764,0.0,0.2645787431276076
database3/database3/m.011m33/96-FaceId-0_align.webp,0.077455,0.0,0.3148675578890308
database3/database3/m.011m33/98-FaceId-0_align.webp,0.093352,0.0,0.3878331930827877
database3/database3/m.011p3/100-FaceId-0_align.webp,0.261068,0.0,0.3303274973291205
database3/database3/m.011p3/38-FaceId-0_align.webp,0.260325,0.0,0.2820319066136729
database3/database3/m.011qm2/8-FaceId-0_align.webp,0.02115,1.0,0.2716870734602175
database3/database3/m.011w1b/4-FaceId-0_align.webp,0.011173,0.0,0.2807387252642071
database3/database3/m.011w1b/5-FaceId-0_align.webp,0.149673,0.0,0.2840180563751718
database3/database3/m.011w1b/65-FaceId-0_align.webp,0.028609,0.0,0.2765301781370032
database3/database3/m.011w1b/75-FaceId-0_align.webp,0.102741,0.0,0.2834905506971454
database3/database3/m.011xgp/24-FaceId-0_align.webp,0.060348,1.0,0.3017056024707513
database3/database3/m.011xgp/72-FaceId-0_align.webp,0.024118,1.0,0.3718928712445445
database3/database3/m.011xjd/62-FaceId-0_align.webp,0.025855,1.0,0.3026506024666011
database3/database3/m.011xl3/35-FaceId-0_align.webp,0.101991,1.0,0.316204499433573
database3/database3/m.011xl3/86-FaceId-0_align.webp,0.095741,1.0,0.3938852593223679
database3/database3/m.011xl3/92-FaceId-0_align.webp,0.15032,1.0,0.3109480080035205
database3/database3/m.011xl3/99-FaceId-0_align.webp,0.04585,1.0,0.2798584322235806
database3/database3/m.011xll/89-FaceId-0_align.webp,0.057752,1.0,0.3666867686440992
database3/database3/m.011ybj/52-FaceId-0_align.webp,0.042728,1.0,0.2744669935639095
database3/database3/m.011ybj/61-FaceId-0_align.webp,0.033422,1.0,0.2681404734484224
database3/database3/m.011yx0/17-FaceId-0_align.webp,0.03676,1.0,0.2844860258017549
database3/database3/m.011yx0/7-FaceId-0_align.webp,0.025923,1.0,0.2714935248105882
database3/database3/m.011z69/22-FaceId-0_align.webp,0.003956,1.0,0.2325737618245883
database3/database3/m.011z69/27-FaceId-0_align.webp,0.057013,1.0,0.2509878903168162
database3/database3/m.011z69/67-FaceId-0_align.webp,0.026898,1.0,0.2714935894399702
database3/database3/m.011zfk/22-FaceId-0_align.webp,0.214757,1.0,0.2406739888876311
database3/database3/m.011zfz/75-FaceId-0_align.webp,0.159958,0.0,0.2892031846712063
database3/database3/m.011zg9/22-FaceId-0_align.webp,0.107141,0.0,0.2615469872494641
database3/database3/m.011zg9/39-FaceId-0_align.webp,0.053582,0.0,0.2625216353881137
database3/database3/m.011zgs/52-FaceId-0_align.webp,0.127677,0.0,0.362009800373935
database3/database3/m.011zkh/84-FaceId-0_align.webp,0.008351,1.0,0.2689022520867138
database3/database3/m.011zwl/37-FaceId-0_align.webp,0.073722,1.0,0.2681140362315006
database3/database3/m.01200d/24-FaceId-0_align.webp,0.036817,1.0,0.2490475649575043
database3/database3/m.01200d/80-FaceId-0_align.webp,0.017066,1.0,0.270446471325826
database3/database3/m.012052/1-FaceId-0_align.webp,0.109494,1.0,0.2774897337283613
database3/database3/m.012052/30-FaceId-0_align.webp,0.193814,1.0,0.4474902754653089
database3/database3/m.012052/63-FaceId-0_align.webp,0.135953,1.0,0.3303514303364783
database3/database3/m.0122lq/12-FaceId-0_align.webp,0.034174,1.0,0.2344820629202731
database3/database3/m.0122lq/62-FaceId-0_align.webp,0.002899,1.0,0.349596724432572
database3/database3/m.0122lq/73-FaceId-0_align.webp,0.026793,1.0,0.2661327463612328
database3/database3/m.0122m5/94-FaceId-0_align.webp,0.003731,1.0,0.3949070622695108
database3/database3/m.01233w/1-FaceId-0_align.webp,0.049894,1.0,0.2674617272530958
database3/database3/m.01233w/25-FaceId-0_align.webp,0.043404,1.0,0.2793940019616677
database3/database3/m.01239/57-FaceId-0_align.webp,0.01656,1.0,0.301477474781509
database3/database3/m.01239/68-FaceId-0_align.webp,0.012855,1.0,0.2781784831407531
database3/database3/m.0123x2/101-FaceId-0_align.webp,0.244668,1.0,0.3026283447606989
database3/database3/m.01241v/54-FaceId-0_align.webp,0.010871,1.0,0.256935306541814
database3/database3/m.0124t/70-FaceId-0_align.webp,0.066352,0.0,0.3360649323914499
database3/database3/m.01257s/41-FaceId-1_align.webp,0.025408,1.0,0.2782561367648243
database3/database3/m.0126rp/46-FaceId-0_align.webp,0.064149,1.0,0.2647508506506159
database3/database3/m.0126rp/48-FaceId-0_align.webp,0.020111,1.0,0.2685231406417956
database3/database3/m.0126y2/49-FaceId-0_align.webp,0.042913,1.0,0.2760573534788962
database3/database3/m.0126y2/81-FaceId-0_align.webp,0.011658,1.0,0.3870768183028776
database3/database3/m.0126y2/92-FaceId-0_align.webp,0.2594,1.0,0.3421484425096197
database3/database3/m.01270s/15-FaceId-0_align.webp,0.00523,1.0,0.236137329542505
database3/database3/m.01270s/43-FaceId-0_align.webp,0.024273,1.0,0.2785126976463224
database3/database3/m.01271_/40-FaceId-0_align.webp,0.046844,0.0,0.2892051763079017
database3/database3/m.01271_/42-FaceId-0_align.webp,0.082785,0.0,0.2976811647613077
database3/database3/m.01271_/92-FaceId-0_align.webp,0.131196,0.0,0.2857095186849668
database3/database3/m.0127fx/6-FaceId-0_align.webp,0.010653,1.0,0.2739852446338857
database3/database3/m.0127gn/12-FaceId-0_align.webp,0.02417,1.0,0.2503387375314903
database3/database3/m.0127tk/114-FaceId-0_align.webp,0.088119,1.0,0.2640942694836228
database3/database3/m.0127tk/121-FaceId-0_align.webp,0.110272,1.0,0.309849974708995
database3/database3/m.0127tk/32-FaceId-0_align.webp,0.044592,1.0,0.2850837939146098
database3/database3/m.0127tk/61-FaceId-0_align.webp,0.157887,1.0,0.3048391203705312
database3/database3/m.0127tk/75-FaceId-0_align.webp,0.118857,1.0,0.3140598506839437
database3/database3/m.0127tk/83-FaceId-0_align.webp,0.180049,1.0,0.2798597363514079
database3/database3/m.0127zt/62-FaceId-0_align.webp,0.099007,0.0,0.2896998522407074
database3/database3/m.012801/76-FaceId-0_align.webp,0.060329,1.0,0.2746888716446026
database3/database3/m.012981/36-FaceId-0_align.webp,0.038673,1.0,0.2388381970890693
database3/database3/m.012_53/112-FaceId-0_align.webp,0.081654,0.0,0.2685044211819516
database3/database3/m.012_53/73-FaceId-0_align.webp,0.056783,0.0,0.2746922972255969
database3/database3/m.012_jj/10-FaceId-0_align.webp,0.005143,1.0,0.2577611103664666
database3/database3/m.012_jj/103-FaceId-0_align.webp,0.04174,1.0,0.2247758129768131
database3/database3/m.012_jj/83-FaceId-0_align.webp,0.123978,1.0,0.2643928356245015
database3/database3/m.012c6j/57-FaceId-0_align.webp,0.0,1.0,0.1863013831221471
database3/database3/m.012c6x/43-FaceId-0_align.webp,0.000386,1.0,0.2975113745194685
database3/database3/m.012c8f/13-FaceId-0_align.webp,0.010098,1.0,0.3213898664898815
database3/database3/m.012c8f/85-FaceId-0_align.webp,0.121074,1.0,0.3555660543454779
database3/database3/m.012ck8/1-FaceId-0_align.webp,0.250793,0.0,0.3739792975840496
database3/database3/m.012cm5/19-FaceId-0_align.webp,0.050828,1.0,0.2754069515804273
database3/database3/m.012cm5/75-FaceId-0_align.webp,0.032775,1.0,0.1824900197862051
database3/database3/m.012cm5/90-FaceId-0_align.webp,0.082057,1.0,0.2823590073973254
database3/database3/m.012cnn/11-FaceId-0_align.webp,0.107545,0.0,0.2563986073632809
database3/database3/m.012cph/108-FaceId-0_align.webp,0.01551,1.0,0.2573228224721524
database3/database3/m.012cph/17-FaceId-0_align.webp,0.005549,1.0,0.3066180827365221
database3/database3/m.012cph/68-FaceId-0_align.webp,0.017584,1.0,0.2964124909267611
database3/database3/m.012cyp/33-FaceId-0_align.webp,0.012748,0.0,0.2478814209175051
database3/database3/m.012cyp/43-FaceId-0_align.webp,0.207358,0.0,0.2785395069921679
database3/database3/m.012cyp/7-FaceId-0_align.webp,0.030272,0.0,0.2598209319748583
database3/database3/m.012czd/35-FaceId-0_align.webp,0.035058,0.0,0.2419642142446097
database3/database3/m.012czd/90-FaceId-0_align.webp,0.001711,0.0,0.2738701997512904
database3/database3/m.012dtw/86-FaceId-0_align.webp,0.075626,1.0,0.3587608935215793
database3/database3/m.012fgx/58-FaceId-0_align.webp,0.039289,1.0,0.2442796119313612
database3/database3/m.012g8l/75-FaceId-0_align.webp,0.015517,1.0,0.3236691496641634
database3/database3/m.012gbb/1-FaceId-0_align.webp,0.057132,0.0,0.3142214660266075
database3/database3/m.012gbb/104-FaceId-0_align.webp,0.023381,0.0,0.2671376871733019
database3/database3/m.012gbb/86-FaceId-0_align.webp,0.070682,0.0,0.3045192347043341
database3/database3/m.012gdw/54-FaceId-0_align.webp,0.06697,1.0,0.2315410943697048
database3/database3/m.012gl8/17-FaceId-0_align.webp,0.06567,0.0,0.2859801063181332
database3/database3/m.012gl8/38-FaceId-0_align.webp,0.063039,0.0,0.2791058159938528
database3/database3/m.012gq6/33-FaceId-0_align.webp,0.016946,1.0,0.2469599354496241
database3/database3/m.012gr9/29-FaceId-0_align.webp,0.156273,0.0,0.3282603998068562
database3/database3/m.012gx2/64-FaceId-0_align.webp,0.000577,1.0,0.2762146237477319
database3/database3/m.012gx2/77-FaceId-0_align.webp,0.126437,1.0,0.315762521215058
database3/database3/m.012gx2/8-FaceId-0_align.webp,0.019361,1.0,0.2427986086332805
database3/database3/m.012gx2/99-FaceId-0_align.webp,0.025003,1.0,0.2955219021298627
database3/database3/m.012h65/109-FaceId-0_align.webp,0.210562,1.0,0.4986076985163194
database3/database3/m.012hqb/33-FaceId-0_align.webp,0.004406,1.0,0.3092202153119285
database3/database3/m.012hr4/21-FaceId-0_align.webp,0.126033,1.0,0.2799500110769024
database3/database3/m.012hr4/67-FaceId-0_align.webp,0.183915,1.0,0.2714356802362778
database3/database3/m.012hr4/74-FaceId-0_align.webp,0.037244,1.0,0.2779119394601026
database3/database3/m.012hsb/101-FaceId-0_align.webp,0.192286,1.0,0.2734542205832952
database3/database3/m.012hsb/74-FaceId-0_align.webp,0.057902,1.0,0.2883533364387465
database3/database3/m.012hz4/77-FaceId-0_align.webp,0.118119,0.0,0.32756778263384
database3/database3/m.012j2r/108-FaceId-0_align.webp,0.027644,1.0,0.2597131729643277
database3/database3/m.012j2r/38-FaceId-0_align.webp,0.010758,1.0,0.2829146132169009
database3/database3/m.012j2r/9-FaceId-0_align.webp,0.029992,1.0,0.2519808378764961
database3/database3/m.012kdb/7-FaceId-0_align.webp,0.154185,0.0,0.2806116767666975
database3/database3/m.012kk4/31-FaceId-1_align.webp,0.026924,1.0,0.2646186252420167
database3/database3/m.012l22/20-FaceId-0_align.webp,0.182682,1.0,0.4286848172572218
database3/database3/m.012l22/56-FaceId-0_align.webp,0.079127,1.0,0.3782275878848166
database3/database3/m.012lyg/82-FaceId-0_align.webp,0.015571,1.0,0.2538265957371058
database3/database3/m.012m1c/109-FaceId-0_align.webp,0.052592,0.0,0.2733114502015435
database3/database3/m.012m1c/113-FaceId-0_align.webp,0.018979,0.0,0.2757778591009498
database3/database3/m.012m1c/56-FaceId-0_align.webp,0.076711,0.0,0.2358369089414282
database3/database3/m.012m7r/99-FaceId-0_align.webp,0.002972,1.0,0.4989416709713434
database3/database3/m.012mh_/3-FaceId-0_align.webp,0.065168,1.0,0.2641548118543556
database3/database3/m.012mh_/6-FaceId-0_align.webp,0.002681,1.0,0.2480809985384156
database3/database3/m.012mk7/90-FaceId-0_align.webp,0.032433,1.0,0.2447354095631163
database3/database3/m.012ml0/96-FaceId-0_align.webp,0.031451,1.0,0.2689966582886818
database3/database3/m.012mmb/47-FaceId-0_align.webp,0.146313,0.0,0.3375990846122104
database3/database3/m.012mn4/43-FaceId-0_align.webp,0.005783,1.0,0.2621883185892587
database3/database3/m.012nry/108-FaceId-0_align.webp,0.006878,1.0,0.2259000609096451
database3/database3/m.012nry/28-FaceId-0_align.webp,0.006764,1.0,0.3295085535857687
database3/database3/m.012nry/3-FaceId-0_align.webp,0.008173,1.0,0.2776549133772156
database3/database3/m.012nry/57-FaceId-0_align.webp,0.00436,1.0,0.2884063438919308
database3/database3/m.012pjh/2-FaceId-0_align.webp,0.0,1.0,0.2991036549256656
database3/database3/m.012q4n/50-FaceId-0_align.webp,0.004622,1.0,0.3558436987576042
database3/database3/m.012qfw/20-FaceId-1_align.webp,0.162552,0.0,0.2448607102339699
database3/database3/m.012qfw/41-FaceId-0_align.webp,0.211858,0.0,0.2482047232472295
database3/database3/m.012qgc/82-FaceId-0_align.webp,0.002042,1.0,0.2873478855663453
database3/database3/m.012rng/35-FaceId-0_align.webp,0.036379,1.0,0.3456089646481354
database3/database3/m.012rng/47-FaceId-0_align.webp,0.022161,1.0,0.5467371488075046
database3/database3/m.012rng/48-FaceId-0_align.webp,0.01786,1.0,0.2759354474557942
database3/database3/m.012rth/93-FaceId-0_align.webp,0.046323,1.0,0.5468869465034003
database3/database3/m.012s1x/11-FaceId-0_align.webp,0.049377,1.0,0.2798650971238244
database3/database3/m.012s5j/122-FaceId-0_align.webp,0.205872,0.0,0.3238001945659918
database3/database3/m.012s9f/0-FaceId-0_align.webp,0.000412,1.0,0.2478801272331262
database3/database3/m.012st7/14-FaceId-0_align.webp,0.003821,1.0,0.4098250192895397
database3/database3/m.012t1d/17-FaceId-0_align.webp,0.167599,1.0,0.2656810308939157
database3/database3/m.012t1d/37-FaceId-0_align.webp,0.016467,1.0,0.2750884184636964
database3/database3/m.012t1d/80-FaceId-0_align.webp,0.014504,1.0,0.3369578362914793
database3/database3/m.012t3l/22-FaceId-0_align.webp,0.012766,1.0,0.0
database3/database3/m.012t7s/3-FaceId-0_align.webp,0.014581,1.0,0.2538109077329787
database3/database3/m.012tmz/123-FaceId-0_align.webp,0.001629,1.0,0.2472458453977699
database3/database3/m.012v1t/29-FaceId-0_align.webp,0.118114,0.0,0.2756937015428045
database3/database3/m.012v1t/67-FaceId-0_align.webp,0.072956,0.0,0.2674400718032352
database3/database3/m.012v1t/93-FaceId-0_align.webp,0.033657,0.0,0.2764665515030525
database3/database3/m.012vby/3-FaceId-0_align.webp,0.002151,1.0,0.4111325713391749
database3/database3/m.012vby/36-FaceId-0_align.webp,0.0,1.0,0.2331412302386689
database3/database3/m.012vd6/49-FaceId-0_align.webp,0.124288,0.0,0.3070232412209948
database3/database3/m.012vd6/5-FaceId-0_align.webp,0.104381,0.0,0.2799758661618734
database3/database3/m.012vd6/75-FaceId-1_align.webp,0.054381,0.0,0.4016871617758769
database3/database3/m.012vf6/90-FaceId-0_align.webp,0.069167,0.0,0.3099302042273792
database3/database3/m.012vhn/10-FaceId-0_align.webp,0.009813,1.0,0.247526850168701
database3/database3/m.012vhn/4-FaceId-0_align.webp,0.005793,1.0,0.1806460862233285
database3/database3/m.012vq0/30-FaceId-0_align.webp,0.028246,1.0,0.2691296138620412
database3/database3/m.012vq0/67-FaceId-0_align.webp,0.017872,1.0,0.2856297696342131
database3/database3/m.012vqh/80-FaceId-0_align.webp,0.078239,0.0,0.3000019392560366
database3/database3/m.012w05/52-FaceId-0_align.webp,0.000408,1.0,0.344385799132692
database3/database3/m.012w3k/19-FaceId-0_align.webp,0.109411,1.0,0.3552765417495798
database3/database3/m.012w3k/33-FaceId-0_align.webp,0.07009,1.0,0.2862933224679571
database3/database3/m.012w3k/4-FaceId-0_align.webp,0.071086,1.0,0.3032940926301655
database3/database3/m.012wfh/73-FaceId-0_align.webp,0.055456,0.0,0.4653240381014398
database3/database3/m.012wfh/77-FaceId-0_align.webp,0.055,0.0,0.2916385203165201
database3/database3/m.012wgv/56-FaceId-0_align.webp,0.072911,1.0,0.3062172885484537
database3/database3/m.012x2b/18-FaceId-0_align.webp,0.0,1.0,0.2952506855922391
database3/database3/m.012x2b/46-FaceId-0_align.webp,0.039092,1.0,0.2864137571361322
database3/database3/m.012x2b/54-FaceId-0_align.webp,0.049838,1.0,0.2629104711114202
database3/database3/m.012x2b/72-FaceId-0_align.webp,0.008788,1.0,0.2587035545624176
database3/database3/m.012x5/81-FaceId-0_align.webp,0.058123,0.0,0.305768532778776
database3/database3/m.012xdy/81-FaceId-0_align.webp,0.012382,1.0,0.3069013509815013
database3/database3/m.012xls/57-FaceId-0_align.webp,0.114584,1.0,0.6748362671109079
database3/database3/m.012xls/70-FaceId-0_align.webp,0.126797,1.0,0.2399942972329689
database3/database3/m.012xls/74-FaceId-0_align.webp,0.018384,1.0,0.4319420830139133
database3/database3/m.012y1h/86-FaceId-0_align.webp,0.123838,1.0,0.3173371635963252
database3/database3/m.012ycy/16-FaceId-0_align.webp,0.002336,1.0,0.3104654055302435
database3/database3/m.012ycy/21-FaceId-0_align.webp,0.164069,1.0,0.2862662313221467
database3/database3/m.012ycy/73-FaceId-0_align.webp,0.017165,1.0,0.3156418330213127
database3/database3/m.012ycy/99-FaceId-0_align.webp,0.136797,1.0,0.1889822365046135
database3/database3/m.012yg1/19-FaceId-0_align.webp,0.003406,1.0,0.3652352901880477
database3/database3/m.012yg1/21-FaceId-0_align.webp,0.007301,1.0,0.2475410271999997
database3/database3/m.012yg1/66-FaceId-0_align.webp,0.007466,1.0,0.3598992625904385
database3/database3/m.012yhd/22-FaceId-0_align.webp,0.043044,1.0,0.3055909651737021
database3/database3/m.012yhd/41-FaceId-0_align.webp,0.014599,1.0,0.3033266611599236
database3/database3/m.012yhd/87-FaceId-0_align.webp,0.016417,1.0,0.3148684689260483
database3/database3/m.012ysy/40-FaceId-0_align.webp,0.005784,1.0,0.2833871585817417
database3/database3/m.012yxk/51-FaceId-0_align.webp,0.111796,1.0,0.3298176776064229
database3/database3/m.012z8_/39-FaceId-0_align.webp,0.076699,1.0,0.2501307321935119
database3/database3/m.012zrl/119-FaceId-0_align.webp,0.19435,0.0,0.2477681338774975
database3/database3/m.012zrl/22-FaceId-0_align.webp,0.184216,0.0,0.2921470552592725
database3/database3/m.012zrl/34-FaceId-0_align.webp,0.221002,0.0,0.3563729987833283
database3/database3/m.01300z/111-FaceId-0_align.webp,0.011168,1.0,0.2691725504718971
database3/database3/m.01300z/46-FaceId-0_align.webp,0.004916,1.0,0.2772558228645885
database3/database3/m.01306d/26-FaceId-0_align.webp,0.043181,1.0,0.3146784582286597
database3/database3/m.0130py/108-FaceId-0_align.webp,0.041408,1.0,0.4191213829914455
database3/database3/m.0130py/9-FaceId-0_align.webp,0.045214,1.0,0.2551850627590236
database3/database3/m.0130sy/65-FaceId-0_align.webp,0.067207,1.0,0.3031925591937988
database3/database3/m.013107/34-FaceId-0_align.webp,0.131929,0.0,0.283143230879909
database3/database3/m.0131kb/28-FaceId-0_align.webp,0.0,1.0,0.1939854613419545
database3/database3/m.0131kb/47-FaceId-0_align.webp,0.0,1.0,0.2612866285547734
database3/database3/m.0131kb/76-FaceId-0_align.webp,0.081559,1.0,0.3756329540671888
database3/database3/m.013267/23-FaceId-0_align.webp,0.049038,1.0,0.2687387059181253
database3/database3/m.0132k4/103-FaceId-0_align.webp,0.076004,1.0,0.3472309826165631
database3/database3/m.0132k4/97-FaceId-0_align.webp,0.101202,1.0,0.3133634087530275
database3/database3/m.0132kn/100-FaceId-0_align.webp,0.045478,1.0,0.2928680034224393
database3/database3/m.0132q1/29-FaceId-0_align.webp,0.017581,0.0,0.2808770194054887
database3/database3/m.013339/106-FaceId-0_align.webp,0.058305,1.0,0.2646386943971525
database3/database3/m.013339/23-FaceId-0_align.webp,0.255508,1.0,0.3200571243706945
database3/database3/m.013339/80-FaceId-0_align.webp,0.066481,1.0,0.3327764647710715
database3/database3/m.01338h/81-FaceId-0_align.webp,0.088482,0.0,0.2561597971774599
database3/database3/m.0133c4/15-FaceId-0_align.webp,0.207364,1.0,0.2753797415633732
database3/database3/m.0133x7/100-FaceId-0_align.webp,0.144974,0.0,0.2830768883324746
database3/database3/m.0133yt/45-FaceId-0_align.webp,0.102482,1.0,0.3419533651532732
database3/database3/m.01341q/51-FaceId-0_align.webp,0.043853,1.0,0.37927833656563
database3/database3/m.013423/105-FaceId-0_align.webp,0.016474,0.0,0.3706467350912521
database3/database3/m.013423/43-FaceId-0_align.webp,0.10846,0.0,0.2723829027963605
database3/database3/m.0134cp/27-FaceId-0_align.webp,0.030912,1.0,0.318067890186813
database3/database3/m.0134cp/34-FaceId-1_align.webp,0.031754,1.0,0.2980460324100407
database3/database3/m.0134cp/53-FaceId-0_align.webp,0.019724,1.0,0.2832112434158433
database3/database3/m.0134dc/38-FaceId-0_align.webp,0.000768,1.0,0.3128772256735506
database3/database3/m.0134dc/73-FaceId-0_align.webp,0.003398,1.0,0.3876237033938284
database3/database3/m.0134fr/66-FaceId-0_align.webp,0.01299,1.0,0.2765199836027796
database3/database3/m.0134fr/82-FaceId-0_align.webp,0.004786,1.0,0.3163219234600489
database3/database3/m.0134wr/11-FaceId-2_align.webp,0.000566,1.0,0.1970717610240174
database3/database3/m.0134wr/30-FaceId-2_align.webp,0.080915,1.0,0.2654469343921756
database3/database3/m.0134wr/52-FaceId-2_align.webp,0.028557,1.0,0.3291098686741683
database3/database3/m.0134wr/65-FaceId-1_align.webp,0.001253,1.0,0.2605743497239044
database3/database3/m.0134wr/69-FaceId-2_align.webp,0.064238,1.0,0.2750941760310692
database3/database3/m.0134wr/89-FaceId-1_align.webp,0.188914,1.0,0.2153470195986596
database3/database3/m.0135nb/89-FaceId-0_align.webp,0.051256,1.0,0.2840152329857957
database3/database3/m.01368v/100-FaceId-0_align.webp,0.078994,0.0,0.2672106864893082
database3/database3/m.01368v/58-FaceId-0_align.webp,0.186435,0.0,0.2670250164724224
database3/database3/m.01368v/59-FaceId-1_align.webp,0.101878,0.0,0.2511271251894024
database3/database3/m.0136ms/38-FaceId-0_align.webp,0.015722,1.0,0.2610203674331368
database3/database3/m.0136p1/103-FaceId-0_align.webp,0.341015,0.0,0.3350645514000904
database3/database3/m.0136p1/13-FaceId-0_align.webp,0.259257,0.0,0.3071317256605322
database3/database3/m.0136p1/66-FaceId-0_align.webp,0.075301,0.0,0.2793786761498518
database3/database3/m.0136pk/68-FaceId-0_align.webp,0.195786,1.0,0.3275371996657764
database3/database3/m.0136pk/87-FaceId-0_align.webp,0.172482,1.0,0.309974336091634
database3/database3/m.0136tm/24-FaceId-0_align.webp,0.011359,1.0,0.2811534717897834
database3/database3/m.0137s4/92-FaceId-0_align.webp,0.014219,1.0,0.6683461654792463
database3/database3/m.01380_/30-FaceId-0_align.webp,0.062935,1.0,0.3539613335379951
database3/database3/m.01380_/84-FaceId-0_align.webp,0.019541,1.0,0.2855776722740392
database3/database3/m.013823/15-FaceId-0_align.webp,0.004502,1.0,0.2491299804803023
database3/database3/m.013823/5-FaceId-0_align.webp,0.029677,1.0,0.2395117338333945
database3/database3/m.013846/35-FaceId-0_align.webp,0.005272,1.0,0.2927914481749526
database3/database3/m.013846/71-FaceId-0_align.webp,0.036782,1.0,0.2829077562175677
database3/database3/m.01386_/97-FaceId-0_align.webp,0.01382,1.0,0.2570888301283522
database3/database3/m.01386m/93-FaceId-0_align.webp,0.049853,1.0,0.299448014382955
database3/database3/m.01387g/36-FaceId-0_align.webp,0.020561,1.0,0.2559270448606496
database3/database3/m.01387g/90-FaceId-0_align.webp,0.00159,1.0,0.2281322621315198
database3/database3/m.01387y/2-FaceId-0_align.webp,0.062856,1.0,0.3049371840813357
database3/database3/m.01387y/32-FaceId-0_align.webp,0.048091,1.0,0.304910490192766
database3/database3/m.01387y/46-FaceId-0_align.webp,0.0006,1.0,0.2517602062776171
database3/database3/m.01388c/29-FaceId-0_align.webp,0.136546,1.0,0.2933890593892894
database3/database3/m.01388c/82-FaceId-0_align.webp,0.007483,1.0,0.2994342964428081
database3/database3/m.01388c/92-FaceId-0_align.webp,0.007604,1.0,0.2737936419822868
database3/database3/m.01389w/75-FaceId-1_align.webp,0.011085,1.0,0.2286335738056711
database3/database3/m.01389w/76-FaceId-0_align.webp,0.018887,1.0,0.2748475770665671
database3/database3/m.0138b7/49-FaceId-0_align.webp,0.173256,1.0,0.2523994846164989
database3/database3/m.0138b7/63-FaceId-0_align.webp,0.091583,1.0,0.4212503406100683
database3/database3/m.0138m1/11-FaceId-0_align.webp,0.033355,1.0,0.3069507289452168
database3/database3/m.0138m1/60-FaceId-0_align.webp,0.027664,1.0,0.2468025144865422
database3/database3/m.0139rh/103-FaceId-0_align.webp,0.008771,1.0,0.2617271808558271
database3/database3/m.0139rh/5-FaceId-0_align.webp,0.009412,1.0,0.2390569588539242
database3/database3/m.013_4m/89-FaceId-0_align.webp,0.106225,1.0,0.2461250824348373
database3/database3/m.013_gz/96-FaceId-0_align.webp,0.14677,0.0,0.2898852333121889
database3/database3/m.013_tp/47-FaceId-0_align.webp,0.000171,1.0,0.3056074525835739
database3/database3/m.013b7z/45-FaceId-0_align.webp,0.025843,1.0,0.2940806765664826
database3/database3/m.013bym/61-FaceId-0_align.webp,0.110889,0.0,0.2837264552586137
database3/database3/m.013bym/65-FaceId-0_align.webp,0.249006,0.0,0.2541004154901617
database3/database3/m.013bym/66-FaceId-0_align.webp,0.288548,0.0,0.3080619529936743
database3/database3/m.013bym/71-FaceId-0_align.webp,0.115164,0.0,0.2793835642617755
database3/database3/m.013m5y/73-FaceId-0_align.webp,0.0,1.0,0.2912860305371327
database3/database3/m.013p_0/60-FaceId-0_align.webp,0.015459,1.0,0.0
database3/database3/m.013p_j/3-FaceId-0_align.webp,0.046784,1.0,0.2787554070801526
database3/database3/m.013p_j/43-FaceId-0_align.webp,0.026287,1.0,0.2749818678611481
database3/database3/m.013p_w/1-FaceId-0_align.webp,0.045903,0.0,0.3072621331903494
database3/database3/m.013p_w/90-FaceId-1_align.webp,0.028906,0.0,0.3192592875552067
database3/database3/m.013pp3/83-FaceId-0_align.webp,0.052247,1.0,0.3467613606889325
database3/database3/m.013ppl/76-FaceId-0_align.webp,0.018885,1.0,0.262593267013069
database3/database3/m.013q78/86-FaceId-0_align.webp,0.03,1.0,0.2860678964334018
database3/database3/m.013q8x/26-FaceId-0_align.webp,0.110943,1.0,0.2894698267688553
database3/database3/m.013q8x/42-FaceId-0_align.webp,0.056383,1.0,0.2707207627674624
database3/database3/m.013q8x/99-FaceId-0_align.webp,0.005069,1.0,0.2774620090364265
database3/database3/m.013qb0/82-FaceId-0_align.webp,0.080376,1.0,0.290693846762272
database3/database3/m.013qb0/94-FaceId-0_align.webp,0.14541,1.0,0.2751160967384513
database3/database3/m.013qjp/42-FaceId-0_align.webp,0.027503,1.0,0.2764591054686371
database3/database3/m.013qjp/83-FaceId-0_align.webp,0.014,1.0,0.2842460768604293
database3/database3/m.013qpt/31-FaceId-0_align.webp,0.020067,1.0,0.2712263468214392
database3/database3/m.013qq4/70-FaceId-0_align.webp,0.020855,1.0,0.2592360157607836
database3/database3/m.013qwl/61-FaceId-0_align.webp,0.006336,1.0,0.2697069720199542
database3/database3/m.013qwy/18-FaceId-0_align.webp,0.050242,1.0,0.2808824301500674
database3/database3/m.013qy3/30-FaceId-0_align.webp,0.004735,1.0,0.3655020525740545
database3/database3/m.013qy3/92-FaceId-0_align.webp,0.026678,1.0,0.2590246283969545
database3/database3/m.013qyh/56-FaceId-1_align.webp,0.057576,1.0,0.4161458755642557
database3/database3/m.013r6h/27-FaceId-0_align.webp,0.054123,1.0,0.2071427265209084
database3/database3/m.013r6h/46-FaceId-0_align.webp,0.123792,1.0,0.5855053821512223
database3/database3/m.013s1b/47-FaceId-0_align.webp,0.148289,1.0,0.2913969565919595
database3/database3/m.013s1t/21-FaceId-0_align.webp,0.005317,1.0,0.2753648957761787
database3/database3/m.013s3/75-FaceId-0_align.webp,0.061568,1.0,0.3568529670662319
database3/database3/m.013s6x/6-FaceId-0_align.webp,0.031839,1.0,0.2690740042206723
database3/database3/m.013s8s/33-FaceId-0_align.webp,0.074629,0.0,0.2680448404311163
database3/database3/m.013sjh/7-FaceId-0_align.webp,0.189385,1.0,0.3387930422851272
database3/database3/m.013t9y/12-FaceId-0_align.webp,0.013435,1.0,0.3465825815715093
database3/database3/m.013tjc/54-FaceId-0_align.webp,0.0,1.0,0.2817901620335638
database3/database3/m.013tjc/56-FaceId-0_align.webp,0.015964,1.0,0.2798219561270108
database3/database3/m.013v12/3-FaceId-0_align.webp,0.018587,1.0,0.2698974847931745
database3/database3/m.013v12/7-FaceId-0_align.webp,0.019979,1.0,0.2863316668790707
database3/database3/m.013v5j/57-FaceId-0_align.webp,0.119854,0.0,0.2671718508998521
database3/database3/m.013vdl/109-FaceId-0_align.webp,0.167747,0.0,0.2413624361464687
database3/database3/m.013vdl/32-FaceId-0_align.webp,0.021263,0.0,0.2633158756893314
database3/database3/m.013vtr/20-FaceId-0_align.webp,0.015954,1.0,0.2765563808713654
database3/database3/m.013w7j/20-FaceId-0_align.webp,0.009375,1.0,0.3552296606266236
database3/database3/m.013w7j/32-FaceId-0_align.webp,0.001151,1.0,0.2901704763350066
database3/database3/m.013w7j/64-FaceId-0_align.webp,0.008592,1.0,0.3671209863007639
database3/database3/m.013w8h/4-FaceId-0_align.webp,0.094597,1.0,0.2656090818431136
database3/database3/m.013wt0/40-FaceId-1_align.webp,0.123008,0.0,0.285274946432367
database3/database3/m.013wz9/26-FaceId-0_align.webp,0.18678,0.0,0.2760197234196391
database3/database3/m.013wz9/73-FaceId-0_align.webp,0.219059,0.0,0.2697765764925063
database3/database3/m.013xhr/100-FaceId-0_align.webp,0.00219,1.0,0.3117889203574526
database3/database3/m.013xhr/23-FaceId-0_align.webp,0.015916,1.0,0.287259431437703
database3/database3/m.013xhr/24-FaceId-0_align.webp,0.064866,1.0,0.2757206052669294
database3/database3/m.013xhr/33-FaceId-0_align.webp,0.013765,1.0,0.392167860145338
database3/database3/m.013xhr/42-FaceId-0_align.webp,0.02596,1.0,0.3368426552347722
database3/database3/m.013xs1/10-FaceId-0_align.webp,0.059547,1.0,0.2287208840145127
database3/database3/m.013y2b/23-FaceId-0_align.webp,0.154363,0.0,0.2793804610138685
database3/database3/m.013y2b/32-FaceId-0_align.webp,0.092369,0.0,0.2667402385168642
database3/database3/m.013y2b/66-FaceId-0_align.webp,0.108782,0.0,0.2744879698117286
database3/database3/m.013y2s/40-FaceId-0_align.webp,0.026989,0.0,0.2624109470257376
database3/database3/m.013y2s/73-FaceId-0_align.webp,0.075667,0.0,0.2571231393668499
database3/database3/m.013yd0/51-FaceId-0_align.webp,0.167678,0.0,0.284690126612524
database3/database3/m.013yd0/92-FaceId-0_align.webp,0.096098,0.0,0.2597156819999041
database3/database3/m.013ykk/37-FaceId-0_align.webp,0.042458,0.0,0.2948644293781016
database3/database3/m.013ykx/9-FaceId-0_align.webp,0.117351,0.0,0.2770746081469933
database3/database3/m.013ylm/42-FaceId-0_align.webp,0.120671,0.0,0.2906958952091432
database3/database3/m.013ylm/97-FaceId-0_align.webp,0.133134,0.0,0.2995189050439243
database3/database3/m.013yvd/37-FaceId-0_align.webp,0.027946,1.0,0.2449602803983293
database3/database3/m.013yvd/75-FaceId-0_align.webp,0.027604,1.0,0.2594889310445177
database3/database3/m.013yyq/27-FaceId-0_align.webp,0.014857,1.0,0.3063443077367219
database3/database3/m.013yyq/44-FaceId-0_align.webp,0.06122,1.0,0.26723050633163
database3/database3/m.013yyq/48-FaceId-0_align.webp,0.11735,1.0,0.3346775815957238
database3/database3/m.013zjz/16-FaceId-0_align.webp,0.071353,1.0,0.3144010465311616
database3/database3/m.013zm7/89-FaceId-0_align.webp,0.144683,1.0,0.2829367928416547
database3/database3/m.013zpf/72-FaceId-0_align.webp,0.0,0.0,0.5026111243807583
database3/database3/m.013zpf/88-FaceId-0_align.webp,0.169008,0.0,0.282783402522361
database3/database3/m.013zr7/15-FaceId-0_align.webp,0.062795,1.0,0.2591986386472468
database3/database3/m.013zs9/83-FaceId-0_align.webp,0.33489,0.0,0.3223144032034604
database3/database3/m.013zyw/16-FaceId-0_align.webp,0.043076,1.0,0.247225994132962
database3/database3/m.013zyw/19-FaceId-0_align.webp,0.020445,1.0,0.2347001413505731
database3/database3/m.013zyw/21-FaceId-0_align.webp,0.01715,1.0,0.2410204763115224
database3/database3/m.01400g/101-FaceId-0_align.webp,0.057026,0.0,0.2989905601275426
database3/database3/m.01400g/117-FaceId-0_align.webp,0.219786,0.0,0.3414548458015226
database3/database3/m.01400g/31-FaceId-0_align.webp,0.04717,0.0,0.2795626452633219
database3/database3/m.01400g/47-FaceId-0_align.webp,0.103943,0.0,0.2807598714707674
database3/database3/m.014029/72-FaceId-0_align.webp,0.164078,0.0,0.2896449118879778
database3/database3/m.0140ly/8-FaceId-0_align.webp,0.018837,1.0,0.2562153587257734
database3/database3/m.0140v2/84-FaceId-0_align.webp,0.185102,1.0,0.4340511308174531
database3/database3/m.0141qv/12-FaceId-0_align.webp,0.026897,1.0,0.2724174155323449
database3/database3/m.0142n8/3-FaceId-0_align.webp,0.193323,1.0,0.2270911491033375
database3/database3/m.0142n8/5-FaceId-0_align.webp,0.020679,1.0,0.2889337126612861
database3/database3/m.0142sv/3-FaceId-0_align.webp,0.0,1.0,0.2050266293715779
database3/database3/m.0142sv/32-FaceId-0_align.webp,0.0,1.0,0.2204966374519179
database3/database3/m.01433m/64-FaceId-0_align.webp,0.03742,0.0,0.3463638504368866
database3/database3/m.0143sn/66-FaceId-0_align.webp,0.02374,1.0,0.2816975746925287
database3/database3/m.0143wl/30-FaceId-0_align.webp,0.034923,1.0,0.293985307390235
database3/database3/m.0143wl/81-FaceId-0_align.webp,0.051966,1.0,0.3038718672652575
database3/database3/m.014488/3-FaceId-0_align.webp,0.020128,1.0,0.2586283103618134
database3/database3/m.01449w/57-FaceId-0_align.webp,0.017199,1.0,0.3815908435314466
database3/database3/m.01449w/80-FaceId-0_align.webp,0.016942,1.0,0.3217816362609824
database3/database3/m.01449w/99-FaceId-0_align.webp,0.011762,1.0,0.3431492667958277
database3/database3/m.0144_b/77-FaceId-0_align.webp,0.037923,1.0,0.2420481228245059
database3/database3/m.0144_b/99-FaceId-0_align.webp,0.002226,1.0,0.2467022937331045
database3/database3/m.0144k5/45-FaceId-0_align.webp,0.060457,0.0,0.2737029910228868
database3/database3/m.0144k5/53-FaceId-0_align.webp,0.099321,0.0,0.3014367530593884
database3/database3/m.0144k5/58-FaceId-0_align.webp,0.088277,0.0,0.2736078847406107
database3/database3/m.0144k5/85-FaceId-0_align.webp,0.078258,0.0,0.2917498030899083
database3/database3/m.014508/74-FaceId-0_align.webp,0.033711,1.0,0.2698329229344843
database3/database3/m.0146fs/16-FaceId-0_align.webp,0.00871,1.0,0.271343555502448
database3/database3/m.0147cn/44-FaceId-0_align.webp,0.171045,1.0,0.2894101230894866
database3/database3/m.0147cn/79-FaceId-0_align.webp,0.059428,1.0,0.3073600472987611
database3/database3/m.0147jt/99-FaceId-0_align.webp,0.019999,1.0,0.286840090380775
database3/database3/m.0147qz/78-FaceId-0_align.webp,0.010623,1.0,0.2661788484175166
database3/database3/m.01480y/76-FaceId-0_align.webp,0.0,1.0,0.2189163407985736
database3/database3/m.0148_m/52-FaceId-0_align.webp,0.01178,1.0,0.2786999806712195
database3/database3/m.0148m9/58-FaceId-0_align.webp,0.040365,1.0,0.2452149857316352
database3/database3/m.0148qq/63-FaceId-1_align.webp,0.082134,1.0,0.2606261317770873
database3/database3/m.0148x0/17-FaceId-0_align.webp,0.195787,0.0,0.3062169690072559
database3/database3/m.014902/18-FaceId-0_align.webp,0.02167,1.0,0.2936439014183797
database3/database3/m.01491d/96-FaceId-0_align.webp,0.018562,1.0,0.2483672099706328
database3/database3/m.014936/66-FaceId-0_align.webp,0.009581,0.0,0.2872931362783343
database3/database3/m.0149k5/29-FaceId-0_align.webp,0.022158,1.0,0.2739291361838335
database3/database3/m.0149k5/81-FaceId-0_align.webp,0.042078,1.0,0.4215070872455713
database3/database3/m.0149vp/23-FaceId-0_align.webp,0.153482,1.0,0.0
database3/database3/m.0149vp/3-FaceId-0_align.webp,0.055794,1.0,0.2756842301881722
database3/database3/m.0149vp/63-FaceId-0_align.webp,0.126629,1.0,0.2862331070397317
database3/database3/m.0149wl/102-FaceId-0_align.webp,0.022928,1.0,0.3354323527300641
database3/database3/m.0149wl/45-FaceId-0_align.webp,0.024169,1.0,0.3595345489150061
database3/database3/m.0149xx/94-FaceId-0_align.webp,0.042337,1.0,0.3268756091745966
database3/database3/m.014_1g/72-FaceId-0_align.webp,0.019311,0.0,0.2835477188913044
database3/database3/m.014_1g/8-FaceId-0_align.webp,0.209769,0.0,0.3125304760656416
database3/database3/m.014_4y/6-FaceId-0_align.webp,0.048047,1.0,0.2807007622543221
database3/database3/m.014_sl/106-FaceId-0_align.webp,0.23715,0.0,0.3166883200799473
database3/database3/m.014_sl/74-FaceId-0_align.webp,0.390836,0.0,0.2790661739372993
database3/database3/m.014bn_/16-FaceId-0_align.webp,0.037637,1.0,0.2659180494506649
database3/database3/m.014bn_/85-FaceId-1_align.webp,0.012813,1.0,0.2683964670084355
database3/database3/m.014bps/75-FaceId-0_align.webp,0.000105,1.0,0.2990309451490812
database3/database3/m.014byr/85-FaceId-0_align.webp,0.140079,1.0,0.2881661993187153
database3/database3/m.014bz_/33-FaceId-0_align.webp,0.044503,1.0,0.2918052164058921
database3/database3/m.014c0y/76-FaceId-0_align.webp,0.175143,1.0,0.2832162833014159
database3/database3/m.014c40/62-FaceId-0_align.webp,0.041412,1.0,0.3533587314472588
database3/database3/m.014c40/70-FaceId-0_align.webp,0.059838,1.0,0.2676921783880623
database3/database3/m.014cq/6-FaceId-0_align.webp,0.092137,1.0,0.2519074559825366
database3/database3/m.014cq/86-FaceId-0_align.webp,0.009035,1.0,0.3402863298345561
database3/database3/m.014cw2/26-FaceId-0_align.webp,0.010138,1.0,0.2623292803500338
database3/database3/m.014cw2/50-FaceId-0_align.webp,0.006571,1.0,0.2650603312828358
database3/database3/m.014d0v/117-FaceId-0_align.webp,0.00171,1.0,0.2664675834083252
database3/database3/m.014d0v/5-FaceId-0_align.webp,0.0,1.0,0.2192333760396496
database3/database3/m.014d0v/76-FaceId-0_align.webp,0.001899,1.0,0.252826858691893
database3/database3/m.014d15/7-FaceId-0_align.webp,0.067756,1.0,0.2988234712299996
database3/database3/m.014d3/12-FaceId-0_align.webp,0.002261,1.0,0.2674751775901117
database3/database3/m.014d3/72-FaceId-0_align.webp,0.018566,1.0,0.2569179026951125
database3/database3/m.014d3y/82-FaceId-0_align.webp,0.033512,0.0,0.9327713385725196
database3/database3/m.014dg1/103-FaceId-0_align.webp,0.026524,1.0,0.266031736523279
database3/database3/m.014dg1/51-FaceId-0_align.webp,0.001679,1.0,0.2971534065089381
database3/database3/m.014dg1/65-FaceId-0_align.webp,0.0,1.0,0.2158329236508577
database3/database3/m.014dg1/7-FaceId-0_align.webp,0.01106,1.0,0.2941100415755106
database3/database3/m.014dg1/86-FaceId-0_align.webp,0.019596,1.0,0.2854801125584338
database3/database3/m.014dm6/105-FaceId-0_align.webp,0.23153,1.0,0.2869177138907675
database3/database3/m.014dy_/50-FaceId-0_align.webp,0.069776,1.0,0.2218069311481632
database3/database3/m.014dy_/73-FaceId-0_align.webp,0.01239,1.0,0.2598349093063742
database3/database3/m.014f8k/25-FaceId-0_align.webp,0.24634,0.0,0.2700827415623687
database3/database3/m.014f8k/9-FaceId-0_align.webp,0.182534,0.0,0.2782891701161964
database3/database3/m.014fcb/0-FaceId-0_align.webp,0.028343,1.0,0.2787396935357469
database3/database3/m.014fd7/98-FaceId-0_align.webp,0.096652,1.0,0.2643138934735311
database3/database3/m.014g17/1-FaceId-0_align.webp,0.005705,1.0,0.2927582675928001
database3/database3/m.014g17/9-FaceId-0_align.webp,0.079641,1.0,0.3045253737305801
database3/database3/m.014g22/90-FaceId-0_align.webp,0.35161,0.0,0.3259065733196727
database3/database3/m.014g6c/86-FaceId-0_align.webp,0.02888,1.0,0.2846895004077808
database3/database3/m.014g6v/43-FaceId-0_align.webp,0.001902,1.0,0.2582965825268964
database3/database3/m.014g79/86-FaceId-0_align.webp,0.049609,1.0,0.2828959935737965
database3/database3/m.014g8p/48-FaceId-0_align.webp,0.000256,1.0,0.3141528820394585
database3/database3/m.014g9y/12-FaceId-0_align.webp,0.038159,0.0,0.2911997549746518
database3/database3/m.014g_f/26-FaceId-0_align.webp,0.000817,1.0,0.1893982010164894
database3/database3/m.014g_f/35-FaceId-0_align.webp,0.001771,1.0,0.2666791312470808
database3/database3/m.014gf8/102-FaceId-0_align.webp,0.00204,1.0,0.5159271083339582
database3/database3/m.014gf8/28-FaceId-0_align.webp,0.018311,1.0,0.2415540259680672
database3/database3/m.014gf8/69-FaceId-0_align.webp,0.050273,1.0,0.2700659610056466
database3/database3/m.014gf8/9-FaceId-0_align.webp,0.034223,1.0,0.2715990686288656
database3/database3/m.014gsd/79-FaceId-0_align.webp,0.118598,1.0,0.2964849175978444
database3/database3/m.014h_s/80-FaceId-0_align.webp,0.173494,0.0,0.2980396496496335
database3/database3/m.014hlm/54-FaceId-0_align.webp,0.078394,0.0,0.2789600514194721
database3/database3/m.014hmv/53-FaceId-1_align.webp,0.0,1.0,0.2764654065504547
database3/database3/m.014j8m/72-FaceId-0_align.webp,0.0057,1.0,0.2890236683883852
database3/database3/m.014jb8/10-FaceId-0_align.webp,0.009911,1.0,0.3834968312897893
database3/database3/m.014jk0/16-FaceId-0_align.webp,0.026202,1.0,0.4574165017374539
database3/database3/m.014jk0/61-FaceId-0_align.webp,0.011335,1.0,0.8478501284163322
database3/database3/m.014jk0/74-FaceId-0_align.webp,0.003357,1.0,0.5196055301085309
database3/database3/m.014jxq/20-FaceId-0_align.webp,0.165895,0.0,0.2998215878521952
database3/database3/m.014jxq/43-FaceId-0_align.webp,0.136492,0.0,0.2456661160054083
database3/database3/m.014jy6/23-FaceId-0_align.webp,0.150311,1.0,0.3957416107000748
database3/database3/m.014jy6/50-FaceId-0_align.webp,0.042148,1.0,0.2817464039772195
database3/database3/m.014jy6/97-FaceId-0_align.webp,0.061362,1.0,0.3820923609794181
database3/database3/m.014k1v/95-FaceId-3_align.webp,0.133686,1.0,0.3313536955333396
database3/database3/m.014k2p/25-FaceId-0_align.webp,0.315824,1.0,0.3064800592153457
database3/database3/m.014kbz/16-FaceId-0_align.webp,0.028027,1.0,0.276786882854456
database3/database3/m.014kbz/22-FaceId-0_align.webp,0.028933,1.0,0.2840834603208234
database3/database3/m.014kbz/81-FaceId-0_align.webp,0.006506,1.0,0.2867457887697491
database3/database3/m.014kxv/1-FaceId-0_align.webp,0.013313,1.0,0.263012490358378
database3/database3/m.014kxv/11-FaceId-0_align.webp,0.053384,1.0,0.249051884189986
database3/database3/m.014lb1/14-FaceId-2_align.webp,0.000111,0.0,0.2621007038730563
database3/database3/m.014lb1/47-FaceId-0_align.webp,0.167631,0.0,0.2765021257526059
database3/database3/m.014lb1/62-FaceId-1_align.webp,0.053145,0.0,0.2664309457930617
database3/database3/m.014lyb/65-FaceId-0_align.webp,0.056831,1.0,0.2422455263215835
database3/database3/m.014m_1/70-FaceId-0_align.webp,0.018552,1.0,0.2667690699674503
database3/database3/m.014mvy/17-FaceId-0_align.webp,0.196734,1.0,0.3552806525118265
database3/database3/m.014mvy/58-FaceId-0_align.webp,0.218895,1.0,0.3700792564422801
database3/database3/m.014n_k/48-FaceId-0_align.webp,0.006557,1.0,0.2808547487160866
database3/database3/m.014n_k/70-FaceId-0_align.webp,0.029858,1.0,0.2491220023091831
database3/database3/m.014nfw/87-FaceId-0_align.webp,0.123499,0.0,0.276961924237138
database3/database3/m.014p33/83-FaceId-2_align.webp,0.084076,0.0,0.2614377422066859
database3/database3/m.014p33/87-FaceId-0_align.webp,0.07546,0.0,0.2764428333390228
database3/database3/m.014ptb/14-FaceId-1_align.webp,0.016295,1.0,0.2392042457849525
database3/database3/m.014ptb/5-FaceId-0_align.webp,0.001038,1.0,0.3553068946248086
database3/database3/m.014ptb/50-FaceId-0_align.webp,0.185526,1.0,0.2687368381688231
database3/database3/m.014pxk/118-FaceId-0_align.webp,0.227914,1.0,0.400740778594995
database3/database3/m.014pys/19-FaceId-0_align.webp,0.047245,1.0,0.3641688113462552
database3/database3/m.014pzz/110-FaceId-0_align.webp,0.13041,0.0,0.2724885808422834
database3/database3/m.014qjt/47-FaceId-0_align.webp,0.002851,1.0,0.2852727466650319
database3/database3/m.014r6r/81-FaceId-0_align.webp,0.091441,0.0,0.2542248233710076
database3/database3/m.014s81/3-FaceId-0_align.webp,0.077926,1.0,0.2924366145419835
database3/database3/m.014sj7/7-FaceId-0_align.webp,0.074577,1.0,0.3130197904518768
database3/database3/m.014skb/4-FaceId-0_align.webp,0.096076,0.0,0.2791792137239064
database3/database3/m.014skb/53-FaceId-0_align.webp,0.075066,0.0,0.2714580084947098
database3/database3/m.014skb/55-FaceId-0_align.webp,0.080414,0.0,0.2829892949293466
database3/database3/m.014v1q/8-FaceId-1_align.webp,0.038359,1.0,0.3170017703109095
database3/database3/m.014v6x/16-FaceId-0_align.webp,0.159906,0.0,0.2723222023898696
database3/database3/m.014v6x/20-FaceId-0_align.webp,0.306955,0.0,0.2970318625397063
database3/database3/m.014v6x/88-FaceId-0_align.webp,0.075191,0.0,0.2532523948055424
database3/database3/m.014vbq/60-FaceId-0_align.webp,0.005701,1.0,0.0
database3/database3/m.014vnb/46-FaceId-0_align.webp,0.027126,1.0,0.2700508411606501
database3/database3/m.014vnb/51-FaceId-0_align.webp,0.043084,1.0,0.2742276251821733
database3/database3/m.014vtj/100-FaceId-0_align.webp,0.000679,1.0,0.2734731454732593
database3/database3/m.014wsb/38-FaceId-0_align.webp,0.106862,1.0,0.279669146539424
database3/database3/m.014x0w/28-FaceId-0_align.webp,0.353028,0.0,0.4516211624448468
database3/database3/m.014x0w/74-FaceId-0_align.webp,0.177523,0.0,0.2829352175639021
database3/database3/m.014x0w/96-FaceId-0_align.webp,0.217684,0.0,0.2986704297676055
database3/database3/m.014xn7/100-FaceId-0_align.webp,0.007084,1.0,0.2327118385449294
database3/database3/m.014xn7/42-FaceId-0_align.webp,0.003105,1.0,0.2537949301284969
database3/database3/m.014xr2/5-FaceId-0_align.webp,0.387134,0.0,0.3460262507129365
database3/database3/m.014xr2/87-FaceId-0_align.webp,0.341771,0.0,0.3220775261452697
database3/database3/m.014xzx/93-FaceId-0_align.webp,0.351892,1.0,0.3288792951986598
database3/database3/m.014y6/74-FaceId-0_align.webp,0.012495,1.0,0.2753124782764093
database3/database3/m.014y6/95-FaceId-0_align.webp,0.006882,1.0,0.2890564844434958
database3/database3/m.014y7g/1-FaceId-0_align.webp,0.005692,1.0,0.2704504642695599
database3/database3/m.014z8v/77-FaceId-0_align.webp,0.004141,1.0,0.2652964742110726
database3/database3/m.014zfs/76-FaceId-0_align.webp,0.024924,1.0,0.2613719327101937
database3/database3/m.014zxh/99-FaceId-0_align.webp,0.008633,1.0,0.4038987899194478
database3/database3/m.014zy/105-FaceId-0_align.webp,0.175949,1.0,0.3324809198530146
database3/database3/m.014zy/22-FaceId-0_align.webp,0.048224,1.0,0.2959186901585827
database3/database3/m.014zy/56-FaceId-0_align.webp,0.135716,1.0,0.4343231028519711
database3/database3/m.015076/99-FaceId-0_align.webp,0.0064,1.0,0.3617505491561268
database3/database3/m.01507p/0-FaceId-0_align.webp,0.067522,1.0,0.2938543545779102
database3/database3/m.01509x/60-FaceId-0_align.webp,0.015557,1.0,0.2827909834798606
database3/database3/m.0150bp/103-FaceId-0_align.webp,0.041675,0.0,0.2535730826010495
database3/database3/m.0150j5/31-FaceId-0_align.webp,0.003889,1.0,0.2342914043143328
database3/database3/m.0150j5/4-FaceId-0_align.webp,0.006229,1.0,0.258020824757825
database3/database3/m.0150j5/71-FaceId-0_align.webp,0.062123,1.0,0.2587365916852809
database3/database3/m.0150j5/81-FaceId-0_align.webp,0.001136,1.0,0.2062099899665489
database3/database3/m.0150j5/86-FaceId-0_align.webp,0.002669,1.0,0.2471611321824057
database3/database3/m.0150m1/111-FaceId-0_align.webp,0.023781,1.0,0.3113517432722789
database3/database3/m.0150m1/13-FaceId-0_align.webp,0.071346,1.0,0.2839027866251423
database3/database3/m.0150mg/0-FaceId-0_align.webp,0.057671,1.0,0.4924807746834751
database3/database3/m.0150mg/69-FaceId-0_align.webp,0.220147,1.0,0.3116132131444598
database3/database3/m.0150mg/88-FaceId-0_align.webp,0.14546,1.0,0.3499293143484661
database3/database3/m.0150mg/97-FaceId-0_align.webp,0.078806,1.0,0.2964697030422942
database3/database3/m.0150rl/42-FaceId-0_align.webp,0.016396,0.0,0.2511385145701988
database3/database3/m.0150t6/36-FaceId-0_align.webp,0.017669,1.0,0.2597320912244856
database3/database3/m.0150t6/41-FaceId-0_align.webp,0.022058,1.0,0.2493325835074038
database3/database3/m.0150t6/63-FaceId-0_align.webp,0.015119,1.0,0.2740146000377695
database3/database3/m.01519n/21-FaceId-0_align.webp,0.389316,0.0,0.3816838646068551
database3/database3/m.01519n/69-FaceId-0_align.webp,0.017235,0.0,0.2940707292325303
database3/database3/m.0151fv/54-FaceId-0_align.webp,0.017876,0.0,0.2480236522024123
database3/database3/m.0151fv/90-FaceId-0_align.webp,0.296844,0.0,0.3024422895352136
database3/database3/m.0151fv/94-FaceId-0_align.webp,0.121468,0.0,0.3438551333475393
database3/database3/m.0151n1/16-FaceId-0_align.webp,0.044648,1.0,0.2833216159532439
database3/database3/m.0151n1/26-FaceId-0_align.webp,0.101903,1.0,0.3007583401910628
database3/database3/m.0151n1/29-FaceId-0_align.webp,0.049938,1.0,0.3164576312995972
database3/database3/m.0151n1/36-FaceId-0_align.webp,0.038201,1.0,0.3033689838372853
database3/database3/m.0151n1/53-FaceId-0_align.webp,0.021607,1.0,0.3249884164854293
database3/database3/m.0151p8/29-FaceId-0_align.webp,0.003452,1.0,0.2330345974059401
database3/database3/m.0151xv/30-FaceId-0_align.webp,0.007121,1.0,0.2705220389785348
database3/database3/m.0151xv/44-FaceId-0_align.webp,0.021629,1.0,0.2825454525790659
database3/database3/m.0151xv/88-FaceId-0_align.webp,0.006779,1.0,0.2993455819037531
database3/database3/m.0151zx/92-FaceId-0_align.webp,0.043036,1.0,0.3426092060232334
database3/database3/m.0152cw/42-FaceId-0_align.webp,0.083199,0.0,0.2769066923964274
database3/database3/m.0152xn/72-FaceId-0_align.webp,0.043462,1.0,0.2928923122942259
database3/database3/m.015302/4-FaceId-0_align.webp,0.000416,1.0,0.2316018017314402
database3/database3/m.0153dp/1-FaceId-0_align.webp,0.039324,1.0,0.2763998224395647
database3/database3/m.0153dp/88-FaceId-0_align.webp,0.057869,1.0,0.2680273830344477
database3/database3/m.0153vt/1-FaceId-0_align.webp,0.335303,1.0,0.2878108852262086
database3/database3/m.0153vt/81-FaceId-0_align.webp,0.087285,1.0,0.3065621372256266
database3/database3/m.0153y1/16-FaceId-0_align.webp,0.166114,0.0,0.2882387395840102
database3/database3/m.01541z/117-FaceId-0_align.webp,0.111734,0.0,0.2728862121873983
database3/database3/m.01547g/3-FaceId-0_align.webp,0.153164,0.0,0.2822445248910699
database3/database3/m.01547g/73-FaceId-0_align.webp,0.246081,0.0,0.2799430291569791
database3/database3/m.0154d7/52-FaceId-0_align.webp,0.115018,1.0,0.306841984657773
database3/database3/m.0154ff/10-FaceId-0_align.webp,0.121913,0.0,0.2664732773403457
database3/database3/m.0154hr/101-FaceId-0_align.webp,0.090433,0.0,0.3372513317675556
database3/database3/m.0154hr/109-FaceId-0_align.webp,0.038439,0.0,0.2699109583141846
database3/database3/m.0154hr/18-FaceId-0_align.webp,0.07836,0.0,0.3289911042160509
database3/database3/m.0154hr/28-FaceId-0_align.webp,0.045785,0.0,0.2826699331466316
database3/database3/m.0154s9/24-FaceId-0_align.webp,0.052837,1.0,0.2637227080113851
database3/database3/m.0154x6/57-FaceId-0_align.webp,0.061779,0.0,0.3124062499698213
database3/database3/m.01552j/40-FaceId-0_align.webp,0.017747,1.0,0.2456864111942925
database3/database3/m.01558d/79-FaceId-0_align.webp,0.014812,1.0,0.2218381697040986
database3/database3/m.01558d/8-FaceId-0_align.webp,0.124089,1.0,0.2624783274771909
database3/database3/m.0155zp/26-FaceId-0_align.webp,0.000547,1.0,0.2547993346160236
database3/database3/m.0155zp/7-FaceId-0_align.webp,0.015991,1.0,0.2627889814939714
database3/database3/m.0155zp/79-FaceId-0_align.webp,0.02849,1.0,0.322084622319032
database3/database3/m.0155zp/88-FaceId-0_align.webp,0.072148,1.0,0.2758170072988037
database3/database3/m.0156dg/11-FaceId-0_align.webp,0.153809,0.0,0.3136536415082205
database3/database3/m.0156dg/2-FaceId-0_align.webp,0.144571,0.0,0.343112729254273
database3/database3/m.0156y1/31-FaceId-0_align.webp,0.047284,1.0,0.2746299805287235
database3/database3/m.01574b/45-FaceId-0_align.webp,0.070647,0.0,0.2896718392182612
database3/database3/m.015796/86-FaceId-0_align.webp,0.081944,0.0,0.2813030421459838
database3/database3/m.0157m/20-FaceId-0_align.webp,0.028257,1.0,0.2369778759704942
database3/database3/m.0157m/24-FaceId-0_align.webp,0.028454,1.0,0.258646319771647
database3/database3/m.0157m/25-FaceId-0_align.webp,0.020124,1.0,0.2557788175193869
database3/database3/m.0157m/73-FaceId-0_align.webp,0.033963,1.0,0.2847036036676259
database3/database3/m.0157r6/22-FaceId-1_align.webp,0.0,1.0,0.1803977055126451
database3/database3/m.0157ry/29-FaceId-0_align.webp,0.027582,1.0,0.2435512511747594
database3/database3/m.015882/17-FaceId-0_align.webp,0.396178,0.0,0.302919303284682
database3/database3/m.015882/20-FaceId-0_align.webp,0.380878,0.0,0.3216561775468199
database3/database3/m.015882/75-FaceId-0_align.webp,0.386665,0.0,0.335379994455115
database3/database3/m.0158r2/73-FaceId-0_align.webp,0.173377,0.0,0.2820564448255303
database3/database3/m.01598m/79-FaceId-0_align.webp,0.475474,0.0,0.3238931746789175
database3/database3/m.0159wm/104-FaceId-0_align.webp,0.007308,1.0,0.2209675235864749
database3/database3/m.0159wm/9-FaceId-0_align.webp,0.002891,1.0,0.1796890559610359
database3/database3/m.015_44/31-FaceId-0_align.webp,0.062168,0.0,0.2619350133753618
database3/database3/m.015_44/64-FaceId-0_align.webp,0.356589,0.0,0.3417782059154052
database3/database3/m.015_44/84-FaceId-0_align.webp,0.3229,0.0,0.338997573499737
database3/database3/m.015b67/34-FaceId-0_align.webp,0.034996,1.0,0.2695632761738727
database3/database3/m.015bhj/103-FaceId-1_align.webp,0.041754,1.0,0.0
database3/database3/m.015bhj/70-FaceId-0_align.webp,0.00385,1.0,0.255429243889543
database3/database3/m.015bnf/68-FaceId-0_align.webp,0.066968,0.0,0.2767849681229644
database3/database3/m.015brk/18-FaceId-0_align.webp,0.023166,1.0,0.2837020508410228
database3/database3/m.015bw2/110-FaceId-0_align.webp,0.01319,1.0,0.2758154478475345
database3/database3/m.015bw2/40-FaceId-0_align.webp,0.013047,1.0,0.2991206656657222
database3/database3/m.015bw2/68-FaceId-0_align.webp,0.00956,1.0,0.2991070785165313
database3/database3/m.015c2f/3-FaceId-0_align.webp,0.072717,0.0,0.2683005317367614
database3/database3/m.015c2f/47-FaceId-0_align.webp,0.01548,0.0,0.2857337797466975
database3/database3/m.015c2f/49-FaceId-0_align.webp,0.031524,0.0,0.2844927852468192
database3/database3/m.015c2f/8-FaceId-0_align.webp,0.126031,0.0,0.29019305840015
database3/database3/m.015c4g/7-FaceId-0_align.webp,0.000573,1.0,0.2626582690506485
database3/database3/m.015c4g/83-FaceId-0_align.webp,0.000391,1.0,0.2404581780038387
database3/database3/m.015cyn/17-FaceId-0_align.webp,0.046212,1.0,0.2723762021532854
database3/database3/m.015cyn/5-FaceId-0_align.webp,0.152464,1.0,0.2540430733762644
database3/database3/m.015czg/24-FaceId-0_align.webp,0.141052,1.0,0.2858953408604726
database3/database3/m.015d2r/66-FaceId-0_align.webp,0.064087,1.0,0.4317806951901259
database3/database3/m.015d2r/86-FaceId-0_align.webp,0.029999,1.0,0.2846333643762299
database3/database3/m.015dcj/83-FaceId-0_align.webp,0.023385,1.0,0.2793503951910082
database3/database3/m.015dgg/80-FaceId-0_align.webp,0.001775,1.0,0.2897085865595237
database3/database3/m.015djp/24-FaceId-0_align.webp,0.0,1.0,0.2347781355809348
database3/database3/m.015djp/27-FaceId-0_align.webp,0.037685,1.0,0.2849095038195379
database3/database3/m.015dk3/22-FaceId-0_align.webp,0.027592,1.0,0.241534019101135
database3/database3/m.015dnt/38-FaceId-0_align.webp,0.001692,1.0,0.3195916206907082
database3/database3/m.015dnt/42-FaceId-1_align.webp,0.102539,1.0,0.2017438086063239
database3/database3/m.015dqj/29-FaceId-0_align.webp,0.034796,1.0,0.2775327343580878
database3/database3/m.015dsz/54-FaceId-1_align.webp,0.002756,1.0,0.2373895037395624
database3/database3/m.015dx/106-FaceId-0_align.webp,0.065832,0.0,0.276775278638509
database3/database3/m.015dx/112-FaceId-0_align.webp,0.282009,0.0,0.2947389252394402
database3/database3/m.015dx/117-FaceId-0_align.webp,0.154935,0.0,0.2548955696210298
database3/database3/m.015dx/16-FaceId-0_align.webp,0.065933,0.0,0.2948061238550233
database3/database3/m.015dx/75-FaceId-0_align.webp,0.127561,0.0,0.3059841409844107
database3/database3/m.015dz8/51-FaceId-0_align.webp,0.051527,1.0,0.2778200264776185
database3/database3/m.015f6_/9-FaceId-0_align.webp,0.050822,1.0,0.2821047924917081
database3/database3/m.015fxn/110-FaceId-1_align.webp,0.050721,0.0,0.2698070827224339
database3/database3/m.015fyd/19-FaceId-0_align.webp,0.055834,0.0,0.2755149580548084
database3/database3/m.015g36/86-FaceId-0_align.webp,0.010069,0.0,0.2723621073749405
database3/database3/m.015g98/4-FaceId-0_align.webp,0.031227,1.0,0.3097472122226713
database3/database3/m.015g_7/108-FaceId-0_align.webp,0.075445,1.0,0.2770045641918502
database3/database3/m.015ghl/29-FaceId-0_align.webp,0.035495,0.0,0.268737447302469
database3/database3/m.015ghl/58-FaceId-0_align.webp,0.114793,0.0,0.2339261720517021
database3/database3/m.015ghl/7-FaceId-0_align.webp,0.022651,0.0,0.2500974453758248
database3/database3/m.015gjr/36-FaceId-0_align.webp,0.054888,1.0,0.2757409734678936
database3/database3/m.015gjr/40-FaceId-0_align.webp,0.045893,1.0,0.247677774345735
database3/database3/m.015gjr/84-FaceId-0_align.webp,0.042274,1.0,0.3997721972616894
database3/database3/m.015gqm/96-FaceId-1_align.webp,0.236979,1.0,0.3156998084598789
database3/database3/m.015grj/83-FaceId-0_align.webp,0.0,1.0,0.2390545965230603
database3/database3/m.015grj/95-FaceId-0_align.webp,0.006074,1.0,0.2285235984140498
database3/database3/m.015grj/98-FaceId-0_align.webp,0.00126,1.0,0.2026647283562597
database3/database3/m.015gsv/100-FaceId-0_align.webp,0.087077,1.0,0.2921258463489544
database3/database3/m.015gsv/72-FaceId-0_align.webp,0.017745,1.0,0.2764683578706007
database3/database3/m.015gx1/70-FaceId-0_align.webp,0.056653,1.0,0.2613973047538326
database3/database3/m.015gy7/28-FaceId-0_align.webp,0.011386,1.0,0.2917246044435712
database3/database3/m.015gzc/94-FaceId-0_align.webp,0.077714,1.0,0.2697439132535398
database3/database3/m.015h25/3-FaceId-0_align.webp,0.001481,1.0,0.2298469506223986
database3/database3/m.015h7y/30-FaceId-0_align.webp,0.014431,1.0,0.2887073438149514
database3/database3/m.015htz/46-FaceId-0_align.webp,0.135648,0.0,0.2756781115446581
database3/database3/m.015j58/58-FaceId-0_align.webp,0.016994,1.0,0.274730796840728
database3/database3/m.015j6h/20-FaceId-0_align.webp,0.005265,1.0,0.2851790137381925
database3/database3/m.015j6h/37-FaceId-0_align.webp,0.094841,1.0,0.3167391410054411
database3/database3/m.015j6y/47-FaceId-0_align.webp,0.10488,0.0,0.3192865618715877
database3/database3/m.015j6y/5-FaceId-0_align.webp,0.085053,0.0,0.2699512894652514
database3/database3/m.015j6y/73-FaceId-1_align.webp,0.12413,0.0,0.2780291882183525
database3/database3/m.015j8x/17-FaceId-0_align.webp,0.049084,1.0,0.2941848974231724
database3/database3/m.015j8x/42-FaceId-0_align.webp,0.021866,1.0,0.3191533754897395
database3/database3/m.015jjw/46-FaceId-0_align.webp,0.068702,1.0,0.303042450828967
database3/database3/m.015jjw/69-FaceId-0_align.webp,0.113403,1.0,0.3027254487937796
database3/database3/m.015jvm/105-FaceId-0_align.webp,0.006549,1.0,0.2520825517946095
database3/database3/m.015jvm/32-FaceId-0_align.webp,0.01088,1.0,0.2453888710246821
database3/database3/m.015jvm/85-FaceId-0_align.webp,0.111985,1.0,0.4185782558049175
database3/database3/m.015k04/104-FaceId-0_align.webp,0.087765,0.0,0.2478800148062837
database3/database3/m.015k04/33-FaceId-0_align.webp,0.019732,0.0,0.284941650765343
database3/database3/m.015k04/68-FaceId-0_align.webp,0.032064,0.0,0.2816478866451765
database3/database3/m.015k9x/19-FaceId-0_align.webp,0.079615,0.0,0.2883769677382516
database3/database3/m.015k9x/84-FaceId-0_align.webp,0.154994,0.0,0.640384059076478
database3/database3/m.015kbd/21-FaceId-0_align.webp,0.030994,1.0,0.2430073110107814
database3/database3/m.015kbd/80-FaceId-0_align.webp,0.061754,1.0,0.4750935835778728
database3/database3/m.015khm/4-FaceId-0_align.webp,0.027803,1.0,0.2125181006971848
database3/database3/m.015klf/75-FaceId-0_align.webp,0.0,1.0,0.2146525331125434
database3/database3/m.015ksl/24-FaceId-0_align.webp,0.23069,1.0,0.2849698263860362
database3/database3/m.015ksl/26-FaceId-1_align.webp,0.043132,1.0,0.4177024146044879
database3/database3/m.015ksl/31-FaceId-0_align.webp,0.096817,1.0,0.2823396641170926
database3/database3/m.015ksl/72-FaceId-0_align.webp,0.014945,1.0,0.2774065561484385
database3/database3/m.015ksy/70-FaceId-0_align.webp,0.064697,1.0,0.2618072078316513
database3/database3/m.015ksy/90-FaceId-0_align.webp,0.039383,1.0,0.266952661689545
database3/database3/m.015kt_/7-FaceId-0_align.webp,0.084368,1.0,0.2559267099922248
database3/database3/m.015l1l/126-FaceId-0_align.webp,0.0,1.0,0.2018801114052045
database3/database3/m.015l51/58-FaceId-0_align.webp,0.077217,1.0,0.2474609981640934
database3/database3/m.015lg2/3-FaceId-0_align.webp,0.081487,1.0,0.4209515842314666
database3/database3/m.015m2c/35-FaceId-0_align.webp,0.111821,0.0,0.3753059033038667
database3/database3/m.015m2c/62-FaceId-0_align.webp,0.107098,0.0,0.3645073047705555
database3/database3/m.015m2c/96-FaceId-0_align.webp,0.077293,0.0,0.3830516065183658
database3/database3/m.015m2v/50-FaceId-0_align.webp,0.014038,1.0,0.2573058434689209
database3/database3/m.015m_9/103-FaceId-0_align.webp,0.203457,0.0,0.3002955873755251
database3/database3/m.015m_9/23-FaceId-0_align.webp,0.194385,0.0,0.2721362044364595
database3/database3/m.015mfy/124-FaceId-0_align.webp,0.011509,1.0,0.4107694108325735
database3/database3/m.015mfy/44-FaceId-0_align.webp,0.015486,1.0,0.3905770381061257
database3/database3/m.015ncq/12-FaceId-0_align.webp,0.097302,0.0,0.2427789237957364
database3/database3/m.015ncq/15-FaceId-0_align.webp,0.108176,0.0,0.2766061346508221
database3/database3/m.015ncq/43-FaceId-0_align.webp,0.173231,0.0,0.3281147784211717
database3/database3/m.015nr6/10-FaceId-0_align.webp,0.135309,0.0,0.2197889536472075
database3/database3/m.015nxw/46-FaceId-0_align.webp,0.033616,1.0,0.2826928131484839
database3/database3/m.015nz8/33-FaceId-0_align.webp,0.258768,1.0,0.2696016915270992
database3/database3/m.015p0c/3-FaceId-0_align.webp,0.047687,1.0,0.2487446894964332
database3/database3/m.015p37/5-FaceId-0_align.webp,0.024022,0.0,0.4024732767963589
database3/database3/m.015p3p/83-FaceId-3_align.webp,0.095309,1.0,0.3562701840814516
database3/database3/m.015p_p/4-FaceId-0_align.webp,0.041582,1.0,0.3957687770404934
database3/database3/m.015ph6/52-FaceId-0_align.webp,0.019715,1.0,0.2591440207557269
database3/database3/m.015ph6/9-FaceId-0_align.webp,0.017184,1.0,0.2234949034299678
database3/database3/m.015phm/91-FaceId-0_align.webp,0.017375,1.0,0.2297799296129437
database3/database3/m.015pqq/24-FaceId-0_align.webp,0.179784,0.0,0.2762449055507182
database3/database3/m.015pqq/66-FaceId-0_align.webp,0.136121,0.0,0.3766406922013042
database3/database3/m.015pqq/87-FaceId-0_align.webp,0.018013,0.0,0.2936998403928766
database3/database3/m.015pt7/51-FaceId-0_align.webp,0.127322,1.0,0.317921099493814
database3/database3/m.015pt7/58-FaceId-0_align.webp,0.035197,1.0,0.2571605624382367
database3/database3/m.015pt7/60-FaceId-0_align.webp,0.049196,1.0,0.3349467677897577
database3/database3/m.015pvh/112-FaceId-0_align.webp,0.330281,0.0,0.3093912863505793
database3/database3/m.015px7/44-FaceId-0_align.webp,0.034165,1.0,0.2711495010574027
database3/database3/m.015px7/91-FaceId-0_align.webp,0.015722,1.0,0.2073434778801813
database3/database3/m.015pxr/76-FaceId-0_align.webp,0.013737,1.0,0.2662349802148975
database3/database3/m.015pxr/85-FaceId-0_align.webp,0.04711,1.0,0.287802060250414
database3/database3/m.015pz3/26-FaceId-0_align.webp,0.029214,1.0,0.3281827653799739
database3/database3/m.015q3m/88-FaceId-0_align.webp,0.02977,1.0,0.2310489236020547
database3/database3/m.015q43/44-FaceId-0_align.webp,0.14431,0.0,0.2933348253519334
database3/database3/m.015q43/83-FaceId-0_align.webp,0.202776,0.0,0.3200795580042578
database3/database3/m.015q7v/66-FaceId-0_align.webp,0.123951,1.0,0.2933594108844656
database3/database3/m.015q7v/70-FaceId-0_align.webp,0.084162,1.0,0.2929356266094094
database3/database3/m.015q7v/74-FaceId-0_align.webp,0.166774,1.0,0.4023969895278407
database3/database3/m.015q7v/95-FaceId-0_align.webp,0.114436,1.0,0.2781365118655059
database3/database3/m.015q9_/38-FaceId-0_align.webp,0.073529,1.0,0.3019091544599521
database3/database3/m.015q9_/55-FaceId-0_align.webp,0.228226,1.0,0.2917189225295964
database3/database3/m.015qgb/80-FaceId-0_align.webp,0.240744,0.0,0.3386444119282478
database3/database3/m.015ql4/49-FaceId-0_align.webp,0.010843,1.0,0.2658802902475709
database3/database3/m.015ql_/79-FaceId-0_align.webp,0.076307,0.0,0.2905495683825963
database3/database3/m.015qlm/10-FaceId-0_align.webp,0.050821,0.0,0.2889306155149302
database3/database3/m.015qlm/70-FaceId-0_align.webp,0.030997,0.0,0.288627853432495
database3/database3/m.015qpn/63-FaceId-0_align.webp,0.366396,1.0,0.2425578967844969
database3/database3/m.015qq1/36-FaceId-0_align.webp,0.022633,1.0,0.2494663549723995
database3/database3/m.015qty/73-FaceId-0_align.webp,0.019129,1.0,0.2409094099777089
database3/database3/m.015qty/74-FaceId-0_align.webp,0.007618,1.0,0.2783850207821351
database3/database3/m.015qv9/29-FaceId-0_align.webp,0.006101,1.0,0.2851587350163513
database3/database3/m.015qxn/75-FaceId-0_align.webp,0.029389,1.0,0.1959010651316131
database3/database3/m.015qxn/81-FaceId-0_align.webp,0.000968,1.0,0.3316639852332617
database3/database3/m.015qyf/14-FaceId-0_align.webp,0.032701,1.0,0.2747221478592775
database3/database3/m.015qzv/12-FaceId-0_align.webp,0.03298,1.0,0.3925128769313725
database3/database3/m.015qzv/45-FaceId-0_align.webp,0.048204,1.0,0.3704731746129674
database3/database3/m.015qzv/55-FaceId-0_align.webp,0.094832,1.0,0.4349128511460844
database3/database3/m.015qzv/57-FaceId-0_align.webp,0.068867,1.0,0.3072324207284581
database3/database3/m.015r3q/35-FaceId-0_align.webp,0.001755,1.0,0.3788793704484344
database3/database3/m.015r4v/28-FaceId-0_align.webp,0.015627,1.0,0.2942526168879022
database3/database3/m.015rhv/21-FaceId-0_align.webp,0.274759,1.0,0.3624593608402595
database3/database3/m.015rmq/88-FaceId-0_align.webp,0.016982,1.0,0.25304752382858
database3/database3/m.015t_m/31-FaceId-0_align.webp,0.0851,1.0,0.1943868810953676
database3/database3/m.015thk/1-FaceId-0_align.webp,0.117609,1.0,0.2714688421377545
database3/database3/m.015thk/47-FaceId-0_align.webp,0.223814,1.0,0.361332578811559
database3/database3/m.015thk/89-FaceId-0_align.webp,0.010677,1.0,0.3645118884172204
database3/database3/m.015tp7/25-FaceId-0_align.webp,0.089928,1.0,0.2820067811606191
database3/database3/m.015tp7/4-FaceId-0_align.webp,0.078982,1.0,0.2927138528182016
database3/database3/m.015tv5/22-FaceId-0_align.webp,0.009031,1.0,0.301645277184871
database3/database3/m.015tv5/54-FaceId-0_align.webp,0.027498,1.0,0.2685686210419061
database3/database3/m.015tyq/50-FaceId-0_align.webp,0.029346,1.0,0.3338677786554201
database3/database3/m.015tyq/63-FaceId-0_align.webp,0.05956,1.0,0.3484643091761955
database3/database3/m.015v98/49-FaceId-0_align.webp,0.062142,0.0,0.2927182661337884
database3/database3/m.015v98/79-FaceId-0_align.webp,0.070144,0.0,0.2860068450188404
database3/database3/m.015vql/63-FaceId-0_align.webp,0.02634,1.0,0.3047434253197431
database3/database3/m.015vyh/54-FaceId-0_align.webp,0.020372,1.0,0.2697970670816158
database3/database3/m.015wfg/59-FaceId-0_align.webp,0.021245,1.0,0.2865794434240362
database3/database3/m.015wfy/41-FaceId-0_align.webp,0.10115,1.0,0.269956054406001
database3/database3/m.015wfy/43-FaceId-0_align.webp,0.000923,1.0,0.3694444809912649
database3/database3/m.015wfy/78-FaceId-0_align.webp,0.064575,1.0,0.3771386210253435
database3/database3/m.015wfy/91-FaceId-0_align.webp,0.156,1.0,0.3452764469188298
database3/database3/m.015wgw/16-FaceId-0_align.webp,0.030553,1.0,0.2618073304110489
database3/database3/m.015wgw/5-FaceId-0_align.webp,0.079937,1.0,0.2862374963823576
database3/database3/m.015wkb/94-FaceId-0_align.webp,0.010721,1.0,0.2708846190934644
database3/database3/m.015x3n/93-FaceId-0_align.webp,0.0,0.0,0.3492021682996566
database3/database3/m.015x63/126-FaceId-0_align.webp,0.077609,0.0,0.2874569025609049
database3/database3/m.015xnd/46-FaceId-0_align.webp,0.021854,1.0,0.2725012947762515
database3/database3/m.015xnd/72-FaceId-0_align.webp,0.171432,1.0,0.4081685155162594
database3/database3/m.015xsn/17-FaceId-0_align.webp,0.021828,1.0,0.3316432416578473
database3/database3/m.015xww/31-FaceId-0_align.webp,0.075773,1.0,0.2556480836586842
database3/database3/m.015xys/54-FaceId-0_align.webp,0.054138,1.0,0.2433947185423598
database3/database3/m.015y4c/42-FaceId-0_align.webp,0.097688,1.0,0.2513220855748144
database3/database3/m.015y4c/72-FaceId-0_align.webp,0.027368,1.0,0.2624666477739079
database3/database3/m.015y4c/79-FaceId-0_align.webp,0.010835,1.0,0.2476143993011958
database3/database3/m.015yb0/108-FaceId-0_align.webp,0.073526,1.0,0.2446356919922584
database3/database3/m.015ybz/5-FaceId-0_align.webp,0.004767,1.0,0.46387117551463
database3/database3/m.015yg9/69-FaceId-0_align.webp,0.021682,1.0,0.3185907882643338
database3/database3/m.015ykr/19-FaceId-0_align.webp,0.078311,0.0,0.2773055998748042
database3/database3/m.015ykr/9-FaceId-0_align.webp,0.026904,0.0,0.2400618069120612
database3/database3/m.015z4j/106-FaceId-1_align.webp,0.203863,0.0,0.2982634613471175
database3/database3/m.015z4j/30-FaceId-0_align.webp,0.022438,0.0,0.2727607798584982
database3/database3/m.015zj4/3-FaceId-0_align.webp,0.026859,1.0,0.3498828294969007
database3/database3/m.015zjx/34-FaceId-0_align.webp,0.188292,1.0,0.2889497155047553
database3/database3/m.015zm4/92-FaceId-0_align.webp,0.019768,1.0,0.3218922046557158
database3/database3/m.015zmm/35-FaceId-0_align.webp,0.071991,0.0,0.2687210669429695
database3/database3/m.016077/95-FaceId-0_align.webp,0.023638,1.0,0.2856982856758729
database3/database3/m.0160pf/102-FaceId-0_align.webp,0.037457,1.0,0.2633139504486438
database3/database3/m.016194/12-FaceId-0_align.webp,0.028771,1.0,0.2786243680750002
database3/database3/m.016194/6-FaceId-0_align.webp,0.025295,1.0,0.2431645601078153
database3/database3/m.0161h5/105-FaceId-0_align.webp,0.042175,0.0,0.2826833425304796
database3/database3/m.0161hn/33-FaceId-0_align.webp,0.010683,1.0,0.3165656162905627
database3/database3/m.0162c8/22-FaceId-0_align.webp,0.021055,1.0,0.2911908695998092
database3/database3/m.0162c8/71-FaceId-0_align.webp,0.041746,1.0,0.2826742642002742
database3/database3/m.0162c8/72-FaceId-0_align.webp,0.034776,1.0,0.2823901346738675
database3/database3/m.0162lw/68-FaceId-0_align.webp,0.026272,1.0,0.2669088923897533
database3/database3/m.0162n1/16-FaceId-0_align.webp,0.013549,1.0,0.3813850356982368
database3/database3/m.0162n1/17-FaceId-0_align.webp,0.15524,1.0,0.3828519904292605
database3/database3/m.01635v/83-FaceId-0_align.webp,0.001023,1.0,0.2240566559279843
database3/database3/m.0163bt/91-FaceId-0_align.webp,0.100672,1.0,0.2909484084708532
database3/database3/m.0163kf/72-FaceId-0_align.webp,0.120095,0.0,0.2739436875152797
database3/database3/m.0163kf/83-FaceId-0_align.webp,0.098981,0.0,0.3129257835113553
database3/database3/m.0163rk/30-FaceId-0_align.webp,0.022552,1.0,0.2722019687685303
database3/database3/m.0163s9/24-FaceId-0_align.webp,0.074147,1.0,0.2736208156543797
database3/database3/m.0163s9/74-FaceId-0_align.webp,0.166715,1.0,0.2896413403939844
database3/database3/m.0163t3/106-FaceId-0_align.webp,0.195337,0.0,0.2918884322317064
database3/database3/m.0163t3/9-FaceId-0_align.webp,0.08181,0.0,0.2800560168056019
database3/database3/m.0163y8/74-FaceId-0_align.webp,0.077227,1.0,0.3143469678118538
database3/database3/m.0164c4/60-FaceId-0_align.webp,0.111711,0.0,0.2667730931178756
database3/database3/m.0164lp/69-FaceId-0_align.webp,0.064522,1.0,0.2000435354769816
database3/database3/m.0164lp/92-FaceId-0_align.webp,0.151037,1.0,0.3746752489148711
database3/database3/m.0164nb/3-FaceId-0_align.webp,0.089532,1.0,0.2763020623348719
database3/database3/m.0164y7/34-FaceId-0_align.webp,0.005214,1.0,0.2474084496491103
database3/database3/m.0165cp/26-FaceId-0_align.webp,0.006703,0.0,0.25182358815633
database3/database3/m.0165cp/52-FaceId-0_align.webp,0.057554,0.0,0.2405615651626549
database3/database3/m.0165gc/85-FaceId-0_align.webp,0.006716,1.0,0.253882844402252
database3/database3/m.0165gc/99-FaceId-0_align.webp,0.120842,1.0,0.2860633612630061
database3/database3/m.0165ky/57-FaceId-0_align.webp,0.015031,1.0,0.4002925857654786
database3/database3/m.0165n5/59-FaceId-0_align.webp,0.014306,0.0,0.2265777279097951
database3/database3/m.01666h/59-FaceId-0_align.webp,0.366126,0.0,0.311089644946974
database3/database3/m.01666h/65-FaceId-0_align.webp,0.324656,0.0,0.3266485217273229
database3/database3/m.0166rp/41-FaceId-0_align.webp,0.108225,1.0,0.278756695833459
database3/database3/m.0166rp/55-FaceId-0_align.webp,0.058677,1.0,0.3246137945763289
database3/database3/m.0166w_/52-FaceId-0_align.webp,0.055626,1.0,0.2603128244827642
database3/database3/m.0166w_/7-FaceId-0_align.webp,0.051227,1.0,0.2235136864414445
database3/database3/m.0166yl/4-FaceId-0_align.webp,0.128426,1.0,0.2537876494185235
database3/database3/m.0166yl/42-FaceId-0_align.webp,0.00821,1.0,0.2649030549307221
database3/database3/m.0166zk/13-FaceId-0_align.webp,0.040817,1.0,0.3770809348794204
database3/database3/m.0166zk/42-FaceId-0_align.webp,0.020069,1.0,0.3583708944722906
database3/database3/m.0166zk/72-FaceId-0_align.webp,0.015452,1.0,0.2771528837919996
database3/database3/m.01678_/78-FaceId-0_align.webp,0.014927,1.0,0.2466969975874773
database3/database3/m.0167h6/35-FaceId-0_align.webp,0.000892,1.0,0.2419246981321215
database3/database3/m.0167xk/87-FaceId-0_align.webp,0.035118,1.0,0.2910390945619142
database3/database3/m.016883/25-FaceId-0_align.webp,0.021581,1.0,0.2780357197452365
database3/database3/m.016883/35-FaceId-0_align.webp,0.016967,1.0,0.3032406807117775
database3/database3/m.016883/79-FaceId-0_align.webp,0.042662,1.0,0.2759504018377643
database3/database3/m.0168cl/73-FaceId-0_align.webp,0.16573,1.0,0.2709311067979471
database3/database3/m.0168ql/60-FaceId-0_align.webp,0.01118,1.0,0.1831480398908183
database3/database3/m.0168vx/9-FaceId-0_align.webp,0.182986,0.0,0.2631884224141893
database3/database3/m.01693z/106-FaceId-0_align.webp,0.308514,1.0,0.3275012194413749
database3/database3/m.01693z/67-FaceId-0_align.webp,0.053019,1.0,0.257520753659009
database3/database3/m.016959/105-FaceId-0_align.webp,0.10109,1.0,0.3271638083584687
database3/database3/m.016959/51-FaceId-0_align.webp,0.067755,1.0,0.2983051688909822
database3/database3/m.0169ff/102-FaceId-0_align.webp,0.033338,1.0,0.3251023422960676
database3/database3/m.0169ff/36-FaceId-0_align.webp,0.024259,1.0,0.2846330760380045
database3/database3/m.0169ff/79-FaceId-0_align.webp,0.137366,1.0,0.2876759214122301
database3/database3/m.0169mh/14-FaceId-0_align.webp,0.084985,0.0,0.3119810665511655
database3/database3/m.0169r6/43-FaceId-0_align.webp,0.109367,0.0,0.3048569554624853
database3/database3/m.0169v2/37-FaceId-0_align.webp,0.237432,0.0,0.3068412701611944
database3/database3/m.0169v2/60-FaceId-0_align.webp,0.294775,0.0,0.3160916467339618
database3/database3/m.0169x_/12-FaceId-0_align.webp,0.169443,1.0,0.2463717295596504
database3/database3/m.016_js/82-FaceId-0_align.webp,0.00161,0.0,0.2574794686736621
database3/database3/m.016_js/90-FaceId-0_align.webp,0.074161,0.0,0.2847072507156278
database3/database3/m.016_mj/9-FaceId-0_align.webp,0.005546,1.0,0.2836231037200762
database3/database3/m.016b6z/92-FaceId-0_align.webp,0.053278,1.0,0.3050221440906315
database3/database3/m.016b90/0-FaceId-0_align.webp,0.006801,1.0,0.2592966790930155
database3/database3/m.016b90/79-FaceId-0_align.webp,0.0,1.0,0.1810782527610195
database3/database3/m.016b90/8-FaceId-0_align.webp,0.046454,1.0,0.2237760988546643
database3/database3/m.016b90/93-FaceId-0_align.webp,0.01334,1.0,0.2593580794556119
database3/database3/m.016cn6/6-FaceId-0_align.webp,0.062721,1.0,0.3137858162210943
database3/database3/m.016cn6/90-FaceId-0_align.webp,0.090699,1.0,0.2541236096995781
database3/database3/m.016cz6/23-FaceId-1_align.webp,0.213677,1.0,0.2933166137115631
database3/database3/m.016db7/11-FaceId-0_align.webp,0.00104,1.0,0.2712982874578221
database3/database3/m.016dbr/42-FaceId-0_align.webp,0.02227,1.0,0.2804763138850327
database3/database3/m.016fjj/77-FaceId-0_align.webp,0.012807,1.0,0.277717624068572
database3/database3/m.016fnv/40-FaceId-0_align.webp,0.049743,1.0,0.2779742378792534
database3/database3/m.016g29/40-FaceId-0_align.webp,0.003894,1.0,0.3050356611631891
database3/database3/m.016g29/95-FaceId-0_align.webp,0.017798,1.0,0.2273015094731982
database3/database3/m.016ggh/74-FaceId-0_align.webp,0.004674,1.0,0.2516999830564583
database3/database3/m.016ghw/12-FaceId-0_align.webp,0.035794,1.0,0.3364065716573836
database3/database3/m.016gkf/85-FaceId-0_align.webp,0.159983,1.0,0.2818552013059339
database3/database3/m.016gnp/45-FaceId-0_align.webp,0.027576,1.0,0.2519655869188905
database3/database3/m.016gnp/48-FaceId-0_align.webp,0.0,1.0,0.2807365166778579
database3/database3/m.016gr2/107-FaceId-0_align.webp,0.0,1.0,0.2070001281212639
database3/database3/m.016gr2/38-FaceId-0_align.webp,0.0,1.0,0.224309642785725
database3/database3/m.016hgp/12-FaceId-0_align.webp,0.055372,0.0,0.2734485123528991
database3/database3/m.016hgp/32-FaceId-12_align.webp,0.159452,0.0,0.350718033710649
database3/database3/m.016hgp/77-FaceId-4_align.webp,0.110387,0.0,0.2701345805835519
database3/database3/m.016hgp/77-FaceId-7_align.webp,0.08977,0.0,0.2725093142070792
database3/database3/m.016hgp/77-FaceId-9_align.webp,0.121788,0.0,0.2760568396622688
database3/database3/m.016hj7/88-FaceId-0_align.webp,0.028831,1.0,0.2477932204702304
database3/database3/m.016hk4/98-FaceId-0_align.webp,0.002253,1.0,0.2772527843344307
database3/database3/m.016hmf/90-FaceId-0_align.webp,0.168251,1.0,0.3054096734576013
database3/database3/m.016hrc/46-FaceId-0_align.webp,0.064797,0.0,0.2891866302510176
database3/database3/m.016htr/23-FaceId-0_align.webp,0.041326,1.0,0.2718638948267266
database3/database3/m.016htr/80-FaceId-0_align.webp,0.0,1.0,0.4488349741826266
database3/database3/m.016hvl/14-FaceId-0_align.webp,0.018608,1.0,0.3115889664051133
database3/database3/m.016hvl/79-FaceId-0_align.webp,0.027134,1.0,0.2883070527669443
database3/database3/m.016hzm/79-FaceId-0_align.webp,0.040554,1.0,0.3544726821693504
database3/database3/m.016j4q/17-FaceId-0_align.webp,0.014713,1.0,0.5438070456891639
database3/database3/m.016j4q/73-FaceId-0_align.webp,0.027874,1.0,0.4009816583368628
database3/database3/m.016j55/23-FaceId-0_align.webp,0.003044,1.0,0.3397924405275576
database3/database3/m.016j_c/80-FaceId-0_align.webp,0.167359,0.0,0.3007256459273341
database3/database3/m.016k0j/73-FaceId-0_align.webp,0.021214,0.0,0.2858288648775001
database3/database3/m.016k38/76-FaceId-0_align.webp,0.03171,1.0,0.3369336421477166
database3/database3/m.016k38/86-FaceId-0_align.webp,0.0969,1.0,0.3849519812404715
database3/database3/m.016k58/57-FaceId-0_align.webp,0.285077,0.0,0.3073979687232793
database3/database3/m.016k6x/11-FaceId-0_align.webp,0.0,1.0,0.2387918644751463
database3/database3/m.016k6x/19-FaceId-0_align.webp,0.0,1.0,0.2236160382730627
database3/database3/m.016k92/3-FaceId-0_align.webp,0.164786,1.0,0.3108425747539009
database3/database3/m.016k92/39-FaceId-0_align.webp,0.115077,1.0,0.3073178252203021
database3/database3/m.016k92/53-FaceId-0_align.webp,0.124335,1.0,0.2869309819806519
database3/database3/m.016k_v/117-FaceId-0_align.webp,0.172292,0.0,0.2747342847244681
database3/database3/m.016k_v/31-FaceId-0_align.webp,0.103765,0.0,0.2831609911748179
database3/database3/m.016k_v/6-FaceId-0_align.webp,0.102662,0.0,0.277606214415135
database3/database3/m.016kdv/96-FaceId-0_align.webp,0.10171,1.0,0.2644712882476715
database3/database3/m.016kft/30-FaceId-0_align.webp,0.094506,1.0,0.2969043522531964
database3/database3/m.016khd/116-FaceId-0_align.webp,0.014365,1.0,0.4312558348498308
database3/database3/m.016khd/18-FaceId-0_align.webp,0.045446,1.0,0.3271349110716693
database3/database3/m.016khd/77-FaceId-0_align.webp,0.016363,1.0,0.2596955632365567
database3/database3/m.016kjs/51-FaceId-0_align.webp,0.103247,1.0,0.2829480092867735
database3/database3/m.016kqk/22-FaceId-0_align.webp,0.109366,1.0,0.2931796481005821
database3/database3/m.016kqk/57-FaceId-0_align.webp,0.028005,1.0,0.3224316355364034
database3/database3/m.016ksk/77-FaceId-0_align.webp,0.033554,1.0,0.2624609631479642
database3/database3/m.016l53/34-FaceId-0_align.webp,0.004644,1.0,0.3891487290511569
database3/database3/m.016l_5/13-FaceId-1_align.webp,0.028409,0.0,0.4163843779993189
database3/database3/m.016l_5/23-FaceId-0_align.webp,0.13632,0.0,0.2804666482105052
database3/database3/m.016l_5/69-FaceId-0_align.webp,0.067658,0.0,0.2726642206328661
database3/database3/m.016lb3/2-FaceId-0_align.webp,0.005513,1.0,0.263291656609997
database3/database3/m.016lh0/74-FaceId-0_align.webp,0.000336,1.0,0.2685460990462476
database3/database3/m.016m0v/15-FaceId-0_align.webp,0.003574,1.0,0.3368728916747189
database3/database3/m.016m0v/47-FaceId-0_align.webp,0.010823,1.0,0.4320697812028894
database3/database3/m.016m0v/48-FaceId-0_align.webp,0.006305,1.0,0.2936815841322553
database3/database3/m.016mgj/22-FaceId-0_align.webp,0.177659,0.0,0.2851504384161153
database3/database3/m.016mgj/72-FaceId-0_align.webp,0.141048,0.0,0.4040637501690832
database3/database3/m.016ntp/45-FaceId-0_align.webp,0.056576,0.0,0.5145865274387176
database3/database3/m.016ntp/58-FaceId-0_align.webp,0.194583,0.0,0.3987936025589829
database3/database3/m.016ntp/78-FaceId-0_align.webp,0.262576,0.0,0.3137348268776121
database3/database3/m.016ntp/85-FaceId-0_align.webp,0.141759,0.0,0.3089875442286195
database3/database3/m.016nvh/2-FaceId-0_align.webp,0.143526,1.0,0.3030175109724711
database3/database3/m.016nvy/82-FaceId-0_align.webp,0.14288,0.0,0.2821877918213638
database3/database3/m.016nws/82-FaceId-0_align.webp,0.154826,1.0,0.3093671390325313
database3/database3/m.016pns/55-FaceId-0_align.webp,0.055966,1.0,0.3060083340820894
database3/database3/m.016q0w/27-FaceId-0_align.webp,0.009996,1.0,0.2836338045053189
database3/database3/m.016q2n/25-FaceId-0_align.webp,0.030179,0.0,0.2861023654295331
database3/database3/m.016q2n/89-FaceId-0_align.webp,0.007529,0.0,0.2888615811262926
database3/database3/m.016q4_/99-FaceId-1_align.webp,0.000294,0.0,0.2387376234989643
database3/database3/m.016qrb/16-FaceId-0_align.webp,0.039165,0.0,0.2820519037902739
database3/database3/m.016qrb/78-FaceId-0_align.webp,0.145711,0.0,0.2635134000194056
database3/database3/m.016qtt/15-FaceId-0_align.webp,0.187503,1.0,0.2882230942995762
database3/database3/m.016qtt/25-FaceId-0_align.webp,0.283035,1.0,0.2915420056847776
database3/database3/m.016r3x/42-FaceId-0_align.webp,0.001242,1.0,0.2251903117495749
database3/database3/m.016r3x/44-FaceId-0_align.webp,0.007495,1.0,0.2801841244088462
database3/database3/m.016sff/35-FaceId-0_align.webp,0.025858,1.0,0.446587207141184
database3/database3/m.016sp_/9-FaceId-0_align.webp,0.355835,1.0,0.2656450483561037
database3/database3/m.016swh/38-FaceId-0_align.webp,0.0,1.0,0.2441254962643327
database3/database3/m.016sz1/68-FaceId-0_align.webp,0.00381,1.0,0.2982383288951821
database3/database3/m.016szr/0-FaceId-0_align.webp,0.081751,1.0,0.3934339893337415
database3/database3/m.016szr/31-FaceId-0_align.webp,0.150774,1.0,0.378222777821888
database3/database3/m.016t00/27-FaceId-0_align.webp,0.010723,1.0,0.3099944662486084
database3/database3/m.016t00/29-FaceId-0_align.webp,0.026052,1.0,0.2910054657678502
database3/database3/m.016t00/49-FaceId-0_align.webp,0.061342,1.0,0.3189568752700066
database3/database3/m.016tb7/64-FaceId-0_align.webp,0.020212,0.0,0.2734429754631852
database3/database3/m.016tbr/53-FaceId-0_align.webp,0.052696,1.0,0.2987281582148061
database3/database3/m.016tbr/91-FaceId-0_align.webp,0.278026,1.0,0.3331625757624615
database3/database3/m.016tbr/97-FaceId-0_align.webp,0.035531,1.0,0.3102737512510213
database3/database3/m.016tcm/7-FaceId-0_align.webp,0.0,1.0,0.2812845081209402
database3/database3/m.016tqw/18-FaceId-0_align.webp,0.009857,1.0,0.2914839841469175
database3/database3/m.016vqk/91-FaceId-0_align.webp,0.041054,1.0,0.274588736647431
database3/database3/m.016vxj/34-FaceId-0_align.webp,0.081238,1.0,0.2641418488893065
database3/database3/m.016vy9/16-FaceId-0_align.webp,0.135759,0.0,0.287675277951021
database3/database3/m.016vy9/41-FaceId-0_align.webp,0.023537,0.0,0.2694038460550935
database3/database3/m.016vyp/28-FaceId-0_align.webp,0.086364,1.0,0.2801246541379201
database3/database3/m.016vyp/92-FaceId-0_align.webp,0.043472,1.0,0.270251642030081
database3/database3/m.016wdq/47-FaceId-0_align.webp,0.021942,1.0,0.3911616301591143
database3/database3/m.016wvy/16-FaceId-0_align.webp,0.016451,1.0,0.2755675399622295
database3/database3/m.016wvy/70-FaceId-0_align.webp,0.279688,1.0,0.317876755924093
database3/database3/m.016wvy/90-FaceId-0_align.webp,0.0652,1.0,0.4069780122219092
database3/database3/m.016xk5/94-FaceId-0_align.webp,0.039665,1.0,0.269572833494631
database3/database3/m.016yr0/49-FaceId-0_align.webp,0.028821,1.0,0.2719172135192194
database3/database3/m.016yr0/53-FaceId-0_align.webp,0.03224,1.0,0.2627532527201035
database3/database3/m.016yr0/98-FaceId-0_align.webp,0.103354,1.0,0.2907169448571437
database3/database3/m.016ywr/2-FaceId-0_align.webp,0.022088,1.0,0.3013120823379174
database3/database3/m.016ywr/21-FaceId-0_align.webp,0.053813,1.0,0.2942423253190318
database3/database3/m.016ywr/76-FaceId-0_align.webp,0.0,1.0,0.2504658500420819
database3/database3/m.016z3d/40-FaceId-0_align.webp,0.041987,1.0,0.2734467866474384
database3/database3/m.016z3d/43-FaceId-0_align.webp,0.184794,1.0,0.2885302294733619
database3/database3/m.016z3d/48-FaceId-0_align.webp,0.181018,1.0,0.2813367544502612
database3/database3/m.016z68/21-FaceId-0_align.webp,0.185954,1.0,0.3078340417261025
database3/database3/m.016z68/89-FaceId-0_align.webp,0.268667,1.0,0.3041128769787747
database3/database3/m.016zp5/13-FaceId-0_align.webp,0.016071,1.0,0.2476966525708228
database3/database3/m.016zp5/31-FaceId-0_align.webp,0.101464,1.0,0.3658662971025736
database3/database3/m.016zp5/64-FaceId-0_align.webp,0.006697,1.0,0.2632352437449644
database3/database3/m.016zp5/68-FaceId-0_align.webp,0.014376,1.0,0.2810320035103407
database3/database3/m.016zvk/22-FaceId-0_align.webp,0.104809,0.0,0.2901170058331951
database3/database3/m.016zvk/81-FaceId-0_align.webp,0.147393,0.0,0.2973081442160304
database3/database3/m.016zvk/88-FaceId-0_align.webp,0.080384,0.0,0.2393252687907603
database3/database3/m.016zvk/91-FaceId-0_align.webp,0.084334,0.0,0.2773578791194505
database3/database3/m.0170pk/112-FaceId-0_align.webp,0.029113,1.0,0.4177808669008118
database3/database3/m.0170pk/32-FaceId-0_align.webp,0.0,1.0,0.3441830334247166
database3/database3/m.0170pk/71-FaceId-0_align.webp,0.003334,1.0,0.2896918551974525
database3/database3/m.0170pk/93-FaceId-0_align.webp,0.020024,1.0,0.3765674629690567
database3/database3/m.0170q1/39-FaceId-0_align.webp,0.098023,0.0,0.3407039959457569
database3/database3/m.0170qf/10-FaceId-0_align.webp,0.012168,1.0,0.2653859710505192
database3/database3/m.0170qf/66-FaceId-0_align.webp,0.173717,1.0,0.3081543229884045
database3/database3/m.0170s4/35-FaceId-0_align.webp,0.00841,1.0,0.2906715888884365
database3/database3/m.0170s4/44-FaceId-0_align.webp,0.007374,1.0,0.2106281062038806
database3/database3/m.0170s4/48-FaceId-0_align.webp,0.0,1.0,0.2258150424149221
database3/database3/m.0170s4/85-FaceId-0_align.webp,0.00918,1.0,0.2380455983244773
database3/database3/m.0170s4/86-FaceId-0_align.webp,0.00659,1.0,0.2552283503179363
database3/database3/m.0170zz/7-FaceId-0_align.webp,0.0033,1.0,0.354618089588272
database3/database3/m.017115/2-FaceId-0_align.webp,0.178391,1.0,0.3347782180135063
database3/database3/m.0171cm/52-FaceId-0_align.webp,0.078391,1.0,0.4113944464989167
database3/database3/m.0171cm/9-FaceId-0_align.webp,0.020679,1.0,0.3910743815698734
database3/database3/m.0171dv/105-FaceId-0_align.webp,0.019879,1.0,0.2424499839231273
database3/database3/m.0171dv/106-FaceId-0_align.webp,0.079343,1.0,0.262983848491125
database3/database3/m.0171z8/39-FaceId-0_align.webp,0.1172,0.0,0.5095206197686364
database3/database3/m.01721f/98-FaceId-0_align.webp,0.00066,1.0,0.2460820666103141
database3/database3/m.01728m/45-FaceId-0_align.webp,0.026608,1.0,0.3495896751188289
database3/database3/m.01734j/10-FaceId-0_align.webp,0.107434,1.0,0.3440993897669547
database3/database3/m.01737y/7-FaceId-0_align.webp,0.023524,1.0,0.2538930862948595
database3/database3/m.0173cq/55-FaceId-0_align.webp,0.0687,0.0,0.2856082097979063
database3/database3/m.0173cq/82-FaceId-0_align.webp,0.052898,0.0,0.2491142072366171
database3/database3/m.0173p_/66-FaceId-0_align.webp,0.12779,0.0,0.335084094051371
database3/database3/m.0173p_/82-FaceId-0_align.webp,0.039784,0.0,0.2723222161281753
database3/database3/m.0173p_/97-FaceId-0_align.webp,0.06989,0.0,0.285149818348888
database3/database3/m.0173s_/56-FaceId-0_align.webp,0.320216,0.0,0.286434131180438
database3/database3/m.01741h/75-FaceId-0_align.webp,0.057681,1.0,0.41295277475262
database3/database3/m.01742l/53-FaceId-0_align.webp,0.210558,0.0,0.3101538605387499
database3/database3/m.01744d/24-FaceId-0_align.webp,0.021138,1.0,0.2775689147921054
database3/database3/m.01744d/66-FaceId-0_align.webp,0.069833,1.0,0.2943935415008333
database3/database3/m.017458/60-FaceId-0_align.webp,0.031087,1.0,0.4421009450782923
database3/database3/m.0174z2/31-FaceId-0_align.webp,0.019356,1.0,0.2692775857057716
database3/database3/m.0175m_/104-FaceId-0_align.webp,0.011519,1.0,0.3107619552441937
database3/database3/m.0175m_/106-FaceId-0_align.webp,0.008092,1.0,0.2621143610664845
database3/database3/m.0175s7/91-FaceId-0_align.webp,0.271553,1.0,0.3274840562956959
database3/database3/m.0175w3/23-FaceId-0_align.webp,0.084707,1.0,0.3863555387027591
database3/database3/m.0175w3/40-FaceId-0_align.webp,0.14122,1.0,0.4456801311819888
database3/database3/m.0175w3/8-FaceId-0_align.webp,0.022898,1.0,0.4709286201413001
database3/database3/m.01762z/69-FaceId-0_align.webp,0.001793,1.0,0.245466057190835
database3/database3/m.017729/106-FaceId-0_align.webp,0.004005,1.0,0.2858735467554793
database3/database3/m.01772q/118-FaceId-0_align.webp,0.005376,1.0,0.2177235069723241
database3/database3/m.01778_/1-FaceId-0_align.webp,0.151831,0.0,0.4049321919587973
database3/database3/m.01778_/5-FaceId-0_align.webp,0.080886,0.0,0.3739404340462284
database3/database3/m.0177s6/54-FaceId-0_align.webp,0.003871,1.0,0.4257378580102035
database3/database3/m.0177s6/83-FaceId-0_align.webp,0.194958,1.0,0.3734998695521455
database3/database3/m.0178_j/46-FaceId-0_align.webp,0.038586,1.0,0.3570299087348637
database3/database3/m.0178d6/53-FaceId-0_align.webp,0.019408,1.0,0.2614691297609731
database3/database3/m.0178d6/9-FaceId-0_align.webp,0.038126,1.0,0.2862147083087956
database3/database3/m.0178sb/20-FaceId-0_align.webp,0.025953,1.0,0.268437409341921
database3/database3/m.01791s/104-FaceId-0_align.webp,0.057011,1.0,0.6772431958564465
database3/database3/m.01793l/15-FaceId-0_align.webp,0.11519,1.0,0.4202894709100843
database3/database3/m.01793l/3-FaceId-0_align.webp,0.021997,1.0,0.3788189136769262
database3/database3/m.01793l/48-FaceId-0_align.webp,0.070141,1.0,0.4395276155399251
database3/database3/m.01793l/77-FaceId-0_align.webp,0.068916,1.0,0.4548976043239215
database3/database3/m.01794d/22-FaceId-0_align.webp,0.132698,1.0,0.2543067959644031
database3/database3/m.0179n7/47-FaceId-0_align.webp,0.025063,1.0,0.2728772959922229
database3/database3/m.0179ys/22-FaceId-0_align.webp,0.03888,1.0,0.2969817890742169
database3/database3/m.017_65/24-FaceId-0_align.webp,0.104039,1.0,0.3897731095433301
database3/database3/m.017__g/2-FaceId-0_align.webp,0.026314,1.0,0.2583335414101055
database3/database3/m.017__g/30-FaceId-0_align.webp,0.064708,1.0,0.2968500669352943
database3/database3/m.017_dr/0-FaceId-1_align.webp,0.037641,1.0,0.4227454185615692
database3/database3/m.017_dr/14-FaceId-0_align.webp,0.005491,1.0,0.30357621526625
database3/database3/m.017_dr/47-FaceId-0_align.webp,0.191478,1.0,0.2890053158896394
database3/database3/m.017_dr/57-FaceId-0_align.webp,0.038308,1.0,0.4123794612879289
database3/database3/m.017_j4/45-FaceId-0_align.webp,0.032452,1.0,0.3723177979773772
database3/database3/m.017_j4/54-FaceId-0_align.webp,0.009302,1.0,0.3771142639679876
database3/database3/m.017_j4/93-FaceId-0_align.webp,0.05205,1.0,0.4758485408872814
database3/database3/m.017_l1/23-FaceId-0_align.webp,0.033635,1.0,0.2547401373729378
database3/database3/m.017_l1/5-FaceId-0_align.webp,0.0,1.0,0.2624985459129072
database3/database3/m.017_xx/84-FaceId-0_align.webp,0.180042,0.0,0.2884054513229991
database3/database3/m.017bd/83-FaceId-0_align.webp,0.002036,1.0,0.3486383305995268
database3/database3/m.017bd/85-FaceId-0_align.webp,0.002715,1.0,0.3846724406015894
database3/database3/m.017bk6/90-FaceId-2_align.webp,0.056904,0.0,0.2630010048782483
database3/database3/m.017bxq/72-FaceId-0_align.webp,0.032315,1.0,0.2663373700574426
database3/database3/m.017c87/108-FaceId-0_align.webp,0.012746,1.0,0.3634405267868829
database3/database3/m.017c87/7-FaceId-0_align.webp,0.008884,1.0,0.2287110564295702
database3/database3/m.017cgg/62-FaceId-0_align.webp,0.009893,1.0,0.3846105483936867
database3/database3/m.017d3v/21-FaceId-0_align.webp,0.000486,1.0,0.192589289775239
database3/database3/m.017dpj/104-FaceId-0_align.webp,0.159674,1.0,0.3842493257853392
database3/database3/m.017dpj/116-FaceId-0_align.webp,0.004563,1.0,0.3743173620873302
database3/database3/m.017dpj/14-FaceId-0_align.webp,0.012759,1.0,0.343663567936032
database3/database3/m.017dpj/6-FaceId-0_align.webp,0.157516,1.0,0.398907733657014
database3/database3/m.017dpj/81-FaceId-0_align.webp,0.117413,1.0,0.4443261848618712
database3/database3/m.017dpj/98-FaceId-0_align.webp,0.093515,1.0,0.3792167055055898
database3/database3/m.017f4y/21-FaceId-0_align.webp,0.009046,1.0,0.2822958954531431
database3/database3/m.017fgp/17-FaceId-0_align.webp,0.004873,1.0,0.1833061837424814
database3/database3/m.017fhk/5-FaceId-0_align.webp,0.05945,1.0,0.354300997853932
database3/database3/m.017fhk/70-FaceId-0_align.webp,0.025921,1.0,0.2411637961224921
database3/database3/m.017fhk/87-FaceId-0_align.webp,0.146412,1.0,0.3625709260947261
database3/database3/m.017fj_/2-FaceId-0_align.webp,0.022486,1.0,0.2617225187518079
database3/database3/m.017fj_/97-FaceId-0_align.webp,0.013264,1.0,0.3630720301929838
database3/database3/m.017fks/21-FaceId-0_align.webp,0.013755,1.0,0.2695105345922014
database3/database3/m.017fks/34-FaceId-0_align.webp,0.010024,1.0,0.4535807185708848
database3/database3/m.017fl5/7-FaceId-0_align.webp,0.088967,1.0,0.2929399156029634
database3/database3/m.017fl5/89-FaceId-0_align.webp,0.156395,1.0,0.3565106162790171
database3/database3/m.017fl_/0-FaceId-0_align.webp,0.016489,1.0,0.4225930104383411
database3/database3/m.017fp0/26-FaceId-0_align.webp,0.014762,1.0,0.2691300695695757
database3/database3/m.017fp0/70-FaceId-0_align.webp,0.102621,1.0,0.2940974453318713
database3/database3/m.017fp0/85-FaceId-0_align.webp,0.016216,1.0,0.2865734110659266
database3/database3/m.017fp0/92-FaceId-0_align.webp,0.03683,1.0,0.3852009361722402
database3/database3/m.017frf/2-FaceId-0_align.webp,0.239226,1.0,0.2604047277848306
database3/database3/m.017frf/48-FaceId-0_align.webp,0.242631,1.0,0.2726714813241441
database3/database3/m.017ft0/4-FaceId-0_align.webp,0.025186,0.0,0.2527983104071199
database3/database3/m.017fxp/62-FaceId-0_align.webp,0.006207,1.0,0.3382265062861981
database3/database3/m.017fzy/33-FaceId-0_align.webp,0.135665,1.0,0.2617595710070076
database3/database3/m.017fzy/38-FaceId-0_align.webp,0.020138,1.0,0.2872499680361645
database3/database3/m.017fzy/44-FaceId-0_align.webp,0.119262,1.0,0.303142444102966
database3/database3/m.017fzy/7-FaceId-0_align.webp,0.042513,1.0,0.2773961744781539
database3/database3/m.017fzy/84-FaceId-0_align.webp,0.1089,1.0,0.2805314366016025
database3/database3/m.017fzy/88-FaceId-0_align.webp,0.093437,1.0,0.2773778984532959
database3/database3/m.017g21/51-FaceId-0_align.webp,0.121234,1.0,0.3083686298391863
database3/database3/m.017g2y/13-FaceId-0_align.webp,0.026164,1.0,0.273976488286287
database3/database3/m.017gd_/53-FaceId-0_align.webp,0.006889,1.0,0.430369311309312
database3/database3/m.017gd_/59-FaceId-0_align.webp,0.012556,1.0,0.3474536282414753
database3/database3/m.017gxw/53-FaceId-0_align.webp,0.064935,0.0,0.2785795653251395
database3/database3/m.017h4c/0-FaceId-0_align.webp,0.049628,1.0,0.3784353265736325
database3/database3/m.017h_2/23-FaceId-0_align.webp,0.06887,1.0,0.4111954616557903
database3/database3/m.017hgl/21-FaceId-0_align.webp,0.089799,1.0,0.2779856085494953
database3/database3/m.017hgl/42-FaceId-0_align.webp,0.004642,1.0,0.2892226460105666
database3/database3/m.017hjk/57-FaceId-0_align.webp,0.009431,1.0,0.280351940115786
database3/database3/m.017hm9/3-FaceId-0_align.webp,0.001744,1.0,0.4580286124143443
database3/database3/m.017hm9/36-FaceId-0_align.webp,0.002432,1.0,0.27621279647578
database3/database3/m.017hw4/23-FaceId-0_align.webp,0.000412,1.0,0.2819730258707258
database3/database3/m.017hwl/3-FaceId-0_align.webp,0.014017,1.0,0.3994689927490171
database3/database3/m.017j1w/26-FaceId-0_align.webp,0.021211,1.0,0.2481372419443309
database3/database3/m.017j1w/35-FaceId-0_align.webp,0.039099,1.0,0.255172975675467
database3/database3/m.017j1w/8-FaceId-0_align.webp,0.052854,1.0,0.2498480177027452
database3/database3/m.017j2b/85-FaceId-0_align.webp,0.008707,1.0,0.3286009812195941
database3/database3/m.017jwg/17-FaceId-0_align.webp,0.002376,1.0,0.3089311139555603
database3/database3/m.017jwg/53-FaceId-0_align.webp,0.066995,0.0,0.2854692880956483
database3/database3/m.017jwg/82-FaceId-0_align.webp,0.035246,1.0,0.2926070297775953
database3/database3/m.017kb5/32-FaceId-0_align.webp,0.006182,1.0,0.281859112248561
database3/database3/m.017kgm/108-FaceId-1_align.webp,0.015319,1.0,0.2086259475340289
database3/database3/m.017kgm/94-FaceId-0_align.webp,0.003416,1.0,0.2401191974071185
database3/database3/m.017kq/37-FaceId-0_align.webp,0.040762,1.0,0.3788027917503468
database3/database3/m.017kq/48-FaceId-0_align.webp,0.009092,1.0,0.3690538129404411
database3/database3/m.017l4/11-FaceId-0_align.webp,0.001488,1.0,0.2591454488050359
database3/database3/m.017l4/73-FaceId-0_align.webp,0.09873,1.0,0.2893091297469988
database3/database3/m.017l4/80-FaceId-0_align.webp,0.025497,1.0,0.321913195129103
database3/database3/m.017l7y/97-FaceId-0_align.webp,0.002424,1.0,0.2157654262531049
database3/database3/m.017lcg/63-FaceId-0_align.webp,0.136168,1.0,0.2852257569012755
database3/database3/m.017m2y/105-FaceId-0_align.webp,0.084072,0.0,0.2811643811214534
database3/database3/m.017m2y/30-FaceId-0_align.webp,0.20052,0.0,0.2977591719002861
database3/database3/m.017mrb/26-FaceId-0_align.webp,0.125876,1.0,0.2682602519066816
database3/database3/m.017q3j/27-FaceId-0_align.webp,0.040475,1.0,0.2750349482818361
database3/database3/m.017q3j/87-FaceId-1_align.webp,0.137407,1.0,0.3238616973401547
database3/database3/m.017qkp/105-FaceId-0_align.webp,0.016276,1.0,0.2636089343507361
database3/database3/m.017qkp/8-FaceId-0_align.webp,0.006413,1.0,0.2557995615219579
database3/database3/m.017r13/15-FaceId-0_align.webp,0.004576,1.0,0.2533151337185761
database3/database3/m.017r13/32-FaceId-0_align.webp,0.001926,1.0,0.2485487526520912
database3/database3/m.017r13/71-FaceId-0_align.webp,0.149849,1.0,0.2814655201204109
database3/database3/m.017r5g/69-FaceId-0_align.webp,0.246362,0.0,0.3168114358319853
database3/database3/m.017rh4/92-FaceId-0_align.webp,0.059749,1.0,0.2882019657546689
database3/database3/m.017rjs/94-FaceId-0_align.webp,0.227853,1.0,0.2711309515586524
database3/database3/m.017tk3/113-FaceId-0_align.webp,0.041074,1.0,0.305608777320758
database3/database3/m.017tk3/5-FaceId-0_align.webp,0.023981,1.0,0.298433409657833
database3/database3/m.017tk3/61-FaceId-0_align.webp,0.058875,1.0,0.318408711181312
database3/database3/m.017tk3/83-FaceId-0_align.webp,0.016266,1.0,0.2840658788639859
database3/database3/m.017tkv/15-FaceId-0_align.webp,0.09519,0.0,0.2655440143394668
database3/database3/m.017tkv/5-FaceId-0_align.webp,0.108291,0.0,0.2831726010610863
database3/database3/m.017tlt/70-FaceId-0_align.webp,0.079127,1.0,0.2224601402466614
database3/database3/m.017tn4/17-FaceId-0_align.webp,0.026983,1.0,0.3748149119980678
database3/database3/m.017tn4/54-FaceId-2_align.webp,0.042656,1.0,0.338639534473806
database3/database3/m.017tnz/116-FaceId-0_align.webp,0.135035,1.0,0.2913086806826831
database3/database3/m.017vfn/43-FaceId-0_align.webp,0.036126,1.0,0.2859505204381075
database3/database3/m.017vkk/88-FaceId-0_align.webp,0.022172,0.0,0.2788269923971049
database3/database3/m.017vkx/34-FaceId-1_align.webp,0.050784,1.0,0.4076492201878667
database3/database3/m.017wbg/77-FaceId-0_align.webp,0.079706,1.0,0.265898673892894
database3/database3/m.017x_s/36-FaceId-0_align.webp,0.021378,1.0,0.4814216049403077
database3/database3/m.017xm3/52-FaceId-0_align.webp,0.225925,0.0,0.297267649695616
database3/database3/m.017yfz/93-FaceId-0_align.webp,0.237267,1.0,0.0
database3/database3/m.017yvm/5-FaceId-0_align.webp,0.011632,1.0,0.2905757453696791
database3/database3/m.017yvm/93-FaceId-0_align.webp,0.007487,1.0,0.3579149481579081
database3/database3/m.017yzt/119-FaceId-0_align.webp,0.299381,0.0,0.2923342143314071
database3/database3/m.017yzt/55-FaceId-0_align.webp,0.055778,0.0,0.2586715579963947
database3/database3/m.017yzt/61-FaceId-0_align.webp,0.0,0.0,0.2440383421925003
database3/database3/m.017z_/91-FaceId-0_align.webp,0.06531,1.0,0.3878166067871755
database3/database3/m.017zng/39-FaceId-0_align.webp,0.114304,1.0,0.2644741763865598
database3/database3/m.017zng/73-FaceId-0_align.webp,0.087005,1.0,0.2887830496597468
database3/database3/m.017zng/97-FaceId-0_align.webp,0.096418,1.0,0.2467979568045755
database3/database3/m.01804k/55-FaceId-0_align.webp,0.104401,0.0,0.2807739621658522
database3/database3/m.01807/65-FaceId-0_align.webp,0.087681,1.0,0.4134399858990764
database3/database3/m.01807/73-FaceId-0_align.webp,0.147607,1.0,0.4342727706184016
database3/database3/m.018144/31-FaceId-0_align.webp,0.317719,1.0,0.266804737322779
database3/database3/m.018144/55-FaceId-0_align.webp,0.076827,1.0,0.2767241528042731
database3/database3/m.01815s/106-FaceId-0_align.webp,0.234236,0.0,0.292416221124635
database3/database3/m.01815s/50-FaceId-0_align.webp,0.243106,0.0,0.2853093772266593
database3/database3/m.01815s/64-FaceId-0_align.webp,0.173641,0.0,0.2784505202931222
database3/database3/m.0181gp/6-FaceId-0_align.webp,0.043543,1.0,0.2792621639297298
database3/database3/m.0181j_/107-FaceId-0_align.webp,0.027129,0.0,0.2771148008196559
database3/database3/m.0181kg/14-FaceId-0_align.webp,0.119867,1.0,0.4087264217098282
database3/database3/m.0181lj/18-FaceId-0_align.webp,0.190172,1.0,0.2260352704244782
database3/database3/m.0181p_/19-FaceId-0_align.webp,0.041166,1.0,0.3652361173239493
database3/database3/m.0181p_/99-FaceId-0_align.webp,0.035046,1.0,0.2752264621558122
database3/database3/m.0181ph/4-FaceId-0_align.webp,0.019163,1.0,0.3313162725849993
database3/database3/m.0181ph/8-FaceId-0_align.webp,0.037384,1.0,0.0
database3/database3/m.0181x9/43-FaceId-0_align.webp,0.029481,1.0,0.2747501298639825
database3/database3/m.0181xq/13-FaceId-0_align.webp,0.002527,0.0,0.3447068333746727
database3/database3/m.0182hg/59-FaceId-0_align.webp,0.003662,1.0,0.259170526950664
database3/database3/m.0182q2/111-FaceId-0_align.webp,0.014398,1.0,0.2811434767686525
database3/database3/m.0182q2/47-FaceId-0_align.webp,0.020684,1.0,0.2818350741920515
database3/database3/m.0182q2/58-FaceId-0_align.webp,0.034155,1.0,0.2569283075348377
database3/database3/m.0182vk/101-FaceId-0_align.webp,0.185784,1.0,0.4376759010380501
database3/database3/m.0182vk/97-FaceId-0_align.webp,0.113244,1.0,0.2996708056190016
database3/database3/m.01830j/15-FaceId-0_align.webp,0.208446,0.0,0.3172267659729021
database3/database3/m.01833g/76-FaceId-0_align.webp,0.008544,1.0,0.2710104846672636
database3/database3/m.018348/1-FaceId-0_align.webp,0.029671,1.0,0.3967555319447267
database3/database3/m.0183f9/72-FaceId-0_align.webp,0.028848,1.0,0.37721621790295
database3/database3/m.018417/7-FaceId-0_align.webp,0.270045,0.0,0.2938842351757776
database3/database3/m.018493/45-FaceId-0_align.webp,0.059135,0.0,0.3028888612266245
database3/database3/m.0184cd/37-FaceId-0_align.webp,0.012663,0.0,0.2820575491633674
database3/database3/m.0184cd/69-FaceId-0_align.webp,0.041234,0.0,0.2842800206761432
database3/database3/m.0184jc/9-FaceId-0_align.webp,0.061679,1.0,0.3084355932944345
database3/database3/m.0184xq/86-FaceId-0_align.webp,0.010468,1.0,0.3128776273998185
database3/database3/m.0185gs/107-FaceId-0_align.webp,0.133885,1.0,0.2936921628546756
database3/database3/m.0187y5/50-FaceId-0_align.webp,0.011259,1.0,0.5242133071995676
database3/database3/m.0187y5/55-FaceId-0_align.webp,0.018906,1.0,0.2934208199475331
database3/database3/m.0188n0/16-FaceId-0_align.webp,0.119925,1.0,0.3010286411556102
database3/database3/m.0188n0/81-FaceId-0_align.webp,0.437819,1.0,0.3258321050971117
database3/database3/m.0188n0/93-FaceId-0_align.webp,0.241643,1.0,0.3235498608071068
database3/database3/m.0188nj/68-FaceId-0_align.webp,0.036499,1.0,0.2520035183328076
database3/database3/m.018_3q/101-FaceId-0_align.webp,0.001235,1.0,0.3434956568200686
database3/database3/m.018_3q/89-FaceId-0_align.webp,0.024563,1.0,0.2504060005238985
database3/database3/m.018_lb/81-FaceId-0_align.webp,0.104704,0.0,0.2396921422394248
database3/database3/m.018c42/45-FaceId-1_align.webp,0.268912,1.0,0.2831753838953633
database3/database3/m.018c42/5-FaceId-0_align.webp,0.033426,1.0,0.2831760569774269
database3/database3/m.018cx_/16-FaceId-0_align.webp,0.128439,0.0,0.2871780694613383
database3/database3/m.018dnt/83-FaceId-0_align.webp,0.012334,1.0,0.2790079583591918
database3/database3/m.018dpq/74-FaceId-0_align.webp,0.08469,1.0,0.2720084307216015
database3/database3/m.018dpq/9-FaceId-0_align.webp,0.06436,1.0,0.2806633977187805
database3/database3/m.018dq3/21-FaceId-0_align.webp,0.264271,0.0,0.303328923430135
database3/database3/m.018dq3/43-FaceId-0_align.webp,0.005771,0.0,0.2812031582465515
database3/database3/m.018dqg/14-FaceId-0_align.webp,0.002005,1.0,0.2407180768449801
database3/database3/m.018dyl/57-FaceId-0_align.webp,0.066796,1.0,0.2321589336937757
database3/database3/m.018f07/77-FaceId-0_align.webp,0.067893,1.0,0.3163208296489466
database3/database3/m.018f07/88-FaceId-0_align.webp,0.019681,1.0,0.2728289950483615
database3/database3/m.018f_y/78-FaceId-0_align.webp,0.005574,1.0,0.4871338084423734
database3/database3/m.018fkc/18-FaceId-0_align.webp,0.048624,0.0,0.328570186201122
database3/database3/m.018fkc/51-FaceId-0_align.webp,0.004824,1.0,0.2810143293267154
database3/database3/m.018fmr/107-FaceId-0_align.webp,0.087037,0.0,0.2914845414742965
database3/database3/m.018fmr/38-FaceId-0_align.webp,0.082888,0.0,0.3978988188310604
database3/database3/m.018fmr/39-FaceId-0_align.webp,0.154489,0.0,0.2806714924448569
database3/database3/m.018fmr/77-FaceId-0_align.webp,0.094029,0.0,0.2741064695855554
database3/database3/m.018fmr/96-FaceId-0_align.webp,0.118151,0.0,0.3127093120318675
database3/database3/m.018fvy/74-FaceId-0_align.webp,0.006913,1.0,0.2666241096724493
database3/database3/m.018fwb/106-FaceId-0_align.webp,0.105164,0.0,0.3188355912285167
database3/database3/m.018fyy/5-FaceId-0_align.webp,0.161114,0.0,0.2790837717585546
database3/database3/m.018fzs/56-FaceId-0_align.webp,0.057952,1.0,0.3739286186114613
database3/database3/m.018fzs/60-FaceId-0_align.webp,0.058021,1.0,0.2569870838141544
database3/database3/m.018fzs/89-FaceId-0_align.webp,0.00707,1.0,0.254797413867376
database3/database3/m.018g4z/59-FaceId-0_align.webp,0.266921,0.0,0.4031478844100373
database3/database3/m.018gcf/20-FaceId-0_align.webp,0.017916,1.0,0.2642368782435853
database3/database3/m.018gcf/28-FaceId-0_align.webp,0.0,1.0,0.2968509594915256
database3/database3/m.018gjx/0-FaceId-0_align.webp,0.03658,1.0,0.2759112779636117
database3/database3/m.018gjx/88-FaceId-1_align.webp,0.040357,1.0,0.2821962827243405
database3/database3/m.018gkb/31-FaceId-0_align.webp,0.133832,1.0,0.4479626975249695
database3/database3/m.018gkb/69-FaceId-0_align.webp,0.119964,1.0,0.2752768628991558
database3/database3/m.018gl5/55-FaceId-0_align.webp,0.0,1.0,0.2695629943782722
database3/database3/m.018gn4/7-FaceId-0_align.webp,0.045659,1.0,0.291156053402444
database3/database3/m.018gn4/95-FaceId-0_align.webp,0.084694,1.0,0.2976143418817677
database3/database3/m.018gqj/17-FaceId-0_align.webp,0.18042,1.0,0.2842844278709561
database3/database3/m.018gqj/45-FaceId-0_align.webp,0.048033,1.0,0.2894541201833276
database3/database3/m.018gqj/51-FaceId-0_align.webp,0.113401,1.0,0.2972114635128636
database3/database3/m.018gqj/9-FaceId-0_align.webp,0.182644,1.0,0.3059296310549841
database3/database3/m.018gsl/54-FaceId-0_align.webp,0.015144,1.0,0.4713577993452573
database3/database3/m.018gw3/19-FaceId-0_align.webp,0.042889,1.0,0.3813742351081804
database3/database3/m.018h84/20-FaceId-0_align.webp,0.006714,1.0,0.2871121630805929
database3/database3/m.018h84/4-FaceId-0_align.webp,0.077047,1.0,0.2498161334288093
database3/database3/m.018hhw/26-FaceId-0_align.webp,0.058762,0.0,0.2935238834277706
database3/database3/m.018hwl/22-FaceId-0_align.webp,0.105538,1.0,0.3142221975584361
database3/database3/m.018j3w/52-FaceId-0_align.webp,0.03127,1.0,0.2382473223364666
database3/database3/m.018j4c/21-FaceId-0_align.webp,0.159984,1.0,0.2704836466874502
database3/database3/m.018j4c/60-FaceId-0_align.webp,0.116911,1.0,0.3254442471574041
database3/database3/m.018j4c/72-FaceId-0_align.webp,0.050298,1.0,0.2799021094250323
database3/database3/m.018j5m/87-FaceId-0_align.webp,0.119486,0.0,0.3218120890281997
database3/database3/m.018jnn/6-FaceId-0_align.webp,0.046059,1.0,0.2502131569663233
database3/database3/m.018jnn/60-FaceId-0_align.webp,0.021036,1.0,0.2408132579375171
database3/database3/m.018jz8/4-FaceId-0_align.webp,0.129694,1.0,0.279144024145166
database3/database3/m.018kd0/56-FaceId-0_align.webp,0.078738,1.0,0.291387637687932
database3/database3/m.018kjc/45-FaceId-0_align.webp,0.336481,1.0,0.3286732361963422
database3/database3/m.018kjc/74-FaceId-0_align.webp,0.359873,1.0,0.3172155853520143
database3/database3/m.018lb1/1-FaceId-0_align.webp,0.066363,0.0,0.27819335426398
database3/database3/m.018lb1/113-FaceId-0_align.webp,0.174767,0.0,0.2919906263094505
database3/database3/m.018lb1/45-FaceId-0_align.webp,0.011283,0.0,0.2644628829490529
database3/database3/m.018lb1/60-FaceId-0_align.webp,0.101898,0.0,0.2750842040507245
database3/database3/m.018lb1/67-FaceId-0_align.webp,0.058712,0.0,0.2529773094497385
database3/database3/m.018lp7/31-FaceId-0_align.webp,0.068826,0.0,0.2960121029476564
database3/database3/m.018lp7/5-FaceId-0_align.webp,0.037973,0.0,0.2811184118029174
database3/database3/m.018lpm/41-FaceId-0_align.webp,0.03151,1.0,0.3676790801360441
database3/database3/m.018lx_/11-FaceId-0_align.webp,0.157239,1.0,0.3272636010089707
database3/database3/m.018lxn/67-FaceId-0_align.webp,0.041223,0.0,0.2686959822256325
database3/database3/m.018m5c/31-FaceId-0_align.webp,0.012538,1.0,0.2320116423851426
database3/database3/m.018m5c/6-FaceId-0_align.webp,0.013236,1.0,0.2544037231555399
database3/database3/m.018m5c/74-FaceId-0_align.webp,0.007729,1.0,0.2926120362832391
database3/database3/m.018mfl/68-FaceId-0_align.webp,0.01486,1.0,0.3327757617072468
database3/database3/m.018n52/37-FaceId-0_align.webp,0.024108,1.0,0.2530903126466742
database3/database3/m.018n7d/44-FaceId-0_align.webp,0.002157,1.0,0.2592476575435686
database3/database3/m.018n9d/58-FaceId-0_align.webp,0.182622,1.0,0.2656115123970627
database3/database3/m.018nqq/25-FaceId-0_align.webp,0.02666,1.0,0.2430933694158933
database3/database3/m.018nqq/56-FaceId-0_align.webp,0.002557,1.0,0.2739623905443805
database3/database3/m.018nwp/42-FaceId-0_align.webp,0.023176,1.0,0.4275575164398976
database3/database3/m.018p19/2-FaceId-0_align.webp,0.029409,1.0,0.3642198648470567
database3/database3/m.018pj3/21-FaceId-0_align.webp,0.206243,0.0,0.2460227394549382
database3/database3/m.018pkl/117-FaceId-0_align.webp,0.00271,1.0,0.2974668939512625
database3/database3/m.018ptf/125-FaceId-1_align.webp,0.193842,0.0,0.3550938056274346
database3/database3/m.018ptf/6-FaceId-0_align.webp,0.184452,1.0,0.2754889101489444
database3/database3/m.018ptf/69-FaceId-0_align.webp,0.264398,1.0,0.347431265234609
database3/database3/m.018ptf/87-FaceId-0_align.webp,0.284614,1.0,0.3169666345602515
database3/database3/m.018pyg/114-FaceId-0_align.webp,0.004286,0.0,0.251549626243736
database3/database3/m.018pyg/50-FaceId-0_align.webp,0.094308,0.0,0.2444982561939026
database3/database3/m.018q7p/61-FaceId-0_align.webp,0.113962,1.0,0.2972701889147164
database3/database3/m.018qkz/35-FaceId-0_align.webp,0.11651,0.0,0.2951660979363837
database3/database3/m.018qkz/48-FaceId-0_align.webp,0.078768,0.0,0.2921743548953886
database3/database3/m.018qlp/1-FaceId-0_align.webp,0.057596,0.0,0.3024901073828679
database3/database3/m.018qlp/2-FaceId-0_align.webp,0.201501,0.0,0.3226895725460385
database3/database3/m.018qlp/67-FaceId-0_align.webp,0.023725,0.0,0.267175950306004
database3/database3/m.018qlp/73-FaceId-0_align.webp,0.048836,0.0,0.2841009682458355
database3/database3/m.018qlp/81-FaceId-0_align.webp,0.220874,0.0,0.2997413274645374
database3/database3/m.018qlp/99-FaceId-0_align.webp,0.098556,0.0,0.2819439031956437
database3/database3/m.018qn8/16-FaceId-0_align.webp,0.180079,0.0,0.2935122385800098
database3/database3/m.018qn8/24-FaceId-0_align.webp,0.067297,0.0,0.2918157119350516
database3/database3/m.018qn8/3-FaceId-0_align.webp,0.144663,0.0,0.2933578968954265
database3/database3/m.018qpb/20-FaceId-0_align.webp,0.030827,0.0,0.2290434163451462
database3/database3/m.018qpb/42-FaceId-0_align.webp,0.04676,0.0,0.2644114984304488
database3/database3/m.018qr9/59-FaceId-0_align.webp,0.041718,0.0,0.2717030726106195
database3/database3/m.018qwf/0-FaceId-0_align.webp,0.034965,1.0,0.2283539180350725
database3/database3/m.018qx5/48-FaceId-0_align.webp,0.145397,0.0,0.4200544800210435
database3/database3/m.018r3g/1-FaceId-0_align.webp,0.015575,1.0,0.4201792645935573
database3/database3/m.018rsq/63-FaceId-0_align.webp,0.05182,1.0,0.2542386465786255
database3/database3/m.018rsq/82-FaceId-0_align.webp,0.021029,1.0,0.3184441306739055
database3/database3/m.018ry5/78-FaceId-0_align.webp,0.052713,1.0,0.2910087108559644
database3/database3/m.018s7v/75-FaceId-0_align.webp,0.055964,0.0,0.2978452036857107
database3/database3/m.018slq/19-FaceId-0_align.webp,0.164016,1.0,0.2930406802931085
database3/database3/m.018swb/94-FaceId-0_align.webp,0.035612,1.0,0.2979849470083305
database3/database3/m.018t67/2-FaceId-0_align.webp,0.002151,1.0,0.2332717853268163
database3/database3/m.018t67/75-FaceId-0_align.webp,0.002161,1.0,0.2383752459188691
database3/database3/m.018t67/76-FaceId-0_align.webp,0.014984,1.0,0.246615597107709
database3/database3/m.018tfd/63-FaceId-0_align.webp,0.039426,1.0,0.2377541788718338
database3/database3/m.018tvs/4-FaceId-0_align.webp,0.186437,1.0,0.3012080807924405
database3/database3/m.018v8c/66-FaceId-0_align.webp,0.031012,1.0,0.2446455875775979
database3/database3/m.018v_8/56-FaceId-0_align.webp,0.065146,1.0,0.2495681248471798
database3/database3/m.018vhw/41-FaceId-2_align.webp,0.017996,1.0,0.0
database3/database3/m.018vhw/84-FaceId-1_align.webp,0.010037,1.0,0.2882857726099049
database3/database3/m.018vhw/94-FaceId-0_align.webp,0.022504,1.0,0.2613456409639594
database3/database3/m.018w6s/30-FaceId-0_align.webp,0.009687,1.0,0.4320956576767549
database3/database3/m.018wh0/34-FaceId-0_align.webp,0.038341,1.0,0.2396895466550742
database3/database3/m.018wqb/36-FaceId-1_align.webp,0.061601,1.0,0.3280266695974533
database3/database3/m.018x3/82-FaceId-0_align.webp,0.000249,1.0,0.2465669641857996
database3/database3/m.018x3/89-FaceId-0_align.webp,0.006661,1.0,0.3035855581656013
database3/database3/m.018xrz/49-FaceId-0_align.webp,0.084464,1.0,0.2900574239407069
database3/database3/m.018y0w/54-FaceId-0_align.webp,0.014612,1.0,0.2712673858268125
database3/database3/m.018y2s/21-FaceId-0_align.webp,0.010478,1.0,0.2867441755680875
database3/database3/m.018y4x/104-FaceId-0_align.webp,0.014664,1.0,0.2647384145320879
database3/database3/m.018y4x/94-FaceId-0_align.webp,0.083805,1.0,0.2320035853936927
database3/database3/m.018ycp/32-FaceId-0_align.webp,0.169605,1.0,0.2626330634464359
database3/database3/m.018ycp/64-FaceId-0_align.webp,0.011204,1.0,0.2626272408934284
