filename,target,gender,pred
database1/img00000154.webp,0.036749,1.0,0.0579486390896508
database1/img00000271.webp,0.229724,1.0,0.0826926051980197
database1/img00000323.webp,0.120628,0.0,0.0549750083305564
database1/img00000364.webp,0.00341,1.0,0.0525090697243332
database1/img00000371.webp,0.000249,1.0,0.0654033068172561
database1/img00000438.webp,0.102267,0.0,0.0587304521424081
database1/img00000448.webp,0.032257,0.0,0.0654733316481293
database1/img00000477.webp,0.158779,0.0,0.0404488891784481
database1/img00000491.webp,0.333523,0.0,0.065841294599337
database1/img00000679.webp,0.022454,0.0,0.0571197064669009
database1/img00000766.webp,0.241328,0.0,0.0694601634779484
database1/img00000781.webp,0.01402,1.0,0.0575047389281405
database1/img00000793.webp,0.308688,0.0,0.0872943793151382
database1/img00000806.webp,0.083687,1.0,0.0579769848835625
database1/img00000857.webp,0.167176,0.0,0.0598558608502823
database1/img00000882.webp,0.118298,0.0,0.0596317932377411
database1/img00000903.webp,0.006576,1.0,0.0716024146411574
database1/img00000929.webp,0.021546,1.0,0.066194738454208
database1/img00000941.webp,0.232414,0.0,0.0678230739615861
database1/img00001032.webp,0.044127,1.0,0.0746075810542189
database1/img00001145.webp,0.022379,1.0,0.051967529289847
database1/img00001291.webp,0.022322,0.0,0.0561102147986459
database1/img00001371.webp,0.148865,0.0,0.0596690604871547
database1/img00001491.webp,0.264813,0.0,0.084970568368233
database1/img00001551.webp,0.054068,1.0,0.0585215348472982
database1/img00001573.webp,0.095382,0.0,0.0468596453749198
database1/img00001650.webp,0.088325,0.0,0.0435482376200919
database1/img00001652.webp,0.074782,1.0,0.0624047981721248
database1/img00001674.webp,0.188753,0.0,0.0857547019445329
database1/img00001701.webp,0.002942,1.0,0.0644106298232511
database1/img00001779.webp,0.009358,1.0,0.1456285531671544
database1/img00001812.webp,0.017934,0.0,0.0443525221188095
database1/img00001859.webp,0.006232,1.0,0.0720015027707335
database1/img00001872.webp,0.094988,0.0,0.0583713572023313
database1/img00001883.webp,0.015755,0.0,0.0635308286775283
database1/img00001978.webp,0.02291,1.0,0.0721377680007879
database1/img00002013.webp,0.068771,1.0,0.0586710120266488
database1/img00002073.webp,0.265663,0.0,0.0688722017568716
database1/img00002136.webp,0.083835,0.0,0.0583517580771699
database1/img00002187.webp,0.062593,1.0,0.0710697674418604
database1/img00002221.webp,0.024328,1.0,0.0657954178767342
database1/img00002227.webp,0.172367,0.0,0.0733081614870751
database1/img00002414.webp,0.290565,0.0,0.130775971180995
database1/img00002415.webp,0.370759,0.0,0.0808720996685335
database1/img00002527.webp,0.008082,0.0,0.0594549499443825
database1/img00002649.webp,0.108227,0.0,0.0558552217241506
database1/img00002695.webp,0.191496,0.0,0.0578464835688204
database1/img00002698.webp,0.019352,0.0,0.0599404654519212
database1/img00002713.webp,0.025594,1.0,0.0756774511414024
database1/img00002737.webp,0.01324,1.0,0.0625878237795132
database1/img00002813.webp,0.015997,0.0,0.0451434718144023
database1/img00002915.webp,0.059948,0.0,0.0535940565400572
database1/img00002916.webp,0.061003,0.0,0.058591133004926
database1/img00003052.webp,0.34648,0.0,0.064545622460288
database1/img00003146.webp,0.130163,0.0,0.0408697758095765
database1/img00003162.webp,0.193332,0.0,0.0751706349206348
database1/img00003199.webp,0.314562,0.0,0.067732884399551
database1/img00003273.webp,0.126445,0.0,0.0768529543086768
database1/img00003300.webp,0.007141,1.0,0.0683936855870722
database1/img00003360.webp,0.008946,1.0,0.0609592311824746
database1/img00003390.webp,0.054933,0.0,0.0637213881368446
database1/img00003437.webp,0.01322,1.0,0.0530164798563442
database1/img00003452.webp,0.040754,0.0,0.0503694540104984
database1/img00003584.webp,0.23463,0.0,0.0680778899485254
database1/img00003713.webp,0.000555,1.0,0.0482305697314481
database1/img00003746.webp,0.099051,1.0,0.0675593340417994
database1/img00003877.webp,0.01258,0.0,0.0671986329143253
database1/img00003884.webp,0.091278,0.0,0.0501983411467723
database1/img00003887.webp,0.010493,1.0,0.1002376116199747
database1/img00003978.webp,0.178955,0.0,0.0361676372439965
database1/img00004026.webp,0.365443,0.0,0.076983758700696
database1/img00004041.webp,0.094007,0.0,0.0499560991855641
database1/img00004164.webp,0.026259,1.0,0.0559455289859371
database1/img00004216.webp,0.034337,0.0,0.0537382461943704
database1/img00004261.webp,0.165876,0.0,0.0737981810307492
database1/img00004273.webp,0.156777,0.0,0.0549600837586702
database1/img00004308.webp,0.126358,0.0,0.057838877412921
database1/img00004416.webp,0.13739,1.0,0.0643632430762098
database1/img00004426.webp,0.364242,1.0,0.0880733944954128
database1/img00004540.webp,0.140347,0.0,0.0465460582037469
database1/img00004621.webp,0.130906,0.0,0.0602359017846817
database1/img00004701.webp,0.060368,0.0,0.0433925939295489
database1/img00004841.webp,0.021785,1.0,0.0578762679877329
database1/img00004851.webp,0.058337,1.0,0.0619535887749594
database1/img00004895.webp,0.001337,1.0,0.0588176195409876
database1/img00005027.webp,0.095752,1.0,0.0756410256410256
database1/img00005030.webp,0.114344,0.0,0.0622145096283027
database1/img00005095.webp,0.018419,0.0,0.0627494081839701
database1/img00005116.webp,0.107525,0.0,0.0680203045685278
database1/img00005179.webp,0.058586,1.0,0.0642587264723213
database1/img00005208.webp,0.021009,1.0,0.1294035825756547
database1/img00005271.webp,0.408256,0.0,0.0856869707730127
database1/img00005293.webp,0.043233,0.0,0.0576114322187156
database1/img00005339.webp,0.173984,0.0,0.0445396069512064
database1/img00005347.webp,0.002911,0.0,0.0444252077562325
database1/img00005361.webp,0.189098,0.0,0.0571050141911068
database1/img00005501.webp,0.145725,0.0,0.0540433084842029
database1/img00005507.webp,0.232343,0.0,0.1056145045211292
database1/img00005509.webp,0.003247,1.0,0.1178193064420608
database1/img00005522.webp,0.185571,0.0,0.0581477627471383
database1/img00005579.webp,0.037795,1.0,0.0684928810445508
database1/img00005689.webp,0.281579,0.0,0.0586274812697921
database1/img00005696.webp,0.366924,0.0,0.103814570607985
database1/img00005723.webp,0.013358,0.0,0.0709228187919462
database1/img00005726.webp,0.041346,1.0,0.068628853687617
database1/img00005753.webp,0.009879,0.0,0.0625364766057903
database1/img00005766.webp,0.177714,0.0,0.0588945728681872
database1/img00005768.webp,0.024309,1.0,0.0776653598077651
database1/img00005822.webp,0.022373,0.0,0.0445703521228807
database1/img00005851.webp,0.375359,0.0,0.0683059814294967
database1/img00005896.webp,0.063671,0.0,0.0742244867375992
database1/img00005910.webp,0.374925,0.0,0.0627809998562047
database1/img00006003.webp,0.020291,1.0,0.0684277814116666
database1/img00006021.webp,0.018409,1.0,0.1311716602989475
database1/img00006047.webp,0.105454,0.0,0.0546658723762132
database1/img00006101.webp,0.326093,0.0,0.072531209241662
database1/img00006168.webp,0.00248,1.0,0.0443794466403161
database1/img00006196.webp,0.0412,1.0,0.0604251299008029
database1/img00006204.webp,0.331116,1.0,0.0685427822718468
database1/img00006269.webp,0.011789,1.0,0.0661355626110511
database1/img00006334.webp,0.003849,1.0,0.0491530339946629
database1/img00006414.webp,0.208227,0.0,0.0632933918614307
database1/img00006420.webp,0.026323,1.0,0.0709778405254434
database1/img00006436.webp,0.008945,1.0,0.0778707249882414
database1/img00006571.webp,0.06176,0.0,0.0510985988415363
database1/img00006576.webp,0.028441,1.0,0.0809427910792868
database1/img00006629.webp,0.000814,1.0,0.044305116763834
database1/img00006690.webp,0.119839,0.0,0.0541940702704603
database1/img00006694.webp,0.019638,1.0,0.0547414456866548
database1/img00006722.webp,0.383369,0.0,0.0905439069960555
database1/img00006757.webp,0.169654,1.0,0.0909754354286573
database1/img00007032.webp,0.079705,0.0,0.0590806109771248
database1/img00007152.webp,0.296672,0.0,0.0803049617572072
database1/img00007289.webp,0.004896,1.0,0.0726039832746478
database1/img00007329.webp,0.096683,0.0,0.0615163329422006
database1/img00007335.webp,0.012784,1.0,0.0676130547359546
database1/img00007354.webp,0.047242,0.0,0.0498347251217814
database1/img00007383.webp,0.020362,1.0,0.0458782373187382
database1/img00007416.webp,0.105824,1.0,0.0659969842114599
database1/img00007435.webp,0.275659,0.0,0.1121220242083165
database1/img00007452.webp,0.091268,0.0,0.0533871432689535
database1/img00007454.webp,0.052407,1.0,0.0795805374176269
database1/img00007468.webp,0.289625,0.0,0.1006280788177339
database1/img00007470.webp,0.024029,1.0,0.1245363113897596
database1/img00007537.webp,0.023879,0.0,0.0577147973029682
database1/img00007538.webp,0.239526,0.0,0.0653604237358271
database1/img00007592.webp,0.092299,0.0,0.0572200518456314
database1/img00007663.webp,0.000453,1.0,0.0516116604597404
database1/img00007675.webp,0.145663,0.0,0.0518462598877473
database1/img00007764.webp,0.212475,0.0,0.0587325448000315
database1/img00007790.webp,0.273678,0.0,0.0776178276605261
database1/img00007837.webp,0.07434,0.0,0.0531797456203503
database1/img00007851.webp,0.187909,0.0,0.0610043075941288
database1/img00007897.webp,0.021438,1.0,0.0624607055536149
database1/img00007955.webp,0.100119,0.0,0.0550405561993046
database1/img00007965.webp,0.126287,0.0,0.0428332921098194
database1/img00008054.webp,0.125876,0.0,0.0462406894017836
database1/img00008062.webp,0.192134,0.0,0.0835829173599555
database1/img00008079.webp,0.010384,1.0,0.0620869151372734
database1/img00008191.webp,0.127108,1.0,0.0807277119347776
database1/img00008233.webp,0.03355,1.0,0.0710547084635539
database1/img00008333.webp,0.123145,0.0,0.0549929058847374
database1/img00008350.webp,0.003002,0.0,0.0492531144830842
database1/img00008419.webp,0.136366,0.0,0.0616568265682655
database1/img00008444.webp,0.19563,0.0,0.0592204076767194
database1/img00008485.webp,0.153649,0.0,0.0457065309584393
database1/img00008500.webp,0.243166,1.0,0.0718743651212871
database1/img00008540.webp,0.020411,1.0,0.0644233362298864
database1/img00008619.webp,0.172849,1.0,0.0628376334327325
database1/img00008684.webp,0.116788,1.0,0.1133166786636743
database1/img00008694.webp,0.257404,1.0,0.0910276473656754
database1/img00008702.webp,0.150713,0.0,0.0569719909159726
database1/img00008778.webp,0.047436,1.0,0.0728645066273931
database1/img00008864.webp,0.142253,1.0,0.0666165181499054
database1/img00008929.webp,0.025151,1.0,0.0513352693315111
database1/img00009119.webp,0.134423,0.0,0.0570320991232519
database1/img00009131.webp,0.11769,0.0,0.0497166695637057
database1/img00009180.webp,0.22272,0.0,0.0758882235528942
database1/img00009210.webp,0.133618,1.0,0.0626536261302822
database1/img00009215.webp,0.015083,1.0,0.1295957401230222
database1/img00009309.webp,0.232271,0.0,0.0977418444292108
database1/img00009310.webp,0.032707,1.0,0.076035644702801
database1/img00009395.webp,0.188981,0.0,0.0486899638491993
database1/img00009397.webp,0.022474,0.0,0.0489026890148316
database1/img00009399.webp,0.009987,1.0,0.0556093673369298
database1/img00009423.webp,0.205953,0.0,0.0612175873731679
database1/img00009521.webp,0.096612,0.0,0.0495237146934846
database1/img00009606.webp,0.062144,1.0,0.0587697829988578
database1/img00009643.webp,0.076471,0.0,0.0547252603313903
database1/img00009666.webp,0.249637,0.0,0.0613187178209599
database1/img00009740.webp,0.056754,0.0,0.0543191475867317
database1/img00009804.webp,0.00402,1.0,0.0991702898550724
database1/img00009898.webp,0.123271,0.0,0.058151397673944
database1/img00009952.webp,0.220282,0.0,0.0691155866900174
database1/img00009963.webp,0.081114,1.0,0.0648086290883784
database1/img00010009.webp,0.161796,0.0,0.0515696465696464
database1/img00010196.webp,0.131846,0.0,0.0541015894955079
database1/img00010250.webp,0.119697,0.0,0.0847427159014305
database1/img00010353.webp,0.145055,0.0,0.0592200394362082
database1/img00010363.webp,0.133258,0.0,0.0552416198135363
database1/img00010383.webp,0.010398,1.0,0.0421470153530599
database1/img00010445.webp,0.356323,0.0,0.0624407697514746
database1/img00010509.webp,0.056891,1.0,0.0845415877549752
database1/img00010530.webp,0.091729,0.0,0.0598913601996623
database1/img00010535.webp,0.304853,0.0,0.0883369675051853
database1/img00010537.webp,0.013696,0.0,0.0663832398316969
database1/img00010580.webp,0.154987,1.0,0.0575129710540687
database1/img00010612.webp,0.334599,0.0,0.0682142498241382
database1/img00010629.webp,0.060911,0.0,0.0477184743288696
database1/img00010643.webp,0.114721,1.0,0.0556162659778792
database1/img00010674.webp,0.023709,0.0,0.0549132328786687
database1/img00010757.webp,0.206361,0.0,0.0612263194823418
database1/img00010780.webp,0.013969,0.0,0.0562932018993808
database1/img00010790.webp,0.031334,0.0,0.0502764227642275
database1/img00010806.webp,0.065196,0.0,0.0554653513877825
database1/img00010887.webp,0.081617,0.0,0.0575409781999274
database1/img00010888.webp,0.233141,1.0,0.0877162156885712
database1/img00010982.webp,0.00745,1.0,0.0758792036674894
database1/img00010983.webp,0.20866,0.0,0.0597571979329012
database1/img00011118.webp,0.178597,1.0,0.1086098469176664
database1/img00011128.webp,0.27358,1.0,0.0646768180388985
database1/img00011142.webp,0.28074,1.0,0.0809476427386874
database1/img00011296.webp,0.108452,1.0,0.0824109697149057
database1/img00011507.webp,0.092578,0.0,0.0583189891961178
database1/img00011516.webp,0.087323,0.0,0.0553714424376884
database1/img00011597.webp,0.091441,0.0,0.055920338805082
database1/img00011619.webp,0.253533,0.0,0.0724132141208075
database1/img00011623.webp,0.079619,0.0,0.0498217604582431
database1/img00011711.webp,0.412517,0.0,0.1004431654676258
database1/img00011737.webp,0.360567,0.0,0.0739881711701264
database1/img00011787.webp,0.009168,1.0,0.0591943141766915
database1/img00011827.webp,0.096535,0.0,0.0590899418357213
database1/img00011910.webp,0.153312,0.0,0.0538751748138029
database1/img00011946.webp,0.118833,0.0,0.0578700745473908
database1/img00011981.webp,0.044401,1.0,0.0648448495409153
database1/img00011982.webp,0.064973,1.0,0.0561548633106797
database1/img00012046.webp,0.013245,1.0,0.0676373120589137
database1/img00012050.webp,0.169118,0.0,0.0538908450704224
database1/img00012055.webp,0.118938,0.0,0.0591932075191871
database1/img00012083.webp,0.105677,1.0,0.0602736644798499
database1/img00012173.webp,0.148639,0.0,0.0580452361420367
database1/img00012174.webp,0.13274,0.0,0.0637454846478024
database1/img00012175.webp,0.161502,0.0,0.0667071090047393
database1/img00012194.webp,0.057599,0.0,0.057679180887372
database1/img00012259.webp,0.022948,1.0,0.1057888169921364
database1/img00012293.webp,0.081765,0.0,0.0592531449136593
database1/img00012367.webp,0.265563,0.0,0.0792450360026183
database1/img00012402.webp,0.08769,0.0,0.0583995780431752
database1/img00012413.webp,0.178087,0.0,0.0596845997132723
database1/img00012417.webp,0.047864,1.0,0.0581796586860035
database1/img00012444.webp,0.279593,0.0,0.0685701040920392
database1/img00012509.webp,0.14518,0.0,0.0473969999321251
database1/img00012555.webp,0.159567,0.0,0.0631140280238363
database1/img00012681.webp,0.00788,1.0,0.0567119997765923
database1/img00012805.webp,0.03627,0.0,0.0571845715061794
database1/img00012844.webp,0.027729,1.0,0.065282771017699
database1/img00012874.webp,0.002528,1.0,0.1043726459510357
database1/img00012883.webp,0.105193,1.0,0.0566902211078185
database1/img00012980.webp,0.021348,1.0,0.0636186435819525
database1/img00013033.webp,0.378744,0.0,0.0773249988070811
database1/img00013074.webp,0.20406,0.0,0.0798762654668165
database1/img00013089.webp,0.0,1.0,0.0473472797969085
database1/img00013099.webp,0.124905,0.0,0.0817743490838958
database1/img00013109.webp,0.255454,0.0,0.1410736444564337
database1/img00013151.webp,0.003784,1.0,0.0571803898901791
database1/img00013182.webp,0.112701,0.0,0.0538941006107158
database1/img00013213.webp,0.208104,1.0,0.0836959937156322
database1/img00013311.webp,0.021686,1.0,0.0612717117780641
database1/img00013313.webp,0.096531,0.0,0.0689226895331426
database1/img00013345.webp,0.111239,1.0,0.0631097220671949
database1/img00013392.webp,0.234015,0.0,0.0590910962005515
database1/img00013433.webp,0.013693,1.0,0.0655392042810608
database1/img00013450.webp,0.007936,1.0,0.0577699761269484
database1/img00013515.webp,0.055869,0.0,0.0557486631016042
database1/img00013591.webp,0.097683,0.0,0.0519912068306359
database1/img00013659.webp,0.005492,0.0,0.0602285544672008
database1/img00013777.webp,0.039118,0.0,0.0569864965512774
database1/img00013856.webp,0.08085,0.0,0.0725419120978702
database1/img00013896.webp,0.155239,0.0,0.0621485606924779
database1/img00013978.webp,0.216187,1.0,0.0630725085531396
database1/img00014030.webp,0.009111,0.0,0.0725404157043878
database1/img00014146.webp,0.019737,0.0,0.0572386655260906
database1/img00014277.webp,0.009327,1.0,0.0751987958650459
database1/img00014440.webp,0.313716,0.0,0.0800020458265139
database1/img00014506.webp,0.002933,0.0,0.0640008110535004
database1/img00014634.webp,0.124116,1.0,0.0581882770870337
database1/img00014645.webp,0.294956,1.0,0.0772873366188128
database1/img00014657.webp,0.009173,1.0,0.0490574053422546
database1/img00014808.webp,0.222577,0.0,0.0704151142222722
database1/img00014845.webp,0.184098,0.0,0.0618440594059405
database1/img00014912.webp,0.085464,0.0,0.0594983241431505
database1/img00014924.webp,0.071344,1.0,0.0764344052216108
database1/img00015038.webp,0.222266,1.0,0.0734927530347934
database1/img00015081.webp,0.134204,0.0,0.0833977611339292
database1/img00015348.webp,0.225921,0.0,0.0735954541288607
database1/img00015359.webp,0.033386,0.0,0.0556635828427249
database1/img00015476.webp,0.164199,0.0,0.0879777965148959
database1/img00015498.webp,0.128891,0.0,0.0497207937659714
database1/img00015505.webp,0.086803,0.0,0.0567064704248819
database1/img00015509.webp,0.096299,1.0,0.0753570782860241
database1/img00015766.webp,0.128287,0.0,0.0537859457968415
database1/img00015784.webp,0.198335,0.0,0.0664206642066419
database1/img00015947.webp,0.126497,0.0,0.0559554899511751
database1/img00016004.webp,0.076385,0.0,0.0577446509996492
database1/img00016096.webp,0.018479,1.0,0.0636736919770313
database1/img00016164.webp,0.009807,1.0,0.0592702302410123
database1/img00016181.webp,0.000908,1.0,0.0525542897828407
database1/img00016288.webp,0.368142,0.0,0.1021403881946289
database1/img00016296.webp,0.233928,0.0,0.0597517861088605
database1/img00016398.webp,0.070727,0.0,0.0574016835459686
database1/img00016442.webp,0.050167,0.0,0.0545045354590433
database1/img00016457.webp,0.145227,1.0,0.0605916205417688
database1/img00016490.webp,0.091022,0.0,0.0473342002600779
database1/img00016497.webp,0.144198,0.0,0.061416312454888
database1/img00016611.webp,0.10049,0.0,0.0561155055093087
database1/img00016679.webp,0.001846,0.0,0.0673527519985296
database1/img00016886.webp,0.012909,1.0,0.0578576326978465
database1/img00016934.webp,0.076123,1.0,0.0522691108140792
database1/img00016955.webp,0.030027,1.0,0.0759106821837448
database1/img00017135.webp,0.137474,0.0,0.0557462164451153
database1/img00017144.webp,0.291437,0.0,0.0648285525881965
database1/img00017157.webp,0.097188,0.0,0.0548591291620928
database1/img00017237.webp,0.019539,0.0,0.0523608666626205
database1/img00017467.webp,0.193369,0.0,0.0815447079450031
database1/img00017485.webp,0.231654,0.0,0.0996316758747697
database1/img00017623.webp,0.273226,0.0,0.0615770186597026
database1/img00017648.webp,0.013591,1.0,0.051017355809678
database1/img00017737.webp,0.0127,1.0,0.0644978512577669
database1/img00017893.webp,0.369649,0.0,0.0685256894597656
database1/img00018025.webp,0.125656,0.0,0.051427943760984
database1/img00018042.webp,0.016056,1.0,0.0591796015375134
database1/img00018045.webp,0.096288,0.0,0.0550067061402073
database1/img00018076.webp,0.184672,1.0,0.0612459643668539
database1/img00018117.webp,0.020611,0.0,0.0636665628568462
database1/img00018133.webp,0.049189,0.0,0.0571565223552751
database1/img00018173.webp,0.28192,0.0,0.0711489324845177
database1/img00018225.webp,0.130293,0.0,0.0496240601503759
database1/img00018284.webp,0.238474,0.0,0.0653785419773664
database1/img00018380.webp,0.182421,0.0,0.0545921979209359
database1/img00018422.webp,0.021826,0.0,0.0605300664099219
database1/img00018465.webp,0.041569,1.0,0.0653451243397233
database1/img00018500.webp,0.147015,0.0,0.0537817286853028
database1/img00018591.webp,0.11045,0.0,0.0650510204081632
database1/img00018619.webp,0.026771,1.0,0.0666635853823873
database1/img00018643.webp,0.14475,0.0,0.0603329655351463
database1/img00018689.webp,0.008002,0.0,0.0654277434799041
database1/img00018779.webp,0.045676,1.0,0.0592730781601799
database1/img00018873.webp,0.099329,0.0,0.0522045315370483
database1/img00018963.webp,0.0236,1.0,0.1568436843684367
database1/img00019125.webp,0.039224,1.0,0.0722559097246991
database1/img00019151.webp,0.151887,0.0,0.0753341793570219
database1/img00019162.webp,0.357571,0.0,0.0761612371368468
database1/img00019165.webp,0.070241,1.0,0.0703575505394556
database1/img00019172.webp,0.017685,0.0,0.0503084185224869
database1/img00019200.webp,0.017214,1.0,0.0614099651188837
database1/img00019353.webp,0.013152,0.0,0.0529186924746965
database1/img00019360.webp,0.02429,1.0,0.0588363314857006
database1/img00019362.webp,0.226958,0.0,0.0605396290050589
database1/img00019406.webp,0.122785,0.0,0.0596935354077252
database1/img00019511.webp,0.00639,1.0,0.0603943957356324
database1/img00019553.webp,0.097165,0.0,0.0536747825524621
database1/img00019616.webp,0.008603,1.0,0.0720296659589101
database1/img00019625.webp,0.044642,1.0,0.077717843602626
database1/img00019811.webp,0.135181,0.0,0.0561084254143646
database1/img00019846.webp,0.085115,0.0,0.057332875064444
database1/img00019883.webp,0.295134,0.0,0.0912744942692652
database1/img00019956.webp,0.121542,0.0,0.0562654255694237
database1/img00020019.webp,0.245216,0.0,0.0644611215342922
database1/img00020092.webp,0.229511,0.0,0.0812949032203532
database1/img00020095.webp,0.369647,0.0,0.0788989978294
database1/img00020106.webp,0.016139,1.0,0.0514913508013227
database1/img00020280.webp,0.093764,0.0,0.0556163880213117
database1/img00020383.webp,0.174486,0.0,0.0600221606648199
database1/img00020425.webp,0.105022,0.0,0.0531184639122234
database1/img00020495.webp,0.101841,0.0,0.0600831243774258
database1/img00020506.webp,0.143822,0.0,0.0601544959853874
database1/img00020690.webp,0.113169,0.0,0.0561138794995991
database1/img00020757.webp,0.123725,0.0,0.0565863197081938
database1/img00020765.webp,0.148549,0.0,0.0561923943469652
database1/img00020799.webp,0.406729,0.0,0.0985914721034746
database1/img00020831.webp,0.0,1.0,0.0428237824550621
database1/img00020839.webp,0.164052,0.0,0.0527629621566705
database1/img00020840.webp,0.164657,0.0,0.0613262910798121
database1/img00020876.webp,0.039848,0.0,0.0636380874126978
database1/img00020958.webp,0.18413,1.0,0.0650058683224169
database1/img00021024.webp,0.011248,1.0,0.069829568723813
database1/img00021028.webp,0.079159,0.0,0.0491024122670323
database1/img00021119.webp,0.231027,0.0,0.0468179904574795
database1/img00021174.webp,0.029653,1.0,0.0615310486056735
database1/img00021203.webp,0.100309,1.0,0.106902335723571
database1/img00021240.webp,0.12352,0.0,0.0597844274096267
database1/img00021256.webp,0.115372,0.0,0.0538345461252137
database1/img00021294.webp,0.230757,0.0,0.0730370508112128
database1/img00021336.webp,0.216002,0.0,0.0604689710935919
database1/img00021374.webp,0.038864,0.0,0.0558135029543765
database1/img00021382.webp,0.023478,1.0,0.1208104825352422
database1/img00021398.webp,0.118902,0.0,0.1340392438382387
database1/img00021523.webp,0.125539,0.0,0.0570022027902008
database1/img00021529.webp,0.020743,0.0,0.05806599901494
database1/img00021585.webp,0.323915,0.0,0.0621046051260679
database1/img00021592.webp,0.053661,1.0,0.0650391859436227
database1/img00021620.webp,0.012103,1.0,0.0713617191588928
database1/img00021622.webp,0.258145,0.0,0.0699339161843778
database1/img00021629.webp,0.347567,0.0,0.0786719367588932
database1/img00021724.webp,0.117861,0.0,0.058921947449768
database1/img00021737.webp,0.042247,1.0,0.0623210972700768
database1/img00021763.webp,0.319156,0.0,0.0941510561976882
database1/img00021881.webp,0.200485,0.0,0.0541534287652161
database1/img00021891.webp,0.158308,0.0,0.0570220829385612
database1/img00022037.webp,0.280548,0.0,0.0831606347299393
database1/img00022062.webp,0.084716,1.0,0.0511271598272137
database1/img00022089.webp,0.105552,0.0,0.0562266567068615
database1/img00022098.webp,0.019455,1.0,0.0621959440480871
database1/img00022099.webp,0.017022,1.0,0.0720558944354537
database1/img00022106.webp,0.009696,1.0,0.0591706215997221
database1/img00022110.webp,0.247685,0.0,0.0925142176960718
database1/img00022174.webp,0.246505,1.0,0.0760039217288287
database1/img00022220.webp,0.197348,0.0,0.1093244984354867
database1/img00022367.webp,0.130304,0.0,0.062656260791491
database1/img00022458.webp,0.178211,1.0,0.0538427112575775
database1/img00022462.webp,0.147091,1.0,0.0658391008952949
database1/img00022521.webp,0.025301,1.0,0.0571444462984591
database1/img00022669.webp,0.094607,1.0,0.1363574165298302
database1/img00022715.webp,0.056654,0.0,0.0485057906529078
database1/img00022789.webp,0.207616,0.0,0.1087460400208525
database1/img00022833.webp,0.037262,1.0,0.0652169666981346
database1/img00022848.webp,0.082086,0.0,0.0551300451569992
database1/img00022964.webp,0.170935,0.0,0.0620374938332509
database1/img00023014.webp,0.001544,1.0,0.1483334783743798
database1/img00023146.webp,0.103648,1.0,0.070719806247106
database1/img00023176.webp,0.028973,1.0,0.0972671062070849
database1/img00023181.webp,0.102577,0.0,0.0596394645941277
database1/img00023337.webp,0.089515,0.0,0.0509112494384906
database1/img00023439.webp,0.005019,1.0,0.0637103926469401
database1/img00023478.webp,0.105124,0.0,0.0496143797022066
database1/img00023517.webp,0.050744,0.0,0.0596156476542196
database1/img00023568.webp,0.010958,1.0,0.0742924613987283
database1/img00023725.webp,0.203847,0.0,0.0602157002743225
database1/img00023876.webp,0.079286,0.0,0.0531187122736417
database1/img00023903.webp,0.124474,0.0,0.0442022695856237
database1/img00024004.webp,0.151347,0.0,0.0642570281124497
database1/img00024033.webp,0.008003,1.0,0.0677944951511692
database1/img00024054.webp,0.158105,0.0,0.0566466114201384
database1/img00024075.webp,0.098827,0.0,0.0600498338870431
database1/img00024097.webp,0.056329,1.0,0.058335151307383
database1/img00024151.webp,0.223931,0.0,0.0537868237814675
database1/img00024251.webp,0.125194,0.0,0.0562779299408965
database1/img00024286.webp,0.203387,0.0,0.0963192156232419
database1/img00024330.webp,0.039351,0.0,0.0792016439314444
database1/img00024429.webp,0.001011,1.0,0.0482556961292375
database1/img00024472.webp,0.231978,0.0,0.0675187442451878
database1/img00024480.webp,0.229159,0.0,0.0585434066355068
database1/img00024496.webp,0.010786,0.0,0.0701606230920657
database1/img00024553.webp,0.040348,1.0,0.0665011596380621
database1/img00024607.webp,0.016616,1.0,0.0644373009494895
database1/img00024687.webp,0.27365,0.0,0.0683226610511839
database1/img00024753.webp,0.192923,0.0,0.0639388489208632
database1/img00024774.webp,0.053221,0.0,0.0563462925326164
database1/img00025064.webp,0.015037,0.0,0.0468022235225277
database1/img00025075.webp,0.298755,0.0,0.0762926168435311
database1/img00025133.webp,0.155681,1.0,0.0730779735081249
database1/img00025166.webp,0.014644,0.0,0.060699427977119
database1/img00025308.webp,0.026547,1.0,0.0626780713502982
database1/img00025347.webp,0.003317,1.0,0.0698352124891586
database1/img00025392.webp,0.084647,0.0,0.057481608212147
database1/img00025465.webp,0.083236,0.0,0.0761698039355228
database1/img00025509.webp,0.003962,0.0,0.0731356613378582
database1/img00025534.webp,0.073372,0.0,0.0617465347802426
database1/img00025566.webp,0.059194,1.0,0.068800455208222
database1/img00025641.webp,0.045629,1.0,0.0730093005478404
database1/img00025678.webp,0.113275,0.0,0.0592893293968789
database1/img00025969.webp,0.033245,1.0,0.0634611769129534
database1/img00026052.webp,0.217685,0.0,0.0636557902523218
database1/img00026073.webp,0.052874,0.0,0.0524923508414074
database1/img00026088.webp,0.15625,0.0,0.0622202920130702
database1/img00026103.webp,0.013345,1.0,0.0743482323156212
database1/img00026169.webp,0.063574,1.0,0.0832145414862053
database1/img00026178.webp,0.317092,0.0,0.0769641693811074
database1/img00026249.webp,0.008453,1.0,0.0726992118433275
database1/img00026281.webp,0.219012,1.0,0.0783446712018139
database1/img00026282.webp,0.011198,1.0,0.0699309007910451
database1/img00026305.webp,0.138547,1.0,0.0696658387897944
database1/img00026333.webp,0.154155,0.0,0.055659852335547
database1/img00026341.webp,0.145098,0.0,0.1221170138542808
database1/img00026380.webp,0.102089,0.0,0.0613991945543318
database1/img00026418.webp,0.030072,1.0,0.0613202579965775
database1/img00026462.webp,0.007743,0.0,0.0576601062168071
database1/img00026473.webp,0.0,1.0,0.0601561711150751
database1/img00026493.webp,0.222605,0.0,0.058582785754847
database1/img00026505.webp,0.024604,1.0,0.0748931623931622
database1/img00026554.webp,0.005176,1.0,0.0693426840146411
database1/img00026653.webp,0.0,0.0,0.0406211140515893
database1/img00026673.webp,0.305916,0.0,0.064222471629879
database1/img00026714.webp,0.210407,0.0,0.0614648742045598
database1/img00026908.webp,0.046474,0.0,0.0572031679539206
database1/img00027013.webp,0.003769,0.0,0.0516760345982466
database1/img00027032.webp,0.007456,0.0,0.0732613564578187
database1/img00027062.webp,0.046983,1.0,0.0586842821295763
database1/img00027147.webp,0.083316,1.0,0.0718592781625955
database1/img00027201.webp,0.173566,0.0,0.0579626804365684
database1/img00027213.webp,0.102301,0.0,0.0583373682446273
database1/img00027267.webp,0.025949,0.0,0.0556413457747403
database1/img00027278.webp,0.04282,0.0,0.0573707333558634
database1/img00027291.webp,0.037481,1.0,0.066598870056497
database1/img00027300.webp,0.162757,0.0,0.0589596683000376
database1/img00027329.webp,0.120534,0.0,0.0415441686312577
database1/img00027355.webp,0.012954,0.0,0.0601337657073367
database1/img00027400.webp,0.093064,1.0,0.1722196048870881
database1/img00027672.webp,0.024684,0.0,0.0543127878143818
database1/img00027691.webp,0.263468,1.0,0.0759156806525863
database1/img00027708.webp,0.011879,1.0,0.0907391187171539
database1/img00027826.webp,0.008279,1.0,0.0650160591225169
database1/img00027870.webp,0.156292,0.0,0.0623707973102785
database1/img00027888.webp,0.010368,1.0,0.0683192599031416
database1/img00027943.webp,0.005057,1.0,0.076553558724365
database1/img00027980.webp,0.1488,0.0,0.0586100636581112
database1/img00028069.webp,0.00506,1.0,0.0737498649962197
database1/img00028087.webp,0.001205,1.0,0.0491430985766721
database1/img00028101.webp,0.0173,1.0,0.0586537877407204
database1/img00028174.webp,0.122309,0.0,0.0568627450980391
database1/img00028222.webp,0.107143,0.0,0.0550231998625192
database1/img00028224.webp,0.146398,0.0,0.0663934426229507
database1/img00028300.webp,0.012183,0.0,0.0589590144792152
database1/img00028356.webp,0.152613,0.0,0.0427153645659291
database1/img00028517.webp,0.382837,0.0,0.0843169069584162
database1/img00028551.webp,0.203166,0.0,0.094245885769603
database1/img00028578.webp,0.061325,0.0,0.0529796270489083
database1/img00028581.webp,0.020189,1.0,0.0590681315945095
database1/img00028723.webp,0.12276,0.0,0.0615330766538326
database1/img00028742.webp,0.061928,0.0,0.0463971347052752
database1/img00028757.webp,0.031527,1.0,0.0656714269261775
database1/img00028784.webp,0.01652,0.0,0.0550797624592453
database1/img00028843.webp,0.045216,1.0,0.0786279328104486
database1/img00028942.webp,0.085705,0.0,0.0472561842479384
database1/img00029059.webp,0.201976,0.0,0.0618497331746457
database1/img00029154.webp,0.027398,0.0,0.1049126361104075
database1/img00029252.webp,0.011317,1.0,0.0714506221452196
database1/img00029315.webp,0.223811,0.0,0.0709267912772585
database1/img00029326.webp,0.073163,0.0,0.0508151773342373
database1/img00029393.webp,0.181547,0.0,0.0583213198782636
database1/img00029479.webp,0.172507,1.0,0.0759907026367931
database1/img00029527.webp,9.6e-05,1.0,0.0489771578210478
database1/img00029586.webp,0.049823,0.0,0.0588386398972486
database1/img00029691.webp,0.030185,1.0,0.076618918328496
database1/img00029706.webp,0.21533,1.0,0.1550295857988165
database1/img00029758.webp,0.113217,0.0,0.0550080775444264
database1/img00029778.webp,0.154551,0.0,0.0821678321678321
database1/img00029960.webp,0.383842,0.0,0.0762468791731986
database2/database2/test/148.webp,0.048036,1.0,0.0586938162709954
database2/database2/test/190.webp,0.086509,1.0,0.130985127511772
database2/database2/test/216.webp,0.245817,0.0,0.0548714745907566
database2/database2/test/232.webp,0.275174,0.0,0.0637507643783591
database2/database2/test/239.webp,0.175156,0.0,0.0658609285043484
database2/database2/test/266.webp,0.213241,0.0,0.0618033648790746
database2/database2/test/34.webp,0.050154,0.0,0.0532558350740168
database2/database2/test/453.webp,0.089504,1.0,0.0377707594672704
database2/database2/test/472.webp,0.226614,1.0,0.0932377687753193
database2/database2/test/91.webp,0.465517,1.0,0.0713403194069463
database2/database2/train/1009.webp,0.104761,1.0,0.0834307992202728
database2/database2/train/1240.webp,0.146101,0.0,0.0666239230615106
database2/database2/train/1258.webp,0.246853,0.0,0.1705325829867057
database2/database2/train/127.webp,0.075508,0.0,0.0458907969273659
database2/database2/train/1279.webp,0.000502,1.0,0.1308037535699713
database2/database2/train/1311.webp,0.172932,1.0,0.1946033562166284
database2/database2/train/174.webp,0.051776,1.0,0.2056667559244877
database2/database2/train/203.webp,0.050641,1.0,0.0665987217135947
database2/database2/train/219.webp,0.142928,0.0,0.068323387558244
database2/database2/train/233.webp,0.281943,1.0,0.0790279592370001
database2/database2/train/26.webp,0.011878,0.0,0.0542591619598054
database2/database2/train/34.webp,0.095641,0.0,0.069216614090431
database2/database2/train/433.webp,0.036418,1.0,0.0746735395189003
database2/database2/train/436.webp,0.026337,1.0,0.0514710402056382
database2/database2/train/515.webp,0.012181,1.0,0.0657859572400387
database2/database2/train/547.webp,0.0,1.0,0.0453073266677593
database2/database2/train/613.webp,0.048432,0.0,0.0555960218517998
database2/database2/train/624.webp,0.123039,1.0,0.1410935220703441
database2/database2/train/650.webp,0.113219,0.0,0.0577578900979693
database2/database2/train/766.webp,0.167917,0.0,0.0782921488895839
database2/database2/train/814.webp,0.3,0.0,0.0784168180638463
database2/database2/train/846.webp,0.020085,1.0,0.0687361864577053
database2/database2/train/900.webp,0.417188,1.0,0.0801143521659075
database2/database2/train/928.webp,0.09983,0.0,0.0588933787040974
database2/database2/train/97.webp,0.048559,1.0,0.0668506083372115
database2/database2/train/992.webp,0.32608,0.0,0.0849629452546019
database3/database3/m.0109kg/59-FaceId-0_align.webp,0.264823,0.0,0.0744736975599857
database3/database3/m.010bk0/59-FaceId-0_align.webp,0.021845,1.0,0.1266520738196776
database3/database3/m.010ngb/60-FaceId-0_align.webp,0.012915,1.0,0.0545449331880483
database3/database3/m.010p3/45-FaceId-0_align.webp,0.01465,1.0,0.0788189029764728
database3/database3/m.010p3/69-FaceId-0_align.webp,0.027584,1.0,0.0682658654163639
database3/database3/m.010p3/82-FaceId-0_align.webp,0.013896,1.0,0.0633373688458433
database3/database3/m.010wty2t/83-FaceId-1_align.webp,0.168202,1.0,0.0897977288857345
database3/database3/m.0112yl/20-FaceId-0_align.webp,0.035573,1.0,0.0870307049355851
database3/database3/m.01167d3z/34-FaceId-0_align.webp,0.37993,1.0,0.0878509963768115
database3/database3/m.01167d3z/74-FaceId-0_align.webp,0.319357,1.0,0.0801418439716311
database3/database3/m.011_0k/17-FaceId-0_align.webp,0.022011,1.0,0.0626931791281998
database3/database3/m.011_0k/3-FaceId-0_align.webp,0.017225,1.0,0.0698423430345124
database3/database3/m.011_0k/43-FaceId-0_align.webp,0.025252,1.0,0.0641104499565419
database3/database3/m.011_0k/77-FaceId-0_align.webp,0.126436,1.0,0.1508060322412896
database3/database3/m.011_2h/101-FaceId-0_align.webp,0.183945,0.0,0.0728114642230453
database3/database3/m.011_2h/18-FaceId-0_align.webp,0.139464,0.0,0.1162011173184356
database3/database3/m.011_2h/21-FaceId-0_align.webp,0.028243,0.0,0.062100846576563
database3/database3/m.011_3d/107-FaceId-0_align.webp,0.091414,1.0,0.0773708815672305
database3/database3/m.011_3d/31-FaceId-0_align.webp,0.156269,1.0,0.0823605132949836
database3/database3/m.011_3d/35-FaceId-0_align.webp,0.154662,1.0,0.4449687716863288
database3/database3/m.011_3s/106-FaceId-0_align.webp,0.132155,0.0,0.0652903519072691
database3/database3/m.011_3s/93-FaceId-0_align.webp,0.255275,0.0,0.0769888387556399
database3/database3/m.011_8/14-FaceId-0_align.webp,0.108434,1.0,0.062853981535908
database3/database3/m.011_nf/83-FaceId-0_align.webp,0.036792,1.0,0.0664841649727885
database3/database3/m.011_pk/73-FaceId-0_align.webp,0.106935,1.0,0.0808271181885372
database3/database3/m.011_pk/98-FaceId-0_align.webp,0.021278,1.0,0.0545483420149916
database3/database3/m.011_r9/15-FaceId-0_align.webp,0.000453,1.0,0.0577786194489157
database3/database3/m.011_r9/35-FaceId-0_align.webp,0.0,1.0,0.0348848555815768
database3/database3/m.011h_w/16-FaceId-0_align.webp,0.023388,1.0,0.1168077213959015
database3/database3/m.011h_w/57-FaceId-0_align.webp,0.034974,1.0,0.095045627649637
database3/database3/m.011hdn/3-FaceId-0_align.webp,0.144586,1.0,0.1010769609048438
database3/database3/m.011hm1/28-FaceId-0_align.webp,0.045589,0.0,0.0805160692212607
database3/database3/m.011hm1/59-FaceId-0_align.webp,0.308314,0.0,0.0720012003772613
database3/database3/m.011hmd/24-FaceId-0_align.webp,0.029049,1.0,0.092107923449646
database3/database3/m.011jfg/102-FaceId-0_align.webp,0.016853,0.0,0.0617921593030491
database3/database3/m.011jfg/64-FaceId-0_align.webp,0.014724,0.0,0.0643899315968593
database3/database3/m.011kd9/42-FaceId-0_align.webp,0.092666,1.0,0.0
database3/database3/m.011kd9/48-FaceId-0_align.webp,0.021031,1.0,0.1392138742568462
database3/database3/m.011l17/115-FaceId-0_align.webp,0.008147,1.0,0.0755022628262064
database3/database3/m.011l17/73-FaceId-0_align.webp,0.013848,1.0,0.0684755965124576
database3/database3/m.011l17/78-FaceId-0_align.webp,0.000371,1.0,0.0592451696866552
database3/database3/m.011lf5/30-FaceId-0_align.webp,0.003745,1.0,0.0743276581488136
database3/database3/m.011lhy/14-FaceId-0_align.webp,0.06605,1.0,0.0420174910597315
database3/database3/m.011m1y/65-FaceId-0_align.webp,0.010331,1.0,0.1159866573033707
database3/database3/m.011m1y/93-FaceId-0_align.webp,0.010174,1.0,0.0541753681755308
database3/database3/m.011m33/35-FaceId-0_align.webp,0.10764,0.0,0.0512009429153923
database3/database3/m.011m33/96-FaceId-0_align.webp,0.077455,0.0,0.0727038246080682
database3/database3/m.011m33/98-FaceId-0_align.webp,0.093352,0.0,0.1302817242884157
database3/database3/m.011p3/100-FaceId-0_align.webp,0.261068,0.0,0.0847076715106454
database3/database3/m.011p3/38-FaceId-0_align.webp,0.260325,0.0,0.0641281192939743
database3/database3/m.011qm2/8-FaceId-0_align.webp,0.02115,1.0,0.0607761069090255
database3/database3/m.011w1b/4-FaceId-0_align.webp,0.011173,0.0,0.0570927848687255
database3/database3/m.011w1b/5-FaceId-0_align.webp,0.149673,0.0,0.0597053392829665
database3/database3/m.011w1b/65-FaceId-0_align.webp,0.028609,0.0,0.0559300655197784
database3/database3/m.011w1b/75-FaceId-0_align.webp,0.102741,0.0,0.0584297881633543
database3/database3/m.011xgp/24-FaceId-0_align.webp,0.060348,1.0,0.0732343072264504
database3/database3/m.011xgp/72-FaceId-0_align.webp,0.024118,1.0,0.1218472412365882
database3/database3/m.011xjd/62-FaceId-0_align.webp,0.025855,1.0,0.07368368962787
database3/database3/m.011xl3/35-FaceId-0_align.webp,0.101991,1.0,0.0734991171277221
database3/database3/m.011xl3/86-FaceId-0_align.webp,0.095741,1.0,0.1217661799014947
database3/database3/m.011xl3/92-FaceId-0_align.webp,0.15032,1.0,0.069887658103543
database3/database3/m.011xl3/99-FaceId-0_align.webp,0.04585,1.0,0.0621401931720377
database3/database3/m.011xll/89-FaceId-0_align.webp,0.057752,1.0,0.1050865522437428
database3/database3/m.011ybj/52-FaceId-0_align.webp,0.042728,1.0,0.0640478924061013
database3/database3/m.011ybj/61-FaceId-0_align.webp,0.033422,1.0,0.0596918382913805
database3/database3/m.011yx0/17-FaceId-0_align.webp,0.03676,1.0,0.0665293113994139
database3/database3/m.011yx0/7-FaceId-0_align.webp,0.025923,1.0,0.0608043356134958
database3/database3/m.011z69/22-FaceId-0_align.webp,0.003956,1.0,0.0538288037424815
database3/database3/m.011z69/27-FaceId-0_align.webp,0.057013,1.0,0.0602916279831794
database3/database3/m.011z69/67-FaceId-0_align.webp,0.026898,1.0,0.0605921158487529
database3/database3/m.011zfk/22-FaceId-0_align.webp,0.214757,1.0,0.0530003377490898
database3/database3/m.011zfz/75-FaceId-0_align.webp,0.159958,0.0,0.06123085885486
database3/database3/m.011zg9/22-FaceId-0_align.webp,0.107141,0.0,0.0496747022032245
database3/database3/m.011zg9/39-FaceId-0_align.webp,0.053582,0.0,0.0575121163166396
database3/database3/m.011zgs/52-FaceId-0_align.webp,0.127677,0.0,0.0988928521795524
database3/database3/m.011zkh/84-FaceId-0_align.webp,0.008351,1.0,0.060556081961388
database3/database3/m.011zwl/37-FaceId-0_align.webp,0.073722,1.0,0.060948928321567
database3/database3/m.01200d/24-FaceId-0_align.webp,0.036817,1.0,0.0535212762194474
database3/database3/m.01200d/80-FaceId-0_align.webp,0.017066,1.0,0.0583295783714193
database3/database3/m.012052/1-FaceId-0_align.webp,0.109494,1.0,0.0596055752298644
database3/database3/m.012052/30-FaceId-0_align.webp,0.193814,1.0,0.1673945716559101
database3/database3/m.012052/63-FaceId-0_align.webp,0.135953,1.0,0.0835784227705049
database3/database3/m.0122lq/12-FaceId-0_align.webp,0.034174,1.0,0.0456455825403019
database3/database3/m.0122lq/62-FaceId-0_align.webp,0.002899,1.0,0.0979024963498449
database3/database3/m.0122lq/73-FaceId-0_align.webp,0.026793,1.0,0.0547266944289601
database3/database3/m.0122m5/94-FaceId-0_align.webp,0.003731,1.0,0.1384669479606187
database3/database3/m.01233w/1-FaceId-0_align.webp,0.049894,1.0,0.0578626562117127
database3/database3/m.01233w/25-FaceId-0_align.webp,0.043404,1.0,0.0676669961869791
database3/database3/m.01239/57-FaceId-0_align.webp,0.01656,1.0,0.0750698032671137
database3/database3/m.01239/68-FaceId-0_align.webp,0.012855,1.0,0.0630706874189364
database3/database3/m.0123x2/101-FaceId-0_align.webp,0.244668,1.0,0.0838167338511453
database3/database3/m.01241v/54-FaceId-0_align.webp,0.010871,1.0,0.048411551281673
database3/database3/m.0124t/70-FaceId-0_align.webp,0.066352,0.0,0.0966888466413179
database3/database3/m.01257s/41-FaceId-1_align.webp,0.025408,1.0,0.0657653044897435
database3/database3/m.0126rp/46-FaceId-0_align.webp,0.064149,1.0,0.0519697787371828
database3/database3/m.0126rp/48-FaceId-0_align.webp,0.020111,1.0,0.0586117297698588
database3/database3/m.0126y2/49-FaceId-0_align.webp,0.042913,1.0,0.0634335091615767
database3/database3/m.0126y2/81-FaceId-0_align.webp,0.011658,1.0,0.1306321227177727
database3/database3/m.0126y2/92-FaceId-0_align.webp,0.2594,1.0,0.0974658750076512
database3/database3/m.01270s/15-FaceId-0_align.webp,0.00523,1.0,0.0476443793202305
database3/database3/m.01270s/43-FaceId-0_align.webp,0.024273,1.0,0.0628801154520151
database3/database3/m.01271_/40-FaceId-0_align.webp,0.046844,0.0,0.0604168295925549
database3/database3/m.01271_/42-FaceId-0_align.webp,0.082785,0.0,0.0768461265802842
database3/database3/m.01271_/92-FaceId-0_align.webp,0.131196,0.0,0.0591449927541758
database3/database3/m.0127fx/6-FaceId-0_align.webp,0.010653,1.0,0.0609055236945366
database3/database3/m.0127gn/12-FaceId-0_align.webp,0.02417,1.0,0.049921170460995
database3/database3/m.0127tk/114-FaceId-0_align.webp,0.088119,1.0,0.0536856265737641
database3/database3/m.0127tk/121-FaceId-0_align.webp,0.110272,1.0,0.0734728710025151
database3/database3/m.0127tk/32-FaceId-0_align.webp,0.044592,1.0,0.0627625765444538
database3/database3/m.0127tk/61-FaceId-0_align.webp,0.157887,1.0,0.0729711988184129
database3/database3/m.0127tk/75-FaceId-0_align.webp,0.118857,1.0,0.0773547360042451
database3/database3/m.0127tk/83-FaceId-0_align.webp,0.180049,1.0,0.0577307422840074
database3/database3/m.0127zt/62-FaceId-0_align.webp,0.099007,0.0,0.0605394567602329
database3/database3/m.012801/76-FaceId-0_align.webp,0.060329,1.0,0.0582282255419386
database3/database3/m.012981/36-FaceId-0_align.webp,0.038673,1.0,0.0503115475787334
database3/database3/m.012_53/112-FaceId-0_align.webp,0.081654,0.0,0.0520871143375679
database3/database3/m.012_53/73-FaceId-0_align.webp,0.056783,0.0,0.054753349675946
database3/database3/m.012_jj/10-FaceId-0_align.webp,0.005143,1.0,0.0556510481227445
database3/database3/m.012_jj/103-FaceId-0_align.webp,0.04174,1.0,0.0437059223961878
database3/database3/m.012_jj/83-FaceId-0_align.webp,0.123978,1.0,0.0554477844074314
database3/database3/m.012c6j/57-FaceId-0_align.webp,0.0,1.0,0.034708205353225
database3/database3/m.012c6x/43-FaceId-0_align.webp,0.000386,1.0,0.0712901845740128
database3/database3/m.012c8f/13-FaceId-0_align.webp,0.010098,1.0,0.082579254118519
database3/database3/m.012c8f/85-FaceId-0_align.webp,0.121074,1.0,0.1183257788742898
database3/database3/m.012ck8/1-FaceId-0_align.webp,0.250793,0.0,0.1070761802575106
database3/database3/m.012cm5/19-FaceId-0_align.webp,0.050828,1.0,0.0710223708969265
database3/database3/m.012cm5/75-FaceId-0_align.webp,0.032775,1.0,0.030753226231235
database3/database3/m.012cm5/90-FaceId-0_align.webp,0.082057,1.0,0.0734766090584028
database3/database3/m.012cnn/11-FaceId-0_align.webp,0.107545,0.0,0.061475910513858
database3/database3/m.012cph/108-FaceId-0_align.webp,0.01551,1.0,0.0559783966033964
database3/database3/m.012cph/17-FaceId-0_align.webp,0.005549,1.0,0.0824711985961698
database3/database3/m.012cph/68-FaceId-0_align.webp,0.017584,1.0,0.0743609858142118
database3/database3/m.012cyp/33-FaceId-0_align.webp,0.012748,0.0,0.0538958939540897
database3/database3/m.012cyp/43-FaceId-0_align.webp,0.207358,0.0,0.0581580336273844
database3/database3/m.012cyp/7-FaceId-0_align.webp,0.030272,0.0,0.0501905932984935
database3/database3/m.012czd/35-FaceId-0_align.webp,0.035058,0.0,0.0490203893913842
database3/database3/m.012czd/90-FaceId-0_align.webp,0.001711,0.0,0.0577334028275456
database3/database3/m.012dtw/86-FaceId-0_align.webp,0.075626,1.0,0.1137175360465628
database3/database3/m.012fgx/58-FaceId-0_align.webp,0.039289,1.0,0.0500303214069131
database3/database3/m.012g8l/75-FaceId-0_align.webp,0.015517,1.0,0.0812544017528757
database3/database3/m.012gbb/1-FaceId-0_align.webp,0.057132,0.0,0.0728429124265442
database3/database3/m.012gbb/104-FaceId-0_align.webp,0.023381,0.0,0.0530350650150982
database3/database3/m.012gbb/86-FaceId-0_align.webp,0.070682,0.0,0.0715657814571908
database3/database3/m.012gdw/54-FaceId-0_align.webp,0.06697,1.0,0.0495944174843257
database3/database3/m.012gl8/17-FaceId-0_align.webp,0.06567,0.0,0.0610103177357775
database3/database3/m.012gl8/38-FaceId-0_align.webp,0.063039,0.0,0.0580543272267844
database3/database3/m.012gq6/33-FaceId-0_align.webp,0.016946,1.0,0.0502350955452407
database3/database3/m.012gr9/29-FaceId-0_align.webp,0.156273,0.0,0.0834905660377358
database3/database3/m.012gx2/64-FaceId-0_align.webp,0.000577,1.0,0.0646570894073628
database3/database3/m.012gx2/77-FaceId-0_align.webp,0.126437,1.0,0.0811490303610954
database3/database3/m.012gx2/8-FaceId-0_align.webp,0.019361,1.0,0.0468736629790354
database3/database3/m.012gx2/99-FaceId-0_align.webp,0.025003,1.0,0.0755758314262786
database3/database3/m.012h65/109-FaceId-0_align.webp,0.210562,1.0,0.1878582042029291
database3/database3/m.012hqb/33-FaceId-0_align.webp,0.004406,1.0,0.077322200201436
database3/database3/m.012hr4/21-FaceId-0_align.webp,0.126033,1.0,0.0605837563451775
database3/database3/m.012hr4/67-FaceId-0_align.webp,0.183915,1.0,0.0582444846777978
database3/database3/m.012hr4/74-FaceId-0_align.webp,0.037244,1.0,0.0624276423926248
database3/database3/m.012hsb/101-FaceId-0_align.webp,0.192286,1.0,0.065004950872115
database3/database3/m.012hsb/74-FaceId-0_align.webp,0.057902,1.0,0.0672140139179321
database3/database3/m.012hz4/77-FaceId-0_align.webp,0.118119,0.0,0.0812960235640647
database3/database3/m.012j2r/108-FaceId-0_align.webp,0.027644,1.0,0.0525939122154989
database3/database3/m.012j2r/38-FaceId-0_align.webp,0.010758,1.0,0.0633745102144587
database3/database3/m.012j2r/9-FaceId-0_align.webp,0.029992,1.0,0.0504566078915627
database3/database3/m.012kdb/7-FaceId-0_align.webp,0.154185,0.0,0.0622348988591026
database3/database3/m.012kk4/31-FaceId-1_align.webp,0.026924,1.0,0.0558303886925794
database3/database3/m.012l22/20-FaceId-0_align.webp,0.182682,1.0,0.1535788313120175
database3/database3/m.012l22/56-FaceId-0_align.webp,0.079127,1.0,0.1202148826104257
database3/database3/m.012lyg/82-FaceId-0_align.webp,0.015571,1.0,0.0518435133475628
database3/database3/m.012m1c/109-FaceId-0_align.webp,0.052592,0.0,0.053712943938949
database3/database3/m.012m1c/113-FaceId-0_align.webp,0.018979,0.0,0.0548650834057081
database3/database3/m.012m1c/56-FaceId-0_align.webp,0.076711,0.0,0.0405492063492062
database3/database3/m.012m7r/99-FaceId-0_align.webp,0.002972,1.0,0.2352190217824941
database3/database3/m.012mh_/3-FaceId-0_align.webp,0.065168,1.0,0.0582014026573549
database3/database3/m.012mh_/6-FaceId-0_align.webp,0.002681,1.0,0.0540140321381226
database3/database3/m.012mk7/90-FaceId-0_align.webp,0.032433,1.0,0.0487561400728885
database3/database3/m.012ml0/96-FaceId-0_align.webp,0.031451,1.0,0.0541814495691839
database3/database3/m.012mmb/47-FaceId-0_align.webp,0.146313,0.0,0.0829281469475958
database3/database3/m.012mn4/43-FaceId-0_align.webp,0.005783,1.0,0.0588576186511239
database3/database3/m.012nry/108-FaceId-0_align.webp,0.006878,1.0,0.0440339913561499
database3/database3/m.012nry/28-FaceId-0_align.webp,0.006764,1.0,0.0992484555123875
database3/database3/m.012nry/3-FaceId-0_align.webp,0.008173,1.0,0.060351291512915
database3/database3/m.012nry/57-FaceId-0_align.webp,0.00436,1.0,0.0700541741908597
database3/database3/m.012pjh/2-FaceId-0_align.webp,0.0,1.0,0.0750676895306858
database3/database3/m.012q4n/50-FaceId-0_align.webp,0.004622,1.0,0.0987805730258559
database3/database3/m.012qfw/20-FaceId-1_align.webp,0.162552,0.0,0.0488528195987712
database3/database3/m.012qfw/41-FaceId-0_align.webp,0.211858,0.0,0.0491991467907697
database3/database3/m.012qgc/82-FaceId-0_align.webp,0.002042,1.0,0.0679864799613712
database3/database3/m.012rng/35-FaceId-0_align.webp,0.036379,1.0,0.1011175607152388
database3/database3/m.012rng/47-FaceId-0_align.webp,0.022161,1.0,0.2562792091072498
database3/database3/m.012rng/48-FaceId-0_align.webp,0.01786,1.0,0.0624385731629762
database3/database3/m.012rth/93-FaceId-0_align.webp,0.046323,1.0,0.2517283179664254
database3/database3/m.012s1x/11-FaceId-0_align.webp,0.049377,1.0,0.063109952253564
database3/database3/m.012s5j/122-FaceId-0_align.webp,0.205872,0.0,0.0761568436434486
database3/database3/m.012s9f/0-FaceId-0_align.webp,0.000412,1.0,0.0558290946083417
database3/database3/m.012st7/14-FaceId-0_align.webp,0.003821,1.0,0.1679565464356716
database3/database3/m.012t1d/17-FaceId-0_align.webp,0.167599,1.0,0.0610818078394869
database3/database3/m.012t1d/37-FaceId-0_align.webp,0.016467,1.0,0.0605749688585851
database3/database3/m.012t1d/80-FaceId-0_align.webp,0.014504,1.0,0.0949510152701
database3/database3/m.012t3l/22-FaceId-0_align.webp,0.012766,1.0,0.0
database3/database3/m.012t7s/3-FaceId-0_align.webp,0.014581,1.0,0.0582973416874504
database3/database3/m.012tmz/123-FaceId-0_align.webp,0.001629,1.0,0.0588731037803996
database3/database3/m.012v1t/29-FaceId-0_align.webp,0.118114,0.0,0.0556946224951082
database3/database3/m.012v1t/67-FaceId-0_align.webp,0.072956,0.0,0.0519187862561355
database3/database3/m.012v1t/93-FaceId-0_align.webp,0.033657,0.0,0.0556936023589437
database3/database3/m.012vby/3-FaceId-0_align.webp,0.002151,1.0,0.1292445727192872
database3/database3/m.012vby/36-FaceId-0_align.webp,0.0,1.0,0.0516608421266921
database3/database3/m.012vd6/49-FaceId-0_align.webp,0.124288,0.0,0.0734110925970006
database3/database3/m.012vd6/5-FaceId-0_align.webp,0.104381,0.0,0.0634354278497
database3/database3/m.012vd6/75-FaceId-1_align.webp,0.054381,0.0,0.1582648095318005
database3/database3/m.012vf6/90-FaceId-0_align.webp,0.069167,0.0,0.079083843701873
database3/database3/m.012vhn/10-FaceId-0_align.webp,0.009813,1.0,0.0518340599228056
database3/database3/m.012vhn/4-FaceId-0_align.webp,0.005793,1.0,0.0303722639399263
database3/database3/m.012vq0/30-FaceId-0_align.webp,0.028246,1.0,0.0570496639895098
database3/database3/m.012vq0/67-FaceId-0_align.webp,0.017872,1.0,0.0661156008972743
database3/database3/m.012vqh/80-FaceId-0_align.webp,0.078239,0.0,0.068002171973781
database3/database3/m.012w05/52-FaceId-0_align.webp,0.000408,1.0,0.096202445882313
database3/database3/m.012w3k/19-FaceId-0_align.webp,0.109411,1.0,0.1058106441514087
database3/database3/m.012w3k/33-FaceId-0_align.webp,0.07009,1.0,0.0645401653567417
database3/database3/m.012w3k/4-FaceId-0_align.webp,0.071086,1.0,0.0726894089646964
database3/database3/m.012wfh/73-FaceId-0_align.webp,0.055456,0.0,0.2050775882293795
database3/database3/m.012wfh/77-FaceId-0_align.webp,0.055,0.0,0.068735403346223
database3/database3/m.012wgv/56-FaceId-0_align.webp,0.072911,1.0,0.0713902983559974
database3/database3/m.012x2b/18-FaceId-0_align.webp,0.0,1.0,0.0724036517370258
database3/database3/m.012x2b/46-FaceId-0_align.webp,0.039092,1.0,0.0710510245623557
database3/database3/m.012x2b/54-FaceId-0_align.webp,0.049838,1.0,0.0544085631349781
database3/database3/m.012x2b/72-FaceId-0_align.webp,0.008788,1.0,0.0529061710279611
database3/database3/m.012x5/81-FaceId-0_align.webp,0.058123,0.0,0.0685625568009693
database3/database3/m.012xdy/81-FaceId-0_align.webp,0.012382,1.0,0.07436864750265
database3/database3/m.012xls/57-FaceId-0_align.webp,0.114584,1.0,0.4189227002448408
database3/database3/m.012xls/70-FaceId-0_align.webp,0.126797,1.0,0.0504498796096818
database3/database3/m.012xls/74-FaceId-0_align.webp,0.018384,1.0,0.1616303044833372
database3/database3/m.012y1h/86-FaceId-0_align.webp,0.123838,1.0,0.0725452609158678
database3/database3/m.012ycy/16-FaceId-0_align.webp,0.002336,1.0,0.07746912547274
database3/database3/m.012ycy/21-FaceId-0_align.webp,0.164069,1.0,0.0629318041343313
database3/database3/m.012ycy/73-FaceId-0_align.webp,0.017165,1.0,0.0829507589781561
database3/database3/m.012ycy/99-FaceId-0_align.webp,0.136797,1.0,0.0356695729935166
database3/database3/m.012yg1/19-FaceId-0_align.webp,0.003406,1.0,0.1118951547822717
database3/database3/m.012yg1/21-FaceId-0_align.webp,0.007301,1.0,0.0494646143550275
database3/database3/m.012yg1/66-FaceId-0_align.webp,0.007466,1.0,0.1069194889474751
database3/database3/m.012yhd/22-FaceId-0_align.webp,0.043044,1.0,0.0829692455721463
database3/database3/m.012yhd/41-FaceId-0_align.webp,0.014599,1.0,0.076857466515626
database3/database3/m.012yhd/87-FaceId-0_align.webp,0.016417,1.0,0.0812658313350669
database3/database3/m.012ysy/40-FaceId-0_align.webp,0.005784,1.0,0.0664812112367748
database3/database3/m.012yxk/51-FaceId-0_align.webp,0.111796,1.0,0.0877557148755676
database3/database3/m.012z8_/39-FaceId-0_align.webp,0.076699,1.0,0.0586103330746127
database3/database3/m.012zrl/119-FaceId-0_align.webp,0.19435,0.0,0.0450186353211008
database3/database3/m.012zrl/22-FaceId-0_align.webp,0.184216,0.0,0.0618173642903858
database3/database3/m.012zrl/34-FaceId-0_align.webp,0.221002,0.0,0.0924781536145837
database3/database3/m.01300z/111-FaceId-0_align.webp,0.011168,1.0,0.0564105067864464
database3/database3/m.01300z/46-FaceId-0_align.webp,0.004916,1.0,0.0634124751035375
database3/database3/m.01306d/26-FaceId-0_align.webp,0.043181,1.0,0.0737485176267653
database3/database3/m.0130py/108-FaceId-0_align.webp,0.041408,1.0,0.1449394728777198
database3/database3/m.0130py/9-FaceId-0_align.webp,0.045214,1.0,0.0594720544501332
database3/database3/m.0130sy/65-FaceId-0_align.webp,0.067207,1.0,0.0740141604538846
database3/database3/m.013107/34-FaceId-0_align.webp,0.131929,0.0,0.05983544216276
database3/database3/m.0131kb/28-FaceId-0_align.webp,0.0,1.0,0.0359038238702201
database3/database3/m.0131kb/47-FaceId-0_align.webp,0.0,1.0,0.0614351300799183
database3/database3/m.0131kb/76-FaceId-0_align.webp,0.081559,1.0,0.1140539241216297
database3/database3/m.013267/23-FaceId-0_align.webp,0.049038,1.0,0.0576362503892867
database3/database3/m.0132k4/103-FaceId-0_align.webp,0.076004,1.0,0.0993820023125074
database3/database3/m.0132k4/97-FaceId-0_align.webp,0.101202,1.0,0.07637773899554
database3/database3/m.0132kn/100-FaceId-0_align.webp,0.045478,1.0,0.0682483182025993
database3/database3/m.0132q1/29-FaceId-0_align.webp,0.017581,0.0,0.0611796982167351
database3/database3/m.013339/106-FaceId-0_align.webp,0.058305,1.0,0.0567152557154425
database3/database3/m.013339/23-FaceId-0_align.webp,0.255508,1.0,0.0895857362552862
database3/database3/m.013339/80-FaceId-0_align.webp,0.066481,1.0,0.0889259824494467
database3/database3/m.01338h/81-FaceId-0_align.webp,0.088482,0.0,0.0530096716721811
database3/database3/m.0133c4/15-FaceId-0_align.webp,0.207364,1.0,0.0560434101417707
database3/database3/m.0133x7/100-FaceId-0_align.webp,0.144974,0.0,0.05843066786463
database3/database3/m.0133yt/45-FaceId-0_align.webp,0.102482,1.0,0.0938635093601563
database3/database3/m.01341q/51-FaceId-0_align.webp,0.043853,1.0,0.1183219987635013
database3/database3/m.013423/105-FaceId-0_align.webp,0.016474,0.0,0.1141016094850792
database3/database3/m.013423/43-FaceId-0_align.webp,0.10846,0.0,0.0540967356007519
database3/database3/m.0134cp/27-FaceId-0_align.webp,0.030912,1.0,0.0812400040834381
database3/database3/m.0134cp/34-FaceId-1_align.webp,0.031754,1.0,0.0696932092381936
database3/database3/m.0134cp/53-FaceId-0_align.webp,0.019724,1.0,0.0629324003168734
database3/database3/m.0134dc/38-FaceId-0_align.webp,0.000768,1.0,0.0894668400520155
database3/database3/m.0134dc/73-FaceId-0_align.webp,0.003398,1.0,0.1319062810881272
database3/database3/m.0134fr/66-FaceId-0_align.webp,0.01299,1.0,0.0623722514710435
database3/database3/m.0134fr/82-FaceId-0_align.webp,0.004786,1.0,0.0780391767586525
database3/database3/m.0134wr/11-FaceId-2_align.webp,0.000566,1.0,0.0380581360503444
database3/database3/m.0134wr/30-FaceId-2_align.webp,0.080915,1.0,0.0517070619006102
database3/database3/m.0134wr/52-FaceId-2_align.webp,0.028557,1.0,0.0848918505571333
database3/database3/m.0134wr/65-FaceId-1_align.webp,0.001253,1.0,0.0508462772882791
database3/database3/m.0134wr/69-FaceId-2_align.webp,0.064238,1.0,0.0567994146545415
database3/database3/m.0134wr/89-FaceId-1_align.webp,0.188914,1.0,0.0341716430643234
database3/database3/m.0135nb/89-FaceId-0_align.webp,0.051256,1.0,0.0665161392908252
database3/database3/m.01368v/100-FaceId-0_align.webp,0.078994,0.0,0.0582750141857385
database3/database3/m.01368v/58-FaceId-0_align.webp,0.186435,0.0,0.056795897862315
database3/database3/m.01368v/59-FaceId-1_align.webp,0.101878,0.0,0.0508382449246887
database3/database3/m.0136ms/38-FaceId-0_align.webp,0.015722,1.0,0.0617033674783781
database3/database3/m.0136p1/103-FaceId-0_align.webp,0.341015,0.0,0.0898947127489127
database3/database3/m.0136p1/13-FaceId-0_align.webp,0.259257,0.0,0.0691752577319587
database3/database3/m.0136p1/66-FaceId-0_align.webp,0.075301,0.0,0.0564360830374213
database3/database3/m.0136pk/68-FaceId-0_align.webp,0.195786,1.0,0.0782063645130183
database3/database3/m.0136pk/87-FaceId-0_align.webp,0.172482,1.0,0.0706471558120362
database3/database3/m.0136tm/24-FaceId-0_align.webp,0.011359,1.0,0.0621591491156707
database3/database3/m.0137s4/92-FaceId-0_align.webp,0.014219,1.0,0.4399435309749211
database3/database3/m.01380_/30-FaceId-0_align.webp,0.062935,1.0,0.110169661680554
database3/database3/m.01380_/84-FaceId-0_align.webp,0.019541,1.0,0.0666459148582947
database3/database3/m.013823/15-FaceId-0_align.webp,0.004502,1.0,0.0555947319298972
database3/database3/m.013823/5-FaceId-0_align.webp,0.029677,1.0,0.0468995734555899
database3/database3/m.013846/35-FaceId-0_align.webp,0.005272,1.0,0.0677455030413426
database3/database3/m.013846/71-FaceId-0_align.webp,0.036782,1.0,0.0669392483559915
database3/database3/m.01386_/97-FaceId-0_align.webp,0.01382,1.0,0.0572348459308204
database3/database3/m.01386m/93-FaceId-0_align.webp,0.049853,1.0,0.0772657691250931
database3/database3/m.01387g/36-FaceId-0_align.webp,0.020561,1.0,0.0618899635325827
database3/database3/m.01387g/90-FaceId-0_align.webp,0.00159,1.0,0.0501117284696218
database3/database3/m.01387y/2-FaceId-0_align.webp,0.062856,1.0,0.0731662997518956
database3/database3/m.01387y/32-FaceId-0_align.webp,0.048091,1.0,0.0760731239268759
database3/database3/m.01387y/46-FaceId-0_align.webp,0.0006,1.0,0.053905953080192
database3/database3/m.01388c/29-FaceId-0_align.webp,0.136546,1.0,0.0726403261210409
database3/database3/m.01388c/82-FaceId-0_align.webp,0.007483,1.0,0.0726259658982053
database3/database3/m.01388c/92-FaceId-0_align.webp,0.007604,1.0,0.0595011729843189
database3/database3/m.01389w/75-FaceId-1_align.webp,0.011085,1.0,0.0455432828153094
database3/database3/m.01389w/76-FaceId-0_align.webp,0.018887,1.0,0.0624684305472037
database3/database3/m.0138b7/49-FaceId-0_align.webp,0.173256,1.0,0.0559609096586942
database3/database3/m.0138b7/63-FaceId-0_align.webp,0.091583,1.0,0.1548150535901361
database3/database3/m.0138m1/11-FaceId-0_align.webp,0.033355,1.0,0.073173611111111
database3/database3/m.0138m1/60-FaceId-0_align.webp,0.027664,1.0,0.0491641510046417
database3/database3/m.0139rh/103-FaceId-0_align.webp,0.008771,1.0,0.0549386305898196
database3/database3/m.0139rh/5-FaceId-0_align.webp,0.009412,1.0,0.0473414718815088
database3/database3/m.013_4m/89-FaceId-0_align.webp,0.106225,1.0,0.0486376320822749
database3/database3/m.013_gz/96-FaceId-0_align.webp,0.14677,0.0,0.0613222361809044
database3/database3/m.013_tp/47-FaceId-0_align.webp,0.000171,1.0,0.0772652267976971
database3/database3/m.013b7z/45-FaceId-0_align.webp,0.025843,1.0,0.0683769502548227
database3/database3/m.013bym/61-FaceId-0_align.webp,0.110889,0.0,0.0590122657458364
database3/database3/m.013bym/65-FaceId-0_align.webp,0.249006,0.0,0.0524288107202678
database3/database3/m.013bym/66-FaceId-0_align.webp,0.288548,0.0,0.0731039780077618
database3/database3/m.013bym/71-FaceId-0_align.webp,0.115164,0.0,0.0569967130775196
database3/database3/m.013m5y/73-FaceId-0_align.webp,0.0,1.0,0.0726995859425793
database3/database3/m.013p_0/60-FaceId-0_align.webp,0.015459,1.0,0.0
database3/database3/m.013p_j/3-FaceId-0_align.webp,0.046784,1.0,0.0682038834951456
database3/database3/m.013p_j/43-FaceId-0_align.webp,0.026287,1.0,0.0619191405505052
database3/database3/m.013p_w/1-FaceId-0_align.webp,0.045903,0.0,0.0718489439704116
database3/database3/m.013p_w/90-FaceId-1_align.webp,0.028906,0.0,0.0811449651591747
database3/database3/m.013pp3/83-FaceId-0_align.webp,0.052247,1.0,0.0919168045379342
database3/database3/m.013ppl/76-FaceId-0_align.webp,0.018885,1.0,0.0627405828002841
database3/database3/m.013q78/86-FaceId-0_align.webp,0.03,1.0,0.0663956018783643
database3/database3/m.013q8x/26-FaceId-0_align.webp,0.110943,1.0,0.0711432435243939
database3/database3/m.013q8x/42-FaceId-0_align.webp,0.056383,1.0,0.0568410744264128
database3/database3/m.013q8x/99-FaceId-0_align.webp,0.005069,1.0,0.0667448448113063
database3/database3/m.013qb0/82-FaceId-0_align.webp,0.080376,1.0,0.0754251534461862
database3/database3/m.013qb0/94-FaceId-0_align.webp,0.14541,1.0,0.0641674032512201
database3/database3/m.013qjp/42-FaceId-0_align.webp,0.027503,1.0,0.0598806563898556
database3/database3/m.013qjp/83-FaceId-0_align.webp,0.014,1.0,0.0676577143028233
database3/database3/m.013qpt/31-FaceId-0_align.webp,0.020067,1.0,0.0595236460978789
database3/database3/m.013qq4/70-FaceId-0_align.webp,0.020855,1.0,0.0575988960441581
database3/database3/m.013qwl/61-FaceId-0_align.webp,0.006336,1.0,0.0602891979319306
database3/database3/m.013qwy/18-FaceId-0_align.webp,0.050242,1.0,0.0595397795191923
database3/database3/m.013qy3/30-FaceId-0_align.webp,0.004735,1.0,0.1134500537853776
database3/database3/m.013qy3/92-FaceId-0_align.webp,0.026678,1.0,0.0594522840735289
database3/database3/m.013qyh/56-FaceId-1_align.webp,0.057576,1.0,0.1530616086976984
database3/database3/m.013r6h/27-FaceId-0_align.webp,0.054123,1.0,0.0363127952945713
database3/database3/m.013r6h/46-FaceId-0_align.webp,0.123792,1.0,0.25740929622614
database3/database3/m.013s1b/47-FaceId-0_align.webp,0.148289,1.0,0.0680181391952652
database3/database3/m.013s1t/21-FaceId-0_align.webp,0.005317,1.0,0.0654654654654653
database3/database3/m.013s3/75-FaceId-0_align.webp,0.061568,1.0,0.1241320089119939
database3/database3/m.013s6x/6-FaceId-0_align.webp,0.031839,1.0,0.0572905514942035
database3/database3/m.013s8s/33-FaceId-0_align.webp,0.074629,0.0,0.0524359437026343
database3/database3/m.013sjh/7-FaceId-0_align.webp,0.189385,1.0,0.0883910846417612
database3/database3/m.013t9y/12-FaceId-0_align.webp,0.013435,1.0,0.0961438657896324
database3/database3/m.013tjc/54-FaceId-0_align.webp,0.0,1.0,0.0658054753060943
database3/database3/m.013tjc/56-FaceId-0_align.webp,0.015964,1.0,0.0629427697069893
database3/database3/m.013v12/3-FaceId-0_align.webp,0.018587,1.0,0.0622576928290631
database3/database3/m.013v12/7-FaceId-0_align.webp,0.019979,1.0,0.0702818695315094
database3/database3/m.013v5j/57-FaceId-0_align.webp,0.119854,0.0,0.0523459184697187
database3/database3/m.013vdl/109-FaceId-0_align.webp,0.167747,0.0,0.0455278861219454
database3/database3/m.013vdl/32-FaceId-0_align.webp,0.021263,0.0,0.0540334669154761
database3/database3/m.013vtr/20-FaceId-0_align.webp,0.015954,1.0,0.0614596712047263
database3/database3/m.013w7j/20-FaceId-0_align.webp,0.009375,1.0,0.1053872889771598
database3/database3/m.013w7j/32-FaceId-0_align.webp,0.001151,1.0,0.0670699091926856
database3/database3/m.013w7j/64-FaceId-0_align.webp,0.008592,1.0,0.1132859999183905
database3/database3/m.013w8h/4-FaceId-0_align.webp,0.094597,1.0,0.0585649441340781
database3/database3/m.013wt0/40-FaceId-1_align.webp,0.123008,0.0,0.0629296033343928
database3/database3/m.013wz9/26-FaceId-0_align.webp,0.18678,0.0,0.0603165033911077
database3/database3/m.013wz9/73-FaceId-0_align.webp,0.219059,0.0,0.0605833379279924
database3/database3/m.013xhr/100-FaceId-0_align.webp,0.00219,1.0,0.0874046189846371
database3/database3/m.013xhr/23-FaceId-0_align.webp,0.015916,1.0,0.0636817209874942
database3/database3/m.013xhr/24-FaceId-0_align.webp,0.064866,1.0,0.0557065753965641
database3/database3/m.013xhr/33-FaceId-0_align.webp,0.013765,1.0,0.1304514657079645
database3/database3/m.013xhr/42-FaceId-0_align.webp,0.02596,1.0,0.0961367399279289
database3/database3/m.013xs1/10-FaceId-0_align.webp,0.059547,1.0,0.0488964346349744
database3/database3/m.013y2b/23-FaceId-0_align.webp,0.154363,0.0,0.0572247665067973
database3/database3/m.013y2b/32-FaceId-0_align.webp,0.092369,0.0,0.052203333883479
database3/database3/m.013y2b/66-FaceId-0_align.webp,0.108782,0.0,0.0552830123677954
database3/database3/m.013y2s/40-FaceId-0_align.webp,0.026989,0.0,0.0539712861534787
database3/database3/m.013y2s/73-FaceId-0_align.webp,0.075667,0.0,0.0591965232864522
database3/database3/m.013yd0/51-FaceId-0_align.webp,0.167678,0.0,0.0594087282965743
database3/database3/m.013yd0/92-FaceId-0_align.webp,0.096098,0.0,0.0512397762906927
database3/database3/m.013ykk/37-FaceId-0_align.webp,0.042458,0.0,0.0656553911205072
database3/database3/m.013ykx/9-FaceId-0_align.webp,0.117351,0.0,0.05812796912114
database3/database3/m.013ylm/42-FaceId-0_align.webp,0.120671,0.0,0.0677736820141882
database3/database3/m.013ylm/97-FaceId-0_align.webp,0.133134,0.0,0.0657884879510549
database3/database3/m.013yvd/37-FaceId-0_align.webp,0.027946,1.0,0.0493060897929038
database3/database3/m.013yvd/75-FaceId-0_align.webp,0.027604,1.0,0.0558408098933073
database3/database3/m.013yyq/27-FaceId-0_align.webp,0.014857,1.0,0.078666814224583
database3/database3/m.013yyq/44-FaceId-0_align.webp,0.06122,1.0,0.067111315547378
database3/database3/m.013yyq/48-FaceId-0_align.webp,0.11735,1.0,0.0863779054234569
database3/database3/m.013zjz/16-FaceId-0_align.webp,0.071353,1.0,0.0812462651882344
database3/database3/m.013zm7/89-FaceId-0_align.webp,0.144683,1.0,0.0752311248073958
database3/database3/m.013zpf/72-FaceId-0_align.webp,0.0,0.0,0.2427723199827269
database3/database3/m.013zpf/88-FaceId-0_align.webp,0.169008,0.0,0.0588170945157525
database3/database3/m.013zr7/15-FaceId-0_align.webp,0.062795,1.0,0.0556093108169784
database3/database3/m.013zs9/83-FaceId-0_align.webp,0.33489,0.0,0.076183487975762
database3/database3/m.013zyw/16-FaceId-0_align.webp,0.043076,1.0,0.0485545584753441
database3/database3/m.013zyw/19-FaceId-0_align.webp,0.020445,1.0,0.0445319237724299
database3/database3/m.013zyw/21-FaceId-0_align.webp,0.01715,1.0,0.0481840332521139
database3/database3/m.01400g/101-FaceId-0_align.webp,0.057026,0.0,0.0786505605979711
database3/database3/m.01400g/117-FaceId-0_align.webp,0.219786,0.0,0.0852653888684112
database3/database3/m.01400g/31-FaceId-0_align.webp,0.04717,0.0,0.0568468032106282
database3/database3/m.01400g/47-FaceId-0_align.webp,0.103943,0.0,0.059256838458773
database3/database3/m.014029/72-FaceId-0_align.webp,0.164078,0.0,0.0620213506614062
database3/database3/m.0140ly/8-FaceId-0_align.webp,0.018837,1.0,0.0514411274435519
database3/database3/m.0140v2/84-FaceId-0_align.webp,0.185102,1.0,0.1818322484259949
database3/database3/m.0141qv/12-FaceId-0_align.webp,0.026897,1.0,0.0581679622008839
database3/database3/m.0142n8/3-FaceId-0_align.webp,0.193323,1.0,0.046678365505139
database3/database3/m.0142n8/5-FaceId-0_align.webp,0.020679,1.0,0.0704524730371348
database3/database3/m.0142sv/3-FaceId-0_align.webp,0.0,1.0,0.0395393825320889
database3/database3/m.0142sv/32-FaceId-0_align.webp,0.0,1.0,0.043947459602482
database3/database3/m.01433m/64-FaceId-0_align.webp,0.03742,0.0,0.1042051791307004
database3/database3/m.0143sn/66-FaceId-0_align.webp,0.02374,1.0,0.0649841454733707
database3/database3/m.0143wl/30-FaceId-0_align.webp,0.034923,1.0,0.0705962101371128
database3/database3/m.0143wl/81-FaceId-0_align.webp,0.051966,1.0,0.0751655956500246
database3/database3/m.014488/3-FaceId-0_align.webp,0.020128,1.0,0.0532563083981424
database3/database3/m.01449w/57-FaceId-0_align.webp,0.017199,1.0,0.1234669888330175
database3/database3/m.01449w/80-FaceId-0_align.webp,0.016942,1.0,0.0862168005937973
database3/database3/m.01449w/99-FaceId-0_align.webp,0.011762,1.0,0.1013618545552851
database3/database3/m.0144_b/77-FaceId-0_align.webp,0.037923,1.0,0.0534607243309072
database3/database3/m.0144_b/99-FaceId-0_align.webp,0.002226,1.0,0.058932213192098
database3/database3/m.0144k5/45-FaceId-0_align.webp,0.060457,0.0,0.057800543461286
database3/database3/m.0144k5/53-FaceId-0_align.webp,0.099321,0.0,0.0663258575197888
database3/database3/m.0144k5/58-FaceId-0_align.webp,0.088277,0.0,0.0548982680343029
database3/database3/m.0144k5/85-FaceId-0_align.webp,0.078258,0.0,0.0725803529369133
database3/database3/m.014508/74-FaceId-0_align.webp,0.033711,1.0,0.0590344465930319
database3/database3/m.0146fs/16-FaceId-0_align.webp,0.00871,1.0,0.0630042098348908
database3/database3/m.0147cn/44-FaceId-0_align.webp,0.171045,1.0,0.0704595801540137
database3/database3/m.0147cn/79-FaceId-0_align.webp,0.059428,1.0,0.079662251655629
database3/database3/m.0147jt/99-FaceId-0_align.webp,0.019999,1.0,0.0655860104135965
database3/database3/m.0147qz/78-FaceId-0_align.webp,0.010623,1.0,0.067690173131447
database3/database3/m.01480y/76-FaceId-0_align.webp,0.0,1.0,0.0479243642686372
database3/database3/m.0148_m/52-FaceId-0_align.webp,0.01178,1.0,0.0640837448420482
database3/database3/m.0148m9/58-FaceId-0_align.webp,0.040365,1.0,0.0569482711785477
database3/database3/m.0148qq/63-FaceId-1_align.webp,0.082134,1.0,0.0543536127770115
database3/database3/m.0148x0/17-FaceId-0_align.webp,0.195787,0.0,0.0687638102125265
database3/database3/m.014902/18-FaceId-0_align.webp,0.02167,1.0,0.0687927616855296
database3/database3/m.01491d/96-FaceId-0_align.webp,0.018562,1.0,0.0525515548771361
database3/database3/m.014936/66-FaceId-0_align.webp,0.009581,0.0,0.0611787917697534
database3/database3/m.0149k5/29-FaceId-0_align.webp,0.022158,1.0,0.0594713365273417
database3/database3/m.0149k5/81-FaceId-0_align.webp,0.042078,1.0,0.1586785325565016
database3/database3/m.0149vp/23-FaceId-0_align.webp,0.153482,1.0,0.0
database3/database3/m.0149vp/3-FaceId-0_align.webp,0.055794,1.0,0.060004141787181
database3/database3/m.0149vp/63-FaceId-0_align.webp,0.126629,1.0,0.0686518582108236
database3/database3/m.0149wl/102-FaceId-0_align.webp,0.022928,1.0,0.0934205311137534
database3/database3/m.0149wl/45-FaceId-0_align.webp,0.024169,1.0,0.1096566054243218
database3/database3/m.0149xx/94-FaceId-0_align.webp,0.042337,1.0,0.0974113190219262
database3/database3/m.014_1g/72-FaceId-0_align.webp,0.019311,0.0,0.0601919754271452
database3/database3/m.014_1g/8-FaceId-0_align.webp,0.209769,0.0,0.0739154195392634
database3/database3/m.014_4y/6-FaceId-0_align.webp,0.048047,1.0,0.05996935015814
database3/database3/m.014_sl/106-FaceId-0_align.webp,0.23715,0.0,0.0726483269569441
database3/database3/m.014_sl/74-FaceId-0_align.webp,0.390836,0.0,0.0562863765130053
database3/database3/m.014bn_/16-FaceId-0_align.webp,0.037637,1.0,0.0559085555522
database3/database3/m.014bn_/85-FaceId-1_align.webp,0.012813,1.0,0.0601358566682486
database3/database3/m.014bps/75-FaceId-0_align.webp,0.000105,1.0,0.0754902599517883
database3/database3/m.014byr/85-FaceId-0_align.webp,0.140079,1.0,0.0681177654755912
database3/database3/m.014bz_/33-FaceId-0_align.webp,0.044503,1.0,0.0697676685621444
database3/database3/m.014c0y/76-FaceId-0_align.webp,0.175143,1.0,0.0660061613357166
database3/database3/m.014c40/62-FaceId-0_align.webp,0.041412,1.0,0.1031459056651705
database3/database3/m.014c40/70-FaceId-0_align.webp,0.059838,1.0,0.0580702639099007
database3/database3/m.014cq/6-FaceId-0_align.webp,0.092137,1.0,0.0510847413056339
database3/database3/m.014cq/86-FaceId-0_align.webp,0.009035,1.0,0.1062626173966469
database3/database3/m.014cw2/26-FaceId-0_align.webp,0.010138,1.0,0.0549288150273371
database3/database3/m.014cw2/50-FaceId-0_align.webp,0.006571,1.0,0.0573810309154696
database3/database3/m.014d0v/117-FaceId-0_align.webp,0.00171,1.0,0.0636438582028028
database3/database3/m.014d0v/5-FaceId-0_align.webp,0.0,1.0,0.0425326650635917
database3/database3/m.014d0v/76-FaceId-0_align.webp,0.001899,1.0,0.0572119380430675
database3/database3/m.014d15/7-FaceId-0_align.webp,0.067756,1.0,0.0717708902239212
database3/database3/m.014d3/12-FaceId-0_align.webp,0.002261,1.0,0.058294628271245
database3/database3/m.014d3/72-FaceId-0_align.webp,0.018566,1.0,0.0535745807590467
database3/database3/m.014d3y/82-FaceId-0_align.webp,0.033512,0.0,0.6621621621621621
database3/database3/m.014dg1/103-FaceId-0_align.webp,0.026524,1.0,0.056358325844139
database3/database3/m.014dg1/51-FaceId-0_align.webp,0.001679,1.0,0.0725544567686755
database3/database3/m.014dg1/65-FaceId-0_align.webp,0.0,1.0,0.0423695652173912
database3/database3/m.014dg1/7-FaceId-0_align.webp,0.01106,1.0,0.0698984360396285
database3/database3/m.014dg1/86-FaceId-0_align.webp,0.019596,1.0,0.0661892455708813
database3/database3/m.014dm6/105-FaceId-0_align.webp,0.23153,1.0,0.0622790716065003
database3/database3/m.014dy_/50-FaceId-0_align.webp,0.069776,1.0,0.0379776464392298
database3/database3/m.014dy_/73-FaceId-0_align.webp,0.01239,1.0,0.0527612382538024
database3/database3/m.014f8k/25-FaceId-0_align.webp,0.24634,0.0,0.0532658036314727
database3/database3/m.014f8k/9-FaceId-0_align.webp,0.182534,0.0,0.0597193689677893
database3/database3/m.014fcb/0-FaceId-0_align.webp,0.028343,1.0,0.0608107670904913
database3/database3/m.014fd7/98-FaceId-0_align.webp,0.096652,1.0,0.0597925464310605
database3/database3/m.014g17/1-FaceId-0_align.webp,0.005705,1.0,0.0692725228842137
database3/database3/m.014g17/9-FaceId-0_align.webp,0.079641,1.0,0.0758191653786706
database3/database3/m.014g22/90-FaceId-0_align.webp,0.35161,0.0,0.0815033048111901
database3/database3/m.014g6c/86-FaceId-0_align.webp,0.02888,1.0,0.0637259685761685
database3/database3/m.014g6v/43-FaceId-0_align.webp,0.001902,1.0,0.0565525459757157
database3/database3/m.014g79/86-FaceId-0_align.webp,0.049609,1.0,0.0668756593820647
database3/database3/m.014g8p/48-FaceId-0_align.webp,0.000256,1.0,0.0834753600211387
database3/database3/m.014g9y/12-FaceId-0_align.webp,0.038159,0.0,0.0621846846846846
database3/database3/m.014g_f/26-FaceId-0_align.webp,0.000817,1.0,0.0353208036292935
database3/database3/m.014g_f/35-FaceId-0_align.webp,0.001771,1.0,0.0586559091046443
database3/database3/m.014gf8/102-FaceId-0_align.webp,0.00204,1.0,0.2359185613562544
database3/database3/m.014gf8/28-FaceId-0_align.webp,0.018311,1.0,0.0473816345216646
database3/database3/m.014gf8/69-FaceId-0_align.webp,0.050273,1.0,0.0622213375796177
database3/database3/m.014gf8/9-FaceId-0_align.webp,0.034223,1.0,0.0600384997142598
database3/database3/m.014gsd/79-FaceId-0_align.webp,0.118598,1.0,0.0697599307428494
database3/database3/m.014h_s/80-FaceId-0_align.webp,0.173494,0.0,0.0644576957695769
database3/database3/m.014hlm/54-FaceId-0_align.webp,0.078394,0.0,0.0571887251588481
database3/database3/m.014hmv/53-FaceId-1_align.webp,0.0,1.0,0.066664431780087
database3/database3/m.014j8m/72-FaceId-0_align.webp,0.0057,1.0,0.0702162767399374
database3/database3/m.014jb8/10-FaceId-0_align.webp,0.009911,1.0,0.1250989189020779
database3/database3/m.014jk0/16-FaceId-0_align.webp,0.026202,1.0,0.1562843151802937
database3/database3/m.014jk0/61-FaceId-0_align.webp,0.011335,1.0,0.7188498402555911
database3/database3/m.014jk0/74-FaceId-0_align.webp,0.003357,1.0,0.2382079174610294
database3/database3/m.014jxq/20-FaceId-0_align.webp,0.165895,0.0,0.0651129607609987
database3/database3/m.014jxq/43-FaceId-0_align.webp,0.136492,0.0,0.0452342214087179
database3/database3/m.014jy6/23-FaceId-0_align.webp,0.150311,1.0,0.1273518540598543
database3/database3/m.014jy6/50-FaceId-0_align.webp,0.042148,1.0,0.0620292248590815
database3/database3/m.014jy6/97-FaceId-0_align.webp,0.061362,1.0,0.1219854591751263
database3/database3/m.014k1v/95-FaceId-3_align.webp,0.133686,1.0,0.100621038204557
database3/database3/m.014k2p/25-FaceId-0_align.webp,0.315824,1.0,0.0693691162006462
database3/database3/m.014kbz/16-FaceId-0_align.webp,0.028027,1.0,0.0636054097056482
database3/database3/m.014kbz/22-FaceId-0_align.webp,0.028933,1.0,0.065450433725993
database3/database3/m.014kbz/81-FaceId-0_align.webp,0.006506,1.0,0.0659415764640576
database3/database3/m.014kxv/1-FaceId-0_align.webp,0.013313,1.0,0.0558762557805771
database3/database3/m.014kxv/11-FaceId-0_align.webp,0.053384,1.0,0.0492429456297315
database3/database3/m.014lb1/14-FaceId-2_align.webp,0.000111,0.0,0.0621917808219177
database3/database3/m.014lb1/47-FaceId-0_align.webp,0.167631,0.0,0.054974425473669
database3/database3/m.014lb1/62-FaceId-1_align.webp,0.053145,0.0,0.0512797193711834
database3/database3/m.014lyb/65-FaceId-0_align.webp,0.056831,1.0,0.0493246809699753
database3/database3/m.014m_1/70-FaceId-0_align.webp,0.018552,1.0,0.0578494947971647
database3/database3/m.014mvy/17-FaceId-0_align.webp,0.196734,1.0,0.0918746273741589
database3/database3/m.014mvy/58-FaceId-0_align.webp,0.218895,1.0,0.100529071670121
database3/database3/m.014n_k/48-FaceId-0_align.webp,0.006557,1.0,0.0635524940033212
database3/database3/m.014n_k/70-FaceId-0_align.webp,0.029858,1.0,0.0488207683838441
database3/database3/m.014nfw/87-FaceId-0_align.webp,0.123499,0.0,0.0563887394656624
database3/database3/m.014p33/83-FaceId-2_align.webp,0.084076,0.0,0.0520501625028724
database3/database3/m.014p33/87-FaceId-0_align.webp,0.07546,0.0,0.0602656215980839
database3/database3/m.014ptb/14-FaceId-1_align.webp,0.016295,1.0,0.0515832991262533
database3/database3/m.014ptb/5-FaceId-0_align.webp,0.001038,1.0,0.113659980043354
database3/database3/m.014ptb/50-FaceId-0_align.webp,0.185526,1.0,0.0615403543307085
database3/database3/m.014pxk/118-FaceId-0_align.webp,0.227914,1.0,0.1531402076867072
database3/database3/m.014pys/19-FaceId-0_align.webp,0.047245,1.0,0.1090364174943369
database3/database3/m.014pzz/110-FaceId-0_align.webp,0.13041,0.0,0.0539767268068751
database3/database3/m.014qjt/47-FaceId-0_align.webp,0.002851,1.0,0.0673650025471216
database3/database3/m.014r6r/81-FaceId-0_align.webp,0.091441,0.0,0.0530305275637224
database3/database3/m.014s81/3-FaceId-0_align.webp,0.077926,1.0,0.0777447032043423
database3/database3/m.014sj7/7-FaceId-0_align.webp,0.074577,1.0,0.0781982708089096
database3/database3/m.014skb/4-FaceId-0_align.webp,0.096076,0.0,0.0593169212805292
database3/database3/m.014skb/53-FaceId-0_align.webp,0.075066,0.0,0.0603556593085927
database3/database3/m.014skb/55-FaceId-0_align.webp,0.080414,0.0,0.0628595979974593
database3/database3/m.014v1q/8-FaceId-1_align.webp,0.038359,1.0,0.0777430315422315
database3/database3/m.014v6x/16-FaceId-0_align.webp,0.159906,0.0,0.0548550908629257
database3/database3/m.014v6x/20-FaceId-0_align.webp,0.306955,0.0,0.064212064287205
database3/database3/m.014v6x/88-FaceId-0_align.webp,0.075191,0.0,0.0464813205907905
database3/database3/m.014vbq/60-FaceId-0_align.webp,0.005701,1.0,0.0
database3/database3/m.014vnb/46-FaceId-0_align.webp,0.027126,1.0,0.0604738196277607
database3/database3/m.014vnb/51-FaceId-0_align.webp,0.043084,1.0,0.0658433197348291
database3/database3/m.014vtj/100-FaceId-0_align.webp,0.000679,1.0,0.0637712057990435
database3/database3/m.014wsb/38-FaceId-0_align.webp,0.106862,1.0,0.0610399534240593
database3/database3/m.014x0w/28-FaceId-0_align.webp,0.353028,0.0,0.1527181299266104
database3/database3/m.014x0w/74-FaceId-0_align.webp,0.177523,0.0,0.0584869751397644
database3/database3/m.014x0w/96-FaceId-0_align.webp,0.217684,0.0,0.0648063433973771
database3/database3/m.014xn7/100-FaceId-0_align.webp,0.007084,1.0,0.0517395431953984
database3/database3/m.014xn7/42-FaceId-0_align.webp,0.003105,1.0,0.0622330601408287
database3/database3/m.014xr2/5-FaceId-0_align.webp,0.387134,0.0,0.0878050552004648
database3/database3/m.014xr2/87-FaceId-0_align.webp,0.341771,0.0,0.0759444797419481
database3/database3/m.014xzx/93-FaceId-0_align.webp,0.351892,1.0,0.0809981176697716
database3/database3/m.014y6/74-FaceId-0_align.webp,0.012495,1.0,0.0601833866544789
database3/database3/m.014y6/95-FaceId-0_align.webp,0.006882,1.0,0.0675752879326585
database3/database3/m.014y7g/1-FaceId-0_align.webp,0.005692,1.0,0.0645183417834773
database3/database3/m.014z8v/77-FaceId-0_align.webp,0.004141,1.0,0.0610877252062635
database3/database3/m.014zfs/76-FaceId-0_align.webp,0.024924,1.0,0.0648039395607756
database3/database3/m.014zxh/99-FaceId-0_align.webp,0.008633,1.0,0.1399985727538713
database3/database3/m.014zy/105-FaceId-0_align.webp,0.175949,1.0,0.0800822410691337
database3/database3/m.014zy/22-FaceId-0_align.webp,0.048224,1.0,0.0708930911814266
database3/database3/m.014zy/56-FaceId-0_align.webp,0.135716,1.0,0.1552975326560232
database3/database3/m.015076/99-FaceId-0_align.webp,0.0064,1.0,0.1155549746041229
database3/database3/m.01507p/0-FaceId-0_align.webp,0.067522,1.0,0.0664526064021492
database3/database3/m.01509x/60-FaceId-0_align.webp,0.015557,1.0,0.0638643168209036
database3/database3/m.0150bp/103-FaceId-0_align.webp,0.041675,0.0,0.0532429084977191
database3/database3/m.0150j5/31-FaceId-0_align.webp,0.003889,1.0,0.0509498934835263
database3/database3/m.0150j5/4-FaceId-0_align.webp,0.006229,1.0,0.0546124818577648
database3/database3/m.0150j5/71-FaceId-0_align.webp,0.062123,1.0,0.0618885430735803
database3/database3/m.0150j5/81-FaceId-0_align.webp,0.001136,1.0,0.0405366896224173
database3/database3/m.0150j5/86-FaceId-0_align.webp,0.002669,1.0,0.0539734822051638
database3/database3/m.0150m1/111-FaceId-0_align.webp,0.023781,1.0,0.0703821151101949
database3/database3/m.0150m1/13-FaceId-0_align.webp,0.071346,1.0,0.0592686326291079
database3/database3/m.0150mg/0-FaceId-0_align.webp,0.057671,1.0,0.214581852641554
database3/database3/m.0150mg/69-FaceId-0_align.webp,0.220147,1.0,0.0801983584131326
database3/database3/m.0150mg/88-FaceId-0_align.webp,0.14546,1.0,0.1086783117932147
database3/database3/m.0150mg/97-FaceId-0_align.webp,0.078806,1.0,0.0667512492192378
database3/database3/m.0150rl/42-FaceId-0_align.webp,0.016396,0.0,0.0522211287202632
database3/database3/m.0150t6/36-FaceId-0_align.webp,0.017669,1.0,0.0544250250473114
database3/database3/m.0150t6/41-FaceId-0_align.webp,0.022058,1.0,0.0484384257300042
database3/database3/m.0150t6/63-FaceId-0_align.webp,0.015119,1.0,0.0636943223916601
database3/database3/m.01519n/21-FaceId-0_align.webp,0.389316,0.0,0.1021328690353119
database3/database3/m.01519n/69-FaceId-0_align.webp,0.017235,0.0,0.0626336683237366
database3/database3/m.0151fv/54-FaceId-0_align.webp,0.017876,0.0,0.0525310906906516
database3/database3/m.0151fv/90-FaceId-0_align.webp,0.296844,0.0,0.0670789815661548
database3/database3/m.0151fv/94-FaceId-0_align.webp,0.121468,0.0,0.0898940211957607
database3/database3/m.0151n1/16-FaceId-0_align.webp,0.044648,1.0,0.0624363506632503
database3/database3/m.0151n1/26-FaceId-0_align.webp,0.101903,1.0,0.0655968014085539
database3/database3/m.0151n1/29-FaceId-0_align.webp,0.049938,1.0,0.0819325599485912
database3/database3/m.0151n1/36-FaceId-0_align.webp,0.038201,1.0,0.0747351397735898
database3/database3/m.0151n1/53-FaceId-0_align.webp,0.021607,1.0,0.0846518069960703
database3/database3/m.0151p8/29-FaceId-0_align.webp,0.003452,1.0,0.046150488350521
database3/database3/m.0151xv/30-FaceId-0_align.webp,0.007121,1.0,0.0616200156372164
database3/database3/m.0151xv/44-FaceId-0_align.webp,0.021629,1.0,0.0645320197044333
database3/database3/m.0151xv/88-FaceId-0_align.webp,0.006779,1.0,0.0719510559839087
database3/database3/m.0151zx/92-FaceId-0_align.webp,0.043036,1.0,0.1015508800777308
database3/database3/m.0152cw/42-FaceId-0_align.webp,0.083199,0.0,0.0547923322683705
database3/database3/m.0152xn/72-FaceId-0_align.webp,0.043462,1.0,0.07821000835577
database3/database3/m.015302/4-FaceId-0_align.webp,0.000416,1.0,0.0470362611748737
database3/database3/m.0153dp/1-FaceId-0_align.webp,0.039324,1.0,0.0636688353106262
database3/database3/m.0153dp/88-FaceId-0_align.webp,0.057869,1.0,0.0610978854502169
database3/database3/m.0153vt/1-FaceId-0_align.webp,0.335303,1.0,0.0610515266304594
database3/database3/m.0153vt/81-FaceId-0_align.webp,0.087285,1.0,0.0766714082503555
database3/database3/m.0153y1/16-FaceId-0_align.webp,0.166114,0.0,0.0601127895266868
database3/database3/m.01541z/117-FaceId-0_align.webp,0.111734,0.0,0.0587611418255669
database3/database3/m.01547g/3-FaceId-0_align.webp,0.153164,0.0,0.0581784037558684
database3/database3/m.01547g/73-FaceId-0_align.webp,0.246081,0.0,0.058845223003342
database3/database3/m.0154d7/52-FaceId-0_align.webp,0.115018,1.0,0.0747042732515155
database3/database3/m.0154ff/10-FaceId-0_align.webp,0.121913,0.0,0.0545084449229525
database3/database3/m.0154hr/101-FaceId-0_align.webp,0.090433,0.0,0.0859061065310755
database3/database3/m.0154hr/109-FaceId-0_align.webp,0.038439,0.0,0.0585922983276733
database3/database3/m.0154hr/18-FaceId-0_align.webp,0.07836,0.0,0.0838723155343861
database3/database3/m.0154hr/28-FaceId-0_align.webp,0.045785,0.0,0.0633254716981131
database3/database3/m.0154s9/24-FaceId-0_align.webp,0.052837,1.0,0.0538026337180945
database3/database3/m.0154x6/57-FaceId-0_align.webp,0.061779,0.0,0.0746969016614278
database3/database3/m.01552j/40-FaceId-0_align.webp,0.017747,1.0,0.053033016896531
database3/database3/m.01558d/79-FaceId-0_align.webp,0.014812,1.0,0.0405383737781751
database3/database3/m.01558d/8-FaceId-0_align.webp,0.124089,1.0,0.062659018184656
database3/database3/m.0155zp/26-FaceId-0_align.webp,0.000547,1.0,0.0576702284869841
database3/database3/m.0155zp/7-FaceId-0_align.webp,0.015991,1.0,0.0569203098256504
database3/database3/m.0155zp/79-FaceId-0_align.webp,0.02849,1.0,0.082386533417444
database3/database3/m.0155zp/88-FaceId-0_align.webp,0.072148,1.0,0.0628572276463779
database3/database3/m.0156dg/11-FaceId-0_align.webp,0.153809,0.0,0.0718138855803587
database3/database3/m.0156dg/2-FaceId-0_align.webp,0.144571,0.0,0.0862325258982554
database3/database3/m.0156y1/31-FaceId-0_align.webp,0.047284,1.0,0.0601331616469331
database3/database3/m.01574b/45-FaceId-0_align.webp,0.070647,0.0,0.0651027568922305
database3/database3/m.015796/86-FaceId-0_align.webp,0.081944,0.0,0.0595215894419737
database3/database3/m.0157m/20-FaceId-0_align.webp,0.028257,1.0,0.0456368072063054
database3/database3/m.0157m/24-FaceId-0_align.webp,0.028454,1.0,0.0551903833242749
database3/database3/m.0157m/25-FaceId-0_align.webp,0.020124,1.0,0.0533881273059962
database3/database3/m.0157m/73-FaceId-0_align.webp,0.033963,1.0,0.0670692223013662
database3/database3/m.0157r6/22-FaceId-1_align.webp,0.0,1.0,0.032322249734701
database3/database3/m.0157ry/29-FaceId-0_align.webp,0.027582,1.0,0.0531373478741898
database3/database3/m.015882/17-FaceId-0_align.webp,0.396178,0.0,0.0666284224250325
database3/database3/m.015882/20-FaceId-0_align.webp,0.380878,0.0,0.0748355079736812
database3/database3/m.015882/75-FaceId-0_align.webp,0.386665,0.0,0.0825553754727173
database3/database3/m.0158r2/73-FaceId-0_align.webp,0.173377,0.0,0.0577688609908227
database3/database3/m.01598m/79-FaceId-0_align.webp,0.475474,0.0,0.0760991909954273
database3/database3/m.0159wm/104-FaceId-0_align.webp,0.007308,1.0,0.0433573050719151
database3/database3/m.0159wm/9-FaceId-0_align.webp,0.002891,1.0,0.0307621620116397
database3/database3/m.015_44/31-FaceId-0_align.webp,0.062168,0.0,0.057782169381315
database3/database3/m.015_44/64-FaceId-0_align.webp,0.356589,0.0,0.0850989890480202
database3/database3/m.015_44/84-FaceId-0_align.webp,0.3229,0.0,0.0827324478178367
database3/database3/m.015b67/34-FaceId-0_align.webp,0.034996,1.0,0.0593194925028833
database3/database3/m.015bhj/103-FaceId-1_align.webp,0.041754,1.0,0.0
database3/database3/m.015bhj/70-FaceId-0_align.webp,0.00385,1.0,0.057492614151578
database3/database3/m.015bnf/68-FaceId-0_align.webp,0.066968,0.0,0.0591615638247761
database3/database3/m.015brk/18-FaceId-0_align.webp,0.023166,1.0,0.0725437940784554
database3/database3/m.015bw2/110-FaceId-0_align.webp,0.01319,1.0,0.061477339611536
database3/database3/m.015bw2/40-FaceId-0_align.webp,0.013047,1.0,0.0744589165370657
database3/database3/m.015bw2/68-FaceId-0_align.webp,0.00956,1.0,0.074694219132226
database3/database3/m.015c2f/3-FaceId-0_align.webp,0.072717,0.0,0.0524913681142892
database3/database3/m.015c2f/47-FaceId-0_align.webp,0.01548,0.0,0.0584934497816593
database3/database3/m.015c2f/49-FaceId-0_align.webp,0.031524,0.0,0.0650898738786454
database3/database3/m.015c2f/8-FaceId-0_align.webp,0.126031,0.0,0.0611806608597523
database3/database3/m.015c4g/7-FaceId-0_align.webp,0.000573,1.0,0.0583153223250048
database3/database3/m.015c4g/83-FaceId-0_align.webp,0.000391,1.0,0.0515585637539077
database3/database3/m.015cyn/17-FaceId-0_align.webp,0.046212,1.0,0.0619194320731339
database3/database3/m.015cyn/5-FaceId-0_align.webp,0.152464,1.0,0.0537748255049397
database3/database3/m.015czg/24-FaceId-0_align.webp,0.141052,1.0,0.0720026223439125
database3/database3/m.015d2r/66-FaceId-0_align.webp,0.064087,1.0,0.1579043338139257
database3/database3/m.015d2r/86-FaceId-0_align.webp,0.029999,1.0,0.064799291215157
database3/database3/m.015dcj/83-FaceId-0_align.webp,0.023385,1.0,0.0616764145151387
database3/database3/m.015dgg/80-FaceId-0_align.webp,0.001775,1.0,0.0756252380347847
database3/database3/m.015djp/24-FaceId-0_align.webp,0.0,1.0,0.0496070853462156
database3/database3/m.015djp/27-FaceId-0_align.webp,0.037685,1.0,0.0650215703192406
database3/database3/m.015dk3/22-FaceId-0_align.webp,0.027592,1.0,0.0508577930793019
database3/database3/m.015dnt/38-FaceId-0_align.webp,0.001692,1.0,0.0871235268441727
database3/database3/m.015dnt/42-FaceId-1_align.webp,0.102539,1.0,0.0331393818894183
database3/database3/m.015dqj/29-FaceId-0_align.webp,0.034796,1.0,0.0605441343178405
database3/database3/m.015dsz/54-FaceId-1_align.webp,0.002756,1.0,0.0484653659082013
database3/database3/m.015dx/106-FaceId-0_align.webp,0.065832,0.0,0.055834894344211
database3/database3/m.015dx/112-FaceId-0_align.webp,0.282009,0.0,0.0631647153454285
database3/database3/m.015dx/117-FaceId-0_align.webp,0.154935,0.0,0.0470707070707069
database3/database3/m.015dx/16-FaceId-0_align.webp,0.065933,0.0,0.0651803936490365
database3/database3/m.015dx/75-FaceId-0_align.webp,0.127561,0.0,0.0679155504018552
database3/database3/m.015dz8/51-FaceId-0_align.webp,0.051527,1.0,0.0564713943131208
database3/database3/m.015f6_/9-FaceId-0_align.webp,0.050822,1.0,0.065924365843838
database3/database3/m.015fxn/110-FaceId-1_align.webp,0.050721,0.0,0.0527345809172377
database3/database3/m.015fyd/19-FaceId-0_align.webp,0.055834,0.0,0.0577354368152169
database3/database3/m.015g36/86-FaceId-0_align.webp,0.010069,0.0,0.0605651894669235
database3/database3/m.015g98/4-FaceId-0_align.webp,0.031227,1.0,0.0837375688631321
database3/database3/m.015g_7/108-FaceId-0_align.webp,0.075445,1.0,0.0579239443634164
database3/database3/m.015ghl/29-FaceId-0_align.webp,0.035495,0.0,0.0547094498421931
database3/database3/m.015ghl/58-FaceId-0_align.webp,0.114793,0.0,0.0412551033846963
database3/database3/m.015ghl/7-FaceId-0_align.webp,0.022651,0.0,0.0503571094407883
database3/database3/m.015gjr/36-FaceId-0_align.webp,0.054888,1.0,0.0594200566426364
database3/database3/m.015gjr/40-FaceId-0_align.webp,0.045893,1.0,0.0549681577533951
database3/database3/m.015gjr/84-FaceId-0_align.webp,0.042274,1.0,0.1319434969300533
database3/database3/m.015gqm/96-FaceId-1_align.webp,0.236979,1.0,0.090296508622715
database3/database3/m.015grj/83-FaceId-0_align.webp,0.0,1.0,0.0553758505238145
database3/database3/m.015grj/95-FaceId-0_align.webp,0.006074,1.0,0.049340269311008
database3/database3/m.015grj/98-FaceId-0_align.webp,0.00126,1.0,0.0386717609912706
database3/database3/m.015gsv/100-FaceId-0_align.webp,0.087077,1.0,0.0738042306655887
database3/database3/m.015gsv/72-FaceId-0_align.webp,0.017745,1.0,0.0610140059212024
database3/database3/m.015gx1/70-FaceId-0_align.webp,0.056653,1.0,0.054653058562671
database3/database3/m.015gy7/28-FaceId-0_align.webp,0.011386,1.0,0.0702851524090461
database3/database3/m.015gzc/94-FaceId-0_align.webp,0.077714,1.0,0.0678239370407771
database3/database3/m.015h25/3-FaceId-0_align.webp,0.001481,1.0,0.0465014382232924
database3/database3/m.015h7y/30-FaceId-0_align.webp,0.014431,1.0,0.0690777728185671
database3/database3/m.015htz/46-FaceId-0_align.webp,0.135648,0.0,0.0556568229932899
database3/database3/m.015j58/58-FaceId-0_align.webp,0.016994,1.0,0.0609679342785211
database3/database3/m.015j6h/20-FaceId-0_align.webp,0.005265,1.0,0.0670944831250174
database3/database3/m.015j6h/37-FaceId-0_align.webp,0.094841,1.0,0.0792333430317136
database3/database3/m.015j6y/47-FaceId-0_align.webp,0.10488,0.0,0.0859524162833258
database3/database3/m.015j6y/5-FaceId-0_align.webp,0.085053,0.0,0.0529398284554441
database3/database3/m.015j6y/73-FaceId-1_align.webp,0.12413,0.0,0.0653279087558244
database3/database3/m.015j8x/17-FaceId-0_align.webp,0.049084,1.0,0.0714280520613683
database3/database3/m.015j8x/42-FaceId-0_align.webp,0.021866,1.0,0.0820220030349013
database3/database3/m.015jjw/46-FaceId-0_align.webp,0.068702,1.0,0.0749073618626003
database3/database3/m.015jjw/69-FaceId-0_align.webp,0.113403,1.0,0.0841110045808031
database3/database3/m.015jvm/105-FaceId-0_align.webp,0.006549,1.0,0.0545391698697562
database3/database3/m.015jvm/32-FaceId-0_align.webp,0.01088,1.0,0.0497959998858739
database3/database3/m.015jvm/85-FaceId-0_align.webp,0.111985,1.0,0.1639427516158818
database3/database3/m.015k04/104-FaceId-0_align.webp,0.087765,0.0,0.0483724377981177
database3/database3/m.015k04/33-FaceId-0_align.webp,0.019732,0.0,0.0637516644474033
database3/database3/m.015k04/68-FaceId-0_align.webp,0.032064,0.0,0.0603452710088085
database3/database3/m.015k9x/19-FaceId-0_align.webp,0.079615,0.0,0.0705054676148963
database3/database3/m.015k9x/84-FaceId-0_align.webp,0.154994,0.0,0.3658256880733944
database3/database3/m.015kbd/21-FaceId-0_align.webp,0.030994,1.0,0.0486287770676924
database3/database3/m.015kbd/80-FaceId-0_align.webp,0.061754,1.0,0.1946538010170816
database3/database3/m.015khm/4-FaceId-0_align.webp,0.027803,1.0,0.0394100169779285
database3/database3/m.015klf/75-FaceId-0_align.webp,0.0,1.0,0.0425860964524295
database3/database3/m.015ksl/24-FaceId-0_align.webp,0.23069,1.0,0.0759564891222805
database3/database3/m.015ksl/26-FaceId-1_align.webp,0.043132,1.0,0.1492709279533392
database3/database3/m.015ksl/31-FaceId-0_align.webp,0.096817,1.0,0.0712905356087726
database3/database3/m.015ksl/72-FaceId-0_align.webp,0.014945,1.0,0.0600453699395066
database3/database3/m.015ksy/70-FaceId-0_align.webp,0.064697,1.0,0.0547499106243295
database3/database3/m.015ksy/90-FaceId-0_align.webp,0.039383,1.0,0.0573670502126536
database3/database3/m.015kt_/7-FaceId-0_align.webp,0.084368,1.0,0.0576485550766621
database3/database3/m.015l1l/126-FaceId-0_align.webp,0.0,1.0,0.037099004034647
database3/database3/m.015l51/58-FaceId-0_align.webp,0.077217,1.0,0.0492472534924725
database3/database3/m.015lg2/3-FaceId-0_align.webp,0.081487,1.0,0.1507974010632013
database3/database3/m.015m2c/35-FaceId-0_align.webp,0.111821,0.0,0.1136520256791555
database3/database3/m.015m2c/62-FaceId-0_align.webp,0.107098,0.0,0.1053866429075248
database3/database3/m.015m2c/96-FaceId-0_align.webp,0.077293,0.0,0.1165703762547843
database3/database3/m.015m2v/50-FaceId-0_align.webp,0.014038,1.0,0.0645161290322579
database3/database3/m.015m_9/103-FaceId-0_align.webp,0.203457,0.0,0.0668483312209547
database3/database3/m.015m_9/23-FaceId-0_align.webp,0.194385,0.0,0.0631905113683
database3/database3/m.015mfy/124-FaceId-0_align.webp,0.011509,1.0,0.1464158037475344
database3/database3/m.015mfy/44-FaceId-0_align.webp,0.015486,1.0,0.1303612703036442
database3/database3/m.015ncq/12-FaceId-0_align.webp,0.097302,0.0,0.0495823195458231
database3/database3/m.015ncq/15-FaceId-0_align.webp,0.108176,0.0,0.0582694213056401
database3/database3/m.015ncq/43-FaceId-0_align.webp,0.173231,0.0,0.0877470355731224
database3/database3/m.015nr6/10-FaceId-0_align.webp,0.135309,0.0,0.0359207266721716
database3/database3/m.015nxw/46-FaceId-0_align.webp,0.033616,1.0,0.0623410498858818
database3/database3/m.015nz8/33-FaceId-0_align.webp,0.258768,1.0,0.0684827754703151
database3/database3/m.015p0c/3-FaceId-0_align.webp,0.047687,1.0,0.0510420264824408
database3/database3/m.015p37/5-FaceId-0_align.webp,0.024022,0.0,0.1345178424478192
database3/database3/m.015p3p/83-FaceId-3_align.webp,0.095309,1.0,0.0954531359020078
database3/database3/m.015p_p/4-FaceId-0_align.webp,0.041582,1.0,0.1259412182560823
database3/database3/m.015ph6/52-FaceId-0_align.webp,0.019715,1.0,0.0556822858486682
database3/database3/m.015ph6/9-FaceId-0_align.webp,0.017184,1.0,0.0459727346632479
database3/database3/m.015phm/91-FaceId-0_align.webp,0.017375,1.0,0.0444850700792199
database3/database3/m.015pqq/24-FaceId-0_align.webp,0.179784,0.0,0.0631012230809633
database3/database3/m.015pqq/66-FaceId-0_align.webp,0.136121,0.0,0.1204144742915166
database3/database3/m.015pqq/87-FaceId-0_align.webp,0.018013,0.0,0.0705963889678703
database3/database3/m.015pt7/51-FaceId-0_align.webp,0.127322,1.0,0.07531096196868
database3/database3/m.015pt7/58-FaceId-0_align.webp,0.035197,1.0,0.0524655472600111
database3/database3/m.015pt7/60-FaceId-0_align.webp,0.049196,1.0,0.0972240780331372
database3/database3/m.015pvh/112-FaceId-0_align.webp,0.330281,0.0,0.0699791364296081
database3/database3/m.015px7/44-FaceId-0_align.webp,0.034165,1.0,0.0572943384422896
database3/database3/m.015px7/91-FaceId-0_align.webp,0.015722,1.0,0.0374786173062646
database3/database3/m.015pxr/76-FaceId-0_align.webp,0.013737,1.0,0.0566318508535489
database3/database3/m.015pxr/85-FaceId-0_align.webp,0.04711,1.0,0.0662023912239614
database3/database3/m.015pz3/26-FaceId-0_align.webp,0.029214,1.0,0.0823027861698555
database3/database3/m.015q3m/88-FaceId-0_align.webp,0.02977,1.0,0.0533836050976681
database3/database3/m.015q43/44-FaceId-0_align.webp,0.14431,0.0,0.0628363290258812
database3/database3/m.015q43/83-FaceId-0_align.webp,0.202776,0.0,0.0746737909939209
database3/database3/m.015q7v/66-FaceId-0_align.webp,0.123951,1.0,0.0670496407338511
database3/database3/m.015q7v/70-FaceId-0_align.webp,0.084162,1.0,0.0676636490250695
database3/database3/m.015q7v/74-FaceId-0_align.webp,0.166774,1.0,0.1359073359073359
database3/database3/m.015q7v/95-FaceId-0_align.webp,0.114436,1.0,0.0636000336530371
database3/database3/m.015q9_/38-FaceId-0_align.webp,0.073529,1.0,0.0697335482322278
database3/database3/m.015q9_/55-FaceId-0_align.webp,0.228226,1.0,0.0684470978864695
database3/database3/m.015qgb/80-FaceId-0_align.webp,0.240744,0.0,0.0885468897383705
database3/database3/m.015ql4/49-FaceId-0_align.webp,0.010843,1.0,0.0581775061570736
database3/database3/m.015ql_/79-FaceId-0_align.webp,0.076307,0.0,0.0617150790260571
database3/database3/m.015qlm/10-FaceId-0_align.webp,0.050821,0.0,0.0612410104441471
database3/database3/m.015qlm/70-FaceId-0_align.webp,0.030997,0.0,0.0605779379117079
database3/database3/m.015qpn/63-FaceId-0_align.webp,0.366396,1.0,0.0533488429043712
database3/database3/m.015qq1/36-FaceId-0_align.webp,0.022633,1.0,0.0530959701147144
database3/database3/m.015qty/73-FaceId-0_align.webp,0.019129,1.0,0.0476091534465813
database3/database3/m.015qty/74-FaceId-0_align.webp,0.007618,1.0,0.0632249386818575
database3/database3/m.015qv9/29-FaceId-0_align.webp,0.006101,1.0,0.071899333048592
database3/database3/m.015qxn/75-FaceId-0_align.webp,0.029389,1.0,0.0367957911877994
database3/database3/m.015qxn/81-FaceId-0_align.webp,0.000968,1.0,0.1007559862790154
database3/database3/m.015qyf/14-FaceId-0_align.webp,0.032701,1.0,0.0624747534751097
database3/database3/m.015qzv/12-FaceId-0_align.webp,0.03298,1.0,0.1275160378009242
database3/database3/m.015qzv/45-FaceId-0_align.webp,0.048204,1.0,0.1120034112714091
database3/database3/m.015qzv/55-FaceId-0_align.webp,0.094832,1.0,0.1560597090663057
database3/database3/m.015qzv/57-FaceId-0_align.webp,0.068867,1.0,0.0752119575456885
database3/database3/m.015r3q/35-FaceId-0_align.webp,0.001755,1.0,0.1222225949282166
database3/database3/m.015r4v/28-FaceId-0_align.webp,0.015627,1.0,0.0768447040823421
database3/database3/m.015rhv/21-FaceId-0_align.webp,0.274759,1.0,0.1034638207829246
database3/database3/m.015rmq/88-FaceId-0_align.webp,0.016982,1.0,0.0555813753335053
database3/database3/m.015t_m/31-FaceId-0_align.webp,0.0851,1.0,0.0369324286118178
database3/database3/m.015thk/1-FaceId-0_align.webp,0.117609,1.0,0.0599298139692841
database3/database3/m.015thk/47-FaceId-0_align.webp,0.223814,1.0,0.0990567520830057
database3/database3/m.015thk/89-FaceId-0_align.webp,0.010677,1.0,0.1119073783359496
database3/database3/m.015tp7/25-FaceId-0_align.webp,0.089928,1.0,0.0653962900505901
database3/database3/m.015tp7/4-FaceId-0_align.webp,0.078982,1.0,0.0708870472682627
database3/database3/m.015tv5/22-FaceId-0_align.webp,0.009031,1.0,0.0770069076520688
database3/database3/m.015tv5/54-FaceId-0_align.webp,0.027498,1.0,0.0571063076065207
database3/database3/m.015tyq/50-FaceId-0_align.webp,0.029346,1.0,0.0931001283697046
database3/database3/m.015tyq/63-FaceId-0_align.webp,0.05956,1.0,0.1008108560897972
database3/database3/m.015v98/49-FaceId-0_align.webp,0.062142,0.0,0.0717214944924083
database3/database3/m.015v98/79-FaceId-0_align.webp,0.070144,0.0,0.0716969825155102
database3/database3/m.015vql/63-FaceId-0_align.webp,0.02634,1.0,0.0771062496159281
database3/database3/m.015vyh/54-FaceId-0_align.webp,0.020372,1.0,0.0580226041764502
database3/database3/m.015wfg/59-FaceId-0_align.webp,0.021245,1.0,0.065875268221776
database3/database3/m.015wfy/41-FaceId-0_align.webp,0.10115,1.0,0.0578107851028023
database3/database3/m.015wfy/43-FaceId-0_align.webp,0.000923,1.0,0.1177503530423036
database3/database3/m.015wfy/78-FaceId-0_align.webp,0.064575,1.0,0.117582151085243
database3/database3/m.015wfy/91-FaceId-0_align.webp,0.156,1.0,0.0974955845990815
database3/database3/m.015wgw/16-FaceId-0_align.webp,0.030553,1.0,0.055704697986577
database3/database3/m.015wgw/5-FaceId-0_align.webp,0.079937,1.0,0.0631883658418912
database3/database3/m.015wkb/94-FaceId-0_align.webp,0.010721,1.0,0.0578464715170653
database3/database3/m.015x3n/93-FaceId-0_align.webp,0.0,0.0,0.1155899445871062
database3/database3/m.015x63/126-FaceId-0_align.webp,0.077609,0.0,0.0597199397425362
database3/database3/m.015xnd/46-FaceId-0_align.webp,0.021854,1.0,0.0544930839109928
database3/database3/m.015xnd/72-FaceId-0_align.webp,0.171432,1.0,0.146888975728366
database3/database3/m.015xsn/17-FaceId-0_align.webp,0.021828,1.0,0.0918770035168528
database3/database3/m.015xww/31-FaceId-0_align.webp,0.075773,1.0,0.060434933755649
database3/database3/m.015xys/54-FaceId-0_align.webp,0.054138,1.0,0.0524498380897617
database3/database3/m.015y4c/42-FaceId-0_align.webp,0.097688,1.0,0.0526697674418603
database3/database3/m.015y4c/72-FaceId-0_align.webp,0.027368,1.0,0.0526850990296423
database3/database3/m.015y4c/79-FaceId-0_align.webp,0.010835,1.0,0.0480023816612086
database3/database3/m.015yb0/108-FaceId-0_align.webp,0.073526,1.0,0.0484176805591508
database3/database3/m.015ybz/5-FaceId-0_align.webp,0.004767,1.0,0.1827795281844898
database3/database3/m.015yg9/69-FaceId-0_align.webp,0.021682,1.0,0.0935116573287546
database3/database3/m.015ykr/19-FaceId-0_align.webp,0.078311,0.0,0.0636934046345809
database3/database3/m.015ykr/9-FaceId-0_align.webp,0.026904,0.0,0.04995271950408
database3/database3/m.015z4j/106-FaceId-1_align.webp,0.203863,0.0,0.0647445915933207
database3/database3/m.015z4j/30-FaceId-0_align.webp,0.022438,0.0,0.0576020287803726
database3/database3/m.015zj4/3-FaceId-0_align.webp,0.026859,1.0,0.1007385192127459
database3/database3/m.015zjx/34-FaceId-0_align.webp,0.188292,1.0,0.0760512802097173
database3/database3/m.015zm4/92-FaceId-0_align.webp,0.019768,1.0,0.0882248586317772
database3/database3/m.015zmm/35-FaceId-0_align.webp,0.071991,0.0,0.0598026969027256
database3/database3/m.016077/95-FaceId-0_align.webp,0.023638,1.0,0.0654899501239434
database3/database3/m.0160pf/102-FaceId-0_align.webp,0.037457,1.0,0.0607993032707566
database3/database3/m.016194/12-FaceId-0_align.webp,0.028771,1.0,0.063144623143393
database3/database3/m.016194/6-FaceId-0_align.webp,0.025295,1.0,0.0493594732116132
database3/database3/m.0161h5/105-FaceId-0_align.webp,0.042175,0.0,0.0579752672395723
database3/database3/m.0161hn/33-FaceId-0_align.webp,0.010683,1.0,0.1002137894174238
database3/database3/m.0162c8/22-FaceId-0_align.webp,0.021055,1.0,0.0703075613907122
database3/database3/m.0162c8/71-FaceId-0_align.webp,0.041746,1.0,0.0656565951726958
database3/database3/m.0162c8/72-FaceId-0_align.webp,0.034776,1.0,0.0657139393204618
database3/database3/m.0162lw/68-FaceId-0_align.webp,0.026272,1.0,0.0630115241753706
database3/database3/m.0162n1/16-FaceId-0_align.webp,0.013549,1.0,0.1227849927849926
database3/database3/m.0162n1/17-FaceId-0_align.webp,0.15524,1.0,0.124131424131424
database3/database3/m.01635v/83-FaceId-0_align.webp,0.001023,1.0,0.0451479238503664
database3/database3/m.0163bt/91-FaceId-0_align.webp,0.100672,1.0,0.0695241911979013
database3/database3/m.0163kf/72-FaceId-0_align.webp,0.120095,0.0,0.0607690401161349
database3/database3/m.0163kf/83-FaceId-0_align.webp,0.098981,0.0,0.0790044541158069
database3/database3/m.0163rk/30-FaceId-0_align.webp,0.022552,1.0,0.0602630482651906
database3/database3/m.0163s9/24-FaceId-0_align.webp,0.074147,1.0,0.0653590780737235
database3/database3/m.0163s9/74-FaceId-0_align.webp,0.166715,1.0,0.0625990551661077
database3/database3/m.0163t3/106-FaceId-0_align.webp,0.195337,0.0,0.0625704532825275
database3/database3/m.0163t3/9-FaceId-0_align.webp,0.08181,0.0,0.0572437350149439
database3/database3/m.0163y8/74-FaceId-0_align.webp,0.077227,1.0,0.0815884995507636
database3/database3/m.0164c4/60-FaceId-0_align.webp,0.111711,0.0,0.0525067230119092
database3/database3/m.0164lp/69-FaceId-0_align.webp,0.064522,1.0,0.0349482795017943
database3/database3/m.0164lp/92-FaceId-0_align.webp,0.151037,1.0,0.1247669463310693
database3/database3/m.0164nb/3-FaceId-0_align.webp,0.089532,1.0,0.0566583044090861
database3/database3/m.0164y7/34-FaceId-0_align.webp,0.005214,1.0,0.0564545159481867
database3/database3/m.0165cp/26-FaceId-0_align.webp,0.006703,0.0,0.0509965029994596
database3/database3/m.0165cp/52-FaceId-0_align.webp,0.057554,0.0,0.0451549724873316
database3/database3/m.0165gc/85-FaceId-0_align.webp,0.006716,1.0,0.0509409376041696
database3/database3/m.0165gc/99-FaceId-0_align.webp,0.120842,1.0,0.0603897299885806
database3/database3/m.0165ky/57-FaceId-0_align.webp,0.015031,1.0,0.1413161081953975
database3/database3/m.0165n5/59-FaceId-0_align.webp,0.014306,0.0,0.0480496014171832
database3/database3/m.01666h/59-FaceId-0_align.webp,0.366126,0.0,0.0715440668049571
database3/database3/m.01666h/65-FaceId-0_align.webp,0.324656,0.0,0.081094428093979
database3/database3/m.0166rp/41-FaceId-0_align.webp,0.108225,1.0,0.0670874904067535
database3/database3/m.0166rp/55-FaceId-0_align.webp,0.058677,1.0,0.0837776030872578
database3/database3/m.0166w_/52-FaceId-0_align.webp,0.055626,1.0,0.0539609709122835
database3/database3/m.0166w_/7-FaceId-0_align.webp,0.051227,1.0,0.0400126331505354
database3/database3/m.0166yl/4-FaceId-0_align.webp,0.128426,1.0,0.0593312916364095
database3/database3/m.0166yl/42-FaceId-0_align.webp,0.00821,1.0,0.0612593225834978
database3/database3/m.0166zk/13-FaceId-0_align.webp,0.040817,1.0,0.1201753549985703
database3/database3/m.0166zk/42-FaceId-0_align.webp,0.020069,1.0,0.104677108696442
database3/database3/m.0166zk/72-FaceId-0_align.webp,0.015452,1.0,0.0619370815371914
database3/database3/m.01678_/78-FaceId-0_align.webp,0.014927,1.0,0.0509835864019179
database3/database3/m.0167h6/35-FaceId-0_align.webp,0.000892,1.0,0.0499318314614035
database3/database3/m.0167xk/87-FaceId-0_align.webp,0.035118,1.0,0.0703017717788122
database3/database3/m.016883/25-FaceId-0_align.webp,0.021581,1.0,0.0574223073011694
database3/database3/m.016883/35-FaceId-0_align.webp,0.016967,1.0,0.0667943174799258
database3/database3/m.016883/79-FaceId-0_align.webp,0.042662,1.0,0.0557865739677958
database3/database3/m.0168cl/73-FaceId-0_align.webp,0.16573,1.0,0.0684212474551174
database3/database3/m.0168ql/60-FaceId-0_align.webp,0.01118,1.0,0.0292281806339555
database3/database3/m.0168vx/9-FaceId-0_align.webp,0.182986,0.0,0.0514746318128742
database3/database3/m.01693z/106-FaceId-0_align.webp,0.308514,1.0,0.0844394922972579
database3/database3/m.01693z/67-FaceId-0_align.webp,0.053019,1.0,0.0489750742919521
database3/database3/m.016959/105-FaceId-0_align.webp,0.10109,1.0,0.0852267504213266
database3/database3/m.016959/51-FaceId-0_align.webp,0.067755,1.0,0.0673219897294396
database3/database3/m.0169ff/102-FaceId-0_align.webp,0.033338,1.0,0.0889838778935862
database3/database3/m.0169ff/36-FaceId-0_align.webp,0.024259,1.0,0.061471713582946
database3/database3/m.0169ff/79-FaceId-0_align.webp,0.137366,1.0,0.0661868580810201
database3/database3/m.0169mh/14-FaceId-0_align.webp,0.084985,0.0,0.0771600688468157
database3/database3/m.0169r6/43-FaceId-0_align.webp,0.109367,0.0,0.0686113981400523
database3/database3/m.0169v2/37-FaceId-0_align.webp,0.237432,0.0,0.074489291598023
database3/database3/m.0169v2/60-FaceId-0_align.webp,0.294775,0.0,0.0794529718357001
database3/database3/m.0169x_/12-FaceId-0_align.webp,0.169443,1.0,0.0564893203883494
database3/database3/m.016_js/82-FaceId-0_align.webp,0.00161,0.0,0.0554747812660832
database3/database3/m.016_js/90-FaceId-0_align.webp,0.074161,0.0,0.0655498424282633
database3/database3/m.016_mj/9-FaceId-0_align.webp,0.005546,1.0,0.0677723275707362
database3/database3/m.016b6z/92-FaceId-0_align.webp,0.053278,1.0,0.0737468378150472
database3/database3/m.016b90/0-FaceId-0_align.webp,0.006801,1.0,0.0544326090044026
database3/database3/m.016b90/79-FaceId-0_align.webp,0.0,1.0,0.0327567479498179
database3/database3/m.016b90/8-FaceId-0_align.webp,0.046454,1.0,0.0436219167119214
database3/database3/m.016b90/93-FaceId-0_align.webp,0.01334,1.0,0.0559549075273558
database3/database3/m.016cn6/6-FaceId-0_align.webp,0.062721,1.0,0.0873435897435896
database3/database3/m.016cn6/90-FaceId-0_align.webp,0.090699,1.0,0.0582237970053719
database3/database3/m.016cz6/23-FaceId-1_align.webp,0.213677,1.0,0.0860346358792183
database3/database3/m.016db7/11-FaceId-0_align.webp,0.00104,1.0,0.0721199212747027
database3/database3/m.016dbr/42-FaceId-0_align.webp,0.02227,1.0,0.0644874854320438
database3/database3/m.016fjj/77-FaceId-0_align.webp,0.012807,1.0,0.0579888303017065
database3/database3/m.016fnv/40-FaceId-0_align.webp,0.049743,1.0,0.0624996005496436
database3/database3/m.016g29/40-FaceId-0_align.webp,0.003894,1.0,0.082784723411543
database3/database3/m.016g29/95-FaceId-0_align.webp,0.017798,1.0,0.0434633366869858
database3/database3/m.016ggh/74-FaceId-0_align.webp,0.004674,1.0,0.0538118867711739
database3/database3/m.016ghw/12-FaceId-0_align.webp,0.035794,1.0,0.0940806983924198
database3/database3/m.016gkf/85-FaceId-0_align.webp,0.159983,1.0,0.0630854908903148
database3/database3/m.016gnp/45-FaceId-0_align.webp,0.027576,1.0,0.0535704765571778
database3/database3/m.016gnp/48-FaceId-0_align.webp,0.0,1.0,0.0640102684301578
database3/database3/m.016gr2/107-FaceId-0_align.webp,0.0,1.0,0.0410746869691057
database3/database3/m.016gr2/38-FaceId-0_align.webp,0.0,1.0,0.047913300273026
database3/database3/m.016hgp/12-FaceId-0_align.webp,0.055372,0.0,0.0568203634437786
database3/database3/m.016hgp/32-FaceId-12_align.webp,0.159452,0.0,0.1062469480292988
database3/database3/m.016hgp/77-FaceId-4_align.webp,0.110387,0.0,0.0559422603143758
database3/database3/m.016hgp/77-FaceId-7_align.webp,0.08977,0.0,0.0565200262639527
database3/database3/m.016hgp/77-FaceId-9_align.webp,0.121788,0.0,0.0601950449965937
database3/database3/m.016hj7/88-FaceId-0_align.webp,0.028831,1.0,0.0469819611470859
database3/database3/m.016hk4/98-FaceId-0_align.webp,0.002253,1.0,0.0635664571171979
database3/database3/m.016hmf/90-FaceId-0_align.webp,0.168251,1.0,0.0702656715263543
database3/database3/m.016hrc/46-FaceId-0_align.webp,0.064797,0.0,0.0636850661346338
database3/database3/m.016htr/23-FaceId-0_align.webp,0.041326,1.0,0.0597657447721836
database3/database3/m.016htr/80-FaceId-0_align.webp,0.0,1.0,0.1554532432985471
database3/database3/m.016hvl/14-FaceId-0_align.webp,0.018608,1.0,0.0761699584853439
database3/database3/m.016hvl/79-FaceId-0_align.webp,0.027134,1.0,0.0644775534208977
database3/database3/m.016hzm/79-FaceId-0_align.webp,0.040554,1.0,0.1058221212650706
database3/database3/m.016j4q/17-FaceId-0_align.webp,0.014713,1.0,0.2345588235294116
database3/database3/m.016j4q/73-FaceId-0_align.webp,0.027874,1.0,0.133165322580645
database3/database3/m.016j55/23-FaceId-0_align.webp,0.003044,1.0,0.0938228771729021
database3/database3/m.016j_c/80-FaceId-0_align.webp,0.167359,0.0,0.0728128388635869
database3/database3/m.016k0j/73-FaceId-0_align.webp,0.021214,0.0,0.0662615362771545
database3/database3/m.016k38/76-FaceId-0_align.webp,0.03171,1.0,0.0962285027819928
database3/database3/m.016k38/86-FaceId-0_align.webp,0.0969,1.0,0.1209832093946632
database3/database3/m.016k58/57-FaceId-0_align.webp,0.285077,0.0,0.0709940519105983
database3/database3/m.016k6x/11-FaceId-0_align.webp,0.0,1.0,0.0539647289353363
database3/database3/m.016k6x/19-FaceId-0_align.webp,0.0,1.0,0.0478689698873184
database3/database3/m.016k92/3-FaceId-0_align.webp,0.164786,1.0,0.0772136771905476
database3/database3/m.016k92/39-FaceId-0_align.webp,0.115077,1.0,0.0709977462168639
database3/database3/m.016k92/53-FaceId-0_align.webp,0.124335,1.0,0.0664977676989581
database3/database3/m.016k_v/117-FaceId-0_align.webp,0.172292,0.0,0.0549644225506294
database3/database3/m.016k_v/31-FaceId-0_align.webp,0.103765,0.0,0.0581749049429657
database3/database3/m.016k_v/6-FaceId-0_align.webp,0.102662,0.0,0.0582281378769048
database3/database3/m.016kdv/96-FaceId-0_align.webp,0.10171,1.0,0.0613560230470319
database3/database3/m.016kft/30-FaceId-0_align.webp,0.094506,1.0,0.0693765304200413
database3/database3/m.016khd/116-FaceId-0_align.webp,0.014365,1.0,0.1583803680981594
database3/database3/m.016khd/18-FaceId-0_align.webp,0.045446,1.0,0.0886551666387538
database3/database3/m.016khd/77-FaceId-0_align.webp,0.016363,1.0,0.0572772069953942
database3/database3/m.016kjs/51-FaceId-0_align.webp,0.103247,1.0,0.072535482740494
database3/database3/m.016kqk/22-FaceId-0_align.webp,0.109366,1.0,0.0684556041836658
database3/database3/m.016kqk/57-FaceId-0_align.webp,0.028005,1.0,0.0856277707409752
database3/database3/m.016ksk/77-FaceId-0_align.webp,0.033554,1.0,0.0586348457461473
database3/database3/m.016l53/34-FaceId-0_align.webp,0.004644,1.0,0.1358897664258107
database3/database3/m.016l_5/13-FaceId-1_align.webp,0.028409,0.0,0.1493837825385855
database3/database3/m.016l_5/23-FaceId-0_align.webp,0.13632,0.0,0.0578792176769184
database3/database3/m.016l_5/69-FaceId-0_align.webp,0.067658,0.0,0.0569432839811502
database3/database3/m.016lb3/2-FaceId-0_align.webp,0.005513,1.0,0.0556359753203606
database3/database3/m.016lh0/74-FaceId-0_align.webp,0.000336,1.0,0.0626739171198199
database3/database3/m.016m0v/15-FaceId-0_align.webp,0.003574,1.0,0.101429246397354
database3/database3/m.016m0v/47-FaceId-0_align.webp,0.010823,1.0,0.159737268617248
database3/database3/m.016m0v/48-FaceId-0_align.webp,0.006305,1.0,0.0749413886384128
database3/database3/m.016mgj/22-FaceId-0_align.webp,0.177659,0.0,0.0590996095245386
database3/database3/m.016mgj/72-FaceId-0_align.webp,0.141048,0.0,0.1365972410062212
database3/database3/m.016ntp/45-FaceId-0_align.webp,0.056576,0.0,0.1968328187031318
database3/database3/m.016ntp/58-FaceId-0_align.webp,0.194583,0.0,0.1193532895789978
database3/database3/m.016ntp/78-FaceId-0_align.webp,0.262576,0.0,0.0721816638370118
database3/database3/m.016ntp/85-FaceId-0_align.webp,0.141759,0.0,0.069309324329957
database3/database3/m.016nvh/2-FaceId-0_align.webp,0.143526,1.0,0.067082677853522
database3/database3/m.016nvy/82-FaceId-0_align.webp,0.14288,0.0,0.0584402559225314
database3/database3/m.016nws/82-FaceId-0_align.webp,0.154826,1.0,0.0942192351865242
database3/database3/m.016pns/55-FaceId-0_align.webp,0.055966,1.0,0.0753509674421691
database3/database3/m.016q0w/27-FaceId-0_align.webp,0.009996,1.0,0.0618158734516006
database3/database3/m.016q2n/25-FaceId-0_align.webp,0.030179,0.0,0.0625333498790096
database3/database3/m.016q2n/89-FaceId-0_align.webp,0.007529,0.0,0.0672987466080888
database3/database3/m.016q4_/99-FaceId-1_align.webp,0.000294,0.0,0.0496538399613588
database3/database3/m.016qrb/16-FaceId-0_align.webp,0.039165,0.0,0.0572756057268721
database3/database3/m.016qrb/78-FaceId-0_align.webp,0.145711,0.0,0.0562132562905229
database3/database3/m.016qtt/15-FaceId-0_align.webp,0.187503,1.0,0.0609198715309231
database3/database3/m.016qtt/25-FaceId-0_align.webp,0.283035,1.0,0.0707430340557274
database3/database3/m.016r3x/42-FaceId-0_align.webp,0.001242,1.0,0.0496782871060379
database3/database3/m.016r3x/44-FaceId-0_align.webp,0.007495,1.0,0.067599689949186
database3/database3/m.016sff/35-FaceId-0_align.webp,0.025858,1.0,0.1674589922404477
database3/database3/m.016sp_/9-FaceId-0_align.webp,0.355835,1.0,0.0599192974127699
database3/database3/m.016swh/38-FaceId-0_align.webp,0.0,1.0,0.0579862896315338
database3/database3/m.016sz1/68-FaceId-0_align.webp,0.00381,1.0,0.0727791157987984
database3/database3/m.016szr/0-FaceId-0_align.webp,0.081751,1.0,0.1305732974220853
database3/database3/m.016szr/31-FaceId-0_align.webp,0.150774,1.0,0.1295761408306271
database3/database3/m.016t00/27-FaceId-0_align.webp,0.010723,1.0,0.0729194111919352
database3/database3/m.016t00/29-FaceId-0_align.webp,0.026052,1.0,0.0646978448543567
database3/database3/m.016t00/49-FaceId-0_align.webp,0.061342,1.0,0.0776551100781198
database3/database3/m.016tb7/64-FaceId-0_align.webp,0.020212,0.0,0.0541586682191521
database3/database3/m.016tbr/53-FaceId-0_align.webp,0.052696,1.0,0.0676286345366983
database3/database3/m.016tbr/91-FaceId-0_align.webp,0.278026,1.0,0.0837363845308283
database3/database3/m.016tbr/97-FaceId-0_align.webp,0.035531,1.0,0.0766615568046328
database3/database3/m.016tcm/7-FaceId-0_align.webp,0.0,1.0,0.0679986111512975
database3/database3/m.016tqw/18-FaceId-0_align.webp,0.009857,1.0,0.0789016258335205
database3/database3/m.016vqk/91-FaceId-0_align.webp,0.041054,1.0,0.0605708278915681
database3/database3/m.016vxj/34-FaceId-0_align.webp,0.081238,1.0,0.0565986055776891
database3/database3/m.016vy9/16-FaceId-0_align.webp,0.135759,0.0,0.0601247745039085
database3/database3/m.016vy9/41-FaceId-0_align.webp,0.023537,0.0,0.0523613524802585
database3/database3/m.016vyp/28-FaceId-0_align.webp,0.086364,1.0,0.0617588407338473
database3/database3/m.016vyp/92-FaceId-0_align.webp,0.043472,1.0,0.0575138918736375
database3/database3/m.016wdq/47-FaceId-0_align.webp,0.021942,1.0,0.1264158312719697
database3/database3/m.016wvy/16-FaceId-0_align.webp,0.016451,1.0,0.0607961478843045
database3/database3/m.016wvy/70-FaceId-0_align.webp,0.279688,1.0,0.0740471257167637
database3/database3/m.016wvy/90-FaceId-0_align.webp,0.0652,1.0,0.1372004260607135
database3/database3/m.016xk5/94-FaceId-0_align.webp,0.039665,1.0,0.0575267215989938
database3/database3/m.016yr0/49-FaceId-0_align.webp,0.028821,1.0,0.0575207765019347
database3/database3/m.016yr0/53-FaceId-0_align.webp,0.03224,1.0,0.0537229423305779
database3/database3/m.016yr0/98-FaceId-0_align.webp,0.103354,1.0,0.0662778328014378
database3/database3/m.016ywr/2-FaceId-0_align.webp,0.022088,1.0,0.0825872389200202
database3/database3/m.016ywr/21-FaceId-0_align.webp,0.053813,1.0,0.0654024741569224
database3/database3/m.016ywr/76-FaceId-0_align.webp,0.0,1.0,0.05428981348637
database3/database3/m.016z3d/40-FaceId-0_align.webp,0.041987,1.0,0.0544688927109898
database3/database3/m.016z3d/43-FaceId-0_align.webp,0.184794,1.0,0.0611092524441469
database3/database3/m.016z3d/48-FaceId-0_align.webp,0.181018,1.0,0.0572722004925394
database3/database3/m.016z68/21-FaceId-0_align.webp,0.185954,1.0,0.0740708963648678
database3/database3/m.016z68/89-FaceId-0_align.webp,0.268667,1.0,0.0699654724003407
database3/database3/m.016zp5/13-FaceId-0_align.webp,0.016071,1.0,0.0502594067707786
database3/database3/m.016zp5/31-FaceId-0_align.webp,0.101464,1.0,0.1162305105472331
database3/database3/m.016zp5/64-FaceId-0_align.webp,0.006697,1.0,0.0579063777367153
database3/database3/m.016zp5/68-FaceId-0_align.webp,0.014376,1.0,0.0650388486903584
database3/database3/m.016zvk/22-FaceId-0_align.webp,0.104809,0.0,0.0628659888387737
database3/database3/m.016zvk/81-FaceId-0_align.webp,0.147393,0.0,0.0648208972525986
database3/database3/m.016zvk/88-FaceId-0_align.webp,0.080384,0.0,0.0470705097986395
database3/database3/m.016zvk/91-FaceId-0_align.webp,0.084334,0.0,0.0564134216137357
database3/database3/m.0170pk/112-FaceId-0_align.webp,0.029113,1.0,0.1588454799143357
database3/database3/m.0170pk/32-FaceId-0_align.webp,0.0,1.0,0.1103816142404291
database3/database3/m.0170pk/71-FaceId-0_align.webp,0.003334,1.0,0.071411920362903
database3/database3/m.0170pk/93-FaceId-0_align.webp,0.020024,1.0,0.1216770526604121
database3/database3/m.0170q1/39-FaceId-0_align.webp,0.098023,0.0,0.0979034333873042
database3/database3/m.0170qf/10-FaceId-0_align.webp,0.012168,1.0,0.0573471793074888
database3/database3/m.0170qf/66-FaceId-0_align.webp,0.173717,1.0,0.0707546216789573
database3/database3/m.0170s4/35-FaceId-0_align.webp,0.00841,1.0,0.0704573654595295
database3/database3/m.0170s4/44-FaceId-0_align.webp,0.007374,1.0,0.0393144756828015
database3/database3/m.0170s4/48-FaceId-0_align.webp,0.0,1.0,0.0465292246956902
database3/database3/m.0170s4/85-FaceId-0_align.webp,0.00918,1.0,0.0487359631442555
database3/database3/m.0170s4/86-FaceId-0_align.webp,0.00659,1.0,0.0523924488786758
database3/database3/m.0170zz/7-FaceId-0_align.webp,0.0033,1.0,0.1074444529281513
database3/database3/m.017115/2-FaceId-0_align.webp,0.178391,1.0,0.0970998303752429
database3/database3/m.0171cm/52-FaceId-0_align.webp,0.078391,1.0,0.1397148831020717
database3/database3/m.0171cm/9-FaceId-0_align.webp,0.020679,1.0,0.1286113477594138
database3/database3/m.0171dv/105-FaceId-0_align.webp,0.019879,1.0,0.0530803177405117
database3/database3/m.0171dv/106-FaceId-0_align.webp,0.079343,1.0,0.0644232670330972
database3/database3/m.0171z8/39-FaceId-0_align.webp,0.1172,0.0,0.220508789481206
database3/database3/m.01721f/98-FaceId-0_align.webp,0.00066,1.0,0.051799966881934
database3/database3/m.01728m/45-FaceId-0_align.webp,0.026608,1.0,0.1068078134035853
database3/database3/m.01734j/10-FaceId-0_align.webp,0.107434,1.0,0.0961702290955139
database3/database3/m.01737y/7-FaceId-0_align.webp,0.023524,1.0,0.0505002239808868
database3/database3/m.0173cq/55-FaceId-0_align.webp,0.0687,0.0,0.0654932147715583
database3/database3/m.0173cq/82-FaceId-0_align.webp,0.052898,0.0,0.0575410474398078
database3/database3/m.0173p_/66-FaceId-0_align.webp,0.12779,0.0,0.0847827872218115
database3/database3/m.0173p_/82-FaceId-0_align.webp,0.039784,0.0,0.0543835522244378
database3/database3/m.0173p_/97-FaceId-0_align.webp,0.06989,0.0,0.0646007876834943
database3/database3/m.0173s_/56-FaceId-0_align.webp,0.320216,0.0,0.0687004903809881
database3/database3/m.01741h/75-FaceId-0_align.webp,0.057681,1.0,0.1428926422053969
database3/database3/m.01742l/53-FaceId-0_align.webp,0.210558,0.0,0.0710044675025218
database3/database3/m.01744d/24-FaceId-0_align.webp,0.021138,1.0,0.0640944690668447
database3/database3/m.01744d/66-FaceId-0_align.webp,0.069833,1.0,0.066682252354552
database3/database3/m.017458/60-FaceId-0_align.webp,0.031087,1.0,0.1797826708607377
database3/database3/m.0174z2/31-FaceId-0_align.webp,0.019356,1.0,0.0600890932605258
database3/database3/m.0175m_/104-FaceId-0_align.webp,0.011519,1.0,0.0798988183928756
database3/database3/m.0175m_/106-FaceId-0_align.webp,0.008092,1.0,0.0552999769691385
database3/database3/m.0175s7/91-FaceId-0_align.webp,0.271553,1.0,0.0870501397624038
database3/database3/m.0175w3/23-FaceId-0_align.webp,0.084707,1.0,0.1324219416481828
database3/database3/m.0175w3/40-FaceId-0_align.webp,0.14122,1.0,0.1756728875550969
database3/database3/m.0175w3/8-FaceId-0_align.webp,0.022898,1.0,0.181433882103027
database3/database3/m.01762z/69-FaceId-0_align.webp,0.001793,1.0,0.0546869920167611
database3/database3/m.017729/106-FaceId-0_align.webp,0.004005,1.0,0.0804372934007725
database3/database3/m.01772q/118-FaceId-0_align.webp,0.005376,1.0,0.0416992218516753
database3/database3/m.01778_/1-FaceId-0_align.webp,0.151831,0.0,0.1317655189235334
database3/database3/m.01778_/5-FaceId-0_align.webp,0.080886,0.0,0.1114437791084497
database3/database3/m.0177s6/54-FaceId-0_align.webp,0.003871,1.0,0.1492967790499582
database3/database3/m.0177s6/83-FaceId-0_align.webp,0.194958,1.0,0.1231316922397615
database3/database3/m.0178_j/46-FaceId-0_align.webp,0.038586,1.0,0.1054284753174668
database3/database3/m.0178d6/53-FaceId-0_align.webp,0.019408,1.0,0.0551658895871341
database3/database3/m.0178d6/9-FaceId-0_align.webp,0.038126,1.0,0.0669574029170133
database3/database3/m.0178sb/20-FaceId-0_align.webp,0.025953,1.0,0.0576868699286942
database3/database3/m.01791s/104-FaceId-0_align.webp,0.057011,1.0,0.4202568102724108
database3/database3/m.01793l/15-FaceId-0_align.webp,0.11519,1.0,0.1442776136091365
database3/database3/m.01793l/3-FaceId-0_align.webp,0.021997,1.0,0.1210106299088413
database3/database3/m.01793l/48-FaceId-0_align.webp,0.070141,1.0,0.1607268025451698
database3/database3/m.01793l/77-FaceId-0_align.webp,0.068916,1.0,0.1729619126251928
database3/database3/m.01794d/22-FaceId-0_align.webp,0.132698,1.0,0.0556939987710793
database3/database3/m.0179n7/47-FaceId-0_align.webp,0.025063,1.0,0.0616855247756534
database3/database3/m.0179ys/22-FaceId-0_align.webp,0.03888,1.0,0.0709959623149393
database3/database3/m.017_65/24-FaceId-0_align.webp,0.104039,1.0,0.116426978818283
database3/database3/m.017__g/2-FaceId-0_align.webp,0.026314,1.0,0.0560745776401695
database3/database3/m.017__g/30-FaceId-0_align.webp,0.064708,1.0,0.069112627986348
database3/database3/m.017_dr/0-FaceId-1_align.webp,0.037641,1.0,0.1532789274264062
database3/database3/m.017_dr/14-FaceId-0_align.webp,0.005491,1.0,0.075339952828815
database3/database3/m.017_dr/47-FaceId-0_align.webp,0.191478,1.0,0.0694435674822414
database3/database3/m.017_dr/57-FaceId-0_align.webp,0.038308,1.0,0.1445146757220185
database3/database3/m.017_j4/45-FaceId-0_align.webp,0.032452,1.0,0.1163233413837191
database3/database3/m.017_j4/54-FaceId-0_align.webp,0.009302,1.0,0.1223390828775766
database3/database3/m.017_j4/93-FaceId-0_align.webp,0.05205,1.0,0.1990372293234316
database3/database3/m.017_l1/23-FaceId-0_align.webp,0.033635,1.0,0.0520739169203332
database3/database3/m.017_l1/5-FaceId-0_align.webp,0.0,1.0,0.0584405009266017
database3/database3/m.017_xx/84-FaceId-0_align.webp,0.180042,0.0,0.06099698319207
database3/database3/m.017bd/83-FaceId-0_align.webp,0.002036,1.0,0.101512703774416
database3/database3/m.017bd/85-FaceId-0_align.webp,0.002715,1.0,0.1330434411902628
database3/database3/m.017bk6/90-FaceId-2_align.webp,0.056904,0.0,0.050343428036216
database3/database3/m.017bxq/72-FaceId-0_align.webp,0.032315,1.0,0.0607780631982915
database3/database3/m.017c87/108-FaceId-0_align.webp,0.012746,1.0,0.1118791235086998
database3/database3/m.017c87/7-FaceId-0_align.webp,0.008884,1.0,0.0516153611703747
database3/database3/m.017cgg/62-FaceId-0_align.webp,0.009893,1.0,0.1309277887551642
database3/database3/m.017d3v/21-FaceId-0_align.webp,0.000486,1.0,0.0358951772737281
database3/database3/m.017dpj/104-FaceId-0_align.webp,0.159674,1.0,0.130829550144449
database3/database3/m.017dpj/116-FaceId-0_align.webp,0.004563,1.0,0.1165284446384402
database3/database3/m.017dpj/14-FaceId-0_align.webp,0.012759,1.0,0.1024798218758696
database3/database3/m.017dpj/6-FaceId-0_align.webp,0.157516,1.0,0.1442251810729929
database3/database3/m.017dpj/81-FaceId-0_align.webp,0.117413,1.0,0.1684715945771465
database3/database3/m.017dpj/98-FaceId-0_align.webp,0.093515,1.0,0.1261061946902654
database3/database3/m.017f4y/21-FaceId-0_align.webp,0.009046,1.0,0.0580449430274807
database3/database3/m.017fgp/17-FaceId-0_align.webp,0.004873,1.0,0.0336011569982323
database3/database3/m.017fhk/5-FaceId-0_align.webp,0.05945,1.0,0.1008722627737225
database3/database3/m.017fhk/70-FaceId-0_align.webp,0.025921,1.0,0.051889832991503
database3/database3/m.017fhk/87-FaceId-0_align.webp,0.146412,1.0,0.1017503436009377
database3/database3/m.017fj_/2-FaceId-0_align.webp,0.022486,1.0,0.0570418898857548
database3/database3/m.017fj_/97-FaceId-0_align.webp,0.013264,1.0,0.1099098657783873
database3/database3/m.017fks/21-FaceId-0_align.webp,0.013755,1.0,0.0577832034306819
database3/database3/m.017fks/34-FaceId-0_align.webp,0.010024,1.0,0.1855223189002727
database3/database3/m.017fl5/7-FaceId-0_align.webp,0.088967,1.0,0.0646772228989037
database3/database3/m.017fl5/89-FaceId-0_align.webp,0.156395,1.0,0.0943449488638992
database3/database3/m.017fl_/0-FaceId-0_align.webp,0.016489,1.0,0.151281087514878
database3/database3/m.017fp0/26-FaceId-0_align.webp,0.014762,1.0,0.0597572331227136
database3/database3/m.017fp0/70-FaceId-0_align.webp,0.102621,1.0,0.0718173976935116
database3/database3/m.017fp0/85-FaceId-0_align.webp,0.016216,1.0,0.0673535113501343
database3/database3/m.017fp0/92-FaceId-0_align.webp,0.03683,1.0,0.1103041500852756
database3/database3/m.017frf/2-FaceId-0_align.webp,0.239226,1.0,0.0599911279590272
database3/database3/m.017frf/48-FaceId-0_align.webp,0.242631,1.0,0.067215645908389
database3/database3/m.017ft0/4-FaceId-0_align.webp,0.025186,0.0,0.0537541121073339
database3/database3/m.017fxp/62-FaceId-0_align.webp,0.006207,1.0,0.1063896700837641
database3/database3/m.017fzy/33-FaceId-0_align.webp,0.135665,1.0,0.0551181812714258
database3/database3/m.017fzy/38-FaceId-0_align.webp,0.020138,1.0,0.0667533915629064
database3/database3/m.017fzy/44-FaceId-0_align.webp,0.119262,1.0,0.0682434588385449
database3/database3/m.017fzy/7-FaceId-0_align.webp,0.042513,1.0,0.0606253362448178
database3/database3/m.017fzy/84-FaceId-0_align.webp,0.1089,1.0,0.0671387778412335
database3/database3/m.017fzy/88-FaceId-0_align.webp,0.093437,1.0,0.0573622848682992
database3/database3/m.017g21/51-FaceId-0_align.webp,0.121234,1.0,0.0739724472030882
database3/database3/m.017g2y/13-FaceId-0_align.webp,0.026164,1.0,0.0587911757634046
database3/database3/m.017gd_/53-FaceId-0_align.webp,0.006889,1.0,0.1618023622757189
database3/database3/m.017gd_/59-FaceId-0_align.webp,0.012556,1.0,0.1003203645036129
database3/database3/m.017gxw/53-FaceId-0_align.webp,0.064935,0.0,0.0601027221366204
database3/database3/m.017h4c/0-FaceId-0_align.webp,0.049628,1.0,0.1183194829178207
database3/database3/m.017h_2/23-FaceId-0_align.webp,0.06887,1.0,0.1414637311302391
database3/database3/m.017hgl/21-FaceId-0_align.webp,0.089799,1.0,0.0655991363799926
database3/database3/m.017hgl/42-FaceId-0_align.webp,0.004642,1.0,0.0690453590073902
database3/database3/m.017hjk/57-FaceId-0_align.webp,0.009431,1.0,0.0704790162730942
database3/database3/m.017hm9/3-FaceId-0_align.webp,0.001744,1.0,0.1887381275440975
database3/database3/m.017hm9/36-FaceId-0_align.webp,0.002432,1.0,0.061734085920351
database3/database3/m.017hw4/23-FaceId-0_align.webp,0.000412,1.0,0.0663105792425048
database3/database3/m.017hwl/3-FaceId-0_align.webp,0.014017,1.0,0.1354559524937615
database3/database3/m.017j1w/26-FaceId-0_align.webp,0.021211,1.0,0.051349686051288
database3/database3/m.017j1w/35-FaceId-0_align.webp,0.039099,1.0,0.0577220140133615
database3/database3/m.017j1w/8-FaceId-0_align.webp,0.052854,1.0,0.0499218614342766
database3/database3/m.017j2b/85-FaceId-0_align.webp,0.008707,1.0,0.0920362528786864
database3/database3/m.017jwg/17-FaceId-0_align.webp,0.002376,1.0,0.0826631816391563
database3/database3/m.017jwg/53-FaceId-0_align.webp,0.066995,0.0,0.0647820927012592
database3/database3/m.017jwg/82-FaceId-0_align.webp,0.035246,1.0,0.069790668192078
database3/database3/m.017kb5/32-FaceId-0_align.webp,0.006182,1.0,0.0645846238557367
database3/database3/m.017kgm/108-FaceId-1_align.webp,0.015319,1.0,0.0418723870197093
database3/database3/m.017kgm/94-FaceId-0_align.webp,0.003416,1.0,0.0512755439236523
database3/database3/m.017kq/37-FaceId-0_align.webp,0.040762,1.0,0.1173522131624925
database3/database3/m.017kq/48-FaceId-0_align.webp,0.009092,1.0,0.1150139386698526
database3/database3/m.017l4/11-FaceId-0_align.webp,0.001488,1.0,0.0500770909090907
database3/database3/m.017l4/73-FaceId-0_align.webp,0.09873,1.0,0.0626611068991659
database3/database3/m.017l4/80-FaceId-0_align.webp,0.025497,1.0,0.0875343464363819
database3/database3/m.017l7y/97-FaceId-0_align.webp,0.002424,1.0,0.0438737695425592
database3/database3/m.017lcg/63-FaceId-0_align.webp,0.136168,1.0,0.0660937622905686
database3/database3/m.017m2y/105-FaceId-0_align.webp,0.084072,0.0,0.0577851613587359
database3/database3/m.017m2y/30-FaceId-0_align.webp,0.20052,0.0,0.0744011339475548
database3/database3/m.017mrb/26-FaceId-0_align.webp,0.125876,1.0,0.0573973395026025
database3/database3/m.017q3j/27-FaceId-0_align.webp,0.040475,1.0,0.0709891936824604
database3/database3/m.017q3j/87-FaceId-1_align.webp,0.137407,1.0,0.0942836393816784
database3/database3/m.017qkp/105-FaceId-0_align.webp,0.016276,1.0,0.0582268436174578
database3/database3/m.017qkp/8-FaceId-0_align.webp,0.006413,1.0,0.0578009207275992
database3/database3/m.017r13/15-FaceId-0_align.webp,0.004576,1.0,0.0599895306229278
database3/database3/m.017r13/32-FaceId-0_align.webp,0.001926,1.0,0.0565494511480945
database3/database3/m.017r13/71-FaceId-0_align.webp,0.149849,1.0,0.0725297383029341
database3/database3/m.017r5g/69-FaceId-0_align.webp,0.246362,0.0,0.0731627089622853
database3/database3/m.017rh4/92-FaceId-0_align.webp,0.059749,1.0,0.0691549150087921
database3/database3/m.017rjs/94-FaceId-0_align.webp,0.227853,1.0,0.058739265620373
database3/database3/m.017tk3/113-FaceId-0_align.webp,0.041074,1.0,0.0731889417150906
database3/database3/m.017tk3/5-FaceId-0_align.webp,0.023981,1.0,0.0715789473684209
database3/database3/m.017tk3/61-FaceId-0_align.webp,0.058875,1.0,0.0798004637110938
database3/database3/m.017tk3/83-FaceId-0_align.webp,0.016266,1.0,0.0663045599427567
database3/database3/m.017tkv/15-FaceId-0_align.webp,0.09519,0.0,0.0517099906044472
database3/database3/m.017tkv/5-FaceId-0_align.webp,0.108291,0.0,0.0584405255878284
database3/database3/m.017tlt/70-FaceId-0_align.webp,0.079127,1.0,0.0402877482651351
database3/database3/m.017tn4/17-FaceId-0_align.webp,0.026983,1.0,0.1194779200200157
database3/database3/m.017tn4/54-FaceId-2_align.webp,0.042656,1.0,0.0966058009946635
database3/database3/m.017tnz/116-FaceId-0_align.webp,0.135035,1.0,0.0703721336189796
database3/database3/m.017vfn/43-FaceId-0_align.webp,0.036126,1.0,0.0634150856085145
database3/database3/m.017vkk/88-FaceId-0_align.webp,0.022172,0.0,0.0569482025512175
database3/database3/m.017vkx/34-FaceId-1_align.webp,0.050784,1.0,0.1365972161428696
database3/database3/m.017wbg/77-FaceId-0_align.webp,0.079706,1.0,0.0582762329082807
database3/database3/m.017x_s/36-FaceId-0_align.webp,0.021378,1.0,0.2075416168490756
database3/database3/m.017xm3/52-FaceId-0_align.webp,0.225925,0.0,0.0643827160493826
database3/database3/m.017yfz/93-FaceId-0_align.webp,0.237267,1.0,0.0
database3/database3/m.017yvm/5-FaceId-0_align.webp,0.011632,1.0,0.0688969387030328
database3/database3/m.017yvm/93-FaceId-0_align.webp,0.007487,1.0,0.1079966377136451
database3/database3/m.017yzt/119-FaceId-0_align.webp,0.299381,0.0,0.0719844191421965
database3/database3/m.017yzt/55-FaceId-0_align.webp,0.055778,0.0,0.0521450685537371
database3/database3/m.017yzt/61-FaceId-0_align.webp,0.0,0.0,0.0527522630457933
database3/database3/m.017z_/91-FaceId-0_align.webp,0.06531,1.0,0.1270938159389708
database3/database3/m.017zng/39-FaceId-0_align.webp,0.114304,1.0,0.0601821418789372
database3/database3/m.017zng/73-FaceId-0_align.webp,0.087005,1.0,0.0772702149104268
database3/database3/m.017zng/97-FaceId-0_align.webp,0.096418,1.0,0.0534745631668469
database3/database3/m.01804k/55-FaceId-0_align.webp,0.104401,0.0,0.0574777121105879
database3/database3/m.01807/65-FaceId-0_align.webp,0.087681,1.0,0.1386098994195897
database3/database3/m.01807/73-FaceId-0_align.webp,0.147607,1.0,0.1522459354047065
database3/database3/m.018144/31-FaceId-0_align.webp,0.317719,1.0,0.0624007895710818
database3/database3/m.018144/55-FaceId-0_align.webp,0.076827,1.0,0.0660536779324054
database3/database3/m.01815s/106-FaceId-0_align.webp,0.234236,0.0,0.0627515227893298
database3/database3/m.01815s/50-FaceId-0_align.webp,0.243106,0.0,0.0605937568216545
database3/database3/m.01815s/64-FaceId-0_align.webp,0.173641,0.0,0.0566828231857113
database3/database3/m.0181gp/6-FaceId-0_align.webp,0.043543,1.0,0.0636335371541092
database3/database3/m.0181j_/107-FaceId-0_align.webp,0.027129,0.0,0.0606143409026664
database3/database3/m.0181kg/14-FaceId-0_align.webp,0.119867,1.0,0.1528050553297534
database3/database3/m.0181lj/18-FaceId-0_align.webp,0.190172,1.0,0.0407561020370709
database3/database3/m.0181p_/19-FaceId-0_align.webp,0.041166,1.0,0.1132360702706776
database3/database3/m.0181p_/99-FaceId-0_align.webp,0.035046,1.0,0.0590051288795369
database3/database3/m.0181ph/4-FaceId-0_align.webp,0.019163,1.0,0.0910219049801905
database3/database3/m.0181ph/8-FaceId-0_align.webp,0.037384,1.0,0.0
database3/database3/m.0181x9/43-FaceId-0_align.webp,0.029481,1.0,0.060406042835288
database3/database3/m.0181xq/13-FaceId-0_align.webp,0.002527,0.0,0.0960373050578537
database3/database3/m.0182hg/59-FaceId-0_align.webp,0.003662,1.0,0.0517710090286734
database3/database3/m.0182q2/111-FaceId-0_align.webp,0.014398,1.0,0.064046023885814
database3/database3/m.0182q2/47-FaceId-0_align.webp,0.020684,1.0,0.0612900121880812
database3/database3/m.0182q2/58-FaceId-0_align.webp,0.034155,1.0,0.0527255726975221
database3/database3/m.0182vk/101-FaceId-0_align.webp,0.185784,1.0,0.1619518925079479
database3/database3/m.0182vk/97-FaceId-0_align.webp,0.113244,1.0,0.0658552339429171
database3/database3/m.01830j/15-FaceId-0_align.webp,0.208446,0.0,0.0796878717228909
database3/database3/m.01833g/76-FaceId-0_align.webp,0.008544,1.0,0.0691347936767339
database3/database3/m.018348/1-FaceId-0_align.webp,0.029671,1.0,0.1336626604196372
database3/database3/m.0183f9/72-FaceId-0_align.webp,0.028848,1.0,0.1188252590310836
database3/database3/m.018417/7-FaceId-0_align.webp,0.270045,0.0,0.0676909886737962
database3/database3/m.018493/45-FaceId-0_align.webp,0.059135,0.0,0.0690771131109933
database3/database3/m.0184cd/37-FaceId-0_align.webp,0.012663,0.0,0.0658628636318092
database3/database3/m.0184cd/69-FaceId-0_align.webp,0.041234,0.0,0.0617907739549165
database3/database3/m.0184jc/9-FaceId-0_align.webp,0.061679,1.0,0.076212574335705
database3/database3/m.0184xq/86-FaceId-0_align.webp,0.010468,1.0,0.0807369196757552
database3/database3/m.0185gs/107-FaceId-0_align.webp,0.133885,1.0,0.070800279501829
database3/database3/m.0187y5/50-FaceId-0_align.webp,0.011259,1.0,0.2312173078708718
database3/database3/m.0187y5/55-FaceId-0_align.webp,0.018906,1.0,0.0687841391867286
database3/database3/m.0188n0/16-FaceId-0_align.webp,0.119925,1.0,0.0704073077092802
database3/database3/m.0188n0/81-FaceId-0_align.webp,0.437819,1.0,0.0778554778554778
database3/database3/m.0188n0/93-FaceId-0_align.webp,0.241643,1.0,0.0814101338432121
database3/database3/m.0188nj/68-FaceId-0_align.webp,0.036499,1.0,0.0507682516592416
database3/database3/m.018_3q/101-FaceId-0_align.webp,0.001235,1.0,0.0976852800196647
database3/database3/m.018_3q/89-FaceId-0_align.webp,0.024563,1.0,0.0507527801539777
database3/database3/m.018_lb/81-FaceId-0_align.webp,0.104704,0.0,0.0454530910021757
database3/database3/m.018c42/45-FaceId-1_align.webp,0.268912,1.0,0.0763819298529173
database3/database3/m.018c42/5-FaceId-0_align.webp,0.033426,1.0,0.060914173178324
database3/database3/m.018cx_/16-FaceId-0_align.webp,0.128439,0.0,0.0660927439774288
database3/database3/m.018dnt/83-FaceId-0_align.webp,0.012334,1.0,0.0611688941582236
database3/database3/m.018dpq/74-FaceId-0_align.webp,0.08469,1.0,0.068092762894842
database3/database3/m.018dpq/9-FaceId-0_align.webp,0.06436,1.0,0.0777201688763794
database3/database3/m.018dq3/21-FaceId-0_align.webp,0.264271,0.0,0.0664004307637081
database3/database3/m.018dq3/43-FaceId-0_align.webp,0.005771,0.0,0.0575302346414911
database3/database3/m.018dqg/14-FaceId-0_align.webp,0.002005,1.0,0.0501813250922392
database3/database3/m.018dyl/57-FaceId-0_align.webp,0.066796,1.0,0.0436840966016264
database3/database3/m.018f07/77-FaceId-0_align.webp,0.067893,1.0,0.0804963440327177
database3/database3/m.018f07/88-FaceId-0_align.webp,0.019681,1.0,0.0577420071752864
database3/database3/m.018f_y/78-FaceId-0_align.webp,0.005574,1.0,0.2026371494090667
database3/database3/m.018fkc/18-FaceId-0_align.webp,0.048624,0.0,0.0784578893333804
database3/database3/m.018fkc/51-FaceId-0_align.webp,0.004824,1.0,0.0687145211499724
database3/database3/m.018fmr/107-FaceId-0_align.webp,0.087037,0.0,0.0653401384824041
database3/database3/m.018fmr/38-FaceId-0_align.webp,0.082888,0.0,0.1195989695746013
database3/database3/m.018fmr/39-FaceId-0_align.webp,0.154489,0.0,0.0617338801549326
database3/database3/m.018fmr/77-FaceId-0_align.webp,0.094029,0.0,0.060226913484843
database3/database3/m.018fmr/96-FaceId-0_align.webp,0.118151,0.0,0.0763029227481799
database3/database3/m.018fvy/74-FaceId-0_align.webp,0.006913,1.0,0.0575305525273967
database3/database3/m.018fwb/106-FaceId-0_align.webp,0.105164,0.0,0.0730333405970798
database3/database3/m.018fyy/5-FaceId-0_align.webp,0.161114,0.0,0.0570614479061222
database3/database3/m.018fzs/56-FaceId-0_align.webp,0.057952,1.0,0.117873412479293
database3/database3/m.018fzs/60-FaceId-0_align.webp,0.058021,1.0,0.0521736288161076
database3/database3/m.018fzs/89-FaceId-0_align.webp,0.00707,1.0,0.053095238095238
database3/database3/m.018g4z/59-FaceId-0_align.webp,0.266921,0.0,0.1306709572066662
database3/database3/m.018gcf/20-FaceId-0_align.webp,0.017916,1.0,0.0557175213427027
database3/database3/m.018gcf/28-FaceId-0_align.webp,0.0,1.0,0.0718314241267146
database3/database3/m.018gjx/0-FaceId-0_align.webp,0.03658,1.0,0.0606475600309836
database3/database3/m.018gjx/88-FaceId-1_align.webp,0.040357,1.0,0.0629068956102295
database3/database3/m.018gkb/31-FaceId-0_align.webp,0.133832,1.0,0.1735680357641798
database3/database3/m.018gkb/69-FaceId-0_align.webp,0.119964,1.0,0.0699347408829173
database3/database3/m.018gl5/55-FaceId-0_align.webp,0.0,1.0,0.0593636576513288
database3/database3/m.018gn4/7-FaceId-0_align.webp,0.045659,1.0,0.0693025322079074
database3/database3/m.018gn4/95-FaceId-0_align.webp,0.084694,1.0,0.0790799903084004
database3/database3/m.018gqj/17-FaceId-0_align.webp,0.18042,1.0,0.0651558772723532
database3/database3/m.018gqj/45-FaceId-0_align.webp,0.048033,1.0,0.0650892412714214
database3/database3/m.018gqj/51-FaceId-0_align.webp,0.113401,1.0,0.0689786044959752
database3/database3/m.018gqj/9-FaceId-0_align.webp,0.182644,1.0,0.0723000858088505
database3/database3/m.018gsl/54-FaceId-0_align.webp,0.015144,1.0,0.1773028686752197
database3/database3/m.018gw3/19-FaceId-0_align.webp,0.042889,1.0,0.1381837012104342
database3/database3/m.018h84/20-FaceId-0_align.webp,0.006714,1.0,0.0683572113748181
database3/database3/m.018h84/4-FaceId-0_align.webp,0.077047,1.0,0.0525431092099986
database3/database3/m.018hhw/26-FaceId-0_align.webp,0.058762,0.0,0.0627408150111006
database3/database3/m.018hwl/22-FaceId-0_align.webp,0.105538,1.0,0.0788938097974913
database3/database3/m.018j3w/52-FaceId-0_align.webp,0.03127,1.0,0.0456970448905932
database3/database3/m.018j4c/21-FaceId-0_align.webp,0.159984,1.0,0.068426037227261
database3/database3/m.018j4c/60-FaceId-0_align.webp,0.116911,1.0,0.0877757878291352
database3/database3/m.018j4c/72-FaceId-0_align.webp,0.050298,1.0,0.0635962511971541
database3/database3/m.018j5m/87-FaceId-0_align.webp,0.119486,0.0,0.0742529880478087
database3/database3/m.018jnn/6-FaceId-0_align.webp,0.046059,1.0,0.0524089652332488
database3/database3/m.018jnn/60-FaceId-0_align.webp,0.021036,1.0,0.0570762858129098
database3/database3/m.018jz8/4-FaceId-0_align.webp,0.129694,1.0,0.0597273017789296
database3/database3/m.018kd0/56-FaceId-0_align.webp,0.078738,1.0,0.07889421960845
database3/database3/m.018kjc/45-FaceId-0_align.webp,0.336481,1.0,0.0833662064431294
database3/database3/m.018kjc/74-FaceId-0_align.webp,0.359873,1.0,0.0774253007372913
database3/database3/m.018lb1/1-FaceId-0_align.webp,0.066363,0.0,0.0564116600520049
database3/database3/m.018lb1/113-FaceId-0_align.webp,0.174767,0.0,0.0657988021024323
database3/database3/m.018lb1/45-FaceId-0_align.webp,0.011283,0.0,0.0564929148207495
database3/database3/m.018lb1/60-FaceId-0_align.webp,0.101898,0.0,0.0549161493878389
database3/database3/m.018lb1/67-FaceId-0_align.webp,0.058712,0.0,0.0477541293987072
database3/database3/m.018lp7/31-FaceId-0_align.webp,0.068826,0.0,0.0645552650981968
database3/database3/m.018lp7/5-FaceId-0_align.webp,0.037973,0.0,0.0574862869912643
database3/database3/m.018lpm/41-FaceId-0_align.webp,0.03151,1.0,0.1107485307763686
database3/database3/m.018lx_/11-FaceId-0_align.webp,0.157239,1.0,0.0854528851894777
database3/database3/m.018lxn/67-FaceId-0_align.webp,0.041223,0.0,0.0528757201646089
database3/database3/m.018m5c/31-FaceId-0_align.webp,0.012538,1.0,0.0440388921264913
database3/database3/m.018m5c/6-FaceId-0_align.webp,0.013236,1.0,0.0512224157955864
database3/database3/m.018m5c/74-FaceId-0_align.webp,0.007729,1.0,0.0688787726506841
database3/database3/m.018mfl/68-FaceId-0_align.webp,0.01486,1.0,0.0917227779915351
database3/database3/m.018n52/37-FaceId-0_align.webp,0.024108,1.0,0.0520032180209171
database3/database3/m.018n7d/44-FaceId-0_align.webp,0.002157,1.0,0.0656261383697143
database3/database3/m.018n9d/58-FaceId-0_align.webp,0.182622,1.0,0.0652629984473812
database3/database3/m.018nqq/25-FaceId-0_align.webp,0.02666,1.0,0.0468400611980698
database3/database3/m.018nqq/56-FaceId-0_align.webp,0.002557,1.0,0.0580963810930575
database3/database3/m.018nwp/42-FaceId-0_align.webp,0.023176,1.0,0.1778702865761688
database3/database3/m.018p19/2-FaceId-0_align.webp,0.029409,1.0,0.1018358065265743
database3/database3/m.018pj3/21-FaceId-0_align.webp,0.206243,0.0,0.0443866047745357
database3/database3/m.018pkl/117-FaceId-0_align.webp,0.00271,1.0,0.0709087713130601
database3/database3/m.018ptf/125-FaceId-1_align.webp,0.193842,0.0,0.0956898980224237
database3/database3/m.018ptf/6-FaceId-0_align.webp,0.184452,1.0,0.0554582016661878
database3/database3/m.018ptf/69-FaceId-0_align.webp,0.264398,1.0,0.1079311992355469
database3/database3/m.018ptf/87-FaceId-0_align.webp,0.284614,1.0,0.0726213777629253
database3/database3/m.018pyg/114-FaceId-0_align.webp,0.004286,0.0,0.052145909061922
database3/database3/m.018pyg/50-FaceId-0_align.webp,0.094308,0.0,0.044307662005121
database3/database3/m.018q7p/61-FaceId-0_align.webp,0.113962,1.0,0.0804217391304346
database3/database3/m.018qkz/35-FaceId-0_align.webp,0.11651,0.0,0.0640457954364129
database3/database3/m.018qkz/48-FaceId-0_align.webp,0.078768,0.0,0.0617486933797908
database3/database3/m.018qlp/1-FaceId-0_align.webp,0.057596,0.0,0.0706414560876479
database3/database3/m.018qlp/2-FaceId-0_align.webp,0.201501,0.0,0.0844351537322532
database3/database3/m.018qlp/67-FaceId-0_align.webp,0.023725,0.0,0.0523475248427386
database3/database3/m.018qlp/73-FaceId-0_align.webp,0.048836,0.0,0.0603832776375911
database3/database3/m.018qlp/81-FaceId-0_align.webp,0.220874,0.0,0.065878089498758
database3/database3/m.018qlp/99-FaceId-0_align.webp,0.098556,0.0,0.0579771285126559
database3/database3/m.018qn8/16-FaceId-0_align.webp,0.180079,0.0,0.0632033793210354
database3/database3/m.018qn8/24-FaceId-0_align.webp,0.067297,0.0,0.0650684931506848
database3/database3/m.018qn8/3-FaceId-0_align.webp,0.144663,0.0,0.0628405276715321
database3/database3/m.018qpb/20-FaceId-0_align.webp,0.030827,0.0,0.0421414602346804
database3/database3/m.018qpb/42-FaceId-0_align.webp,0.04676,0.0,0.0528488538000569
database3/database3/m.018qr9/59-FaceId-0_align.webp,0.041718,0.0,0.0539338757978159
database3/database3/m.018qwf/0-FaceId-0_align.webp,0.034965,1.0,0.0481660847693057
database3/database3/m.018qx5/48-FaceId-0_align.webp,0.145397,0.0,0.148860667925893
database3/database3/m.018r3g/1-FaceId-0_align.webp,0.015575,1.0,0.1498566413107079
database3/database3/m.018rsq/63-FaceId-0_align.webp,0.05182,1.0,0.0551954991199396
database3/database3/m.018rsq/82-FaceId-0_align.webp,0.021029,1.0,0.0828125600522694
database3/database3/m.018ry5/78-FaceId-0_align.webp,0.052713,1.0,0.0657715961098397
database3/database3/m.018s7v/75-FaceId-0_align.webp,0.055964,0.0,0.0691237933202647
database3/database3/m.018slq/19-FaceId-0_align.webp,0.164016,1.0,0.0779739883290742
database3/database3/m.018swb/94-FaceId-0_align.webp,0.035612,1.0,0.0732595397611418
database3/database3/m.018t67/2-FaceId-0_align.webp,0.002151,1.0,0.0531892945154448
database3/database3/m.018t67/75-FaceId-0_align.webp,0.002161,1.0,0.0524966921705113
database3/database3/m.018t67/76-FaceId-0_align.webp,0.014984,1.0,0.0497679676344596
database3/database3/m.018tfd/63-FaceId-0_align.webp,0.039426,1.0,0.0480040514775976
database3/database3/m.018tvs/4-FaceId-0_align.webp,0.186437,1.0,0.0816681867175192
database3/database3/m.018v8c/66-FaceId-0_align.webp,0.031012,1.0,0.0474646861802823
database3/database3/m.018v_8/56-FaceId-0_align.webp,0.065146,1.0,0.0505802676135055
database3/database3/m.018vhw/41-FaceId-2_align.webp,0.017996,1.0,0.0
database3/database3/m.018vhw/84-FaceId-1_align.webp,0.010037,1.0,0.0657004218071103
database3/database3/m.018vhw/94-FaceId-0_align.webp,0.022504,1.0,0.0547078413563426
database3/database3/m.018w6s/30-FaceId-0_align.webp,0.009687,1.0,0.1614696588292002
database3/database3/m.018wh0/34-FaceId-0_align.webp,0.038341,1.0,0.0505937447733734
database3/database3/m.018wqb/36-FaceId-1_align.webp,0.061601,1.0,0.0851980354165727
database3/database3/m.018x3/82-FaceId-0_align.webp,0.000249,1.0,0.0566354474750792
database3/database3/m.018x3/89-FaceId-0_align.webp,0.006661,1.0,0.0852369752231207
database3/database3/m.018xrz/49-FaceId-0_align.webp,0.084464,1.0,0.0749139648614381
database3/database3/m.018y0w/54-FaceId-0_align.webp,0.014612,1.0,0.0568808516095933
database3/database3/m.018y2s/21-FaceId-0_align.webp,0.010478,1.0,0.066154074074074
database3/database3/m.018y4x/104-FaceId-0_align.webp,0.014664,1.0,0.0576030205598654
database3/database3/m.018y4x/94-FaceId-0_align.webp,0.083805,1.0,0.04240531520774
database3/database3/m.018ycp/32-FaceId-0_align.webp,0.169605,1.0,0.0597711050947575
database3/database3/m.018ycp/64-FaceId-0_align.webp,0.011204,1.0,0.0544558791329099
