filename,target,gender,pred
database1/img00000154.webp,0.036749,1.0,0.0345263326208543
database1/img00000271.webp,0.229724,1.0,0.0488247423977122
database1/img00000323.webp,0.120628,0.0,0.0345740012336728
database1/img00000364.webp,0.00341,1.0,0.0306934469060725
database1/img00000371.webp,0.000249,1.0,0.0374173750572434
database1/img00000438.webp,0.102267,0.0,0.0361118101161335
database1/img00000448.webp,0.032257,0.0,0.0367007473072142
database1/img00000477.webp,0.158779,0.0,0.0255573584577657
database1/img00000491.webp,0.333523,0.0,0.0435143730865428
database1/img00000679.webp,0.022454,0.0,0.0325199555199149
database1/img00000766.webp,0.241328,0.0,0.0446872225817703
database1/img00000781.webp,0.01402,1.0,0.0324386518637173
database1/img00000793.webp,0.308688,0.0,0.0529220070727431
database1/img00000806.webp,0.083687,1.0,0.0333307804626913
database1/img00000857.webp,0.167176,0.0,0.0381886495306311
database1/img00000882.webp,0.118298,0.0,0.0369795625341489
database1/img00000903.webp,0.006576,1.0,0.0412487396458731
database1/img00000929.webp,0.021546,1.0,0.0391634276775972
database1/img00000941.webp,0.232414,0.0,0.0425060502757809
database1/img00001032.webp,0.044127,1.0,0.042810753060172
database1/img00001145.webp,0.022379,1.0,0.0297208151883567
database1/img00001291.webp,0.022322,0.0,0.0334010215700566
database1/img00001371.webp,0.148865,0.0,0.0367576037510939
database1/img00001491.webp,0.264813,0.0,0.0531109018854476
database1/img00001551.webp,0.054068,1.0,0.0348466702460829
database1/img00001573.webp,0.095382,0.0,0.0278469403815434
database1/img00001650.webp,0.088325,0.0,0.0261105570264438
database1/img00001652.webp,0.074782,1.0,0.0354084138292859
database1/img00001674.webp,0.188753,0.0,0.0520598937528418
database1/img00001701.webp,0.002942,1.0,0.0358528755415127
database1/img00001779.webp,0.009358,1.0,0.0753425407925742
database1/img00001812.webp,0.017934,0.0,0.0277647390399045
database1/img00001859.webp,0.006232,1.0,0.0422298883982424
database1/img00001872.webp,0.094988,0.0,0.0361295812476812
database1/img00001883.webp,0.015755,0.0,0.0386773718728654
database1/img00001978.webp,0.02291,1.0,0.042233525656573
database1/img00002013.webp,0.068771,1.0,0.0315127296149717
database1/img00002073.webp,0.265663,0.0,0.0428841178778525
database1/img00002136.webp,0.083835,0.0,0.0365654698785605
database1/img00002187.webp,0.062593,1.0,0.0393799758761609
database1/img00002221.webp,0.024328,1.0,0.0368938747707125
database1/img00002227.webp,0.172367,0.0,0.0416135606264276
database1/img00002414.webp,0.290565,0.0,0.0766715283814506
database1/img00002415.webp,0.370759,0.0,0.050374310563818
database1/img00002527.webp,0.008082,0.0,0.0336570543252235
database1/img00002649.webp,0.108227,0.0,0.0351219516542585
database1/img00002695.webp,0.191496,0.0,0.0367330095909709
database1/img00002698.webp,0.019352,0.0,0.0364421859345131
database1/img00002713.webp,0.025594,1.0,0.0418841468784615
database1/img00002737.webp,0.01324,1.0,0.0358051690294044
database1/img00002813.webp,0.015997,0.0,0.0280668927324771
database1/img00002915.webp,0.059948,0.0,0.0339681051342942
database1/img00002916.webp,0.061003,0.0,0.036202325652201
database1/img00003052.webp,0.34648,0.0,0.0428971681636826
database1/img00003146.webp,0.130163,0.0,0.0249900439505725
database1/img00003162.webp,0.193332,0.0,0.0450729031028431
database1/img00003199.webp,0.314562,0.0,0.04266737891787
database1/img00003273.webp,0.126445,0.0,0.047870037566993
database1/img00003300.webp,0.007141,1.0,0.0397526044813171
database1/img00003360.webp,0.008946,1.0,0.0345699889134355
database1/img00003390.webp,0.054933,0.0,0.038942926820819
database1/img00003437.webp,0.01322,1.0,0.0300829116492243
database1/img00003452.webp,0.040754,0.0,0.0280212998739374
database1/img00003584.webp,0.23463,0.0,0.0452439176652111
database1/img00003713.webp,0.000555,1.0,0.0231109899802802
database1/img00003746.webp,0.099051,1.0,0.0383144422153386
database1/img00003877.webp,0.01258,0.0,0.036958102996763
database1/img00003884.webp,0.091278,0.0,0.0320675941926333
database1/img00003887.webp,0.010493,1.0,0.0595292926654272
database1/img00003978.webp,0.178955,0.0,0.0228167331916673
database1/img00004026.webp,0.365443,0.0,0.0480292884396442
database1/img00004041.webp,0.094007,0.0,0.0316088098709275
database1/img00004164.webp,0.026259,1.0,0.0319165541660885
database1/img00004216.webp,0.034337,0.0,0.0309217313092374
database1/img00004261.webp,0.165876,0.0,0.04450514588677
database1/img00004273.webp,0.156777,0.0,0.0316049139460442
database1/img00004308.webp,0.126358,0.0,0.0365835500128589
database1/img00004416.webp,0.13739,1.0,0.0357904568186845
database1/img00004426.webp,0.364242,1.0,0.0547411286871006
database1/img00004540.webp,0.140347,0.0,0.0293590563089246
database1/img00004621.webp,0.130906,0.0,0.0385862876091453
database1/img00004701.webp,0.060368,0.0,0.0245364220122015
database1/img00004841.webp,0.021785,1.0,0.0327581800283643
database1/img00004851.webp,0.058337,1.0,0.0379911678264092
database1/img00004895.webp,0.001337,1.0,0.0306365624839698
database1/img00005027.webp,0.095752,1.0,0.0457079573522489
database1/img00005030.webp,0.114344,0.0,0.0394853402156283
database1/img00005095.webp,0.018419,0.0,0.0370273967783914
database1/img00005116.webp,0.107525,0.0,0.0427054049191172
database1/img00005179.webp,0.058586,1.0,0.0384747118536555
database1/img00005208.webp,0.021009,1.0,0.0758392660275236
database1/img00005271.webp,0.408256,0.0,0.0542782905995147
database1/img00005293.webp,0.043233,0.0,0.0368478442977553
database1/img00005339.webp,0.173984,0.0,0.0274240746055038
database1/img00005347.webp,0.002911,0.0,0.0215185091916393
database1/img00005361.webp,0.189098,0.0,0.0348651696666261
database1/img00005501.webp,0.145725,0.0,0.0346464321097528
database1/img00005507.webp,0.232343,0.0,0.0631599365216139
database1/img00005509.webp,0.003247,1.0,0.0688050040031185
database1/img00005522.webp,0.185571,0.0,0.0301884635066641
database1/img00005579.webp,0.037795,1.0,0.0385950635988819
database1/img00005689.webp,0.281579,0.0,0.03589416887557
database1/img00005696.webp,0.366924,0.0,0.0607106320585856
database1/img00005723.webp,0.013358,0.0,0.0402102212108022
database1/img00005726.webp,0.041346,1.0,0.0376100449441422
database1/img00005753.webp,0.009879,0.0,0.0348766427064043
database1/img00005766.webp,0.177714,0.0,0.0379784698778168
database1/img00005768.webp,0.024309,1.0,0.0438915747351719
database1/img00005822.webp,0.022373,0.0,0.0281993890552813
database1/img00005851.webp,0.375359,0.0,0.0425626535386742
database1/img00005896.webp,0.063671,0.0,0.0410009142031701
database1/img00005910.webp,0.374925,0.0,0.0400024661228954
database1/img00006003.webp,0.020291,1.0,0.0381492099973318
database1/img00006021.webp,0.018409,1.0,0.0755720726382187
database1/img00006047.webp,0.105454,0.0,0.0342106388050221
database1/img00006101.webp,0.326093,0.0,0.0477241888338018
database1/img00006168.webp,0.00248,1.0,0.0249076757684581
database1/img00006196.webp,0.0412,1.0,0.0350390635151372
database1/img00006204.webp,0.331116,1.0,0.0446123752014192
database1/img00006269.webp,0.011789,1.0,0.0368331121225143
database1/img00006334.webp,0.003849,1.0,0.0259150531820352
database1/img00006414.webp,0.208227,0.0,0.0404024044945155
database1/img00006420.webp,0.026323,1.0,0.0390583551988002
database1/img00006436.webp,0.008945,1.0,0.0439464116675135
database1/img00006571.webp,0.06176,0.0,0.0311231211387376
database1/img00006576.webp,0.028441,1.0,0.04521858601004
database1/img00006629.webp,0.000814,1.0,0.0213516213934259
database1/img00006690.webp,0.119839,0.0,0.0335630414696944
database1/img00006694.webp,0.019638,1.0,0.0319132106730253
database1/img00006722.webp,0.383369,0.0,0.0570342926781581
database1/img00006757.webp,0.169654,1.0,0.0543291614459853
database1/img00007032.webp,0.079705,0.0,0.0367391514020881
database1/img00007152.webp,0.296672,0.0,0.0506099497715438
database1/img00007289.webp,0.004896,1.0,0.0407257022343981
database1/img00007329.webp,0.096683,0.0,0.0379904249102872
database1/img00007335.webp,0.012784,1.0,0.040166173760207
database1/img00007354.webp,0.047242,0.0,0.0311005605349763
database1/img00007383.webp,0.020362,1.0,0.0264811095149497
database1/img00007416.webp,0.105824,1.0,0.0426804052369984
database1/img00007435.webp,0.275659,0.0,0.0644023230757939
database1/img00007452.webp,0.091268,0.0,0.0331598673371374
database1/img00007454.webp,0.052407,1.0,0.045239975211282
database1/img00007468.webp,0.289625,0.0,0.0617318018623986
database1/img00007470.webp,0.024029,1.0,0.0906410087823633
database1/img00007537.webp,0.023879,0.0,0.0337189333711483
database1/img00007538.webp,0.239526,0.0,0.0399875355343351
database1/img00007592.webp,0.092299,0.0,0.0352957397413262
database1/img00007663.webp,0.000453,1.0,0.0285073314685471
database1/img00007675.webp,0.145663,0.0,0.0323904930591363
database1/img00007764.webp,0.212475,0.0,0.037373385930754
database1/img00007790.webp,0.273678,0.0,0.0495536987119157
database1/img00007837.webp,0.07434,0.0,0.0332910482015056
database1/img00007851.webp,0.187909,0.0,0.0397488285060952
database1/img00007897.webp,0.021438,1.0,0.0364018888733072
database1/img00007955.webp,0.100119,0.0,0.0345612151637023
database1/img00007965.webp,0.126287,0.0,0.0268685883416271
database1/img00008054.webp,0.125876,0.0,0.0285170015149652
database1/img00008062.webp,0.192134,0.0,0.0522987475212697
database1/img00008079.webp,0.010384,1.0,0.0339330520255303
database1/img00008191.webp,0.127108,1.0,0.0463327226299869
database1/img00008233.webp,0.03355,1.0,0.0400801393145845
database1/img00008333.webp,0.123145,0.0,0.0343280250369248
database1/img00008350.webp,0.003002,0.0,0.025443033423398
database1/img00008419.webp,0.136366,0.0,0.0380093870971913
database1/img00008444.webp,0.19563,0.0,0.0366445023596061
database1/img00008485.webp,0.153649,0.0,0.0281660718594267
database1/img00008500.webp,0.243166,1.0,0.0418327488431828
database1/img00008540.webp,0.020411,1.0,0.0369666278749519
database1/img00008619.webp,0.172849,1.0,0.0391528338706537
database1/img00008684.webp,0.116788,1.0,0.070413733916057
database1/img00008694.webp,0.257404,1.0,0.0528052532271342
database1/img00008702.webp,0.150713,0.0,0.0360180861009415
database1/img00008778.webp,0.047436,1.0,0.0411591156505097
database1/img00008864.webp,0.142253,1.0,0.0390549477306617
database1/img00008929.webp,0.025151,1.0,0.0287776299093153
database1/img00009119.webp,0.134423,0.0,0.0356650072162123
database1/img00009131.webp,0.11769,0.0,0.0322696812464392
database1/img00009180.webp,0.22272,0.0,0.0479519176915921
database1/img00009210.webp,0.133618,1.0,0.0345982923937593
database1/img00009215.webp,0.015083,1.0,0.0761779911644969
database1/img00009309.webp,0.232271,0.0,0.0615039131241075
database1/img00009310.webp,0.032707,1.0,0.0435817536307767
database1/img00009395.webp,0.188981,0.0,0.0297850373585358
database1/img00009397.webp,0.022474,0.0,0.0283635952615129
database1/img00009399.webp,0.009987,1.0,0.0302345004539095
database1/img00009423.webp,0.205953,0.0,0.0371602573261669
database1/img00009521.webp,0.096612,0.0,0.0314151141133444
database1/img00009606.webp,0.062144,1.0,0.0336544891849791
database1/img00009643.webp,0.076471,0.0,0.0331456528729976
database1/img00009666.webp,0.249637,0.0,0.0376892293324622
database1/img00009740.webp,0.056754,0.0,0.0341429616981426
database1/img00009804.webp,0.00402,1.0,0.0552254711968242
database1/img00009898.webp,0.123271,0.0,0.0343337899167283
database1/img00009952.webp,0.220282,0.0,0.0422930181035496
database1/img00009963.webp,0.081114,1.0,0.0388647123774263
database1/img00010009.webp,0.161796,0.0,0.0325937003233948
database1/img00010196.webp,0.131846,0.0,0.0340599011388668
database1/img00010250.webp,0.119697,0.0,0.0497123534410868
database1/img00010353.webp,0.145055,0.0,0.0357306732523926
database1/img00010363.webp,0.133258,0.0,0.0352005878726343
database1/img00010383.webp,0.010398,1.0,0.0204944975961084
database1/img00010445.webp,0.356323,0.0,0.0399558313717825
database1/img00010509.webp,0.056891,1.0,0.0505801574178624
database1/img00010530.webp,0.091729,0.0,0.0371958338880594
database1/img00010535.webp,0.304853,0.0,0.0544990421625025
database1/img00010537.webp,0.013696,0.0,0.0377441668662649
database1/img00010580.webp,0.154987,1.0,0.0351443168464707
database1/img00010612.webp,0.334599,0.0,0.04344939588653
database1/img00010629.webp,0.060911,0.0,0.0296171164719752
database1/img00010643.webp,0.114721,1.0,0.0346889774627125
database1/img00010674.webp,0.023709,0.0,0.0297939981384133
database1/img00010757.webp,0.206361,0.0,0.0392560701355809
database1/img00010780.webp,0.013969,0.0,0.0354463416498657
database1/img00010790.webp,0.031334,0.0,0.0308712212924809
database1/img00010806.webp,0.065196,0.0,0.0350750886878983
database1/img00010887.webp,0.081617,0.0,0.0351915868406502
database1/img00010888.webp,0.233141,1.0,0.0532513849085725
database1/img00010982.webp,0.00745,1.0,0.0423135890185453
database1/img00010983.webp,0.20866,0.0,0.0375035887129849
database1/img00011118.webp,0.178597,1.0,0.0668916016230345
database1/img00011128.webp,0.27358,1.0,0.0420395346977816
database1/img00011142.webp,0.28074,1.0,0.0463518384117665
database1/img00011296.webp,0.108452,1.0,0.0457022484896166
database1/img00011507.webp,0.092578,0.0,0.0325401017982452
database1/img00011516.webp,0.087323,0.0,0.0347759688970958
database1/img00011597.webp,0.091441,0.0,0.0346729656184442
database1/img00011619.webp,0.253533,0.0,0.045433448878461
database1/img00011623.webp,0.079619,0.0,0.0316447375588974
database1/img00011711.webp,0.412517,0.0,0.0576942854344458
database1/img00011737.webp,0.360567,0.0,0.0485328464872357
database1/img00011787.webp,0.009168,1.0,0.0331230899829089
database1/img00011827.webp,0.096535,0.0,0.0371253273692901
database1/img00011910.webp,0.153312,0.0,0.034239697972397
database1/img00011946.webp,0.118833,0.0,0.0368074928721317
database1/img00011981.webp,0.044401,1.0,0.0366966420965806
database1/img00011982.webp,0.064973,1.0,0.0320401375810634
database1/img00012046.webp,0.013245,1.0,0.0372516052738563
database1/img00012050.webp,0.169118,0.0,0.0331889262009975
database1/img00012055.webp,0.118938,0.0,0.0368470120588912
database1/img00012083.webp,0.105677,1.0,0.0332395483408283
database1/img00012173.webp,0.148639,0.0,0.0358816576614206
database1/img00012174.webp,0.13274,0.0,0.0361303045457193
database1/img00012175.webp,0.161502,0.0,0.0402934373708671
database1/img00012194.webp,0.057599,0.0,0.0361259981273693
database1/img00012259.webp,0.022948,1.0,0.0590244192345168
database1/img00012293.webp,0.081765,0.0,0.037088941456637
database1/img00012367.webp,0.265563,0.0,0.0503246500858591
database1/img00012402.webp,0.08769,0.0,0.0365413829032181
database1/img00012413.webp,0.178087,0.0,0.0367822034397425
database1/img00012417.webp,0.047864,1.0,0.0330332110718896
database1/img00012444.webp,0.279593,0.0,0.0427864125854169
database1/img00012509.webp,0.14518,0.0,0.0289886302500657
database1/img00012555.webp,0.159567,0.0,0.0400681589990822
database1/img00012681.webp,0.00788,1.0,0.0309795319812359
database1/img00012805.webp,0.03627,0.0,0.0357103955183803
database1/img00012844.webp,0.027729,1.0,0.0370664960175768
database1/img00012874.webp,0.002528,1.0,0.0567723821261792
database1/img00012883.webp,0.105193,1.0,0.0333288446489529
database1/img00012980.webp,0.021348,1.0,0.0362967677824976
database1/img00013033.webp,0.378744,0.0,0.0515824073727699
database1/img00013074.webp,0.20406,0.0,0.049838805563785
database1/img00013089.webp,0.0,1.0,0.025760389057793
database1/img00013099.webp,0.124905,0.0,0.0501032585228932
database1/img00013109.webp,0.255454,0.0,0.0876463300892097
database1/img00013151.webp,0.003784,1.0,0.0302609325717149
database1/img00013182.webp,0.112701,0.0,0.0342309513978615
database1/img00013213.webp,0.208104,1.0,0.0435004439451912
database1/img00013311.webp,0.021686,1.0,0.0368177141885761
database1/img00013313.webp,0.096531,0.0,0.040828324721933
database1/img00013345.webp,0.111239,1.0,0.040397598092907
database1/img00013392.webp,0.234015,0.0,0.0378112970919849
database1/img00013433.webp,0.013693,1.0,0.0370400188909532
database1/img00013450.webp,0.007936,1.0,0.0323341060854206
database1/img00013515.webp,0.055869,0.0,0.0347623517437944
database1/img00013591.webp,0.097683,0.0,0.0317712186901343
database1/img00013659.webp,0.005492,0.0,0.0373245377955503
database1/img00013777.webp,0.039118,0.0,0.0330625677769418
database1/img00013856.webp,0.08085,0.0,0.04374810491426
database1/img00013896.webp,0.155239,0.0,0.0395999657673292
database1/img00013978.webp,0.216187,1.0,0.0359940482824414
database1/img00014030.webp,0.009111,0.0,0.0400129112036514
database1/img00014146.webp,0.019737,0.0,0.0358360748603314
database1/img00014277.webp,0.009327,1.0,0.0413994255563368
database1/img00014440.webp,0.313716,0.0,0.0499055510092744
database1/img00014506.webp,0.002933,0.0,0.0352469160898851
database1/img00014634.webp,0.124116,1.0,0.0371310573683815
database1/img00014645.webp,0.294956,1.0,0.0454611018132914
database1/img00014657.webp,0.009173,1.0,0.0288983683645312
database1/img00014808.webp,0.222577,0.0,0.0443846214147328
database1/img00014845.webp,0.184098,0.0,0.0391531277941635
database1/img00014912.webp,0.085464,0.0,0.0375045815886173
database1/img00014924.webp,0.071344,1.0,0.0440287016774968
database1/img00015038.webp,0.222266,1.0,0.0425423716870931
database1/img00015081.webp,0.134204,0.0,0.0535778120917502
database1/img00015348.webp,0.225921,0.0,0.0455004321367433
database1/img00015359.webp,0.033386,0.0,0.0340777513685444
database1/img00015476.webp,0.164199,0.0,0.0519828037145935
database1/img00015498.webp,0.128891,0.0,0.0316120898394888
database1/img00015505.webp,0.086803,0.0,0.0353959375333756
database1/img00015509.webp,0.096299,1.0,0.0426325454541785
database1/img00015766.webp,0.128287,0.0,0.0341111244211347
database1/img00015784.webp,0.198335,0.0,0.0352916138324409
database1/img00015947.webp,0.126497,0.0,0.0343547279146336
database1/img00016004.webp,0.076385,0.0,0.0360502237270047
database1/img00016096.webp,0.018479,1.0,0.033963476165864
database1/img00016164.webp,0.009807,1.0,0.0342496254224642
database1/img00016181.webp,0.000908,1.0,0.028622533281901
database1/img00016288.webp,0.368142,0.0,0.0570438737072926
database1/img00016296.webp,0.233928,0.0,0.0372179765123303
database1/img00016398.webp,0.070727,0.0,0.0355828248870945
database1/img00016442.webp,0.050167,0.0,0.0337874508385617
database1/img00016457.webp,0.145227,1.0,0.0383700481443192
database1/img00016490.webp,0.091022,0.0,0.0297838562627264
database1/img00016497.webp,0.144198,0.0,0.0382977946471751
database1/img00016611.webp,0.10049,0.0,0.0353078399749543
database1/img00016679.webp,0.001846,0.0,0.0371533476694003
database1/img00016886.webp,0.012909,1.0,0.0319766025040796
database1/img00016934.webp,0.076123,1.0,0.0312763060829967
database1/img00016955.webp,0.030027,1.0,0.0448619616432264
database1/img00017135.webp,0.137474,0.0,0.0351990985102788
database1/img00017144.webp,0.291437,0.0,0.0407392065803723
database1/img00017157.webp,0.097188,0.0,0.0344096785351293
database1/img00017237.webp,0.019539,0.0,0.0320567454463452
database1/img00017467.webp,0.193369,0.0,0.0448613883786336
database1/img00017485.webp,0.231654,0.0,0.0630644720055971
database1/img00017623.webp,0.273226,0.0,0.039913416485437
database1/img00017648.webp,0.013591,1.0,0.0287909171580652
database1/img00017737.webp,0.0127,1.0,0.0369802594426027
database1/img00017893.webp,0.369649,0.0,0.0412204817512294
database1/img00018025.webp,0.125656,0.0,0.032219070663928
database1/img00018042.webp,0.016056,1.0,0.0323546430681646
database1/img00018045.webp,0.096288,0.0,0.0339237329004047
database1/img00018076.webp,0.184672,1.0,0.0367921464388286
database1/img00018117.webp,0.020611,0.0,0.0385619660863606
database1/img00018133.webp,0.049189,0.0,0.0353758335184733
database1/img00018173.webp,0.28192,0.0,0.0438534861262294
database1/img00018225.webp,0.130293,0.0,0.0315400902563894
database1/img00018284.webp,0.238474,0.0,0.0411358122412914
database1/img00018380.webp,0.182421,0.0,0.0346715662149495
database1/img00018422.webp,0.021826,0.0,0.0351558677476502
database1/img00018465.webp,0.041569,1.0,0.0383068943453867
database1/img00018500.webp,0.147015,0.0,0.033373559484159
database1/img00018591.webp,0.11045,0.0,0.0405684772030525
database1/img00018619.webp,0.026771,1.0,0.0379386695081385
database1/img00018643.webp,0.14475,0.0,0.0389540802318474
database1/img00018689.webp,0.008002,0.0,0.0357797551160036
database1/img00018779.webp,0.045676,1.0,0.0340016872242519
database1/img00018873.webp,0.099329,0.0,0.0333123456252961
database1/img00018963.webp,0.0236,1.0,0.0973495134644757
database1/img00019125.webp,0.039224,1.0,0.0402918078346576
database1/img00019151.webp,0.151887,0.0,0.0497262977348152
database1/img00019162.webp,0.357571,0.0,0.0486607609451617
database1/img00019165.webp,0.070241,1.0,0.0430442679556424
database1/img00019172.webp,0.017685,0.0,0.0280139443340247
database1/img00019200.webp,0.017214,1.0,0.0335456532605597
database1/img00019353.webp,0.013152,0.0,0.0332104705973625
database1/img00019360.webp,0.02429,1.0,0.0329283075504836
database1/img00019362.webp,0.226958,0.0,0.0356863509556186
database1/img00019406.webp,0.122785,0.0,0.0342338423680685
database1/img00019511.webp,0.00639,1.0,0.0313803308906286
database1/img00019553.webp,0.097165,0.0,0.0337076740003211
database1/img00019616.webp,0.008603,1.0,0.0397599501703448
database1/img00019625.webp,0.044642,1.0,0.0435837384929478
database1/img00019811.webp,0.135181,0.0,0.0353055582555272
database1/img00019846.webp,0.085115,0.0,0.0358456527810188
database1/img00019883.webp,0.295134,0.0,0.0571364640391302
database1/img00019956.webp,0.121542,0.0,0.0349991537377174
database1/img00020019.webp,0.245216,0.0,0.03968504501287
database1/img00020092.webp,0.229511,0.0,0.044334470694976
database1/img00020095.webp,0.369647,0.0,0.04343810418886
database1/img00020106.webp,0.016139,1.0,0.0289388785360715
database1/img00020280.webp,0.093764,0.0,0.0354402013891546
database1/img00020383.webp,0.174486,0.0,0.0370369986946474
database1/img00020425.webp,0.105022,0.0,0.0320892458049875
database1/img00020495.webp,0.101841,0.0,0.0357588381048709
database1/img00020506.webp,0.143822,0.0,0.0375184117874715
database1/img00020690.webp,0.113169,0.0,0.0313823731980103
database1/img00020757.webp,0.123725,0.0,0.0362570376947526
database1/img00020765.webp,0.148549,0.0,0.035474958945045
database1/img00020799.webp,0.406729,0.0,0.0600206164728878
database1/img00020831.webp,0.0,1.0,0.0232308982292165
database1/img00020839.webp,0.164052,0.0,0.0336955667285214
database1/img00020840.webp,0.164657,0.0,0.0388056204108575
database1/img00020876.webp,0.039848,0.0,0.0354264739426092
database1/img00020958.webp,0.18413,1.0,0.0358753188062719
database1/img00021024.webp,0.011248,1.0,0.0390483043380916
database1/img00021028.webp,0.079159,0.0,0.0303842696820376
database1/img00021119.webp,0.231027,0.0,0.0291751222550061
database1/img00021174.webp,0.029653,1.0,0.0347191493377623
database1/img00021203.webp,0.100309,1.0,0.0663356415047107
database1/img00021240.webp,0.12352,0.0,0.037355648269691
database1/img00021256.webp,0.115372,0.0,0.0336660480175826
database1/img00021294.webp,0.230757,0.0,0.0438011013116047
database1/img00021336.webp,0.216002,0.0,0.0380605417057895
database1/img00021374.webp,0.038864,0.0,0.0349896486800039
database1/img00021382.webp,0.023478,1.0,0.0710276830041988
database1/img00021398.webp,0.118902,0.0,0.0787642289111368
database1/img00021523.webp,0.125539,0.0,0.0359840127343492
database1/img00021529.webp,0.020743,0.0,0.0360450378027525
database1/img00021585.webp,0.323915,0.0,0.0385393100350765
database1/img00021592.webp,0.053661,1.0,0.0400157623973235
database1/img00021620.webp,0.012103,1.0,0.0396584608745502
database1/img00021622.webp,0.258145,0.0,0.0410265991077156
database1/img00021629.webp,0.347567,0.0,0.0492308058447968
database1/img00021724.webp,0.117861,0.0,0.0371191771627062
database1/img00021737.webp,0.042247,1.0,0.0350079845072492
database1/img00021763.webp,0.319156,0.0,0.0607994719722826
database1/img00021881.webp,0.200485,0.0,0.0338585248091998
database1/img00021891.webp,0.158308,0.0,0.0358280830707738
database1/img00022037.webp,0.280548,0.0,0.0484867554584323
database1/img00022062.webp,0.084716,1.0,0.0317999149469064
database1/img00022089.webp,0.105552,0.0,0.0354899115675471
database1/img00022098.webp,0.019455,1.0,0.0352974714514812
database1/img00022099.webp,0.017022,1.0,0.0410098005267693
database1/img00022106.webp,0.009696,1.0,0.0343105176182873
database1/img00022110.webp,0.247685,0.0,0.0575476188483055
database1/img00022174.webp,0.246505,1.0,0.0423442953830913
database1/img00022220.webp,0.197348,0.0,0.0675666156763107
database1/img00022367.webp,0.130304,0.0,0.0374392232184729
database1/img00022458.webp,0.178211,1.0,0.0295259032963818
database1/img00022462.webp,0.147091,1.0,0.037390636597407
database1/img00022521.webp,0.025301,1.0,0.0322279672238751
database1/img00022669.webp,0.094607,1.0,0.0869594799623306
database1/img00022715.webp,0.056654,0.0,0.0276657774308111
database1/img00022789.webp,0.207616,0.0,0.0615697107009253
database1/img00022833.webp,0.037262,1.0,0.0375423287908481
database1/img00022848.webp,0.082086,0.0,0.0354411678802509
database1/img00022964.webp,0.170935,0.0,0.0383054218884973
database1/img00023014.webp,0.001544,1.0,0.0843124162073289
database1/img00023146.webp,0.103648,1.0,0.0414327181608335
database1/img00023176.webp,0.028973,1.0,0.0562780042270422
database1/img00023181.webp,0.102577,0.0,0.0369829904366812
database1/img00023337.webp,0.089515,0.0,0.0319288456010701
database1/img00023439.webp,0.005019,1.0,0.0341214389350829
database1/img00023478.webp,0.105124,0.0,0.031361203623191
database1/img00023517.webp,0.050744,0.0,0.0368843966387663
database1/img00023568.webp,0.010958,1.0,0.0405912527547929
database1/img00023725.webp,0.203847,0.0,0.0353674365306975
database1/img00023876.webp,0.079286,0.0,0.0329807496907909
database1/img00023903.webp,0.124474,0.0,0.0276687569190416
database1/img00024004.webp,0.151347,0.0,0.0376108106233876
database1/img00024033.webp,0.008003,1.0,0.0381189075722702
database1/img00024054.webp,0.158105,0.0,0.0356395774309077
database1/img00024075.webp,0.098827,0.0,0.0362245675476732
database1/img00024097.webp,0.056329,1.0,0.0334776055024653
database1/img00024151.webp,0.223931,0.0,0.0320152799689645
database1/img00024251.webp,0.125194,0.0,0.0355400215794467
database1/img00024286.webp,0.203387,0.0,0.059507601963289
database1/img00024330.webp,0.039351,0.0,0.0427451457244753
database1/img00024429.webp,0.001011,1.0,0.0256830415112728
database1/img00024472.webp,0.231978,0.0,0.0419341754885614
database1/img00024480.webp,0.229159,0.0,0.0361854167245255
database1/img00024496.webp,0.010786,0.0,0.0396459794974396
database1/img00024553.webp,0.040348,1.0,0.0373578742023677
database1/img00024607.webp,0.016616,1.0,0.0399242546796542
database1/img00024687.webp,0.27365,0.0,0.044018580651098
database1/img00024753.webp,0.192923,0.0,0.0388615206202529
database1/img00024774.webp,0.053221,0.0,0.0347855101028087
database1/img00025064.webp,0.015037,0.0,0.0280120904746326
database1/img00025075.webp,0.298755,0.0,0.0471900706770543
database1/img00025133.webp,0.155681,1.0,0.0409702774074893
database1/img00025166.webp,0.014644,0.0,0.0370924410031584
database1/img00025308.webp,0.026547,1.0,0.03656646105177
database1/img00025347.webp,0.003317,1.0,0.0384715419946675
database1/img00025392.webp,0.084647,0.0,0.0363332703043805
database1/img00025465.webp,0.083236,0.0,0.0477055189457167
database1/img00025509.webp,0.003962,0.0,0.0394047108965108
database1/img00025534.webp,0.073372,0.0,0.0333163564996199
database1/img00025566.webp,0.059194,1.0,0.0389491884326981
database1/img00025641.webp,0.045629,1.0,0.0404472661763879
database1/img00025678.webp,0.113275,0.0,0.036266451019988
database1/img00025969.webp,0.033245,1.0,0.0357715019439022
database1/img00026052.webp,0.217685,0.0,0.0391976531165168
database1/img00026073.webp,0.052874,0.0,0.0330291415098639
database1/img00026088.webp,0.15625,0.0,0.0394948937459711
database1/img00026103.webp,0.013345,1.0,0.0418585712275643
database1/img00026169.webp,0.063574,1.0,0.0472457910805849
database1/img00026178.webp,0.317092,0.0,0.048581770357611
database1/img00026249.webp,0.008453,1.0,0.0410259076416754
database1/img00026281.webp,0.219012,1.0,0.0435981215564061
database1/img00026282.webp,0.011198,1.0,0.0389132954126834
database1/img00026305.webp,0.138547,1.0,0.0392798870077741
database1/img00026333.webp,0.154155,0.0,0.0352428932371508
database1/img00026341.webp,0.145098,0.0,0.076369305364572
database1/img00026380.webp,0.102089,0.0,0.0386068383879872
database1/img00026418.webp,0.030072,1.0,0.0337743667802601
database1/img00026462.webp,0.007743,0.0,0.0342102519362966
database1/img00026473.webp,0.0,1.0,0.0328053231511526
database1/img00026493.webp,0.222605,0.0,0.0371703936812089
database1/img00026505.webp,0.024604,1.0,0.0413879267952365
database1/img00026554.webp,0.005176,1.0,0.0379954490314717
database1/img00026653.webp,0.0,0.0,0.021353838501954
database1/img00026673.webp,0.305916,0.0,0.0405689704788358
database1/img00026714.webp,0.210407,0.0,0.0386247799580187
database1/img00026908.webp,0.046474,0.0,0.035718215458298
database1/img00027013.webp,0.003769,0.0,0.031775775012589
database1/img00027032.webp,0.007456,0.0,0.0404368353522297
database1/img00027062.webp,0.046983,1.0,0.034858389919771
database1/img00027147.webp,0.083316,1.0,0.0440171506330593
database1/img00027201.webp,0.173566,0.0,0.0360045368908026
database1/img00027213.webp,0.102301,0.0,0.0365755871592562
database1/img00027267.webp,0.025949,0.0,0.0333274022104012
database1/img00027278.webp,0.04282,0.0,0.0360295814677287
database1/img00027291.webp,0.037481,1.0,0.0404099576026035
database1/img00027300.webp,0.162757,0.0,0.0375599246660202
database1/img00027329.webp,0.120534,0.0,0.024479256321534
database1/img00027355.webp,0.012954,0.0,0.036167175431459
database1/img00027400.webp,0.093064,1.0,0.1007271640905574
database1/img00027672.webp,0.024684,0.0,0.0340821533584133
database1/img00027691.webp,0.263468,1.0,0.046954106613605
database1/img00027708.webp,0.011879,1.0,0.0559411796138934
database1/img00027826.webp,0.008279,1.0,0.0359073443171386
database1/img00027870.webp,0.156292,0.0,0.0387692286543639
database1/img00027888.webp,0.010368,1.0,0.0386215509891061
database1/img00027943.webp,0.005057,1.0,0.0425290375689915
database1/img00027980.webp,0.1488,0.0,0.0365238067351016
database1/img00028069.webp,0.00506,1.0,0.0411090380967594
database1/img00028087.webp,0.001205,1.0,0.0231112249119457
database1/img00028101.webp,0.0173,1.0,0.0333442783140149
database1/img00028174.webp,0.122309,0.0,0.0360888571890681
database1/img00028222.webp,0.107143,0.0,0.0330109791501931
database1/img00028224.webp,0.146398,0.0,0.0423146020719144
database1/img00028300.webp,0.012183,0.0,0.0354588300218073
database1/img00028356.webp,0.152613,0.0,0.0280154545495591
database1/img00028517.webp,0.382837,0.0,0.0494216795805895
database1/img00028551.webp,0.203166,0.0,0.0537387589688406
database1/img00028578.webp,0.061325,0.0,0.03321603164703
database1/img00028581.webp,0.020189,1.0,0.033400061466977
database1/img00028723.webp,0.12276,0.0,0.0386857040153927
database1/img00028742.webp,0.061928,0.0,0.02904504509576
database1/img00028757.webp,0.031527,1.0,0.0384312512312864
database1/img00028784.webp,0.01652,0.0,0.0342319720387751
database1/img00028843.webp,0.045216,1.0,0.0475813188078818
database1/img00028942.webp,0.085705,0.0,0.0291306464917951
database1/img00029059.webp,0.201976,0.0,0.0388358099469052
database1/img00029154.webp,0.027398,0.0,0.0643620977549587
database1/img00029252.webp,0.011317,1.0,0.0403427563308599
database1/img00029315.webp,0.223811,0.0,0.0436454474261996
database1/img00029326.webp,0.073163,0.0,0.0316827622403415
database1/img00029393.webp,0.181547,0.0,0.0366014627721442
database1/img00029479.webp,0.172507,1.0,0.0429867387679644
database1/img00029527.webp,9.6e-05,1.0,0.0244577840526842
database1/img00029586.webp,0.049823,0.0,0.0370553793687559
database1/img00029691.webp,0.030185,1.0,0.0421956178183963
database1/img00029706.webp,0.21533,1.0,0.0966516195743733
database1/img00029758.webp,0.113217,0.0,0.0344813343399059
database1/img00029778.webp,0.154551,0.0,0.0484297107110027
database1/img00029960.webp,0.383842,0.0,0.0475519313897651
database2/database2/test/148.webp,0.048036,1.0,0.0347489773156782
database2/database2/test/190.webp,0.086509,1.0,0.0757710222939154
database2/database2/test/216.webp,0.245817,0.0,0.03326438151068
database2/database2/test/232.webp,0.275174,0.0,0.0351715220751604
database2/database2/test/239.webp,0.175156,0.0,0.0456252312711812
database2/database2/test/266.webp,0.213241,0.0,0.0397156816180141
database2/database2/test/34.webp,0.050154,0.0,0.0297164221940511
database2/database2/test/453.webp,0.089504,1.0,0.021724340597514
database2/database2/test/472.webp,0.226614,1.0,0.0523702770204658
database2/database2/test/91.webp,0.465517,1.0,0.0406459242112951
database2/database2/train/1009.webp,0.104761,1.0,0.0503140481333748
database2/database2/train/1240.webp,0.146101,0.0,0.0383863721895821
database2/database2/train/1258.webp,0.246853,0.0,0.1098718623215253
database2/database2/train/127.webp,0.075508,0.0,0.0272099056433203
database2/database2/train/1279.webp,0.000502,1.0,0.0760469502176298
database2/database2/train/1311.webp,0.172932,1.0,0.1138207629406513
database2/database2/train/174.webp,0.051776,1.0,0.1061031259404073
database2/database2/train/203.webp,0.050641,1.0,0.0391740491857719
database2/database2/train/219.webp,0.142928,0.0,0.0430578248391632
database2/database2/train/233.webp,0.281943,1.0,0.0489282272650561
database2/database2/train/26.webp,0.011878,0.0,0.029895570914191
database2/database2/train/34.webp,0.095641,0.0,0.0393779773213797
database2/database2/train/433.webp,0.036418,1.0,0.0388097977309605
database2/database2/train/436.webp,0.026337,1.0,0.0302041080154907
database2/database2/train/515.webp,0.012181,1.0,0.0358224404007746
database2/database2/train/547.webp,0.0,1.0,0.0215791332168822
database2/database2/train/613.webp,0.048432,0.0,0.0315856381778396
database2/database2/train/624.webp,0.123039,1.0,0.0640919299776722
database2/database2/train/650.webp,0.113219,0.0,0.036390911073611
database2/database2/train/766.webp,0.167917,0.0,0.0489348005549129
database2/database2/train/814.webp,0.3,0.0,0.0506678687091404
database2/database2/train/846.webp,0.020085,1.0,0.0386650738775846
database2/database2/train/900.webp,0.417188,1.0,0.0436670861937936
database2/database2/train/928.webp,0.09983,0.0,0.0358735963021552
database2/database2/train/97.webp,0.048559,1.0,0.0426106637469555
database2/database2/train/992.webp,0.32608,0.0,0.0483550545999623
database3/database3/m.0109kg/59-FaceId-0_align.webp,0.264823,0.0,0.0471731386082663
database3/database3/m.010bk0/59-FaceId-0_align.webp,0.021845,1.0,0.0756158234230561
database3/database3/m.010ngb/60-FaceId-0_align.webp,0.012915,1.0,0.031223229760715
database3/database3/m.010p3/45-FaceId-0_align.webp,0.01465,1.0,0.0432939381573345
database3/database3/m.010p3/69-FaceId-0_align.webp,0.027584,1.0,0.0390579497994542
database3/database3/m.010p3/82-FaceId-0_align.webp,0.013896,1.0,0.033303031590275
database3/database3/m.010wty2t/83-FaceId-1_align.webp,0.168202,1.0,0.0650637546110103
database3/database3/m.0112yl/20-FaceId-0_align.webp,0.035573,1.0,0.0491890245233328
database3/database3/m.01167d3z/34-FaceId-0_align.webp,0.37993,1.0,0.0504808017473729
database3/database3/m.01167d3z/74-FaceId-0_align.webp,0.319357,1.0,0.0444005970149577
database3/database3/m.011_0k/17-FaceId-0_align.webp,0.022011,1.0,0.0356585167223968
database3/database3/m.011_0k/3-FaceId-0_align.webp,0.017225,1.0,0.0399258502756123
database3/database3/m.011_0k/43-FaceId-0_align.webp,0.025252,1.0,0.0372679981206532
database3/database3/m.011_0k/77-FaceId-0_align.webp,0.126436,1.0,0.0870908661635655
database3/database3/m.011_2h/101-FaceId-0_align.webp,0.183945,0.0,0.045800125357013
database3/database3/m.011_2h/18-FaceId-0_align.webp,0.139464,0.0,0.0661974775687546
database3/database3/m.011_2h/21-FaceId-0_align.webp,0.028243,0.0,0.0392731640551452
database3/database3/m.011_3d/107-FaceId-0_align.webp,0.091414,1.0,0.0447697662788195
database3/database3/m.011_3d/31-FaceId-0_align.webp,0.156269,1.0,0.042343634977946
database3/database3/m.011_3d/35-FaceId-0_align.webp,0.154662,1.0,0.1078417765440666
database3/database3/m.011_3s/106-FaceId-0_align.webp,0.132155,0.0,0.0423139053625821
database3/database3/m.011_3s/93-FaceId-0_align.webp,0.255275,0.0,0.0511328430474534
database3/database3/m.011_8/14-FaceId-0_align.webp,0.108434,1.0,0.0374994727713447
database3/database3/m.011_nf/83-FaceId-0_align.webp,0.036792,1.0,0.0381537494333041
database3/database3/m.011_pk/73-FaceId-0_align.webp,0.106935,1.0,0.0472084307777062
database3/database3/m.011_pk/98-FaceId-0_align.webp,0.021278,1.0,0.0257209747677257
database3/database3/m.011_r9/15-FaceId-0_align.webp,0.000453,1.0,0.0302450257476506
database3/database3/m.011_r9/35-FaceId-0_align.webp,0.0,1.0,0.0201490375109899
database3/database3/m.011h_w/16-FaceId-0_align.webp,0.023388,1.0,0.0721801331100979
database3/database3/m.011h_w/57-FaceId-0_align.webp,0.034974,1.0,0.0551508940978875
database3/database3/m.011hdn/3-FaceId-0_align.webp,0.144586,1.0,0.0639083829774042
database3/database3/m.011hm1/28-FaceId-0_align.webp,0.045589,0.0,0.0480666719374617
database3/database3/m.011hm1/59-FaceId-0_align.webp,0.308314,0.0,0.0405178034733181
database3/database3/m.011hmd/24-FaceId-0_align.webp,0.029049,1.0,0.0601779476399813
database3/database3/m.011jfg/102-FaceId-0_align.webp,0.016853,0.0,0.0369486965497339
database3/database3/m.011jfg/64-FaceId-0_align.webp,0.014724,0.0,0.0384372303221086
database3/database3/m.011kd9/42-FaceId-0_align.webp,0.092666,1.0,0.0
database3/database3/m.011kd9/48-FaceId-0_align.webp,0.021031,1.0,0.073198849761544
database3/database3/m.011l17/115-FaceId-0_align.webp,0.008147,1.0,0.0301709461957872
database3/database3/m.011l17/73-FaceId-0_align.webp,0.013848,1.0,0.0396669225917499
database3/database3/m.011l17/78-FaceId-0_align.webp,0.000371,1.0,0.0324406143437079
database3/database3/m.011lf5/30-FaceId-0_align.webp,0.003745,1.0,0.0358810115972306
database3/database3/m.011lhy/14-FaceId-0_align.webp,0.06605,1.0,0.0249577109990534
database3/database3/m.011m1y/65-FaceId-0_align.webp,0.010331,1.0,0.0647456924633499
database3/database3/m.011m1y/93-FaceId-0_align.webp,0.010174,1.0,0.0311261277056162
database3/database3/m.011m33/35-FaceId-0_align.webp,0.10764,0.0,0.0319386347252449
database3/database3/m.011m33/96-FaceId-0_align.webp,0.077455,0.0,0.0455883448731981
database3/database3/m.011m33/98-FaceId-0_align.webp,0.093352,0.0,0.0592100468295706
database3/database3/m.011p3/100-FaceId-0_align.webp,0.261068,0.0,0.0509197780288885
database3/database3/m.011p3/38-FaceId-0_align.webp,0.260325,0.0,0.0353289887707939
database3/database3/m.011qm2/8-FaceId-0_align.webp,0.02115,1.0,0.0333223828702484
database3/database3/m.011w1b/4-FaceId-0_align.webp,0.011173,0.0,0.0349483402266567
database3/database3/m.011w1b/5-FaceId-0_align.webp,0.149673,0.0,0.0374493725044516
database3/database3/m.011w1b/65-FaceId-0_align.webp,0.028609,0.0,0.0350663803363879
database3/database3/m.011w1b/75-FaceId-0_align.webp,0.102741,0.0,0.0427396287350794
database3/database3/m.011xgp/24-FaceId-0_align.webp,0.060348,1.0,0.0404998980400769
database3/database3/m.011xgp/72-FaceId-0_align.webp,0.024118,1.0,0.0490296060822024
database3/database3/m.011xjd/62-FaceId-0_align.webp,0.025855,1.0,0.043363525910557
database3/database3/m.011xl3/35-FaceId-0_align.webp,0.101991,1.0,0.0436359289499565
database3/database3/m.011xl3/86-FaceId-0_align.webp,0.095741,1.0,0.0756116169478206
database3/database3/m.011xl3/92-FaceId-0_align.webp,0.15032,1.0,0.0433301463567665
database3/database3/m.011xl3/99-FaceId-0_align.webp,0.04585,1.0,0.0367002554198519
database3/database3/m.011xll/89-FaceId-0_align.webp,0.057752,1.0,0.064943358905473
database3/database3/m.011ybj/52-FaceId-0_align.webp,0.042728,1.0,0.0352714029469104
database3/database3/m.011ybj/61-FaceId-0_align.webp,0.033422,1.0,0.0314940779464875
database3/database3/m.011yx0/17-FaceId-0_align.webp,0.03676,1.0,0.0383720409798674
database3/database3/m.011yx0/7-FaceId-0_align.webp,0.025923,1.0,0.0336246914195057
database3/database3/m.011z69/22-FaceId-0_align.webp,0.003956,1.0,0.025147590756182
database3/database3/m.011z69/27-FaceId-0_align.webp,0.057013,1.0,0.0281510210268752
database3/database3/m.011z69/67-FaceId-0_align.webp,0.026898,1.0,0.0335437154683924
database3/database3/m.011zfk/22-FaceId-0_align.webp,0.214757,1.0,0.0293641860928519
database3/database3/m.011zfz/75-FaceId-0_align.webp,0.159958,0.0,0.040345561487104
database3/database3/m.011zg9/22-FaceId-0_align.webp,0.107141,0.0,0.0315186087640572
database3/database3/m.011zg9/39-FaceId-0_align.webp,0.053582,0.0,0.0320196976107341
database3/database3/m.011zgs/52-FaceId-0_align.webp,0.127677,0.0,0.0984235641222065
database3/database3/m.011zkh/84-FaceId-0_align.webp,0.008351,1.0,0.0332190502987018
database3/database3/m.011zwl/37-FaceId-0_align.webp,0.073722,1.0,0.0360248788506052
database3/database3/m.01200d/24-FaceId-0_align.webp,0.036817,1.0,0.0280729877019895
database3/database3/m.01200d/80-FaceId-0_align.webp,0.017066,1.0,0.0300751985005164
database3/database3/m.012052/1-FaceId-0_align.webp,0.109494,1.0,0.0354025557025425
database3/database3/m.012052/30-FaceId-0_align.webp,0.193814,1.0,0.0988695234172218
database3/database3/m.012052/63-FaceId-0_align.webp,0.135953,1.0,0.0474186590284562
database3/database3/m.0122lq/12-FaceId-0_align.webp,0.034174,1.0,0.0283236381498214
database3/database3/m.0122lq/62-FaceId-0_align.webp,0.002899,1.0,0.056959510818884
database3/database3/m.0122lq/73-FaceId-0_align.webp,0.026793,1.0,0.0323820143193773
database3/database3/m.0122m5/94-FaceId-0_align.webp,0.003731,1.0,0.0618348412840124
database3/database3/m.01233w/1-FaceId-0_align.webp,0.049894,1.0,0.0300540819893961
database3/database3/m.01233w/25-FaceId-0_align.webp,0.043404,1.0,0.0450650997466971
database3/database3/m.01239/57-FaceId-0_align.webp,0.01656,1.0,0.0416510539236894
database3/database3/m.01239/68-FaceId-0_align.webp,0.012855,1.0,0.0356198867604509
database3/database3/m.0123x2/101-FaceId-0_align.webp,0.244668,1.0,0.0482898074862056
database3/database3/m.01241v/54-FaceId-0_align.webp,0.010871,1.0,0.030820674432887
database3/database3/m.0124t/70-FaceId-0_align.webp,0.066352,0.0,0.0692947645170125
database3/database3/m.01257s/41-FaceId-1_align.webp,0.025408,1.0,0.0370281104473525
database3/database3/m.0126rp/46-FaceId-0_align.webp,0.064149,1.0,0.0322374184818172
database3/database3/m.0126rp/48-FaceId-0_align.webp,0.020111,1.0,0.0327002900812648
database3/database3/m.0126y2/49-FaceId-0_align.webp,0.042913,1.0,0.0366468199297519
database3/database3/m.0126y2/81-FaceId-0_align.webp,0.011658,1.0,0.073317957270084
database3/database3/m.0126y2/92-FaceId-0_align.webp,0.2594,1.0,0.0533854235679851
database3/database3/m.01270s/15-FaceId-0_align.webp,0.00523,1.0,0.0259074732180308
database3/database3/m.01270s/43-FaceId-0_align.webp,0.024273,1.0,0.0349339831190483
database3/database3/m.01271_/40-FaceId-0_align.webp,0.046844,0.0,0.037283189671393
database3/database3/m.01271_/42-FaceId-0_align.webp,0.082785,0.0,0.0538350851627101
database3/database3/m.01271_/92-FaceId-0_align.webp,0.131196,0.0,0.036804461778447
database3/database3/m.0127fx/6-FaceId-0_align.webp,0.010653,1.0,0.0341579757142908
database3/database3/m.0127gn/12-FaceId-0_align.webp,0.02417,1.0,0.0289951511266685
database3/database3/m.0127tk/114-FaceId-0_align.webp,0.088119,1.0,0.0323485491282955
database3/database3/m.0127tk/121-FaceId-0_align.webp,0.110272,1.0,0.0408636687355689
database3/database3/m.0127tk/32-FaceId-0_align.webp,0.044592,1.0,0.0363353306522077
database3/database3/m.0127tk/61-FaceId-0_align.webp,0.157887,1.0,0.042073526523575
database3/database3/m.0127tk/75-FaceId-0_align.webp,0.118857,1.0,0.0412423870612215
database3/database3/m.0127tk/83-FaceId-0_align.webp,0.180049,1.0,0.0351171924065853
database3/database3/m.0127zt/62-FaceId-0_align.webp,0.099007,0.0,0.0371572816337582
database3/database3/m.012801/76-FaceId-0_align.webp,0.060329,1.0,0.03345809954523
database3/database3/m.012981/36-FaceId-0_align.webp,0.038673,1.0,0.0318781393982053
database3/database3/m.012_53/112-FaceId-0_align.webp,0.081654,0.0,0.0321479205065392
database3/database3/m.012_53/73-FaceId-0_align.webp,0.056783,0.0,0.0341467642607563
database3/database3/m.012_jj/10-FaceId-0_align.webp,0.005143,1.0,0.0317079552329499
database3/database3/m.012_jj/103-FaceId-0_align.webp,0.04174,1.0,0.0237267927961654
database3/database3/m.012_jj/83-FaceId-0_align.webp,0.123978,1.0,0.0334889581202381
database3/database3/m.012c6j/57-FaceId-0_align.webp,0.0,1.0,0.0169027648288316
database3/database3/m.012c6x/43-FaceId-0_align.webp,0.000386,1.0,0.0487361330434395
database3/database3/m.012c8f/13-FaceId-0_align.webp,0.010098,1.0,0.0388032609105141
database3/database3/m.012c8f/85-FaceId-0_align.webp,0.121074,1.0,0.0809313621421707
database3/database3/m.012ck8/1-FaceId-0_align.webp,0.250793,0.0,0.0608655370627308
database3/database3/m.012cm5/19-FaceId-0_align.webp,0.050828,1.0,0.0349703376830167
database3/database3/m.012cm5/75-FaceId-0_align.webp,0.032775,1.0,0.0195974745785463
database3/database3/m.012cm5/90-FaceId-0_align.webp,0.082057,1.0,0.0439178585617798
database3/database3/m.012cnn/11-FaceId-0_align.webp,0.107545,0.0,0.0302435062029994
database3/database3/m.012cph/108-FaceId-0_align.webp,0.01551,1.0,0.0321396220781357
database3/database3/m.012cph/17-FaceId-0_align.webp,0.005549,1.0,0.0453677819472309
database3/database3/m.012cph/68-FaceId-0_align.webp,0.017584,1.0,0.0462958716163149
database3/database3/m.012cyp/33-FaceId-0_align.webp,0.012748,0.0,0.0286784672704052
database3/database3/m.012cyp/43-FaceId-0_align.webp,0.207358,0.0,0.0352533820616146
database3/database3/m.012cyp/7-FaceId-0_align.webp,0.030272,0.0,0.0307536024125059
database3/database3/m.012czd/35-FaceId-0_align.webp,0.035058,0.0,0.0255314549796307
database3/database3/m.012czd/90-FaceId-0_align.webp,0.001711,0.0,0.0363400962543506
database3/database3/m.012dtw/86-FaceId-0_align.webp,0.075626,1.0,0.0484061749368679
database3/database3/m.012fgx/58-FaceId-0_align.webp,0.039289,1.0,0.0302869104324974
database3/database3/m.012g8l/75-FaceId-0_align.webp,0.015517,1.0,0.0442745209580336
database3/database3/m.012gbb/1-FaceId-0_align.webp,0.057132,0.0,0.0413458757279335
database3/database3/m.012gbb/104-FaceId-0_align.webp,0.023381,0.0,0.0337911601402216
database3/database3/m.012gbb/86-FaceId-0_align.webp,0.070682,0.0,0.0446423436345352
database3/database3/m.012gdw/54-FaceId-0_align.webp,0.06697,1.0,0.0304411848661247
database3/database3/m.012gl8/17-FaceId-0_align.webp,0.06567,0.0,0.0354881667248883
database3/database3/m.012gl8/38-FaceId-0_align.webp,0.063039,0.0,0.0354537332567438
database3/database3/m.012gq6/33-FaceId-0_align.webp,0.016946,1.0,0.0277566032105334
database3/database3/m.012gr9/29-FaceId-0_align.webp,0.156273,0.0,0.0470316511789095
database3/database3/m.012gx2/64-FaceId-0_align.webp,0.000577,1.0,0.0303072781916034
database3/database3/m.012gx2/77-FaceId-0_align.webp,0.126437,1.0,0.0442715367495565
database3/database3/m.012gx2/8-FaceId-0_align.webp,0.019361,1.0,0.0257450650375888
database3/database3/m.012gx2/99-FaceId-0_align.webp,0.025003,1.0,0.0404734391955431
database3/database3/m.012h65/109-FaceId-0_align.webp,0.210562,1.0,0.1056833987658653
database3/database3/m.012hqb/33-FaceId-0_align.webp,0.004406,1.0,0.0432996384867244
database3/database3/m.012hr4/21-FaceId-0_align.webp,0.126033,1.0,0.0353724840211996
database3/database3/m.012hr4/67-FaceId-0_align.webp,0.183915,1.0,0.0349056115814348
database3/database3/m.012hr4/74-FaceId-0_align.webp,0.037244,1.0,0.0365941146220991
database3/database3/m.012hsb/101-FaceId-0_align.webp,0.192286,1.0,0.0363108632246067
database3/database3/m.012hsb/74-FaceId-0_align.webp,0.057902,1.0,0.0374002547291518
database3/database3/m.012hz4/77-FaceId-0_align.webp,0.118119,0.0,0.0550452767220178
database3/database3/m.012j2r/108-FaceId-0_align.webp,0.027644,1.0,0.0288674275713356
database3/database3/m.012j2r/38-FaceId-0_align.webp,0.010758,1.0,0.0357393827359964
database3/database3/m.012j2r/9-FaceId-0_align.webp,0.029992,1.0,0.0290358285331816
database3/database3/m.012kdb/7-FaceId-0_align.webp,0.154185,0.0,0.0359815451382783
database3/database3/m.012kk4/31-FaceId-1_align.webp,0.026924,1.0,0.0428040037040638
database3/database3/m.012l22/20-FaceId-0_align.webp,0.182682,1.0,0.090481311330014
database3/database3/m.012l22/56-FaceId-0_align.webp,0.079127,1.0,0.0743669743484442
database3/database3/m.012lyg/82-FaceId-0_align.webp,0.015571,1.0,0.0278840350245374
database3/database3/m.012m1c/109-FaceId-0_align.webp,0.052592,0.0,0.0315521729862828
database3/database3/m.012m1c/113-FaceId-0_align.webp,0.018979,0.0,0.0339040228613248
database3/database3/m.012m1c/56-FaceId-0_align.webp,0.076711,0.0,0.0255874627331475
database3/database3/m.012m7r/99-FaceId-0_align.webp,0.002972,1.0,0.0720556810732792
database3/database3/m.012mh_/3-FaceId-0_align.webp,0.065168,1.0,0.0328591620706363
database3/database3/m.012mh_/6-FaceId-0_align.webp,0.002681,1.0,0.0273740354893355
database3/database3/m.012mk7/90-FaceId-0_align.webp,0.032433,1.0,0.0282100787342175
database3/database3/m.012ml0/96-FaceId-0_align.webp,0.031451,1.0,0.0311490095880501
database3/database3/m.012mmb/47-FaceId-0_align.webp,0.146313,0.0,0.0508020375901802
database3/database3/m.012mn4/43-FaceId-0_align.webp,0.005783,1.0,0.0373874465984176
database3/database3/m.012nry/108-FaceId-0_align.webp,0.006878,1.0,0.0239323636973613
database3/database3/m.012nry/28-FaceId-0_align.webp,0.006764,1.0,0.0497961615413863
database3/database3/m.012nry/3-FaceId-0_align.webp,0.008173,1.0,0.0346200202115706
database3/database3/m.012nry/57-FaceId-0_align.webp,0.00436,1.0,0.0389993621289443
database3/database3/m.012pjh/2-FaceId-0_align.webp,0.0,1.0,0.0361431490943186
database3/database3/m.012q4n/50-FaceId-0_align.webp,0.004622,1.0,0.0973167227875149
database3/database3/m.012qfw/20-FaceId-1_align.webp,0.162552,0.0,0.0275421522357068
database3/database3/m.012qfw/41-FaceId-0_align.webp,0.211858,0.0,0.0286952701878344
database3/database3/m.012qgc/82-FaceId-0_align.webp,0.002042,1.0,0.0387061703510625
database3/database3/m.012rng/35-FaceId-0_align.webp,0.036379,1.0,0.0584741173051907
database3/database3/m.012rng/47-FaceId-0_align.webp,0.022161,1.0,0.1528930467619313
database3/database3/m.012rng/48-FaceId-0_align.webp,0.01786,1.0,0.0346457632663645
database3/database3/m.012rth/93-FaceId-0_align.webp,0.046323,1.0,0.121020968956668
database3/database3/m.012s1x/11-FaceId-0_align.webp,0.049377,1.0,0.0364557990168859
database3/database3/m.012s5j/122-FaceId-0_align.webp,0.205872,0.0,0.0482620906236191
database3/database3/m.012s9f/0-FaceId-0_align.webp,0.000412,1.0,0.0270386479387266
database3/database3/m.012st7/14-FaceId-0_align.webp,0.003821,1.0,0.0583041960450376
database3/database3/m.012t1d/17-FaceId-0_align.webp,0.167599,1.0,0.0333647095090368
database3/database3/m.012t1d/37-FaceId-0_align.webp,0.016467,1.0,0.0337715053134153
database3/database3/m.012t1d/80-FaceId-0_align.webp,0.014504,1.0,0.0526903049774282
database3/database3/m.012t3l/22-FaceId-0_align.webp,0.012766,1.0,0.0
database3/database3/m.012t7s/3-FaceId-0_align.webp,0.014581,1.0,0.0294259925573941
database3/database3/m.012tmz/123-FaceId-0_align.webp,0.001629,1.0,0.0277795378713603
database3/database3/m.012v1t/29-FaceId-0_align.webp,0.118114,0.0,0.0345879974427241
database3/database3/m.012v1t/67-FaceId-0_align.webp,0.072956,0.0,0.0321505569529101
database3/database3/m.012v1t/93-FaceId-0_align.webp,0.033657,0.0,0.0345650455061528
database3/database3/m.012vby/3-FaceId-0_align.webp,0.002151,1.0,0.0500883245842228
database3/database3/m.012vby/36-FaceId-0_align.webp,0.0,1.0,0.0736174607635764
database3/database3/m.012vd6/49-FaceId-0_align.webp,0.124288,0.0,0.045169035384493
database3/database3/m.012vd6/5-FaceId-0_align.webp,0.104381,0.0,0.0334014743237634
database3/database3/m.012vd6/75-FaceId-1_align.webp,0.054381,0.0,0.0489028352931303
database3/database3/m.012vf6/90-FaceId-0_align.webp,0.069167,0.0,0.0418722367447455
database3/database3/m.012vhn/10-FaceId-0_align.webp,0.009813,1.0,0.0290247787051399
database3/database3/m.012vhn/4-FaceId-0_align.webp,0.005793,1.0,0.0154641852482735
database3/database3/m.012vq0/30-FaceId-0_align.webp,0.028246,1.0,0.0337261255969362
database3/database3/m.012vq0/67-FaceId-0_align.webp,0.017872,1.0,0.0371355498758287
database3/database3/m.012vqh/80-FaceId-0_align.webp,0.078239,0.0,0.0537047992023656
database3/database3/m.012w05/52-FaceId-0_align.webp,0.000408,1.0,0.038014967078372
database3/database3/m.012w3k/19-FaceId-0_align.webp,0.109411,1.0,0.0552489111746249
database3/database3/m.012w3k/33-FaceId-0_align.webp,0.07009,1.0,0.0366782111294358
database3/database3/m.012w3k/4-FaceId-0_align.webp,0.071086,1.0,0.0403557367123535
database3/database3/m.012wfh/73-FaceId-0_align.webp,0.055456,0.0,0.0664199918594048
database3/database3/m.012wfh/77-FaceId-0_align.webp,0.055,0.0,0.0374545834084361
database3/database3/m.012wgv/56-FaceId-0_align.webp,0.072911,1.0,0.0397483361743683
database3/database3/m.012x2b/18-FaceId-0_align.webp,0.0,1.0,0.0407122629071592
database3/database3/m.012x2b/46-FaceId-0_align.webp,0.039092,1.0,0.0378845328909455
database3/database3/m.012x2b/54-FaceId-0_align.webp,0.049838,1.0,0.0312073017527151
database3/database3/m.012x2b/72-FaceId-0_align.webp,0.008788,1.0,0.0308257837533134
database3/database3/m.012x5/81-FaceId-0_align.webp,0.058123,0.0,0.041822548326761
database3/database3/m.012xdy/81-FaceId-0_align.webp,0.012382,1.0,0.042356771052889
database3/database3/m.012xls/57-FaceId-0_align.webp,0.114584,1.0,0.1631808827413327
database3/database3/m.012xls/70-FaceId-0_align.webp,0.126797,1.0,0.0296328432656927
database3/database3/m.012xls/74-FaceId-0_align.webp,0.018384,1.0,0.1175873322747381
database3/database3/m.012y1h/86-FaceId-0_align.webp,0.123838,1.0,0.0436745566478214
database3/database3/m.012ycy/16-FaceId-0_align.webp,0.002336,1.0,0.0410699963820255
database3/database3/m.012ycy/21-FaceId-0_align.webp,0.164069,1.0,0.0363597254731767
database3/database3/m.012ycy/73-FaceId-0_align.webp,0.017165,1.0,0.0391456463583949
database3/database3/m.012ycy/99-FaceId-0_align.webp,0.136797,1.0,0.0164063901080749
database3/database3/m.012yg1/19-FaceId-0_align.webp,0.003406,1.0,0.0704352130986634
database3/database3/m.012yg1/21-FaceId-0_align.webp,0.007301,1.0,0.0480624971481588
database3/database3/m.012yg1/66-FaceId-0_align.webp,0.007466,1.0,0.0559307265794095
database3/database3/m.012yhd/22-FaceId-0_align.webp,0.043044,1.0,0.0431954488410468
database3/database3/m.012yhd/41-FaceId-0_align.webp,0.014599,1.0,0.0422284168990899
database3/database3/m.012yhd/87-FaceId-0_align.webp,0.016417,1.0,0.0445300979070528
database3/database3/m.012ysy/40-FaceId-0_align.webp,0.005784,1.0,0.0368084056087459
database3/database3/m.012yxk/51-FaceId-0_align.webp,0.111796,1.0,0.0491971195513209
database3/database3/m.012z8_/39-FaceId-0_align.webp,0.076699,1.0,0.0300186895014978
database3/database3/m.012zrl/119-FaceId-0_align.webp,0.19435,0.0,0.0280942236476129
database3/database3/m.012zrl/22-FaceId-0_align.webp,0.184216,0.0,0.0382312323159161
database3/database3/m.012zrl/34-FaceId-0_align.webp,0.221002,0.0,0.0558238693963801
database3/database3/m.01300z/111-FaceId-0_align.webp,0.011168,1.0,0.0336873258146204
database3/database3/m.01300z/46-FaceId-0_align.webp,0.004916,1.0,0.0353586759223083
database3/database3/m.01306d/26-FaceId-0_align.webp,0.043181,1.0,0.0447883565812096
database3/database3/m.0130py/108-FaceId-0_align.webp,0.041408,1.0,0.070300707275968
database3/database3/m.0130py/9-FaceId-0_align.webp,0.045214,1.0,0.031107548260434
database3/database3/m.0130sy/65-FaceId-0_align.webp,0.067207,1.0,0.0214493365217798
database3/database3/m.013107/34-FaceId-0_align.webp,0.131929,0.0,0.0371854615687412
database3/database3/m.0131kb/28-FaceId-0_align.webp,0.0,1.0,0.0177833537363695
database3/database3/m.0131kb/47-FaceId-0_align.webp,0.0,1.0,0.0319268869686695
database3/database3/m.0131kb/76-FaceId-0_align.webp,0.081559,1.0,0.0734211626304089
database3/database3/m.013267/23-FaceId-0_align.webp,0.049038,1.0,0.0389279243124281
database3/database3/m.0132k4/103-FaceId-0_align.webp,0.076004,1.0,0.0537307257171484
database3/database3/m.0132k4/97-FaceId-0_align.webp,0.101202,1.0,0.0465401785317186
database3/database3/m.0132kn/100-FaceId-0_align.webp,0.045478,1.0,0.040896623656592
database3/database3/m.0132q1/29-FaceId-0_align.webp,0.017581,0.0,0.0356498273918965
database3/database3/m.013339/106-FaceId-0_align.webp,0.058305,1.0,0.0318975552631252
database3/database3/m.013339/23-FaceId-0_align.webp,0.255508,1.0,0.0478979308985863
database3/database3/m.013339/80-FaceId-0_align.webp,0.066481,1.0,0.0496311210979299
database3/database3/m.01338h/81-FaceId-0_align.webp,0.088482,0.0,0.0291124600613828
database3/database3/m.0133c4/15-FaceId-0_align.webp,0.207364,1.0,0.0359412307554963
database3/database3/m.0133x7/100-FaceId-0_align.webp,0.144974,0.0,0.0368247857101425
database3/database3/m.0133yt/45-FaceId-0_align.webp,0.102482,1.0,0.0547156541540542
database3/database3/m.01341q/51-FaceId-0_align.webp,0.043853,1.0,0.0740364534253278
database3/database3/m.013423/105-FaceId-0_align.webp,0.016474,0.0,0.0703735384462259
database3/database3/m.013423/43-FaceId-0_align.webp,0.10846,0.0,0.0347972408915852
database3/database3/m.0134cp/27-FaceId-0_align.webp,0.030912,1.0,0.0424615582380385
database3/database3/m.0134cp/34-FaceId-1_align.webp,0.031754,1.0,0.0426606323863004
database3/database3/m.0134cp/53-FaceId-0_align.webp,0.019724,1.0,0.036345850997258
database3/database3/m.0134dc/38-FaceId-0_align.webp,0.000768,1.0,0.0452866632304971
database3/database3/m.0134dc/73-FaceId-0_align.webp,0.003398,1.0,0.0753951457284405
database3/database3/m.0134fr/66-FaceId-0_align.webp,0.01299,1.0,0.0396486906799096
database3/database3/m.0134fr/82-FaceId-0_align.webp,0.004786,1.0,0.0455845098011357
database3/database3/m.0134wr/11-FaceId-2_align.webp,0.000566,1.0,0.0382356933953512
database3/database3/m.0134wr/30-FaceId-2_align.webp,0.080915,1.0,0.0356641891739208
database3/database3/m.0134wr/52-FaceId-2_align.webp,0.028557,1.0,0.0252731046537032
database3/database3/m.0134wr/65-FaceId-1_align.webp,0.001253,1.0,0.0317959888635662
database3/database3/m.0134wr/69-FaceId-2_align.webp,0.064238,1.0,0.0367975018848657
database3/database3/m.0134wr/89-FaceId-1_align.webp,0.188914,1.0,0.0300032150612901
database3/database3/m.0135nb/89-FaceId-0_align.webp,0.051256,1.0,0.036841126757635
database3/database3/m.01368v/100-FaceId-0_align.webp,0.078994,0.0,0.0326914523731419
database3/database3/m.01368v/58-FaceId-0_align.webp,0.186435,0.0,0.0330228244449601
database3/database3/m.01368v/59-FaceId-1_align.webp,0.101878,0.0,0.0297370628183972
database3/database3/m.0136ms/38-FaceId-0_align.webp,0.015722,1.0,0.0318538830463413
database3/database3/m.0136p1/103-FaceId-0_align.webp,0.341015,0.0,0.0547945408339734
database3/database3/m.0136p1/13-FaceId-0_align.webp,0.259257,0.0,0.0438562359335313
database3/database3/m.0136p1/66-FaceId-0_align.webp,0.075301,0.0,0.035158868116551
database3/database3/m.0136pk/68-FaceId-0_align.webp,0.195786,1.0,0.0497190725454822
database3/database3/m.0136pk/87-FaceId-0_align.webp,0.172482,1.0,0.04320039300782
database3/database3/m.0136tm/24-FaceId-0_align.webp,0.011359,1.0,0.0362841204446951
database3/database3/m.0137s4/92-FaceId-0_align.webp,0.014219,1.0,0.1306935891020505
database3/database3/m.01380_/30-FaceId-0_align.webp,0.062935,1.0,0.0643679044749327
database3/database3/m.01380_/84-FaceId-0_align.webp,0.019541,1.0,0.039413311591523
database3/database3/m.013823/15-FaceId-0_align.webp,0.004502,1.0,0.0249056605176802
database3/database3/m.013823/5-FaceId-0_align.webp,0.029677,1.0,0.0254715415026082
database3/database3/m.013846/35-FaceId-0_align.webp,0.005272,1.0,0.039257800806287
database3/database3/m.013846/71-FaceId-0_align.webp,0.036782,1.0,0.036183823869006
database3/database3/m.01386_/97-FaceId-0_align.webp,0.01382,1.0,0.0286636584929343
database3/database3/m.01386m/93-FaceId-0_align.webp,0.049853,1.0,0.0377702223407545
database3/database3/m.01387g/36-FaceId-0_align.webp,0.020561,1.0,0.030608006462509
database3/database3/m.01387g/90-FaceId-0_align.webp,0.00159,1.0,0.0240063307713064
database3/database3/m.01387y/2-FaceId-0_align.webp,0.062856,1.0,0.0409686227838173
database3/database3/m.01387y/32-FaceId-0_align.webp,0.048091,1.0,0.0419529525872964
database3/database3/m.01387y/46-FaceId-0_align.webp,0.0006,1.0,0.0291708905733122
database3/database3/m.01388c/29-FaceId-0_align.webp,0.136546,1.0,0.0405552980861784
database3/database3/m.01388c/82-FaceId-0_align.webp,0.007483,1.0,0.0400992478744423
database3/database3/m.01388c/92-FaceId-0_align.webp,0.007604,1.0,0.0335933031099848
database3/database3/m.01389w/75-FaceId-1_align.webp,0.011085,1.0,0.0262682746873923
database3/database3/m.01389w/76-FaceId-0_align.webp,0.018887,1.0,0.0340035137721041
database3/database3/m.0138b7/49-FaceId-0_align.webp,0.173256,1.0,0.0319143537826785
database3/database3/m.0138b7/63-FaceId-0_align.webp,0.091583,1.0,0.0661324730662273
database3/database3/m.0138m1/11-FaceId-0_align.webp,0.033355,1.0,0.0446559924629667
database3/database3/m.0138m1/60-FaceId-0_align.webp,0.027664,1.0,0.0297261666536404
database3/database3/m.0139rh/103-FaceId-0_align.webp,0.008771,1.0,0.0298617367411609
database3/database3/m.0139rh/5-FaceId-0_align.webp,0.009412,1.0,0.0253877565001297
database3/database3/m.013_4m/89-FaceId-0_align.webp,0.106225,1.0,0.0282591511194552
database3/database3/m.013_gz/96-FaceId-0_align.webp,0.14677,0.0,0.0385468966835101
database3/database3/m.013_tp/47-FaceId-0_align.webp,0.000171,1.0,0.0468217327624264
database3/database3/m.013b7z/45-FaceId-0_align.webp,0.025843,1.0,0.0389773148191446
database3/database3/m.013bym/61-FaceId-0_align.webp,0.110889,0.0,0.0376588734053176
database3/database3/m.013bym/65-FaceId-0_align.webp,0.249006,0.0,0.0302337337138918
database3/database3/m.013bym/66-FaceId-0_align.webp,0.288548,0.0,0.0433042168273766
database3/database3/m.013bym/71-FaceId-0_align.webp,0.115164,0.0,0.0357987118523095
database3/database3/m.013m5y/73-FaceId-0_align.webp,0.0,1.0,0.0537083919060225
database3/database3/m.013p_0/60-FaceId-0_align.webp,0.015459,1.0,0.0989729086037511
database3/database3/m.013p_j/3-FaceId-0_align.webp,0.046784,1.0,0.0361364064712353
database3/database3/m.013p_j/43-FaceId-0_align.webp,0.026287,1.0,0.0364122755313742
database3/database3/m.013p_w/1-FaceId-0_align.webp,0.045903,0.0,0.036271789782396
database3/database3/m.013p_w/90-FaceId-1_align.webp,0.028906,0.0,0.0334551876767958
database3/database3/m.013pp3/83-FaceId-0_align.webp,0.052247,1.0,0.0497183881988852
database3/database3/m.013ppl/76-FaceId-0_align.webp,0.018885,1.0,0.0299421695487525
database3/database3/m.013q78/86-FaceId-0_align.webp,0.03,1.0,0.0358089118164951
database3/database3/m.013q8x/26-FaceId-0_align.webp,0.110943,1.0,0.0616472943183441
database3/database3/m.013q8x/42-FaceId-0_align.webp,0.056383,1.0,0.0331509060599152
database3/database3/m.013q8x/99-FaceId-0_align.webp,0.005069,1.0,0.0353646494288201
database3/database3/m.013qb0/82-FaceId-0_align.webp,0.080376,1.0,0.0431894276760174
database3/database3/m.013qb0/94-FaceId-0_align.webp,0.14541,1.0,0.0374553605420441
database3/database3/m.013qjp/42-FaceId-0_align.webp,0.027503,1.0,0.0357483295418091
database3/database3/m.013qjp/83-FaceId-0_align.webp,0.014,1.0,0.0373024998828953
database3/database3/m.013qpt/31-FaceId-0_align.webp,0.020067,1.0,0.0322719628037307
database3/database3/m.013qq4/70-FaceId-0_align.webp,0.020855,1.0,0.0318826750604856
database3/database3/m.013qwl/61-FaceId-0_align.webp,0.006336,1.0,0.0331461378814125
database3/database3/m.013qwy/18-FaceId-0_align.webp,0.050242,1.0,0.0346995577604831
database3/database3/m.013qy3/30-FaceId-0_align.webp,0.004735,1.0,0.0644205659166829
database3/database3/m.013qy3/92-FaceId-0_align.webp,0.026678,1.0,0.0312326828338933
database3/database3/m.013qyh/56-FaceId-1_align.webp,0.057576,1.0,0.1052667717294494
database3/database3/m.013r6h/27-FaceId-0_align.webp,0.054123,1.0,0.0235403518665699
database3/database3/m.013r6h/46-FaceId-0_align.webp,0.123792,1.0,0.1085426399978757
database3/database3/m.013s1b/47-FaceId-0_align.webp,0.148289,1.0,0.0580637676869975
database3/database3/m.013s1t/21-FaceId-0_align.webp,0.005317,1.0,0.0333668014037697
database3/database3/m.013s3/75-FaceId-0_align.webp,0.061568,1.0,0.0576605465982606
database3/database3/m.013s6x/6-FaceId-0_align.webp,0.031839,1.0,0.0347957612936527
database3/database3/m.013s8s/33-FaceId-0_align.webp,0.074629,0.0,0.0329446338155472
database3/database3/m.013sjh/7-FaceId-0_align.webp,0.189385,1.0,0.0515816168442545
database3/database3/m.013t9y/12-FaceId-0_align.webp,0.013435,1.0,0.0593590262740255
database3/database3/m.013tjc/54-FaceId-0_align.webp,0.0,1.0,0.0498699775343127
database3/database3/m.013tjc/56-FaceId-0_align.webp,0.015964,1.0,0.0340371092297967
database3/database3/m.013v12/3-FaceId-0_align.webp,0.018587,1.0,0.0335342650569658
database3/database3/m.013v12/7-FaceId-0_align.webp,0.019979,1.0,0.03348903845579
database3/database3/m.013v5j/57-FaceId-0_align.webp,0.119854,0.0,0.0332611873661579
database3/database3/m.013vdl/109-FaceId-0_align.webp,0.167747,0.0,0.0263206583427754
database3/database3/m.013vdl/32-FaceId-0_align.webp,0.021263,0.0,0.0318708063522519
database3/database3/m.013vtr/20-FaceId-0_align.webp,0.015954,1.0,0.0361560688926407
database3/database3/m.013w7j/20-FaceId-0_align.webp,0.009375,1.0,0.0620550214080255
database3/database3/m.013w7j/32-FaceId-0_align.webp,0.001151,1.0,0.0384530650034831
database3/database3/m.013w7j/64-FaceId-0_align.webp,0.008592,1.0,0.0714994991349191
database3/database3/m.013w8h/4-FaceId-0_align.webp,0.094597,1.0,0.0324928715868334
database3/database3/m.013wt0/40-FaceId-1_align.webp,0.123008,0.0,0.0391501978516966
database3/database3/m.013wz9/26-FaceId-0_align.webp,0.18678,0.0,0.0391099392964549
database3/database3/m.013wz9/73-FaceId-0_align.webp,0.219059,0.0,0.0408876256344297
database3/database3/m.013xhr/100-FaceId-0_align.webp,0.00219,1.0,0.043358249349162
database3/database3/m.013xhr/23-FaceId-0_align.webp,0.015916,1.0,0.0378431244084219
database3/database3/m.013xhr/24-FaceId-0_align.webp,0.064866,1.0,0.0347005519922181
database3/database3/m.013xhr/33-FaceId-0_align.webp,0.013765,1.0,0.07637986827614
database3/database3/m.013xhr/42-FaceId-0_align.webp,0.02596,1.0,0.0559827978699659
database3/database3/m.013xs1/10-FaceId-0_align.webp,0.059547,1.0,0.0278051757624261
database3/database3/m.013y2b/23-FaceId-0_align.webp,0.154363,0.0,0.0356719175453431
database3/database3/m.013y2b/32-FaceId-0_align.webp,0.092369,0.0,0.0336121443359136
database3/database3/m.013y2b/66-FaceId-0_align.webp,0.108782,0.0,0.0344256740129865
database3/database3/m.013y2s/40-FaceId-0_align.webp,0.026989,0.0,0.0313261203971198
database3/database3/m.013y2s/73-FaceId-0_align.webp,0.075667,0.0,0.0315703424848441
database3/database3/m.013yd0/51-FaceId-0_align.webp,0.167678,0.0,0.0366331361434372
database3/database3/m.013yd0/92-FaceId-0_align.webp,0.096098,0.0,0.0298899413392706
database3/database3/m.013ykk/37-FaceId-0_align.webp,0.042458,0.0,0.0391485929804538
database3/database3/m.013ykx/9-FaceId-0_align.webp,0.117351,0.0,0.0359940398891786
database3/database3/m.013ylm/42-FaceId-0_align.webp,0.120671,0.0,0.0390730030914808
database3/database3/m.013ylm/97-FaceId-0_align.webp,0.133134,0.0,0.0417754113893687
database3/database3/m.013yvd/37-FaceId-0_align.webp,0.027946,1.0,0.0294611340649187
database3/database3/m.013yvd/75-FaceId-0_align.webp,0.027604,1.0,0.0318104347653094
database3/database3/m.013yyq/27-FaceId-0_align.webp,0.014857,1.0,0.0425145763293173
database3/database3/m.013yyq/44-FaceId-0_align.webp,0.06122,1.0,0.3389336926522939
database3/database3/m.013yyq/48-FaceId-0_align.webp,0.11735,1.0,0.0451447268119034
database3/database3/m.013zjz/16-FaceId-0_align.webp,0.071353,1.0,0.0441780650134606
database3/database3/m.013zm7/89-FaceId-0_align.webp,0.144683,1.0,0.0397535828108544
database3/database3/m.013zpf/72-FaceId-0_align.webp,0.0,0.0,0.0712411647499258
database3/database3/m.013zpf/88-FaceId-0_align.webp,0.169008,0.0,0.0362350576956895
database3/database3/m.013zr7/15-FaceId-0_align.webp,0.062795,1.0,0.0310242498201424
database3/database3/m.013zs9/83-FaceId-0_align.webp,0.33489,0.0,0.0489953693811493
database3/database3/m.013zyw/16-FaceId-0_align.webp,0.043076,1.0,0.0283034462400131
database3/database3/m.013zyw/19-FaceId-0_align.webp,0.020445,1.0,0.0249940055860839
database3/database3/m.013zyw/21-FaceId-0_align.webp,0.01715,1.0,0.0272312088567304
database3/database3/m.01400g/101-FaceId-0_align.webp,0.057026,0.0,0.0509652620628903
database3/database3/m.01400g/117-FaceId-0_align.webp,0.219786,0.0,0.0544882241584092
database3/database3/m.01400g/31-FaceId-0_align.webp,0.04717,0.0,0.035528163060335
database3/database3/m.01400g/47-FaceId-0_align.webp,0.103943,0.0,0.0369834210355673
database3/database3/m.014029/72-FaceId-0_align.webp,0.164078,0.0,0.0299355018653141
database3/database3/m.0140ly/8-FaceId-0_align.webp,0.018837,1.0,0.0300996618758888
database3/database3/m.0140v2/84-FaceId-0_align.webp,0.185102,1.0,0.0818773542059921
database3/database3/m.0141qv/12-FaceId-0_align.webp,0.026897,1.0,0.0338102846225632
database3/database3/m.0142n8/3-FaceId-0_align.webp,0.193323,1.0,0.0260079495667509
database3/database3/m.0142n8/5-FaceId-0_align.webp,0.020679,1.0,0.0385201905213673
database3/database3/m.0142sv/3-FaceId-0_align.webp,0.0,1.0,0.0197291039704331
database3/database3/m.0142sv/32-FaceId-0_align.webp,0.0,1.0,0.0218957994307708
database3/database3/m.01433m/64-FaceId-0_align.webp,0.03742,0.0,0.06071603898936
database3/database3/m.0143sn/66-FaceId-0_align.webp,0.02374,1.0,0.0370359570716429
database3/database3/m.0143wl/30-FaceId-0_align.webp,0.034923,1.0,0.039711716120051
database3/database3/m.0143wl/81-FaceId-0_align.webp,0.051966,1.0,0.0424216371494585
database3/database3/m.014488/3-FaceId-0_align.webp,0.020128,1.0,0.0292844930047639
database3/database3/m.01449w/57-FaceId-0_align.webp,0.017199,1.0,0.0719206675118159
database3/database3/m.01449w/80-FaceId-0_align.webp,0.016942,1.0,0.0509349142954931
database3/database3/m.01449w/99-FaceId-0_align.webp,0.011762,1.0,0.0584351193649923
database3/database3/m.0144_b/77-FaceId-0_align.webp,0.037923,1.0,0.0257944989341502
database3/database3/m.0144_b/99-FaceId-0_align.webp,0.002226,1.0,0.028952591056284
database3/database3/m.0144k5/45-FaceId-0_align.webp,0.060457,0.0,0.0345582016534048
database3/database3/m.0144k5/53-FaceId-0_align.webp,0.099321,0.0,0.0411742997648642
database3/database3/m.0144k5/58-FaceId-0_align.webp,0.088277,0.0,0.0353489954230084
database3/database3/m.0144k5/85-FaceId-0_align.webp,0.078258,0.0,0.0415191041552115
database3/database3/m.014508/74-FaceId-0_align.webp,0.033711,1.0,0.0357375324139022
database3/database3/m.0146fs/16-FaceId-0_align.webp,0.00871,1.0,0.0328218511879076
database3/database3/m.0147cn/44-FaceId-0_align.webp,0.171045,1.0,0.0392739654411382
database3/database3/m.0147cn/79-FaceId-0_align.webp,0.059428,1.0,0.0438407614113793
database3/database3/m.0147jt/99-FaceId-0_align.webp,0.019999,1.0,0.0381137635988484
database3/database3/m.0147qz/78-FaceId-0_align.webp,0.010623,1.0,0.0386340329858593
database3/database3/m.01480y/76-FaceId-0_align.webp,0.0,1.0,0.0231441414753832
database3/database3/m.0148_m/52-FaceId-0_align.webp,0.01178,1.0,0.0457011395909314
database3/database3/m.0148m9/58-FaceId-0_align.webp,0.040365,1.0,0.0301615736519631
database3/database3/m.0148qq/63-FaceId-1_align.webp,0.082134,1.0,0.0595808512456991
database3/database3/m.0148x0/17-FaceId-0_align.webp,0.195787,0.0,0.0429456022410763
database3/database3/m.014902/18-FaceId-0_align.webp,0.02167,1.0,0.0397186375310315
database3/database3/m.01491d/96-FaceId-0_align.webp,0.018562,1.0,0.02860080849086
database3/database3/m.014936/66-FaceId-0_align.webp,0.009581,0.0,0.037911066671767
database3/database3/m.0149k5/29-FaceId-0_align.webp,0.022158,1.0,0.0346662733338745
database3/database3/m.0149k5/81-FaceId-0_align.webp,0.042078,1.0,0.0587099275351443
database3/database3/m.0149vp/23-FaceId-0_align.webp,0.153482,1.0,0.0093371212121212
database3/database3/m.0149vp/3-FaceId-0_align.webp,0.055794,1.0,0.0349478275487541
database3/database3/m.0149vp/63-FaceId-0_align.webp,0.126629,1.0,0.0414065968573707
database3/database3/m.0149wl/102-FaceId-0_align.webp,0.022928,1.0,0.0541824389469333
database3/database3/m.0149wl/45-FaceId-0_align.webp,0.024169,1.0,0.0633244200716646
database3/database3/m.0149xx/94-FaceId-0_align.webp,0.042337,1.0,0.0518389949955912
database3/database3/m.014_1g/72-FaceId-0_align.webp,0.019311,0.0,0.0374068840451531
database3/database3/m.014_1g/8-FaceId-0_align.webp,0.209769,0.0,0.0464229735633292
database3/database3/m.014_4y/6-FaceId-0_align.webp,0.048047,1.0,0.0347721172261591
database3/database3/m.014_sl/106-FaceId-0_align.webp,0.23715,0.0,0.0449545067726223
database3/database3/m.014_sl/74-FaceId-0_align.webp,0.390836,0.0,0.0344251625055194
database3/database3/m.014bn_/16-FaceId-0_align.webp,0.037637,1.0,0.030848055180823
database3/database3/m.014bn_/85-FaceId-1_align.webp,0.012813,1.0,0.0332737622658219
database3/database3/m.014bps/75-FaceId-0_align.webp,0.000105,1.0,0.0399156164585407
database3/database3/m.014byr/85-FaceId-0_align.webp,0.140079,1.0,0.0464964694947285
database3/database3/m.014bz_/33-FaceId-0_align.webp,0.044503,1.0,0.0397378329069879
database3/database3/m.014c0y/76-FaceId-0_align.webp,0.175143,1.0,0.037123132395172
database3/database3/m.014c40/62-FaceId-0_align.webp,0.041412,1.0,0.0584171452712922
database3/database3/m.014c40/70-FaceId-0_align.webp,0.059838,1.0,0.0342019358529185
database3/database3/m.014cq/6-FaceId-0_align.webp,0.092137,1.0,0.0331932103791284
database3/database3/m.014cq/86-FaceId-0_align.webp,0.009035,1.0,0.0429158236033599
database3/database3/m.014cw2/26-FaceId-0_align.webp,0.010138,1.0,0.0316299000712901
database3/database3/m.014cw2/50-FaceId-0_align.webp,0.006571,1.0,0.0323171465612001
database3/database3/m.014d0v/117-FaceId-0_align.webp,0.00171,1.0,0.0316265569036174
database3/database3/m.014d0v/5-FaceId-0_align.webp,0.0,1.0,0.0197731679149779
database3/database3/m.014d0v/76-FaceId-0_align.webp,0.001899,1.0,0.0310795781709011
database3/database3/m.014d15/7-FaceId-0_align.webp,0.067756,1.0,0.0397996930801104
database3/database3/m.014d3/12-FaceId-0_align.webp,0.002261,1.0,0.0342929776521102
database3/database3/m.014d3/72-FaceId-0_align.webp,0.018566,1.0,0.0330688327071759
database3/database3/m.014d3y/82-FaceId-0_align.webp,0.033512,0.0,0.2237703329995292
database3/database3/m.014dg1/103-FaceId-0_align.webp,0.026524,1.0,0.0321490182675673
database3/database3/m.014dg1/51-FaceId-0_align.webp,0.001679,1.0,0.0382630258697542
database3/database3/m.014dg1/65-FaceId-0_align.webp,0.0,1.0,0.0213707107952816
database3/database3/m.014dg1/7-FaceId-0_align.webp,0.01106,1.0,0.0401288814197378
database3/database3/m.014dg1/86-FaceId-0_align.webp,0.019596,1.0,0.0364428260263576
database3/database3/m.014dm6/105-FaceId-0_align.webp,0.23153,1.0,0.0393695460251106
database3/database3/m.014dy_/50-FaceId-0_align.webp,0.069776,1.0,0.021122272895114
database3/database3/m.014dy_/73-FaceId-0_align.webp,0.01239,1.0,0.0306141600032703
database3/database3/m.014f8k/25-FaceId-0_align.webp,0.24634,0.0,0.0347532185316615
database3/database3/m.014f8k/9-FaceId-0_align.webp,0.182534,0.0,0.0355490027568095
database3/database3/m.014fcb/0-FaceId-0_align.webp,0.028343,1.0,0.0354023072185555
database3/database3/m.014fd7/98-FaceId-0_align.webp,0.096652,1.0,0.0394161118233535
database3/database3/m.014g17/1-FaceId-0_align.webp,0.005705,1.0,0.0378480086251675
database3/database3/m.014g17/9-FaceId-0_align.webp,0.079641,1.0,0.057603844667697
database3/database3/m.014g22/90-FaceId-0_align.webp,0.35161,0.0,0.0488178201005194
database3/database3/m.014g6c/86-FaceId-0_align.webp,0.02888,1.0,0.0374851605280266
database3/database3/m.014g6v/43-FaceId-0_align.webp,0.001902,1.0,0.0314852690533189
database3/database3/m.014g79/86-FaceId-0_align.webp,0.049609,1.0,0.0381344710914232
database3/database3/m.014g8p/48-FaceId-0_align.webp,0.000256,1.0,0.0473183196312421
database3/database3/m.014g9y/12-FaceId-0_align.webp,0.038159,0.0,0.0393926797167537
database3/database3/m.014g_f/26-FaceId-0_align.webp,0.000817,1.0,0.016548218520766
database3/database3/m.014g_f/35-FaceId-0_align.webp,0.001771,1.0,0.0327375700425898
database3/database3/m.014gf8/102-FaceId-0_align.webp,0.00204,1.0,0.1394444577767365
database3/database3/m.014gf8/28-FaceId-0_align.webp,0.018311,1.0,0.0270264618375428
database3/database3/m.014gf8/69-FaceId-0_align.webp,0.050273,1.0,0.0347892161130861
database3/database3/m.014gf8/9-FaceId-0_align.webp,0.034223,1.0,0.0336843524587442
database3/database3/m.014gsd/79-FaceId-0_align.webp,0.118598,1.0,0.0427672904114295
database3/database3/m.014h_s/80-FaceId-0_align.webp,0.173494,0.0,0.0390622726386798
database3/database3/m.014hlm/54-FaceId-0_align.webp,0.078394,0.0,0.0354622306473725
database3/database3/m.014hmv/53-FaceId-1_align.webp,0.0,1.0,0.0332361785882142
database3/database3/m.014j8m/72-FaceId-0_align.webp,0.0057,1.0,0.0393813842752172
database3/database3/m.014jb8/10-FaceId-0_align.webp,0.009911,1.0,0.072977111886413
database3/database3/m.014jk0/16-FaceId-0_align.webp,0.026202,1.0,0.0608416094651065
database3/database3/m.014jk0/61-FaceId-0_align.webp,0.011335,1.0,0.1677316293929712
database3/database3/m.014jk0/74-FaceId-0_align.webp,0.003357,1.0,0.0859977602855853
database3/database3/m.014jxq/20-FaceId-0_align.webp,0.165895,0.0,0.0404088853985731
database3/database3/m.014jxq/43-FaceId-0_align.webp,0.136492,0.0,0.0279730736692914
database3/database3/m.014jy6/23-FaceId-0_align.webp,0.150311,1.0,0.0749839785995058
database3/database3/m.014jy6/50-FaceId-0_align.webp,0.042148,1.0,0.0335325846107711
database3/database3/m.014jy6/97-FaceId-0_align.webp,0.061362,1.0,0.0618650011134559
database3/database3/m.014k1v/95-FaceId-3_align.webp,0.133686,1.0,0.0557100664864684
database3/database3/m.014k2p/25-FaceId-0_align.webp,0.315824,1.0,0.0453377697557201
database3/database3/m.014kbz/16-FaceId-0_align.webp,0.028027,1.0,0.0350394661373623
database3/database3/m.014kbz/22-FaceId-0_align.webp,0.028933,1.0,0.0369742126191504
database3/database3/m.014kbz/81-FaceId-0_align.webp,0.006506,1.0,0.0372103703541525
database3/database3/m.014kxv/1-FaceId-0_align.webp,0.013313,1.0,0.0311493171306856
database3/database3/m.014kxv/11-FaceId-0_align.webp,0.053384,1.0,0.0254325919292607
database3/database3/m.014lb1/14-FaceId-2_align.webp,0.000111,0.0,0.0262117933777184
database3/database3/m.014lb1/47-FaceId-0_align.webp,0.167631,0.0,0.0339477848639026
database3/database3/m.014lb1/62-FaceId-1_align.webp,0.053145,0.0,0.0313694238403723
database3/database3/m.014lyb/65-FaceId-0_align.webp,0.056831,1.0,0.0342973091451474
database3/database3/m.014m_1/70-FaceId-0_align.webp,0.018552,1.0,0.0334080188254598
database3/database3/m.014mvy/17-FaceId-0_align.webp,0.196734,1.0,0.056430823911641
database3/database3/m.014mvy/58-FaceId-0_align.webp,0.218895,1.0,0.0592592246682194
database3/database3/m.014n_k/48-FaceId-0_align.webp,0.006557,1.0,0.0355423410156388
database3/database3/m.014n_k/70-FaceId-0_align.webp,0.029858,1.0,0.0318741535104859
database3/database3/m.014nfw/87-FaceId-0_align.webp,0.123499,0.0,0.0352339679622735
database3/database3/m.014p33/83-FaceId-2_align.webp,0.084076,0.0,0.0309154999384078
database3/database3/m.014p33/87-FaceId-0_align.webp,0.07546,0.0,0.0338338885308844
database3/database3/m.014ptb/14-FaceId-1_align.webp,0.016295,1.0,0.0497268953056215
database3/database3/m.014ptb/5-FaceId-0_align.webp,0.001038,1.0,0.0629953932890989
database3/database3/m.014ptb/50-FaceId-0_align.webp,0.185526,1.0,0.0320667827730365
database3/database3/m.014pxk/118-FaceId-0_align.webp,0.227914,1.0,0.055037824064062
database3/database3/m.014pys/19-FaceId-0_align.webp,0.047245,1.0,0.0636324887565025
database3/database3/m.014pzz/110-FaceId-0_align.webp,0.13041,0.0,0.0333703477748697
database3/database3/m.014qjt/47-FaceId-0_align.webp,0.002851,1.0,0.0357261426910221
database3/database3/m.014r6r/81-FaceId-0_align.webp,0.091441,0.0,0.0298391102389681
database3/database3/m.014s81/3-FaceId-0_align.webp,0.077926,1.0,0.0395177374182183
database3/database3/m.014sj7/7-FaceId-0_align.webp,0.074577,1.0,0.0446337232412464
database3/database3/m.014skb/4-FaceId-0_align.webp,0.096076,0.0,0.0352759113073334
database3/database3/m.014skb/53-FaceId-0_align.webp,0.075066,0.0,0.0339730058766898
database3/database3/m.014skb/55-FaceId-0_align.webp,0.080414,0.0,0.0363661431656542
database3/database3/m.014v1q/8-FaceId-1_align.webp,0.038359,1.0,0.0454711240222112
database3/database3/m.014v6x/16-FaceId-0_align.webp,0.159906,0.0,0.0349493767025569
database3/database3/m.014v6x/20-FaceId-0_align.webp,0.306955,0.0,0.0403071453292126
database3/database3/m.014v6x/88-FaceId-0_align.webp,0.075191,0.0,0.028972343543939
database3/database3/m.014vbq/60-FaceId-0_align.webp,0.005701,1.0,0.08029011324596
database3/database3/m.014vnb/46-FaceId-0_align.webp,0.027126,1.0,0.0326683471945425
database3/database3/m.014vnb/51-FaceId-0_align.webp,0.043084,1.0,0.0325711661265491
database3/database3/m.014vtj/100-FaceId-0_align.webp,0.000679,1.0,0.0346244442874948
database3/database3/m.014wsb/38-FaceId-0_align.webp,0.106862,1.0,0.0356653294968267
database3/database3/m.014x0w/28-FaceId-0_align.webp,0.353028,0.0,0.0965592389851549
database3/database3/m.014x0w/74-FaceId-0_align.webp,0.177523,0.0,0.0371512308666372
database3/database3/m.014x0w/96-FaceId-0_align.webp,0.217684,0.0,0.0397876824100432
database3/database3/m.014xn7/100-FaceId-0_align.webp,0.007084,1.0,0.0242664563054467
database3/database3/m.014xn7/42-FaceId-0_align.webp,0.003105,1.0,0.0282489983803928
database3/database3/m.014xr2/5-FaceId-0_align.webp,0.387134,0.0,0.063524645214019
database3/database3/m.014xr2/87-FaceId-0_align.webp,0.341771,0.0,0.0479278061821957
database3/database3/m.014xzx/93-FaceId-0_align.webp,0.351892,1.0,0.0491869582323732
database3/database3/m.014y6/74-FaceId-0_align.webp,0.012495,1.0,0.0342847958713669
database3/database3/m.014y6/95-FaceId-0_align.webp,0.006882,1.0,0.0390622786358208
database3/database3/m.014y7g/1-FaceId-0_align.webp,0.005692,1.0,0.0312998686250377
database3/database3/m.014z8v/77-FaceId-0_align.webp,0.004141,1.0,0.0333698186948543
database3/database3/m.014zfs/76-FaceId-0_align.webp,0.024924,1.0,0.0312651055244027
database3/database3/m.014zxh/99-FaceId-0_align.webp,0.008633,1.0,0.0818386890506005
database3/database3/m.014zy/105-FaceId-0_align.webp,0.175949,1.0,0.0512282797282672
database3/database3/m.014zy/22-FaceId-0_align.webp,0.048224,1.0,0.0447889757576954
database3/database3/m.014zy/56-FaceId-0_align.webp,0.135716,1.0,0.0823079318267125
database3/database3/m.015076/99-FaceId-0_align.webp,0.0064,1.0,0.0582630030763209
database3/database3/m.01507p/0-FaceId-0_align.webp,0.067522,1.0,0.0394379198743495
database3/database3/m.01509x/60-FaceId-0_align.webp,0.015557,1.0,0.036454715798574
database3/database3/m.0150bp/103-FaceId-0_align.webp,0.041675,0.0,0.0302141245291715
database3/database3/m.0150j5/31-FaceId-0_align.webp,0.003889,1.0,0.0241424981994555
database3/database3/m.0150j5/4-FaceId-0_align.webp,0.006229,1.0,0.0290942101668085
database3/database3/m.0150j5/71-FaceId-0_align.webp,0.062123,1.0,0.0314130039407757
database3/database3/m.0150j5/81-FaceId-0_align.webp,0.001136,1.0,0.0191786577255644
database3/database3/m.0150j5/86-FaceId-0_align.webp,0.002669,1.0,0.0278176958650466
database3/database3/m.0150m1/111-FaceId-0_align.webp,0.023781,1.0,0.0438650542067356
database3/database3/m.0150m1/13-FaceId-0_align.webp,0.071346,1.0,0.0381088932479698
database3/database3/m.0150mg/0-FaceId-0_align.webp,0.057671,1.0,0.0781342674631736
database3/database3/m.0150mg/69-FaceId-0_align.webp,0.220147,1.0,0.0444427809856278
database3/database3/m.0150mg/88-FaceId-0_align.webp,0.14546,1.0,0.0413046026224865
database3/database3/m.0150mg/97-FaceId-0_align.webp,0.078806,1.0,0.0409364863563436
database3/database3/m.0150rl/42-FaceId-0_align.webp,0.016396,0.0,0.0282678887709389
database3/database3/m.0150t6/36-FaceId-0_align.webp,0.017669,1.0,0.0305294139866262
database3/database3/m.0150t6/41-FaceId-0_align.webp,0.022058,1.0,0.0275247407291985
database3/database3/m.0150t6/63-FaceId-0_align.webp,0.015119,1.0,0.035646574926447
database3/database3/m.01519n/21-FaceId-0_align.webp,0.389316,0.0,0.0531441558027805
database3/database3/m.01519n/69-FaceId-0_align.webp,0.017235,0.0,0.0385790264457573
database3/database3/m.0151fv/54-FaceId-0_align.webp,0.017876,0.0,0.0288047904004253
database3/database3/m.0151fv/90-FaceId-0_align.webp,0.296844,0.0,0.0443021991583538
database3/database3/m.0151fv/94-FaceId-0_align.webp,0.121468,0.0,0.0555333529685325
database3/database3/m.0151n1/16-FaceId-0_align.webp,0.044648,1.0,0.0363937680388888
database3/database3/m.0151n1/26-FaceId-0_align.webp,0.101903,1.0,0.0416004996629979
database3/database3/m.0151n1/29-FaceId-0_align.webp,0.049938,1.0,0.0466027692982239
database3/database3/m.0151n1/36-FaceId-0_align.webp,0.038201,1.0,0.041582540819694
database3/database3/m.0151n1/53-FaceId-0_align.webp,0.021607,1.0,0.0480324870854722
database3/database3/m.0151p8/29-FaceId-0_align.webp,0.003452,1.0,0.0250859231269985
database3/database3/m.0151xv/30-FaceId-0_align.webp,0.007121,1.0,0.0359718867971485
database3/database3/m.0151xv/44-FaceId-0_align.webp,0.021629,1.0,0.0362681272435471
database3/database3/m.0151xv/88-FaceId-0_align.webp,0.006779,1.0,0.0406604834299488
database3/database3/m.0151zx/92-FaceId-0_align.webp,0.043036,1.0,0.049814057064322
database3/database3/m.0152cw/42-FaceId-0_align.webp,0.083199,0.0,0.0323225658971627
database3/database3/m.0152xn/72-FaceId-0_align.webp,0.043462,1.0,0.0459177277994721
database3/database3/m.015302/4-FaceId-0_align.webp,0.000416,1.0,0.0256113444364541
database3/database3/m.0153dp/1-FaceId-0_align.webp,0.039324,1.0,0.0386646024945178
database3/database3/m.0153dp/88-FaceId-0_align.webp,0.057869,1.0,0.0300203898434954
database3/database3/m.0153vt/1-FaceId-0_align.webp,0.335303,1.0,0.0377352387773792
database3/database3/m.0153vt/81-FaceId-0_align.webp,0.087285,1.0,0.0431496047926979
database3/database3/m.0153y1/16-FaceId-0_align.webp,0.166114,0.0,0.0371707173374052
database3/database3/m.01541z/117-FaceId-0_align.webp,0.111734,0.0,0.0349319682055457
database3/database3/m.01547g/3-FaceId-0_align.webp,0.153164,0.0,0.0367414372410857
database3/database3/m.01547g/73-FaceId-0_align.webp,0.246081,0.0,0.0373076655718737
database3/database3/m.0154d7/52-FaceId-0_align.webp,0.115018,1.0,0.041888706020019
database3/database3/m.0154ff/10-FaceId-0_align.webp,0.121913,0.0,0.0336830266350534
database3/database3/m.0154hr/101-FaceId-0_align.webp,0.090433,0.0,0.0415660488394512
database3/database3/m.0154hr/109-FaceId-0_align.webp,0.038439,0.0,0.0442276706366897
database3/database3/m.0154hr/18-FaceId-0_align.webp,0.07836,0.0,0.0490184377966204
database3/database3/m.0154hr/28-FaceId-0_align.webp,0.045785,0.0,0.036394457736406
database3/database3/m.0154s9/24-FaceId-0_align.webp,0.052837,1.0,0.0302838427360206
database3/database3/m.0154x6/57-FaceId-0_align.webp,0.061779,0.0,0.0344005278357413
database3/database3/m.01552j/40-FaceId-0_align.webp,0.017747,1.0,0.0308058097785513
database3/database3/m.01558d/79-FaceId-0_align.webp,0.014812,1.0,0.0202998656342782
database3/database3/m.01558d/8-FaceId-0_align.webp,0.124089,1.0,0.0318629189114385
database3/database3/m.0155zp/26-FaceId-0_align.webp,0.000547,1.0,0.0312666713689205
database3/database3/m.0155zp/7-FaceId-0_align.webp,0.015991,1.0,0.0336231643702534
database3/database3/m.0155zp/79-FaceId-0_align.webp,0.02849,1.0,0.0457909846839132
database3/database3/m.0155zp/88-FaceId-0_align.webp,0.072148,1.0,0.035804128523385
database3/database3/m.0156dg/11-FaceId-0_align.webp,0.153809,0.0,0.0469178140921545
database3/database3/m.0156dg/2-FaceId-0_align.webp,0.144571,0.0,0.0501384640181292
database3/database3/m.0156y1/31-FaceId-0_align.webp,0.047284,1.0,0.0352817433196862
database3/database3/m.01574b/45-FaceId-0_align.webp,0.070647,0.0,0.0403334714744166
database3/database3/m.015796/86-FaceId-0_align.webp,0.081944,0.0,0.0378739743884398
database3/database3/m.0157m/20-FaceId-0_align.webp,0.028257,1.0,0.0258377870648969
database3/database3/m.0157m/24-FaceId-0_align.webp,0.028454,1.0,0.0323491244569483
database3/database3/m.0157m/25-FaceId-0_align.webp,0.020124,1.0,0.0298338588614756
database3/database3/m.0157m/73-FaceId-0_align.webp,0.033963,1.0,0.0370584260086257
database3/database3/m.0157r6/22-FaceId-1_align.webp,0.0,1.0,0.0595556718651445
database3/database3/m.0157ry/29-FaceId-0_align.webp,0.027582,1.0,0.0378703587374909
database3/database3/m.015882/17-FaceId-0_align.webp,0.396178,0.0,0.0417576390688506
database3/database3/m.015882/20-FaceId-0_align.webp,0.380878,0.0,0.046993017210643
database3/database3/m.015882/75-FaceId-0_align.webp,0.386665,0.0,0.0503121182678803
database3/database3/m.0158r2/73-FaceId-0_align.webp,0.173377,0.0,0.0359591172638396
database3/database3/m.01598m/79-FaceId-0_align.webp,0.475474,0.0,0.046983457565162
database3/database3/m.0159wm/104-FaceId-0_align.webp,0.007308,1.0,0.0214064197587496
database3/database3/m.0159wm/9-FaceId-0_align.webp,0.002891,1.0,0.017842253253906
database3/database3/m.015_44/31-FaceId-0_align.webp,0.062168,0.0,0.0325162147027012
database3/database3/m.015_44/64-FaceId-0_align.webp,0.356589,0.0,0.0534623862700432
database3/database3/m.015_44/84-FaceId-0_align.webp,0.3229,0.0,0.0515706204247011
database3/database3/m.015b67/34-FaceId-0_align.webp,0.034996,1.0,0.0333561706095189
database3/database3/m.015bhj/103-FaceId-1_align.webp,0.041754,1.0,0.0
database3/database3/m.015bhj/70-FaceId-0_align.webp,0.00385,1.0,0.0324527988647869
database3/database3/m.015bnf/68-FaceId-0_align.webp,0.066968,0.0,0.0347518973011685
database3/database3/m.015brk/18-FaceId-0_align.webp,0.023166,1.0,0.0414596305135479
database3/database3/m.015bw2/110-FaceId-0_align.webp,0.01319,1.0,0.035152454849088
database3/database3/m.015bw2/40-FaceId-0_align.webp,0.013047,1.0,0.0405552271826007
database3/database3/m.015bw2/68-FaceId-0_align.webp,0.00956,1.0,0.0410766503228008
database3/database3/m.015c2f/3-FaceId-0_align.webp,0.072717,0.0,0.0315181209765871
database3/database3/m.015c2f/47-FaceId-0_align.webp,0.01548,0.0,0.0363229274854581
database3/database3/m.015c2f/49-FaceId-0_align.webp,0.031524,0.0,0.0368320092231717
database3/database3/m.015c2f/8-FaceId-0_align.webp,0.126031,0.0,0.0370585244791431
database3/database3/m.015c4g/7-FaceId-0_align.webp,0.000573,1.0,0.032498148489519
database3/database3/m.015c4g/83-FaceId-0_align.webp,0.000391,1.0,0.0266124370454483
database3/database3/m.015cyn/17-FaceId-0_align.webp,0.046212,1.0,0.0339894692794254
database3/database3/m.015cyn/5-FaceId-0_align.webp,0.152464,1.0,0.0270867207393017
database3/database3/m.015czg/24-FaceId-0_align.webp,0.141052,1.0,0.038968575899403
database3/database3/m.015d2r/66-FaceId-0_align.webp,0.064087,1.0,0.0845039439016647
database3/database3/m.015d2r/86-FaceId-0_align.webp,0.029999,1.0,0.0348116639174353
database3/database3/m.015dcj/83-FaceId-0_align.webp,0.023385,1.0,0.0370888197338748
database3/database3/m.015dgg/80-FaceId-0_align.webp,0.001775,1.0,0.044958312458551
database3/database3/m.015djp/24-FaceId-0_align.webp,0.0,1.0,0.0257652027353412
database3/database3/m.015djp/27-FaceId-0_align.webp,0.037685,1.0,0.0366950118820802
database3/database3/m.015dk3/22-FaceId-0_align.webp,0.027592,1.0,0.0261976023170403
database3/database3/m.015dnt/38-FaceId-0_align.webp,0.001692,1.0,0.0426256791190644
database3/database3/m.015dnt/42-FaceId-1_align.webp,0.102539,1.0,0.0195484789714865
database3/database3/m.015dqj/29-FaceId-0_align.webp,0.034796,1.0,0.0362687372154974
database3/database3/m.015dsz/54-FaceId-1_align.webp,0.002756,1.0,0.027173365891031
database3/database3/m.015dx/106-FaceId-0_align.webp,0.065832,0.0,0.0350414473667578
database3/database3/m.015dx/112-FaceId-0_align.webp,0.282009,0.0,0.039144921646278
database3/database3/m.015dx/117-FaceId-0_align.webp,0.154935,0.0,0.029453342293454
database3/database3/m.015dx/16-FaceId-0_align.webp,0.065933,0.0,0.0390475552621639
database3/database3/m.015dx/75-FaceId-0_align.webp,0.127561,0.0,0.0421160026258846
database3/database3/m.015dz8/51-FaceId-0_align.webp,0.051527,1.0,0.0346263585811932
database3/database3/m.015f6_/9-FaceId-0_align.webp,0.050822,1.0,0.0381167398507998
database3/database3/m.015fxn/110-FaceId-1_align.webp,0.050721,0.0,0.0327126762462205
database3/database3/m.015fyd/19-FaceId-0_align.webp,0.055834,0.0,0.0363680815488269
database3/database3/m.015g36/86-FaceId-0_align.webp,0.010069,0.0,0.0330034507344593
database3/database3/m.015g98/4-FaceId-0_align.webp,0.031227,1.0,0.0423691550824842
database3/database3/m.015g_7/108-FaceId-0_align.webp,0.075445,1.0,0.0342112488362898
database3/database3/m.015ghl/29-FaceId-0_align.webp,0.035495,0.0,0.0322567783010798
database3/database3/m.015ghl/58-FaceId-0_align.webp,0.114793,0.0,0.0249378499015611
database3/database3/m.015ghl/7-FaceId-0_align.webp,0.022651,0.0,0.0279747750966684
database3/database3/m.015gjr/36-FaceId-0_align.webp,0.054888,1.0,0.0373656082259544
database3/database3/m.015gjr/40-FaceId-0_align.webp,0.045893,1.0,0.0293813052263921
database3/database3/m.015gjr/84-FaceId-0_align.webp,0.042274,1.0,0.0771974733352393
database3/database3/m.015gqm/96-FaceId-1_align.webp,0.236979,1.0,0.0509030498686385
database3/database3/m.015grj/83-FaceId-0_align.webp,0.0,1.0,0.0259884687277708
database3/database3/m.015grj/95-FaceId-0_align.webp,0.006074,1.0,0.024748366123587
database3/database3/m.015grj/98-FaceId-0_align.webp,0.00126,1.0,0.0185226291474168
database3/database3/m.015gsv/100-FaceId-0_align.webp,0.087077,1.0,0.0432976973343282
database3/database3/m.015gsv/72-FaceId-0_align.webp,0.017745,1.0,0.035134434613519
database3/database3/m.015gx1/70-FaceId-0_align.webp,0.056653,1.0,0.0355117520185225
database3/database3/m.015gy7/28-FaceId-0_align.webp,0.011386,1.0,0.0401939953746608
database3/database3/m.015gzc/94-FaceId-0_align.webp,0.077714,1.0,0.0378559374443044
database3/database3/m.015h25/3-FaceId-0_align.webp,0.001481,1.0,0.0247611071519729
database3/database3/m.015h7y/30-FaceId-0_align.webp,0.014431,1.0,0.0377106643195239
database3/database3/m.015htz/46-FaceId-0_align.webp,0.135648,0.0,0.0352358631610257
database3/database3/m.015j58/58-FaceId-0_align.webp,0.016994,1.0,0.0338472412408038
database3/database3/m.015j6h/20-FaceId-0_align.webp,0.005265,1.0,0.0383895543209218
database3/database3/m.015j6h/37-FaceId-0_align.webp,0.094841,1.0,0.0451440955651131
database3/database3/m.015j6y/47-FaceId-0_align.webp,0.10488,0.0,0.0503774740152613
database3/database3/m.015j6y/5-FaceId-0_align.webp,0.085053,0.0,0.0327075163839039
database3/database3/m.015j6y/73-FaceId-1_align.webp,0.12413,0.0,0.0365790482457235
database3/database3/m.015j8x/17-FaceId-0_align.webp,0.049084,1.0,0.0429050746425151
database3/database3/m.015j8x/42-FaceId-0_align.webp,0.021866,1.0,0.0585667154894863
database3/database3/m.015jjw/46-FaceId-0_align.webp,0.068702,1.0,0.0533915989898831
database3/database3/m.015jjw/69-FaceId-0_align.webp,0.113403,1.0,0.0625378562739257
database3/database3/m.015jvm/105-FaceId-0_align.webp,0.006549,1.0,0.0292797128815593
database3/database3/m.015jvm/32-FaceId-0_align.webp,0.01088,1.0,0.0273086828370034
database3/database3/m.015jvm/85-FaceId-0_align.webp,0.111985,1.0,0.0488947735784181
database3/database3/m.015k04/104-FaceId-0_align.webp,0.087765,0.0,0.0291556445103931
database3/database3/m.015k04/33-FaceId-0_align.webp,0.019732,0.0,0.0365507575339878
database3/database3/m.015k04/68-FaceId-0_align.webp,0.032064,0.0,0.0344148141450764
database3/database3/m.015k9x/19-FaceId-0_align.webp,0.079615,0.0,0.0371096292172599
database3/database3/m.015k9x/84-FaceId-0_align.webp,0.154994,0.0,0.219352696862096
database3/database3/m.015kbd/21-FaceId-0_align.webp,0.030994,1.0,0.0280639094411342
database3/database3/m.015kbd/80-FaceId-0_align.webp,0.061754,1.0,0.1011281013179543
database3/database3/m.015khm/4-FaceId-0_align.webp,0.027803,1.0,0.021499815423311
database3/database3/m.015klf/75-FaceId-0_align.webp,0.0,1.0,0.0219132454832402
database3/database3/m.015ksl/24-FaceId-0_align.webp,0.23069,1.0,0.0377996905442544
database3/database3/m.015ksl/26-FaceId-1_align.webp,0.043132,1.0,0.0913705110998865
database3/database3/m.015ksl/31-FaceId-0_align.webp,0.096817,1.0,0.0377651691112101
database3/database3/m.015ksl/72-FaceId-0_align.webp,0.014945,1.0,0.0344260257332665
database3/database3/m.015ksy/70-FaceId-0_align.webp,0.064697,1.0,0.0319039504777367
database3/database3/m.015ksy/90-FaceId-0_align.webp,0.039383,1.0,0.0331851916932586
database3/database3/m.015kt_/7-FaceId-0_align.webp,0.084368,1.0,0.0331104363606984
database3/database3/m.015l1l/126-FaceId-0_align.webp,0.0,1.0,0.0180943414694349
database3/database3/m.015l51/58-FaceId-0_align.webp,0.077217,1.0,0.0297585675064566
database3/database3/m.015lg2/3-FaceId-0_align.webp,0.081487,1.0,0.0793804469068604
database3/database3/m.015m2c/35-FaceId-0_align.webp,0.111821,0.0,0.0715517969989558
database3/database3/m.015m2c/62-FaceId-0_align.webp,0.107098,0.0,0.0660620693978014
database3/database3/m.015m2c/96-FaceId-0_align.webp,0.077293,0.0,0.0723955978836897
database3/database3/m.015m2v/50-FaceId-0_align.webp,0.014038,1.0,0.0305876646249053
database3/database3/m.015m_9/103-FaceId-0_align.webp,0.203457,0.0,0.0497652941598109
database3/database3/m.015m_9/23-FaceId-0_align.webp,0.194385,0.0,0.0351647770596065
database3/database3/m.015mfy/124-FaceId-0_align.webp,0.011509,1.0,0.0683006119704463
database3/database3/m.015mfy/44-FaceId-0_align.webp,0.015486,1.0,0.071596733690199
database3/database3/m.015ncq/12-FaceId-0_align.webp,0.097302,0.0,0.0361384531819812
database3/database3/m.015ncq/15-FaceId-0_align.webp,0.108176,0.0,0.0363952965951057
database3/database3/m.015ncq/43-FaceId-0_align.webp,0.173231,0.0,0.0544117323970307
database3/database3/m.015nr6/10-FaceId-0_align.webp,0.135309,0.0,0.0311490753853399
database3/database3/m.015nxw/46-FaceId-0_align.webp,0.033616,1.0,0.036116658203044
database3/database3/m.015nz8/33-FaceId-0_align.webp,0.258768,1.0,0.0374772889519064
database3/database3/m.015p0c/3-FaceId-0_align.webp,0.047687,1.0,0.0290665269824739
database3/database3/m.015p37/5-FaceId-0_align.webp,0.024022,0.0,0.0787362770814804
database3/database3/m.015p3p/83-FaceId-3_align.webp,0.095309,1.0,0.055239131853648
database3/database3/m.015p_p/4-FaceId-0_align.webp,0.041582,1.0,0.0761695851451222
database3/database3/m.015ph6/52-FaceId-0_align.webp,0.019715,1.0,0.0329001873142334
database3/database3/m.015ph6/9-FaceId-0_align.webp,0.017184,1.0,0.0247739870802417
database3/database3/m.015phm/91-FaceId-0_align.webp,0.017375,1.0,0.023926711738701
database3/database3/m.015pqq/24-FaceId-0_align.webp,0.179784,0.0,0.0381702817143537
database3/database3/m.015pqq/66-FaceId-0_align.webp,0.136121,0.0,0.0677301864914877
database3/database3/m.015pqq/87-FaceId-0_align.webp,0.018013,0.0,0.0389263826022433
database3/database3/m.015pt7/51-FaceId-0_align.webp,0.127322,1.0,0.0464275189678918
database3/database3/m.015pt7/58-FaceId-0_align.webp,0.035197,1.0,0.0315542958798271
database3/database3/m.015pt7/60-FaceId-0_align.webp,0.049196,1.0,0.0551709809691202
database3/database3/m.015pvh/112-FaceId-0_align.webp,0.330281,0.0,0.0444250988632953
database3/database3/m.015px7/44-FaceId-0_align.webp,0.034165,1.0,0.0317637424247699
database3/database3/m.015px7/91-FaceId-0_align.webp,0.015722,1.0,0.0429448541215655
database3/database3/m.015pxr/76-FaceId-0_align.webp,0.013737,1.0,0.0326127902784121
database3/database3/m.015pxr/85-FaceId-0_align.webp,0.04711,1.0,0.0412385226538225
database3/database3/m.015pz3/26-FaceId-0_align.webp,0.029214,1.0,0.0373777997727753
database3/database3/m.015q3m/88-FaceId-0_align.webp,0.02977,1.0,0.0258868396231975
database3/database3/m.015q43/44-FaceId-0_align.webp,0.14431,0.0,0.0405251647813282
database3/database3/m.015q43/83-FaceId-0_align.webp,0.202776,0.0,0.0465164538073885
database3/database3/m.015q7v/66-FaceId-0_align.webp,0.123951,1.0,0.0395365962354626
database3/database3/m.015q7v/70-FaceId-0_align.webp,0.084162,1.0,0.0378986396663911
database3/database3/m.015q7v/74-FaceId-0_align.webp,0.166774,1.0,0.0804200221341
database3/database3/m.015q7v/95-FaceId-0_align.webp,0.114436,1.0,0.0336772634077473
database3/database3/m.015q9_/38-FaceId-0_align.webp,0.073529,1.0,0.0405310451687659
database3/database3/m.015q9_/55-FaceId-0_align.webp,0.228226,1.0,0.0414645525963222
database3/database3/m.015qgb/80-FaceId-0_align.webp,0.240744,0.0,0.0538989301537551
database3/database3/m.015ql4/49-FaceId-0_align.webp,0.010843,1.0,0.0323361721668488
database3/database3/m.015ql_/79-FaceId-0_align.webp,0.076307,0.0,0.041949491351524
database3/database3/m.015qlm/10-FaceId-0_align.webp,0.050821,0.0,0.0384627540794995
database3/database3/m.015qlm/70-FaceId-0_align.webp,0.030997,0.0,0.0378529440832835
database3/database3/m.015qpn/63-FaceId-0_align.webp,0.366396,1.0,0.0300920223375906
database3/database3/m.015qq1/36-FaceId-0_align.webp,0.022633,1.0,0.0290096085795892
database3/database3/m.015qty/73-FaceId-0_align.webp,0.019129,1.0,0.0289276720371509
database3/database3/m.015qty/74-FaceId-0_align.webp,0.007618,1.0,0.0335475767437703
database3/database3/m.015qv9/29-FaceId-0_align.webp,0.006101,1.0,0.0346692042290045
database3/database3/m.015qxn/75-FaceId-0_align.webp,0.029389,1.0,0.0269412739271463
database3/database3/m.015qxn/81-FaceId-0_align.webp,0.000968,1.0,0.0548345653584819
database3/database3/m.015qyf/14-FaceId-0_align.webp,0.032701,1.0,0.0375099036283953
database3/database3/m.015qzv/12-FaceId-0_align.webp,0.03298,1.0,0.0749059896484883
database3/database3/m.015qzv/45-FaceId-0_align.webp,0.048204,1.0,0.0665701339445082
database3/database3/m.015qzv/55-FaceId-0_align.webp,0.094832,1.0,0.0919239855803483
database3/database3/m.015qzv/57-FaceId-0_align.webp,0.068867,1.0,0.0436924927871406
database3/database3/m.015r3q/35-FaceId-0_align.webp,0.001755,1.0,0.0686510902385387
database3/database3/m.015r4v/28-FaceId-0_align.webp,0.015627,1.0,0.0405547064816781
database3/database3/m.015rhv/21-FaceId-0_align.webp,0.274759,1.0,0.0583633146254624
database3/database3/m.015rmq/88-FaceId-0_align.webp,0.016982,1.0,0.0311726591494088
database3/database3/m.015t_m/31-FaceId-0_align.webp,0.0851,1.0,0.0194360330886427
database3/database3/m.015thk/1-FaceId-0_align.webp,0.117609,1.0,0.0342377475394577
database3/database3/m.015thk/47-FaceId-0_align.webp,0.223814,1.0,0.0583545684621894
database3/database3/m.015thk/89-FaceId-0_align.webp,0.010677,1.0,0.0705269996964878
database3/database3/m.015tp7/25-FaceId-0_align.webp,0.089928,1.0,0.0367342018219596
database3/database3/m.015tp7/4-FaceId-0_align.webp,0.078982,1.0,0.0396676627064883
database3/database3/m.015tv5/22-FaceId-0_align.webp,0.009031,1.0,0.0354130095953288
database3/database3/m.015tv5/54-FaceId-0_align.webp,0.027498,1.0,0.0339321578003423
database3/database3/m.015tyq/50-FaceId-0_align.webp,0.029346,1.0,0.0510507081202486
database3/database3/m.015tyq/63-FaceId-0_align.webp,0.05956,1.0,0.0793597859614169
database3/database3/m.015v98/49-FaceId-0_align.webp,0.062142,0.0,0.0405191850640472
database3/database3/m.015v98/79-FaceId-0_align.webp,0.070144,0.0,0.0398973733929365
database3/database3/m.015vql/63-FaceId-0_align.webp,0.02634,1.0,0.0403290389498027
database3/database3/m.015vyh/54-FaceId-0_align.webp,0.020372,1.0,0.0330530809722864
database3/database3/m.015wfg/59-FaceId-0_align.webp,0.021245,1.0,0.0375737090816812
database3/database3/m.015wfy/41-FaceId-0_align.webp,0.10115,1.0,0.0314613947061789
database3/database3/m.015wfy/43-FaceId-0_align.webp,0.000923,1.0,0.0624096952221206
database3/database3/m.015wfy/78-FaceId-0_align.webp,0.064575,1.0,0.0712685142211239
database3/database3/m.015wfy/91-FaceId-0_align.webp,0.156,1.0,0.0636981315160827
database3/database3/m.015wgw/16-FaceId-0_align.webp,0.030553,1.0,0.0310587492619727
database3/database3/m.015wgw/5-FaceId-0_align.webp,0.079937,1.0,0.0389391528275357
database3/database3/m.015wkb/94-FaceId-0_align.webp,0.010721,1.0,0.0300137031643352
database3/database3/m.015x3n/93-FaceId-0_align.webp,0.0,0.0,0.1744796594134342
database3/database3/m.015x63/126-FaceId-0_align.webp,0.077609,0.0,0.0373353917824457
database3/database3/m.015xnd/46-FaceId-0_align.webp,0.021854,1.0,0.053053426157398
database3/database3/m.015xnd/72-FaceId-0_align.webp,0.171432,1.0,0.0811137811839839
database3/database3/m.015xsn/17-FaceId-0_align.webp,0.021828,1.0,0.0547650240207494
database3/database3/m.015xww/31-FaceId-0_align.webp,0.075773,1.0,0.0324891988506477
database3/database3/m.015xys/54-FaceId-0_align.webp,0.054138,1.0,0.0274988790270552
database3/database3/m.015y4c/42-FaceId-0_align.webp,0.097688,1.0,0.0257153584906844
database3/database3/m.015y4c/72-FaceId-0_align.webp,0.027368,1.0,0.0316902264111083
database3/database3/m.015y4c/79-FaceId-0_align.webp,0.010835,1.0,0.0259535581984603
database3/database3/m.015yb0/108-FaceId-0_align.webp,0.073526,1.0,0.0291104375462269
database3/database3/m.015ybz/5-FaceId-0_align.webp,0.004767,1.0,0.1018846222205831
database3/database3/m.015yg9/69-FaceId-0_align.webp,0.021682,1.0,0.0476870177788039
database3/database3/m.015ykr/19-FaceId-0_align.webp,0.078311,0.0,0.0356518663972481
database3/database3/m.015ykr/9-FaceId-0_align.webp,0.026904,0.0,0.026761061616116
database3/database3/m.015z4j/106-FaceId-1_align.webp,0.203863,0.0,0.0419472703946956
database3/database3/m.015z4j/30-FaceId-0_align.webp,0.022438,0.0,0.031896827553415
database3/database3/m.015zj4/3-FaceId-0_align.webp,0.026859,1.0,0.057154385444477
database3/database3/m.015zjx/34-FaceId-0_align.webp,0.188292,1.0,0.0406298783805261
database3/database3/m.015zm4/92-FaceId-0_align.webp,0.019768,1.0,0.059984880181975
database3/database3/m.015zmm/35-FaceId-0_align.webp,0.071991,0.0,0.0345538455108142
database3/database3/m.016077/95-FaceId-0_align.webp,0.023638,1.0,0.0399356988414529
database3/database3/m.0160pf/102-FaceId-0_align.webp,0.037457,1.0,0.0365041057802955
database3/database3/m.016194/12-FaceId-0_align.webp,0.028771,1.0,0.0358069376535947
database3/database3/m.016194/6-FaceId-0_align.webp,0.025295,1.0,0.0279704674167166
database3/database3/m.0161h5/105-FaceId-0_align.webp,0.042175,0.0,0.0353339772736858
database3/database3/m.0161hn/33-FaceId-0_align.webp,0.010683,1.0,0.0434296571592151
database3/database3/m.0162c8/22-FaceId-0_align.webp,0.021055,1.0,0.0392214807792355
database3/database3/m.0162c8/71-FaceId-0_align.webp,0.041746,1.0,0.0378846640221461
database3/database3/m.0162c8/72-FaceId-0_align.webp,0.034776,1.0,0.0380294998143454
database3/database3/m.0162lw/68-FaceId-0_align.webp,0.026272,1.0,0.0380863049356665
database3/database3/m.0162n1/16-FaceId-0_align.webp,0.013549,1.0,0.071069650989472
database3/database3/m.0162n1/17-FaceId-0_align.webp,0.15524,1.0,0.0732290761924564
database3/database3/m.01635v/83-FaceId-0_align.webp,0.001023,1.0,0.023727902414007
database3/database3/m.0163bt/91-FaceId-0_align.webp,0.100672,1.0,0.0416972532418948
database3/database3/m.0163kf/72-FaceId-0_align.webp,0.120095,0.0,0.0347934181175904
database3/database3/m.0163kf/83-FaceId-0_align.webp,0.098981,0.0,0.0446094101670688
database3/database3/m.0163rk/30-FaceId-0_align.webp,0.022552,1.0,0.0354272115154578
database3/database3/m.0163s9/24-FaceId-0_align.webp,0.074147,1.0,0.0369283250724108
database3/database3/m.0163s9/74-FaceId-0_align.webp,0.166715,1.0,0.0373237063100128
database3/database3/m.0163t3/106-FaceId-0_align.webp,0.195337,0.0,0.0379479990385594
database3/database3/m.0163t3/9-FaceId-0_align.webp,0.08181,0.0,0.0336407510034239
database3/database3/m.0163y8/74-FaceId-0_align.webp,0.077227,1.0,0.0388370215161052
database3/database3/m.0164c4/60-FaceId-0_align.webp,0.111711,0.0,0.0327557642887029
database3/database3/m.0164lp/69-FaceId-0_align.webp,0.064522,1.0,0.0270809179506441
database3/database3/m.0164lp/92-FaceId-0_align.webp,0.151037,1.0,0.0728653267493976
database3/database3/m.0164nb/3-FaceId-0_align.webp,0.089532,1.0,0.0339787413708233
database3/database3/m.0164y7/34-FaceId-0_align.webp,0.005214,1.0,0.0340341038598181
database3/database3/m.0165cp/26-FaceId-0_align.webp,0.006703,0.0,0.0289469032935628
database3/database3/m.0165cp/52-FaceId-0_align.webp,0.057554,0.0,0.0258940816555876
database3/database3/m.0165gc/85-FaceId-0_align.webp,0.006716,1.0,0.0281811239593671
database3/database3/m.0165gc/99-FaceId-0_align.webp,0.120842,1.0,0.0380272104623881
database3/database3/m.0165ky/57-FaceId-0_align.webp,0.015031,1.0,0.0582103802300946
database3/database3/m.0165n5/59-FaceId-0_align.webp,0.014306,0.0,0.0257164678006207
database3/database3/m.01666h/59-FaceId-0_align.webp,0.366126,0.0,0.0443587788335295
database3/database3/m.01666h/65-FaceId-0_align.webp,0.324656,0.0,0.0471286837582166
database3/database3/m.0166rp/41-FaceId-0_align.webp,0.108225,1.0,0.0379817787057146
database3/database3/m.0166rp/55-FaceId-0_align.webp,0.058677,1.0,0.0479171213711823
database3/database3/m.0166w_/52-FaceId-0_align.webp,0.055626,1.0,0.0306220794986392
database3/database3/m.0166w_/7-FaceId-0_align.webp,0.051227,1.0,0.0246994180981822
database3/database3/m.0166yl/4-FaceId-0_align.webp,0.128426,1.0,0.0288215927712749
database3/database3/m.0166yl/42-FaceId-0_align.webp,0.00821,1.0,0.0320422333448478
database3/database3/m.0166zk/13-FaceId-0_align.webp,0.040817,1.0,0.0847036734342434
database3/database3/m.0166zk/42-FaceId-0_align.webp,0.020069,1.0,0.0622677620928701
database3/database3/m.0166zk/72-FaceId-0_align.webp,0.015452,1.0,0.0369750006353713
database3/database3/m.01678_/78-FaceId-0_align.webp,0.014927,1.0,0.0273205765961441
database3/database3/m.0167h6/35-FaceId-0_align.webp,0.000892,1.0,0.0270949958354168
database3/database3/m.0167xk/87-FaceId-0_align.webp,0.035118,1.0,0.0396139370926109
database3/database3/m.016883/25-FaceId-0_align.webp,0.021581,1.0,0.035755393760163
database3/database3/m.016883/35-FaceId-0_align.webp,0.016967,1.0,0.041834002384911
database3/database3/m.016883/79-FaceId-0_align.webp,0.042662,1.0,0.0359724580329108
database3/database3/m.0168cl/73-FaceId-0_align.webp,0.16573,1.0,0.0353871966168974
database3/database3/m.0168ql/60-FaceId-0_align.webp,0.01118,1.0,0.0204560350830123
database3/database3/m.0168vx/9-FaceId-0_align.webp,0.182986,0.0,0.0317570800932598
database3/database3/m.01693z/106-FaceId-0_align.webp,0.308514,1.0,0.0514836367631549
database3/database3/m.01693z/67-FaceId-0_align.webp,0.053019,1.0,0.0299613982185427
database3/database3/m.016959/105-FaceId-0_align.webp,0.10109,1.0,0.048606105747292
database3/database3/m.016959/51-FaceId-0_align.webp,0.067755,1.0,0.038767520227531
database3/database3/m.0169ff/102-FaceId-0_align.webp,0.033338,1.0,0.0455096690050582
database3/database3/m.0169ff/36-FaceId-0_align.webp,0.024259,1.0,0.0366762169221033
database3/database3/m.0169ff/79-FaceId-0_align.webp,0.137366,1.0,0.0386200442734804
database3/database3/m.0169mh/14-FaceId-0_align.webp,0.084985,0.0,0.0480024215115436
database3/database3/m.0169r6/43-FaceId-0_align.webp,0.109367,0.0,0.0398390601989671
database3/database3/m.0169v2/37-FaceId-0_align.webp,0.237432,0.0,0.0419428324913641
database3/database3/m.0169v2/60-FaceId-0_align.webp,0.294775,0.0,0.0449794674378116
database3/database3/m.0169x_/12-FaceId-0_align.webp,0.169443,1.0,0.0316136119698635
database3/database3/m.016_js/82-FaceId-0_align.webp,0.00161,0.0,0.0289596092165268
database3/database3/m.016_js/90-FaceId-0_align.webp,0.074161,0.0,0.0397866016010335
database3/database3/m.016_mj/9-FaceId-0_align.webp,0.005546,1.0,0.036605823498374
database3/database3/m.016b6z/92-FaceId-0_align.webp,0.053278,1.0,0.04444388799891
database3/database3/m.016b90/0-FaceId-0_align.webp,0.006801,1.0,0.0299950696131869
database3/database3/m.016b90/79-FaceId-0_align.webp,0.0,1.0,0.0149741593328941
database3/database3/m.016b90/8-FaceId-0_align.webp,0.046454,1.0,0.0229650879427779
database3/database3/m.016b90/93-FaceId-0_align.webp,0.01334,1.0,0.0315627594982528
database3/database3/m.016cn6/6-FaceId-0_align.webp,0.062721,1.0,0.0546519147529617
database3/database3/m.016cn6/90-FaceId-0_align.webp,0.090699,1.0,0.036933603784954
database3/database3/m.016cz6/23-FaceId-1_align.webp,0.213677,1.0,0.1613194097507071
database3/database3/m.016db7/11-FaceId-0_align.webp,0.00104,1.0,0.0440406542761381
database3/database3/m.016dbr/42-FaceId-0_align.webp,0.02227,1.0,0.0361291807515625
database3/database3/m.016fjj/77-FaceId-0_align.webp,0.012807,1.0,0.0347146164002807
database3/database3/m.016fnv/40-FaceId-0_align.webp,0.049743,1.0,0.0347427679970375
database3/database3/m.016g29/40-FaceId-0_align.webp,0.003894,1.0,0.0473498321818895
database3/database3/m.016g29/95-FaceId-0_align.webp,0.017798,1.0,0.0239010270897556
database3/database3/m.016ggh/74-FaceId-0_align.webp,0.004674,1.0,0.0292438210605468
database3/database3/m.016ghw/12-FaceId-0_align.webp,0.035794,1.0,0.058288846552997
database3/database3/m.016gkf/85-FaceId-0_align.webp,0.159983,1.0,0.0372757787719599
database3/database3/m.016gnp/45-FaceId-0_align.webp,0.027576,1.0,0.0327863003401162
database3/database3/m.016gnp/48-FaceId-0_align.webp,0.0,1.0,0.0367727349544377
database3/database3/m.016gr2/107-FaceId-0_align.webp,0.0,1.0,0.0480395467963072
database3/database3/m.016gr2/38-FaceId-0_align.webp,0.0,1.0,0.0249104364613526
database3/database3/m.016hgp/12-FaceId-0_align.webp,0.055372,0.0,0.0338085935529389
database3/database3/m.016hgp/32-FaceId-12_align.webp,0.159452,0.0,0.094557296685501
database3/database3/m.016hgp/77-FaceId-4_align.webp,0.110387,0.0,0.0328055363293071
database3/database3/m.016hgp/77-FaceId-7_align.webp,0.08977,0.0,0.0341884947419451
database3/database3/m.016hgp/77-FaceId-9_align.webp,0.121788,0.0,0.0358020584843093
database3/database3/m.016hj7/88-FaceId-0_align.webp,0.028831,1.0,0.0269374630403093
database3/database3/m.016hk4/98-FaceId-0_align.webp,0.002253,1.0,0.0336059612415669
database3/database3/m.016hmf/90-FaceId-0_align.webp,0.168251,1.0,0.0437787956786377
database3/database3/m.016hrc/46-FaceId-0_align.webp,0.064797,0.0,0.0420733676979664
database3/database3/m.016htr/23-FaceId-0_align.webp,0.041326,1.0,0.0346982200696734
database3/database3/m.016htr/80-FaceId-0_align.webp,0.0,1.0,0.0794486494826772
database3/database3/m.016hvl/14-FaceId-0_align.webp,0.018608,1.0,0.0429018852587519
database3/database3/m.016hvl/79-FaceId-0_align.webp,0.027134,1.0,0.0374728638322102
database3/database3/m.016hzm/79-FaceId-0_align.webp,0.040554,1.0,0.0638112856333004
database3/database3/m.016j4q/17-FaceId-0_align.webp,0.014713,1.0,0.2394009296767009
database3/database3/m.016j4q/73-FaceId-0_align.webp,0.027874,1.0,0.105659404067255
database3/database3/m.016j55/23-FaceId-0_align.webp,0.003044,1.0,0.0437558563646227
database3/database3/m.016j_c/80-FaceId-0_align.webp,0.167359,0.0,0.0419915240902822
database3/database3/m.016k0j/73-FaceId-0_align.webp,0.021214,0.0,0.0366783948536941
database3/database3/m.016k38/76-FaceId-0_align.webp,0.03171,1.0,0.0555294533557915
database3/database3/m.016k38/86-FaceId-0_align.webp,0.0969,1.0,0.0687457240548898
database3/database3/m.016k58/57-FaceId-0_align.webp,0.285077,0.0,0.0439637197628398
database3/database3/m.016k6x/11-FaceId-0_align.webp,0.0,1.0,0.0253922428670355
database3/database3/m.016k6x/19-FaceId-0_align.webp,0.0,1.0,0.0223494217644856
database3/database3/m.016k92/3-FaceId-0_align.webp,0.164786,1.0,0.0436485331977911
database3/database3/m.016k92/39-FaceId-0_align.webp,0.115077,1.0,0.0419674932198391
database3/database3/m.016k92/53-FaceId-0_align.webp,0.124335,1.0,0.0440558985343388
database3/database3/m.016k_v/117-FaceId-0_align.webp,0.172292,0.0,0.0342835054312358
database3/database3/m.016k_v/31-FaceId-0_align.webp,0.103765,0.0,0.0363304584107089
database3/database3/m.016k_v/6-FaceId-0_align.webp,0.102662,0.0,0.0347355217403296
database3/database3/m.016kdv/96-FaceId-0_align.webp,0.10171,1.0,0.0319326737733268
database3/database3/m.016kft/30-FaceId-0_align.webp,0.094506,1.0,0.0410043974576256
database3/database3/m.016khd/116-FaceId-0_align.webp,0.014365,1.0,0.0758307929426063
database3/database3/m.016khd/18-FaceId-0_align.webp,0.045446,1.0,0.0496675504427555
database3/database3/m.016khd/77-FaceId-0_align.webp,0.016363,1.0,0.0306069197842047
database3/database3/m.016kjs/51-FaceId-0_align.webp,0.103247,1.0,0.0378961189839962
database3/database3/m.016kqk/22-FaceId-0_align.webp,0.109366,1.0,0.0468707592235645
database3/database3/m.016kqk/57-FaceId-0_align.webp,0.028005,1.0,0.0483678524400879
database3/database3/m.016ksk/77-FaceId-0_align.webp,0.033554,1.0,0.060325216326476
database3/database3/m.016l53/34-FaceId-0_align.webp,0.004644,1.0,0.0787036944424625
database3/database3/m.016l_5/13-FaceId-1_align.webp,0.028409,0.0,0.0745502702063511
database3/database3/m.016l_5/23-FaceId-0_align.webp,0.13632,0.0,0.0368187761549215
database3/database3/m.016l_5/69-FaceId-0_align.webp,0.067658,0.0,0.03424237796819
database3/database3/m.016lb3/2-FaceId-0_align.webp,0.005513,1.0,0.0312955096361685
database3/database3/m.016lh0/74-FaceId-0_align.webp,0.000336,1.0,0.0320183398795082
database3/database3/m.016m0v/15-FaceId-0_align.webp,0.003574,1.0,0.061614928455275
database3/database3/m.016m0v/47-FaceId-0_align.webp,0.010823,1.0,0.0703265583535091
database3/database3/m.016m0v/48-FaceId-0_align.webp,0.006305,1.0,0.0484334383242997
database3/database3/m.016mgj/22-FaceId-0_align.webp,0.177659,0.0,0.036708431570682
database3/database3/m.016mgj/72-FaceId-0_align.webp,0.141048,0.0,0.0774765627636401
database3/database3/m.016ntp/45-FaceId-0_align.webp,0.056576,0.0,0.1044765045353719
database3/database3/m.016ntp/58-FaceId-0_align.webp,0.194583,0.0,0.0720479358666493
database3/database3/m.016ntp/78-FaceId-0_align.webp,0.262576,0.0,0.0502514530661536
database3/database3/m.016ntp/85-FaceId-0_align.webp,0.141759,0.0,0.0431781043956446
database3/database3/m.016nvh/2-FaceId-0_align.webp,0.143526,1.0,0.0419738613392663
database3/database3/m.016nvy/82-FaceId-0_align.webp,0.14288,0.0,0.0370395461763889
database3/database3/m.016nws/82-FaceId-0_align.webp,0.154826,1.0,0.0445333175621401
database3/database3/m.016pns/55-FaceId-0_align.webp,0.055966,1.0,0.0394745287844226
database3/database3/m.016q0w/27-FaceId-0_align.webp,0.009996,1.0,0.0365857549097329
database3/database3/m.016q2n/25-FaceId-0_align.webp,0.030179,0.0,0.0358899930083126
database3/database3/m.016q2n/89-FaceId-0_align.webp,0.007529,0.0,0.0379287385397848
database3/database3/m.016q4_/99-FaceId-1_align.webp,0.000294,0.0,0.0296014513860574
database3/database3/m.016qrb/16-FaceId-0_align.webp,0.039165,0.0,0.0344971641060081
database3/database3/m.016qrb/78-FaceId-0_align.webp,0.145711,0.0,0.0316832422586069
database3/database3/m.016qtt/15-FaceId-0_align.webp,0.187503,1.0,0.0388240398401256
database3/database3/m.016qtt/25-FaceId-0_align.webp,0.283035,1.0,0.0393715425322636
database3/database3/m.016r3x/42-FaceId-0_align.webp,0.001242,1.0,0.0206489405744574
database3/database3/m.016r3x/44-FaceId-0_align.webp,0.007495,1.0,0.0379875133105642
database3/database3/m.016sff/35-FaceId-0_align.webp,0.025858,1.0,0.1085127912456965
database3/database3/m.016sp_/9-FaceId-0_align.webp,0.355835,1.0,0.0337302683090776
database3/database3/m.016swh/38-FaceId-0_align.webp,0.0,1.0,0.0293973845901174
database3/database3/m.016sz1/68-FaceId-0_align.webp,0.00381,1.0,0.0414980956666193
database3/database3/m.016szr/0-FaceId-0_align.webp,0.081751,1.0,0.077612593013333
database3/database3/m.016szr/31-FaceId-0_align.webp,0.150774,1.0,0.0753169844510484
database3/database3/m.016t00/27-FaceId-0_align.webp,0.010723,1.0,0.0437018392865802
database3/database3/m.016t00/29-FaceId-0_align.webp,0.026052,1.0,0.039550921537356
database3/database3/m.016t00/49-FaceId-0_align.webp,0.061342,1.0,0.0454840920992469
database3/database3/m.016tb7/64-FaceId-0_align.webp,0.020212,0.0,0.0336127190478032
database3/database3/m.016tbr/53-FaceId-0_align.webp,0.052696,1.0,0.0398932082358656
database3/database3/m.016tbr/91-FaceId-0_align.webp,0.278026,1.0,0.0485886843342879
database3/database3/m.016tbr/97-FaceId-0_align.webp,0.035531,1.0,0.0433251242963546
database3/database3/m.016tcm/7-FaceId-0_align.webp,0.0,1.0,0.0343218093321448
database3/database3/m.016tqw/18-FaceId-0_align.webp,0.009857,1.0,0.0379486010254395
database3/database3/m.016vqk/91-FaceId-0_align.webp,0.041054,1.0,0.0353975458046207
database3/database3/m.016vxj/34-FaceId-0_align.webp,0.081238,1.0,0.0312704645116465
database3/database3/m.016vy9/16-FaceId-0_align.webp,0.135759,0.0,0.0378760679303402
database3/database3/m.016vy9/41-FaceId-0_align.webp,0.023537,0.0,0.0322591539108059
database3/database3/m.016vyp/28-FaceId-0_align.webp,0.086364,1.0,0.0352972389789228
database3/database3/m.016vyp/92-FaceId-0_align.webp,0.043472,1.0,0.0328468696393787
database3/database3/m.016wdq/47-FaceId-0_align.webp,0.021942,1.0,0.1105185872373692
database3/database3/m.016wvy/16-FaceId-0_align.webp,0.016451,1.0,0.0349387227661123
database3/database3/m.016wvy/70-FaceId-0_align.webp,0.279688,1.0,0.0462227576063511
database3/database3/m.016wvy/90-FaceId-0_align.webp,0.0652,1.0,0.0838578122554793
database3/database3/m.016xk5/94-FaceId-0_align.webp,0.039665,1.0,0.0328880157670926
database3/database3/m.016yr0/49-FaceId-0_align.webp,0.028821,1.0,0.0333353883366967
database3/database3/m.016yr0/53-FaceId-0_align.webp,0.03224,1.0,0.0312602573900757
database3/database3/m.016yr0/98-FaceId-0_align.webp,0.103354,1.0,0.0385199459583937
database3/database3/m.016ywr/2-FaceId-0_align.webp,0.022088,1.0,0.0466999892716026
database3/database3/m.016ywr/21-FaceId-0_align.webp,0.053813,1.0,0.0401053099436879
database3/database3/m.016ywr/76-FaceId-0_align.webp,0.0,1.0,0.028592825787064
database3/database3/m.016z3d/40-FaceId-0_align.webp,0.041987,1.0,0.033921725548594
database3/database3/m.016z3d/43-FaceId-0_align.webp,0.184794,1.0,0.0387199501586623
database3/database3/m.016z3d/48-FaceId-0_align.webp,0.181018,1.0,0.0354531046091754
database3/database3/m.016z68/21-FaceId-0_align.webp,0.185954,1.0,0.042565648967312
database3/database3/m.016z68/89-FaceId-0_align.webp,0.268667,1.0,0.0411748163388171
database3/database3/m.016zp5/13-FaceId-0_align.webp,0.016071,1.0,0.0285122484967516
database3/database3/m.016zp5/31-FaceId-0_align.webp,0.101464,1.0,0.0831579019810151
database3/database3/m.016zp5/64-FaceId-0_align.webp,0.006697,1.0,0.0355082062119148
database3/database3/m.016zp5/68-FaceId-0_align.webp,0.014376,1.0,0.0370214733699219
database3/database3/m.016zvk/22-FaceId-0_align.webp,0.104809,0.0,0.0393274306596506
database3/database3/m.016zvk/81-FaceId-0_align.webp,0.147393,0.0,0.0384759687088332
database3/database3/m.016zvk/88-FaceId-0_align.webp,0.080384,0.0,0.026872185534393
database3/database3/m.016zvk/91-FaceId-0_align.webp,0.084334,0.0,0.0359546779687504
database3/database3/m.0170pk/112-FaceId-0_align.webp,0.029113,1.0,0.0575917070578811
database3/database3/m.0170pk/32-FaceId-0_align.webp,0.0,1.0,0.061845755187921
database3/database3/m.0170pk/71-FaceId-0_align.webp,0.003334,1.0,0.0398533960687361
database3/database3/m.0170pk/93-FaceId-0_align.webp,0.020024,1.0,0.0703606778504158
database3/database3/m.0170q1/39-FaceId-0_align.webp,0.098023,0.0,0.0597310900747899
database3/database3/m.0170qf/10-FaceId-0_align.webp,0.012168,1.0,0.0326502907231107
database3/database3/m.0170qf/66-FaceId-0_align.webp,0.173717,1.0,0.0414454921258381
database3/database3/m.0170s4/35-FaceId-0_align.webp,0.00841,1.0,0.0387697683942699
database3/database3/m.0170s4/44-FaceId-0_align.webp,0.007374,1.0,0.0220953224878459
database3/database3/m.0170s4/48-FaceId-0_align.webp,0.0,1.0,0.0237806138073212
database3/database3/m.0170s4/85-FaceId-0_align.webp,0.00918,1.0,0.0309366294481754
database3/database3/m.0170s4/86-FaceId-0_align.webp,0.00659,1.0,0.0285474423568483
database3/database3/m.0170zz/7-FaceId-0_align.webp,0.0033,1.0,0.0561326392776678
database3/database3/m.017115/2-FaceId-0_align.webp,0.178391,1.0,0.052505219192229
database3/database3/m.0171cm/52-FaceId-0_align.webp,0.078391,1.0,0.0806194713862442
database3/database3/m.0171cm/9-FaceId-0_align.webp,0.020679,1.0,0.0753503712041724
database3/database3/m.0171dv/105-FaceId-0_align.webp,0.019879,1.0,0.0284857717562256
database3/database3/m.0171dv/106-FaceId-0_align.webp,0.079343,1.0,0.0361804585064713
database3/database3/m.0171z8/39-FaceId-0_align.webp,0.1172,0.0,0.1312772879607487
database3/database3/m.01721f/98-FaceId-0_align.webp,0.00066,1.0,0.0215893851399458
database3/database3/m.01728m/45-FaceId-0_align.webp,0.026608,1.0,0.0606431604710849
database3/database3/m.01734j/10-FaceId-0_align.webp,0.107434,1.0,0.0729425231408079
database3/database3/m.01737y/7-FaceId-0_align.webp,0.023524,1.0,0.0297434230888616
database3/database3/m.0173cq/55-FaceId-0_align.webp,0.0687,0.0,0.0389999058935768
database3/database3/m.0173cq/82-FaceId-0_align.webp,0.052898,0.0,0.0275911028516175
database3/database3/m.0173p_/66-FaceId-0_align.webp,0.12779,0.0,0.0500465796173112
database3/database3/m.0173p_/82-FaceId-0_align.webp,0.039784,0.0,0.0345519988532884
database3/database3/m.0173p_/97-FaceId-0_align.webp,0.06989,0.0,0.0369958758927085
database3/database3/m.0173s_/56-FaceId-0_align.webp,0.320216,0.0,0.0417680789786298
database3/database3/m.01741h/75-FaceId-0_align.webp,0.057681,1.0,0.0837413064116133
database3/database3/m.01742l/53-FaceId-0_align.webp,0.210558,0.0,0.0509698806701612
database3/database3/m.01744d/24-FaceId-0_align.webp,0.021138,1.0,0.0368952676301911
database3/database3/m.01744d/66-FaceId-0_align.webp,0.069833,1.0,0.0384961213737548
database3/database3/m.017458/60-FaceId-0_align.webp,0.031087,1.0,0.1054980036215879
database3/database3/m.0174z2/31-FaceId-0_align.webp,0.019356,1.0,0.0344487976193563
database3/database3/m.0175m_/104-FaceId-0_align.webp,0.011519,1.0,0.0506520845819192
database3/database3/m.0175m_/106-FaceId-0_align.webp,0.008092,1.0,0.0322161569009271
database3/database3/m.0175s7/91-FaceId-0_align.webp,0.271553,1.0,0.0494931966806474
database3/database3/m.0175w3/23-FaceId-0_align.webp,0.084707,1.0,0.0758207589878124
database3/database3/m.0175w3/40-FaceId-0_align.webp,0.14122,1.0,0.101449570676892
database3/database3/m.0175w3/8-FaceId-0_align.webp,0.022898,1.0,0.1136265435173231
database3/database3/m.01762z/69-FaceId-0_align.webp,0.001793,1.0,0.0305054819315589
database3/database3/m.017729/106-FaceId-0_align.webp,0.004005,1.0,0.037582420323921
database3/database3/m.01772q/118-FaceId-0_align.webp,0.005376,1.0,0.025933343860402
database3/database3/m.01778_/1-FaceId-0_align.webp,0.151831,0.0,0.0806433141489334
database3/database3/m.01778_/5-FaceId-0_align.webp,0.080886,0.0,0.0706563356709321
database3/database3/m.0177s6/54-FaceId-0_align.webp,0.003871,1.0,0.0886417087109749
database3/database3/m.0177s6/83-FaceId-0_align.webp,0.194958,1.0,0.0786740397737357
database3/database3/m.0178_j/46-FaceId-0_align.webp,0.038586,1.0,0.0668493750373489
database3/database3/m.0178d6/53-FaceId-0_align.webp,0.019408,1.0,0.032023600045946
database3/database3/m.0178d6/9-FaceId-0_align.webp,0.038126,1.0,0.039678363138893
database3/database3/m.0178sb/20-FaceId-0_align.webp,0.025953,1.0,0.0309398431709253
database3/database3/m.01791s/104-FaceId-0_align.webp,0.057011,1.0,0.1420003330745474
database3/database3/m.01793l/15-FaceId-0_align.webp,0.11519,1.0,0.0896053137741363
database3/database3/m.01793l/3-FaceId-0_align.webp,0.021997,1.0,0.0696922522731281
database3/database3/m.01793l/48-FaceId-0_align.webp,0.070141,1.0,0.1040819396842533
database3/database3/m.01793l/77-FaceId-0_align.webp,0.068916,1.0,0.0901336292857527
database3/database3/m.01794d/22-FaceId-0_align.webp,0.132698,1.0,0.0354030352398036
database3/database3/m.0179n7/47-FaceId-0_align.webp,0.025063,1.0,0.0350117677785884
database3/database3/m.0179ys/22-FaceId-0_align.webp,0.03888,1.0,0.0439322553777868
database3/database3/m.017_65/24-FaceId-0_align.webp,0.104039,1.0,0.0585982775693141
database3/database3/m.017__g/2-FaceId-0_align.webp,0.026314,1.0,0.0325743240159211
database3/database3/m.017__g/30-FaceId-0_align.webp,0.064708,1.0,0.0414473087584914
database3/database3/m.017_dr/0-FaceId-1_align.webp,0.037641,1.0,0.072071707692444
database3/database3/m.017_dr/14-FaceId-0_align.webp,0.005491,1.0,0.0422387458430863
database3/database3/m.017_dr/47-FaceId-0_align.webp,0.191478,1.0,0.0428911310279086
database3/database3/m.017_dr/57-FaceId-0_align.webp,0.038308,1.0,0.0869424447925234
database3/database3/m.017_j4/45-FaceId-0_align.webp,0.032452,1.0,0.0679304821139464
database3/database3/m.017_j4/54-FaceId-0_align.webp,0.009302,1.0,0.0692101662010077
database3/database3/m.017_j4/93-FaceId-0_align.webp,0.05205,1.0,0.1147356102837992
database3/database3/m.017_l1/23-FaceId-0_align.webp,0.033635,1.0,0.0292905095781798
database3/database3/m.017_l1/5-FaceId-0_align.webp,0.0,1.0,0.0291742223610523
database3/database3/m.017_xx/84-FaceId-0_align.webp,0.180042,0.0,0.038844902316107
database3/database3/m.017bd/83-FaceId-0_align.webp,0.002036,1.0,0.0610097805596622
database3/database3/m.017bd/85-FaceId-0_align.webp,0.002715,1.0,0.0743456728694143
database3/database3/m.017bk6/90-FaceId-2_align.webp,0.056904,0.0,0.0315071499254017
database3/database3/m.017bxq/72-FaceId-0_align.webp,0.032315,1.0,0.0583849794979933
database3/database3/m.017c87/108-FaceId-0_align.webp,0.012746,1.0,0.0652516977328672
database3/database3/m.017c87/7-FaceId-0_align.webp,0.008884,1.0,0.0242887950828774
database3/database3/m.017cgg/62-FaceId-0_align.webp,0.009893,1.0,0.0762756038641992
database3/database3/m.017d3v/21-FaceId-0_align.webp,0.000486,1.0,0.0161845964884017
database3/database3/m.017dpj/104-FaceId-0_align.webp,0.159674,1.0,0.0783357849834807
database3/database3/m.017dpj/116-FaceId-0_align.webp,0.004563,1.0,0.0595945425409104
database3/database3/m.017dpj/14-FaceId-0_align.webp,0.012759,1.0,0.0563516509807262
database3/database3/m.017dpj/6-FaceId-0_align.webp,0.157516,1.0,0.079631152575163
database3/database3/m.017dpj/81-FaceId-0_align.webp,0.117413,1.0,0.104552702201821
database3/database3/m.017dpj/98-FaceId-0_align.webp,0.093515,1.0,0.0722673352500569
database3/database3/m.017f4y/21-FaceId-0_align.webp,0.009046,1.0,0.0369837895695194
database3/database3/m.017fgp/17-FaceId-0_align.webp,0.004873,1.0,0.0628780813541545
database3/database3/m.017fhk/5-FaceId-0_align.webp,0.05945,1.0,0.0615293632519284
database3/database3/m.017fhk/70-FaceId-0_align.webp,0.025921,1.0,0.0276782501235275
database3/database3/m.017fhk/87-FaceId-0_align.webp,0.146412,1.0,0.0591355540782425
database3/database3/m.017fj_/2-FaceId-0_align.webp,0.022486,1.0,0.0326307615672558
database3/database3/m.017fj_/97-FaceId-0_align.webp,0.013264,1.0,0.0791833063676378
database3/database3/m.017fks/21-FaceId-0_align.webp,0.013755,1.0,0.0327696756909955
database3/database3/m.017fks/34-FaceId-0_align.webp,0.010024,1.0,0.0720516819966546
database3/database3/m.017fl5/7-FaceId-0_align.webp,0.088967,1.0,0.0386104900614786
database3/database3/m.017fl5/89-FaceId-0_align.webp,0.156395,1.0,0.0538772320359324
database3/database3/m.017fl_/0-FaceId-0_align.webp,0.016489,1.0,0.0887019609503687
database3/database3/m.017fp0/26-FaceId-0_align.webp,0.014762,1.0,0.0283869899032062
database3/database3/m.017fp0/70-FaceId-0_align.webp,0.102621,1.0,0.039189919352239
database3/database3/m.017fp0/85-FaceId-0_align.webp,0.016216,1.0,0.0379860860913839
database3/database3/m.017fp0/92-FaceId-0_align.webp,0.03683,1.0,0.0735589167800853
database3/database3/m.017frf/2-FaceId-0_align.webp,0.239226,1.0,0.0336958431999301
database3/database3/m.017frf/48-FaceId-0_align.webp,0.242631,1.0,0.0380185965116231
database3/database3/m.017ft0/4-FaceId-0_align.webp,0.025186,0.0,0.0325831324390906
database3/database3/m.017fxp/62-FaceId-0_align.webp,0.006207,1.0,0.0571976291228919
database3/database3/m.017fzy/33-FaceId-0_align.webp,0.135665,1.0,0.0317311469818379
database3/database3/m.017fzy/38-FaceId-0_align.webp,0.020138,1.0,0.0394557973918598
database3/database3/m.017fzy/44-FaceId-0_align.webp,0.119262,1.0,0.0418266967029251
database3/database3/m.017fzy/7-FaceId-0_align.webp,0.042513,1.0,0.0333396058392913
database3/database3/m.017fzy/84-FaceId-0_align.webp,0.1089,1.0,0.0390929608620041
database3/database3/m.017fzy/88-FaceId-0_align.webp,0.093437,1.0,0.0327677338151966
database3/database3/m.017g21/51-FaceId-0_align.webp,0.121234,1.0,0.0437145258613148
database3/database3/m.017g2y/13-FaceId-0_align.webp,0.026164,1.0,0.0344778553415302
database3/database3/m.017gd_/53-FaceId-0_align.webp,0.006889,1.0,0.0742653989449191
database3/database3/m.017gd_/59-FaceId-0_align.webp,0.012556,1.0,0.059312251769492
database3/database3/m.017gxw/53-FaceId-0_align.webp,0.064935,0.0,0.0355310598028562
database3/database3/m.017h4c/0-FaceId-0_align.webp,0.049628,1.0,0.0711113846213773
database3/database3/m.017h_2/23-FaceId-0_align.webp,0.06887,1.0,0.080173465435213
database3/database3/m.017hgl/21-FaceId-0_align.webp,0.089799,1.0,0.043788598553635
database3/database3/m.017hgl/42-FaceId-0_align.webp,0.004642,1.0,0.0404546294907651
database3/database3/m.017hjk/57-FaceId-0_align.webp,0.009431,1.0,0.047053145565437
database3/database3/m.017hm9/3-FaceId-0_align.webp,0.001744,1.0,0.0619296812181332
database3/database3/m.017hm9/36-FaceId-0_align.webp,0.002432,1.0,0.0381105927926048
database3/database3/m.017hw4/23-FaceId-0_align.webp,0.000412,1.0,0.0375081970135741
database3/database3/m.017hwl/3-FaceId-0_align.webp,0.014017,1.0,0.0803064764377189
database3/database3/m.017j1w/26-FaceId-0_align.webp,0.021211,1.0,0.0290127486974901
database3/database3/m.017j1w/35-FaceId-0_align.webp,0.039099,1.0,0.0962999152971227
database3/database3/m.017j1w/8-FaceId-0_align.webp,0.052854,1.0,0.0298148488442729
database3/database3/m.017j2b/85-FaceId-0_align.webp,0.008707,1.0,0.0519099793003838
database3/database3/m.017jwg/17-FaceId-0_align.webp,0.002376,1.0,0.0416609698706146
database3/database3/m.017jwg/53-FaceId-0_align.webp,0.066995,0.0,0.0397492883088051
database3/database3/m.017jwg/82-FaceId-0_align.webp,0.035246,1.0,0.0401809856774581
database3/database3/m.017kb5/32-FaceId-0_align.webp,0.006182,1.0,0.0358931655356835
database3/database3/m.017kgm/108-FaceId-1_align.webp,0.015319,1.0,0.0204585033420197
database3/database3/m.017kgm/94-FaceId-0_align.webp,0.003416,1.0,0.0257298600428683
database3/database3/m.017kq/37-FaceId-0_align.webp,0.040762,1.0,0.0724022377967764
database3/database3/m.017kq/48-FaceId-0_align.webp,0.009092,1.0,0.0678839040427216
database3/database3/m.017l4/11-FaceId-0_align.webp,0.001488,1.0,0.0314495869756137
database3/database3/m.017l4/73-FaceId-0_align.webp,0.09873,1.0,0.0396694392005735
database3/database3/m.017l4/80-FaceId-0_align.webp,0.025497,1.0,0.073592928940881
database3/database3/m.017l7y/97-FaceId-0_align.webp,0.002424,1.0,0.0344511846530988
database3/database3/m.017lcg/63-FaceId-0_align.webp,0.136168,1.0,0.0380349331228762
database3/database3/m.017m2y/105-FaceId-0_align.webp,0.084072,0.0,0.0365020355809009
database3/database3/m.017m2y/30-FaceId-0_align.webp,0.20052,0.0,0.0388890496252808
database3/database3/m.017mrb/26-FaceId-0_align.webp,0.125876,1.0,0.0343977964054668
database3/database3/m.017q3j/27-FaceId-0_align.webp,0.040475,1.0,0.0336294982320692
database3/database3/m.017q3j/87-FaceId-1_align.webp,0.137407,1.0,0.0531384955356408
database3/database3/m.017qkp/105-FaceId-0_align.webp,0.016276,1.0,0.0294863623172178
database3/database3/m.017qkp/8-FaceId-0_align.webp,0.006413,1.0,0.0330030327947028
database3/database3/m.017r13/15-FaceId-0_align.webp,0.004576,1.0,0.0297299358448066
database3/database3/m.017r13/32-FaceId-0_align.webp,0.001926,1.0,0.0288252504871323
database3/database3/m.017r13/71-FaceId-0_align.webp,0.149849,1.0,0.0396108012772807
database3/database3/m.017r5g/69-FaceId-0_align.webp,0.246362,0.0,0.0466662181937416
database3/database3/m.017rh4/92-FaceId-0_align.webp,0.059749,1.0,0.0368355832405954
database3/database3/m.017rjs/94-FaceId-0_align.webp,0.227853,1.0,0.0353018576052975
database3/database3/m.017tk3/113-FaceId-0_align.webp,0.041074,1.0,0.0408824967124157
database3/database3/m.017tk3/5-FaceId-0_align.webp,0.023981,1.0,0.0420458099521372
database3/database3/m.017tk3/61-FaceId-0_align.webp,0.058875,1.0,0.0486282676409283
database3/database3/m.017tk3/83-FaceId-0_align.webp,0.016266,1.0,0.0374884857685666
database3/database3/m.017tkv/15-FaceId-0_align.webp,0.09519,0.0,0.0331072905675452
database3/database3/m.017tkv/5-FaceId-0_align.webp,0.108291,0.0,0.0361341279250288
database3/database3/m.017tlt/70-FaceId-0_align.webp,0.079127,1.0,0.0236709903854951
database3/database3/m.017tn4/17-FaceId-0_align.webp,0.026983,1.0,0.0694597929529392
database3/database3/m.017tn4/54-FaceId-2_align.webp,0.042656,1.0,0.056002766706526
database3/database3/m.017tnz/116-FaceId-0_align.webp,0.135035,1.0,0.0421912956548956
database3/database3/m.017vfn/43-FaceId-0_align.webp,0.036126,1.0,0.0358629610065784
database3/database3/m.017vkk/88-FaceId-0_align.webp,0.022172,0.0,0.0369324589487623
database3/database3/m.017vkx/34-FaceId-1_align.webp,0.050784,1.0,0.0827736103454991
database3/database3/m.017wbg/77-FaceId-0_align.webp,0.079706,1.0,0.0341765595661254
database3/database3/m.017x_s/36-FaceId-0_align.webp,0.021378,1.0,0.0749579935174221
database3/database3/m.017xm3/52-FaceId-0_align.webp,0.225925,0.0,0.0390887007171556
database3/database3/m.017yfz/93-FaceId-0_align.webp,0.237267,1.0,0.0
database3/database3/m.017yvm/5-FaceId-0_align.webp,0.011632,1.0,0.034849963559791
database3/database3/m.017yvm/93-FaceId-0_align.webp,0.007487,1.0,0.0578927680505113
database3/database3/m.017yzt/119-FaceId-0_align.webp,0.299381,0.0,0.0450004187715198
database3/database3/m.017yzt/55-FaceId-0_align.webp,0.055778,0.0,0.0300174493741357
database3/database3/m.017yzt/61-FaceId-0_align.webp,0.0,0.0,0.0276722084686405
database3/database3/m.017z_/91-FaceId-0_align.webp,0.06531,1.0,0.0705651248006303
database3/database3/m.017zng/39-FaceId-0_align.webp,0.114304,1.0,0.0331877021184825
database3/database3/m.017zng/73-FaceId-0_align.webp,0.087005,1.0,0.0474701841461532
database3/database3/m.017zng/97-FaceId-0_align.webp,0.096418,1.0,0.0300330744347117
database3/database3/m.01804k/55-FaceId-0_align.webp,0.104401,0.0,0.0357715747198489
database3/database3/m.01807/65-FaceId-0_align.webp,0.087681,1.0,0.0837000450582977
database3/database3/m.01807/73-FaceId-0_align.webp,0.147607,1.0,0.0926715438834852
database3/database3/m.018144/31-FaceId-0_align.webp,0.317719,1.0,0.0329295227643087
database3/database3/m.018144/55-FaceId-0_align.webp,0.076827,1.0,0.0370865764404999
database3/database3/m.01815s/106-FaceId-0_align.webp,0.234236,0.0,0.0393007502528948
database3/database3/m.01815s/50-FaceId-0_align.webp,0.243106,0.0,0.0382249189341437
database3/database3/m.01815s/64-FaceId-0_align.webp,0.173641,0.0,0.0387732279436915
database3/database3/m.0181gp/6-FaceId-0_align.webp,0.043543,1.0,0.0365533128799061
database3/database3/m.0181j_/107-FaceId-0_align.webp,0.027129,0.0,0.0346364411579101
database3/database3/m.0181kg/14-FaceId-0_align.webp,0.119867,1.0,0.074710378015162
database3/database3/m.0181lj/18-FaceId-0_align.webp,0.190172,1.0,0.0240131699902997
database3/database3/m.0181p_/19-FaceId-0_align.webp,0.041166,1.0,0.0651126759423577
database3/database3/m.0181p_/99-FaceId-0_align.webp,0.035046,1.0,0.0379981827133245
database3/database3/m.0181ph/4-FaceId-0_align.webp,0.019163,1.0,0.0599440653655987
database3/database3/m.0181ph/8-FaceId-0_align.webp,0.037384,1.0,0.0
database3/database3/m.0181x9/43-FaceId-0_align.webp,0.029481,1.0,0.036430062613509
database3/database3/m.0181xq/13-FaceId-0_align.webp,0.002527,0.0,0.0440297078295506
database3/database3/m.0182hg/59-FaceId-0_align.webp,0.003662,1.0,0.033489606940106
database3/database3/m.0182q2/111-FaceId-0_align.webp,0.014398,1.0,0.0372365381452609
database3/database3/m.0182q2/47-FaceId-0_align.webp,0.020684,1.0,0.037531464637961
database3/database3/m.0182q2/58-FaceId-0_align.webp,0.034155,1.0,0.0302085206697936
database3/database3/m.0182vk/101-FaceId-0_align.webp,0.185784,1.0,0.0911316688592424
database3/database3/m.0182vk/97-FaceId-0_align.webp,0.113244,1.0,0.042164760795567
database3/database3/m.01830j/15-FaceId-0_align.webp,0.208446,0.0,0.0484903565533584
database3/database3/m.01833g/76-FaceId-0_align.webp,0.008544,1.0,0.0427971238403413
database3/database3/m.018348/1-FaceId-0_align.webp,0.029671,1.0,0.0513573188889178
database3/database3/m.0183f9/72-FaceId-0_align.webp,0.028848,1.0,0.0721319766087636
database3/database3/m.018417/7-FaceId-0_align.webp,0.270045,0.0,0.0411935548549815
database3/database3/m.018493/45-FaceId-0_align.webp,0.059135,0.0,0.0409026124376518
database3/database3/m.0184cd/37-FaceId-0_align.webp,0.012663,0.0,0.0366744099013875
database3/database3/m.0184cd/69-FaceId-0_align.webp,0.041234,0.0,0.0375187878222211
database3/database3/m.0184jc/9-FaceId-0_align.webp,0.061679,1.0,0.0504189786758805
database3/database3/m.0184xq/86-FaceId-0_align.webp,0.010468,1.0,0.0520268461585916
database3/database3/m.0185gs/107-FaceId-0_align.webp,0.133885,1.0,0.0347436731939911
database3/database3/m.0187y5/50-FaceId-0_align.webp,0.011259,1.0,0.1329080179100997
database3/database3/m.0187y5/55-FaceId-0_align.webp,0.018906,1.0,0.038748601183512
database3/database3/m.0188n0/16-FaceId-0_align.webp,0.119925,1.0,0.0416369859953099
database3/database3/m.0188n0/81-FaceId-0_align.webp,0.437819,1.0,0.0498326048173852
database3/database3/m.0188n0/93-FaceId-0_align.webp,0.241643,1.0,0.056974160393258
database3/database3/m.0188nj/68-FaceId-0_align.webp,0.036499,1.0,0.0306915761887467
database3/database3/m.018_3q/101-FaceId-0_align.webp,0.001235,1.0,0.2018655268479296
database3/database3/m.018_3q/89-FaceId-0_align.webp,0.024563,1.0,0.0294263939010486
database3/database3/m.018_lb/81-FaceId-0_align.webp,0.104704,0.0,0.0260871302957878
database3/database3/m.018c42/45-FaceId-1_align.webp,0.268912,1.0,0.0395048237571972
database3/database3/m.018c42/5-FaceId-0_align.webp,0.033426,1.0,0.036412870846833
database3/database3/m.018cx_/16-FaceId-0_align.webp,0.128439,0.0,0.0346894153101602
database3/database3/m.018dnt/83-FaceId-0_align.webp,0.012334,1.0,0.0342970592494783
database3/database3/m.018dpq/74-FaceId-0_align.webp,0.08469,1.0,0.0383192174321765
database3/database3/m.018dpq/9-FaceId-0_align.webp,0.06436,1.0,0.0551404319696923
database3/database3/m.018dq3/21-FaceId-0_align.webp,0.264271,0.0,0.0406899465505278
database3/database3/m.018dq3/43-FaceId-0_align.webp,0.005771,0.0,0.0356659690546164
database3/database3/m.018dqg/14-FaceId-0_align.webp,0.002005,1.0,0.0310359767772849
database3/database3/m.018dyl/57-FaceId-0_align.webp,0.066796,1.0,0.0249526690809766
database3/database3/m.018f07/77-FaceId-0_align.webp,0.067893,1.0,0.0474523480446255
database3/database3/m.018f07/88-FaceId-0_align.webp,0.019681,1.0,0.032025511779719
database3/database3/m.018f_y/78-FaceId-0_align.webp,0.005574,1.0,0.1305242255470938
database3/database3/m.018fkc/18-FaceId-0_align.webp,0.048624,0.0,0.0486571613498276
database3/database3/m.018fkc/51-FaceId-0_align.webp,0.004824,1.0,0.0356499261684029
database3/database3/m.018fmr/107-FaceId-0_align.webp,0.087037,0.0,0.0401125758541348
database3/database3/m.018fmr/38-FaceId-0_align.webp,0.082888,0.0,0.0627131736466034
database3/database3/m.018fmr/39-FaceId-0_align.webp,0.154489,0.0,0.0371870306777267
database3/database3/m.018fmr/77-FaceId-0_align.webp,0.094029,0.0,0.0349343668117616
database3/database3/m.018fmr/96-FaceId-0_align.webp,0.118151,0.0,0.0458175280820346
database3/database3/m.018fvy/74-FaceId-0_align.webp,0.006913,1.0,0.0333491730315456
database3/database3/m.018fwb/106-FaceId-0_align.webp,0.105164,0.0,0.0418243457135502
database3/database3/m.018fyy/5-FaceId-0_align.webp,0.161114,0.0,0.0361616338077881
database3/database3/m.018fzs/56-FaceId-0_align.webp,0.057952,1.0,0.0709322375848935
database3/database3/m.018fzs/60-FaceId-0_align.webp,0.058021,1.0,0.0309190959409711
database3/database3/m.018fzs/89-FaceId-0_align.webp,0.00707,1.0,0.0297842988428006
database3/database3/m.018g4z/59-FaceId-0_align.webp,0.266921,0.0,0.0788581949106706
database3/database3/m.018gcf/20-FaceId-0_align.webp,0.017916,1.0,0.0330118547586973
database3/database3/m.018gcf/28-FaceId-0_align.webp,0.0,1.0,0.0399217867597082
database3/database3/m.018gjx/0-FaceId-0_align.webp,0.03658,1.0,0.0344247010217845
database3/database3/m.018gjx/88-FaceId-1_align.webp,0.040357,1.0,0.0356741068461272
database3/database3/m.018gkb/31-FaceId-0_align.webp,0.133832,1.0,0.0597255550560803
database3/database3/m.018gkb/69-FaceId-0_align.webp,0.119964,1.0,0.0372252473547135
database3/database3/m.018gl5/55-FaceId-0_align.webp,0.0,1.0,0.0332422153140226
database3/database3/m.018gn4/7-FaceId-0_align.webp,0.045659,1.0,0.0397945062487764
database3/database3/m.018gn4/95-FaceId-0_align.webp,0.084694,1.0,0.0405379642916058
database3/database3/m.018gqj/17-FaceId-0_align.webp,0.18042,1.0,0.0379505529952037
database3/database3/m.018gqj/45-FaceId-0_align.webp,0.048033,1.0,0.0357757640316371
database3/database3/m.018gqj/51-FaceId-0_align.webp,0.113401,1.0,0.0398710512773872
database3/database3/m.018gqj/9-FaceId-0_align.webp,0.182644,1.0,0.0452124000685736
database3/database3/m.018gsl/54-FaceId-0_align.webp,0.015144,1.0,0.1042405148569266
database3/database3/m.018gw3/19-FaceId-0_align.webp,0.042889,1.0,0.0797062258546514
database3/database3/m.018h84/20-FaceId-0_align.webp,0.006714,1.0,0.0373690459467695
database3/database3/m.018h84/4-FaceId-0_align.webp,0.077047,1.0,0.0256217906648132
database3/database3/m.018hhw/26-FaceId-0_align.webp,0.058762,0.0,0.0371354006102769
database3/database3/m.018hwl/22-FaceId-0_align.webp,0.105538,1.0,0.0498007992452204
database3/database3/m.018j3w/52-FaceId-0_align.webp,0.03127,1.0,0.0262628176387408
database3/database3/m.018j4c/21-FaceId-0_align.webp,0.159984,1.0,0.0367508319111743
database3/database3/m.018j4c/60-FaceId-0_align.webp,0.116911,1.0,0.0502516026754461
database3/database3/m.018j4c/72-FaceId-0_align.webp,0.050298,1.0,0.0372764420390118
database3/database3/m.018j5m/87-FaceId-0_align.webp,0.119486,0.0,0.0465020429180312
database3/database3/m.018jnn/6-FaceId-0_align.webp,0.046059,1.0,0.02632617797788
database3/database3/m.018jnn/60-FaceId-0_align.webp,0.021036,1.0,0.0259207936981901
database3/database3/m.018jz8/4-FaceId-0_align.webp,0.129694,1.0,0.0365992576786204
database3/database3/m.018kd0/56-FaceId-0_align.webp,0.078738,1.0,0.0402602224619424
database3/database3/m.018kjc/45-FaceId-0_align.webp,0.336481,1.0,0.0511396705549158
database3/database3/m.018kjc/74-FaceId-0_align.webp,0.359873,1.0,0.0488003493083555
database3/database3/m.018lb1/1-FaceId-0_align.webp,0.066363,0.0,0.0355492907377178
database3/database3/m.018lb1/113-FaceId-0_align.webp,0.174767,0.0,0.0391041324034977
database3/database3/m.018lb1/45-FaceId-0_align.webp,0.011283,0.0,0.0310079170828202
database3/database3/m.018lb1/60-FaceId-0_align.webp,0.101898,0.0,0.0341510491740416
database3/database3/m.018lb1/67-FaceId-0_align.webp,0.058712,0.0,0.0415587909042279
database3/database3/m.018lp7/31-FaceId-0_align.webp,0.068826,0.0,0.0378780907094387
database3/database3/m.018lp7/5-FaceId-0_align.webp,0.037973,0.0,0.0357968150586671
database3/database3/m.018lpm/41-FaceId-0_align.webp,0.03151,1.0,0.0644038139273351
database3/database3/m.018lx_/11-FaceId-0_align.webp,0.157239,1.0,0.0501551015446511
database3/database3/m.018lxn/67-FaceId-0_align.webp,0.041223,0.0,0.0340045083015913
database3/database3/m.018m5c/31-FaceId-0_align.webp,0.012538,1.0,0.0265897996294726
database3/database3/m.018m5c/6-FaceId-0_align.webp,0.013236,1.0,0.0282214851109865
database3/database3/m.018m5c/74-FaceId-0_align.webp,0.007729,1.0,0.0384729322670973
database3/database3/m.018mfl/68-FaceId-0_align.webp,0.01486,1.0,0.0505474992547917
database3/database3/m.018n52/37-FaceId-0_align.webp,0.024108,1.0,0.0282403767453713
database3/database3/m.018n7d/44-FaceId-0_align.webp,0.002157,1.0,0.0286423833168974
database3/database3/m.018n9d/58-FaceId-0_align.webp,0.182622,1.0,0.0359735192742224
database3/database3/m.018nqq/25-FaceId-0_align.webp,0.02666,1.0,0.0268790858685247
database3/database3/m.018nqq/56-FaceId-0_align.webp,0.002557,1.0,0.0452436878955522
database3/database3/m.018nwp/42-FaceId-0_align.webp,0.023176,1.0,0.0776026066361663
database3/database3/m.018p19/2-FaceId-0_align.webp,0.029409,1.0,0.0497645634851088
database3/database3/m.018pj3/21-FaceId-0_align.webp,0.206243,0.0,0.0285681594156313
database3/database3/m.018pkl/117-FaceId-0_align.webp,0.00271,1.0,0.0465771410768216
database3/database3/m.018ptf/125-FaceId-1_align.webp,0.193842,0.0,0.0588639435732002
database3/database3/m.018ptf/6-FaceId-0_align.webp,0.184452,1.0,0.0351359427512482
database3/database3/m.018ptf/69-FaceId-0_align.webp,0.264398,1.0,0.0643962619426741
database3/database3/m.018ptf/87-FaceId-0_align.webp,0.284614,1.0,0.0441799376347351
database3/database3/m.018pyg/114-FaceId-0_align.webp,0.004286,0.0,0.0284779818473999
database3/database3/m.018pyg/50-FaceId-0_align.webp,0.094308,0.0,0.0277836512377116
database3/database3/m.018q7p/61-FaceId-0_align.webp,0.113962,1.0,0.0417293330740551
database3/database3/m.018qkz/35-FaceId-0_align.webp,0.11651,0.0,0.0387720947670877
database3/database3/m.018qkz/48-FaceId-0_align.webp,0.078768,0.0,0.03960762241927
database3/database3/m.018qlp/1-FaceId-0_align.webp,0.057596,0.0,0.0439857579975481
database3/database3/m.018qlp/2-FaceId-0_align.webp,0.201501,0.0,0.0507030250816917
database3/database3/m.018qlp/67-FaceId-0_align.webp,0.023725,0.0,0.0333939612479861
database3/database3/m.018qlp/73-FaceId-0_align.webp,0.048836,0.0,0.0366959346799948
database3/database3/m.018qlp/81-FaceId-0_align.webp,0.220874,0.0,0.0414247701891842
database3/database3/m.018qlp/99-FaceId-0_align.webp,0.098556,0.0,0.039387054754689
database3/database3/m.018qn8/16-FaceId-0_align.webp,0.180079,0.0,0.0393759790729936
database3/database3/m.018qn8/24-FaceId-0_align.webp,0.067297,0.0,0.0392964928819859
database3/database3/m.018qn8/3-FaceId-0_align.webp,0.144663,0.0,0.0396594846348963
database3/database3/m.018qpb/20-FaceId-0_align.webp,0.030827,0.0,0.0249995887562078
database3/database3/m.018qpb/42-FaceId-0_align.webp,0.04676,0.0,0.0329297139481622
database3/database3/m.018qr9/59-FaceId-0_align.webp,0.041718,0.0,0.0342173598502807
database3/database3/m.018qwf/0-FaceId-0_align.webp,0.034965,1.0,0.026135460705852
database3/database3/m.018qx5/48-FaceId-0_align.webp,0.145397,0.0,0.0760756204053983
database3/database3/m.018r3g/1-FaceId-0_align.webp,0.015575,1.0,0.108038631986453
database3/database3/m.018rsq/63-FaceId-0_align.webp,0.05182,1.0,0.0310710338966351
database3/database3/m.018rsq/82-FaceId-0_align.webp,0.021029,1.0,0.0358759222141061
database3/database3/m.018ry5/78-FaceId-0_align.webp,0.052713,1.0,0.0382576839798367
database3/database3/m.018s7v/75-FaceId-0_align.webp,0.055964,0.0,0.0403294883737215
database3/database3/m.018slq/19-FaceId-0_align.webp,0.164016,1.0,0.0388547959366636
database3/database3/m.018swb/94-FaceId-0_align.webp,0.035612,1.0,0.0404083182015498
database3/database3/m.018t67/2-FaceId-0_align.webp,0.002151,1.0,0.024862647235914
database3/database3/m.018t67/75-FaceId-0_align.webp,0.002161,1.0,0.0269152218603653
database3/database3/m.018t67/76-FaceId-0_align.webp,0.014984,1.0,0.0272353482980637
database3/database3/m.018tfd/63-FaceId-0_align.webp,0.039426,1.0,0.0250298185136825
database3/database3/m.018tvs/4-FaceId-0_align.webp,0.186437,1.0,0.0440601065771342
database3/database3/m.018v8c/66-FaceId-0_align.webp,0.031012,1.0,0.0276749275611251
database3/database3/m.018v_8/56-FaceId-0_align.webp,0.065146,1.0,0.0284265819407807
database3/database3/m.018vhw/41-FaceId-2_align.webp,0.017996,1.0,0.1234865820678177
database3/database3/m.018vhw/84-FaceId-1_align.webp,0.010037,1.0,0.0401094572408413
database3/database3/m.018vhw/94-FaceId-0_align.webp,0.022504,1.0,0.0319534833644941
database3/database3/m.018w6s/30-FaceId-0_align.webp,0.009687,1.0,0.1158660473570534
database3/database3/m.018wh0/34-FaceId-0_align.webp,0.038341,1.0,0.0271619448906478
database3/database3/m.018wqb/36-FaceId-1_align.webp,0.061601,1.0,0.0597428501667114
database3/database3/m.018x3/82-FaceId-0_align.webp,0.000249,1.0,0.0268954020436987
database3/database3/m.018x3/89-FaceId-0_align.webp,0.006661,1.0,0.0507034051552234
database3/database3/m.018xrz/49-FaceId-0_align.webp,0.084464,1.0,0.0391630131381478
database3/database3/m.018y0w/54-FaceId-0_align.webp,0.014612,1.0,0.0330556544214959
database3/database3/m.018y2s/21-FaceId-0_align.webp,0.010478,1.0,0.0344229245960871
database3/database3/m.018y4x/104-FaceId-0_align.webp,0.014664,1.0,0.0330671874208872
database3/database3/m.018y4x/94-FaceId-0_align.webp,0.083805,1.0,0.0247010020607179
database3/database3/m.018ycp/32-FaceId-0_align.webp,0.169605,1.0,0.0344948959967421
database3/database3/m.018ycp/64-FaceId-0_align.webp,0.011204,1.0,0.0302716820977954
