filename,target,gender,pred
database1/img00000154.webp,0.036749,1.0,0.1446100085959839
database1/img00000271.webp,0.229724,1.0,0.1889800479590355
database1/img00000323.webp,0.120628,0.0,0.1434754668559676
database1/img00000364.webp,0.00341,1.0,0.1338308960903088
database1/img00000371.webp,0.000249,1.0,0.1544793816027626
database1/img00000438.webp,0.102267,0.0,0.1530612136066292
database1/img00000448.webp,0.032257,0.0,0.1540680002135195
database1/img00000477.webp,0.158779,0.0,0.1164128168756536
database1/img00000491.webp,0.333523,0.0,0.1699072027610817
database1/img00000679.webp,0.022454,0.0,0.1419784672477584
database1/img00000766.webp,0.241328,0.0,0.1733238812012503
database1/img00000781.webp,0.01402,1.0,0.139727776908754
database1/img00000793.webp,0.308688,0.0,0.1963912008153158
database1/img00000806.webp,0.083687,1.0,0.1405436806207874
database1/img00000857.webp,0.167176,0.0,0.1550653394502966
database1/img00000882.webp,0.118298,0.0,0.1532492156785045
database1/img00000903.webp,0.006576,1.0,0.1645498495881368
database1/img00000929.webp,0.021546,1.0,0.1521605999558695
database1/img00000941.webp,0.232414,0.0,0.1682299298804395
database1/img00001032.webp,0.044127,1.0,0.1702669955998877
database1/img00001145.webp,0.022379,1.0,0.1278699898934702
database1/img00001291.webp,0.022322,0.0,0.1412118745755228
database1/img00001371.webp,0.148865,0.0,0.1494783092358295
database1/img00001491.webp,0.264813,0.0,0.196862063133329
database1/img00001551.webp,0.054068,1.0,0.1406267079131019
database1/img00001573.webp,0.095382,0.0,0.1228720538602369
database1/img00001650.webp,0.088325,0.0,0.1214728400816662
database1/img00001652.webp,0.074782,1.0,0.1487612476861938
database1/img00001674.webp,0.188753,0.0,0.1963264534657738
database1/img00001701.webp,0.002942,1.0,0.1512700784470385
database1/img00001779.webp,0.009358,1.0,0.2452106049091693
database1/img00001812.webp,0.017934,0.0,0.1244631690156667
database1/img00001859.webp,0.006232,1.0,0.1668808004347094
database1/img00001872.webp,0.094988,0.0,0.1510391758286225
database1/img00001883.webp,0.015755,0.0,0.1561964335509877
database1/img00001978.webp,0.02291,1.0,0.1701511391550847
database1/img00002013.webp,0.068771,1.0,0.1344702196564767
database1/img00002073.webp,0.265663,0.0,0.172330246359315
database1/img00002136.webp,0.083835,0.0,0.1524934247569043
database1/img00002187.webp,0.062593,1.0,0.1616671952050822
database1/img00002221.webp,0.024328,1.0,0.1530699243704451
database1/img00002227.webp,0.172367,0.0,0.1689271042361045
database1/img00002414.webp,0.290565,0.0,0.2629827662679788
database1/img00002415.webp,0.370759,0.0,0.1957875824547215
database1/img00002527.webp,0.008082,0.0,0.1414911190746258
database1/img00002649.webp,0.108227,0.0,0.1468288155205066
database1/img00002695.webp,0.191496,0.0,0.1502896625036542
database1/img00002698.webp,0.019352,0.0,0.152007352510222
database1/img00002713.webp,0.025594,1.0,0.1550799257057017
database1/img00002737.webp,0.01324,1.0,0.1506136755495107
database1/img00002813.webp,0.015997,0.0,0.1287398058491877
database1/img00002915.webp,0.059948,0.0,0.1422244658095241
database1/img00002916.webp,0.061003,0.0,0.1483340949564095
database1/img00003052.webp,0.34648,0.0,0.1736953995449245
database1/img00003146.webp,0.130163,0.0,0.1134282897242342
database1/img00003162.webp,0.193332,0.0,0.1843175590713442
database1/img00003199.webp,0.314562,0.0,0.1674602890567924
database1/img00003273.webp,0.126445,0.0,0.1848439356775951
database1/img00003300.webp,0.007141,1.0,0.158206153581804
database1/img00003360.webp,0.008946,1.0,0.1457162298560143
database1/img00003390.webp,0.054933,0.0,0.1540545807109253
database1/img00003437.webp,0.01322,1.0,0.1314781504939072
database1/img00003452.webp,0.040754,0.0,0.1245969124749557
database1/img00003584.webp,0.23463,0.0,0.1749004381843295
database1/img00003713.webp,0.000555,1.0,0.1091064466551741
database1/img00003746.webp,0.099051,1.0,0.1583731396014716
database1/img00003877.webp,0.01258,0.0,0.1518098958584147
database1/img00003884.webp,0.091278,0.0,0.1354176048044827
database1/img00003887.webp,0.010493,1.0,0.2068573599034455
database1/img00003978.webp,0.178955,0.0,0.1056322385078907
database1/img00004026.webp,0.365443,0.0,0.1842744218936036
database1/img00004041.webp,0.094007,0.0,0.1348145869698403
database1/img00004164.webp,0.026259,1.0,0.1383394873008199
database1/img00004216.webp,0.034337,0.0,0.1358058283360522
database1/img00004261.webp,0.165876,0.0,0.1747008263137776
database1/img00004273.webp,0.156777,0.0,0.1392784099773296
database1/img00004308.webp,0.126358,0.0,0.1497010216144463
database1/img00004416.webp,0.13739,1.0,0.1439235302266761
database1/img00004426.webp,0.364242,1.0,0.1998347115133458
database1/img00004540.webp,0.140347,0.0,0.1297555557320392
database1/img00004621.webp,0.130906,0.0,0.1566469360283804
database1/img00004701.webp,0.060368,0.0,0.1142656568315663
database1/img00004841.webp,0.021785,1.0,0.1402316430650059
database1/img00004851.webp,0.058337,1.0,0.1552902785443761
database1/img00004895.webp,0.001337,1.0,0.1343100965670875
database1/img00005027.webp,0.095752,1.0,0.1805741176313036
database1/img00005030.webp,0.114344,0.0,0.1585787130390277
database1/img00005095.webp,0.018419,0.0,0.1627800143722326
database1/img00005116.webp,0.107525,0.0,0.1706876431465439
database1/img00005179.webp,0.058586,1.0,0.155022806249263
database1/img00005208.webp,0.021009,1.0,0.2504555596473321
database1/img00005271.webp,0.408256,0.0,0.2003373114262185
database1/img00005293.webp,0.043233,0.0,0.1501559994562438
database1/img00005339.webp,0.173984,0.0,0.1219092542200526
database1/img00005347.webp,0.002911,0.0,0.1027367675911214
database1/img00005361.webp,0.189098,0.0,0.1471556367777243
database1/img00005501.webp,0.145725,0.0,0.1434323991343604
database1/img00005507.webp,0.232343,0.0,0.2299466071149234
database1/img00005509.webp,0.003247,1.0,0.2310847302845552
database1/img00005522.webp,0.185571,0.0,0.1315237021088013
database1/img00005579.webp,0.037795,1.0,0.1584760542444689
database1/img00005689.webp,0.281579,0.0,0.1540127798532814
database1/img00005696.webp,0.366924,0.0,0.2193458176069204
database1/img00005723.webp,0.013358,0.0,0.1657720404815144
database1/img00005726.webp,0.041346,1.0,0.1553312056720811
database1/img00005753.webp,0.009879,0.0,0.1535455446726004
database1/img00005766.webp,0.177714,0.0,0.1574119386798328
database1/img00005768.webp,0.024309,1.0,0.1726952572370966
database1/img00005822.webp,0.022373,0.0,0.1252328139129989
database1/img00005851.webp,0.375359,0.0,0.1708960975889259
database1/img00005896.webp,0.063671,0.0,0.1678804064824348
database1/img00005910.webp,0.374925,0.0,0.1639775587546069
database1/img00006003.webp,0.020291,1.0,0.1532470322088076
database1/img00006021.webp,0.018409,1.0,0.2468567095197647
database1/img00006047.webp,0.105454,0.0,0.1450567966017958
database1/img00006101.webp,0.326093,0.0,0.1820658374313143
database1/img00006168.webp,0.00248,1.0,0.1143333379619742
database1/img00006196.webp,0.0412,1.0,0.1481132255983061
database1/img00006204.webp,0.331116,1.0,0.1787554477061122
database1/img00006269.webp,0.011789,1.0,0.1534808149014438
database1/img00006334.webp,0.003849,1.0,0.1200130160918916
database1/img00006414.webp,0.208227,0.0,0.1608021022615138
database1/img00006420.webp,0.026323,1.0,0.1594329315344889
database1/img00006436.webp,0.008945,1.0,0.1724106924939253
database1/img00006571.webp,0.06176,0.0,0.133329478827367
database1/img00006576.webp,0.028441,1.0,0.1633044575300929
database1/img00006629.webp,0.000814,1.0,0.1017503218558028
database1/img00006690.webp,0.119839,0.0,0.1433719097400815
database1/img00006694.webp,0.019638,1.0,0.1384530732159896
database1/img00006722.webp,0.383369,0.0,0.2080883303892794
database1/img00006757.webp,0.169654,1.0,0.2016796201269906
database1/img00007032.webp,0.079705,0.0,0.1550714892420037
database1/img00007152.webp,0.296672,0.0,0.1900727226942262
database1/img00007289.webp,0.004896,1.0,0.1649189840817009
database1/img00007329.webp,0.096683,0.0,0.1581787433360322
database1/img00007335.webp,0.012784,1.0,0.1637125888852005
database1/img00007354.webp,0.047242,0.0,0.1362338625160312
database1/img00007383.webp,0.020362,1.0,0.1221615103470878
database1/img00007416.webp,0.105824,1.0,0.1666901066166735
database1/img00007435.webp,0.275659,0.0,0.2314958013916082
database1/img00007452.webp,0.091268,0.0,0.141686765359429
database1/img00007454.webp,0.052407,1.0,0.1764881250479225
database1/img00007468.webp,0.289625,0.0,0.224000211483846
database1/img00007470.webp,0.024029,1.0,0.2773620100274443
database1/img00007537.webp,0.023879,0.0,0.1441662313163161
database1/img00007538.webp,0.239526,0.0,0.1623233385975336
database1/img00007592.webp,0.092299,0.0,0.1502875788428742
database1/img00007663.webp,0.000453,1.0,0.1252833748399243
database1/img00007675.webp,0.145663,0.0,0.1396925412145453
database1/img00007764.webp,0.212475,0.0,0.1502297144894946
database1/img00007790.webp,0.273678,0.0,0.1894738205656068
database1/img00007837.webp,0.07434,0.0,0.1418430193419115
database1/img00007851.webp,0.187909,0.0,0.1600650009935815
database1/img00007897.webp,0.021438,1.0,0.1481515431070448
database1/img00007955.webp,0.100119,0.0,0.1464729696139403
database1/img00007965.webp,0.126287,0.0,0.1217729473271967
database1/img00008054.webp,0.125876,0.0,0.1276639857600003
database1/img00008062.webp,0.192134,0.0,0.1949379314950532
database1/img00008079.webp,0.010384,1.0,0.1460676572075928
database1/img00008191.webp,0.127108,1.0,0.1840868321895128
database1/img00008233.webp,0.03355,1.0,0.1582019351825463
database1/img00008333.webp,0.123145,0.0,0.1452387918042983
database1/img00008350.webp,0.003002,0.0,0.1180367408848843
database1/img00008419.webp,0.136366,0.0,0.1558588912833867
database1/img00008444.webp,0.19563,0.0,0.1536889864206873
database1/img00008485.webp,0.153649,0.0,0.1269209081214966
database1/img00008500.webp,0.243166,1.0,0.1703760237168918
database1/img00008540.webp,0.020411,1.0,0.1554076879942582
database1/img00008619.webp,0.172849,1.0,0.1599992479019618
database1/img00008684.webp,0.116788,1.0,0.2340122655561637
database1/img00008694.webp,0.257404,1.0,0.1962070412556424
database1/img00008702.webp,0.150713,0.0,0.1472997822841006
database1/img00008778.webp,0.047436,1.0,0.1665619780770106
database1/img00008864.webp,0.142253,1.0,0.1579819905110717
database1/img00008929.webp,0.025151,1.0,0.128390998493218
database1/img00009119.webp,0.134423,0.0,0.1495118140306531
database1/img00009131.webp,0.11769,0.0,0.1360188759474575
database1/img00009180.webp,0.22272,0.0,0.1837717600314152
database1/img00009210.webp,0.133618,1.0,0.1485218554047504
database1/img00009215.webp,0.015083,1.0,0.2441711850938492
database1/img00009309.webp,0.232271,0.0,0.2235980641263844
database1/img00009310.webp,0.032707,1.0,0.1699845862059747
database1/img00009395.webp,0.188981,0.0,0.1328533613966642
database1/img00009397.webp,0.022474,0.0,0.1256437028067376
database1/img00009399.webp,0.009987,1.0,0.133005781710029
database1/img00009423.webp,0.205953,0.0,0.1560376249685258
database1/img00009521.webp,0.096612,0.0,0.1335631734097833
database1/img00009606.webp,0.062144,1.0,0.1439615662303366
database1/img00009643.webp,0.076471,0.0,0.1462211615539578
database1/img00009666.webp,0.249637,0.0,0.1555659896449396
database1/img00009740.webp,0.056754,0.0,0.152864058807579
database1/img00009804.webp,0.00402,1.0,0.193387597462336
database1/img00009898.webp,0.123271,0.0,0.1424510773638215
database1/img00009952.webp,0.220282,0.0,0.1731234208756488
database1/img00009963.webp,0.081114,1.0,0.1588711443531693
database1/img00010009.webp,0.161796,0.0,0.1370652582717064
database1/img00010196.webp,0.131846,0.0,0.1419531616769933
database1/img00010250.webp,0.119697,0.0,0.192952370725112
database1/img00010353.webp,0.145055,0.0,0.1526097050324136
database1/img00010363.webp,0.133258,0.0,0.1456477136444517
database1/img00010383.webp,0.010398,1.0,0.0974660580469341
database1/img00010445.webp,0.356323,0.0,0.1600226528315819
database1/img00010509.webp,0.056891,1.0,0.1935309066408599
database1/img00010530.webp,0.091729,0.0,0.1545635592453397
database1/img00010535.webp,0.304853,0.0,0.2009068766636654
database1/img00010537.webp,0.013696,0.0,0.1597114680568934
database1/img00010580.webp,0.154987,1.0,0.1468683494744221
database1/img00010612.webp,0.334599,0.0,0.1711893366975861
database1/img00010629.webp,0.060911,0.0,0.131126269895597
database1/img00010643.webp,0.114721,1.0,0.1435626269501991
database1/img00010674.webp,0.023709,0.0,0.12985449831952
database1/img00010757.webp,0.206361,0.0,0.158454770831684
database1/img00010780.webp,0.013969,0.0,0.1499970528721063
database1/img00010790.webp,0.031334,0.0,0.13599529494494
database1/img00010806.webp,0.065196,0.0,0.1461508406675539
database1/img00010887.webp,0.081617,0.0,0.1474763342671063
database1/img00010888.webp,0.233141,1.0,0.2015783157631623
database1/img00010982.webp,0.00745,1.0,0.1688931839757813
database1/img00010983.webp,0.20866,0.0,0.1545246094790688
database1/img00011118.webp,0.178597,1.0,0.240703364140394
database1/img00011128.webp,0.27358,1.0,0.1656181856953126
database1/img00011142.webp,0.28074,1.0,0.1861185756675742
database1/img00011296.webp,0.108452,1.0,0.1792553432218825
database1/img00011507.webp,0.092578,0.0,0.1308668990809338
database1/img00011516.webp,0.087323,0.0,0.14687022948644
database1/img00011597.webp,0.091441,0.0,0.147680096971061
database1/img00011619.webp,0.253533,0.0,0.179457828681836
database1/img00011623.webp,0.079619,0.0,0.1360413959336908
database1/img00011711.webp,0.412517,0.0,0.2105394492966692
database1/img00011737.webp,0.360567,0.0,0.1842936933303698
database1/img00011787.webp,0.009168,1.0,0.1419699640050308
database1/img00011827.webp,0.096535,0.0,0.1530838593274698
database1/img00011910.webp,0.153312,0.0,0.1417995444797153
database1/img00011946.webp,0.118833,0.0,0.1500340517253149
database1/img00011981.webp,0.044401,1.0,0.1538391013305666
database1/img00011982.webp,0.064973,1.0,0.1384431593786237
database1/img00012046.webp,0.013245,1.0,0.1561123046048232
database1/img00012050.webp,0.169118,0.0,0.1438813630913988
database1/img00012055.webp,0.118938,0.0,0.1509063542454578
database1/img00012083.webp,0.105677,1.0,0.1437171328724938
database1/img00012173.webp,0.148639,0.0,0.1521625959857734
database1/img00012174.webp,0.13274,0.0,0.1484632645024168
database1/img00012175.webp,0.161502,0.0,0.1617319836247258
database1/img00012194.webp,0.057599,0.0,0.1503391725340992
database1/img00012259.webp,0.022948,1.0,0.2046420626480716
database1/img00012293.webp,0.081765,0.0,0.152870956516228
database1/img00012367.webp,0.265563,0.0,0.1896442625968193
database1/img00012402.webp,0.08769,0.0,0.1515362097524845
database1/img00012413.webp,0.178087,0.0,0.155512820107777
database1/img00012417.webp,0.047864,1.0,0.141993585144245
database1/img00012444.webp,0.279593,0.0,0.1698331654115524
database1/img00012509.webp,0.14518,0.0,0.1290198597696619
database1/img00012555.webp,0.159567,0.0,0.1598114929567944
database1/img00012681.webp,0.00788,1.0,0.1369865666050355
database1/img00012805.webp,0.03627,0.0,0.1495601500107118
database1/img00012844.webp,0.027729,1.0,0.1549803535911473
database1/img00012874.webp,0.002528,1.0,0.1983201418573222
database1/img00012883.webp,0.105193,1.0,0.1424826584007444
database1/img00012980.webp,0.021348,1.0,0.1515770147064076
database1/img00013033.webp,0.378744,0.0,0.1944938361958504
database1/img00013074.webp,0.20406,0.0,0.191816740866755
database1/img00013089.webp,0.0,1.0,0.1162011155218492
database1/img00013099.webp,0.124905,0.0,0.1938218658168035
database1/img00013109.webp,0.255454,0.0,0.2782516659764116
database1/img00013151.webp,0.003784,1.0,0.1333922078494467
database1/img00013182.webp,0.112701,0.0,0.144113692590156
database1/img00013213.webp,0.208104,1.0,0.1673696910020866
database1/img00013311.webp,0.021686,1.0,0.1523227265601938
database1/img00013313.webp,0.096531,0.0,0.1633350203982768
database1/img00013345.webp,0.111239,1.0,0.1608098789610399
database1/img00013392.webp,0.234015,0.0,0.1530661652228861
database1/img00013433.webp,0.013693,1.0,0.1524781796623841
database1/img00013450.webp,0.007936,1.0,0.1392978777632711
database1/img00013515.webp,0.055869,0.0,0.1451969381016068
database1/img00013591.webp,0.097683,0.0,0.1414169803454913
database1/img00013659.webp,0.005492,0.0,0.157203213697458
database1/img00013777.webp,0.039118,0.0,0.1416540693393877
database1/img00013856.webp,0.08085,0.0,0.1738130721256402
database1/img00013896.webp,0.155239,0.0,0.1584203564347792
database1/img00013978.webp,0.216187,1.0,0.1380145855730588
database1/img00014030.webp,0.009111,0.0,0.1681077285595993
database1/img00014146.webp,0.019737,0.0,0.1502745557961644
database1/img00014277.webp,0.009327,1.0,0.1666277978812801
database1/img00014440.webp,0.313716,0.0,0.1883686974305151
database1/img00014506.webp,0.002933,0.0,0.1548905862261368
database1/img00014634.webp,0.124116,1.0,0.1550250613399904
database1/img00014645.webp,0.294956,1.0,0.1787534130235277
database1/img00014657.webp,0.009173,1.0,0.1245386746381987
database1/img00014808.webp,0.222577,0.0,0.1757749744089625
database1/img00014845.webp,0.184098,0.0,0.159117769586782
database1/img00014912.webp,0.085464,0.0,0.1534097790612669
database1/img00014924.webp,0.071344,1.0,0.1758158027147808
database1/img00015038.webp,0.222266,1.0,0.1730774735959477
database1/img00015081.webp,0.134204,0.0,0.2023675702597095
database1/img00015348.webp,0.225921,0.0,0.1755269900762037
database1/img00015359.webp,0.033386,0.0,0.1446653128426397
database1/img00015476.webp,0.164199,0.0,0.1973974051018287
database1/img00015498.webp,0.128891,0.0,0.1367344960560489
database1/img00015505.webp,0.086803,0.0,0.1480930980761252
database1/img00015509.webp,0.096299,1.0,0.1714632457799794
database1/img00015766.webp,0.128287,0.0,0.1430689584850799
database1/img00015784.webp,0.198335,0.0,0.1479086680372182
database1/img00015947.webp,0.126497,0.0,0.147733741046642
database1/img00016004.webp,0.076385,0.0,0.1506591237123583
database1/img00016096.webp,0.018479,1.0,0.1394465735513187
database1/img00016164.webp,0.009807,1.0,0.1425766436131796
database1/img00016181.webp,0.000908,1.0,0.1272531928618647
database1/img00016288.webp,0.368142,0.0,0.1972377005891202
database1/img00016296.webp,0.233928,0.0,0.1542292423473367
database1/img00016398.webp,0.070727,0.0,0.1462960348470705
database1/img00016442.webp,0.050167,0.0,0.1433956099092089
database1/img00016457.webp,0.145227,1.0,0.1535914742179047
database1/img00016490.webp,0.091022,0.0,0.1305173403124381
database1/img00016497.webp,0.144198,0.0,0.1579747709782151
database1/img00016611.webp,0.10049,0.0,0.1475020570155187
database1/img00016679.webp,0.001846,0.0,0.1510421148050926
database1/img00016886.webp,0.012909,1.0,0.1349199954370511
database1/img00016934.webp,0.076123,1.0,0.137607398932299
database1/img00016955.webp,0.030027,1.0,0.1775251434723404
database1/img00017135.webp,0.137474,0.0,0.1487546757998978
database1/img00017144.webp,0.291437,0.0,0.1662665770599375
database1/img00017157.webp,0.097188,0.0,0.1449757235358469
database1/img00017237.webp,0.019539,0.0,0.141139502945114
database1/img00017467.webp,0.193369,0.0,0.1796920969861849
database1/img00017485.webp,0.231654,0.0,0.2242022376495743
database1/img00017623.webp,0.273226,0.0,0.1623466712500406
database1/img00017648.webp,0.013591,1.0,0.1270375707440764
database1/img00017737.webp,0.0127,1.0,0.1489722118069559
database1/img00017893.webp,0.369649,0.0,0.1614004948653525
database1/img00018025.webp,0.125656,0.0,0.1383677125467878
database1/img00018042.webp,0.016056,1.0,0.1395349354671684
database1/img00018045.webp,0.096288,0.0,0.1442282380488209
database1/img00018076.webp,0.184672,1.0,0.1525211906549744
database1/img00018117.webp,0.020611,0.0,0.1612746713743154
database1/img00018133.webp,0.049189,0.0,0.150170676109098
database1/img00018173.webp,0.28192,0.0,0.1762877101753971
database1/img00018225.webp,0.130293,0.0,0.1337584315224145
database1/img00018284.webp,0.238474,0.0,0.1652262732128754
database1/img00018380.webp,0.182421,0.0,0.143510438333473
database1/img00018422.webp,0.021826,0.0,0.1496375152624341
database1/img00018465.webp,0.041569,1.0,0.1570177173628408
database1/img00018500.webp,0.147015,0.0,0.1439108129296338
database1/img00018591.webp,0.11045,0.0,0.1683638103640296
database1/img00018619.webp,0.026771,1.0,0.156423535335271
database1/img00018643.webp,0.14475,0.0,0.1601361324083473
database1/img00018689.webp,0.008002,0.0,0.150346139948532
database1/img00018779.webp,0.045676,1.0,0.1424418190611539
database1/img00018873.webp,0.099329,0.0,0.1393061413930048
database1/img00018963.webp,0.0236,1.0,0.2904719892458893
database1/img00019125.webp,0.039224,1.0,0.16249960868749
database1/img00019151.webp,0.151887,0.0,0.188250806215409
database1/img00019162.webp,0.357571,0.0,0.1898880246256168
database1/img00019165.webp,0.070241,1.0,0.1733932203796323
database1/img00019172.webp,0.017685,0.0,0.1302078212942098
database1/img00019200.webp,0.017214,1.0,0.1423258964616396
database1/img00019353.webp,0.013152,0.0,0.1408028704423768
database1/img00019360.webp,0.02429,1.0,0.1395622994501631
database1/img00019362.webp,0.226958,0.0,0.1522304466555584
database1/img00019406.webp,0.122785,0.0,0.1428013710551475
database1/img00019511.webp,0.00639,1.0,0.1353904585706984
database1/img00019553.webp,0.097165,0.0,0.1415818470145997
database1/img00019616.webp,0.008603,1.0,0.1631109478210126
database1/img00019625.webp,0.044642,1.0,0.1738940679965137
database1/img00019811.webp,0.135181,0.0,0.1469388488384287
database1/img00019846.webp,0.085115,0.0,0.1501715797449347
database1/img00019883.webp,0.295134,0.0,0.2081175904330935
database1/img00019956.webp,0.121542,0.0,0.1467675225349954
database1/img00020019.webp,0.245216,0.0,0.1639913312242128
database1/img00020092.webp,0.229511,0.0,0.1806245251649782
database1/img00020095.webp,0.369647,0.0,0.1715986719104866
database1/img00020106.webp,0.016139,1.0,0.1275206790818062
database1/img00020280.webp,0.093764,0.0,0.1458694450103718
database1/img00020383.webp,0.174486,0.0,0.1547455979557292
database1/img00020425.webp,0.105022,0.0,0.142258778267124
database1/img00020495.webp,0.101841,0.0,0.1478644302757832
database1/img00020506.webp,0.143822,0.0,0.154973817229332
database1/img00020690.webp,0.113169,0.0,0.1346050673742815
database1/img00020757.webp,0.123725,0.0,0.148361582239292
database1/img00020765.webp,0.148549,0.0,0.1469865333057693
database1/img00020799.webp,0.406729,0.0,0.216385363613154
database1/img00020831.webp,0.0,1.0,0.107989972869965
database1/img00020839.webp,0.164052,0.0,0.1404957539848818
database1/img00020840.webp,0.164657,0.0,0.1573260601618517
database1/img00020876.webp,0.039848,0.0,0.1487783064219393
database1/img00020958.webp,0.18413,1.0,0.140854871774112
database1/img00021024.webp,0.011248,1.0,0.1554811234648427
database1/img00021028.webp,0.079159,0.0,0.1340415752117481
database1/img00021119.webp,0.231027,0.0,0.1292623969763243
database1/img00021174.webp,0.029653,1.0,0.1471223471886694
database1/img00021203.webp,0.100309,1.0,0.2248766310658566
database1/img00021240.webp,0.12352,0.0,0.1541056684995763
database1/img00021256.webp,0.115372,0.0,0.1431559545439653
database1/img00021294.webp,0.230757,0.0,0.179148430470135
database1/img00021336.webp,0.216002,0.0,0.1557547769589601
database1/img00021374.webp,0.038864,0.0,0.149588775723101
database1/img00021382.webp,0.023478,1.0,0.2354218163713716
database1/img00021398.webp,0.118902,0.0,0.2594442524590255
database1/img00021523.webp,0.125539,0.0,0.1518651853682882
database1/img00021529.webp,0.020743,0.0,0.1523223733263202
database1/img00021585.webp,0.323915,0.0,0.1582511147228082
database1/img00021592.webp,0.053661,1.0,0.1616690801856719
database1/img00021620.webp,0.012103,1.0,0.1595253091710934
database1/img00021622.webp,0.258145,0.0,0.1675438234107309
database1/img00021629.webp,0.347567,0.0,0.187595546878373
database1/img00021724.webp,0.117861,0.0,0.1521917225278143
database1/img00021737.webp,0.042247,1.0,0.1486412562490676
database1/img00021763.webp,0.319156,0.0,0.2179777141371866
database1/img00021881.webp,0.200485,0.0,0.143307504160215
database1/img00021891.webp,0.158308,0.0,0.1490268641076046
database1/img00022037.webp,0.280548,0.0,0.1841781379054252
database1/img00022062.webp,0.084716,1.0,0.1366524549929047
database1/img00022089.webp,0.105552,0.0,0.147378379492909
database1/img00022098.webp,0.019455,1.0,0.1472401989866358
database1/img00022099.webp,0.017022,1.0,0.1659063599729907
database1/img00022106.webp,0.009696,1.0,0.1417118628718315
database1/img00022110.webp,0.247685,0.0,0.209943722077664
database1/img00022174.webp,0.246505,1.0,0.1703340291525064
database1/img00022220.webp,0.197348,0.0,0.2358496566870259
database1/img00022367.webp,0.130304,0.0,0.1588319528100002
database1/img00022458.webp,0.178211,1.0,0.120256148630399
database1/img00022462.webp,0.147091,1.0,0.1517149806672523
database1/img00022521.webp,0.025301,1.0,0.1384917697786854
database1/img00022669.webp,0.094607,1.0,0.2701852546186223
database1/img00022715.webp,0.056654,0.0,0.1256603856090641
database1/img00022789.webp,0.207616,0.0,0.2213993666924782
database1/img00022833.webp,0.037262,1.0,0.1519256476999491
database1/img00022848.webp,0.082086,0.0,0.1471724992724141
database1/img00022964.webp,0.170935,0.0,0.1579466106453025
database1/img00023014.webp,0.001544,1.0,0.2593664680296552
database1/img00023146.webp,0.103648,1.0,0.1674865991109551
database1/img00023176.webp,0.028973,1.0,0.1973061584227106
database1/img00023181.webp,0.102577,0.0,0.1553692697062055
database1/img00023337.webp,0.089515,0.0,0.1396602500915072
database1/img00023439.webp,0.005019,1.0,0.1393003941859785
database1/img00023478.webp,0.105124,0.0,0.1353688156488957
database1/img00023517.webp,0.050744,0.0,0.1542427421047068
database1/img00023568.webp,0.010958,1.0,0.1624644724779319
database1/img00023725.webp,0.203847,0.0,0.1477425029619992
database1/img00023876.webp,0.079286,0.0,0.1410956730371264
database1/img00023903.webp,0.124474,0.0,0.1213514255295216
database1/img00024004.webp,0.151347,0.0,0.153502511978547
database1/img00024033.webp,0.008003,1.0,0.1603972005757446
database1/img00024054.webp,0.158105,0.0,0.1481408530414449
database1/img00024075.webp,0.098827,0.0,0.1584983832316255
database1/img00024097.webp,0.056329,1.0,0.1435834661406809
database1/img00024151.webp,0.223931,0.0,0.1378249610059557
database1/img00024251.webp,0.125194,0.0,0.1467031215417509
database1/img00024286.webp,0.203387,0.0,0.21067402847575
database1/img00024330.webp,0.039351,0.0,0.1676868192128869
database1/img00024429.webp,0.001011,1.0,0.1177541322796902
database1/img00024472.webp,0.231978,0.0,0.1681455330283075
database1/img00024480.webp,0.229159,0.0,0.1502969263282984
database1/img00024496.webp,0.010786,0.0,0.1612703792795851
database1/img00024553.webp,0.040348,1.0,0.1554287695011016
database1/img00024607.webp,0.016616,1.0,0.1629403680621081
database1/img00024687.webp,0.27365,0.0,0.1739106641554409
database1/img00024753.webp,0.192923,0.0,0.161089207716718
database1/img00024774.webp,0.053221,0.0,0.1464864203534047
database1/img00025064.webp,0.015037,0.0,0.1304228318211533
database1/img00025075.webp,0.298755,0.0,0.182848175063906
database1/img00025133.webp,0.155681,1.0,0.1562568144218053
database1/img00025166.webp,0.014644,0.0,0.1533148471606382
database1/img00025308.webp,0.026547,1.0,0.1517014008398987
database1/img00025347.webp,0.003317,1.0,0.1578592816795105
database1/img00025392.webp,0.084647,0.0,0.1497795651118638
database1/img00025465.webp,0.083236,0.0,0.1841628572313738
database1/img00025509.webp,0.003962,0.0,0.1608822567756876
database1/img00025534.webp,0.073372,0.0,0.1412937970705743
database1/img00025566.webp,0.059194,1.0,0.1607255856944785
database1/img00025641.webp,0.045629,1.0,0.1629299167757741
database1/img00025678.webp,0.113275,0.0,0.1521157512347533
database1/img00025969.webp,0.033245,1.0,0.1488467556790711
database1/img00026052.webp,0.217685,0.0,0.1540422663464551
database1/img00026073.webp,0.052874,0.0,0.1406607097280785
database1/img00026088.webp,0.15625,0.0,0.1590696284396094
database1/img00026103.webp,0.013345,1.0,0.1678776152382048
database1/img00026169.webp,0.063574,1.0,0.1842512812074935
database1/img00026178.webp,0.317092,0.0,0.1772234575638608
database1/img00026249.webp,0.008453,1.0,0.1635798886304407
database1/img00026281.webp,0.219012,1.0,0.1642847321594331
database1/img00026282.webp,0.011198,1.0,0.1607664717630935
database1/img00026305.webp,0.138547,1.0,0.1621708689893556
database1/img00026333.webp,0.154155,0.0,0.1455377619909161
database1/img00026341.webp,0.145098,0.0,0.2497838941485002
database1/img00026380.webp,0.102089,0.0,0.1580704499320456
database1/img00026418.webp,0.030072,1.0,0.1443381801679319
database1/img00026462.webp,0.007743,0.0,0.1489671782992193
database1/img00026473.webp,0.0,1.0,0.1392055741160559
database1/img00026493.webp,0.222605,0.0,0.1511326601746533
database1/img00026505.webp,0.024604,1.0,0.1678937969825152
database1/img00026554.webp,0.005176,1.0,0.156766607430129
database1/img00026653.webp,0.0,0.0,0.1025389644497467
database1/img00026673.webp,0.305916,0.0,0.1630507883784792
database1/img00026714.webp,0.210407,0.0,0.1581108606072991
database1/img00026908.webp,0.046474,0.0,0.1467144494512711
database1/img00027013.webp,0.003769,0.0,0.1364699467363014
database1/img00027032.webp,0.007456,0.0,0.1632571824146734
database1/img00027062.webp,0.046983,1.0,0.143908378228545
database1/img00027147.webp,0.083316,1.0,0.1732130307476854
database1/img00027201.webp,0.173566,0.0,0.1516516271608824
database1/img00027213.webp,0.102301,0.0,0.151649082548952
database1/img00027267.webp,0.025949,0.0,0.1483769577116931
database1/img00027278.webp,0.04282,0.0,0.1494642355635662
database1/img00027291.webp,0.037481,1.0,0.1633694300899117
database1/img00027300.webp,0.162757,0.0,0.1525253098253903
database1/img00027329.webp,0.120534,0.0,0.1124866326198684
database1/img00027355.webp,0.012954,0.0,0.1513693841469397
database1/img00027400.webp,0.093064,1.0,0.2986890904114543
database1/img00027672.webp,0.024684,0.0,0.1435793305710326
database1/img00027691.webp,0.263468,1.0,0.1841924636765409
database1/img00027708.webp,0.011879,1.0,0.1913523925810435
database1/img00027826.webp,0.008279,1.0,0.1476721790519993
database1/img00027870.webp,0.156292,0.0,0.1594683332394423
database1/img00027888.webp,0.010368,1.0,0.1588383191201989
database1/img00027943.webp,0.005057,1.0,0.1713962668734692
database1/img00027980.webp,0.1488,0.0,0.1524796836449405
database1/img00028069.webp,0.00506,1.0,0.1653145007952195
database1/img00028087.webp,0.001205,1.0,0.1087366687390389
database1/img00028101.webp,0.0173,1.0,0.1443466565398715
database1/img00028174.webp,0.122309,0.0,0.1480938686517684
database1/img00028222.webp,0.107143,0.0,0.1427020978132506
database1/img00028224.webp,0.146398,0.0,0.1679798349896277
database1/img00028300.webp,0.012183,0.0,0.1461316976931161
database1/img00028356.webp,0.152613,0.0,0.1255039961610007
database1/img00028517.webp,0.382837,0.0,0.186815932432693
database1/img00028551.webp,0.203166,0.0,0.2012402926840649
database1/img00028578.webp,0.061325,0.0,0.1412318432961122
database1/img00028581.webp,0.020189,1.0,0.1421760634071143
database1/img00028723.webp,0.12276,0.0,0.1580253416018244
database1/img00028742.webp,0.061928,0.0,0.1285724417360876
database1/img00028757.webp,0.031527,1.0,0.1581125567533519
database1/img00028784.webp,0.01652,0.0,0.1460305466669417
database1/img00028843.webp,0.045216,1.0,0.1859778852084579
database1/img00028942.webp,0.085705,0.0,0.1289089100199513
database1/img00029059.webp,0.201976,0.0,0.1566095189530968
database1/img00029154.webp,0.027398,0.0,0.2195454659141785
database1/img00029252.webp,0.011317,1.0,0.1596634035311334
database1/img00029315.webp,0.223811,0.0,0.1756465908862045
database1/img00029326.webp,0.073163,0.0,0.134207812752415
database1/img00029393.webp,0.181547,0.0,0.1520645212490922
database1/img00029479.webp,0.172507,1.0,0.1719471887409319
database1/img00029527.webp,9.6e-05,1.0,0.1087962988322057
database1/img00029586.webp,0.049823,0.0,0.152986272071107
database1/img00029691.webp,0.030185,1.0,0.1679954365266019
database1/img00029706.webp,0.21533,1.0,0.3119061864693776
database1/img00029758.webp,0.113217,0.0,0.1453544018715973
database1/img00029778.webp,0.154551,0.0,0.1840132468269685
database1/img00029960.webp,0.383842,0.0,0.1850336711720154
database2/database2/test/148.webp,0.048036,1.0,0.1473928846525431
database2/database2/test/190.webp,0.086509,1.0,0.2432421387730005
database2/database2/test/216.webp,0.245817,0.0,0.1428264039842345
database2/database2/test/232.webp,0.275174,0.0,0.148629211186804
database2/database2/test/239.webp,0.175156,0.0,0.1788704061934375
database2/database2/test/266.webp,0.213241,0.0,0.1590031499208192
database2/database2/test/34.webp,0.050154,0.0,0.1278850047062409
database2/database2/test/453.webp,0.089504,1.0,0.1014008981000457
database2/database2/test/472.webp,0.226614,1.0,0.1952374271940222
database2/database2/test/91.webp,0.465517,1.0,0.1649702229737411
database2/database2/train/1009.webp,0.104761,1.0,0.1714179547789458
database2/database2/train/1240.webp,0.146101,0.0,0.1576399237816452
database2/database2/train/1258.webp,0.246853,0.0,0.3202834765634185
database2/database2/train/127.webp,0.075508,0.0,0.123227399525372
database2/database2/train/1279.webp,0.000502,1.0,0.2446881680410532
database2/database2/train/1311.webp,0.172932,1.0,0.3326776362991961
database2/database2/train/174.webp,0.051776,1.0,0.3104300895492553
database2/database2/train/203.webp,0.050641,1.0,0.1609877776960533
database2/database2/train/219.webp,0.142928,0.0,0.1678373559001615
database2/database2/train/233.webp,0.281943,1.0,0.1826675562436048
database2/database2/train/26.webp,0.011878,0.0,0.131993164202725
database2/database2/train/34.webp,0.095641,0.0,0.1495456456743285
database2/database2/train/433.webp,0.036418,1.0,0.1626191141722658
database2/database2/train/436.webp,0.026337,1.0,0.1279999947381953
database2/database2/train/515.webp,0.012181,1.0,0.149366687400362
database2/database2/train/547.webp,0.0,1.0,0.1003164229636736
database2/database2/train/613.webp,0.048432,0.0,0.1339010021823202
database2/database2/train/624.webp,0.123039,1.0,0.2267008599760568
database2/database2/train/650.webp,0.113219,0.0,0.145997831488306
database2/database2/train/766.webp,0.167917,0.0,0.1892129529629184
database2/database2/train/814.webp,0.3,0.0,0.1926589741919936
database2/database2/train/846.webp,0.020085,1.0,0.1606462986135357
database2/database2/train/900.webp,0.417188,1.0,0.1727719925428681
database2/database2/train/928.webp,0.09983,0.0,0.1527246408156409
database2/database2/train/97.webp,0.048559,1.0,0.1651413742676487
database2/database2/train/992.webp,0.32608,0.0,0.1837894037714889
database3/database3/m.0109kg/59-FaceId-0_align.webp,0.264823,0.0,0.1837720562375567
database3/database3/m.010bk0/59-FaceId-0_align.webp,0.021845,1.0,0.2466588651966688
database3/database3/m.010ngb/60-FaceId-0_align.webp,0.012915,1.0,0.1357150007095166
database3/database3/m.010p3/45-FaceId-0_align.webp,0.01465,1.0,0.1715500157695335
database3/database3/m.010p3/69-FaceId-0_align.webp,0.027584,1.0,0.1600514091459635
database3/database3/m.010p3/82-FaceId-0_align.webp,0.013896,1.0,0.1407915257803572
database3/database3/m.010wty2t/83-FaceId-1_align.webp,0.168202,1.0,0.2286316433920547
database3/database3/m.0112yl/20-FaceId-0_align.webp,0.035573,1.0,0.1865034560220262
database3/database3/m.01167d3z/34-FaceId-0_align.webp,0.37993,1.0,0.1947947756291058
database3/database3/m.01167d3z/74-FaceId-0_align.webp,0.319357,1.0,0.1809612761271043
database3/database3/m.011_0k/17-FaceId-0_align.webp,0.022011,1.0,0.1495460360674024
database3/database3/m.011_0k/3-FaceId-0_align.webp,0.017225,1.0,0.1640744361380006
database3/database3/m.011_0k/43-FaceId-0_align.webp,0.025252,1.0,0.1573563743991614
database3/database3/m.011_0k/77-FaceId-0_align.webp,0.126436,1.0,0.2919946120505359
database3/database3/m.011_2h/101-FaceId-0_align.webp,0.183945,0.0,0.1778246490014304
database3/database3/m.011_2h/18-FaceId-0_align.webp,0.139464,0.0,0.2319862770489102
database3/database3/m.011_2h/21-FaceId-0_align.webp,0.028243,0.0,0.1582074968769696
database3/database3/m.011_3d/107-FaceId-0_align.webp,0.091414,1.0,0.1735637081272041
database3/database3/m.011_3d/31-FaceId-0_align.webp,0.156269,1.0,0.1665482642995923
database3/database3/m.011_3d/35-FaceId-0_align.webp,0.154662,1.0,0.2804794104634636
database3/database3/m.011_3s/106-FaceId-0_align.webp,0.132155,0.0,0.1667407931715006
database3/database3/m.011_3s/93-FaceId-0_align.webp,0.255275,0.0,0.1967098800822959
database3/database3/m.011_8/14-FaceId-0_align.webp,0.108434,1.0,0.1552542849736842
database3/database3/m.011_nf/83-FaceId-0_align.webp,0.036792,1.0,0.1528935582544873
database3/database3/m.011_pk/73-FaceId-0_align.webp,0.106935,1.0,0.1825019887820103
database3/database3/m.011_pk/98-FaceId-0_align.webp,0.021278,1.0,0.1174717870895605
database3/database3/m.011_r9/15-FaceId-0_align.webp,0.000453,1.0,0.1329885554470959
database3/database3/m.011_r9/35-FaceId-0_align.webp,0.0,1.0,0.0955532792885215
database3/database3/m.011h_w/16-FaceId-0_align.webp,0.023388,1.0,0.2370992945503115
database3/database3/m.011h_w/57-FaceId-0_align.webp,0.034974,1.0,0.1920356626252902
database3/database3/m.011hdn/3-FaceId-0_align.webp,0.144586,1.0,0.2278950250514163
database3/database3/m.011hm1/28-FaceId-0_align.webp,0.045589,0.0,0.1855093991948215
database3/database3/m.011hm1/59-FaceId-0_align.webp,0.308314,0.0,0.1549393155908556
database3/database3/m.011hmd/24-FaceId-0_align.webp,0.029049,1.0,0.2084716370764013
database3/database3/m.011jfg/102-FaceId-0_align.webp,0.016853,0.0,0.151682373088901
database3/database3/m.011jfg/64-FaceId-0_align.webp,0.014724,0.0,0.1589427192420131
database3/database3/m.011kd9/42-FaceId-0_align.webp,0.092666,1.0,0.0
database3/database3/m.011kd9/48-FaceId-0_align.webp,0.021031,1.0,0.2377844764540286
database3/database3/m.011l17/115-FaceId-0_align.webp,0.008147,1.0,0.1278006164442394
database3/database3/m.011l17/73-FaceId-0_align.webp,0.013848,1.0,0.1634012932904491
database3/database3/m.011l17/78-FaceId-0_align.webp,0.000371,1.0,0.1390747988935455
database3/database3/m.011lf5/30-FaceId-0_align.webp,0.003745,1.0,0.1471903950864618
database3/database3/m.011lhy/14-FaceId-0_align.webp,0.06605,1.0,0.112228133494715
database3/database3/m.011m1y/65-FaceId-0_align.webp,0.010331,1.0,0.2179817392963077
database3/database3/m.011m1y/93-FaceId-0_align.webp,0.010174,1.0,0.1340519567230655
database3/database3/m.011m33/35-FaceId-0_align.webp,0.10764,0.0,0.1382570407225652
database3/database3/m.011m33/96-FaceId-0_align.webp,0.077455,0.0,0.1759165267177023
database3/database3/m.011m33/98-FaceId-0_align.webp,0.093352,0.0,0.199199556936144
database3/database3/m.011p3/100-FaceId-0_align.webp,0.261068,0.0,0.1976047025474689
database3/database3/m.011p3/38-FaceId-0_align.webp,0.260325,0.0,0.1454937590351198
database3/database3/m.011qm2/8-FaceId-0_align.webp,0.02115,1.0,0.1424396256131984
database3/database3/m.011w1b/4-FaceId-0_align.webp,0.011173,0.0,0.1499765808965229
database3/database3/m.011w1b/5-FaceId-0_align.webp,0.149673,0.0,0.1525848241185856
database3/database3/m.011w1b/65-FaceId-0_align.webp,0.028609,0.0,0.1463921488017881
database3/database3/m.011w1b/75-FaceId-0_align.webp,0.102741,0.0,0.1702631032915149
database3/database3/m.011xgp/24-FaceId-0_align.webp,0.060348,1.0,0.1605881793357521
database3/database3/m.011xgp/72-FaceId-0_align.webp,0.024118,1.0,0.1894714390528571
database3/database3/m.011xjd/62-FaceId-0_align.webp,0.025855,1.0,0.1678336690317276
database3/database3/m.011xl3/35-FaceId-0_align.webp,0.101991,1.0,0.1735806437271702
database3/database3/m.011xl3/86-FaceId-0_align.webp,0.095741,1.0,0.2493858369864999
database3/database3/m.011xl3/92-FaceId-0_align.webp,0.15032,1.0,0.1753308248173937
database3/database3/m.011xl3/99-FaceId-0_align.webp,0.04585,1.0,0.1488212905891991
database3/database3/m.011xll/89-FaceId-0_align.webp,0.057752,1.0,0.2234442333034246
database3/database3/m.011ybj/52-FaceId-0_align.webp,0.042728,1.0,0.1453523896250699
database3/database3/m.011ybj/61-FaceId-0_align.webp,0.033422,1.0,0.1337805738752149
database3/database3/m.011yx0/17-FaceId-0_align.webp,0.03676,1.0,0.1527643877134483
database3/database3/m.011yx0/7-FaceId-0_align.webp,0.025923,1.0,0.1429051358781848
database3/database3/m.011z69/22-FaceId-0_align.webp,0.003956,1.0,0.1129514196419474
database3/database3/m.011z69/27-FaceId-0_align.webp,0.057013,1.0,0.1249976105725163
database3/database3/m.011z69/67-FaceId-0_align.webp,0.026898,1.0,0.1427639246017782
database3/database3/m.011zfk/22-FaceId-0_align.webp,0.214757,1.0,0.1193658147008785
database3/database3/m.011zfz/75-FaceId-0_align.webp,0.159958,0.0,0.1610834551197023
database3/database3/m.011zg9/22-FaceId-0_align.webp,0.107141,0.0,0.1372828989317797
database3/database3/m.011zg9/39-FaceId-0_align.webp,0.053582,0.0,0.1369100151447504
database3/database3/m.011zgs/52-FaceId-0_align.webp,0.127677,0.0,0.289096425367637
database3/database3/m.011zkh/84-FaceId-0_align.webp,0.008351,1.0,0.1388861369217018
database3/database3/m.011zwl/37-FaceId-0_align.webp,0.073722,1.0,0.1403938071344695
database3/database3/m.01200d/24-FaceId-0_align.webp,0.036817,1.0,0.1226582770991877
database3/database3/m.01200d/80-FaceId-0_align.webp,0.017066,1.0,0.1312918661116029
database3/database3/m.012052/1-FaceId-0_align.webp,0.109494,1.0,0.1469227722807037
database3/database3/m.012052/30-FaceId-0_align.webp,0.193814,1.0,0.3018551677067436
database3/database3/m.012052/63-FaceId-0_align.webp,0.135953,1.0,0.1830242095269306
database3/database3/m.0122lq/12-FaceId-0_align.webp,0.034174,1.0,0.1252730173497232
database3/database3/m.0122lq/62-FaceId-0_align.webp,0.002899,1.0,0.2046146755824666
database3/database3/m.0122lq/73-FaceId-0_align.webp,0.026793,1.0,0.138311886418401
database3/database3/m.0122m5/94-FaceId-0_align.webp,0.003731,1.0,0.2040153496069685
database3/database3/m.01233w/1-FaceId-0_align.webp,0.049894,1.0,0.1307952170927119
database3/database3/m.01233w/25-FaceId-0_align.webp,0.043404,1.0,0.157842917853309
database3/database3/m.01239/57-FaceId-0_align.webp,0.01656,1.0,0.1671158247612624
database3/database3/m.01239/68-FaceId-0_align.webp,0.012855,1.0,0.148604265696146
database3/database3/m.0123x2/101-FaceId-0_align.webp,0.244668,1.0,0.1729945934796067
database3/database3/m.01241v/54-FaceId-0_align.webp,0.010871,1.0,0.1314840291281974
database3/database3/m.0124t/70-FaceId-0_align.webp,0.066352,0.0,0.2199385331023643
database3/database3/m.01257s/41-FaceId-1_align.webp,0.025408,1.0,0.1482568606031167
database3/database3/m.0126rp/46-FaceId-0_align.webp,0.064149,1.0,0.1379647975127776
database3/database3/m.0126rp/48-FaceId-0_align.webp,0.020111,1.0,0.1405987560004249
database3/database3/m.0126y2/49-FaceId-0_align.webp,0.042913,1.0,0.1460394454925631
database3/database3/m.0126y2/81-FaceId-0_align.webp,0.011658,1.0,0.23878683933265
database3/database3/m.0126y2/92-FaceId-0_align.webp,0.2594,1.0,0.2008183360995484
database3/database3/m.01270s/15-FaceId-0_align.webp,0.00523,1.0,0.1155672252783066
database3/database3/m.01270s/43-FaceId-0_align.webp,0.024273,1.0,0.1474045167519638
database3/database3/m.01271_/40-FaceId-0_align.webp,0.046844,0.0,0.1565971844873877
database3/database3/m.01271_/42-FaceId-0_align.webp,0.082785,0.0,0.1828556789413027
database3/database3/m.01271_/92-FaceId-0_align.webp,0.131196,0.0,0.1542433292982171
database3/database3/m.0127fx/6-FaceId-0_align.webp,0.010653,1.0,0.144609428439486
database3/database3/m.0127gn/12-FaceId-0_align.webp,0.02417,1.0,0.1285138818807607
database3/database3/m.0127tk/114-FaceId-0_align.webp,0.088119,1.0,0.1357092330080135
database3/database3/m.0127tk/121-FaceId-0_align.webp,0.110272,1.0,0.1636100660756738
database3/database3/m.0127tk/32-FaceId-0_align.webp,0.044592,1.0,0.1483827297834921
database3/database3/m.0127tk/61-FaceId-0_align.webp,0.157887,1.0,0.1657099585721181
database3/database3/m.0127tk/75-FaceId-0_align.webp,0.118857,1.0,0.1630753442781662
database3/database3/m.0127tk/83-FaceId-0_align.webp,0.180049,1.0,0.1500995003673081
database3/database3/m.0127zt/62-FaceId-0_align.webp,0.099007,0.0,0.1569964521290098
database3/database3/m.012801/76-FaceId-0_align.webp,0.060329,1.0,0.1441853977651846
database3/database3/m.012981/36-FaceId-0_align.webp,0.038673,1.0,0.1351252943211975
database3/database3/m.012_53/112-FaceId-0_align.webp,0.081654,0.0,0.1405893578165267
database3/database3/m.012_53/73-FaceId-0_align.webp,0.056783,0.0,0.144688458705826
database3/database3/m.012_jj/10-FaceId-0_align.webp,0.005143,1.0,0.134195561892089
database3/database3/m.012_jj/103-FaceId-0_align.webp,0.04174,1.0,0.1082611296666966
database3/database3/m.012_jj/83-FaceId-0_align.webp,0.123978,1.0,0.1381131116230498
database3/database3/m.012c6j/57-FaceId-0_align.webp,0.0,1.0,0.0849884845793816
database3/database3/m.012c6x/43-FaceId-0_align.webp,0.000386,1.0,0.1758052304419029
database3/database3/m.012c8f/13-FaceId-0_align.webp,0.010098,1.0,0.1571368276736757
database3/database3/m.012c8f/85-FaceId-0_align.webp,0.121074,1.0,0.2545577896712238
database3/database3/m.012ck8/1-FaceId-0_align.webp,0.250793,0.0,0.2298721327045458
database3/database3/m.012cm5/19-FaceId-0_align.webp,0.050828,1.0,0.1444269771335501
database3/database3/m.012cm5/75-FaceId-0_align.webp,0.032775,1.0,0.0924431689552563
database3/database3/m.012cm5/90-FaceId-0_align.webp,0.082057,1.0,0.1618077020725273
database3/database3/m.012cnn/11-FaceId-0_align.webp,0.107545,0.0,0.1312124066658582
database3/database3/m.012cph/108-FaceId-0_align.webp,0.01551,1.0,0.1311746100088854
database3/database3/m.012cph/17-FaceId-0_align.webp,0.005549,1.0,0.1739555529854812
database3/database3/m.012cph/68-FaceId-0_align.webp,0.017584,1.0,0.1783278198233496
database3/database3/m.012cyp/33-FaceId-0_align.webp,0.012748,0.0,0.12750073168248
database3/database3/m.012cyp/43-FaceId-0_align.webp,0.207358,0.0,0.1478418933005902
database3/database3/m.012cyp/7-FaceId-0_align.webp,0.030272,0.0,0.1336470100684499
database3/database3/m.012czd/35-FaceId-0_align.webp,0.035058,0.0,0.1202900782512169
database3/database3/m.012czd/90-FaceId-0_align.webp,0.001711,0.0,0.1558683434698444
database3/database3/m.012dtw/86-FaceId-0_align.webp,0.075626,1.0,0.1848574232957318
database3/database3/m.012fgx/58-FaceId-0_align.webp,0.039289,1.0,0.1302405630114166
database3/database3/m.012g8l/75-FaceId-0_align.webp,0.015517,1.0,0.175567662481081
database3/database3/m.012gbb/1-FaceId-0_align.webp,0.057132,0.0,0.1701998388869527
database3/database3/m.012gbb/104-FaceId-0_align.webp,0.023381,0.0,0.1407893749288651
database3/database3/m.012gbb/86-FaceId-0_align.webp,0.070682,0.0,0.1685979661458165
database3/database3/m.012gdw/54-FaceId-0_align.webp,0.06697,1.0,0.1234173739219795
database3/database3/m.012gl8/17-FaceId-0_align.webp,0.06567,0.0,0.1498222021162087
database3/database3/m.012gl8/38-FaceId-0_align.webp,0.063039,0.0,0.1484178200098874
database3/database3/m.012gq6/33-FaceId-0_align.webp,0.016946,1.0,0.1252994257081177
database3/database3/m.012gr9/29-FaceId-0_align.webp,0.156273,0.0,0.1877182508787284
database3/database3/m.012gx2/64-FaceId-0_align.webp,0.000577,1.0,0.1321329557105992
database3/database3/m.012gx2/77-FaceId-0_align.webp,0.126437,1.0,0.1749872303055553
database3/database3/m.012gx2/8-FaceId-0_align.webp,0.019361,1.0,0.1185565792776248
database3/database3/m.012gx2/99-FaceId-0_align.webp,0.025003,1.0,0.1610117833083428
database3/database3/m.012h65/109-FaceId-0_align.webp,0.210562,1.0,0.3298458970524877
database3/database3/m.012hqb/33-FaceId-0_align.webp,0.004406,1.0,0.1742556176981174
database3/database3/m.012hr4/21-FaceId-0_align.webp,0.126033,1.0,0.1490255443653542
database3/database3/m.012hr4/67-FaceId-0_align.webp,0.183915,1.0,0.1451181017296852
database3/database3/m.012hr4/74-FaceId-0_align.webp,0.037244,1.0,0.1493835591090296
database3/database3/m.012hsb/101-FaceId-0_align.webp,0.192286,1.0,0.1434891239760249
database3/database3/m.012hsb/74-FaceId-0_align.webp,0.057902,1.0,0.1556333803794736
database3/database3/m.012hz4/77-FaceId-0_align.webp,0.118119,0.0,0.201422536551753
database3/database3/m.012j2r/108-FaceId-0_align.webp,0.027644,1.0,0.1279012426070885
database3/database3/m.012j2r/38-FaceId-0_align.webp,0.010758,1.0,0.1488968286686394
database3/database3/m.012j2r/9-FaceId-0_align.webp,0.029992,1.0,0.1295699517312886
database3/database3/m.012kdb/7-FaceId-0_align.webp,0.154185,0.0,0.1503543526889041
database3/database3/m.012kk4/31-FaceId-1_align.webp,0.026924,1.0,0.1689931722819399
database3/database3/m.012l22/20-FaceId-0_align.webp,0.182682,1.0,0.2850430958691738
database3/database3/m.012l22/56-FaceId-0_align.webp,0.079127,1.0,0.2433820713687663
database3/database3/m.012lyg/82-FaceId-0_align.webp,0.015571,1.0,0.125975743836968
database3/database3/m.012m1c/109-FaceId-0_align.webp,0.052592,0.0,0.1420062775473047
database3/database3/m.012m1c/113-FaceId-0_align.webp,0.018979,0.0,0.1458225722328804
database3/database3/m.012m1c/56-FaceId-0_align.webp,0.076711,0.0,0.1152956212672253
database3/database3/m.012m7r/99-FaceId-0_align.webp,0.002972,1.0,0.2261413671457118
database3/database3/m.012mh_/3-FaceId-0_align.webp,0.065168,1.0,0.1378938289575579
database3/database3/m.012mh_/6-FaceId-0_align.webp,0.002681,1.0,0.1231579437593569
database3/database3/m.012mk7/90-FaceId-0_align.webp,0.032433,1.0,0.1245292200458799
database3/database3/m.012ml0/96-FaceId-0_align.webp,0.031451,1.0,0.1355696048777891
database3/database3/m.012mmb/47-FaceId-0_align.webp,0.146313,0.0,0.1943547596505884
database3/database3/m.012mn4/43-FaceId-0_align.webp,0.005783,1.0,0.1514994945717045
database3/database3/m.012nry/108-FaceId-0_align.webp,0.006878,1.0,0.108957073613371
database3/database3/m.012nry/28-FaceId-0_align.webp,0.006764,1.0,0.1904728166312032
database3/database3/m.012nry/3-FaceId-0_align.webp,0.008173,1.0,0.1476286634181099
database3/database3/m.012nry/57-FaceId-0_align.webp,0.00436,1.0,0.157034603815407
database3/database3/m.012pjh/2-FaceId-0_align.webp,0.0,1.0,0.1492213692237793
database3/database3/m.012q4n/50-FaceId-0_align.webp,0.004622,1.0,0.2888754631642188
database3/database3/m.012qfw/20-FaceId-1_align.webp,0.162552,0.0,0.1231292554998699
database3/database3/m.012qfw/41-FaceId-0_align.webp,0.211858,0.0,0.1257586877912409
database3/database3/m.012qgc/82-FaceId-0_align.webp,0.002042,1.0,0.1575647546900648
database3/database3/m.012rng/35-FaceId-0_align.webp,0.036379,1.0,0.2033693031112125
database3/database3/m.012rng/47-FaceId-0_align.webp,0.022161,1.0,0.4009095655289714
database3/database3/m.012rng/48-FaceId-0_align.webp,0.01786,1.0,0.1434222351448561
database3/database3/m.012rth/93-FaceId-0_align.webp,0.046323,1.0,0.3428744903980183
database3/database3/m.012s1x/11-FaceId-0_align.webp,0.049377,1.0,0.1509397331208994
database3/database3/m.012s5j/122-FaceId-0_align.webp,0.205872,0.0,0.1877801637936596
database3/database3/m.012s9f/0-FaceId-0_align.webp,0.000412,1.0,0.1207395352276634
database3/database3/m.012st7/14-FaceId-0_align.webp,0.003821,1.0,0.2088630224882599
database3/database3/m.012t1d/17-FaceId-0_align.webp,0.167599,1.0,0.1378127637734726
database3/database3/m.012t1d/37-FaceId-0_align.webp,0.016467,1.0,0.1453712051070907
database3/database3/m.012t1d/80-FaceId-0_align.webp,0.014504,1.0,0.1902344074252862
database3/database3/m.012t3l/22-FaceId-0_align.webp,0.012766,1.0,0.0
database3/database3/m.012t7s/3-FaceId-0_align.webp,0.014581,1.0,0.1286445856643792
database3/database3/m.012tmz/123-FaceId-0_align.webp,0.001629,1.0,0.1233830050792182
database3/database3/m.012v1t/29-FaceId-0_align.webp,0.118114,0.0,0.1433803515289255
database3/database3/m.012v1t/67-FaceId-0_align.webp,0.072956,0.0,0.1393730192891759
database3/database3/m.012v1t/93-FaceId-0_align.webp,0.033657,0.0,0.1450370053501516
database3/database3/m.012vby/3-FaceId-0_align.webp,0.002151,1.0,0.1839860435270219
database3/database3/m.012vby/36-FaceId-0_align.webp,0.0,1.0,0.2398112259190349
database3/database3/m.012vd6/49-FaceId-0_align.webp,0.124288,0.0,0.1719316115290169
database3/database3/m.012vd6/5-FaceId-0_align.webp,0.104381,0.0,0.1444340566053201
database3/database3/m.012vd6/75-FaceId-1_align.webp,0.054381,0.0,0.179873848217335
database3/database3/m.012vf6/90-FaceId-0_align.webp,0.069167,0.0,0.1675394976884949
database3/database3/m.012vhn/10-FaceId-0_align.webp,0.009813,1.0,0.1262185365876405
database3/database3/m.012vhn/4-FaceId-0_align.webp,0.005793,1.0,0.0791063029937038
database3/database3/m.012vq0/30-FaceId-0_align.webp,0.028246,1.0,0.1405905736951578
database3/database3/m.012vq0/67-FaceId-0_align.webp,0.017872,1.0,0.1527032304361165
database3/database3/m.012vqh/80-FaceId-0_align.webp,0.078239,0.0,0.1988941046589456
database3/database3/m.012w05/52-FaceId-0_align.webp,0.000408,1.0,0.1502188968379977
database3/database3/m.012w3k/19-FaceId-0_align.webp,0.109411,1.0,0.2014276703436511
database3/database3/m.012w3k/33-FaceId-0_align.webp,0.07009,1.0,0.1502519034595452
database3/database3/m.012w3k/4-FaceId-0_align.webp,0.071086,1.0,0.1656707019436507
database3/database3/m.012wfh/73-FaceId-0_align.webp,0.055456,0.0,0.2264537624476427
database3/database3/m.012wfh/77-FaceId-0_align.webp,0.055,0.0,0.1483358853565036
database3/database3/m.012wgv/56-FaceId-0_align.webp,0.072911,1.0,0.1610398554883911
database3/database3/m.012x2b/18-FaceId-0_align.webp,0.0,1.0,0.1630959234147379
database3/database3/m.012x2b/46-FaceId-0_align.webp,0.039092,1.0,0.1522185142578075
database3/database3/m.012x2b/54-FaceId-0_align.webp,0.049838,1.0,0.136185781900614
database3/database3/m.012x2b/72-FaceId-0_align.webp,0.008788,1.0,0.1345067525664672
database3/database3/m.012x5/81-FaceId-0_align.webp,0.058123,0.0,0.1620438406266714
database3/database3/m.012xdy/81-FaceId-0_align.webp,0.012382,1.0,0.1715037775246406
database3/database3/m.012xls/57-FaceId-0_align.webp,0.114584,1.0,0.4227812898282855
database3/database3/m.012xls/70-FaceId-0_align.webp,0.126797,1.0,0.1170468695498549
database3/database3/m.012xls/74-FaceId-0_align.webp,0.018384,1.0,0.3437807635303522
database3/database3/m.012y1h/86-FaceId-0_align.webp,0.123838,1.0,0.181287430894341
database3/database3/m.012ycy/16-FaceId-0_align.webp,0.002336,1.0,0.1714888858080766
database3/database3/m.012ycy/21-FaceId-0_align.webp,0.164069,1.0,0.1563351886838413
database3/database3/m.012ycy/73-FaceId-0_align.webp,0.017165,1.0,0.1638873765311458
database3/database3/m.012ycy/99-FaceId-0_align.webp,0.136797,1.0,0.0834137147235266
database3/database3/m.012yg1/19-FaceId-0_align.webp,0.003406,1.0,0.2354858914230449
database3/database3/m.012yg1/21-FaceId-0_align.webp,0.007301,1.0,0.1789930743795391
database3/database3/m.012yg1/66-FaceId-0_align.webp,0.007466,1.0,0.2000910670528864
database3/database3/m.012yhd/22-FaceId-0_align.webp,0.043044,1.0,0.1700210516770282
database3/database3/m.012yhd/41-FaceId-0_align.webp,0.014599,1.0,0.1694178755074036
database3/database3/m.012yhd/87-FaceId-0_align.webp,0.016417,1.0,0.179325237878753
database3/database3/m.012ysy/40-FaceId-0_align.webp,0.005784,1.0,0.152919678909177
database3/database3/m.012yxk/51-FaceId-0_align.webp,0.111796,1.0,0.191398589737141
database3/database3/m.012z8_/39-FaceId-0_align.webp,0.076699,1.0,0.1226086913156607
database3/database3/m.012zrl/119-FaceId-0_align.webp,0.19435,0.0,0.1227338733660285
database3/database3/m.012zrl/22-FaceId-0_align.webp,0.184216,0.0,0.1586145072296372
database3/database3/m.012zrl/34-FaceId-0_align.webp,0.221002,0.0,0.2082302667922692
database3/database3/m.01300z/111-FaceId-0_align.webp,0.011168,1.0,0.1412269799011778
database3/database3/m.01300z/46-FaceId-0_align.webp,0.004916,1.0,0.1475794800036801
database3/database3/m.01306d/26-FaceId-0_align.webp,0.043181,1.0,0.1742955656956354
database3/database3/m.0130py/108-FaceId-0_align.webp,0.041408,1.0,0.2335359633225741
database3/database3/m.0130py/9-FaceId-0_align.webp,0.045214,1.0,0.1312098688977997
database3/database3/m.0130sy/65-FaceId-0_align.webp,0.067207,1.0,0.0840684522812024
database3/database3/m.013107/34-FaceId-0_align.webp,0.131929,0.0,0.1527895730200259
database3/database3/m.0131kb/28-FaceId-0_align.webp,0.0,1.0,0.0892142756365102
database3/database3/m.0131kb/47-FaceId-0_align.webp,0.0,1.0,0.1327362042150741
database3/database3/m.0131kb/76-FaceId-0_align.webp,0.081559,1.0,0.2433294178648677
database3/database3/m.013267/23-FaceId-0_align.webp,0.049038,1.0,0.1574053012236197
database3/database3/m.0132k4/103-FaceId-0_align.webp,0.076004,1.0,0.1902889393549976
database3/database3/m.0132k4/97-FaceId-0_align.webp,0.101202,1.0,0.173839369388462
database3/database3/m.0132kn/100-FaceId-0_align.webp,0.045478,1.0,0.1594835718884298
database3/database3/m.0132q1/29-FaceId-0_align.webp,0.017581,0.0,0.1499089245856032
database3/database3/m.013339/106-FaceId-0_align.webp,0.058305,1.0,0.1376455571122297
database3/database3/m.013339/23-FaceId-0_align.webp,0.255508,1.0,0.1763728188708164
database3/database3/m.013339/80-FaceId-0_align.webp,0.066481,1.0,0.1905935493171984
database3/database3/m.01338h/81-FaceId-0_align.webp,0.088482,0.0,0.1290564006266356
database3/database3/m.0133c4/15-FaceId-0_align.webp,0.207364,1.0,0.1488159222177509
database3/database3/m.0133x7/100-FaceId-0_align.webp,0.144974,0.0,0.1520049521224435
database3/database3/m.0133yt/45-FaceId-0_align.webp,0.102482,1.0,0.2039414515383405
database3/database3/m.01341q/51-FaceId-0_align.webp,0.043853,1.0,0.2369160182224512
database3/database3/m.013423/105-FaceId-0_align.webp,0.016474,0.0,0.2428952023355506
database3/database3/m.013423/43-FaceId-0_align.webp,0.10846,0.0,0.1459325367256004
database3/database3/m.0134cp/27-FaceId-0_align.webp,0.030912,1.0,0.1680036768930251
database3/database3/m.0134cp/34-FaceId-1_align.webp,0.031754,1.0,0.1670215170621873
database3/database3/m.0134cp/53-FaceId-0_align.webp,0.019724,1.0,0.1504748388481933
database3/database3/m.0134dc/38-FaceId-0_align.webp,0.000768,1.0,0.1635464848391194
database3/database3/m.0134dc/73-FaceId-0_align.webp,0.003398,1.0,0.2436950843013539
database3/database3/m.0134fr/66-FaceId-0_align.webp,0.01299,1.0,0.1569801499996162
database3/database3/m.0134fr/82-FaceId-0_align.webp,0.004786,1.0,0.1764722700406918
database3/database3/m.0134wr/11-FaceId-2_align.webp,0.000566,1.0,0.1439369514609612
database3/database3/m.0134wr/30-FaceId-2_align.webp,0.080915,1.0,0.1464442843527464
database3/database3/m.0134wr/52-FaceId-2_align.webp,0.028557,1.0,0.0949856300944161
database3/database3/m.0134wr/65-FaceId-1_align.webp,0.001253,1.0,0.1345641378063878
database3/database3/m.0134wr/69-FaceId-2_align.webp,0.064238,1.0,0.1488032404409528
database3/database3/m.0134wr/89-FaceId-1_align.webp,0.188914,1.0,0.1279220600382078
database3/database3/m.0135nb/89-FaceId-0_align.webp,0.051256,1.0,0.1540288286668919
database3/database3/m.01368v/100-FaceId-0_align.webp,0.078994,0.0,0.1378558525666666
database3/database3/m.01368v/58-FaceId-0_align.webp,0.186435,0.0,0.1398094282234926
database3/database3/m.01368v/59-FaceId-1_align.webp,0.101878,0.0,0.1273770823643114
database3/database3/m.0136ms/38-FaceId-0_align.webp,0.015722,1.0,0.1296294385894279
database3/database3/m.0136p1/103-FaceId-0_align.webp,0.341015,0.0,0.1993395902391861
database3/database3/m.0136p1/13-FaceId-0_align.webp,0.259257,0.0,0.1709213912576794
database3/database3/m.0136p1/66-FaceId-0_align.webp,0.075301,0.0,0.1503650958999612
database3/database3/m.0136pk/68-FaceId-0_align.webp,0.195786,1.0,0.1906984909037843
database3/database3/m.0136pk/87-FaceId-0_align.webp,0.172482,1.0,0.1724949762988346
database3/database3/m.0136tm/24-FaceId-0_align.webp,0.011359,1.0,0.1495533513185073
database3/database3/m.0137s4/92-FaceId-0_align.webp,0.014219,1.0,0.3648321918191986
database3/database3/m.01380_/30-FaceId-0_align.webp,0.062935,1.0,0.2143368361592827
database3/database3/m.01380_/84-FaceId-0_align.webp,0.019541,1.0,0.159748511131946
database3/database3/m.013823/15-FaceId-0_align.webp,0.004502,1.0,0.1119484277057109
database3/database3/m.013823/5-FaceId-0_align.webp,0.029677,1.0,0.1165852089954723
database3/database3/m.013846/35-FaceId-0_align.webp,0.005272,1.0,0.1566338047089315
database3/database3/m.013846/71-FaceId-0_align.webp,0.036782,1.0,0.1476617693660365
database3/database3/m.01386_/97-FaceId-0_align.webp,0.01382,1.0,0.1268110975778939
database3/database3/m.01386m/93-FaceId-0_align.webp,0.049853,1.0,0.1539932231823101
database3/database3/m.01387g/36-FaceId-0_align.webp,0.020561,1.0,0.1297689604656765
database3/database3/m.01387g/90-FaceId-0_align.webp,0.00159,1.0,0.1118311038613694
database3/database3/m.01387y/2-FaceId-0_align.webp,0.062856,1.0,0.1674852573110504
database3/database3/m.01387y/32-FaceId-0_align.webp,0.048091,1.0,0.1687006928797769
database3/database3/m.01387y/46-FaceId-0_align.webp,0.0006,1.0,0.1269153496965423
database3/database3/m.01388c/29-FaceId-0_align.webp,0.136546,1.0,0.1591811597579718
database3/database3/m.01388c/82-FaceId-0_align.webp,0.007483,1.0,0.1635266399019977
database3/database3/m.01388c/92-FaceId-0_align.webp,0.007604,1.0,0.1442222673761628
database3/database3/m.01389w/75-FaceId-1_align.webp,0.011085,1.0,0.1207365434628941
database3/database3/m.01389w/76-FaceId-0_align.webp,0.018887,1.0,0.1414314640962345
database3/database3/m.0138b7/49-FaceId-0_align.webp,0.173256,1.0,0.1297169513427827
database3/database3/m.0138b7/63-FaceId-0_align.webp,0.091583,1.0,0.2122016633435066
database3/database3/m.0138m1/11-FaceId-0_align.webp,0.033355,1.0,0.171939544325542
database3/database3/m.0138m1/60-FaceId-0_align.webp,0.027664,1.0,0.130278192817432
database3/database3/m.0139rh/103-FaceId-0_align.webp,0.008771,1.0,0.1320778973539334
database3/database3/m.0139rh/5-FaceId-0_align.webp,0.009412,1.0,0.1176109057986271
database3/database3/m.013_4m/89-FaceId-0_align.webp,0.106225,1.0,0.123834143956449
database3/database3/m.013_gz/96-FaceId-0_align.webp,0.14677,0.0,0.1581447845805595
database3/database3/m.013_tp/47-FaceId-0_align.webp,0.000171,1.0,0.1734344157335462
database3/database3/m.013b7z/45-FaceId-0_align.webp,0.025843,1.0,0.1558611293704362
database3/database3/m.013bym/61-FaceId-0_align.webp,0.110889,0.0,0.1527589478422032
database3/database3/m.013bym/65-FaceId-0_align.webp,0.249006,0.0,0.1296183101691097
database3/database3/m.013bym/66-FaceId-0_align.webp,0.288548,0.0,0.1703088599190929
database3/database3/m.013bym/71-FaceId-0_align.webp,0.115164,0.0,0.148961810780884
database3/database3/m.013m5y/73-FaceId-0_align.webp,0.0,1.0,0.1918162169069636
database3/database3/m.013p_0/60-FaceId-0_align.webp,0.015459,1.0,0.2484370500624873
database3/database3/m.013p_j/3-FaceId-0_align.webp,0.046784,1.0,0.1479948323278528
database3/database3/m.013p_j/43-FaceId-0_align.webp,0.026287,1.0,0.1448960024500389
database3/database3/m.013p_w/1-FaceId-0_align.webp,0.045903,0.0,0.152233537519679
database3/database3/m.013p_w/90-FaceId-1_align.webp,0.028906,0.0,0.1393255773457176
database3/database3/m.013pp3/83-FaceId-0_align.webp,0.052247,1.0,0.1911971930344737
database3/database3/m.013ppl/76-FaceId-0_align.webp,0.018885,1.0,0.1268352020499523
database3/database3/m.013q78/86-FaceId-0_align.webp,0.03,1.0,0.1520670873670611
database3/database3/m.013q8x/26-FaceId-0_align.webp,0.110943,1.0,0.2098967815822296
database3/database3/m.013q8x/42-FaceId-0_align.webp,0.056383,1.0,0.1433178278427899
database3/database3/m.013q8x/99-FaceId-0_align.webp,0.005069,1.0,0.1479544491298149
database3/database3/m.013qb0/82-FaceId-0_align.webp,0.080376,1.0,0.1571340953162916
database3/database3/m.013qb0/94-FaceId-0_align.webp,0.14541,1.0,0.1491470810903156
database3/database3/m.013qjp/42-FaceId-0_align.webp,0.027503,1.0,0.1458857013674386
database3/database3/m.013qjp/83-FaceId-0_align.webp,0.014,1.0,0.1514306216623543
database3/database3/m.013qpt/31-FaceId-0_align.webp,0.020067,1.0,0.1407276169612032
database3/database3/m.013qq4/70-FaceId-0_align.webp,0.020855,1.0,0.1348335027661299
database3/database3/m.013qwl/61-FaceId-0_align.webp,0.006336,1.0,0.1396947869377396
database3/database3/m.013qwy/18-FaceId-0_align.webp,0.050242,1.0,0.1493455572097549
database3/database3/m.013qy3/30-FaceId-0_align.webp,0.004735,1.0,0.2195193299212614
database3/database3/m.013qy3/92-FaceId-0_align.webp,0.026678,1.0,0.1344196169996588
database3/database3/m.013qyh/56-FaceId-1_align.webp,0.057576,1.0,0.3279973684491369
database3/database3/m.013r6h/27-FaceId-0_align.webp,0.054123,1.0,0.1098192342662108
database3/database3/m.013r6h/46-FaceId-0_align.webp,0.123792,1.0,0.3252944112786829
database3/database3/m.013s1b/47-FaceId-0_align.webp,0.148289,1.0,0.208591063398435
database3/database3/m.013s1t/21-FaceId-0_align.webp,0.005317,1.0,0.1458683818138182
database3/database3/m.013s3/75-FaceId-0_align.webp,0.061568,1.0,0.2061440698781853
database3/database3/m.013s6x/6-FaceId-0_align.webp,0.031839,1.0,0.1472269056340366
database3/database3/m.013s8s/33-FaceId-0_align.webp,0.074629,0.0,0.1398432532056259
database3/database3/m.013sjh/7-FaceId-0_align.webp,0.189385,1.0,0.1960161478025209
database3/database3/m.013t9y/12-FaceId-0_align.webp,0.013435,1.0,0.206664030206698
database3/database3/m.013tjc/54-FaceId-0_align.webp,0.0,1.0,0.1868306204057599
database3/database3/m.013tjc/56-FaceId-0_align.webp,0.015964,1.0,0.144568087544713
database3/database3/m.013v12/3-FaceId-0_align.webp,0.018587,1.0,0.1419055746458398
database3/database3/m.013v12/7-FaceId-0_align.webp,0.019979,1.0,0.1405530953700132
database3/database3/m.013v5j/57-FaceId-0_align.webp,0.119854,0.0,0.1391471321630895
database3/database3/m.013vdl/109-FaceId-0_align.webp,0.167747,0.0,0.119104991062245
database3/database3/m.013vdl/32-FaceId-0_align.webp,0.021263,0.0,0.1363740938631588
database3/database3/m.013vtr/20-FaceId-0_align.webp,0.015954,1.0,0.1512661484059583
database3/database3/m.013w7j/20-FaceId-0_align.webp,0.009375,1.0,0.2161205844079519
database3/database3/m.013w7j/32-FaceId-0_align.webp,0.001151,1.0,0.160149911466287
database3/database3/m.013w7j/64-FaceId-0_align.webp,0.008592,1.0,0.2342053078285799
database3/database3/m.013w8h/4-FaceId-0_align.webp,0.094597,1.0,0.1381268432463943
database3/database3/m.013wt0/40-FaceId-1_align.webp,0.123008,0.0,0.1572954825959186
database3/database3/m.013wz9/26-FaceId-0_align.webp,0.18678,0.0,0.157447349683208
database3/database3/m.013wz9/73-FaceId-0_align.webp,0.219059,0.0,0.1627585380488518
database3/database3/m.013xhr/100-FaceId-0_align.webp,0.00219,1.0,0.1578436984882475
database3/database3/m.013xhr/23-FaceId-0_align.webp,0.015916,1.0,0.156314912217023
database3/database3/m.013xhr/24-FaceId-0_align.webp,0.064866,1.0,0.146162029368246
database3/database3/m.013xhr/33-FaceId-0_align.webp,0.013765,1.0,0.2480298450210359
database3/database3/m.013xhr/42-FaceId-0_align.webp,0.02596,1.0,0.1954820681366753
database3/database3/m.013xs1/10-FaceId-0_align.webp,0.059547,1.0,0.1153627350539401
database3/database3/m.013y2b/23-FaceId-0_align.webp,0.154363,0.0,0.1466162294382992
database3/database3/m.013y2b/32-FaceId-0_align.webp,0.092369,0.0,0.1393553276434352
database3/database3/m.013y2b/66-FaceId-0_align.webp,0.108782,0.0,0.1446526332077372
database3/database3/m.013y2s/40-FaceId-0_align.webp,0.026989,0.0,0.136485119657117
database3/database3/m.013y2s/73-FaceId-0_align.webp,0.075667,0.0,0.129057972193291
database3/database3/m.013yd0/51-FaceId-0_align.webp,0.167678,0.0,0.1509223204340969
database3/database3/m.013yd0/92-FaceId-0_align.webp,0.096098,0.0,0.1340525730810528
database3/database3/m.013ykk/37-FaceId-0_align.webp,0.042458,0.0,0.1611150309765867
database3/database3/m.013ykx/9-FaceId-0_align.webp,0.117351,0.0,0.1477529350632843
database3/database3/m.013ylm/42-FaceId-0_align.webp,0.120671,0.0,0.1591702957080676
database3/database3/m.013ylm/97-FaceId-0_align.webp,0.133134,0.0,0.1650704086059086
database3/database3/m.013yvd/37-FaceId-0_align.webp,0.027946,1.0,0.127518612718077
database3/database3/m.013yvd/75-FaceId-0_align.webp,0.027604,1.0,0.1356005669693605
database3/database3/m.013yyq/27-FaceId-0_align.webp,0.014857,1.0,0.1678801889426672
database3/database3/m.013yyq/44-FaceId-0_align.webp,0.06122,1.0,0.5696738264342595
database3/database3/m.013yyq/48-FaceId-0_align.webp,0.11735,1.0,0.1804283965935038
database3/database3/m.013zjz/16-FaceId-0_align.webp,0.071353,1.0,0.1766822348824918
database3/database3/m.013zm7/89-FaceId-0_align.webp,0.144683,1.0,0.1520301298216658
database3/database3/m.013zpf/72-FaceId-0_align.webp,0.0,0.0,0.2301027365590475
database3/database3/m.013zpf/88-FaceId-0_align.webp,0.169008,0.0,0.1514453985264231
database3/database3/m.013zr7/15-FaceId-0_align.webp,0.062795,1.0,0.1321662171927882
database3/database3/m.013zs9/83-FaceId-0_align.webp,0.33489,0.0,0.1856131101968863
database3/database3/m.013zyw/16-FaceId-0_align.webp,0.043076,1.0,0.1253958169244613
database3/database3/m.013zyw/19-FaceId-0_align.webp,0.020445,1.0,0.1149360143572764
database3/database3/m.013zyw/21-FaceId-0_align.webp,0.01715,1.0,0.1198036916608167
database3/database3/m.01400g/101-FaceId-0_align.webp,0.057026,0.0,0.1905470676882211
database3/database3/m.01400g/117-FaceId-0_align.webp,0.219786,0.0,0.201744043637475
database3/database3/m.01400g/31-FaceId-0_align.webp,0.04717,0.0,0.1487854580305308
database3/database3/m.01400g/47-FaceId-0_align.webp,0.103943,0.0,0.1502114855475525
database3/database3/m.014029/72-FaceId-0_align.webp,0.164078,0.0,0.1292017480615378
database3/database3/m.0140ly/8-FaceId-0_align.webp,0.018837,1.0,0.1301870181202132
database3/database3/m.0140v2/84-FaceId-0_align.webp,0.185102,1.0,0.267847823550123
database3/database3/m.0141qv/12-FaceId-0_align.webp,0.026897,1.0,0.1444693141620921
database3/database3/m.0142n8/3-FaceId-0_align.webp,0.193323,1.0,0.1096132482145204
database3/database3/m.0142n8/5-FaceId-0_align.webp,0.020679,1.0,0.1547272906472387
database3/database3/m.0142sv/3-FaceId-0_align.webp,0.0,1.0,0.0975871898370132
database3/database3/m.0142sv/32-FaceId-0_align.webp,0.0,1.0,0.1025853943788391
database3/database3/m.01433m/64-FaceId-0_align.webp,0.03742,0.0,0.2057978093614362
database3/database3/m.0143sn/66-FaceId-0_align.webp,0.02374,1.0,0.1522035294065354
database3/database3/m.0143wl/30-FaceId-0_align.webp,0.034923,1.0,0.1609886895698586
database3/database3/m.0143wl/81-FaceId-0_align.webp,0.051966,1.0,0.1701939688605673
database3/database3/m.014488/3-FaceId-0_align.webp,0.020128,1.0,0.1299598008014601
database3/database3/m.01449w/57-FaceId-0_align.webp,0.017199,1.0,0.2356976639722743
database3/database3/m.01449w/80-FaceId-0_align.webp,0.016942,1.0,0.1844851957233374
database3/database3/m.01449w/99-FaceId-0_align.webp,0.011762,1.0,0.2007795317981407
database3/database3/m.0144_b/77-FaceId-0_align.webp,0.037923,1.0,0.1184764275795584
database3/database3/m.0144_b/99-FaceId-0_align.webp,0.002226,1.0,0.1226598296430955
database3/database3/m.0144k5/45-FaceId-0_align.webp,0.060457,0.0,0.1455554293285797
database3/database3/m.0144k5/53-FaceId-0_align.webp,0.099321,0.0,0.1657375320717307
database3/database3/m.0144k5/58-FaceId-0_align.webp,0.088277,0.0,0.1455883599540455
database3/database3/m.0144k5/85-FaceId-0_align.webp,0.078258,0.0,0.1597200007600944
database3/database3/m.014508/74-FaceId-0_align.webp,0.033711,1.0,0.1498431182074631
database3/database3/m.0146fs/16-FaceId-0_align.webp,0.00871,1.0,0.1367839897193326
database3/database3/m.0147cn/44-FaceId-0_align.webp,0.171045,1.0,0.1559636511197222
database3/database3/m.0147cn/79-FaceId-0_align.webp,0.059428,1.0,0.1713052861773515
database3/database3/m.0147jt/99-FaceId-0_align.webp,0.019999,1.0,0.1562019393504131
database3/database3/m.0147qz/78-FaceId-0_align.webp,0.010623,1.0,0.1526991153675937
database3/database3/m.01480y/76-FaceId-0_align.webp,0.0,1.0,0.1062696760933936
database3/database3/m.0148_m/52-FaceId-0_align.webp,0.01178,1.0,0.1738582862017719
database3/database3/m.0148m9/58-FaceId-0_align.webp,0.040365,1.0,0.1258229373502513
database3/database3/m.0148qq/63-FaceId-1_align.webp,0.082134,1.0,0.2078594308884969
database3/database3/m.0148x0/17-FaceId-0_align.webp,0.195787,0.0,0.1682680730399675
database3/database3/m.014902/18-FaceId-0_align.webp,0.02167,1.0,0.1600754497773876
database3/database3/m.01491d/96-FaceId-0_align.webp,0.018562,1.0,0.1258686022172354
database3/database3/m.014936/66-FaceId-0_align.webp,0.009581,0.0,0.1556082213969802
database3/database3/m.0149k5/29-FaceId-0_align.webp,0.022158,1.0,0.1476985650559851
database3/database3/m.0149k5/81-FaceId-0_align.webp,0.042078,1.0,0.2078642806300569
database3/database3/m.0149vp/23-FaceId-0_align.webp,0.153482,1.0,0.045154148565594
database3/database3/m.0149vp/3-FaceId-0_align.webp,0.055794,1.0,0.1451766162500431
database3/database3/m.0149vp/63-FaceId-0_align.webp,0.126629,1.0,0.1631793328723075
database3/database3/m.0149wl/102-FaceId-0_align.webp,0.022928,1.0,0.1929010364613401
database3/database3/m.0149wl/45-FaceId-0_align.webp,0.024169,1.0,0.2190947969732075
database3/database3/m.0149xx/94-FaceId-0_align.webp,0.042337,1.0,0.1820882091949533
database3/database3/m.014_1g/72-FaceId-0_align.webp,0.019311,0.0,0.1532701498575726
database3/database3/m.014_1g/8-FaceId-0_align.webp,0.209769,0.0,0.1751096454448325
database3/database3/m.014_4y/6-FaceId-0_align.webp,0.048047,1.0,0.1491448235090009
database3/database3/m.014_sl/106-FaceId-0_align.webp,0.23715,0.0,0.1781341532619224
database3/database3/m.014_sl/74-FaceId-0_align.webp,0.390836,0.0,0.1473775762218201
database3/database3/m.014bn_/16-FaceId-0_align.webp,0.037637,1.0,0.1348638170180133
database3/database3/m.014bn_/85-FaceId-1_align.webp,0.012813,1.0,0.1391848741461189
database3/database3/m.014bps/75-FaceId-0_align.webp,0.000105,1.0,0.1614960022221126
database3/database3/m.014byr/85-FaceId-0_align.webp,0.140079,1.0,0.1792573434700184
database3/database3/m.014bz_/33-FaceId-0_align.webp,0.044503,1.0,0.1576169916210324
database3/database3/m.014c0y/76-FaceId-0_align.webp,0.175143,1.0,0.1557338411304291
database3/database3/m.014c40/62-FaceId-0_align.webp,0.041412,1.0,0.2034089190266148
database3/database3/m.014c40/70-FaceId-0_align.webp,0.059838,1.0,0.1442835734611757
database3/database3/m.014cq/6-FaceId-0_align.webp,0.092137,1.0,0.1387831359418712
database3/database3/m.014cq/86-FaceId-0_align.webp,0.009035,1.0,0.1576752566166825
database3/database3/m.014cw2/26-FaceId-0_align.webp,0.010138,1.0,0.1355757739300214
database3/database3/m.014cw2/50-FaceId-0_align.webp,0.006571,1.0,0.137151927424492
database3/database3/m.014d0v/117-FaceId-0_align.webp,0.00171,1.0,0.1321052488270135
database3/database3/m.014d0v/5-FaceId-0_align.webp,0.0,1.0,0.0981061394652464
database3/database3/m.014d0v/76-FaceId-0_align.webp,0.001899,1.0,0.1309791192684952
database3/database3/m.014d15/7-FaceId-0_align.webp,0.067756,1.0,0.1626402032446212
database3/database3/m.014d3/12-FaceId-0_align.webp,0.002261,1.0,0.1393467982622811
database3/database3/m.014d3/72-FaceId-0_align.webp,0.018566,1.0,0.1338307763948722
database3/database3/m.014d3y/82-FaceId-0_align.webp,0.033512,0.0,0.5324840761094443
database3/database3/m.014dg1/103-FaceId-0_align.webp,0.026524,1.0,0.140045448945274
database3/database3/m.014dg1/51-FaceId-0_align.webp,0.001679,1.0,0.1603763574301189
database3/database3/m.014dg1/65-FaceId-0_align.webp,0.0,1.0,0.1012458596337199
database3/database3/m.014dg1/7-FaceId-0_align.webp,0.01106,1.0,0.1628957883392483
database3/database3/m.014dg1/86-FaceId-0_align.webp,0.019596,1.0,0.1513295992885177
database3/database3/m.014dm6/105-FaceId-0_align.webp,0.23153,1.0,0.1585185249026456
database3/database3/m.014dy_/50-FaceId-0_align.webp,0.069776,1.0,0.10132865354319
database3/database3/m.014dy_/73-FaceId-0_align.webp,0.01239,1.0,0.1346545662801893
database3/database3/m.014f8k/25-FaceId-0_align.webp,0.24634,0.0,0.1466034301237458
database3/database3/m.014f8k/9-FaceId-0_align.webp,0.182534,0.0,0.1474344317449107
database3/database3/m.014fcb/0-FaceId-0_align.webp,0.028343,1.0,0.1493428985376048
database3/database3/m.014fd7/98-FaceId-0_align.webp,0.096652,1.0,0.1560379308294667
database3/database3/m.014g17/1-FaceId-0_align.webp,0.005705,1.0,0.1549932336580451
database3/database3/m.014g17/9-FaceId-0_align.webp,0.079641,1.0,0.2076574666992569
database3/database3/m.014g22/90-FaceId-0_align.webp,0.35161,0.0,0.1883442646203434
database3/database3/m.014g6c/86-FaceId-0_align.webp,0.02888,1.0,0.155158237034431
database3/database3/m.014g6v/43-FaceId-0_align.webp,0.001902,1.0,0.1335840405822066
database3/database3/m.014g79/86-FaceId-0_align.webp,0.049609,1.0,0.1546711459574378
database3/database3/m.014g8p/48-FaceId-0_align.webp,0.000256,1.0,0.1851880366369164
database3/database3/m.014g9y/12-FaceId-0_align.webp,0.038159,0.0,0.1580349588695432
database3/database3/m.014g_f/26-FaceId-0_align.webp,0.000817,1.0,0.0832665639981113
database3/database3/m.014g_f/35-FaceId-0_align.webp,0.001771,1.0,0.1403863381150045
database3/database3/m.014gf8/102-FaceId-0_align.webp,0.00204,1.0,0.3750629870525064
database3/database3/m.014gf8/28-FaceId-0_align.webp,0.018311,1.0,0.1218109541782862
database3/database3/m.014gf8/69-FaceId-0_align.webp,0.050273,1.0,0.1438660789393952
database3/database3/m.014gf8/9-FaceId-0_align.webp,0.034223,1.0,0.1406141868773594
database3/database3/m.014gsd/79-FaceId-0_align.webp,0.118598,1.0,0.1696718725441574
database3/database3/m.014h_s/80-FaceId-0_align.webp,0.173494,0.0,0.1626756624348775
database3/database3/m.014hlm/54-FaceId-0_align.webp,0.078394,0.0,0.1459289370705256
database3/database3/m.014hmv/53-FaceId-1_align.webp,0.0,1.0,0.1431001252037139
database3/database3/m.014j8m/72-FaceId-0_align.webp,0.0057,1.0,0.1577679427096239
database3/database3/m.014jb8/10-FaceId-0_align.webp,0.009911,1.0,0.2372274097438765
database3/database3/m.014jk0/16-FaceId-0_align.webp,0.026202,1.0,0.2094160543567687
database3/database3/m.014jk0/61-FaceId-0_align.webp,0.011335,1.0,0.3903981870885491
database3/database3/m.014jk0/74-FaceId-0_align.webp,0.003357,1.0,0.2736928623960389
database3/database3/m.014jxq/20-FaceId-0_align.webp,0.165895,0.0,0.165745321610322
database3/database3/m.014jxq/43-FaceId-0_align.webp,0.136492,0.0,0.1226832643470832
database3/database3/m.014jy6/23-FaceId-0_align.webp,0.150311,1.0,0.248488103104996
database3/database3/m.014jy6/50-FaceId-0_align.webp,0.042148,1.0,0.1438454316053251
database3/database3/m.014jy6/97-FaceId-0_align.webp,0.061362,1.0,0.2122102323310439
database3/database3/m.014k1v/95-FaceId-3_align.webp,0.133686,1.0,0.1932169297003946
database3/database3/m.014k2p/25-FaceId-0_align.webp,0.315824,1.0,0.1745937798958273
database3/database3/m.014kbz/16-FaceId-0_align.webp,0.028027,1.0,0.1467682255948725
database3/database3/m.014kbz/22-FaceId-0_align.webp,0.028933,1.0,0.1527156685016389
database3/database3/m.014kbz/81-FaceId-0_align.webp,0.006506,1.0,0.1550081824525292
database3/database3/m.014kxv/1-FaceId-0_align.webp,0.013313,1.0,0.1339483381477208
database3/database3/m.014kxv/11-FaceId-0_align.webp,0.053384,1.0,0.1152653764590289
database3/database3/m.014lb1/14-FaceId-2_align.webp,0.000111,0.0,0.1181888265560747
database3/database3/m.014lb1/47-FaceId-0_align.webp,0.167631,0.0,0.1470367144649162
database3/database3/m.014lb1/62-FaceId-1_align.webp,0.053145,0.0,0.138079822728336
database3/database3/m.014lyb/65-FaceId-0_align.webp,0.056831,1.0,0.1412718228358824
database3/database3/m.014m_1/70-FaceId-0_align.webp,0.018552,1.0,0.1411241751420288
database3/database3/m.014mvy/17-FaceId-0_align.webp,0.196734,1.0,0.2090858800760842
database3/database3/m.014mvy/58-FaceId-0_align.webp,0.218895,1.0,0.2181697962654279
database3/database3/m.014n_k/48-FaceId-0_align.webp,0.006557,1.0,0.1498234754557414
database3/database3/m.014n_k/70-FaceId-0_align.webp,0.029858,1.0,0.1376854902427396
database3/database3/m.014nfw/87-FaceId-0_align.webp,0.123499,0.0,0.1472868989494782
database3/database3/m.014p33/83-FaceId-2_align.webp,0.084076,0.0,0.1335729547718986
database3/database3/m.014p33/87-FaceId-0_align.webp,0.07546,0.0,0.1448249872601347
database3/database3/m.014ptb/14-FaceId-1_align.webp,0.016295,1.0,0.1747526731175946
database3/database3/m.014ptb/5-FaceId-0_align.webp,0.001038,1.0,0.2132312813550254
database3/database3/m.014ptb/50-FaceId-0_align.webp,0.185526,1.0,0.1353820497238115
database3/database3/m.014pxk/118-FaceId-0_align.webp,0.227914,1.0,0.1958654805172267
database3/database3/m.014pys/19-FaceId-0_align.webp,0.047245,1.0,0.2192822746142644
database3/database3/m.014pzz/110-FaceId-0_align.webp,0.13041,0.0,0.1422050863179705
database3/database3/m.014qjt/47-FaceId-0_align.webp,0.002851,1.0,0.1536472674158179
database3/database3/m.014r6r/81-FaceId-0_align.webp,0.091441,0.0,0.1320753531024736
database3/database3/m.014s81/3-FaceId-0_align.webp,0.077926,1.0,0.152810672352203
database3/database3/m.014sj7/7-FaceId-0_align.webp,0.074577,1.0,0.1758108571544617
database3/database3/m.014skb/4-FaceId-0_align.webp,0.096076,0.0,0.1487277375294197
database3/database3/m.014skb/53-FaceId-0_align.webp,0.075066,0.0,0.1415909201853191
database3/database3/m.014skb/55-FaceId-0_align.webp,0.080414,0.0,0.1515332401211963
database3/database3/m.014v1q/8-FaceId-1_align.webp,0.038359,1.0,0.1717541379495173
database3/database3/m.014v6x/16-FaceId-0_align.webp,0.159906,0.0,0.1435422802335781
database3/database3/m.014v6x/20-FaceId-0_align.webp,0.306955,0.0,0.1632300006127224
database3/database3/m.014v6x/88-FaceId-0_align.webp,0.075191,0.0,0.1286003734004855
database3/database3/m.014vbq/60-FaceId-0_align.webp,0.005701,1.0,0.2199168381283235
database3/database3/m.014vnb/46-FaceId-0_align.webp,0.027126,1.0,0.1387179725501012
database3/database3/m.014vnb/51-FaceId-0_align.webp,0.043084,1.0,0.1324660417948155
database3/database3/m.014vtj/100-FaceId-0_align.webp,0.000679,1.0,0.1461326373659049
database3/database3/m.014wsb/38-FaceId-0_align.webp,0.106862,1.0,0.146550379364743
database3/database3/m.014x0w/28-FaceId-0_align.webp,0.353028,0.0,0.3085800651565874
database3/database3/m.014x0w/74-FaceId-0_align.webp,0.177523,0.0,0.151853252322191
database3/database3/m.014x0w/96-FaceId-0_align.webp,0.217684,0.0,0.1660896933727396
database3/database3/m.014xn7/100-FaceId-0_align.webp,0.007084,1.0,0.1138346759101119
database3/database3/m.014xn7/42-FaceId-0_align.webp,0.003105,1.0,0.1258427702846438
database3/database3/m.014xr2/5-FaceId-0_align.webp,0.387134,0.0,0.2249128307650109
database3/database3/m.014xr2/87-FaceId-0_align.webp,0.341771,0.0,0.1881043186191097
database3/database3/m.014xzx/93-FaceId-0_align.webp,0.351892,1.0,0.1904686159983822
database3/database3/m.014y6/74-FaceId-0_align.webp,0.012495,1.0,0.1454735656358503
database3/database3/m.014y6/95-FaceId-0_align.webp,0.006882,1.0,0.159845754170036
database3/database3/m.014y7g/1-FaceId-0_align.webp,0.005692,1.0,0.1328976003370439
database3/database3/m.014z8v/77-FaceId-0_align.webp,0.004141,1.0,0.1376680619290561
database3/database3/m.014zfs/76-FaceId-0_align.webp,0.024924,1.0,0.1345650681137083
database3/database3/m.014zxh/99-FaceId-0_align.webp,0.008633,1.0,0.2601202353576033
database3/database3/m.014zy/105-FaceId-0_align.webp,0.175949,1.0,0.1954415902035349
database3/database3/m.014zy/22-FaceId-0_align.webp,0.048224,1.0,0.1743960481890015
database3/database3/m.014zy/56-FaceId-0_align.webp,0.135716,1.0,0.2619785147715043
database3/database3/m.015076/99-FaceId-0_align.webp,0.0064,1.0,0.2122096288080076
database3/database3/m.01507p/0-FaceId-0_align.webp,0.067522,1.0,0.1600797392936966
database3/database3/m.01509x/60-FaceId-0_align.webp,0.015557,1.0,0.1533264320774092
database3/database3/m.0150bp/103-FaceId-0_align.webp,0.041675,0.0,0.1295553881277287
database3/database3/m.0150j5/31-FaceId-0_align.webp,0.003889,1.0,0.1136278686942102
database3/database3/m.0150j5/4-FaceId-0_align.webp,0.006229,1.0,0.1299374673347623
database3/database3/m.0150j5/71-FaceId-0_align.webp,0.062123,1.0,0.1369513296632785
database3/database3/m.0150j5/81-FaceId-0_align.webp,0.001136,1.0,0.0928857483270692
database3/database3/m.0150j5/86-FaceId-0_align.webp,0.002669,1.0,0.1236846461926127
database3/database3/m.0150m1/111-FaceId-0_align.webp,0.023781,1.0,0.1751093965558944
database3/database3/m.0150m1/13-FaceId-0_align.webp,0.071346,1.0,0.1539592772606605
database3/database3/m.0150mg/0-FaceId-0_align.webp,0.057671,1.0,0.2575769043168078
database3/database3/m.0150mg/69-FaceId-0_align.webp,0.220147,1.0,0.1726135295509181
database3/database3/m.0150mg/88-FaceId-0_align.webp,0.14546,1.0,0.1611212080296864
database3/database3/m.0150mg/97-FaceId-0_align.webp,0.078806,1.0,0.1624265409218538
database3/database3/m.0150rl/42-FaceId-0_align.webp,0.016396,0.0,0.125602146041758
database3/database3/m.0150t6/36-FaceId-0_align.webp,0.017669,1.0,0.1329458558617155
database3/database3/m.0150t6/41-FaceId-0_align.webp,0.022058,1.0,0.1241309400761294
database3/database3/m.0150t6/63-FaceId-0_align.webp,0.015119,1.0,0.1473118192924321
database3/database3/m.01519n/21-FaceId-0_align.webp,0.389316,0.0,0.2184965530214163
database3/database3/m.01519n/69-FaceId-0_align.webp,0.017235,0.0,0.1600503461475844
database3/database3/m.0151fv/54-FaceId-0_align.webp,0.017876,0.0,0.1272668763934259
database3/database3/m.0151fv/90-FaceId-0_align.webp,0.296844,0.0,0.1721917540639434
database3/database3/m.0151fv/94-FaceId-0_align.webp,0.121468,0.0,0.203539166481081
database3/database3/m.0151n1/16-FaceId-0_align.webp,0.044648,1.0,0.1521530689953715
database3/database3/m.0151n1/26-FaceId-0_align.webp,0.101903,1.0,0.1685542674886587
database3/database3/m.0151n1/29-FaceId-0_align.webp,0.049938,1.0,0.1815925346876007
database3/database3/m.0151n1/36-FaceId-0_align.webp,0.038201,1.0,0.166556019535278
database3/database3/m.0151n1/53-FaceId-0_align.webp,0.021607,1.0,0.1865085902307622
database3/database3/m.0151p8/29-FaceId-0_align.webp,0.003452,1.0,0.1131160375169729
database3/database3/m.0151xv/30-FaceId-0_align.webp,0.007121,1.0,0.1511714973074529
database3/database3/m.0151xv/44-FaceId-0_align.webp,0.021629,1.0,0.151620066851791
database3/database3/m.0151xv/88-FaceId-0_align.webp,0.006779,1.0,0.1648681094221079
database3/database3/m.0151zx/92-FaceId-0_align.webp,0.043036,1.0,0.1877433388031497
database3/database3/m.0152cw/42-FaceId-0_align.webp,0.083199,0.0,0.1449635022449145
database3/database3/m.0152xn/72-FaceId-0_align.webp,0.043462,1.0,0.1741142861255998
database3/database3/m.015302/4-FaceId-0_align.webp,0.000416,1.0,0.1171884220972525
database3/database3/m.0153dp/1-FaceId-0_align.webp,0.039324,1.0,0.1537094097115736
database3/database3/m.0153dp/88-FaceId-0_align.webp,0.057869,1.0,0.1279130923786001
database3/database3/m.0153vt/1-FaceId-0_align.webp,0.335303,1.0,0.1550138276703545
database3/database3/m.0153vt/81-FaceId-0_align.webp,0.087285,1.0,0.1708081250475014
database3/database3/m.0153y1/16-FaceId-0_align.webp,0.166114,0.0,0.1556745981900671
database3/database3/m.01541z/117-FaceId-0_align.webp,0.111734,0.0,0.1441915047791863
database3/database3/m.01547g/3-FaceId-0_align.webp,0.153164,0.0,0.1521983020858202
database3/database3/m.01547g/73-FaceId-0_align.webp,0.246081,0.0,0.1497935953553575
database3/database3/m.0154d7/52-FaceId-0_align.webp,0.115018,1.0,0.1687896225657057
database3/database3/m.0154ff/10-FaceId-0_align.webp,0.121913,0.0,0.1390784101972037
database3/database3/m.0154hr/101-FaceId-0_align.webp,0.090433,0.0,0.164670444739544
database3/database3/m.0154hr/109-FaceId-0_align.webp,0.038439,0.0,0.1725373539239363
database3/database3/m.0154hr/18-FaceId-0_align.webp,0.07836,0.0,0.1866476372099472
database3/database3/m.0154hr/28-FaceId-0_align.webp,0.045785,0.0,0.1470739881348057
database3/database3/m.0154s9/24-FaceId-0_align.webp,0.052837,1.0,0.1321185538725058
database3/database3/m.0154x6/57-FaceId-0_align.webp,0.061779,0.0,0.1408454370505175
database3/database3/m.01552j/40-FaceId-0_align.webp,0.017747,1.0,0.1338188307861519
database3/database3/m.01558d/79-FaceId-0_align.webp,0.014812,1.0,0.0993489238596462
database3/database3/m.01558d/8-FaceId-0_align.webp,0.124089,1.0,0.1288012044676881
database3/database3/m.0155zp/26-FaceId-0_align.webp,0.000547,1.0,0.1329831438773462
database3/database3/m.0155zp/7-FaceId-0_align.webp,0.015991,1.0,0.1383592468090891
database3/database3/m.0155zp/79-FaceId-0_align.webp,0.02849,1.0,0.1853930563118405
database3/database3/m.0155zp/88-FaceId-0_align.webp,0.072148,1.0,0.1463532614012916
database3/database3/m.0156dg/11-FaceId-0_align.webp,0.153809,0.0,0.1817136496964861
database3/database3/m.0156dg/2-FaceId-0_align.webp,0.144571,0.0,0.1910745319959325
database3/database3/m.0156y1/31-FaceId-0_align.webp,0.047284,1.0,0.1452647136312753
database3/database3/m.01574b/45-FaceId-0_align.webp,0.070647,0.0,0.1595756672129974
database3/database3/m.015796/86-FaceId-0_align.webp,0.081944,0.0,0.1532462768858623
database3/database3/m.0157m/20-FaceId-0_align.webp,0.028257,1.0,0.1173204718293636
database3/database3/m.0157m/24-FaceId-0_align.webp,0.028454,1.0,0.1321914250440107
database3/database3/m.0157m/25-FaceId-0_align.webp,0.020124,1.0,0.1310816388602146
database3/database3/m.0157m/73-FaceId-0_align.webp,0.033963,1.0,0.1491155300037729
database3/database3/m.0157r6/22-FaceId-1_align.webp,0.0,1.0,0.1924200160952989
database3/database3/m.0157ry/29-FaceId-0_align.webp,0.027582,1.0,0.1502296063767508
database3/database3/m.015882/17-FaceId-0_align.webp,0.396178,0.0,0.1686471779945138
database3/database3/m.015882/20-FaceId-0_align.webp,0.380878,0.0,0.1859774914076223
database3/database3/m.015882/75-FaceId-0_align.webp,0.386665,0.0,0.191228170846495
database3/database3/m.0158r2/73-FaceId-0_align.webp,0.173377,0.0,0.1505926066003128
database3/database3/m.01598m/79-FaceId-0_align.webp,0.475474,0.0,0.1838274444917071
database3/database3/m.0159wm/104-FaceId-0_align.webp,0.007308,1.0,0.1026116050031938
database3/database3/m.0159wm/9-FaceId-0_align.webp,0.002891,1.0,0.0884851204549757
database3/database3/m.015_44/31-FaceId-0_align.webp,0.062168,0.0,0.1371630635846348
database3/database3/m.015_44/64-FaceId-0_align.webp,0.356589,0.0,0.2012418346101718
database3/database3/m.015_44/84-FaceId-0_align.webp,0.3229,0.0,0.2020022723699747
database3/database3/m.015b67/34-FaceId-0_align.webp,0.034996,1.0,0.1394388463690281
database3/database3/m.015bhj/103-FaceId-1_align.webp,0.041754,1.0,0.0
database3/database3/m.015bhj/70-FaceId-0_align.webp,0.00385,1.0,0.135603377665855
database3/database3/m.015bnf/68-FaceId-0_align.webp,0.066968,0.0,0.1455498032044865
database3/database3/m.015brk/18-FaceId-0_align.webp,0.023166,1.0,0.1531711405137001
database3/database3/m.015bw2/110-FaceId-0_align.webp,0.01319,1.0,0.1463694429518197
database3/database3/m.015bw2/40-FaceId-0_align.webp,0.013047,1.0,0.1646081010256007
database3/database3/m.015bw2/68-FaceId-0_align.webp,0.00956,1.0,0.1649811301116828
database3/database3/m.015c2f/3-FaceId-0_align.webp,0.072717,0.0,0.1403215238631036
database3/database3/m.015c2f/47-FaceId-0_align.webp,0.01548,0.0,0.1579680314063239
database3/database3/m.015c2f/49-FaceId-0_align.webp,0.031524,0.0,0.151695157024993
database3/database3/m.015c2f/8-FaceId-0_align.webp,0.126031,0.0,0.15611442812336
database3/database3/m.015c4g/7-FaceId-0_align.webp,0.000573,1.0,0.1370450422685399
database3/database3/m.015c4g/83-FaceId-0_align.webp,0.000391,1.0,0.1196149600019846
database3/database3/m.015cyn/17-FaceId-0_align.webp,0.046212,1.0,0.1414013939101739
database3/database3/m.015cyn/5-FaceId-0_align.webp,0.152464,1.0,0.1193113744698554
database3/database3/m.015czg/24-FaceId-0_align.webp,0.141052,1.0,0.154038683825807
database3/database3/m.015d2r/66-FaceId-0_align.webp,0.064087,1.0,0.2785802903654722
database3/database3/m.015d2r/86-FaceId-0_align.webp,0.029999,1.0,0.1474855384946681
database3/database3/m.015dcj/83-FaceId-0_align.webp,0.023385,1.0,0.1554408522551346
database3/database3/m.015dgg/80-FaceId-0_align.webp,0.001775,1.0,0.164892504290414
database3/database3/m.015djp/24-FaceId-0_align.webp,0.0,1.0,0.1137833111477489
database3/database3/m.015djp/27-FaceId-0_align.webp,0.037685,1.0,0.1534274440082351
database3/database3/m.015dk3/22-FaceId-0_align.webp,0.027592,1.0,0.120742692052589
database3/database3/m.015dnt/38-FaceId-0_align.webp,0.001692,1.0,0.1642152831908939
database3/database3/m.015dnt/42-FaceId-1_align.webp,0.102539,1.0,0.0936348073728821
database3/database3/m.015dqj/29-FaceId-0_align.webp,0.034796,1.0,0.1499899074669815
database3/database3/m.015dsz/54-FaceId-1_align.webp,0.002756,1.0,0.1228171962351658
database3/database3/m.015dx/106-FaceId-0_align.webp,0.065832,0.0,0.1467951646599236
database3/database3/m.015dx/112-FaceId-0_align.webp,0.282009,0.0,0.1601695474097278
database3/database3/m.015dx/117-FaceId-0_align.webp,0.154935,0.0,0.1309091468644408
database3/database3/m.015dx/16-FaceId-0_align.webp,0.065933,0.0,0.1600607063180302
database3/database3/m.015dx/75-FaceId-0_align.webp,0.127561,0.0,0.1701760271463467
database3/database3/m.015dz8/51-FaceId-0_align.webp,0.051527,1.0,0.1474550109384668
database3/database3/m.015f6_/9-FaceId-0_align.webp,0.050822,1.0,0.153593579313478
database3/database3/m.015fxn/110-FaceId-1_align.webp,0.050721,0.0,0.1411809257019368
database3/database3/m.015fyd/19-FaceId-0_align.webp,0.055834,0.0,0.1483868160781048
database3/database3/m.015g36/86-FaceId-0_align.webp,0.010069,0.0,0.1405865120460153
database3/database3/m.015g98/4-FaceId-0_align.webp,0.031227,1.0,0.1665398015185717
database3/database3/m.015g_7/108-FaceId-0_align.webp,0.075445,1.0,0.1454860925204738
database3/database3/m.015ghl/29-FaceId-0_align.webp,0.035495,0.0,0.1404574871183738
database3/database3/m.015ghl/58-FaceId-0_align.webp,0.114793,0.0,0.113950043679152
database3/database3/m.015ghl/7-FaceId-0_align.webp,0.022651,0.0,0.1259615285496939
database3/database3/m.015gjr/36-FaceId-0_align.webp,0.054888,1.0,0.1460671402890914
database3/database3/m.015gjr/40-FaceId-0_align.webp,0.045893,1.0,0.1214039950522999
database3/database3/m.015gjr/84-FaceId-0_align.webp,0.042274,1.0,0.2480759998801087
database3/database3/m.015gqm/96-FaceId-1_align.webp,0.236979,1.0,0.1797444723665991
database3/database3/m.015grj/83-FaceId-0_align.webp,0.0,1.0,0.1180741314419139
database3/database3/m.015grj/95-FaceId-0_align.webp,0.006074,1.0,0.1109187390743659
database3/database3/m.015grj/98-FaceId-0_align.webp,0.00126,1.0,0.0933151390027762
database3/database3/m.015gsv/100-FaceId-0_align.webp,0.087077,1.0,0.1667959313374508
database3/database3/m.015gsv/72-FaceId-0_align.webp,0.017745,1.0,0.144595681782977
database3/database3/m.015gx1/70-FaceId-0_align.webp,0.056653,1.0,0.1462226032427009
database3/database3/m.015gy7/28-FaceId-0_align.webp,0.011386,1.0,0.1589751781053405
database3/database3/m.015gzc/94-FaceId-0_align.webp,0.077714,1.0,0.1456537537885184
database3/database3/m.015h25/3-FaceId-0_align.webp,0.001481,1.0,0.1117469382951843
database3/database3/m.015h7y/30-FaceId-0_align.webp,0.014431,1.0,0.1555431438495836
database3/database3/m.015htz/46-FaceId-0_align.webp,0.135648,0.0,0.14547425546741
database3/database3/m.015j58/58-FaceId-0_align.webp,0.016994,1.0,0.1452916705828646
database3/database3/m.015j6h/20-FaceId-0_align.webp,0.005265,1.0,0.154391889745218
database3/database3/m.015j6h/37-FaceId-0_align.webp,0.094841,1.0,0.179843369725006
database3/database3/m.015j6y/47-FaceId-0_align.webp,0.10488,0.0,0.1790443012489271
database3/database3/m.015j6y/5-FaceId-0_align.webp,0.085053,0.0,0.1401097692893976
database3/database3/m.015j6y/73-FaceId-1_align.webp,0.12413,0.0,0.1497062524377664
database3/database3/m.015j8x/17-FaceId-0_align.webp,0.049084,1.0,0.1603103785035969
database3/database3/m.015j8x/42-FaceId-0_align.webp,0.021866,1.0,0.2130085000380986
database3/database3/m.015jjw/46-FaceId-0_align.webp,0.068702,1.0,0.1960686081141145
database3/database3/m.015jjw/69-FaceId-0_align.webp,0.113403,1.0,0.2057715050726131
database3/database3/m.015jvm/105-FaceId-0_align.webp,0.006549,1.0,0.1271602136639258
database3/database3/m.015jvm/32-FaceId-0_align.webp,0.01088,1.0,0.1219057169931587
database3/database3/m.015jvm/85-FaceId-0_align.webp,0.111985,1.0,0.1763740525118142
database3/database3/m.015k04/104-FaceId-0_align.webp,0.087765,0.0,0.1267444087644605
database3/database3/m.015k04/33-FaceId-0_align.webp,0.019732,0.0,0.1535521935054719
database3/database3/m.015k04/68-FaceId-0_align.webp,0.032064,0.0,0.1487465146637192
database3/database3/m.015k9x/19-FaceId-0_align.webp,0.079615,0.0,0.1459210647538578
database3/database3/m.015k9x/84-FaceId-0_align.webp,0.154994,0.0,0.5672200969706698
database3/database3/m.015kbd/21-FaceId-0_align.webp,0.030994,1.0,0.1231223246448466
database3/database3/m.015kbd/80-FaceId-0_align.webp,0.061754,1.0,0.3091063031928722
database3/database3/m.015khm/4-FaceId-0_align.webp,0.027803,1.0,0.0991440383370827
database3/database3/m.015klf/75-FaceId-0_align.webp,0.0,1.0,0.1030573999106585
database3/database3/m.015ksl/24-FaceId-0_align.webp,0.23069,1.0,0.1457303724708763
database3/database3/m.015ksl/26-FaceId-1_align.webp,0.043132,1.0,0.2945321274075427
database3/database3/m.015ksl/31-FaceId-0_align.webp,0.096817,1.0,0.1478339504972949
database3/database3/m.015ksl/72-FaceId-0_align.webp,0.014945,1.0,0.1467628723439304
database3/database3/m.015ksy/70-FaceId-0_align.webp,0.064697,1.0,0.1380057763298123
database3/database3/m.015ksy/90-FaceId-0_align.webp,0.039383,1.0,0.1381472217471069
database3/database3/m.015kt_/7-FaceId-0_align.webp,0.084368,1.0,0.127875743540168
database3/database3/m.015l1l/126-FaceId-0_align.webp,0.0,1.0,0.0913914938270965
database3/database3/m.015l51/58-FaceId-0_align.webp,0.077217,1.0,0.1280823862161098
database3/database3/m.015lg2/3-FaceId-0_align.webp,0.081487,1.0,0.2516957852833403
database3/database3/m.015m2c/35-FaceId-0_align.webp,0.111821,0.0,0.2352864853945724
database3/database3/m.015m2c/62-FaceId-0_align.webp,0.107098,0.0,0.2214886308827337
database3/database3/m.015m2c/96-FaceId-0_align.webp,0.077293,0.0,0.236862970097934
database3/database3/m.015m2v/50-FaceId-0_align.webp,0.014038,1.0,0.1313248129729206
database3/database3/m.015m_9/103-FaceId-0_align.webp,0.203457,0.0,0.1876335832961572
database3/database3/m.015m_9/23-FaceId-0_align.webp,0.194385,0.0,0.1465995292975694
database3/database3/m.015mfy/124-FaceId-0_align.webp,0.011509,1.0,0.222136747797741
database3/database3/m.015mfy/44-FaceId-0_align.webp,0.015486,1.0,0.2347280213818794
database3/database3/m.015ncq/12-FaceId-0_align.webp,0.097302,0.0,0.1495010025510618
database3/database3/m.015ncq/15-FaceId-0_align.webp,0.108176,0.0,0.1506575578867006
database3/database3/m.015ncq/43-FaceId-0_align.webp,0.173231,0.0,0.2064889952073609
database3/database3/m.015nr6/10-FaceId-0_align.webp,0.135309,0.0,0.1315532585090589
database3/database3/m.015nxw/46-FaceId-0_align.webp,0.033616,1.0,0.1488376420088429
database3/database3/m.015nz8/33-FaceId-0_align.webp,0.258768,1.0,0.1471887844325179
database3/database3/m.015p0c/3-FaceId-0_align.webp,0.047687,1.0,0.1248277387038364
database3/database3/m.015p37/5-FaceId-0_align.webp,0.024022,0.0,0.2529904843719368
database3/database3/m.015p3p/83-FaceId-3_align.webp,0.095309,1.0,0.2024271787828612
database3/database3/m.015p_p/4-FaceId-0_align.webp,0.041582,1.0,0.2530400900848106
database3/database3/m.015ph6/52-FaceId-0_align.webp,0.019715,1.0,0.1357579868289491
database3/database3/m.015ph6/9-FaceId-0_align.webp,0.017184,1.0,0.1117534524088167
database3/database3/m.015phm/91-FaceId-0_align.webp,0.017375,1.0,0.1088504882534284
database3/database3/m.015pqq/24-FaceId-0_align.webp,0.179784,0.0,0.1520546815150111
database3/database3/m.015pqq/66-FaceId-0_align.webp,0.136121,0.0,0.2239437637431063
database3/database3/m.015pqq/87-FaceId-0_align.webp,0.018013,0.0,0.1571837435349515
database3/database3/m.015pt7/51-FaceId-0_align.webp,0.127322,1.0,0.1777739514796227
database3/database3/m.015pt7/58-FaceId-0_align.webp,0.035197,1.0,0.1378909612140792
database3/database3/m.015pt7/60-FaceId-0_align.webp,0.049196,1.0,0.2026120829853033
database3/database3/m.015pvh/112-FaceId-0_align.webp,0.330281,0.0,0.1739347740986954
database3/database3/m.015px7/44-FaceId-0_align.webp,0.034165,1.0,0.1378957608253177
database3/database3/m.015px7/91-FaceId-0_align.webp,0.015722,1.0,0.1634296269901315
database3/database3/m.015pxr/76-FaceId-0_align.webp,0.013737,1.0,0.1401917616273297
database3/database3/m.015pxr/85-FaceId-0_align.webp,0.04711,1.0,0.1592997403664537
database3/database3/m.015pz3/26-FaceId-0_align.webp,0.029214,1.0,0.1539880964924967
database3/database3/m.015q3m/88-FaceId-0_align.webp,0.02977,1.0,0.1154836208600914
database3/database3/m.015q43/44-FaceId-0_align.webp,0.14431,0.0,0.16261675074337
database3/database3/m.015q43/83-FaceId-0_align.webp,0.202776,0.0,0.1813164600872243
database3/database3/m.015q7v/66-FaceId-0_align.webp,0.123951,1.0,0.1582280511757512
database3/database3/m.015q7v/70-FaceId-0_align.webp,0.084162,1.0,0.1575380664720618
database3/database3/m.015q7v/74-FaceId-0_align.webp,0.166774,1.0,0.2582615921676432
database3/database3/m.015q7v/95-FaceId-0_align.webp,0.114436,1.0,0.1380714315090058
database3/database3/m.015q9_/38-FaceId-0_align.webp,0.073529,1.0,0.1643105391960106
database3/database3/m.015q9_/55-FaceId-0_align.webp,0.228226,1.0,0.163909205421882
database3/database3/m.015qgb/80-FaceId-0_align.webp,0.240744,0.0,0.1942676900376227
database3/database3/m.015ql4/49-FaceId-0_align.webp,0.010843,1.0,0.1405688288814477
database3/database3/m.015ql_/79-FaceId-0_align.webp,0.076307,0.0,0.165254029644076
database3/database3/m.015qlm/10-FaceId-0_align.webp,0.050821,0.0,0.1562713157106746
database3/database3/m.015qlm/70-FaceId-0_align.webp,0.030997,0.0,0.1560431838507838
database3/database3/m.015qpn/63-FaceId-0_align.webp,0.366396,1.0,0.1214032352329454
database3/database3/m.015qq1/36-FaceId-0_align.webp,0.022633,1.0,0.1270444289955726
database3/database3/m.015qty/73-FaceId-0_align.webp,0.019129,1.0,0.1215002391623089
database3/database3/m.015qty/74-FaceId-0_align.webp,0.007618,1.0,0.1404996597009256
database3/database3/m.015qv9/29-FaceId-0_align.webp,0.006101,1.0,0.1460042360012648
database3/database3/m.015qxn/75-FaceId-0_align.webp,0.029389,1.0,0.1173856520378547
database3/database3/m.015qxn/81-FaceId-0_align.webp,0.000968,1.0,0.1912921762263487
database3/database3/m.015qyf/14-FaceId-0_align.webp,0.032701,1.0,0.1514322199789045
database3/database3/m.015qzv/12-FaceId-0_align.webp,0.03298,1.0,0.2445854855336723
database3/database3/m.015qzv/45-FaceId-0_align.webp,0.048204,1.0,0.2266041625310937
database3/database3/m.015qzv/55-FaceId-0_align.webp,0.094832,1.0,0.2852142320280783
database3/database3/m.015qzv/57-FaceId-0_align.webp,0.068867,1.0,0.1702418074861853
database3/database3/m.015r3q/35-FaceId-0_align.webp,0.001755,1.0,0.2323774871276496
database3/database3/m.015r4v/28-FaceId-0_align.webp,0.015627,1.0,0.1613238414139975
database3/database3/m.015rhv/21-FaceId-0_align.webp,0.274759,1.0,0.2149510166615904
database3/database3/m.015rmq/88-FaceId-0_align.webp,0.016982,1.0,0.1339362744720421
database3/database3/m.015t_m/31-FaceId-0_align.webp,0.0851,1.0,0.0918053686321944
database3/database3/m.015thk/1-FaceId-0_align.webp,0.117609,1.0,0.1421729748672408
database3/database3/m.015thk/47-FaceId-0_align.webp,0.223814,1.0,0.2113801142127192
database3/database3/m.015thk/89-FaceId-0_align.webp,0.010677,1.0,0.2333550149148438
database3/database3/m.015tp7/25-FaceId-0_align.webp,0.089928,1.0,0.1519796133129414
database3/database3/m.015tp7/4-FaceId-0_align.webp,0.078982,1.0,0.1576736277269878
database3/database3/m.015tv5/22-FaceId-0_align.webp,0.009031,1.0,0.1444047641157501
database3/database3/m.015tv5/54-FaceId-0_align.webp,0.027498,1.0,0.1454089281365624
database3/database3/m.015tyq/50-FaceId-0_align.webp,0.029346,1.0,0.1817284477106766
database3/database3/m.015tyq/63-FaceId-0_align.webp,0.05956,1.0,0.2499972473969093
database3/database3/m.015v98/49-FaceId-0_align.webp,0.062142,0.0,0.1610665845577046
database3/database3/m.015v98/79-FaceId-0_align.webp,0.070144,0.0,0.1588259885808156
database3/database3/m.015vql/63-FaceId-0_align.webp,0.02634,1.0,0.1611824026017206
database3/database3/m.015vyh/54-FaceId-0_align.webp,0.020372,1.0,0.1402568970584567
database3/database3/m.015wfg/59-FaceId-0_align.webp,0.021245,1.0,0.1536653724394295
database3/database3/m.015wfy/41-FaceId-0_align.webp,0.10115,1.0,0.1351985240994303
database3/database3/m.015wfy/43-FaceId-0_align.webp,0.000923,1.0,0.2095150211751629
database3/database3/m.015wfy/78-FaceId-0_align.webp,0.064575,1.0,0.2365542399946058
database3/database3/m.015wfy/91-FaceId-0_align.webp,0.156,1.0,0.2205828253727896
database3/database3/m.015wgw/16-FaceId-0_align.webp,0.030553,1.0,0.1346669967846962
database3/database3/m.015wgw/5-FaceId-0_align.webp,0.079937,1.0,0.1538598384888361
database3/database3/m.015wkb/94-FaceId-0_align.webp,0.010721,1.0,0.1330145337389358
database3/database3/m.015x3n/93-FaceId-0_align.webp,0.0,0.0,0.4556581806706907
database3/database3/m.015x63/126-FaceId-0_align.webp,0.077609,0.0,0.1583323820036634
database3/database3/m.015xnd/46-FaceId-0_align.webp,0.021854,1.0,0.1917694226555663
database3/database3/m.015xnd/72-FaceId-0_align.webp,0.171432,1.0,0.270526030481031
database3/database3/m.015xsn/17-FaceId-0_align.webp,0.021828,1.0,0.1916328198521782
database3/database3/m.015xww/31-FaceId-0_align.webp,0.075773,1.0,0.1310236079063979
database3/database3/m.015xys/54-FaceId-0_align.webp,0.054138,1.0,0.1223979723857321
database3/database3/m.015y4c/42-FaceId-0_align.webp,0.097688,1.0,0.1146972788384637
database3/database3/m.015y4c/72-FaceId-0_align.webp,0.027368,1.0,0.1381350316962956
database3/database3/m.015y4c/79-FaceId-0_align.webp,0.010835,1.0,0.1195568565985342
database3/database3/m.015yb0/108-FaceId-0_align.webp,0.073526,1.0,0.1260026279606323
database3/database3/m.015ybz/5-FaceId-0_align.webp,0.004767,1.0,0.3026152580034362
database3/database3/m.015yg9/69-FaceId-0_align.webp,0.021682,1.0,0.1849513402103705
database3/database3/m.015ykr/19-FaceId-0_align.webp,0.078311,0.0,0.1464288824218795
database3/database3/m.015ykr/9-FaceId-0_align.webp,0.026904,0.0,0.1199341507842338
database3/database3/m.015z4j/106-FaceId-1_align.webp,0.203863,0.0,0.1681087792948881
database3/database3/m.015z4j/30-FaceId-0_align.webp,0.022438,0.0,0.1410830157686435
database3/database3/m.015zj4/3-FaceId-0_align.webp,0.026859,1.0,0.2002681696675181
database3/database3/m.015zjx/34-FaceId-0_align.webp,0.188292,1.0,0.1576584776623132
database3/database3/m.015zm4/92-FaceId-0_align.webp,0.019768,1.0,0.215034944062209
database3/database3/m.015zmm/35-FaceId-0_align.webp,0.071991,0.0,0.1430021860651984
database3/database3/m.016077/95-FaceId-0_align.webp,0.023638,1.0,0.1617811085175544
database3/database3/m.0160pf/102-FaceId-0_align.webp,0.037457,1.0,0.1488601639584867
database3/database3/m.016194/12-FaceId-0_align.webp,0.028771,1.0,0.1487706220591797
database3/database3/m.016194/6-FaceId-0_align.webp,0.025295,1.0,0.1223130874623093
database3/database3/m.0161h5/105-FaceId-0_align.webp,0.042175,0.0,0.1483141698106081
database3/database3/m.0161hn/33-FaceId-0_align.webp,0.010683,1.0,0.1695887238061348
database3/database3/m.0162c8/22-FaceId-0_align.webp,0.021055,1.0,0.1581298842099103
database3/database3/m.0162c8/71-FaceId-0_align.webp,0.041746,1.0,0.1521303189611141
database3/database3/m.0162c8/72-FaceId-0_align.webp,0.034776,1.0,0.1538213067707052
database3/database3/m.0162lw/68-FaceId-0_align.webp,0.026272,1.0,0.1452186367732114
database3/database3/m.0162n1/16-FaceId-0_align.webp,0.013549,1.0,0.2359044286945065
database3/database3/m.0162n1/17-FaceId-0_align.webp,0.15524,1.0,0.2382646422068202
database3/database3/m.01635v/83-FaceId-0_align.webp,0.001023,1.0,0.1080041128017454
database3/database3/m.0163bt/91-FaceId-0_align.webp,0.100672,1.0,0.1614863608740846
database3/database3/m.0163kf/72-FaceId-0_align.webp,0.120095,0.0,0.1438847574155385
database3/database3/m.0163kf/83-FaceId-0_align.webp,0.098981,0.0,0.175907846456913
database3/database3/m.0163rk/30-FaceId-0_align.webp,0.022552,1.0,0.1462920893673425
database3/database3/m.0163s9/24-FaceId-0_align.webp,0.074147,1.0,0.1484486592593505
database3/database3/m.0163s9/74-FaceId-0_align.webp,0.166715,1.0,0.1566404711496297
database3/database3/m.0163t3/106-FaceId-0_align.webp,0.195337,0.0,0.158427286505928
database3/database3/m.0163t3/9-FaceId-0_align.webp,0.08181,0.0,0.1496833502411131
database3/database3/m.0163y8/74-FaceId-0_align.webp,0.077227,1.0,0.1590956115250476
database3/database3/m.0164c4/60-FaceId-0_align.webp,0.111711,0.0,0.1389063792438482
database3/database3/m.0164lp/69-FaceId-0_align.webp,0.064522,1.0,0.118631976007289
database3/database3/m.0164lp/92-FaceId-0_align.webp,0.151037,1.0,0.2388721420579529
database3/database3/m.0164nb/3-FaceId-0_align.webp,0.089532,1.0,0.1466904267695632
database3/database3/m.0164y7/34-FaceId-0_align.webp,0.005214,1.0,0.1415993130188335
database3/database3/m.0165cp/26-FaceId-0_align.webp,0.006703,0.0,0.1287594213618016
database3/database3/m.0165cp/52-FaceId-0_align.webp,0.057554,0.0,0.1191346652752114
database3/database3/m.0165gc/85-FaceId-0_align.webp,0.006716,1.0,0.1293787333968375
database3/database3/m.0165gc/99-FaceId-0_align.webp,0.120842,1.0,0.1539929497137988
database3/database3/m.0165ky/57-FaceId-0_align.webp,0.015031,1.0,0.1973966606007204
database3/database3/m.0165n5/59-FaceId-0_align.webp,0.014306,0.0,0.1102354450239966
database3/database3/m.01666h/59-FaceId-0_align.webp,0.366126,0.0,0.1723716019229142
database3/database3/m.01666h/65-FaceId-0_align.webp,0.324656,0.0,0.1859762568175939
database3/database3/m.0166rp/41-FaceId-0_align.webp,0.108225,1.0,0.1490592005160588
database3/database3/m.0166rp/55-FaceId-0_align.webp,0.058677,1.0,0.1825539831551881
database3/database3/m.0166w_/52-FaceId-0_align.webp,0.055626,1.0,0.1333494299613838
database3/database3/m.0166w_/7-FaceId-0_align.webp,0.051227,1.0,0.112235408533587
database3/database3/m.0166yl/4-FaceId-0_align.webp,0.128426,1.0,0.1255636979869995
database3/database3/m.0166yl/42-FaceId-0_align.webp,0.00821,1.0,0.1344704487908759
database3/database3/m.0166zk/13-FaceId-0_align.webp,0.040817,1.0,0.2621356304203197
database3/database3/m.0166zk/42-FaceId-0_align.webp,0.020069,1.0,0.2114130239503491
database3/database3/m.0166zk/72-FaceId-0_align.webp,0.015452,1.0,0.1473761091562031
database3/database3/m.01678_/78-FaceId-0_align.webp,0.014927,1.0,0.1206854553918869
database3/database3/m.0167h6/35-FaceId-0_align.webp,0.000892,1.0,0.1244785882065644
database3/database3/m.0167xk/87-FaceId-0_align.webp,0.035118,1.0,0.1584618861862
database3/database3/m.016883/25-FaceId-0_align.webp,0.021581,1.0,0.1470881410960928
database3/database3/m.016883/35-FaceId-0_align.webp,0.016967,1.0,0.1688029088563827
database3/database3/m.016883/79-FaceId-0_align.webp,0.042662,1.0,0.1482056376526009
database3/database3/m.0168cl/73-FaceId-0_align.webp,0.16573,1.0,0.1389447445867112
database3/database3/m.0168ql/60-FaceId-0_align.webp,0.01118,1.0,0.0970789446496933
database3/database3/m.0168vx/9-FaceId-0_align.webp,0.182986,0.0,0.1344378182159654
database3/database3/m.01693z/106-FaceId-0_align.webp,0.308514,1.0,0.1896723994951707
database3/database3/m.01693z/67-FaceId-0_align.webp,0.053019,1.0,0.1321867785036498
database3/database3/m.016959/105-FaceId-0_align.webp,0.10109,1.0,0.1855186900813439
database3/database3/m.016959/51-FaceId-0_align.webp,0.067755,1.0,0.1621410282154772
database3/database3/m.0169ff/102-FaceId-0_align.webp,0.033338,1.0,0.1753902734157099
database3/database3/m.0169ff/36-FaceId-0_align.webp,0.024259,1.0,0.1517528247923892
database3/database3/m.0169ff/79-FaceId-0_align.webp,0.137366,1.0,0.1554950712748222
database3/database3/m.0169mh/14-FaceId-0_align.webp,0.084985,0.0,0.1838751112113058
database3/database3/m.0169r6/43-FaceId-0_align.webp,0.109367,0.0,0.1671286487329242
database3/database3/m.0169v2/37-FaceId-0_align.webp,0.237432,0.0,0.1712469323209718
database3/database3/m.0169v2/60-FaceId-0_align.webp,0.294775,0.0,0.1786401633569909
database3/database3/m.0169x_/12-FaceId-0_align.webp,0.169443,1.0,0.1267797312467611
database3/database3/m.016_js/82-FaceId-0_align.webp,0.00161,0.0,0.1291752143004584
database3/database3/m.016_js/90-FaceId-0_align.webp,0.074161,0.0,0.1535170623223296
database3/database3/m.016_mj/9-FaceId-0_align.webp,0.005546,1.0,0.1518968458434755
database3/database3/m.016b6z/92-FaceId-0_align.webp,0.053278,1.0,0.1743678511594524
database3/database3/m.016b90/0-FaceId-0_align.webp,0.006801,1.0,0.1321480714397816
database3/database3/m.016b90/79-FaceId-0_align.webp,0.0,1.0,0.076694506999505
database3/database3/m.016b90/8-FaceId-0_align.webp,0.046454,1.0,0.1092485028468339
database3/database3/m.016b90/93-FaceId-0_align.webp,0.01334,1.0,0.1326581159407527
database3/database3/m.016cn6/6-FaceId-0_align.webp,0.062721,1.0,0.1858663037628259
database3/database3/m.016cn6/90-FaceId-0_align.webp,0.090699,1.0,0.1430864511436246
database3/database3/m.016cz6/23-FaceId-1_align.webp,0.213677,1.0,0.399116070694551
database3/database3/m.016db7/11-FaceId-0_align.webp,0.00104,1.0,0.1717265370275922
database3/database3/m.016dbr/42-FaceId-0_align.webp,0.02227,1.0,0.1496880975455681
database3/database3/m.016fjj/77-FaceId-0_align.webp,0.012807,1.0,0.146170309950071
database3/database3/m.016fnv/40-FaceId-0_align.webp,0.049743,1.0,0.1452963431196997
database3/database3/m.016g29/40-FaceId-0_align.webp,0.003894,1.0,0.1710480525069221
database3/database3/m.016g29/95-FaceId-0_align.webp,0.017798,1.0,0.1093789334814568
database3/database3/m.016ggh/74-FaceId-0_align.webp,0.004674,1.0,0.1286906232115842
database3/database3/m.016ghw/12-FaceId-0_align.webp,0.035794,1.0,0.2035069943915289
database3/database3/m.016gkf/85-FaceId-0_align.webp,0.159983,1.0,0.1535861542175371
database3/database3/m.016gnp/45-FaceId-0_align.webp,0.027576,1.0,0.1372226202214891
database3/database3/m.016gnp/48-FaceId-0_align.webp,0.0,1.0,0.1527453150556922
database3/database3/m.016gr2/107-FaceId-0_align.webp,0.0,1.0,0.174957946999279
database3/database3/m.016gr2/38-FaceId-0_align.webp,0.0,1.0,0.1111932481383989
database3/database3/m.016hgp/12-FaceId-0_align.webp,0.055372,0.0,0.1441241509887057
database3/database3/m.016hgp/32-FaceId-12_align.webp,0.159452,0.0,0.2983522146385624
database3/database3/m.016hgp/77-FaceId-4_align.webp,0.110387,0.0,0.1398239042462141
database3/database3/m.016hgp/77-FaceId-7_align.webp,0.08977,0.0,0.1433950922527356
database3/database3/m.016hgp/77-FaceId-9_align.webp,0.121788,0.0,0.1456487006428029
database3/database3/m.016hj7/88-FaceId-0_align.webp,0.028831,1.0,0.1206345210384449
database3/database3/m.016hk4/98-FaceId-0_align.webp,0.002253,1.0,0.1409592924575163
database3/database3/m.016hmf/90-FaceId-0_align.webp,0.168251,1.0,0.1700120605217789
database3/database3/m.016hrc/46-FaceId-0_align.webp,0.064797,0.0,0.1624492938226603
database3/database3/m.016htr/23-FaceId-0_align.webp,0.041326,1.0,0.1438073274678181
database3/database3/m.016htr/80-FaceId-0_align.webp,0.0,1.0,0.2669109199192481
database3/database3/m.016hvl/14-FaceId-0_align.webp,0.018608,1.0,0.1731927634063347
database3/database3/m.016hvl/79-FaceId-0_align.webp,0.027134,1.0,0.1561723735715602
database3/database3/m.016hzm/79-FaceId-0_align.webp,0.040554,1.0,0.2156072088422336
database3/database3/m.016j4q/17-FaceId-0_align.webp,0.014713,1.0,0.5945885814197862
database3/database3/m.016j4q/73-FaceId-0_align.webp,0.027874,1.0,0.3077491039738714
database3/database3/m.016j55/23-FaceId-0_align.webp,0.003044,1.0,0.1734929880685371
database3/database3/m.016j_c/80-FaceId-0_align.webp,0.167359,0.0,0.1658274601003246
database3/database3/m.016k0j/73-FaceId-0_align.webp,0.021214,0.0,0.1509549111653917
database3/database3/m.016k38/76-FaceId-0_align.webp,0.03171,1.0,0.1949652943166709
database3/database3/m.016k38/86-FaceId-0_align.webp,0.0969,1.0,0.2315045264844685
database3/database3/m.016k58/57-FaceId-0_align.webp,0.285077,0.0,0.1724653247146789
database3/database3/m.016k6x/11-FaceId-0_align.webp,0.0,1.0,0.1178609076866425
database3/database3/m.016k6x/19-FaceId-0_align.webp,0.0,1.0,0.1064965997985037
database3/database3/m.016k92/3-FaceId-0_align.webp,0.164786,1.0,0.1748389509391913
database3/database3/m.016k92/39-FaceId-0_align.webp,0.115077,1.0,0.1721794790947715
database3/database3/m.016k92/53-FaceId-0_align.webp,0.124335,1.0,0.1726731030356254
database3/database3/m.016k_v/117-FaceId-0_align.webp,0.172292,0.0,0.1445083235420003
database3/database3/m.016k_v/31-FaceId-0_align.webp,0.103765,0.0,0.1522447428882032
database3/database3/m.016k_v/6-FaceId-0_align.webp,0.102662,0.0,0.147552742162296
database3/database3/m.016kdv/96-FaceId-0_align.webp,0.10171,1.0,0.1353262666106522
database3/database3/m.016kft/30-FaceId-0_align.webp,0.094506,1.0,0.1662246224147997
database3/database3/m.016khd/116-FaceId-0_align.webp,0.014365,1.0,0.2439489593236375
database3/database3/m.016khd/18-FaceId-0_align.webp,0.045446,1.0,0.1816411611657586
database3/database3/m.016khd/77-FaceId-0_align.webp,0.016363,1.0,0.1306672077762159
database3/database3/m.016kjs/51-FaceId-0_align.webp,0.103247,1.0,0.1501200801937829
database3/database3/m.016kqk/22-FaceId-0_align.webp,0.109366,1.0,0.1801112699751414
database3/database3/m.016kqk/57-FaceId-0_align.webp,0.028005,1.0,0.1860555055203575
database3/database3/m.016ksk/77-FaceId-0_align.webp,0.033554,1.0,0.2004440393894428
database3/database3/m.016l53/34-FaceId-0_align.webp,0.004644,1.0,0.2445126221571977
database3/database3/m.016l_5/13-FaceId-1_align.webp,0.028409,0.0,0.2489758006365214
database3/database3/m.016l_5/23-FaceId-0_align.webp,0.13632,0.0,0.1509136271867816
database3/database3/m.016l_5/69-FaceId-0_align.webp,0.067658,0.0,0.1431230782558878
database3/database3/m.016lb3/2-FaceId-0_align.webp,0.005513,1.0,0.1363260749893966
database3/database3/m.016lh0/74-FaceId-0_align.webp,0.000336,1.0,0.1372480274591386
database3/database3/m.016m0v/15-FaceId-0_align.webp,0.003574,1.0,0.2109972595682511
database3/database3/m.016m0v/47-FaceId-0_align.webp,0.010823,1.0,0.22940800046969
database3/database3/m.016m0v/48-FaceId-0_align.webp,0.006305,1.0,0.1760998959994504
database3/database3/m.016mgj/22-FaceId-0_align.webp,0.177659,0.0,0.1537302922812243
database3/database3/m.016mgj/72-FaceId-0_align.webp,0.141048,0.0,0.2545980460987982
database3/database3/m.016ntp/45-FaceId-0_align.webp,0.056576,0.0,0.3253531348201602
database3/database3/m.016ntp/58-FaceId-0_align.webp,0.194583,0.0,0.248712594060683
database3/database3/m.016ntp/78-FaceId-0_align.webp,0.262576,0.0,0.192327572491445
database3/database3/m.016ntp/85-FaceId-0_align.webp,0.141759,0.0,0.1731507745427867
database3/database3/m.016nvh/2-FaceId-0_align.webp,0.143526,1.0,0.169224848745905
database3/database3/m.016nvy/82-FaceId-0_align.webp,0.14288,0.0,0.1509569209492703
database3/database3/m.016nws/82-FaceId-0_align.webp,0.154826,1.0,0.1707122393611335
database3/database3/m.016pns/55-FaceId-0_align.webp,0.055966,1.0,0.1663452687828294
database3/database3/m.016q0w/27-FaceId-0_align.webp,0.009996,1.0,0.1528238704718377
database3/database3/m.016q2n/25-FaceId-0_align.webp,0.030179,0.0,0.1471579620290667
database3/database3/m.016q2n/89-FaceId-0_align.webp,0.007529,0.0,0.1576153310953242
database3/database3/m.016q4_/99-FaceId-1_align.webp,0.000294,0.0,0.127474382056539
database3/database3/m.016qrb/16-FaceId-0_align.webp,0.039165,0.0,0.151481083298252
database3/database3/m.016qrb/78-FaceId-0_align.webp,0.145711,0.0,0.1358825809571066
database3/database3/m.016qtt/15-FaceId-0_align.webp,0.187503,1.0,0.1561055496325921
database3/database3/m.016qtt/25-FaceId-0_align.webp,0.283035,1.0,0.1533783720483313
database3/database3/m.016r3x/42-FaceId-0_align.webp,0.001242,1.0,0.0991481065306623
database3/database3/m.016r3x/44-FaceId-0_align.webp,0.007495,1.0,0.149639999148087
database3/database3/m.016sff/35-FaceId-0_align.webp,0.025858,1.0,0.3155506636465749
database3/database3/m.016sp_/9-FaceId-0_align.webp,0.355835,1.0,0.1374398526426315
database3/database3/m.016swh/38-FaceId-0_align.webp,0.0,1.0,0.1269093638447529
database3/database3/m.016sz1/68-FaceId-0_align.webp,0.00381,1.0,0.1628144092884598
database3/database3/m.016szr/0-FaceId-0_align.webp,0.081751,1.0,0.2534865609331271
database3/database3/m.016szr/31-FaceId-0_align.webp,0.150774,1.0,0.2384934754116409
database3/database3/m.016t00/27-FaceId-0_align.webp,0.010723,1.0,0.1725110631927129
database3/database3/m.016t00/29-FaceId-0_align.webp,0.026052,1.0,0.1603732186075958
database3/database3/m.016t00/49-FaceId-0_align.webp,0.061342,1.0,0.1785394483340034
database3/database3/m.016tb7/64-FaceId-0_align.webp,0.020212,0.0,0.1442144873500098
database3/database3/m.016tbr/53-FaceId-0_align.webp,0.052696,1.0,0.1641184701851291
database3/database3/m.016tbr/91-FaceId-0_align.webp,0.278026,1.0,0.1907097066350397
database3/database3/m.016tbr/97-FaceId-0_align.webp,0.035531,1.0,0.1732156266808217
database3/database3/m.016tcm/7-FaceId-0_align.webp,0.0,1.0,0.1428118253310138
database3/database3/m.016tqw/18-FaceId-0_align.webp,0.009857,1.0,0.1457342508797389
database3/database3/m.016vqk/91-FaceId-0_align.webp,0.041054,1.0,0.1458022537602989
database3/database3/m.016vxj/34-FaceId-0_align.webp,0.081238,1.0,0.1337691329281488
database3/database3/m.016vy9/16-FaceId-0_align.webp,0.135759,0.0,0.1570807122780044
database3/database3/m.016vy9/41-FaceId-0_align.webp,0.023537,0.0,0.1407666523024082
database3/database3/m.016vyp/28-FaceId-0_align.webp,0.086364,1.0,0.1497438424690398
database3/database3/m.016vyp/92-FaceId-0_align.webp,0.043472,1.0,0.1412926653051188
database3/database3/m.016wdq/47-FaceId-0_align.webp,0.021942,1.0,0.3192761399353514
database3/database3/m.016wvy/16-FaceId-0_align.webp,0.016451,1.0,0.1465891517517104
database3/database3/m.016wvy/70-FaceId-0_align.webp,0.279688,1.0,0.1820561671390323
database3/database3/m.016wvy/90-FaceId-0_align.webp,0.0652,1.0,0.2607621603969123
database3/database3/m.016xk5/94-FaceId-0_align.webp,0.039665,1.0,0.1387455220127734
database3/database3/m.016yr0/49-FaceId-0_align.webp,0.028821,1.0,0.1408004700033905
database3/database3/m.016yr0/53-FaceId-0_align.webp,0.03224,1.0,0.135863841098386
database3/database3/m.016yr0/98-FaceId-0_align.webp,0.103354,1.0,0.1585456552347154
database3/database3/m.016ywr/2-FaceId-0_align.webp,0.022088,1.0,0.178579600944204
database3/database3/m.016ywr/21-FaceId-0_align.webp,0.053813,1.0,0.1611242411377254
database3/database3/m.016ywr/76-FaceId-0_align.webp,0.0,1.0,0.1256590129814339
database3/database3/m.016z3d/40-FaceId-0_align.webp,0.041987,1.0,0.1422764423534763
database3/database3/m.016z3d/43-FaceId-0_align.webp,0.184794,1.0,0.1557940023419196
database3/database3/m.016z3d/48-FaceId-0_align.webp,0.181018,1.0,0.1506320947973843
database3/database3/m.016z68/21-FaceId-0_align.webp,0.185954,1.0,0.1723016875018164
database3/database3/m.016z68/89-FaceId-0_align.webp,0.268667,1.0,0.1693976152516817
database3/database3/m.016zp5/13-FaceId-0_align.webp,0.016071,1.0,0.1256842262050716
database3/database3/m.016zp5/31-FaceId-0_align.webp,0.101464,1.0,0.2582985551134138
database3/database3/m.016zp5/64-FaceId-0_align.webp,0.006697,1.0,0.1425920912201254
database3/database3/m.016zp5/68-FaceId-0_align.webp,0.014376,1.0,0.1497211652529912
database3/database3/m.016zvk/22-FaceId-0_align.webp,0.104809,0.0,0.1572096490500992
database3/database3/m.016zvk/81-FaceId-0_align.webp,0.147393,0.0,0.1561827339208489
database3/database3/m.016zvk/88-FaceId-0_align.webp,0.080384,0.0,0.1190907696087881
database3/database3/m.016zvk/91-FaceId-0_align.webp,0.084334,0.0,0.1474411540073555
database3/database3/m.0170pk/112-FaceId-0_align.webp,0.029113,1.0,0.2092660030962936
database3/database3/m.0170pk/32-FaceId-0_align.webp,0.0,1.0,0.2102180933009483
database3/database3/m.0170pk/71-FaceId-0_align.webp,0.003334,1.0,0.1578171433153498
database3/database3/m.0170pk/93-FaceId-0_align.webp,0.020024,1.0,0.2337773011372871
database3/database3/m.0170q1/39-FaceId-0_align.webp,0.098023,0.0,0.2038160660570245
database3/database3/m.0170qf/10-FaceId-0_align.webp,0.012168,1.0,0.1380459995341629
database3/database3/m.0170qf/66-FaceId-0_align.webp,0.173717,1.0,0.168060515211233
database3/database3/m.0170s4/35-FaceId-0_align.webp,0.00841,1.0,0.1579505641503761
database3/database3/m.0170s4/44-FaceId-0_align.webp,0.007374,1.0,0.1035482124281017
database3/database3/m.0170s4/48-FaceId-0_align.webp,0.0,1.0,0.108889521635665
database3/database3/m.0170s4/85-FaceId-0_align.webp,0.00918,1.0,0.1358927572827944
database3/database3/m.0170s4/86-FaceId-0_align.webp,0.00659,1.0,0.1288846866262919
database3/database3/m.0170zz/7-FaceId-0_align.webp,0.0033,1.0,0.1954419473036965
database3/database3/m.017115/2-FaceId-0_align.webp,0.178391,1.0,0.197441212720187
database3/database3/m.0171cm/52-FaceId-0_align.webp,0.078391,1.0,0.2554580019703324
database3/database3/m.0171cm/9-FaceId-0_align.webp,0.020679,1.0,0.2470707917877186
database3/database3/m.0171dv/105-FaceId-0_align.webp,0.019879,1.0,0.1204687334032343
database3/database3/m.0171dv/106-FaceId-0_align.webp,0.079343,1.0,0.1406337886041933
database3/database3/m.0171z8/39-FaceId-0_align.webp,0.1172,0.0,0.3868283928279106
database3/database3/m.01721f/98-FaceId-0_align.webp,0.00066,1.0,0.1000016692872425
database3/database3/m.01728m/45-FaceId-0_align.webp,0.026608,1.0,0.2080913520295413
database3/database3/m.01734j/10-FaceId-0_align.webp,0.107434,1.0,0.2337239798043721
database3/database3/m.01737y/7-FaceId-0_align.webp,0.023524,1.0,0.1307325456946016
database3/database3/m.0173cq/55-FaceId-0_align.webp,0.0687,0.0,0.1582205574354286
database3/database3/m.0173cq/82-FaceId-0_align.webp,0.052898,0.0,0.1210733165513281
database3/database3/m.0173p_/66-FaceId-0_align.webp,0.12779,0.0,0.1907570580211009
database3/database3/m.0173p_/82-FaceId-0_align.webp,0.039784,0.0,0.1431423147307254
database3/database3/m.0173p_/97-FaceId-0_align.webp,0.06989,0.0,0.1527575958516984
database3/database3/m.0173s_/56-FaceId-0_align.webp,0.320216,0.0,0.1551844603059022
database3/database3/m.01741h/75-FaceId-0_align.webp,0.057681,1.0,0.2688331362950546
database3/database3/m.01742l/53-FaceId-0_align.webp,0.210558,0.0,0.1911532088336706
database3/database3/m.01744d/24-FaceId-0_align.webp,0.021138,1.0,0.1493792378006534
database3/database3/m.01744d/66-FaceId-0_align.webp,0.069833,1.0,0.158252135266681
database3/database3/m.017458/60-FaceId-0_align.webp,0.031087,1.0,0.3117298507601657
database3/database3/m.0174z2/31-FaceId-0_align.webp,0.019356,1.0,0.1410651228963834
database3/database3/m.0175m_/104-FaceId-0_align.webp,0.011519,1.0,0.189084097459165
database3/database3/m.0175m_/106-FaceId-0_align.webp,0.008092,1.0,0.1351614613396513
database3/database3/m.0175s7/91-FaceId-0_align.webp,0.271553,1.0,0.1896536514982861
database3/database3/m.0175w3/23-FaceId-0_align.webp,0.084707,1.0,0.2352113770644643
database3/database3/m.0175w3/40-FaceId-0_align.webp,0.14122,1.0,0.2937064604337605
database3/database3/m.0175w3/8-FaceId-0_align.webp,0.022898,1.0,0.3319055144273038
database3/database3/m.01762z/69-FaceId-0_align.webp,0.001793,1.0,0.1306444152920807
database3/database3/m.017729/106-FaceId-0_align.webp,0.004005,1.0,0.1509256867946014
database3/database3/m.01772q/118-FaceId-0_align.webp,0.005376,1.0,0.115416331641624
database3/database3/m.01778_/1-FaceId-0_align.webp,0.151831,0.0,0.2554320606947047
database3/database3/m.01778_/5-FaceId-0_align.webp,0.080886,0.0,0.2323559940878148
database3/database3/m.0177s6/54-FaceId-0_align.webp,0.003871,1.0,0.2793476027473198
database3/database3/m.0177s6/83-FaceId-0_align.webp,0.194958,1.0,0.2418382001172866
database3/database3/m.0178_j/46-FaceId-0_align.webp,0.038586,1.0,0.2255950744874825
database3/database3/m.0178d6/53-FaceId-0_align.webp,0.019408,1.0,0.1369720266159038
database3/database3/m.0178d6/9-FaceId-0_align.webp,0.038126,1.0,0.1553961556214955
database3/database3/m.0178sb/20-FaceId-0_align.webp,0.025953,1.0,0.1326165880267676
database3/database3/m.01791s/104-FaceId-0_align.webp,0.057011,1.0,0.3687988324747965
database3/database3/m.01793l/15-FaceId-0_align.webp,0.11519,1.0,0.2788007610074363
database3/database3/m.01793l/3-FaceId-0_align.webp,0.021997,1.0,0.2322667117061404
database3/database3/m.01793l/48-FaceId-0_align.webp,0.070141,1.0,0.3064333537745111
database3/database3/m.01793l/77-FaceId-0_align.webp,0.068916,1.0,0.2763697405235983
database3/database3/m.01794d/22-FaceId-0_align.webp,0.132698,1.0,0.145258738467659
database3/database3/m.0179n7/47-FaceId-0_align.webp,0.025063,1.0,0.145417286080022
database3/database3/m.0179ys/22-FaceId-0_align.webp,0.03888,1.0,0.1720127514584733
database3/database3/m.017_65/24-FaceId-0_align.webp,0.104039,1.0,0.2111903618207791
database3/database3/m.017__g/2-FaceId-0_align.webp,0.026314,1.0,0.1386113083018305
database3/database3/m.017__g/30-FaceId-0_align.webp,0.064708,1.0,0.1648067661103588
database3/database3/m.017_dr/0-FaceId-1_align.webp,0.037641,1.0,0.2289048125109954
database3/database3/m.017_dr/14-FaceId-0_align.webp,0.005491,1.0,0.1675479001704413
database3/database3/m.017_dr/47-FaceId-0_align.webp,0.191478,1.0,0.1649474177917784
database3/database3/m.017_dr/57-FaceId-0_align.webp,0.038308,1.0,0.2632419902904984
database3/database3/m.017_j4/45-FaceId-0_align.webp,0.032452,1.0,0.2277792223896795
database3/database3/m.017_j4/54-FaceId-0_align.webp,0.009302,1.0,0.2300519706855481
database3/database3/m.017_j4/93-FaceId-0_align.webp,0.05205,1.0,0.3277897092706697
database3/database3/m.017_l1/23-FaceId-0_align.webp,0.033635,1.0,0.1286309931187055
database3/database3/m.017_l1/5-FaceId-0_align.webp,0.0,1.0,0.1246029359691308
database3/database3/m.017_xx/84-FaceId-0_align.webp,0.180042,0.0,0.1561679637341803
database3/database3/m.017bd/83-FaceId-0_align.webp,0.002036,1.0,0.2098165658600949
database3/database3/m.017bd/85-FaceId-0_align.webp,0.002715,1.0,0.2396317027130946
database3/database3/m.017bk6/90-FaceId-2_align.webp,0.056904,0.0,0.1362739031221556
database3/database3/m.017bxq/72-FaceId-0_align.webp,0.032315,1.0,0.1986003492299594
database3/database3/m.017c87/108-FaceId-0_align.webp,0.012746,1.0,0.2212786614586583
database3/database3/m.017c87/7-FaceId-0_align.webp,0.008884,1.0,0.1107672163837435
database3/database3/m.017cgg/62-FaceId-0_align.webp,0.009893,1.0,0.2422909802242396
database3/database3/m.017d3v/21-FaceId-0_align.webp,0.000486,1.0,0.082372330810013
database3/database3/m.017dpj/104-FaceId-0_align.webp,0.159674,1.0,0.2441086055469503
database3/database3/m.017dpj/116-FaceId-0_align.webp,0.004563,1.0,0.2028093714651353
database3/database3/m.017dpj/14-FaceId-0_align.webp,0.012759,1.0,0.1961374175713017
database3/database3/m.017dpj/6-FaceId-0_align.webp,0.157516,1.0,0.247573483789042
database3/database3/m.017dpj/81-FaceId-0_align.webp,0.117413,1.0,0.3111309200937637
database3/database3/m.017dpj/98-FaceId-0_align.webp,0.093515,1.0,0.2323446752617232
database3/database3/m.017f4y/21-FaceId-0_align.webp,0.009046,1.0,0.1536632534048962
database3/database3/m.017fgp/17-FaceId-0_align.webp,0.004873,1.0,0.2094805843245117
database3/database3/m.017fhk/5-FaceId-0_align.webp,0.05945,1.0,0.2213094138050251
database3/database3/m.017fhk/70-FaceId-0_align.webp,0.025921,1.0,0.1195696732551711
database3/database3/m.017fhk/87-FaceId-0_align.webp,0.146412,1.0,0.2180467481929492
database3/database3/m.017fj_/2-FaceId-0_align.webp,0.022486,1.0,0.1419218767336009
database3/database3/m.017fj_/97-FaceId-0_align.webp,0.013264,1.0,0.2555113523384652
database3/database3/m.017fks/21-FaceId-0_align.webp,0.013755,1.0,0.1415963173797985
database3/database3/m.017fks/34-FaceId-0_align.webp,0.010024,1.0,0.2283573381966214
database3/database3/m.017fl5/7-FaceId-0_align.webp,0.088967,1.0,0.1589487623175549
database3/database3/m.017fl5/89-FaceId-0_align.webp,0.156395,1.0,0.2041871169716382
database3/database3/m.017fl_/0-FaceId-0_align.webp,0.016489,1.0,0.2718287079665389
database3/database3/m.017fp0/26-FaceId-0_align.webp,0.014762,1.0,0.1259928039488468
database3/database3/m.017fp0/70-FaceId-0_align.webp,0.102621,1.0,0.1568675697186393
database3/database3/m.017fp0/85-FaceId-0_align.webp,0.016216,1.0,0.1555795186864988
database3/database3/m.017fp0/92-FaceId-0_align.webp,0.03683,1.0,0.2535450333533492
database3/database3/m.017frf/2-FaceId-0_align.webp,0.239226,1.0,0.1339587008636203
database3/database3/m.017frf/48-FaceId-0_align.webp,0.242631,1.0,0.1496492272685207
database3/database3/m.017ft0/4-FaceId-0_align.webp,0.025186,0.0,0.1368907059656865
database3/database3/m.017fxp/62-FaceId-0_align.webp,0.006207,1.0,0.1979757203431843
database3/database3/m.017fzy/33-FaceId-0_align.webp,0.135665,1.0,0.1340736183456091
database3/database3/m.017fzy/38-FaceId-0_align.webp,0.020138,1.0,0.1569165239503912
database3/database3/m.017fzy/44-FaceId-0_align.webp,0.119262,1.0,0.1689655096539597
database3/database3/m.017fzy/7-FaceId-0_align.webp,0.042513,1.0,0.1440418561344853
database3/database3/m.017fzy/84-FaceId-0_align.webp,0.1089,1.0,0.1590754774221368
database3/database3/m.017fzy/88-FaceId-0_align.webp,0.093437,1.0,0.1410200125795675
database3/database3/m.017g21/51-FaceId-0_align.webp,0.121234,1.0,0.1704484954736856
database3/database3/m.017g2y/13-FaceId-0_align.webp,0.026164,1.0,0.1442920086851722
database3/database3/m.017gd_/53-FaceId-0_align.webp,0.006889,1.0,0.2537865185075831
database3/database3/m.017gd_/59-FaceId-0_align.webp,0.012556,1.0,0.2066765800760938
database3/database3/m.017gxw/53-FaceId-0_align.webp,0.064935,0.0,0.1489149540857507
database3/database3/m.017h4c/0-FaceId-0_align.webp,0.049628,1.0,0.2371819959474624
database3/database3/m.017h_2/23-FaceId-0_align.webp,0.06887,1.0,0.2582457112255016
database3/database3/m.017hgl/21-FaceId-0_align.webp,0.089799,1.0,0.1682031282247963
database3/database3/m.017hgl/42-FaceId-0_align.webp,0.004642,1.0,0.1586826480981849
database3/database3/m.017hjk/57-FaceId-0_align.webp,0.009431,1.0,0.1715614020011024
database3/database3/m.017hm9/3-FaceId-0_align.webp,0.001744,1.0,0.1948009822420255
database3/database3/m.017hm9/36-FaceId-0_align.webp,0.002432,1.0,0.1546563908410269
database3/database3/m.017hw4/23-FaceId-0_align.webp,0.000412,1.0,0.1532571253826651
database3/database3/m.017hwl/3-FaceId-0_align.webp,0.014017,1.0,0.2559148308403239
database3/database3/m.017j1w/26-FaceId-0_align.webp,0.021211,1.0,0.1261900285744461
database3/database3/m.017j1w/35-FaceId-0_align.webp,0.039099,1.0,0.2917179280133993
database3/database3/m.017j1w/8-FaceId-0_align.webp,0.052854,1.0,0.1275154780079665
database3/database3/m.017j2b/85-FaceId-0_align.webp,0.008707,1.0,0.1834869105314739
database3/database3/m.017jwg/17-FaceId-0_align.webp,0.002376,1.0,0.1644402775573154
database3/database3/m.017jwg/53-FaceId-0_align.webp,0.066995,0.0,0.1600677796995522
database3/database3/m.017jwg/82-FaceId-0_align.webp,0.035246,1.0,0.1643124049265351
database3/database3/m.017kb5/32-FaceId-0_align.webp,0.006182,1.0,0.1504265476613629
database3/database3/m.017kgm/108-FaceId-1_align.webp,0.015319,1.0,0.0985280561453149
database3/database3/m.017kgm/94-FaceId-0_align.webp,0.003416,1.0,0.115505332289898
database3/database3/m.017kq/37-FaceId-0_align.webp,0.040762,1.0,0.2389109388309286
database3/database3/m.017kq/48-FaceId-0_align.webp,0.009092,1.0,0.2258672555538703
database3/database3/m.017l4/11-FaceId-0_align.webp,0.001488,1.0,0.1343162615604709
database3/database3/m.017l4/73-FaceId-0_align.webp,0.09873,1.0,0.1587563704917223
database3/database3/m.017l4/80-FaceId-0_align.webp,0.025497,1.0,0.2343025237052114
database3/database3/m.017l7y/97-FaceId-0_align.webp,0.002424,1.0,0.1332263137558175
database3/database3/m.017lcg/63-FaceId-0_align.webp,0.136168,1.0,0.1541999012131812
database3/database3/m.017m2y/105-FaceId-0_align.webp,0.084072,0.0,0.1504178454353611
database3/database3/m.017m2y/30-FaceId-0_align.webp,0.20052,0.0,0.1616677121538065
database3/database3/m.017mrb/26-FaceId-0_align.webp,0.125876,1.0,0.1462018411617109
database3/database3/m.017q3j/27-FaceId-0_align.webp,0.040475,1.0,0.1402584302310762
database3/database3/m.017q3j/87-FaceId-1_align.webp,0.137407,1.0,0.1833425814571338
database3/database3/m.017qkp/105-FaceId-0_align.webp,0.016276,1.0,0.1296460850386526
database3/database3/m.017qkp/8-FaceId-0_align.webp,0.006413,1.0,0.1387857224698468
database3/database3/m.017r13/15-FaceId-0_align.webp,0.004576,1.0,0.132335261161259
database3/database3/m.017r13/32-FaceId-0_align.webp,0.001926,1.0,0.1267449129655314
database3/database3/m.017r13/71-FaceId-0_align.webp,0.149849,1.0,0.1499441503065623
database3/database3/m.017r5g/69-FaceId-0_align.webp,0.246362,0.0,0.1825153705431102
database3/database3/m.017rh4/92-FaceId-0_align.webp,0.059749,1.0,0.1546559994992256
database3/database3/m.017rjs/94-FaceId-0_align.webp,0.227853,1.0,0.1422252920377062
database3/database3/m.017tk3/113-FaceId-0_align.webp,0.041074,1.0,0.1651897332574058
database3/database3/m.017tk3/5-FaceId-0_align.webp,0.023981,1.0,0.1661945183044788
database3/database3/m.017tk3/61-FaceId-0_align.webp,0.058875,1.0,0.1835498621068074
database3/database3/m.017tk3/83-FaceId-0_align.webp,0.016266,1.0,0.1537106974735066
database3/database3/m.017tkv/15-FaceId-0_align.webp,0.09519,0.0,0.1386677594705006
database3/database3/m.017tkv/5-FaceId-0_align.webp,0.108291,0.0,0.1494796698452343
database3/database3/m.017tlt/70-FaceId-0_align.webp,0.079127,1.0,0.1086727014070982
database3/database3/m.017tn4/17-FaceId-0_align.webp,0.026983,1.0,0.2304571099895321
database3/database3/m.017tn4/54-FaceId-2_align.webp,0.042656,1.0,0.1932906305760326
database3/database3/m.017tnz/116-FaceId-0_align.webp,0.135035,1.0,0.1586624845787689
database3/database3/m.017vfn/43-FaceId-0_align.webp,0.036126,1.0,0.1488041854809765
database3/database3/m.017vkk/88-FaceId-0_align.webp,0.022172,0.0,0.1506024913161956
database3/database3/m.017vkx/34-FaceId-1_align.webp,0.050784,1.0,0.260602337791036
database3/database3/m.017wbg/77-FaceId-0_align.webp,0.079706,1.0,0.1407621816669233
database3/database3/m.017x_s/36-FaceId-0_align.webp,0.021378,1.0,0.2498623483296331
database3/database3/m.017xm3/52-FaceId-0_align.webp,0.225925,0.0,0.159848593194385
database3/database3/m.017yfz/93-FaceId-0_align.webp,0.237267,1.0,0.0
database3/database3/m.017yvm/5-FaceId-0_align.webp,0.011632,1.0,0.1468168736361602
database3/database3/m.017yvm/93-FaceId-0_align.webp,0.007487,1.0,0.2056007156440418
database3/database3/m.017yzt/119-FaceId-0_align.webp,0.299381,0.0,0.1678296924877052
database3/database3/m.017yzt/55-FaceId-0_align.webp,0.055778,0.0,0.1325248084143558
database3/database3/m.017yzt/61-FaceId-0_align.webp,0.0,0.0,0.1220533230046512
database3/database3/m.017z_/91-FaceId-0_align.webp,0.06531,1.0,0.2327372957026406
database3/database3/m.017zng/39-FaceId-0_align.webp,0.114304,1.0,0.13695053825591
database3/database3/m.017zng/73-FaceId-0_align.webp,0.087005,1.0,0.1689570495340926
database3/database3/m.017zng/97-FaceId-0_align.webp,0.096418,1.0,0.1219377054769929
database3/database3/m.01804k/55-FaceId-0_align.webp,0.104401,0.0,0.1484672017758704
database3/database3/m.01807/65-FaceId-0_align.webp,0.087681,1.0,0.2675793454164349
database3/database3/m.01807/73-FaceId-0_align.webp,0.147607,1.0,0.2871778655740032
database3/database3/m.018144/31-FaceId-0_align.webp,0.317719,1.0,0.1382081262243324
database3/database3/m.018144/55-FaceId-0_align.webp,0.076827,1.0,0.1483351332254331
database3/database3/m.01815s/106-FaceId-0_align.webp,0.234236,0.0,0.159750782979414
database3/database3/m.01815s/50-FaceId-0_align.webp,0.243106,0.0,0.1533540661318231
database3/database3/m.01815s/64-FaceId-0_align.webp,0.173641,0.0,0.1561602509862751
database3/database3/m.0181gp/6-FaceId-0_align.webp,0.043543,1.0,0.1516518218960937
database3/database3/m.0181j_/107-FaceId-0_align.webp,0.027129,0.0,0.1475973219277991
database3/database3/m.0181kg/14-FaceId-0_align.webp,0.119867,1.0,0.2532286791756041
database3/database3/m.0181lj/18-FaceId-0_align.webp,0.190172,1.0,0.1092298925384314
database3/database3/m.0181p_/19-FaceId-0_align.webp,0.041166,1.0,0.2198328968408055
database3/database3/m.0181p_/99-FaceId-0_align.webp,0.035046,1.0,0.155888759083625
database3/database3/m.0181ph/4-FaceId-0_align.webp,0.019163,1.0,0.2085147607013417
database3/database3/m.0181ph/8-FaceId-0_align.webp,0.037384,1.0,0.0
database3/database3/m.0181x9/43-FaceId-0_align.webp,0.029481,1.0,0.1525407039152382
database3/database3/m.0181xq/13-FaceId-0_align.webp,0.002527,0.0,0.1703226618009758
database3/database3/m.0182hg/59-FaceId-0_align.webp,0.003662,1.0,0.1365490709317714
database3/database3/m.0182q2/111-FaceId-0_align.webp,0.014398,1.0,0.1533437932878674
database3/database3/m.0182q2/47-FaceId-0_align.webp,0.020684,1.0,0.1565453955206554
database3/database3/m.0182q2/58-FaceId-0_align.webp,0.034155,1.0,0.1308444769305867
database3/database3/m.0182vk/101-FaceId-0_align.webp,0.185784,1.0,0.2947329931778975
database3/database3/m.0182vk/97-FaceId-0_align.webp,0.113244,1.0,0.1659913797786615
database3/database3/m.01830j/15-FaceId-0_align.webp,0.208446,0.0,0.1823208304961608
database3/database3/m.01833g/76-FaceId-0_align.webp,0.008544,1.0,0.1684352263940792
database3/database3/m.018348/1-FaceId-0_align.webp,0.029671,1.0,0.1850128433142333
database3/database3/m.0183f9/72-FaceId-0_align.webp,0.028848,1.0,0.2423751258388126
database3/database3/m.018417/7-FaceId-0_align.webp,0.270045,0.0,0.1626464289645423
database3/database3/m.018493/45-FaceId-0_align.webp,0.059135,0.0,0.1647306380925376
database3/database3/m.0184cd/37-FaceId-0_align.webp,0.012663,0.0,0.1514968151840107
database3/database3/m.0184cd/69-FaceId-0_align.webp,0.041234,0.0,0.1521846541595578
database3/database3/m.0184jc/9-FaceId-0_align.webp,0.061679,1.0,0.1809884000529157
database3/database3/m.0184xq/86-FaceId-0_align.webp,0.010468,1.0,0.1919820305453237
database3/database3/m.0185gs/107-FaceId-0_align.webp,0.133885,1.0,0.1433902265274144
database3/database3/m.0187y5/50-FaceId-0_align.webp,0.011259,1.0,0.3649238283521026
database3/database3/m.0187y5/55-FaceId-0_align.webp,0.018906,1.0,0.1602968295435827
database3/database3/m.0188n0/16-FaceId-0_align.webp,0.119925,1.0,0.1688159889339907
database3/database3/m.0188n0/81-FaceId-0_align.webp,0.437819,1.0,0.187010586255245
database3/database3/m.0188n0/93-FaceId-0_align.webp,0.241643,1.0,0.2065981414576701
database3/database3/m.0188nj/68-FaceId-0_align.webp,0.036499,1.0,0.1334198776458825
database3/database3/m.018_3q/101-FaceId-0_align.webp,0.001235,1.0,0.4675134449443781
database3/database3/m.018_3q/89-FaceId-0_align.webp,0.024563,1.0,0.1287302969718848
database3/database3/m.018_lb/81-FaceId-0_align.webp,0.104704,0.0,0.1178078099988743
database3/database3/m.018c42/45-FaceId-1_align.webp,0.268912,1.0,0.1523966003294535
database3/database3/m.018c42/5-FaceId-0_align.webp,0.033426,1.0,0.1515216267957287
database3/database3/m.018cx_/16-FaceId-0_align.webp,0.128439,0.0,0.1454406546419926
database3/database3/m.018dnt/83-FaceId-0_align.webp,0.012334,1.0,0.1461769121821388
database3/database3/m.018dpq/74-FaceId-0_align.webp,0.08469,1.0,0.1454824285268054
database3/database3/m.018dpq/9-FaceId-0_align.webp,0.06436,1.0,0.1943846930447295
database3/database3/m.018dq3/21-FaceId-0_align.webp,0.264271,0.0,0.1680464637599062
database3/database3/m.018dq3/43-FaceId-0_align.webp,0.005771,0.0,0.148383728129788
database3/database3/m.018dqg/14-FaceId-0_align.webp,0.002005,1.0,0.1317411321819133
database3/database3/m.018dyl/57-FaceId-0_align.webp,0.066796,1.0,0.1148323423150967
database3/database3/m.018f07/77-FaceId-0_align.webp,0.067893,1.0,0.180288482088609
database3/database3/m.018f07/88-FaceId-0_align.webp,0.019681,1.0,0.1361864718849198
database3/database3/m.018f_y/78-FaceId-0_align.webp,0.005574,1.0,0.3595521541562242
database3/database3/m.018fkc/18-FaceId-0_align.webp,0.048624,0.0,0.1895134130940532
database3/database3/m.018fkc/51-FaceId-0_align.webp,0.004824,1.0,0.1460902436159166
database3/database3/m.018fmr/107-FaceId-0_align.webp,0.087037,0.0,0.160295272416014
database3/database3/m.018fmr/38-FaceId-0_align.webp,0.082888,0.0,0.2261342338951832
database3/database3/m.018fmr/39-FaceId-0_align.webp,0.154489,0.0,0.1511812342646636
database3/database3/m.018fmr/77-FaceId-0_align.webp,0.094029,0.0,0.1424081270001223
database3/database3/m.018fmr/96-FaceId-0_align.webp,0.118151,0.0,0.1765776706079947
database3/database3/m.018fvy/74-FaceId-0_align.webp,0.006913,1.0,0.1398614926959278
database3/database3/m.018fwb/106-FaceId-0_align.webp,0.105164,0.0,0.1744796557842989
database3/database3/m.018fyy/5-FaceId-0_align.webp,0.161114,0.0,0.148242852921849
database3/database3/m.018fzs/56-FaceId-0_align.webp,0.057952,1.0,0.232106985734295
database3/database3/m.018fzs/60-FaceId-0_align.webp,0.058021,1.0,0.1317853460309538
database3/database3/m.018fzs/89-FaceId-0_align.webp,0.00707,1.0,0.1304278439942828
database3/database3/m.018g4z/59-FaceId-0_align.webp,0.266921,0.0,0.2503954387293902
database3/database3/m.018gcf/20-FaceId-0_align.webp,0.017916,1.0,0.1378878343904261
database3/database3/m.018gcf/28-FaceId-0_align.webp,0.0,1.0,0.1592587196577805
database3/database3/m.018gjx/0-FaceId-0_align.webp,0.03658,1.0,0.1459217436992673
database3/database3/m.018gjx/88-FaceId-1_align.webp,0.040357,1.0,0.1469535752889223
database3/database3/m.018gkb/31-FaceId-0_align.webp,0.133832,1.0,0.2093020740609231
database3/database3/m.018gkb/69-FaceId-0_align.webp,0.119964,1.0,0.146552449916349
database3/database3/m.018gl5/55-FaceId-0_align.webp,0.0,1.0,0.1391200296103072
database3/database3/m.018gn4/7-FaceId-0_align.webp,0.045659,1.0,0.1590643370719066
database3/database3/m.018gn4/95-FaceId-0_align.webp,0.084694,1.0,0.1569167360343554
database3/database3/m.018gqj/17-FaceId-0_align.webp,0.18042,1.0,0.151078892770678
database3/database3/m.018gqj/45-FaceId-0_align.webp,0.048033,1.0,0.1513179392133614
database3/database3/m.018gqj/51-FaceId-0_align.webp,0.113401,1.0,0.1629741769239795
database3/database3/m.018gqj/9-FaceId-0_align.webp,0.182644,1.0,0.1698295936353921
database3/database3/m.018gsl/54-FaceId-0_align.webp,0.015144,1.0,0.3107949182670633
database3/database3/m.018gw3/19-FaceId-0_align.webp,0.042889,1.0,0.2645272108837037
database3/database3/m.018h84/20-FaceId-0_align.webp,0.006714,1.0,0.154793803974351
database3/database3/m.018h84/4-FaceId-0_align.webp,0.077047,1.0,0.1145088351677644
database3/database3/m.018hhw/26-FaceId-0_align.webp,0.058762,0.0,0.154004391135949
database3/database3/m.018hwl/22-FaceId-0_align.webp,0.105538,1.0,0.1901093432258178
database3/database3/m.018j3w/52-FaceId-0_align.webp,0.03127,1.0,0.1167420399847027
database3/database3/m.018j4c/21-FaceId-0_align.webp,0.159984,1.0,0.1437338623330731
database3/database3/m.018j4c/60-FaceId-0_align.webp,0.116911,1.0,0.1909113369505258
database3/database3/m.018j4c/72-FaceId-0_align.webp,0.050298,1.0,0.1514480978892498
database3/database3/m.018j5m/87-FaceId-0_align.webp,0.119486,0.0,0.1837269796619078
database3/database3/m.018jnn/6-FaceId-0_align.webp,0.046059,1.0,0.1201573973166202
database3/database3/m.018jnn/60-FaceId-0_align.webp,0.021036,1.0,0.1171407957208686
database3/database3/m.018jz8/4-FaceId-0_align.webp,0.129694,1.0,0.1482514649263097
database3/database3/m.018kd0/56-FaceId-0_align.webp,0.078738,1.0,0.1557546622844068
database3/database3/m.018kjc/45-FaceId-0_align.webp,0.336481,1.0,0.1891806729256569
database3/database3/m.018kjc/74-FaceId-0_align.webp,0.359873,1.0,0.1831345383823761
database3/database3/m.018lb1/1-FaceId-0_align.webp,0.066363,0.0,0.1481984260024177
database3/database3/m.018lb1/113-FaceId-0_align.webp,0.174767,0.0,0.1569380062209658
database3/database3/m.018lb1/45-FaceId-0_align.webp,0.011283,0.0,0.1360492637916176
database3/database3/m.018lb1/60-FaceId-0_align.webp,0.101898,0.0,0.1452158408957796
database3/database3/m.018lb1/67-FaceId-0_align.webp,0.058712,0.0,0.1638318813661869
database3/database3/m.018lp7/31-FaceId-0_align.webp,0.068826,0.0,0.1616250978948684
database3/database3/m.018lp7/5-FaceId-0_align.webp,0.037973,0.0,0.1501900074536459
database3/database3/m.018lpm/41-FaceId-0_align.webp,0.03151,1.0,0.2222432464149776
database3/database3/m.018lx_/11-FaceId-0_align.webp,0.157239,1.0,0.1897440463377718
database3/database3/m.018lxn/67-FaceId-0_align.webp,0.041223,0.0,0.1418165076432606
database3/database3/m.018m5c/31-FaceId-0_align.webp,0.012538,1.0,0.1178586730180533
database3/database3/m.018m5c/6-FaceId-0_align.webp,0.013236,1.0,0.1262753815861327
database3/database3/m.018m5c/74-FaceId-0_align.webp,0.007729,1.0,0.1550775624936165
database3/database3/m.018mfl/68-FaceId-0_align.webp,0.01486,1.0,0.1799007880870882
database3/database3/m.018n52/37-FaceId-0_align.webp,0.024108,1.0,0.1274755428113588
database3/database3/m.018n7d/44-FaceId-0_align.webp,0.002157,1.0,0.1273821491694562
database3/database3/m.018n9d/58-FaceId-0_align.webp,0.182622,1.0,0.1391375923845313
database3/database3/m.018nqq/25-FaceId-0_align.webp,0.02666,1.0,0.1213280357942971
database3/database3/m.018nqq/56-FaceId-0_align.webp,0.002557,1.0,0.1763815208776802
database3/database3/m.018nwp/42-FaceId-0_align.webp,0.023176,1.0,0.2494570085599898
database3/database3/m.018p19/2-FaceId-0_align.webp,0.029409,1.0,0.1908816198618499
database3/database3/m.018pj3/21-FaceId-0_align.webp,0.206243,0.0,0.1242720652730704
database3/database3/m.018pkl/117-FaceId-0_align.webp,0.00271,1.0,0.1815476233139713
database3/database3/m.018ptf/125-FaceId-1_align.webp,0.193842,0.0,0.209101630201916
database3/database3/m.018ptf/6-FaceId-0_align.webp,0.184452,1.0,0.1455425282233097
database3/database3/m.018ptf/69-FaceId-0_align.webp,0.264398,1.0,0.2102697375575712
database3/database3/m.018ptf/87-FaceId-0_align.webp,0.284614,1.0,0.1777073314793312
database3/database3/m.018pyg/114-FaceId-0_align.webp,0.004286,0.0,0.1269225383327524
database3/database3/m.018pyg/50-FaceId-0_align.webp,0.094308,0.0,0.1233436176890809
database3/database3/m.018q7p/61-FaceId-0_align.webp,0.113962,1.0,0.1569900286176121
database3/database3/m.018qkz/35-FaceId-0_align.webp,0.11651,0.0,0.161545652228144
database3/database3/m.018qkz/48-FaceId-0_align.webp,0.078768,0.0,0.1670910037190853
database3/database3/m.018qlp/1-FaceId-0_align.webp,0.057596,0.0,0.1674675296556721
database3/database3/m.018qlp/2-FaceId-0_align.webp,0.201501,0.0,0.1889449928086138
database3/database3/m.018qlp/67-FaceId-0_align.webp,0.023725,0.0,0.139559819253968
database3/database3/m.018qlp/73-FaceId-0_align.webp,0.048836,0.0,0.152283324618791
database3/database3/m.018qlp/81-FaceId-0_align.webp,0.220874,0.0,0.1649641563780896
database3/database3/m.018qlp/99-FaceId-0_align.webp,0.098556,0.0,0.1598112925638245
database3/database3/m.018qn8/16-FaceId-0_align.webp,0.180079,0.0,0.1604329173370066
database3/database3/m.018qn8/24-FaceId-0_align.webp,0.067297,0.0,0.1595052900992852
database3/database3/m.018qn8/3-FaceId-0_align.webp,0.144663,0.0,0.1613140500100984
database3/database3/m.018qpb/20-FaceId-0_align.webp,0.030827,0.0,0.1116222754876852
database3/database3/m.018qpb/42-FaceId-0_align.webp,0.04676,0.0,0.1376546598623784
database3/database3/m.018qr9/59-FaceId-0_align.webp,0.041718,0.0,0.1431878937032606
database3/database3/m.018qwf/0-FaceId-0_align.webp,0.034965,1.0,0.1096341806956045
database3/database3/m.018qx5/48-FaceId-0_align.webp,0.145397,0.0,0.2430251135848953
database3/database3/m.018r3g/1-FaceId-0_align.webp,0.015575,1.0,0.3136796356390672
database3/database3/m.018rsq/63-FaceId-0_align.webp,0.05182,1.0,0.1324152628384978
database3/database3/m.018rsq/82-FaceId-0_align.webp,0.021029,1.0,0.1452928945986556
database3/database3/m.018ry5/78-FaceId-0_align.webp,0.052713,1.0,0.157125812003231
database3/database3/m.018s7v/75-FaceId-0_align.webp,0.055964,0.0,0.1629432369716223
database3/database3/m.018slq/19-FaceId-0_align.webp,0.164016,1.0,0.1607536041867756
database3/database3/m.018swb/94-FaceId-0_align.webp,0.035612,1.0,0.1632847897412334
database3/database3/m.018t67/2-FaceId-0_align.webp,0.002151,1.0,0.1095183986454559
database3/database3/m.018t67/75-FaceId-0_align.webp,0.002161,1.0,0.1175134205969571
database3/database3/m.018t67/76-FaceId-0_align.webp,0.014984,1.0,0.1241795582263595
database3/database3/m.018tfd/63-FaceId-0_align.webp,0.039426,1.0,0.1130694918344923
database3/database3/m.018tvs/4-FaceId-0_align.webp,0.186437,1.0,0.1670749729575864
database3/database3/m.018v8c/66-FaceId-0_align.webp,0.031012,1.0,0.1209780842529421
database3/database3/m.018v_8/56-FaceId-0_align.webp,0.065146,1.0,0.1238097310122885
database3/database3/m.018vhw/41-FaceId-2_align.webp,0.017996,1.0,0.310400223742092
database3/database3/m.018vhw/84-FaceId-1_align.webp,0.010037,1.0,0.1644032818487493
database3/database3/m.018vhw/94-FaceId-0_align.webp,0.022504,1.0,0.1340156610022186
database3/database3/m.018w6s/30-FaceId-0_align.webp,0.009687,1.0,0.3369214427058111
database3/database3/m.018wh0/34-FaceId-0_align.webp,0.038341,1.0,0.1233446299737256
database3/database3/m.018wqb/36-FaceId-1_align.webp,0.061601,1.0,0.2146374235999697
database3/database3/m.018x3/82-FaceId-0_align.webp,0.000249,1.0,0.123452588329201
database3/database3/m.018x3/89-FaceId-0_align.webp,0.006661,1.0,0.1789120926606417
database3/database3/m.018xrz/49-FaceId-0_align.webp,0.084464,1.0,0.1570228623996889
database3/database3/m.018y0w/54-FaceId-0_align.webp,0.014612,1.0,0.1426427161984049
database3/database3/m.018y2s/21-FaceId-0_align.webp,0.010478,1.0,0.1503370822728073
database3/database3/m.018y4x/104-FaceId-0_align.webp,0.014664,1.0,0.1385418006815765
database3/database3/m.018y4x/94-FaceId-0_align.webp,0.083805,1.0,0.114176518202434
database3/database3/m.018ycp/32-FaceId-0_align.webp,0.169605,1.0,0.1372403374126432
database3/database3/m.018ycp/64-FaceId-0_align.webp,0.011204,1.0,0.1332461830033417
