filename,target,gender,pred
database1/img00000154.webp,0.036749,1.0,0.1623775630145389
database1/img00000271.webp,0.229724,1.0,0.2052655470543153
database1/img00000323.webp,0.120628,0.0,0.1631714485961109
database1/img00000364.webp,0.00341,1.0,0.1511392316332816
database1/img00000371.webp,0.000249,1.0,0.1728903996754253
database1/img00000438.webp,0.102267,0.0,0.1719445038896292
database1/img00000448.webp,0.032257,0.0,0.1735010506723416
database1/img00000477.webp,0.158779,0.0,0.1322266969759397
database1/img00000491.webp,0.333523,0.0,0.1850281705624389
database1/img00000679.webp,0.022454,0.0,0.159889778897786
database1/img00000766.webp,0.241328,0.0,0.1920896930243669
database1/img00000781.webp,0.01402,1.0,0.157456214230996
database1/img00000793.webp,0.308688,0.0,0.2152123806696353
database1/img00000806.webp,0.083687,1.0,0.1583128932291043
database1/img00000857.webp,0.167176,0.0,0.1734372223901522
database1/img00000882.webp,0.118298,0.0,0.173564509069332
database1/img00000903.webp,0.006576,1.0,0.184680888247392
database1/img00000929.webp,0.021546,1.0,0.1727183214531143
database1/img00000941.webp,0.232414,0.0,0.1893344064989285
database1/img00001032.webp,0.044127,1.0,0.1904473741012236
database1/img00001145.webp,0.022379,1.0,0.1457014474826649
database1/img00001291.webp,0.022322,0.0,0.1599737864217748
database1/img00001371.webp,0.148865,0.0,0.1685315295581825
database1/img00001491.webp,0.264813,0.0,0.2201309068409831
database1/img00001551.webp,0.054068,1.0,0.1603871109497453
database1/img00001573.webp,0.095382,0.0,0.1370600357323563
database1/img00001650.webp,0.088325,0.0,0.1374352797283298
database1/img00001652.webp,0.074782,1.0,0.1643924041914027
database1/img00001674.webp,0.188753,0.0,0.220990942658909
database1/img00001701.webp,0.002942,1.0,0.1699103606847674
database1/img00001779.webp,0.009358,1.0,0.2959126926898927
database1/img00001812.webp,0.017934,0.0,0.1412578182171569
database1/img00001859.webp,0.006232,1.0,0.1865935398484227
database1/img00001872.webp,0.094988,0.0,0.1711693498811059
database1/img00001883.webp,0.015755,0.0,0.1805785605712681
database1/img00001978.webp,0.02291,1.0,0.1909538329135492
database1/img00002013.webp,0.068771,1.0,0.1528049343508362
database1/img00002073.webp,0.265663,0.0,0.1922862585435045
database1/img00002136.webp,0.083835,0.0,0.170945918027299
database1/img00002187.webp,0.062593,1.0,0.1804222570258415
database1/img00002221.webp,0.024328,1.0,0.1716515082662809
database1/img00002227.webp,0.172367,0.0,0.1891758203176208
database1/img00002414.webp,0.290565,0.0,0.2970526160923701
database1/img00002415.webp,0.370759,0.0,0.2157080271308622
database1/img00002527.webp,0.008082,0.0,0.1581466570229219
database1/img00002649.webp,0.108227,0.0,0.1656927223592555
database1/img00002695.webp,0.191496,0.0,0.1689985102901103
database1/img00002698.webp,0.019352,0.0,0.1741755266183175
database1/img00002713.webp,0.025594,1.0,0.1763901727208051
database1/img00002737.webp,0.01324,1.0,0.1690007959818498
database1/img00002813.webp,0.015997,0.0,0.1442032894008887
database1/img00002915.webp,0.059948,0.0,0.1608014552830293
database1/img00002916.webp,0.061003,0.0,0.1705987078231476
database1/img00003052.webp,0.34648,0.0,0.1844046671822113
database1/img00003146.webp,0.130163,0.0,0.1249152105175055
database1/img00003162.webp,0.193332,0.0,0.2065402981452721
database1/img00003199.webp,0.314562,0.0,0.1887333727476606
database1/img00003273.webp,0.126445,0.0,0.206971254303576
database1/img00003300.webp,0.007141,1.0,0.1774566653814704
database1/img00003360.webp,0.008946,1.0,0.1663710534878419
database1/img00003390.webp,0.054933,0.0,0.1714706537460547
database1/img00003437.webp,0.01322,1.0,0.1488817733111092
database1/img00003452.webp,0.040754,0.0,0.1413855906080239
database1/img00003584.webp,0.23463,0.0,0.1894057949352195
database1/img00003713.webp,0.000555,1.0,0.1248083607969432
database1/img00003746.webp,0.099051,1.0,0.1777826140212925
database1/img00003877.webp,0.01258,0.0,0.1712307286954871
database1/img00003884.webp,0.091278,0.0,0.1530282309514509
database1/img00003887.webp,0.010493,1.0,0.2272615113166826
database1/img00003978.webp,0.178955,0.0,0.1219043568876078
database1/img00004026.webp,0.365443,0.0,0.2073198466905608
database1/img00004041.webp,0.094007,0.0,0.152724379824058
database1/img00004164.webp,0.026259,1.0,0.1568955593282303
database1/img00004216.webp,0.034337,0.0,0.1541815626258732
database1/img00004261.webp,0.165876,0.0,0.2010209303509998
database1/img00004273.webp,0.156777,0.0,0.1586079626402409
database1/img00004308.webp,0.126358,0.0,0.1686331799037001
database1/img00004416.webp,0.13739,1.0,0.160792825180051
database1/img00004426.webp,0.364242,1.0,0.2165193494420567
database1/img00004540.webp,0.140347,0.0,0.1462025269776199
database1/img00004621.webp,0.130906,0.0,0.1742288818362551
database1/img00004701.webp,0.060368,0.0,0.1333326049937297
database1/img00004841.webp,0.021785,1.0,0.1580755164011098
database1/img00004851.webp,0.058337,1.0,0.1758352166651311
database1/img00004895.webp,0.001337,1.0,0.1543144523118012
database1/img00005027.webp,0.095752,1.0,0.1991180631286781
database1/img00005030.webp,0.114344,0.0,0.1780348992162782
database1/img00005095.webp,0.018419,0.0,0.1828320917463876
database1/img00005116.webp,0.107525,0.0,0.1905239263258725
database1/img00005179.webp,0.058586,1.0,0.1681317862756695
database1/img00005208.webp,0.021009,1.0,0.2730400341781805
database1/img00005271.webp,0.408256,0.0,0.2224003534573348
database1/img00005293.webp,0.043233,0.0,0.16851752500129
database1/img00005339.webp,0.173984,0.0,0.1374038630788709
database1/img00005347.webp,0.002911,0.0,0.1199722873797675
database1/img00005361.webp,0.189098,0.0,0.1658677073345878
database1/img00005501.webp,0.145725,0.0,0.1611418523187875
database1/img00005507.webp,0.232343,0.0,0.2529449697693162
database1/img00005509.webp,0.003247,1.0,0.2516575676237308
database1/img00005522.webp,0.185571,0.0,0.1578442392208656
database1/img00005579.webp,0.037795,1.0,0.1773983891179667
database1/img00005689.webp,0.281579,0.0,0.1727419857631179
database1/img00005696.webp,0.366924,0.0,0.244315874832489
database1/img00005723.webp,0.013358,0.0,0.1788146616644723
database1/img00005726.webp,0.041346,1.0,0.1764605501896833
database1/img00005753.webp,0.009879,0.0,0.1734088614271932
database1/img00005766.webp,0.177714,0.0,0.172682214466539
database1/img00005768.webp,0.024309,1.0,0.1916067584816552
database1/img00005822.webp,0.022373,0.0,0.1415742124132125
database1/img00005851.webp,0.375359,0.0,0.1891244847460368
database1/img00005896.webp,0.063671,0.0,0.1875607060974793
database1/img00005910.webp,0.374925,0.0,0.1804642095218407
database1/img00006003.webp,0.020291,1.0,0.1716824547315436
database1/img00006021.webp,0.018409,1.0,0.2692984461959308
database1/img00006047.webp,0.105454,0.0,0.1634653859885612
database1/img00006101.webp,0.326093,0.0,0.1980405154660136
database1/img00006168.webp,0.00248,1.0,0.1292755287687899
database1/img00006196.webp,0.0412,1.0,0.1665167129438075
database1/img00006204.webp,0.331116,1.0,0.1926403375486949
database1/img00006269.webp,0.011789,1.0,0.1731449680709145
database1/img00006334.webp,0.003849,1.0,0.1356199751561705
database1/img00006414.webp,0.208227,0.0,0.179986470525104
database1/img00006420.webp,0.026323,1.0,0.1814121193051012
database1/img00006436.webp,0.008945,1.0,0.1944021522316314
database1/img00006571.webp,0.06176,0.0,0.1534644224739472
database1/img00006576.webp,0.028441,1.0,0.184788319544987
database1/img00006629.webp,0.000814,1.0,0.1207627945157878
database1/img00006690.webp,0.119839,0.0,0.1619548171174804
database1/img00006694.webp,0.019638,1.0,0.1536986286292938
database1/img00006722.webp,0.383369,0.0,0.2312546440962196
database1/img00006757.webp,0.169654,1.0,0.2214649953621723
database1/img00007032.webp,0.079705,0.0,0.1718558000574889
database1/img00007152.webp,0.296672,0.0,0.2124222756175252
database1/img00007289.webp,0.004896,1.0,0.1848569882011454
database1/img00007329.webp,0.096683,0.0,0.1779813654910652
database1/img00007335.webp,0.012784,1.0,0.1766030156908582
database1/img00007354.webp,0.047242,0.0,0.1535821736463135
database1/img00007383.webp,0.020362,1.0,0.1390707278989773
database1/img00007416.webp,0.105824,1.0,0.1811114950470006
database1/img00007435.webp,0.275659,0.0,0.2699708499258766
database1/img00007452.webp,0.091268,0.0,0.160707987584498
database1/img00007454.webp,0.052407,1.0,0.2006260414596791
database1/img00007468.webp,0.289625,0.0,0.2499764419049302
database1/img00007470.webp,0.024029,1.0,0.2620721150347482
database1/img00007537.webp,0.023879,0.0,0.1626762611020188
database1/img00007538.webp,0.239526,0.0,0.1846274297523747
database1/img00007592.webp,0.092299,0.0,0.1694643550847135
database1/img00007663.webp,0.000453,1.0,0.1378192104578831
database1/img00007675.webp,0.145663,0.0,0.1575182819715147
database1/img00007764.webp,0.212475,0.0,0.1691440001776691
database1/img00007790.webp,0.273678,0.0,0.2077688430245764
database1/img00007837.webp,0.07434,0.0,0.1602686285069085
database1/img00007851.webp,0.187909,0.0,0.1758059386539329
database1/img00007897.webp,0.021438,1.0,0.1663901641328245
database1/img00007955.webp,0.100119,0.0,0.1643689905980956
database1/img00007965.webp,0.126287,0.0,0.1379711086628956
database1/img00008054.webp,0.125876,0.0,0.1457190656044481
database1/img00008062.webp,0.192134,0.0,0.218660969647488
database1/img00008079.webp,0.010384,1.0,0.1650342072721801
database1/img00008191.webp,0.127108,1.0,0.2068805537064615
database1/img00008233.webp,0.03355,1.0,0.1780689374163976
database1/img00008333.webp,0.123145,0.0,0.164050409775649
database1/img00008350.webp,0.003002,0.0,0.1365031430618506
database1/img00008419.webp,0.136366,0.0,0.1743475165739141
database1/img00008444.webp,0.19563,0.0,0.1732240089441444
database1/img00008485.webp,0.153649,0.0,0.1448840167969151
database1/img00008500.webp,0.243166,1.0,0.188085076518826
database1/img00008540.webp,0.020411,1.0,0.1737551751951152
database1/img00008619.webp,0.172849,1.0,0.1801373525389608
database1/img00008684.webp,0.116788,1.0,0.2539378328045102
database1/img00008694.webp,0.257404,1.0,0.2254262568609697
database1/img00008702.webp,0.150713,0.0,0.1661470729868304
database1/img00008778.webp,0.047436,1.0,0.1895972927563822
database1/img00008864.webp,0.142253,1.0,0.1873060004445527
database1/img00008929.webp,0.025151,1.0,0.1472417633796338
database1/img00009119.webp,0.134423,0.0,0.1683030270052515
database1/img00009131.webp,0.11769,0.0,0.1486198530522549
database1/img00009180.webp,0.22272,0.0,0.2045176257679389
database1/img00009210.webp,0.133618,1.0,0.1687606502429484
database1/img00009215.webp,0.015083,1.0,0.2680294835685736
database1/img00009309.webp,0.232271,0.0,0.2452488871775084
database1/img00009310.webp,0.032707,1.0,0.1928354651467214
database1/img00009395.webp,0.188981,0.0,0.150638997170091
database1/img00009397.webp,0.022474,0.0,0.1429928869916581
database1/img00009399.webp,0.009987,1.0,0.1508058199234408
database1/img00009423.webp,0.205953,0.0,0.177503098139386
database1/img00009521.webp,0.096612,0.0,0.1516283721524845
database1/img00009606.webp,0.062144,1.0,0.1607222578056776
database1/img00009643.webp,0.076471,0.0,0.1650059746190832
database1/img00009666.webp,0.249637,0.0,0.1769039509473144
database1/img00009740.webp,0.056754,0.0,0.164600813900816
database1/img00009804.webp,0.00402,1.0,0.2208334039805959
database1/img00009898.webp,0.123271,0.0,0.1651242392532314
database1/img00009952.webp,0.220282,0.0,0.1921600236028078
database1/img00009963.webp,0.081114,1.0,0.1777953925806571
database1/img00010009.webp,0.161796,0.0,0.1559426500460507
database1/img00010196.webp,0.131846,0.0,0.1605995856636953
database1/img00010250.webp,0.119697,0.0,0.2226484801400798
database1/img00010353.webp,0.145055,0.0,0.1732335617973518
database1/img00010363.webp,0.133258,0.0,0.1639371303325833
database1/img00010383.webp,0.010398,1.0,0.1189768976850867
database1/img00010445.webp,0.356323,0.0,0.1786045965580786
database1/img00010509.webp,0.056891,1.0,0.2139242862462048
database1/img00010530.webp,0.091729,0.0,0.1742638140216083
database1/img00010535.webp,0.304853,0.0,0.2272944033239199
database1/img00010537.webp,0.013696,0.0,0.1790109246520729
database1/img00010580.webp,0.154987,1.0,0.1679520767838843
database1/img00010612.webp,0.334599,0.0,0.1902967431675458
database1/img00010629.webp,0.060911,0.0,0.1488973388484095
database1/img00010643.webp,0.114721,1.0,0.160941370687435
database1/img00010674.webp,0.023709,0.0,0.1465957060654563
database1/img00010757.webp,0.206361,0.0,0.1762038651159614
database1/img00010780.webp,0.013969,0.0,0.1671142852199335
database1/img00010790.webp,0.031334,0.0,0.154648501146994
database1/img00010806.webp,0.065196,0.0,0.1645929186804564
database1/img00010887.webp,0.081617,0.0,0.1661307906239144
database1/img00010888.webp,0.233141,1.0,0.2172402164006184
database1/img00010982.webp,0.00745,1.0,0.1873748773108827
database1/img00010983.webp,0.20866,0.0,0.1736586646053869
database1/img00011118.webp,0.178597,1.0,0.2565873782148459
database1/img00011128.webp,0.27358,1.0,0.1827313461095336
database1/img00011142.webp,0.28074,1.0,0.2114849035779075
database1/img00011296.webp,0.108452,1.0,0.1986021825279592
database1/img00011507.webp,0.092578,0.0,0.1497411653697511
database1/img00011516.webp,0.087323,0.0,0.1649224434001032
database1/img00011597.webp,0.091441,0.0,0.1664325268337548
database1/img00011619.webp,0.253533,0.0,0.1994206899807067
database1/img00011623.webp,0.079619,0.0,0.1524712647663848
database1/img00011711.webp,0.412517,0.0,0.2324776990946262
database1/img00011737.webp,0.360567,0.0,0.2007717509637751
database1/img00011787.webp,0.009168,1.0,0.1599568338941242
database1/img00011827.webp,0.096535,0.0,0.1722749398349579
database1/img00011910.webp,0.153312,0.0,0.1524066451101461
database1/img00011946.webp,0.118833,0.0,0.1690467520725178
database1/img00011981.webp,0.044401,1.0,0.1729497457995163
database1/img00011982.webp,0.064973,1.0,0.1585440273781887
database1/img00012046.webp,0.013245,1.0,0.1751743046538394
database1/img00012050.webp,0.169118,0.0,0.1626505851106064
database1/img00012055.webp,0.118938,0.0,0.170052762198512
database1/img00012083.webp,0.105677,1.0,0.1636681375904451
database1/img00012173.webp,0.148639,0.0,0.1710850961096597
database1/img00012174.webp,0.13274,0.0,0.1670832981587028
database1/img00012175.webp,0.161502,0.0,0.1872625927743952
database1/img00012194.webp,0.057599,0.0,0.1695462547240553
database1/img00012259.webp,0.022948,1.0,0.2257054881374685
database1/img00012293.webp,0.081765,0.0,0.1725680961478324
database1/img00012367.webp,0.265563,0.0,0.2108487233239289
database1/img00012402.webp,0.08769,0.0,0.1709568681718619
database1/img00012413.webp,0.178087,0.0,0.1745701338261803
database1/img00012417.webp,0.047864,1.0,0.1618677904248689
database1/img00012444.webp,0.279593,0.0,0.1910671184328363
database1/img00012509.webp,0.14518,0.0,0.1481612279622517
database1/img00012555.webp,0.159567,0.0,0.1796292805886229
database1/img00012681.webp,0.00788,1.0,0.155956985991133
database1/img00012805.webp,0.03627,0.0,0.1686306966866786
database1/img00012844.webp,0.027729,1.0,0.1743086672041205
database1/img00012874.webp,0.002528,1.0,0.2239531897521936
database1/img00012883.webp,0.105193,1.0,0.159662967813837
database1/img00012980.webp,0.021348,1.0,0.1708913943939658
database1/img00013033.webp,0.378744,0.0,0.2076400973213939
database1/img00013074.webp,0.20406,0.0,0.2123140480351071
database1/img00013089.webp,0.0,1.0,0.1293549819470689
database1/img00013099.webp,0.124905,0.0,0.2166948763358354
database1/img00013109.webp,0.255454,0.0,0.2993594165755004
database1/img00013151.webp,0.003784,1.0,0.1537703576678046
database1/img00013182.webp,0.112701,0.0,0.1614544979723067
database1/img00013213.webp,0.208104,1.0,0.1885050724852068
database1/img00013311.webp,0.021686,1.0,0.1686101250796474
database1/img00013313.webp,0.096531,0.0,0.1863485676677339
database1/img00013345.webp,0.111239,1.0,0.179620701851318
database1/img00013392.webp,0.234015,0.0,0.1715356665315038
database1/img00013433.webp,0.013693,1.0,0.1710751300211223
database1/img00013450.webp,0.007936,1.0,0.1580803458099041
database1/img00013515.webp,0.055869,0.0,0.1652573498109833
database1/img00013591.webp,0.097683,0.0,0.1591542255231334
database1/img00013659.webp,0.005492,0.0,0.1757728863273092
database1/img00013777.webp,0.039118,0.0,0.1606811967223978
database1/img00013856.webp,0.08085,0.0,0.19099656446747
database1/img00013896.webp,0.155239,0.0,0.1777013611343861
database1/img00013978.webp,0.216187,1.0,0.1554815448959466
database1/img00014030.webp,0.009111,0.0,0.1870774581861421
database1/img00014146.webp,0.019737,0.0,0.1687770801040642
database1/img00014277.webp,0.009327,1.0,0.186583826281644
database1/img00014440.webp,0.313716,0.0,0.2120604930473903
database1/img00014506.webp,0.002933,0.0,0.1742749806460775
database1/img00014634.webp,0.124116,1.0,0.1708844273095878
database1/img00014645.webp,0.294956,1.0,0.2031334471921254
database1/img00014657.webp,0.009173,1.0,0.141257340184765
database1/img00014808.webp,0.222577,0.0,0.1940215817319237
database1/img00014845.webp,0.184098,0.0,0.1778350121145096
database1/img00014912.webp,0.085464,0.0,0.1725376759330549
database1/img00014924.webp,0.071344,1.0,0.1940624807015379
database1/img00015038.webp,0.222266,1.0,0.1920603543219936
database1/img00015081.webp,0.134204,0.0,0.2197954457354593
database1/img00015348.webp,0.225921,0.0,0.1975250140065416
database1/img00015359.webp,0.033386,0.0,0.163037345071394
database1/img00015476.webp,0.164199,0.0,0.2280706637367182
database1/img00015498.webp,0.128891,0.0,0.152992088950056
database1/img00015505.webp,0.086803,0.0,0.1674378120536058
database1/img00015509.webp,0.096299,1.0,0.1912965430806345
database1/img00015766.webp,0.128287,0.0,0.1611516374233081
database1/img00015784.webp,0.198335,0.0,0.1667130470317395
database1/img00015947.webp,0.126497,0.0,0.166571268567531
database1/img00016004.webp,0.076385,0.0,0.1697650544407263
database1/img00016096.webp,0.018479,1.0,0.1588858955646613
database1/img00016164.webp,0.009807,1.0,0.1590056671073784
database1/img00016181.webp,0.000908,1.0,0.1429067481654503
database1/img00016288.webp,0.368142,0.0,0.2209175135112309
database1/img00016296.webp,0.233928,0.0,0.1739411205875689
database1/img00016398.webp,0.070727,0.0,0.1680878192711669
database1/img00016442.webp,0.050167,0.0,0.1631961716547423
database1/img00016457.webp,0.145227,1.0,0.1694397983461626
database1/img00016490.webp,0.091022,0.0,0.1477158207728962
database1/img00016497.webp,0.144198,0.0,0.1773512173675902
database1/img00016611.webp,0.10049,0.0,0.1660763916593722
database1/img00016679.webp,0.001846,0.0,0.1638008569698734
database1/img00016886.webp,0.012909,1.0,0.1522793237917804
database1/img00016934.webp,0.076123,1.0,0.1550441396675451
database1/img00016955.webp,0.030027,1.0,0.195691269995051
database1/img00017135.webp,0.137474,0.0,0.1658276655290999
database1/img00017144.webp,0.291437,0.0,0.1844624651759715
database1/img00017157.webp,0.097188,0.0,0.1636761930515218
database1/img00017237.webp,0.019539,0.0,0.1593932798081242
database1/img00017467.webp,0.193369,0.0,0.2028076135997387
database1/img00017485.webp,0.231654,0.0,0.2472675960326406
database1/img00017623.webp,0.273226,0.0,0.1773919284962457
database1/img00017648.webp,0.013591,1.0,0.1438721734813352
database1/img00017737.webp,0.0127,1.0,0.1684940714291879
database1/img00017893.webp,0.369649,0.0,0.1824140344010333
database1/img00018025.webp,0.125656,0.0,0.1564660649986368
database1/img00018042.webp,0.016056,1.0,0.1590876695883097
database1/img00018045.webp,0.096288,0.0,0.1628007854603545
database1/img00018076.webp,0.184672,1.0,0.1718241798447328
database1/img00018117.webp,0.020611,0.0,0.1822660498720881
database1/img00018133.webp,0.049189,0.0,0.1691307255328132
database1/img00018173.webp,0.28192,0.0,0.197033565452839
database1/img00018225.webp,0.130293,0.0,0.1518006418725883
database1/img00018284.webp,0.238474,0.0,0.1846872201350717
database1/img00018380.webp,0.182421,0.0,0.1622857576817531
database1/img00018422.webp,0.021826,0.0,0.1676876071126531
database1/img00018465.webp,0.041569,1.0,0.1735055891347409
database1/img00018500.webp,0.147015,0.0,0.1621968184346577
database1/img00018591.webp,0.11045,0.0,0.1857164828545823
database1/img00018619.webp,0.026771,1.0,0.1740484342412435
database1/img00018643.webp,0.14475,0.0,0.1753402950522601
database1/img00018689.webp,0.008002,0.0,0.1684628465623907
database1/img00018779.webp,0.045676,1.0,0.1610339884053382
database1/img00018873.webp,0.099329,0.0,0.1572840718166187
database1/img00018963.webp,0.0236,1.0,0.3043666786254305
database1/img00019125.webp,0.039224,1.0,0.1843336209707782
database1/img00019151.webp,0.151887,0.0,0.2033215654865579
database1/img00019162.webp,0.357571,0.0,0.2066660936963701
database1/img00019165.webp,0.070241,1.0,0.1841905715008109
database1/img00019172.webp,0.017685,0.0,0.1485256068862703
database1/img00019200.webp,0.017214,1.0,0.1611218576350049
database1/img00019353.webp,0.013152,0.0,0.1594032239093223
database1/img00019360.webp,0.02429,1.0,0.1574720191757802
database1/img00019362.webp,0.226958,0.0,0.1707334355280273
database1/img00019406.webp,0.122785,0.0,0.1605053245449629
database1/img00019511.webp,0.00639,1.0,0.1565871637308158
database1/img00019553.webp,0.097165,0.0,0.1570774211647793
database1/img00019616.webp,0.008603,1.0,0.1871251874679668
database1/img00019625.webp,0.044642,1.0,0.1934899527553541
database1/img00019811.webp,0.135181,0.0,0.165883693562767
database1/img00019846.webp,0.085115,0.0,0.1689181312110314
database1/img00019883.webp,0.295134,0.0,0.232559243718324
database1/img00019956.webp,0.121542,0.0,0.1657735634675359
database1/img00020019.webp,0.245216,0.0,0.1836148983000251
database1/img00020092.webp,0.229511,0.0,0.2088657969058905
database1/img00020095.webp,0.369647,0.0,0.1911749860515683
database1/img00020106.webp,0.016139,1.0,0.142562972832634
database1/img00020280.webp,0.093764,0.0,0.1644110292053096
database1/img00020383.webp,0.174486,0.0,0.1746240803061369
database1/img00020425.webp,0.105022,0.0,0.161465682444905
database1/img00020495.webp,0.101841,0.0,0.1682261318226534
database1/img00020506.webp,0.143822,0.0,0.1746126446803488
database1/img00020690.webp,0.113169,0.0,0.1516691665859041
database1/img00020757.webp,0.123725,0.0,0.1664129103833008
database1/img00020765.webp,0.148549,0.0,0.165875669448619
database1/img00020799.webp,0.406729,0.0,0.2390798103498218
database1/img00020831.webp,0.0,1.0,0.1199686384446678
database1/img00020839.webp,0.164052,0.0,0.1584599155648007
database1/img00020840.webp,0.164657,0.0,0.17657085920736
database1/img00020876.webp,0.039848,0.0,0.1695644933779198
database1/img00020958.webp,0.18413,1.0,0.1589031283462867
database1/img00021024.webp,0.011248,1.0,0.1753756002319917
database1/img00021028.webp,0.079159,0.0,0.1520583118451474
database1/img00021119.webp,0.231027,0.0,0.146815917641876
database1/img00021174.webp,0.029653,1.0,0.1669453724228817
database1/img00021203.webp,0.100309,1.0,0.2468728594080247
database1/img00021240.webp,0.12352,0.0,0.1738314658746186
database1/img00021256.webp,0.115372,0.0,0.1612870204884672
database1/img00021294.webp,0.230757,0.0,0.201754461551732
database1/img00021336.webp,0.216002,0.0,0.1751571841265301
database1/img00021374.webp,0.038864,0.0,0.1666896608233044
database1/img00021382.webp,0.023478,1.0,0.2593243888863295
database1/img00021398.webp,0.118902,0.0,0.2897245758534925
database1/img00021523.webp,0.125539,0.0,0.1688758823585598
database1/img00021529.webp,0.020743,0.0,0.1711672334864752
database1/img00021585.webp,0.323915,0.0,0.1787381726442798
database1/img00021592.webp,0.053661,1.0,0.1815213249658283
database1/img00021620.webp,0.012103,1.0,0.1796534008758361
database1/img00021622.webp,0.258145,0.0,0.1875728700759845
database1/img00021629.webp,0.347567,0.0,0.2102246950776421
database1/img00021724.webp,0.117861,0.0,0.1715138718769441
database1/img00021737.webp,0.042247,1.0,0.1676317146586388
database1/img00021763.webp,0.319156,0.0,0.2376657713923331
database1/img00021881.webp,0.200485,0.0,0.1612822593694945
database1/img00021891.webp,0.158308,0.0,0.1680043756350121
database1/img00022037.webp,0.280548,0.0,0.2040349572399316
database1/img00022062.webp,0.084716,1.0,0.1553770372350691
database1/img00022089.webp,0.105552,0.0,0.1660751023592981
database1/img00022098.webp,0.019455,1.0,0.1651105102247563
database1/img00022099.webp,0.017022,1.0,0.1854802048364815
database1/img00022106.webp,0.009696,1.0,0.1619551388931841
database1/img00022110.webp,0.247685,0.0,0.2352198753063057
database1/img00022174.webp,0.246505,1.0,0.1912415089301338
database1/img00022220.webp,0.197348,0.0,0.260452899466102
database1/img00022367.webp,0.130304,0.0,0.178833484207988
database1/img00022458.webp,0.178211,1.0,0.1364315453882092
database1/img00022462.webp,0.147091,1.0,0.1682544959498793
database1/img00022521.webp,0.025301,1.0,0.1574441235263799
database1/img00022669.webp,0.094607,1.0,0.2861961614052098
database1/img00022715.webp,0.056654,0.0,0.1428728774124142
database1/img00022789.webp,0.207616,0.0,0.2521781094231916
database1/img00022833.webp,0.037262,1.0,0.1710114636304167
database1/img00022848.webp,0.082086,0.0,0.1636646807709925
database1/img00022964.webp,0.170935,0.0,0.1774954656738837
database1/img00023014.webp,0.001544,1.0,0.2895912391954698
database1/img00023146.webp,0.103648,1.0,0.1873671265895758
database1/img00023176.webp,0.028973,1.0,0.2219333901827389
database1/img00023181.webp,0.102577,0.0,0.1741839737439055
database1/img00023337.webp,0.089515,0.0,0.156009230858806
database1/img00023439.webp,0.005019,1.0,0.1589084114433575
database1/img00023478.webp,0.105124,0.0,0.1525341095062217
database1/img00023517.webp,0.050744,0.0,0.1730642100691029
database1/img00023568.webp,0.010958,1.0,0.1807992289133781
database1/img00023725.webp,0.203847,0.0,0.1670993663547568
database1/img00023876.webp,0.079286,0.0,0.1601047098621287
database1/img00023903.webp,0.124474,0.0,0.1399910271272092
database1/img00024004.webp,0.151347,0.0,0.172474387131459
database1/img00024033.webp,0.008003,1.0,0.179371909267295
database1/img00024054.webp,0.158105,0.0,0.1671439434085805
database1/img00024075.webp,0.098827,0.0,0.1768939852215453
database1/img00024097.webp,0.056329,1.0,0.1633931074730638
database1/img00024151.webp,0.223931,0.0,0.1613145086805612
database1/img00024251.webp,0.125194,0.0,0.1661340658300104
database1/img00024286.webp,0.203387,0.0,0.2346867061929025
database1/img00024330.webp,0.039351,0.0,0.1891692295231206
database1/img00024429.webp,0.001011,1.0,0.1316953450646018
database1/img00024472.webp,0.231978,0.0,0.1893586188118316
database1/img00024480.webp,0.229159,0.0,0.1573048620018177
database1/img00024496.webp,0.010786,0.0,0.1791851416659803
database1/img00024553.webp,0.040348,1.0,0.1756397364724805
database1/img00024607.webp,0.016616,1.0,0.1833521004604378
database1/img00024687.webp,0.27365,0.0,0.1907759271869162
database1/img00024753.webp,0.192923,0.0,0.1830502540488355
database1/img00024774.webp,0.053221,0.0,0.1668363138809315
database1/img00025064.webp,0.015037,0.0,0.1483411415126336
database1/img00025075.webp,0.298755,0.0,0.2061646123177006
database1/img00025133.webp,0.155681,1.0,0.1736254945809572
database1/img00025166.webp,0.014644,0.0,0.1756676015587751
database1/img00025308.webp,0.026547,1.0,0.1714824256228016
database1/img00025347.webp,0.003317,1.0,0.178255401057738
database1/img00025392.webp,0.084647,0.0,0.1685459615061026
database1/img00025465.webp,0.083236,0.0,0.2054869256245651
database1/img00025509.webp,0.003962,0.0,0.1806503422559475
database1/img00025534.webp,0.073372,0.0,0.1585028363470142
database1/img00025566.webp,0.059194,1.0,0.1822424270325537
database1/img00025641.webp,0.045629,1.0,0.1829395872380527
database1/img00025678.webp,0.113275,0.0,0.1730711146658277
database1/img00025969.webp,0.033245,1.0,0.16862585763592
database1/img00026052.webp,0.217685,0.0,0.1741722448809023
database1/img00026073.webp,0.052874,0.0,0.1586079144310971
database1/img00026088.webp,0.15625,0.0,0.178068291163952
database1/img00026103.webp,0.013345,1.0,0.1858782317941632
database1/img00026169.webp,0.063574,1.0,0.2057107641727325
database1/img00026178.webp,0.317092,0.0,0.1958722756469593
database1/img00026249.webp,0.008453,1.0,0.1835779927508269
database1/img00026281.webp,0.219012,1.0,0.1830788653971917
database1/img00026282.webp,0.011198,1.0,0.1793503727827177
database1/img00026305.webp,0.138547,1.0,0.1822829542978923
database1/img00026333.webp,0.154155,0.0,0.1646851322779028
database1/img00026341.webp,0.145098,0.0,0.2702033787753231
database1/img00026380.webp,0.102089,0.0,0.177206986406131
database1/img00026418.webp,0.030072,1.0,0.1692179117404483
database1/img00026462.webp,0.007743,0.0,0.1665782780493916
database1/img00026473.webp,0.0,1.0,0.1568899843795286
database1/img00026493.webp,0.222605,0.0,0.170501425943193
database1/img00026505.webp,0.024604,1.0,0.189061618378256
database1/img00026554.webp,0.005176,1.0,0.1753359627380283
database1/img00026653.webp,0.0,0.0,0.1092164731872037
database1/img00026673.webp,0.305916,0.0,0.182416350682485
database1/img00026714.webp,0.210407,0.0,0.1771761098438604
database1/img00026908.webp,0.046474,0.0,0.1676806923249852
database1/img00027013.webp,0.003769,0.0,0.1554153803561942
database1/img00027032.webp,0.007456,0.0,0.1821269816259995
database1/img00027062.webp,0.046983,1.0,0.1667173969673033
database1/img00027147.webp,0.083316,1.0,0.1899821876790295
database1/img00027201.webp,0.173566,0.0,0.1705530862568195
database1/img00027213.webp,0.102301,0.0,0.1708435577440615
database1/img00027267.webp,0.025949,0.0,0.1675501756618029
database1/img00027278.webp,0.04282,0.0,0.1686128480687705
database1/img00027291.webp,0.037481,1.0,0.1763453077506191
database1/img00027300.webp,0.162757,0.0,0.1712685117173607
database1/img00027329.webp,0.120534,0.0,0.1295001197426542
database1/img00027355.webp,0.012954,0.0,0.1701513439148673
database1/img00027400.webp,0.093064,1.0,0.3244412466974563
database1/img00027672.webp,0.024684,0.0,0.1623370271059711
database1/img00027691.webp,0.263468,1.0,0.2003827551875053
database1/img00027708.webp,0.011879,1.0,0.2070922752824508
database1/img00027826.webp,0.008279,1.0,0.1657983085886328
database1/img00027870.webp,0.156292,0.0,0.1793579999953112
database1/img00027888.webp,0.010368,1.0,0.1768847517211544
database1/img00027943.webp,0.005057,1.0,0.1915338138658854
database1/img00027980.webp,0.1488,0.0,0.1716375142215193
database1/img00028069.webp,0.00506,1.0,0.186497044747939
database1/img00028087.webp,0.001205,1.0,0.1247033133262824
database1/img00028101.webp,0.0173,1.0,0.1617364523795134
database1/img00028174.webp,0.122309,0.0,0.1671460248711447
database1/img00028222.webp,0.107143,0.0,0.1608698645433447
database1/img00028224.webp,0.146398,0.0,0.1866125831204602
database1/img00028300.webp,0.012183,0.0,0.1649425483786466
database1/img00028356.webp,0.152613,0.0,0.1376567395943989
database1/img00028517.webp,0.382837,0.0,0.2077993396269951
database1/img00028551.webp,0.203166,0.0,0.2236831521962224
database1/img00028578.webp,0.061325,0.0,0.1597154546882248
database1/img00028581.webp,0.020189,1.0,0.1616055687258255
database1/img00028723.webp,0.12276,0.0,0.1772943720452756
database1/img00028742.webp,0.061928,0.0,0.1457221616671421
database1/img00028757.webp,0.031527,1.0,0.1765388971145759
database1/img00028784.webp,0.01652,0.0,0.1647521792254249
database1/img00028843.webp,0.045216,1.0,0.2092655921280374
database1/img00028942.webp,0.085705,0.0,0.1467069548821982
database1/img00029059.webp,0.201976,0.0,0.1762940194406786
database1/img00029154.webp,0.027398,0.0,0.2371722197857007
database1/img00029252.webp,0.011317,1.0,0.1799457900862571
database1/img00029315.webp,0.223811,0.0,0.1965799307617958
database1/img00029326.webp,0.073163,0.0,0.1524818870583977
database1/img00029393.webp,0.181547,0.0,0.1707763226298125
database1/img00029479.webp,0.172507,1.0,0.1910179281428363
database1/img00029527.webp,9.6e-05,1.0,0.1245806810431837
database1/img00029586.webp,0.049823,0.0,0.1717369116410909
database1/img00029691.webp,0.030185,1.0,0.1902000787890107
database1/img00029706.webp,0.21533,1.0,0.3325486467826857
database1/img00029758.webp,0.113217,0.0,0.1637785338948436
database1/img00029778.webp,0.154551,0.0,0.2025165253548407
database1/img00029960.webp,0.383842,0.0,0.2057854157004951
database2/database2/test/148.webp,0.048036,1.0,0.1657284073808017
database2/database2/test/190.webp,0.086509,1.0,0.2659702591495032
database2/database2/test/216.webp,0.245817,0.0,0.160866939104276
database2/database2/test/232.webp,0.275174,0.0,0.1670422508624518
database2/database2/test/239.webp,0.175156,0.0,0.1847695269027369
database2/database2/test/266.webp,0.213241,0.0,0.1757581361918818
database2/database2/test/34.webp,0.050154,0.0,0.1445808019623022
database2/database2/test/453.webp,0.089504,1.0,0.1166251522139441
database2/database2/test/472.webp,0.226614,1.0,0.2135078222009053
database2/database2/test/91.webp,0.465517,1.0,0.1887720435239659
database2/database2/train/1009.webp,0.104761,1.0,0.1942817547924738
database2/database2/train/1240.webp,0.146101,0.0,0.1757624936998013
database2/database2/train/1258.webp,0.246853,0.0,0.3323036723948741
database2/database2/train/127.webp,0.075508,0.0,0.1403611342429971
database2/database2/train/1279.webp,0.000502,1.0,0.2677502894435732
database2/database2/train/1311.webp,0.172932,1.0,0.3686106486828249
database2/database2/train/174.webp,0.051776,1.0,0.3701849007297675
database2/database2/train/203.webp,0.050641,1.0,0.1763791948221197
database2/database2/train/219.webp,0.142928,0.0,0.1888646770805623
database2/database2/train/233.webp,0.281943,1.0,0.20087461567895
database2/database2/train/26.webp,0.011878,0.0,0.1490225827350494
database2/database2/train/34.webp,0.095641,0.0,0.1677033503372375
database2/database2/train/433.webp,0.036418,1.0,0.1853402551702236
database2/database2/train/436.webp,0.026337,1.0,0.1307123168168917
database2/database2/train/515.webp,0.012181,1.0,0.1712052746682164
database2/database2/train/547.webp,0.0,1.0,0.1158169939137847
database2/database2/train/613.webp,0.048432,0.0,0.1527692922578447
database2/database2/train/624.webp,0.123039,1.0,0.2538954700341142
database2/database2/train/650.webp,0.113219,0.0,0.1650679116875206
database2/database2/train/766.webp,0.167917,0.0,0.2096280238480898
database2/database2/train/814.webp,0.3,0.0,0.2102426563453084
database2/database2/train/846.webp,0.020085,1.0,0.1816518383377732
database2/database2/train/900.webp,0.417188,1.0,0.1975051108316825
database2/database2/train/928.webp,0.09983,0.0,0.1727598435997656
database2/database2/train/97.webp,0.048559,1.0,0.1753825656000164
database2/database2/train/992.webp,0.32608,0.0,0.2090132224348352
database3/database3/m.0109kg/59-FaceId-0_align.webp,0.264823,0.0,0.2028936793724964
database3/database3/m.010bk0/59-FaceId-0_align.webp,0.021845,1.0,0.2638406988816623
database3/database3/m.010ngb/60-FaceId-0_align.webp,0.012915,1.0,0.1533330124124368
database3/database3/m.010p3/45-FaceId-0_align.webp,0.01465,1.0,0.1926185929209631
database3/database3/m.010p3/69-FaceId-0_align.webp,0.027584,1.0,0.1808070044706269
database3/database3/m.010p3/82-FaceId-0_align.webp,0.013896,1.0,0.1592114162575319
database3/database3/m.010wty2t/83-FaceId-1_align.webp,0.168202,1.0,0.2205938607028357
database3/database3/m.0112yl/20-FaceId-0_align.webp,0.035573,1.0,0.2093937700152018
database3/database3/m.01167d3z/34-FaceId-0_align.webp,0.37993,1.0,0.2139418021065438
database3/database3/m.01167d3z/74-FaceId-0_align.webp,0.319357,1.0,0.2002098547537038
database3/database3/m.011_0k/17-FaceId-0_align.webp,0.022011,1.0,0.1691452094829747
database3/database3/m.011_0k/3-FaceId-0_align.webp,0.017225,1.0,0.1843196658852645
database3/database3/m.011_0k/43-FaceId-0_align.webp,0.025252,1.0,0.1774730024344736
database3/database3/m.011_0k/77-FaceId-0_align.webp,0.126436,1.0,0.3337904240043813
database3/database3/m.011_2h/101-FaceId-0_align.webp,0.183945,0.0,0.1985312317187832
database3/database3/m.011_2h/18-FaceId-0_align.webp,0.139464,0.0,0.2739088047694053
database3/database3/m.011_2h/21-FaceId-0_align.webp,0.028243,0.0,0.1778956522826326
database3/database3/m.011_3d/107-FaceId-0_align.webp,0.091414,1.0,0.1943829327586372
database3/database3/m.011_3d/31-FaceId-0_align.webp,0.156269,1.0,0.1960352960133763
database3/database3/m.011_3d/35-FaceId-0_align.webp,0.154662,1.0,0.5825955644706744
database3/database3/m.011_3s/106-FaceId-0_align.webp,0.132155,0.0,0.1825512608325039
database3/database3/m.011_3s/93-FaceId-0_align.webp,0.255275,0.0,0.2083325236369429
database3/database3/m.011_8/14-FaceId-0_align.webp,0.108434,1.0,0.1730313010615906
database3/database3/m.011_nf/83-FaceId-0_align.webp,0.036792,1.0,0.1717157244163987
database3/database3/m.011_pk/73-FaceId-0_align.webp,0.106935,1.0,0.2001311340092183
database3/database3/m.011_pk/98-FaceId-0_align.webp,0.021278,1.0,0.1450526233230859
database3/database3/m.011_r9/15-FaceId-0_align.webp,0.000453,1.0,0.1520749934669485
database3/database3/m.011_r9/35-FaceId-0_align.webp,0.0,1.0,0.0954653679043896
database3/database3/m.011h_w/16-FaceId-0_align.webp,0.023388,1.0,0.2556057974955114
database3/database3/m.011h_w/57-FaceId-0_align.webp,0.034974,1.0,0.217360110720005
database3/database3/m.011hdn/3-FaceId-0_align.webp,0.144586,1.0,0.2388582790255148
database3/database3/m.011hm1/28-FaceId-0_align.webp,0.045589,0.0,0.2106805517977656
database3/database3/m.011hm1/59-FaceId-0_align.webp,0.308314,0.0,0.1742047859479565
database3/database3/m.011hmd/24-FaceId-0_align.webp,0.029049,1.0,0.2150835772234956
database3/database3/m.011jfg/102-FaceId-0_align.webp,0.016853,0.0,0.1713740163843082
database3/database3/m.011jfg/64-FaceId-0_align.webp,0.014724,0.0,0.180753241888067
database3/database3/m.011kd9/42-FaceId-0_align.webp,0.092666,1.0,0.0
database3/database3/m.011kd9/48-FaceId-0_align.webp,0.021031,1.0,0.2823540500211343
database3/database3/m.011l17/115-FaceId-0_align.webp,0.008147,1.0,0.1720002994942177
database3/database3/m.011l17/73-FaceId-0_align.webp,0.013848,1.0,0.1802283458711646
database3/database3/m.011l17/78-FaceId-0_align.webp,0.000371,1.0,0.1609665841949704
database3/database3/m.011lf5/30-FaceId-0_align.webp,0.003745,1.0,0.1710069033721238
database3/database3/m.011lhy/14-FaceId-0_align.webp,0.06605,1.0,0.1168761826556756
database3/database3/m.011m1y/65-FaceId-0_align.webp,0.010331,1.0,0.2505091794871657
database3/database3/m.011m1y/93-FaceId-0_align.webp,0.010174,1.0,0.1499846692334103
database3/database3/m.011m33/35-FaceId-0_align.webp,0.10764,0.0,0.1554450613563011
database3/database3/m.011m33/96-FaceId-0_align.webp,0.077455,0.0,0.198325739394768
database3/database3/m.011m33/98-FaceId-0_align.webp,0.093352,0.0,0.2655235012821524
database3/database3/m.011p3/100-FaceId-0_align.webp,0.261068,0.0,0.2120911846120536
database3/database3/m.011p3/38-FaceId-0_align.webp,0.260325,0.0,0.1699877168112336
database3/database3/m.011qm2/8-FaceId-0_align.webp,0.02115,1.0,0.1613231026487254
database3/database3/m.011w1b/4-FaceId-0_align.webp,0.011173,0.0,0.1688975123660504
database3/database3/m.011w1b/5-FaceId-0_align.webp,0.149673,0.0,0.1716660173057487
database3/database3/m.011w1b/65-FaceId-0_align.webp,0.028609,0.0,0.1653634584970243
database3/database3/m.011w1b/75-FaceId-0_align.webp,0.102741,0.0,0.171219814658916
database3/database3/m.011xgp/24-FaceId-0_align.webp,0.060348,1.0,0.1868171424037382
database3/database3/m.011xgp/72-FaceId-0_align.webp,0.024118,1.0,0.2503715597719583
database3/database3/m.011xjd/62-FaceId-0_align.webp,0.025855,1.0,0.1876368613926357
database3/database3/m.011xl3/35-FaceId-0_align.webp,0.101991,1.0,0.1995056794890926
database3/database3/m.011xl3/86-FaceId-0_align.webp,0.095741,1.0,0.2713423734207133
database3/database3/m.011xl3/92-FaceId-0_align.webp,0.15032,1.0,0.1948780344108898
database3/database3/m.011xl3/99-FaceId-0_align.webp,0.04585,1.0,0.16815653725662
database3/database3/m.011xll/89-FaceId-0_align.webp,0.057752,1.0,0.2454784289214468
database3/database3/m.011ybj/52-FaceId-0_align.webp,0.042728,1.0,0.1636387582581943
database3/database3/m.011ybj/61-FaceId-0_align.webp,0.033422,1.0,0.1583825462343059
database3/database3/m.011yx0/17-FaceId-0_align.webp,0.03676,1.0,0.1720621374616328
database3/database3/m.011yx0/7-FaceId-0_align.webp,0.025923,1.0,0.161162229382111
database3/database3/m.011z69/22-FaceId-0_align.webp,0.003956,1.0,0.1297731972450385
database3/database3/m.011z69/27-FaceId-0_align.webp,0.057013,1.0,0.1443822732523491
database3/database3/m.011z69/67-FaceId-0_align.webp,0.026898,1.0,0.1611622830929393
database3/database3/m.011zfk/22-FaceId-0_align.webp,0.214757,1.0,0.1361447247786428
database3/database3/m.011zfz/75-FaceId-0_align.webp,0.159958,0.0,0.1760695683272919
database3/database3/m.011zg9/22-FaceId-0_align.webp,0.107141,0.0,0.1529570892584735
database3/database3/m.011zg9/39-FaceId-0_align.webp,0.053582,0.0,0.1537556704885945
database3/database3/m.011zgs/52-FaceId-0_align.webp,0.127677,0.0,0.2411062448750692
database3/database3/m.011zkh/84-FaceId-0_align.webp,0.008351,1.0,0.1590128477156676
database3/database3/m.011zwl/37-FaceId-0_align.webp,0.073722,1.0,0.1583606847243572
database3/database3/m.01200d/24-FaceId-0_align.webp,0.036817,1.0,0.1428220359554484
database3/database3/m.01200d/80-FaceId-0_align.webp,0.017066,1.0,0.1602927379223708
database3/database3/m.012052/1-FaceId-0_align.webp,0.109494,1.0,0.1661673478472912
database3/database3/m.012052/30-FaceId-0_align.webp,0.193814,1.0,0.3244120988893538
database3/database3/m.012052/63-FaceId-0_align.webp,0.135953,1.0,0.2121126980339312
database3/database3/m.0122lq/12-FaceId-0_align.webp,0.034174,1.0,0.1312663703682265
database3/database3/m.0122lq/62-FaceId-0_align.webp,0.002899,1.0,0.2296118494872578
database3/database3/m.0122lq/73-FaceId-0_align.webp,0.026793,1.0,0.1567247702923205
database3/database3/m.0122m5/94-FaceId-0_align.webp,0.003731,1.0,0.2723283537007309
database3/database3/m.01233w/1-FaceId-0_align.webp,0.049894,1.0,0.1578215494668185
database3/database3/m.01233w/25-FaceId-0_align.webp,0.043404,1.0,0.1677659845167041
database3/database3/m.01239/57-FaceId-0_align.webp,0.01656,1.0,0.1866194118895179
database3/database3/m.01239/68-FaceId-0_align.webp,0.012855,1.0,0.1667450493201
database3/database3/m.0123x2/101-FaceId-0_align.webp,0.244668,1.0,0.1876175426585579
database3/database3/m.01241v/54-FaceId-0_align.webp,0.010871,1.0,0.1491946675980415
database3/database3/m.0124t/70-FaceId-0_align.webp,0.066352,0.0,0.21726635382733
database3/database3/m.01257s/41-FaceId-1_align.webp,0.025408,1.0,0.1668102186751685
database3/database3/m.0126rp/46-FaceId-0_align.webp,0.064149,1.0,0.1555866428076285
database3/database3/m.0126rp/48-FaceId-0_align.webp,0.020111,1.0,0.1586990785974554
database3/database3/m.0126y2/49-FaceId-0_align.webp,0.042913,1.0,0.1649677489079659
database3/database3/m.0126y2/81-FaceId-0_align.webp,0.011658,1.0,0.2647988091118772
database3/database3/m.0126y2/92-FaceId-0_align.webp,0.2594,1.0,0.2227924115168818
database3/database3/m.01270s/15-FaceId-0_align.webp,0.00523,1.0,0.1325654976641791
database3/database3/m.01270s/43-FaceId-0_align.webp,0.024273,1.0,0.1670255843269306
database3/database3/m.01271_/40-FaceId-0_align.webp,0.046844,0.0,0.1760712658671556
database3/database3/m.01271_/42-FaceId-0_align.webp,0.082785,0.0,0.183337750694509
database3/database3/m.01271_/92-FaceId-0_align.webp,0.131196,0.0,0.1730990137253885
database3/database3/m.0127fx/6-FaceId-0_align.webp,0.010653,1.0,0.1632367894927363
database3/database3/m.0127gn/12-FaceId-0_align.webp,0.02417,1.0,0.1438597432372048
database3/database3/m.0127tk/114-FaceId-0_align.webp,0.088119,1.0,0.1550467148292164
database3/database3/m.0127tk/121-FaceId-0_align.webp,0.110272,1.0,0.1939152886592935
database3/database3/m.0127tk/32-FaceId-0_align.webp,0.044592,1.0,0.1725685069747266
database3/database3/m.0127tk/61-FaceId-0_align.webp,0.157887,1.0,0.189539172264264
database3/database3/m.0127tk/75-FaceId-0_align.webp,0.118857,1.0,0.1976138538500529
database3/database3/m.0127tk/83-FaceId-0_align.webp,0.180049,1.0,0.1681576343004043
database3/database3/m.0127zt/62-FaceId-0_align.webp,0.099007,0.0,0.1764930397996651
database3/database3/m.012801/76-FaceId-0_align.webp,0.060329,1.0,0.163823987131734
database3/database3/m.012981/36-FaceId-0_align.webp,0.038673,1.0,0.1346930843080162
database3/database3/m.012_53/112-FaceId-0_align.webp,0.081654,0.0,0.1586835901466572
database3/database3/m.012_53/73-FaceId-0_align.webp,0.056783,0.0,0.1638268473540148
database3/database3/m.012_jj/10-FaceId-0_align.webp,0.005143,1.0,0.1498664263612649
database3/database3/m.012_jj/103-FaceId-0_align.webp,0.04174,1.0,0.1237227053883761
database3/database3/m.012_jj/83-FaceId-0_align.webp,0.123978,1.0,0.1552921689596088
database3/database3/m.012c6j/57-FaceId-0_align.webp,0.0,1.0,0.0951267174659719
database3/database3/m.012c6x/43-FaceId-0_align.webp,0.000386,1.0,0.1831913673200455
database3/database3/m.012c8f/13-FaceId-0_align.webp,0.010098,1.0,0.2041009616256004
database3/database3/m.012c8f/85-FaceId-0_align.webp,0.121074,1.0,0.2351193700447042
database3/database3/m.012ck8/1-FaceId-0_align.webp,0.250793,0.0,0.252340283243806
database3/database3/m.012cm5/19-FaceId-0_align.webp,0.050828,1.0,0.1644238667948133
database3/database3/m.012cm5/75-FaceId-0_align.webp,0.032775,1.0,0.0924133610221632
database3/database3/m.012cm5/90-FaceId-0_align.webp,0.082057,1.0,0.1702637934263537
database3/database3/m.012cnn/11-FaceId-0_align.webp,0.107545,0.0,0.148758546665649
database3/database3/m.012cph/108-FaceId-0_align.webp,0.01551,1.0,0.149509789111975
database3/database3/m.012cph/17-FaceId-0_align.webp,0.005549,1.0,0.1910895198497186
database3/database3/m.012cph/68-FaceId-0_align.webp,0.017584,1.0,0.1822447815364597
database3/database3/m.012cyp/33-FaceId-0_align.webp,0.012748,0.0,0.1418866607132043
database3/database3/m.012cyp/43-FaceId-0_align.webp,0.207358,0.0,0.1670480935556201
database3/database3/m.012cyp/7-FaceId-0_align.webp,0.030272,0.0,0.1515457602497898
database3/database3/m.012czd/35-FaceId-0_align.webp,0.035058,0.0,0.1371676176790931
database3/database3/m.012czd/90-FaceId-0_align.webp,0.001711,0.0,0.1631408384420723
database3/database3/m.012dtw/86-FaceId-0_align.webp,0.075626,1.0,0.2380823144640882
database3/database3/m.012fgx/58-FaceId-0_align.webp,0.039289,1.0,0.1390087409979921
database3/database3/m.012g8l/75-FaceId-0_align.webp,0.015517,1.0,0.2061302972764316
database3/database3/m.012gbb/1-FaceId-0_align.webp,0.057132,0.0,0.1977562375524613
database3/database3/m.012gbb/104-FaceId-0_align.webp,0.023381,0.0,0.157553924791782
database3/database3/m.012gbb/86-FaceId-0_align.webp,0.070682,0.0,0.1892607782323198
database3/database3/m.012gdw/54-FaceId-0_align.webp,0.06697,1.0,0.1289672128567384
database3/database3/m.012gl8/17-FaceId-0_align.webp,0.06567,0.0,0.1733285694363202
database3/database3/m.012gl8/38-FaceId-0_align.webp,0.063039,0.0,0.1675237711659368
database3/database3/m.012gq6/33-FaceId-0_align.webp,0.016946,1.0,0.141148772007008
database3/database3/m.012gr9/29-FaceId-0_align.webp,0.156273,0.0,0.2102354223841938
database3/database3/m.012gx2/64-FaceId-0_align.webp,0.000577,1.0,0.1650993392052557
database3/database3/m.012gx2/77-FaceId-0_align.webp,0.126437,1.0,0.1991153829843517
database3/database3/m.012gx2/8-FaceId-0_align.webp,0.019361,1.0,0.1378302903846411
database3/database3/m.012gx2/99-FaceId-0_align.webp,0.025003,1.0,0.1814786512069167
database3/database3/m.012h65/109-FaceId-0_align.webp,0.210562,1.0,0.3774527306913062
database3/database3/m.012hqb/33-FaceId-0_align.webp,0.004406,1.0,0.1933637364445067
database3/database3/m.012hr4/21-FaceId-0_align.webp,0.126033,1.0,0.1682335791621672
database3/database3/m.012hr4/67-FaceId-0_align.webp,0.183915,1.0,0.1611141591800074
database3/database3/m.012hr4/74-FaceId-0_align.webp,0.037244,1.0,0.1665214128698754
database3/database3/m.012hsb/101-FaceId-0_align.webp,0.192286,1.0,0.16279403329081
database3/database3/m.012hsb/74-FaceId-0_align.webp,0.057902,1.0,0.1753456406649107
database3/database3/m.012hz4/77-FaceId-0_align.webp,0.118119,0.0,0.2096146601270456
database3/database3/m.012j2r/108-FaceId-0_align.webp,0.027644,1.0,0.1514577739089979
database3/database3/m.012j2r/38-FaceId-0_align.webp,0.010758,1.0,0.1707330239919201
database3/database3/m.012j2r/9-FaceId-0_align.webp,0.029992,1.0,0.145182584049452
database3/database3/m.012kdb/7-FaceId-0_align.webp,0.154185,0.0,0.1687905134975428
database3/database3/m.012kk4/31-FaceId-1_align.webp,0.026924,1.0,0.1554778664500088
database3/database3/m.012l22/20-FaceId-0_align.webp,0.182682,1.0,0.3054874288963416
database3/database3/m.012l22/56-FaceId-0_align.webp,0.079127,1.0,0.2563624918514007
database3/database3/m.012lyg/82-FaceId-0_align.webp,0.015571,1.0,0.1466736079868034
database3/database3/m.012m1c/109-FaceId-0_align.webp,0.052592,0.0,0.1626750531023043
database3/database3/m.012m1c/113-FaceId-0_align.webp,0.018979,0.0,0.164733965937168
database3/database3/m.012m1c/56-FaceId-0_align.webp,0.076711,0.0,0.1323294427430029
database3/database3/m.012m7r/99-FaceId-0_align.webp,0.002972,1.0,0.3778067283942357
database3/database3/m.012mh_/3-FaceId-0_align.webp,0.065168,1.0,0.1550964783341068
database3/database3/m.012mh_/6-FaceId-0_align.webp,0.002681,1.0,0.1420466192356454
database3/database3/m.012mk7/90-FaceId-0_align.webp,0.032433,1.0,0.1393720004861063
database3/database3/m.012ml0/96-FaceId-0_align.webp,0.031451,1.0,0.1590910099253661
database3/database3/m.012mmb/47-FaceId-0_align.webp,0.146313,0.0,0.2186561840154443
database3/database3/m.012mn4/43-FaceId-0_align.webp,0.005783,1.0,0.1534824325791533
database3/database3/m.012nry/108-FaceId-0_align.webp,0.006878,1.0,0.1245899143373373
database3/database3/m.012nry/28-FaceId-0_align.webp,0.006764,1.0,0.2113554105123774
database3/database3/m.012nry/3-FaceId-0_align.webp,0.008173,1.0,0.1663058431478251
database3/database3/m.012nry/57-FaceId-0_align.webp,0.00436,1.0,0.1753907691684647
database3/database3/m.012pjh/2-FaceId-0_align.webp,0.0,1.0,0.1845654508700117
database3/database3/m.012q4n/50-FaceId-0_align.webp,0.004622,1.0,0.2353764409328582
database3/database3/m.012qfw/20-FaceId-1_align.webp,0.162552,0.0,0.1394719094877779
database3/database3/m.012qfw/41-FaceId-0_align.webp,0.211858,0.0,0.1421458086186899
database3/database3/m.012qgc/82-FaceId-0_align.webp,0.002042,1.0,0.1744902673445263
database3/database3/m.012rng/35-FaceId-0_align.webp,0.036379,1.0,0.2259534613333854
database3/database3/m.012rng/47-FaceId-0_align.webp,0.022161,1.0,0.4294276625732231
database3/database3/m.012rng/48-FaceId-0_align.webp,0.01786,1.0,0.1648657690117362
database3/database3/m.012rth/93-FaceId-0_align.webp,0.046323,1.0,0.4295923909422612
database3/database3/m.012s1x/11-FaceId-0_align.webp,0.049377,1.0,0.1681621438507311
database3/database3/m.012s5j/122-FaceId-0_align.webp,0.205872,0.0,0.206247145967223
database3/database3/m.012s9f/0-FaceId-0_align.webp,0.000412,1.0,0.1418856240122286
database3/database3/m.012st7/14-FaceId-0_align.webp,0.003821,1.0,0.2868387724206912
database3/database3/m.012t1d/17-FaceId-0_align.webp,0.167599,1.0,0.1563524773355292
database3/database3/m.012t1d/37-FaceId-0_align.webp,0.016467,1.0,0.1641576888356593
database3/database3/m.012t1d/80-FaceId-0_align.webp,0.014504,1.0,0.2180749517652466
database3/database3/m.012t3l/22-FaceId-0_align.webp,0.012766,1.0,0.0
database3/database3/m.012t7s/3-FaceId-0_align.webp,0.014581,1.0,0.1466609167130466
database3/database3/m.012tmz/123-FaceId-0_align.webp,0.001629,1.0,0.1413775996181702
database3/database3/m.012v1t/29-FaceId-0_align.webp,0.118114,0.0,0.1646635909366345
database3/database3/m.012v1t/67-FaceId-0_align.webp,0.072956,0.0,0.15780366018644
database3/database3/m.012v1t/93-FaceId-0_align.webp,0.033657,0.0,0.1653101932420032
database3/database3/m.012vby/3-FaceId-0_align.webp,0.002151,1.0,0.288120817417712
database3/database3/m.012vby/36-FaceId-0_align.webp,0.0,1.0,0.1302167096713139
database3/database3/m.012vd6/49-FaceId-0_align.webp,0.124288,0.0,0.1914431154130066
database3/database3/m.012vd6/5-FaceId-0_align.webp,0.104381,0.0,0.168255331914861
database3/database3/m.012vd6/75-FaceId-1_align.webp,0.054381,0.0,0.2788965437102136
database3/database3/m.012vf6/90-FaceId-0_align.webp,0.069167,0.0,0.1939855870358148
database3/database3/m.012vhn/10-FaceId-0_align.webp,0.009813,1.0,0.1416026045384747
database3/database3/m.012vhn/4-FaceId-0_align.webp,0.005793,1.0,0.0911087272046646
database3/database3/m.012vq0/30-FaceId-0_align.webp,0.028246,1.0,0.1592011071222394
database3/database3/m.012vq0/67-FaceId-0_align.webp,0.017872,1.0,0.1730313744112429
database3/database3/m.012vqh/80-FaceId-0_align.webp,0.078239,0.0,0.1853419324760325
database3/database3/m.012w05/52-FaceId-0_align.webp,0.000408,1.0,0.2248346946379491
database3/database3/m.012w3k/19-FaceId-0_align.webp,0.109411,1.0,0.2348513959109614
database3/database3/m.012w3k/33-FaceId-0_align.webp,0.07009,1.0,0.1735943979797412
database3/database3/m.012w3k/4-FaceId-0_align.webp,0.071086,1.0,0.1881956288766015
database3/database3/m.012wfh/73-FaceId-0_align.webp,0.055456,0.0,0.3426554814208617
database3/database3/m.012wfh/77-FaceId-0_align.webp,0.055,0.0,0.1781487750663085
database3/database3/m.012wgv/56-FaceId-0_align.webp,0.072911,1.0,0.1907399169914602
database3/database3/m.012x2b/18-FaceId-0_align.webp,0.0,1.0,0.1812455200411398
database3/database3/m.012x2b/46-FaceId-0_align.webp,0.039092,1.0,0.1736966426262394
database3/database3/m.012x2b/54-FaceId-0_align.webp,0.049838,1.0,0.1540745956826276
database3/database3/m.012x2b/72-FaceId-0_align.webp,0.008788,1.0,0.1506341198713716
database3/database3/m.012x5/81-FaceId-0_align.webp,0.058123,0.0,0.1903486955782029
database3/database3/m.012xdy/81-FaceId-0_align.webp,0.012382,1.0,0.1913367180218537
database3/database3/m.012xls/57-FaceId-0_align.webp,0.114584,1.0,0.5766041717680876
database3/database3/m.012xls/70-FaceId-0_align.webp,0.126797,1.0,0.1356067447820218
database3/database3/m.012xls/74-FaceId-0_align.webp,0.018384,1.0,0.3087420088776521
database3/database3/m.012y1h/86-FaceId-0_align.webp,0.123838,1.0,0.2005068941807364
database3/database3/m.012ycy/16-FaceId-0_align.webp,0.002336,1.0,0.1944547251014399
database3/database3/m.012ycy/21-FaceId-0_align.webp,0.164069,1.0,0.1735714009536774
database3/database3/m.012ycy/73-FaceId-0_align.webp,0.017165,1.0,0.199008845152716
database3/database3/m.012ycy/99-FaceId-0_align.webp,0.136797,1.0,0.0970486230880939
database3/database3/m.012yg1/19-FaceId-0_align.webp,0.003406,1.0,0.2441191377453373
database3/database3/m.012yg1/21-FaceId-0_align.webp,0.007301,1.0,0.1416139590180837
database3/database3/m.012yg1/66-FaceId-0_align.webp,0.007466,1.0,0.2391406137610338
database3/database3/m.012yhd/22-FaceId-0_align.webp,0.043044,1.0,0.1901939570582273
database3/database3/m.012yhd/41-FaceId-0_align.webp,0.014599,1.0,0.1882239220132268
database3/database3/m.012yhd/87-FaceId-0_align.webp,0.016417,1.0,0.198326542764522
database3/database3/m.012ysy/40-FaceId-0_align.webp,0.005784,1.0,0.1711323969923056
database3/database3/m.012yxk/51-FaceId-0_align.webp,0.111796,1.0,0.2116330549191024
database3/database3/m.012z8_/39-FaceId-0_align.webp,0.076699,1.0,0.1436924256665082
database3/database3/m.012zrl/119-FaceId-0_align.webp,0.19435,0.0,0.1417958857348006
database3/database3/m.012zrl/22-FaceId-0_align.webp,0.184216,0.0,0.1785838240596026
database3/database3/m.012zrl/34-FaceId-0_align.webp,0.221002,0.0,0.2358667419604072
database3/database3/m.01300z/111-FaceId-0_align.webp,0.011168,1.0,0.1592366665070215
database3/database3/m.01300z/46-FaceId-0_align.webp,0.004916,1.0,0.165971281092827
database3/database3/m.01306d/26-FaceId-0_align.webp,0.043181,1.0,0.198159007848945
database3/database3/m.0130py/108-FaceId-0_align.webp,0.041408,1.0,0.2959891189043871
database3/database3/m.0130py/9-FaceId-0_align.webp,0.045214,1.0,0.147773768632321
database3/database3/m.0130sy/65-FaceId-0_align.webp,0.067207,1.0,0.1881074319156496
database3/database3/m.013107/34-FaceId-0_align.webp,0.131929,0.0,0.1709262075411174
database3/database3/m.0131kb/28-FaceId-0_align.webp,0.0,1.0,0.1006646191583581
database3/database3/m.0131kb/47-FaceId-0_align.webp,0.0,1.0,0.1527439646886119
database3/database3/m.0131kb/76-FaceId-0_align.webp,0.081559,1.0,0.2539037761716846
database3/database3/m.013267/23-FaceId-0_align.webp,0.049038,1.0,0.158877468077617
database3/database3/m.0132k4/103-FaceId-0_align.webp,0.076004,1.0,0.2274394817323351
database3/database3/m.0132k4/97-FaceId-0_align.webp,0.101202,1.0,0.1970006213369022
database3/database3/m.0132kn/100-FaceId-0_align.webp,0.045478,1.0,0.1792011106871188
database3/database3/m.0132q1/29-FaceId-0_align.webp,0.017581,0.0,0.1690140042122488
database3/database3/m.013339/106-FaceId-0_align.webp,0.058305,1.0,0.1554943751120417
database3/database3/m.013339/23-FaceId-0_align.webp,0.255508,1.0,0.2029170306197855
database3/database3/m.013339/80-FaceId-0_align.webp,0.066481,1.0,0.2142957930281646
database3/database3/m.01338h/81-FaceId-0_align.webp,0.088482,0.0,0.1485646071869813
database3/database3/m.0133c4/15-FaceId-0_align.webp,0.207364,1.0,0.1644011242935736
database3/database3/m.0133x7/100-FaceId-0_align.webp,0.144974,0.0,0.1708701411890869
database3/database3/m.0133yt/45-FaceId-0_align.webp,0.102482,1.0,0.2226145953710467
database3/database3/m.01341q/51-FaceId-0_align.webp,0.043853,1.0,0.257360121324184
database3/database3/m.013423/105-FaceId-0_align.webp,0.016474,0.0,0.2491978267210703
database3/database3/m.013423/43-FaceId-0_align.webp,0.10846,0.0,0.1619018388480844
database3/database3/m.0134cp/27-FaceId-0_align.webp,0.030912,1.0,0.2011535768042824
database3/database3/m.0134cp/34-FaceId-1_align.webp,0.031754,1.0,0.1836524315774133
database3/database3/m.0134cp/53-FaceId-0_align.webp,0.019724,1.0,0.1709836906621313
database3/database3/m.0134dc/38-FaceId-0_align.webp,0.000768,1.0,0.1965728493266556
database3/database3/m.0134dc/73-FaceId-0_align.webp,0.003398,1.0,0.2653227299257086
database3/database3/m.0134fr/66-FaceId-0_align.webp,0.01299,1.0,0.165354923777863
database3/database3/m.0134fr/82-FaceId-0_align.webp,0.004786,1.0,0.1996094095120459
database3/database3/m.0134wr/11-FaceId-2_align.webp,0.000566,1.0,0.1029139284327736
database3/database3/m.0134wr/30-FaceId-2_align.webp,0.080915,1.0,0.1561596402205834
database3/database3/m.0134wr/52-FaceId-2_align.webp,0.028557,1.0,0.2109974794572587
database3/database3/m.0134wr/65-FaceId-1_align.webp,0.001253,1.0,0.1521613412234512
database3/database3/m.0134wr/69-FaceId-2_align.webp,0.064238,1.0,0.1641624989766343
database3/database3/m.0134wr/89-FaceId-1_align.webp,0.188914,1.0,0.1165183729912527
database3/database3/m.0135nb/89-FaceId-0_align.webp,0.051256,1.0,0.1716636281947432
database3/database3/m.01368v/100-FaceId-0_align.webp,0.078994,0.0,0.1576142035954879
database3/database3/m.01368v/58-FaceId-0_align.webp,0.186435,0.0,0.1574609004818389
database3/database3/m.01368v/59-FaceId-1_align.webp,0.101878,0.0,0.1444944196535068
database3/database3/m.0136ms/38-FaceId-0_align.webp,0.015722,1.0,0.1525260963471846
database3/database3/m.0136p1/103-FaceId-0_align.webp,0.341015,0.0,0.2163614468077701
database3/database3/m.0136p1/13-FaceId-0_align.webp,0.259257,0.0,0.1915378251594452
database3/database3/m.0136p1/66-FaceId-0_align.webp,0.075301,0.0,0.1677531010247365
database3/database3/m.0136pk/68-FaceId-0_align.webp,0.195786,1.0,0.2095872620533475
database3/database3/m.0136pk/87-FaceId-0_align.webp,0.172482,1.0,0.1940242591787169
database3/database3/m.0136tm/24-FaceId-0_align.webp,0.011359,1.0,0.1692469422024914
database3/database3/m.0137s4/92-FaceId-0_align.webp,0.014219,1.0,0.5688556094407865
database3/database3/m.01380_/30-FaceId-0_align.webp,0.062935,1.0,0.2336351335768998
database3/database3/m.01380_/84-FaceId-0_align.webp,0.019541,1.0,0.1729871920117927
database3/database3/m.013823/15-FaceId-0_align.webp,0.004502,1.0,0.1428882086339652
database3/database3/m.013823/5-FaceId-0_align.webp,0.029677,1.0,0.1352251626512543
database3/database3/m.013846/35-FaceId-0_align.webp,0.005272,1.0,0.1791355340616302
database3/database3/m.013846/71-FaceId-0_align.webp,0.036782,1.0,0.1707272307429933
database3/database3/m.01386_/97-FaceId-0_align.webp,0.01382,1.0,0.1493194877044287
database3/database3/m.01386m/93-FaceId-0_align.webp,0.049853,1.0,0.1848630068652018
database3/database3/m.01387g/36-FaceId-0_align.webp,0.020561,1.0,0.1483756569272637
database3/database3/m.01387g/90-FaceId-0_align.webp,0.00159,1.0,0.126316879861712
database3/database3/m.01387y/2-FaceId-0_align.webp,0.062856,1.0,0.1896245397671254
database3/database3/m.01387y/32-FaceId-0_align.webp,0.048091,1.0,0.1896013008209867
database3/database3/m.01387y/46-FaceId-0_align.webp,0.0006,1.0,0.1450046468784287
database3/database3/m.01388c/29-FaceId-0_align.webp,0.136546,1.0,0.1796476252547326
database3/database3/m.01388c/82-FaceId-0_align.webp,0.007483,1.0,0.1848511507738951
database3/database3/m.01388c/92-FaceId-0_align.webp,0.007604,1.0,0.1630769957879587
database3/database3/m.01389w/75-FaceId-1_align.webp,0.011085,1.0,0.1267056575024725
database3/database3/m.01389w/76-FaceId-0_align.webp,0.018887,1.0,0.1639565147524871
database3/database3/m.0138b7/49-FaceId-0_align.webp,0.173256,1.0,0.1455203897648107
database3/database3/m.0138b7/63-FaceId-0_align.webp,0.091583,1.0,0.2980961527622386
database3/database3/m.0138m1/11-FaceId-0_align.webp,0.033355,1.0,0.1913798177674031
database3/database3/m.0138m1/60-FaceId-0_align.webp,0.027664,1.0,0.1410228255878502
database3/database3/m.0139rh/103-FaceId-0_align.webp,0.008771,1.0,0.1531046419483223
database3/database3/m.0139rh/5-FaceId-0_align.webp,0.009412,1.0,0.1348658352815551
database3/database3/m.013_4m/89-FaceId-0_align.webp,0.106225,1.0,0.1404812052064591
database3/database3/m.013_gz/96-FaceId-0_align.webp,0.14677,0.0,0.1766511749093469
database3/database3/m.013_tp/47-FaceId-0_align.webp,0.000171,1.0,0.1902083232401067
database3/database3/m.013b7z/45-FaceId-0_align.webp,0.025843,1.0,0.1802407908916885
database3/database3/m.013bym/61-FaceId-0_align.webp,0.110889,0.0,0.1714193188714139
database3/database3/m.013bym/65-FaceId-0_align.webp,0.249006,0.0,0.1468951730751644
database3/database3/m.013bym/66-FaceId-0_align.webp,0.288548,0.0,0.1923504869482061
database3/database3/m.013bym/71-FaceId-0_align.webp,0.115164,0.0,0.1677572101369266
database3/database3/m.013m5y/73-FaceId-0_align.webp,0.0,1.0,0.1778473998752622
database3/database3/m.013p_0/60-FaceId-0_align.webp,0.015459,1.0,0.0
database3/database3/m.013p_j/3-FaceId-0_align.webp,0.046784,1.0,0.1672293956771134
database3/database3/m.013p_j/43-FaceId-0_align.webp,0.026287,1.0,0.1640686787495608
database3/database3/m.013p_w/1-FaceId-0_align.webp,0.045903,0.0,0.1916516920474857
database3/database3/m.013p_w/90-FaceId-1_align.webp,0.028906,0.0,0.2022092210595171
database3/database3/m.013pp3/83-FaceId-0_align.webp,0.052247,1.0,0.2270089489082938
database3/database3/m.013ppl/76-FaceId-0_align.webp,0.018885,1.0,0.1538144089515183
database3/database3/m.013q78/86-FaceId-0_align.webp,0.03,1.0,0.1734030657264555
database3/database3/m.013q8x/26-FaceId-0_align.webp,0.110943,1.0,0.1762968780656636
database3/database3/m.013q8x/42-FaceId-0_align.webp,0.056383,1.0,0.160520384375161
database3/database3/m.013q8x/99-FaceId-0_align.webp,0.005069,1.0,0.1661441052394674
database3/database3/m.013qb0/82-FaceId-0_align.webp,0.080376,1.0,0.1773414171254498
database3/database3/m.013qb0/94-FaceId-0_align.webp,0.14541,1.0,0.1641808129289888
database3/database3/m.013qjp/42-FaceId-0_align.webp,0.027503,1.0,0.165303960089199
database3/database3/m.013qjp/83-FaceId-0_align.webp,0.014,1.0,0.1718589962821631
database3/database3/m.013qpt/31-FaceId-0_align.webp,0.020067,1.0,0.1609402324363165
database3/database3/m.013qq4/70-FaceId-0_align.webp,0.020855,1.0,0.1510683456685829
database3/database3/m.013qwl/61-FaceId-0_align.webp,0.006336,1.0,0.1596794553336368
database3/database3/m.013qwy/18-FaceId-0_align.webp,0.050242,1.0,0.1690185624106558
database3/database3/m.013qy3/30-FaceId-0_align.webp,0.004735,1.0,0.2443687955509733
database3/database3/m.013qy3/92-FaceId-0_align.webp,0.026678,1.0,0.1508959150645699
database3/database3/m.013qyh/56-FaceId-1_align.webp,0.057576,1.0,0.293051421640402
database3/database3/m.013r6h/27-FaceId-0_align.webp,0.054123,1.0,0.1103513279359381
database3/database3/m.013r6h/46-FaceId-0_align.webp,0.123792,1.0,0.4726539027306121
database3/database3/m.013s1b/47-FaceId-0_align.webp,0.148289,1.0,0.177942224807103
database3/database3/m.013s1t/21-FaceId-0_align.webp,0.005317,1.0,0.1643887163623044
database3/database3/m.013s3/75-FaceId-0_align.webp,0.061568,1.0,0.2363115979345939
database3/database3/m.013s6x/6-FaceId-0_align.webp,0.031839,1.0,0.1591550555166253
database3/database3/m.013s8s/33-FaceId-0_align.webp,0.074629,0.0,0.1583034692932637
database3/database3/m.013sjh/7-FaceId-0_align.webp,0.189385,1.0,0.219739572790772
database3/database3/m.013t9y/12-FaceId-0_align.webp,0.013435,1.0,0.2268451117844181
database3/database3/m.013tjc/54-FaceId-0_align.webp,0.0,1.0,0.1697837640410422
database3/database3/m.013tjc/56-FaceId-0_align.webp,0.015964,1.0,0.1681258540722397
database3/database3/m.013v12/3-FaceId-0_align.webp,0.018587,1.0,0.159837387410081
database3/database3/m.013v12/7-FaceId-0_align.webp,0.019979,1.0,0.1736269491216455
database3/database3/m.013v5j/57-FaceId-0_align.webp,0.119854,0.0,0.1575821344903253
database3/database3/m.013vdl/109-FaceId-0_align.webp,0.167747,0.0,0.1366902547551832
database3/database3/m.013vdl/32-FaceId-0_align.webp,0.021263,0.0,0.1544073117016003
database3/database3/m.013vtr/20-FaceId-0_align.webp,0.015954,1.0,0.165385395631285
database3/database3/m.013w7j/20-FaceId-0_align.webp,0.009375,1.0,0.2348080107520399
database3/database3/m.013w7j/32-FaceId-0_align.webp,0.001151,1.0,0.1768945739968793
database3/database3/m.013w7j/64-FaceId-0_align.webp,0.008592,1.0,0.2458854870479725
database3/database3/m.013w8h/4-FaceId-0_align.webp,0.094597,1.0,0.1562932020302393
database3/database3/m.013wt0/40-FaceId-1_align.webp,0.123008,0.0,0.1727305220021419
database3/database3/m.013wz9/26-FaceId-0_align.webp,0.18678,0.0,0.1649362677407969
database3/database3/m.013wz9/73-FaceId-0_align.webp,0.219059,0.0,0.1597371511690483
database3/database3/m.013xhr/100-FaceId-0_align.webp,0.00219,1.0,0.1956162591357013
database3/database3/m.013xhr/23-FaceId-0_align.webp,0.015916,1.0,0.1744150734452297
database3/database3/m.013xhr/24-FaceId-0_align.webp,0.064866,1.0,0.1646860876798077
database3/database3/m.013xhr/33-FaceId-0_align.webp,0.013765,1.0,0.2696874878733096
database3/database3/m.013xhr/42-FaceId-0_align.webp,0.02596,1.0,0.2179705976392987
database3/database3/m.013xs1/10-FaceId-0_align.webp,0.059547,1.0,0.126773403279815
database3/database3/m.013y2b/23-FaceId-0_align.webp,0.154363,0.0,0.1677546014384565
database3/database3/m.013y2b/32-FaceId-0_align.webp,0.092369,0.0,0.1572258492559988
database3/database3/m.013y2b/66-FaceId-0_align.webp,0.108782,0.0,0.1636562671447601
database3/database3/m.013y2s/40-FaceId-0_align.webp,0.026989,0.0,0.1536649178186503
database3/database3/m.013y2s/73-FaceId-0_align.webp,0.075667,0.0,0.1493473864058435
database3/database3/m.013yd0/51-FaceId-0_align.webp,0.167678,0.0,0.1722349835053107
database3/database3/m.013yd0/92-FaceId-0_align.webp,0.096098,0.0,0.1514598223963432
database3/database3/m.013ykk/37-FaceId-0_align.webp,0.042458,0.0,0.1809136514093183
database3/database3/m.013ykx/9-FaceId-0_align.webp,0.117351,0.0,0.1658194303256477
database3/database3/m.013ylm/42-FaceId-0_align.webp,0.120671,0.0,0.1773431666808047
database3/database3/m.013ylm/97-FaceId-0_align.webp,0.133134,0.0,0.1849242794494598
database3/database3/m.013yvd/37-FaceId-0_align.webp,0.027946,1.0,0.1395513167490522
database3/database3/m.013yvd/75-FaceId-0_align.webp,0.027604,1.0,0.1512747248862775
database3/database3/m.013yyq/27-FaceId-0_align.webp,0.014857,1.0,0.1908506928886152
database3/database3/m.013yyq/44-FaceId-0_align.webp,0.06122,1.0,0.1576305708638146
database3/database3/m.013yyq/48-FaceId-0_align.webp,0.11735,1.0,0.2160116980683128
database3/database3/m.013zjz/16-FaceId-0_align.webp,0.071353,1.0,0.1979144829892696
database3/database3/m.013zm7/89-FaceId-0_align.webp,0.144683,1.0,0.1707517631981779
database3/database3/m.013zpf/72-FaceId-0_align.webp,0.0,0.0,0.3817024392995687
database3/database3/m.013zpf/88-FaceId-0_align.webp,0.169008,0.0,0.1706221782197772
database3/database3/m.013zr7/15-FaceId-0_align.webp,0.062795,1.0,0.1510378527210385
database3/database3/m.013zs9/83-FaceId-0_align.webp,0.33489,0.0,0.2049234215003767
database3/database3/m.013zyw/16-FaceId-0_align.webp,0.043076,1.0,0.1413617082662485
database3/database3/m.013zyw/19-FaceId-0_align.webp,0.020445,1.0,0.1314373188935295
database3/database3/m.013zyw/21-FaceId-0_align.webp,0.01715,1.0,0.136419205702603
database3/database3/m.01400g/101-FaceId-0_align.webp,0.057026,0.0,0.184467757181472
database3/database3/m.01400g/117-FaceId-0_align.webp,0.219786,0.0,0.2221603713195002
database3/database3/m.01400g/31-FaceId-0_align.webp,0.04717,0.0,0.1679077715064054
database3/database3/m.01400g/47-FaceId-0_align.webp,0.103943,0.0,0.1689153233526808
database3/database3/m.014029/72-FaceId-0_align.webp,0.164078,0.0,0.1764461819542644
database3/database3/m.0140ly/8-FaceId-0_align.webp,0.018837,1.0,0.1486097226690394
database3/database3/m.0140v2/84-FaceId-0_align.webp,0.185102,1.0,0.3108545645045614
database3/database3/m.0141qv/12-FaceId-0_align.webp,0.026897,1.0,0.1619305592403736
database3/database3/m.0142n8/3-FaceId-0_align.webp,0.193323,1.0,0.1255105668592013
database3/database3/m.0142n8/5-FaceId-0_align.webp,0.020679,1.0,0.1758399312714034
database3/database3/m.0142sv/3-FaceId-0_align.webp,0.0,1.0,0.1087763246598425
database3/database3/m.0142sv/32-FaceId-0_align.webp,0.0,1.0,0.1204377848831754
database3/database3/m.01433m/64-FaceId-0_align.webp,0.03742,0.0,0.2266447077286003
database3/database3/m.0143sn/66-FaceId-0_align.webp,0.02374,1.0,0.1697056693634131
database3/database3/m.0143wl/30-FaceId-0_align.webp,0.034923,1.0,0.1801589642943533
database3/database3/m.0143wl/81-FaceId-0_align.webp,0.051966,1.0,0.188697737245167
database3/database3/m.014488/3-FaceId-0_align.webp,0.020128,1.0,0.1505727865107601
database3/database3/m.01449w/57-FaceId-0_align.webp,0.017199,1.0,0.2595596160438038
database3/database3/m.01449w/80-FaceId-0_align.webp,0.016942,1.0,0.2044493612445206
database3/database3/m.01449w/99-FaceId-0_align.webp,0.011762,1.0,0.2237053164373904
database3/database3/m.0144_b/77-FaceId-0_align.webp,0.037923,1.0,0.1372342162608043
database3/database3/m.0144_b/99-FaceId-0_align.webp,0.002226,1.0,0.14094265958028
database3/database3/m.0144k5/45-FaceId-0_align.webp,0.060457,0.0,0.1630014098471933
database3/database3/m.0144k5/53-FaceId-0_align.webp,0.099321,0.0,0.186584122480418
database3/database3/m.0144k5/58-FaceId-0_align.webp,0.088277,0.0,0.162922119764001
database3/database3/m.0144k5/85-FaceId-0_align.webp,0.078258,0.0,0.178243950983419
database3/database3/m.014508/74-FaceId-0_align.webp,0.033711,1.0,0.1597838616532642
database3/database3/m.0146fs/16-FaceId-0_align.webp,0.00871,1.0,0.1610376098184223
database3/database3/m.0147cn/44-FaceId-0_align.webp,0.171045,1.0,0.1762459739922524
database3/database3/m.0147cn/79-FaceId-0_align.webp,0.059428,1.0,0.191737199624898
database3/database3/m.0147jt/99-FaceId-0_align.webp,0.019999,1.0,0.1740587221943019
database3/database3/m.0147qz/78-FaceId-0_align.webp,0.010623,1.0,0.1567627807154618
database3/database3/m.01480y/76-FaceId-0_align.webp,0.0,1.0,0.1192310730123635
database3/database3/m.0148_m/52-FaceId-0_align.webp,0.01178,1.0,0.1671828459836132
database3/database3/m.0148m9/58-FaceId-0_align.webp,0.040365,1.0,0.1397545031458523
database3/database3/m.0148qq/63-FaceId-1_align.webp,0.082134,1.0,0.1522036759956272
database3/database3/m.0148x0/17-FaceId-0_align.webp,0.195787,0.0,0.1907396383365588
database3/database3/m.014902/18-FaceId-0_align.webp,0.02167,1.0,0.1798661255776708
database3/database3/m.01491d/96-FaceId-0_align.webp,0.018562,1.0,0.1422761033288943
database3/database3/m.014936/66-FaceId-0_align.webp,0.009581,0.0,0.1744437244741664
database3/database3/m.0149k5/29-FaceId-0_align.webp,0.022158,1.0,0.163189991266909
database3/database3/m.0149k5/81-FaceId-0_align.webp,0.042078,1.0,0.298350543814979
database3/database3/m.0149vp/23-FaceId-0_align.webp,0.153482,1.0,0.0
database3/database3/m.0149vp/3-FaceId-0_align.webp,0.055794,1.0,0.1646556712520125
database3/database3/m.0149vp/63-FaceId-0_align.webp,0.126629,1.0,0.1735432837250832
database3/database3/m.0149wl/102-FaceId-0_align.webp,0.022928,1.0,0.2166940206120215
database3/database3/m.0149wl/45-FaceId-0_align.webp,0.024169,1.0,0.2388014070633363
database3/database3/m.0149xx/94-FaceId-0_align.webp,0.042337,1.0,0.2089948198468529
database3/database3/m.014_1g/72-FaceId-0_align.webp,0.019311,0.0,0.1712681556398998
database3/database3/m.014_1g/8-FaceId-0_align.webp,0.209769,0.0,0.1962679213297913
database3/database3/m.014_4y/6-FaceId-0_align.webp,0.048047,1.0,0.1688655383007832
database3/database3/m.014_sl/106-FaceId-0_align.webp,0.23715,0.0,0.1999331759187502
database3/database3/m.014_sl/74-FaceId-0_align.webp,0.390836,0.0,0.1674904607980089
database3/database3/m.014bn_/16-FaceId-0_align.webp,0.037637,1.0,0.156547790749644
database3/database3/m.014bn_/85-FaceId-1_align.webp,0.012813,1.0,0.1585942774664275
database3/database3/m.014bps/75-FaceId-0_align.webp,0.000105,1.0,0.1845026409243641
database3/database3/m.014byr/85-FaceId-0_align.webp,0.140079,1.0,0.1751863458687731
database3/database3/m.014bz_/33-FaceId-0_align.webp,0.044503,1.0,0.1782913492981478
database3/database3/m.014c0y/76-FaceId-0_align.webp,0.175143,1.0,0.1709879505135739
database3/database3/m.014c40/62-FaceId-0_align.webp,0.041412,1.0,0.2330784696868407
database3/database3/m.014c40/70-FaceId-0_align.webp,0.059838,1.0,0.1580119579815129
database3/database3/m.014cq/6-FaceId-0_align.webp,0.092137,1.0,0.1451233953685529
database3/database3/m.014cq/86-FaceId-0_align.webp,0.009035,1.0,0.221096722046574
database3/database3/m.014cw2/26-FaceId-0_align.webp,0.010138,1.0,0.153597969656651
database3/database3/m.014cw2/50-FaceId-0_align.webp,0.006571,1.0,0.1558413246335783
database3/database3/m.014d0v/117-FaceId-0_align.webp,0.00171,1.0,0.157000898075444
database3/database3/m.014d0v/5-FaceId-0_align.webp,0.0,1.0,0.1194728820801447
database3/database3/m.014d0v/76-FaceId-0_align.webp,0.001899,1.0,0.1458654688151002
database3/database3/m.014d15/7-FaceId-0_align.webp,0.067756,1.0,0.1843234492932708
database3/database3/m.014d3/12-FaceId-0_align.webp,0.002261,1.0,0.1578326609038103
database3/database3/m.014d3/72-FaceId-0_align.webp,0.018566,1.0,0.1491805195372925
database3/database3/m.014d3y/82-FaceId-0_align.webp,0.033512,0.0,0.9071628780314556
database3/database3/m.014dg1/103-FaceId-0_align.webp,0.026524,1.0,0.156641498470631
database3/database3/m.014dg1/51-FaceId-0_align.webp,0.001679,1.0,0.182882857397683
database3/database3/m.014dg1/65-FaceId-0_align.webp,0.0,1.0,0.1168866121389004
database3/database3/m.014dg1/7-FaceId-0_align.webp,0.01106,1.0,0.1802659881589712
database3/database3/m.014dg1/86-FaceId-0_align.webp,0.019596,1.0,0.1729044628574328
database3/database3/m.014dm6/105-FaceId-0_align.webp,0.23153,1.0,0.1741246700617398
database3/database3/m.014dy_/50-FaceId-0_align.webp,0.069776,1.0,0.121440950674446
database3/database3/m.014dy_/73-FaceId-0_align.webp,0.01239,1.0,0.1515571739544001
database3/database3/m.014f8k/25-FaceId-0_align.webp,0.24634,0.0,0.1599910051119898
database3/database3/m.014f8k/9-FaceId-0_align.webp,0.182534,0.0,0.1668379435046804
database3/database3/m.014fcb/0-FaceId-0_align.webp,0.028343,1.0,0.1672161983306976
database3/database3/m.014fd7/98-FaceId-0_align.webp,0.096652,1.0,0.1552272590614385
database3/database3/m.014g17/1-FaceId-0_align.webp,0.005705,1.0,0.1791071139651063
database3/database3/m.014g17/9-FaceId-0_align.webp,0.079641,1.0,0.1892661198791255
database3/database3/m.014g22/90-FaceId-0_align.webp,0.35161,0.0,0.2081279315051083
database3/database3/m.014g6c/86-FaceId-0_align.webp,0.02888,1.0,0.1722344531179579
database3/database3/m.014g6v/43-FaceId-0_align.webp,0.001902,1.0,0.1503024722717779
database3/database3/m.014g79/86-FaceId-0_align.webp,0.049609,1.0,0.1707172930103041
database3/database3/m.014g8p/48-FaceId-0_align.webp,0.000256,1.0,0.1976958112325506
database3/database3/m.014g9y/12-FaceId-0_align.webp,0.038159,0.0,0.1777736573562057
database3/database3/m.014g_f/26-FaceId-0_align.webp,0.000817,1.0,0.0973478108098295
database3/database3/m.014g_f/35-FaceId-0_align.webp,0.001771,1.0,0.1571754253563003
database3/database3/m.014gf8/102-FaceId-0_align.webp,0.00204,1.0,0.3959348106075258
database3/database3/m.014gf8/28-FaceId-0_align.webp,0.018311,1.0,0.136842182563147
database3/database3/m.014gf8/69-FaceId-0_align.webp,0.050273,1.0,0.1599770886852576
database3/database3/m.014gf8/9-FaceId-0_align.webp,0.034223,1.0,0.1612499493351375
database3/database3/m.014gsd/79-FaceId-0_align.webp,0.118598,1.0,0.182307127218791
database3/database3/m.014h_s/80-FaceId-0_align.webp,0.173494,0.0,0.183646925427191
database3/database3/m.014hlm/54-FaceId-0_align.webp,0.078394,0.0,0.1674012976432846
database3/database3/m.014hmv/53-FaceId-1_align.webp,0.0,1.0,0.1653092347859139
database3/database3/m.014j8m/72-FaceId-0_align.webp,0.0057,1.0,0.1759165796868337
database3/database3/m.014jb8/10-FaceId-0_align.webp,0.009911,1.0,0.2613764720915221
database3/database3/m.014jk0/16-FaceId-0_align.webp,0.026202,1.0,0.3345311468494052
database3/database3/m.014jk0/61-FaceId-0_align.webp,0.011335,1.0,0.7936823570787109
database3/database3/m.014jk0/74-FaceId-0_align.webp,0.003357,1.0,0.3998925105052115
database3/database3/m.014jxq/20-FaceId-0_align.webp,0.165895,0.0,0.1851859610792191
database3/database3/m.014jxq/43-FaceId-0_align.webp,0.136492,0.0,0.140114591039058
database3/database3/m.014jy6/23-FaceId-0_align.webp,0.150311,1.0,0.2731344018429391
database3/database3/m.014jy6/50-FaceId-0_align.webp,0.042148,1.0,0.1697468541382894
database3/database3/m.014jy6/97-FaceId-0_align.webp,0.061362,1.0,0.2600373293877178
database3/database3/m.014k1v/95-FaceId-3_align.webp,0.133686,1.0,0.2130141953686922
database3/database3/m.014k2p/25-FaceId-0_align.webp,0.315824,1.0,0.1909691046974466
database3/database3/m.014kbz/16-FaceId-0_align.webp,0.028027,1.0,0.1655784095158944
database3/database3/m.014kbz/22-FaceId-0_align.webp,0.028933,1.0,0.1717213638316798
database3/database3/m.014kbz/81-FaceId-0_align.webp,0.006506,1.0,0.1739786144450844
database3/database3/m.014kxv/1-FaceId-0_align.webp,0.013313,1.0,0.1541583036898633
database3/database3/m.014kxv/11-FaceId-0_align.webp,0.053384,1.0,0.1428255037155258
database3/database3/m.014lb1/14-FaceId-2_align.webp,0.000111,0.0,0.1534106330822266
database3/database3/m.014lb1/47-FaceId-0_align.webp,0.167631,0.0,0.1653399737428395
database3/database3/m.014lb1/62-FaceId-1_align.webp,0.053145,0.0,0.1569706776173181
database3/database3/m.014lyb/65-FaceId-0_align.webp,0.056831,1.0,0.1373909326389525
database3/database3/m.014m_1/70-FaceId-0_align.webp,0.018552,1.0,0.1572496417150921
database3/database3/m.014mvy/17-FaceId-0_align.webp,0.196734,1.0,0.2348552002394817
database3/database3/m.014mvy/58-FaceId-0_align.webp,0.218895,1.0,0.2486638422997487
database3/database3/m.014n_k/48-FaceId-0_align.webp,0.006557,1.0,0.1689952429828937
database3/database3/m.014n_k/70-FaceId-0_align.webp,0.029858,1.0,0.1428818024560092
database3/database3/m.014nfw/87-FaceId-0_align.webp,0.123499,0.0,0.1657250256933111
database3/database3/m.014p33/83-FaceId-2_align.webp,0.084076,0.0,0.1528676530501273
database3/database3/m.014p33/87-FaceId-0_align.webp,0.07546,0.0,0.1652903387540905
database3/database3/m.014ptb/14-FaceId-1_align.webp,0.016295,1.0,0.1349821799028047
database3/database3/m.014ptb/5-FaceId-0_align.webp,0.001038,1.0,0.234879486568554
database3/database3/m.014ptb/50-FaceId-0_align.webp,0.185526,1.0,0.1588759221893412
database3/database3/m.014pxk/118-FaceId-0_align.webp,0.227914,1.0,0.277977057027453
database3/database3/m.014pys/19-FaceId-0_align.webp,0.047245,1.0,0.2431217695283946
database3/database3/m.014pzz/110-FaceId-0_align.webp,0.13041,0.0,0.1619897853242145
database3/database3/m.014qjt/47-FaceId-0_align.webp,0.002851,1.0,0.172728657299579
database3/database3/m.014r6r/81-FaceId-0_align.webp,0.091441,0.0,0.146995871017936
database3/database3/m.014s81/3-FaceId-0_align.webp,0.077926,1.0,0.1788316759279286
database3/database3/m.014sj7/7-FaceId-0_align.webp,0.074577,1.0,0.1966982585366614
database3/database3/m.014skb/4-FaceId-0_align.webp,0.096076,0.0,0.1675854506963973
database3/database3/m.014skb/53-FaceId-0_align.webp,0.075066,0.0,0.1611327140025303
database3/database3/m.014skb/55-FaceId-0_align.webp,0.080414,0.0,0.1707961237046578
database3/database3/m.014v1q/8-FaceId-1_align.webp,0.038359,1.0,0.2002102751963823
database3/database3/m.014v6x/16-FaceId-0_align.webp,0.159906,0.0,0.1618513294474669
database3/database3/m.014v6x/20-FaceId-0_align.webp,0.306955,0.0,0.182778140153655
database3/database3/m.014v6x/88-FaceId-0_align.webp,0.075191,0.0,0.1462092957230493
database3/database3/m.014vbq/60-FaceId-0_align.webp,0.005701,1.0,0.0
database3/database3/m.014vnb/46-FaceId-0_align.webp,0.027126,1.0,0.1599645498137654
database3/database3/m.014vnb/51-FaceId-0_align.webp,0.043084,1.0,0.1634389952367279
database3/database3/m.014vtj/100-FaceId-0_align.webp,0.000679,1.0,0.1628098065435473
database3/database3/m.014wsb/38-FaceId-0_align.webp,0.106862,1.0,0.1679973301669129
database3/database3/m.014x0w/28-FaceId-0_align.webp,0.353028,0.0,0.3286124383717287
database3/database3/m.014x0w/74-FaceId-0_align.webp,0.177523,0.0,0.1707504322520956
database3/database3/m.014x0w/96-FaceId-0_align.webp,0.217684,0.0,0.1841913019203423
database3/database3/m.014xn7/100-FaceId-0_align.webp,0.007084,1.0,0.1298810731231027
database3/database3/m.014xn7/42-FaceId-0_align.webp,0.003105,1.0,0.1466479914810554
database3/database3/m.014xr2/5-FaceId-0_align.webp,0.387134,0.0,0.2263354942217299
database3/database3/m.014xr2/87-FaceId-0_align.webp,0.341771,0.0,0.2047126076827771
database3/database3/m.014xzx/93-FaceId-0_align.webp,0.351892,1.0,0.2107905544982939
database3/database3/m.014y6/74-FaceId-0_align.webp,0.012495,1.0,0.1643449085836295
database3/database3/m.014y6/95-FaceId-0_align.webp,0.006882,1.0,0.1759445435799401
database3/database3/m.014y7g/1-FaceId-0_align.webp,0.005692,1.0,0.1602960511786998
database3/database3/m.014z8v/77-FaceId-0_align.webp,0.004141,1.0,0.1560357344708282
database3/database3/m.014zfs/76-FaceId-0_align.webp,0.024924,1.0,0.1528137836609019
database3/database3/m.014zxh/99-FaceId-0_align.webp,0.008633,1.0,0.2810486948527061
database3/database3/m.014zy/105-FaceId-0_align.webp,0.175949,1.0,0.2140293922975278
database3/database3/m.014zy/22-FaceId-0_align.webp,0.048224,1.0,0.1818198747920408
database3/database3/m.014zy/56-FaceId-0_align.webp,0.135716,1.0,0.3111272883156861
database3/database3/m.015076/99-FaceId-0_align.webp,0.0064,1.0,0.2408645459298577
database3/database3/m.01507p/0-FaceId-0_align.webp,0.067522,1.0,0.1800466242941784
database3/database3/m.01509x/60-FaceId-0_align.webp,0.015557,1.0,0.1706285819937162
database3/database3/m.0150bp/103-FaceId-0_align.webp,0.041675,0.0,0.1464685594966381
database3/database3/m.0150j5/31-FaceId-0_align.webp,0.003889,1.0,0.1311169679397761
database3/database3/m.0150j5/4-FaceId-0_align.webp,0.006229,1.0,0.1500778718868442
database3/database3/m.0150j5/71-FaceId-0_align.webp,0.062123,1.0,0.1506610514805917
database3/database3/m.0150j5/81-FaceId-0_align.webp,0.001136,1.0,0.1096562983936866
database3/database3/m.0150j5/86-FaceId-0_align.webp,0.002669,1.0,0.1413097884791098
database3/database3/m.0150m1/111-FaceId-0_align.webp,0.023781,1.0,0.1952323682016229
database3/database3/m.0150m1/13-FaceId-0_align.webp,0.071346,1.0,0.1715684854447165
database3/database3/m.0150mg/0-FaceId-0_align.webp,0.057671,1.0,0.370975299250552
database3/database3/m.0150mg/69-FaceId-0_align.webp,0.220147,1.0,0.1954619424313013
database3/database3/m.0150mg/88-FaceId-0_align.webp,0.14546,1.0,0.229917726376526
database3/database3/m.0150mg/97-FaceId-0_align.webp,0.078806,1.0,0.1822940298549977
database3/database3/m.0150rl/42-FaceId-0_align.webp,0.016396,0.0,0.1445035943042035
database3/database3/m.0150t6/36-FaceId-0_align.webp,0.017669,1.0,0.1514732198064549
database3/database3/m.0150t6/41-FaceId-0_align.webp,0.022058,1.0,0.1430509189105276
database3/database3/m.0150t6/63-FaceId-0_align.webp,0.015119,1.0,0.1632612754040105
database3/database3/m.01519n/21-FaceId-0_align.webp,0.389316,0.0,0.259648202992277
database3/database3/m.01519n/69-FaceId-0_align.webp,0.017235,0.0,0.1802322555995274
database3/database3/m.0151fv/54-FaceId-0_align.webp,0.017876,0.0,0.1420006517201102
database3/database3/m.0151fv/90-FaceId-0_align.webp,0.296844,0.0,0.1874560769368377
database3/database3/m.0151fv/94-FaceId-0_align.webp,0.121468,0.0,0.2243498157067947
database3/database3/m.0151n1/16-FaceId-0_align.webp,0.044648,1.0,0.1710769875388811
database3/database3/m.0151n1/26-FaceId-0_align.webp,0.101903,1.0,0.1859964911029939
database3/database3/m.0151n1/29-FaceId-0_align.webp,0.049938,1.0,0.1997293102755695
database3/database3/m.0151n1/36-FaceId-0_align.webp,0.038201,1.0,0.1882606906494614
database3/database3/m.0151n1/53-FaceId-0_align.webp,0.021607,1.0,0.2073075096036389
database3/database3/m.0151p8/29-FaceId-0_align.webp,0.003452,1.0,0.1301333363921296
database3/database3/m.0151xv/30-FaceId-0_align.webp,0.007121,1.0,0.1603554456067304
database3/database3/m.0151xv/44-FaceId-0_align.webp,0.021629,1.0,0.1704212124452694
database3/database3/m.0151xv/88-FaceId-0_align.webp,0.006779,1.0,0.1847744821414919
database3/database3/m.0151zx/92-FaceId-0_align.webp,0.043036,1.0,0.2232125658701623
database3/database3/m.0152cw/42-FaceId-0_align.webp,0.083199,0.0,0.165678759021728
database3/database3/m.0152xn/72-FaceId-0_align.webp,0.043462,1.0,0.1792219349107323
database3/database3/m.015302/4-FaceId-0_align.webp,0.000416,1.0,0.1290145545077182
database3/database3/m.0153dp/1-FaceId-0_align.webp,0.039324,1.0,0.1652543360451148
database3/database3/m.0153dp/88-FaceId-0_align.webp,0.057869,1.0,0.1582890353551319
database3/database3/m.0153vt/1-FaceId-0_align.webp,0.335303,1.0,0.1748840093934212
database3/database3/m.0153vt/81-FaceId-0_align.webp,0.087285,1.0,0.191040708981105
database3/database3/m.0153y1/16-FaceId-0_align.webp,0.166114,0.0,0.1752480886593123
database3/database3/m.01541z/117-FaceId-0_align.webp,0.111734,0.0,0.1623208208968482
database3/database3/m.01547g/3-FaceId-0_align.webp,0.153164,0.0,0.1701671543875955
database3/database3/m.01547g/73-FaceId-0_align.webp,0.246081,0.0,0.1682277051758772
database3/database3/m.0154d7/52-FaceId-0_align.webp,0.115018,1.0,0.1912849035698961
database3/database3/m.0154ff/10-FaceId-0_align.webp,0.121913,0.0,0.1570055948522515
database3/database3/m.0154hr/101-FaceId-0_align.webp,0.090433,0.0,0.2183409233905015
database3/database3/m.0154hr/109-FaceId-0_align.webp,0.038439,0.0,0.1598485584347416
database3/database3/m.0154hr/18-FaceId-0_align.webp,0.07836,0.0,0.2108908887014916
database3/database3/m.0154hr/28-FaceId-0_align.webp,0.045785,0.0,0.1705263367621016
database3/database3/m.0154s9/24-FaceId-0_align.webp,0.052837,1.0,0.1547414055204468
database3/database3/m.0154x6/57-FaceId-0_align.webp,0.061779,0.0,0.1961587111071965
database3/database3/m.01552j/40-FaceId-0_align.webp,0.017747,1.0,0.140130796687475
database3/database3/m.01558d/79-FaceId-0_align.webp,0.014812,1.0,0.1214648960284997
database3/database3/m.01558d/8-FaceId-0_align.webp,0.124089,1.0,0.153720160790395
database3/database3/m.0155zp/26-FaceId-0_align.webp,0.000547,1.0,0.1474611462202016
database3/database3/m.0155zp/7-FaceId-0_align.webp,0.015991,1.0,0.1539749289523137
database3/database3/m.0155zp/79-FaceId-0_align.webp,0.02849,1.0,0.2047189221739359
database3/database3/m.0155zp/88-FaceId-0_align.webp,0.072148,1.0,0.1647667057278246
database3/database3/m.0156dg/11-FaceId-0_align.webp,0.153809,0.0,0.1972561115088327
database3/database3/m.0156dg/2-FaceId-0_align.webp,0.144571,0.0,0.2236719698543436
database3/database3/m.0156y1/31-FaceId-0_align.webp,0.047284,1.0,0.1637748176509527
database3/database3/m.01574b/45-FaceId-0_align.webp,0.070647,0.0,0.1764691474470746
database3/database3/m.015796/86-FaceId-0_align.webp,0.081944,0.0,0.1693730079619347
database3/database3/m.0157m/20-FaceId-0_align.webp,0.028257,1.0,0.1332265935461889
database3/database3/m.0157m/24-FaceId-0_align.webp,0.028454,1.0,0.1505874657649262
database3/database3/m.0157m/25-FaceId-0_align.webp,0.020124,1.0,0.1482553605602408
database3/database3/m.0157m/73-FaceId-0_align.webp,0.033963,1.0,0.1722463985105118
database3/database3/m.0157r6/22-FaceId-1_align.webp,0.0,1.0,0.0909333965529142
database3/database3/m.0157ry/29-FaceId-0_align.webp,0.027582,1.0,0.1384288181143951
database3/database3/m.015882/17-FaceId-0_align.webp,0.396178,0.0,0.18787012701355
database3/database3/m.015882/20-FaceId-0_align.webp,0.380878,0.0,0.204337772728804
database3/database3/m.015882/75-FaceId-0_align.webp,0.386665,0.0,0.2166466682348956
database3/database3/m.0158r2/73-FaceId-0_align.webp,0.173377,0.0,0.1700084228871388
database3/database3/m.01598m/79-FaceId-0_align.webp,0.475474,0.0,0.2063300649349326
database3/database3/m.0159wm/104-FaceId-0_align.webp,0.007308,1.0,0.1207980233629938
database3/database3/m.0159wm/9-FaceId-0_align.webp,0.002891,1.0,0.0904336954030983
database3/database3/m.015_44/31-FaceId-0_align.webp,0.062168,0.0,0.1532748774071863
database3/database3/m.015_44/64-FaceId-0_align.webp,0.356589,0.0,0.2224549694792283
database3/database3/m.015_44/84-FaceId-0_align.webp,0.3229,0.0,0.2199253163887606
database3/database3/m.015b67/34-FaceId-0_align.webp,0.034996,1.0,0.1595603632662974
database3/database3/m.015bhj/103-FaceId-1_align.webp,0.041754,1.0,0.0
database3/database3/m.015bhj/70-FaceId-0_align.webp,0.00385,1.0,0.1479717686938068
database3/database3/m.015bnf/68-FaceId-0_align.webp,0.066968,0.0,0.1655768059252387
database3/database3/m.015brk/18-FaceId-0_align.webp,0.023166,1.0,0.1713986770058611
database3/database3/m.015bw2/110-FaceId-0_align.webp,0.01319,1.0,0.1647654015170926
database3/database3/m.015bw2/40-FaceId-0_align.webp,0.013047,1.0,0.1845801463870816
database3/database3/m.015bw2/68-FaceId-0_align.webp,0.00956,1.0,0.1845684084709603
database3/database3/m.015c2f/3-FaceId-0_align.webp,0.072717,0.0,0.1585149203253948
database3/database3/m.015c2f/47-FaceId-0_align.webp,0.01548,0.0,0.1731195922909041
database3/database3/m.015c2f/49-FaceId-0_align.webp,0.031524,0.0,0.1720678610121133
database3/database3/m.015c2f/8-FaceId-0_align.webp,0.126031,0.0,0.1769138474592445
database3/database3/m.015c4g/7-FaceId-0_align.webp,0.000573,1.0,0.1538677166509111
database3/database3/m.015c4g/83-FaceId-0_align.webp,0.000391,1.0,0.1359738432444402
database3/database3/m.015cyn/17-FaceId-0_align.webp,0.046212,1.0,0.1618962629564943
database3/database3/m.015cyn/5-FaceId-0_align.webp,0.152464,1.0,0.1468487659909542
database3/database3/m.015czg/24-FaceId-0_align.webp,0.141052,1.0,0.1732566484675614
database3/database3/m.015d2r/66-FaceId-0_align.webp,0.064087,1.0,0.3085805222551088
database3/database3/m.015d2r/86-FaceId-0_align.webp,0.029999,1.0,0.1721869085182532
database3/database3/m.015dcj/83-FaceId-0_align.webp,0.023385,1.0,0.1677293276588385
database3/database3/m.015dgg/80-FaceId-0_align.webp,0.001775,1.0,0.1765004895034417
database3/database3/m.015djp/24-FaceId-0_align.webp,0.0,1.0,0.1314984728717981
database3/database3/m.015djp/27-FaceId-0_align.webp,0.037685,1.0,0.1724208218880547
database3/database3/m.015dk3/22-FaceId-0_align.webp,0.027592,1.0,0.1368263151680029
database3/database3/m.015dnt/38-FaceId-0_align.webp,0.001692,1.0,0.202503968121247
database3/database3/m.015dnt/42-FaceId-1_align.webp,0.102539,1.0,0.1063457899303152
database3/database3/m.015dqj/29-FaceId-0_align.webp,0.034796,1.0,0.1662033986615837
database3/database3/m.015dsz/54-FaceId-1_align.webp,0.002756,1.0,0.1335506842816122
database3/database3/m.015dx/106-FaceId-0_align.webp,0.065832,0.0,0.165568691034711
database3/database3/m.015dx/112-FaceId-0_align.webp,0.282009,0.0,0.1808058565469299
database3/database3/m.015dx/117-FaceId-0_align.webp,0.154935,0.0,0.1475391244239218
database3/database3/m.015dx/16-FaceId-0_align.webp,0.065933,0.0,0.1808635708109286
database3/database3/m.015dx/75-FaceId-0_align.webp,0.127561,0.0,0.1905366323103152
database3/database3/m.015dz8/51-FaceId-0_align.webp,0.051527,1.0,0.166444315591536
database3/database3/m.015f6_/9-FaceId-0_align.webp,0.050822,1.0,0.1700492222000509
database3/database3/m.015fxn/110-FaceId-1_align.webp,0.050721,0.0,0.159762439961504
database3/database3/m.015fyd/19-FaceId-0_align.webp,0.055834,0.0,0.1645141489346861
database3/database3/m.015g36/86-FaceId-0_align.webp,0.010069,0.0,0.1618845342679042
database3/database3/m.015g98/4-FaceId-0_align.webp,0.031227,1.0,0.1938252571739362
database3/database3/m.015g_7/108-FaceId-0_align.webp,0.075445,1.0,0.1657607469039613
database3/database3/m.015ghl/29-FaceId-0_align.webp,0.035495,0.0,0.1588764263531915
database3/database3/m.015ghl/58-FaceId-0_align.webp,0.114793,0.0,0.1308309032556544
database3/database3/m.015ghl/7-FaceId-0_align.webp,0.022651,0.0,0.1436656552224373
database3/database3/m.015gjr/36-FaceId-0_align.webp,0.054888,1.0,0.1647031200392098
database3/database3/m.015gjr/40-FaceId-0_align.webp,0.045893,1.0,0.1417234940795446
database3/database3/m.015gjr/84-FaceId-0_align.webp,0.042274,1.0,0.2770369020333673
database3/database3/m.015gqm/96-FaceId-1_align.webp,0.236979,1.0,0.1990600210957085
database3/database3/m.015grj/83-FaceId-0_align.webp,0.0,1.0,0.1348639694670821
database3/database3/m.015grj/95-FaceId-0_align.webp,0.006074,1.0,0.126620340071717
database3/database3/m.015grj/98-FaceId-0_align.webp,0.00126,1.0,0.1070260357164522
database3/database3/m.015gsv/100-FaceId-0_align.webp,0.087077,1.0,0.1785656738898662
database3/database3/m.015gsv/72-FaceId-0_align.webp,0.017745,1.0,0.1653117053811747
database3/database3/m.015gx1/70-FaceId-0_align.webp,0.056653,1.0,0.1528345517001778
database3/database3/m.015gy7/28-FaceId-0_align.webp,0.011386,1.0,0.1782223982690542
database3/database3/m.015gzc/94-FaceId-0_align.webp,0.077714,1.0,0.1597100755457769
database3/database3/m.015h25/3-FaceId-0_align.webp,0.001481,1.0,0.1276480676754154
database3/database3/m.015h7y/30-FaceId-0_align.webp,0.014431,1.0,0.1756470918082808
database3/database3/m.015htz/46-FaceId-0_align.webp,0.135648,0.0,0.1646505550695051
database3/database3/m.015j58/58-FaceId-0_align.webp,0.016994,1.0,0.1638589939646097
database3/database3/m.015j6h/20-FaceId-0_align.webp,0.005265,1.0,0.1726492069550111
database3/database3/m.015j6h/37-FaceId-0_align.webp,0.094841,1.0,0.1999780956720008
database3/database3/m.015j6y/47-FaceId-0_align.webp,0.10488,0.0,0.2022334060959467
database3/database3/m.015j6y/5-FaceId-0_align.webp,0.085053,0.0,0.1598819987095584
database3/database3/m.015j6y/73-FaceId-1_align.webp,0.12413,0.0,0.1666197767858221
database3/database3/m.015j8x/17-FaceId-0_align.webp,0.049084,1.0,0.1803302243549862
database3/database3/m.015j8x/42-FaceId-0_align.webp,0.021866,1.0,0.20211531317188
database3/database3/m.015jjw/46-FaceId-0_align.webp,0.068702,1.0,0.1879770620146472
database3/database3/m.015jjw/69-FaceId-0_align.webp,0.113403,1.0,0.1877018289629836
database3/database3/m.015jvm/105-FaceId-0_align.webp,0.006549,1.0,0.1452646362972642
database3/database3/m.015jvm/32-FaceId-0_align.webp,0.01088,1.0,0.1398932653756572
database3/database3/m.015jvm/85-FaceId-0_align.webp,0.111985,1.0,0.2954522689709891
database3/database3/m.015k04/104-FaceId-0_align.webp,0.087765,0.0,0.1418855339184724
database3/database3/m.015k04/33-FaceId-0_align.webp,0.019732,0.0,0.1724480589543843
database3/database3/m.015k04/68-FaceId-0_align.webp,0.032064,0.0,0.1696637632014385
database3/database3/m.015k9x/19-FaceId-0_align.webp,0.079615,0.0,0.1753657590330393
database3/database3/m.015k9x/84-FaceId-0_align.webp,0.154994,0.0,0.5358172827461042
database3/database3/m.015kbd/21-FaceId-0_align.webp,0.030994,1.0,0.1379961835720869
database3/database3/m.015kbd/80-FaceId-0_align.webp,0.061754,1.0,0.352769338792043
database3/database3/m.015khm/4-FaceId-0_align.webp,0.027803,1.0,0.1143811072270528
database3/database3/m.015klf/75-FaceId-0_align.webp,0.0,1.0,0.1159926378672212
database3/database3/m.015ksl/24-FaceId-0_align.webp,0.23069,1.0,0.1724719322563153
database3/database3/m.015ksl/26-FaceId-1_align.webp,0.043132,1.0,0.29458713729654
database3/database3/m.015ksl/31-FaceId-0_align.webp,0.096817,1.0,0.1702474639270926
database3/database3/m.015ksl/72-FaceId-0_align.webp,0.014945,1.0,0.1660976198734355
database3/database3/m.015ksy/70-FaceId-0_align.webp,0.064697,1.0,0.1531701855840237
database3/database3/m.015ksy/90-FaceId-0_align.webp,0.039383,1.0,0.1574011704807356
database3/database3/m.015kt_/7-FaceId-0_align.webp,0.084368,1.0,0.1483753851278008
database3/database3/m.015l1l/126-FaceId-0_align.webp,0.0,1.0,0.1064463930776472
database3/database3/m.015l51/58-FaceId-0_align.webp,0.077217,1.0,0.1415498666360976
database3/database3/m.015lg2/3-FaceId-0_align.webp,0.081487,1.0,0.2978002154578937
database3/database3/m.015m2c/35-FaceId-0_align.webp,0.111821,0.0,0.2535943386086026
database3/database3/m.015m2c/62-FaceId-0_align.webp,0.107098,0.0,0.2434382013008831
database3/database3/m.015m2c/96-FaceId-0_align.webp,0.077293,0.0,0.2609517437983913
database3/database3/m.015m2v/50-FaceId-0_align.webp,0.014038,1.0,0.1494959780899498
database3/database3/m.015m_9/103-FaceId-0_align.webp,0.203457,0.0,0.1855959653249926
database3/database3/m.015m_9/23-FaceId-0_align.webp,0.194385,0.0,0.1616965867781562
database3/database3/m.015mfy/124-FaceId-0_align.webp,0.011509,1.0,0.2877645774371613
database3/database3/m.015mfy/44-FaceId-0_align.webp,0.015486,1.0,0.2681571558615802
database3/database3/m.015ncq/12-FaceId-0_align.webp,0.097302,0.0,0.137814646258615
database3/database3/m.015ncq/15-FaceId-0_align.webp,0.108176,0.0,0.165427052172882
database3/database3/m.015ncq/43-FaceId-0_align.webp,0.173231,0.0,0.2101048648149771
database3/database3/m.015nr6/10-FaceId-0_align.webp,0.135309,0.0,0.1198969694972126
database3/database3/m.015nxw/46-FaceId-0_align.webp,0.033616,1.0,0.1705456610263611
database3/database3/m.015nz8/33-FaceId-0_align.webp,0.258768,1.0,0.1595921986093871
database3/database3/m.015p0c/3-FaceId-0_align.webp,0.047687,1.0,0.14257892788677
database3/database3/m.015p37/5-FaceId-0_align.webp,0.024022,0.0,0.2796609763051701
database3/database3/m.015p3p/83-FaceId-3_align.webp,0.095309,1.0,0.2357714798690554
database3/database3/m.015p_p/4-FaceId-0_align.webp,0.041582,1.0,0.2731606518741094
database3/database3/m.015ph6/52-FaceId-0_align.webp,0.019715,1.0,0.1509932975875887
database3/database3/m.015ph6/9-FaceId-0_align.webp,0.017184,1.0,0.1227367653445374
database3/database3/m.015phm/91-FaceId-0_align.webp,0.017375,1.0,0.1275959615033072
database3/database3/m.015pqq/24-FaceId-0_align.webp,0.179784,0.0,0.1651246798671608
database3/database3/m.015pqq/66-FaceId-0_align.webp,0.136121,0.0,0.2548579204240521
database3/database3/m.015pqq/87-FaceId-0_align.webp,0.018013,0.0,0.1799140975391102
database3/database3/m.015pt7/51-FaceId-0_align.webp,0.127322,1.0,0.2010236213845898
database3/database3/m.015pt7/58-FaceId-0_align.webp,0.035197,1.0,0.1493778188315094
database3/database3/m.015pt7/60-FaceId-0_align.webp,0.049196,1.0,0.2162549752139981
database3/database3/m.015pvh/112-FaceId-0_align.webp,0.330281,0.0,0.1935135184787003
database3/database3/m.015px7/44-FaceId-0_align.webp,0.034165,1.0,0.1608763978413956
database3/database3/m.015px7/91-FaceId-0_align.webp,0.015722,1.0,0.1105010819802623
database3/database3/m.015pxr/76-FaceId-0_align.webp,0.013737,1.0,0.1568090640581258
database3/database3/m.015pxr/85-FaceId-0_align.webp,0.04711,1.0,0.1748765021278168
database3/database3/m.015pz3/26-FaceId-0_align.webp,0.029214,1.0,0.2101658159733126
database3/database3/m.015q3m/88-FaceId-0_align.webp,0.02977,1.0,0.1285835848229576
database3/database3/m.015q43/44-FaceId-0_align.webp,0.14431,0.0,0.1796011350476766
database3/database3/m.015q43/83-FaceId-0_align.webp,0.202776,0.0,0.2029369430719264
database3/database3/m.015q7v/66-FaceId-0_align.webp,0.123951,1.0,0.1796222096984051
database3/database3/m.015q7v/70-FaceId-0_align.webp,0.084162,1.0,0.1792590418831741
database3/database3/m.015q7v/74-FaceId-0_align.webp,0.166774,1.0,0.2795867669844979
database3/database3/m.015q7v/95-FaceId-0_align.webp,0.114436,1.0,0.1667098287396778
database3/database3/m.015q9_/38-FaceId-0_align.webp,0.073529,1.0,0.1869936223349304
database3/database3/m.015q9_/55-FaceId-0_align.webp,0.228226,1.0,0.17821753856053
database3/database3/m.015qgb/80-FaceId-0_align.webp,0.240744,0.0,0.2196046233034874
database3/database3/m.015ql4/49-FaceId-0_align.webp,0.010843,1.0,0.1565166708886707
database3/database3/m.015ql_/79-FaceId-0_align.webp,0.076307,0.0,0.1772182029965541
database3/database3/m.015qlm/10-FaceId-0_align.webp,0.050821,0.0,0.1758372924614088
database3/database3/m.015qlm/70-FaceId-0_align.webp,0.030997,0.0,0.175579389755406
database3/database3/m.015qpn/63-FaceId-0_align.webp,0.366396,1.0,0.1376390243546101
database3/database3/m.015qq1/36-FaceId-0_align.webp,0.022633,1.0,0.1431583796259705
database3/database3/m.015qty/73-FaceId-0_align.webp,0.019129,1.0,0.1363312038091148
database3/database3/m.015qty/74-FaceId-0_align.webp,0.007618,1.0,0.1669183982391943
database3/database3/m.015qv9/29-FaceId-0_align.webp,0.006101,1.0,0.1726320195835854
database3/database3/m.015qxn/75-FaceId-0_align.webp,0.029389,1.0,0.1020590487693003
database3/database3/m.015qxn/81-FaceId-0_align.webp,0.000968,1.0,0.2132935098399136
database3/database3/m.015qyf/14-FaceId-0_align.webp,0.032701,1.0,0.1638517720357644
database3/database3/m.015qzv/12-FaceId-0_align.webp,0.03298,1.0,0.2700197137497706
database3/database3/m.015qzv/45-FaceId-0_align.webp,0.048204,1.0,0.2490344755445071
database3/database3/m.015qzv/55-FaceId-0_align.webp,0.094832,1.0,0.3117189014340165
database3/database3/m.015qzv/57-FaceId-0_align.webp,0.068867,1.0,0.1916257465566916
database3/database3/m.015r3q/35-FaceId-0_align.webp,0.001755,1.0,0.2569811940477155
database3/database3/m.015r4v/28-FaceId-0_align.webp,0.015627,1.0,0.1803883422257355
database3/database3/m.015rhv/21-FaceId-0_align.webp,0.274759,1.0,0.2415255325584228
database3/database3/m.015rmq/88-FaceId-0_align.webp,0.016982,1.0,0.146043734122572
database3/database3/m.015t_m/31-FaceId-0_align.webp,0.0851,1.0,0.1009563713159494
database3/database3/m.015thk/1-FaceId-0_align.webp,0.117609,1.0,0.16114171699916
database3/database3/m.015thk/47-FaceId-0_align.webp,0.223814,1.0,0.2404750196241169
database3/database3/m.015thk/89-FaceId-0_align.webp,0.010677,1.0,0.2434424870106279
database3/database3/m.015tp7/25-FaceId-0_align.webp,0.089928,1.0,0.1699665159503467
database3/database3/m.015tp7/4-FaceId-0_align.webp,0.078982,1.0,0.1790690734851799
database3/database3/m.015tv5/22-FaceId-0_align.webp,0.009031,1.0,0.1867648494219888
database3/database3/m.015tv5/54-FaceId-0_align.webp,0.027498,1.0,0.1587367108063099
database3/database3/m.015tyq/50-FaceId-0_align.webp,0.029346,1.0,0.215280310266427
database3/database3/m.015tyq/63-FaceId-0_align.webp,0.05956,1.0,0.2285712608918698
database3/database3/m.015v98/49-FaceId-0_align.webp,0.062142,0.0,0.1790728533097151
database3/database3/m.015v98/79-FaceId-0_align.webp,0.070144,0.0,0.1733512581976177
database3/database3/m.015vql/63-FaceId-0_align.webp,0.02634,1.0,0.1894558773427028
database3/database3/m.015vyh/54-FaceId-0_align.webp,0.020372,1.0,0.1597541371554902
database3/database3/m.015wfg/59-FaceId-0_align.webp,0.021245,1.0,0.1738373323546574
database3/database3/m.015wfy/41-FaceId-0_align.webp,0.10115,1.0,0.1598859496568511
database3/database3/m.015wfy/43-FaceId-0_align.webp,0.000923,1.0,0.2480669211115479
database3/database3/m.015wfy/78-FaceId-0_align.webp,0.064575,1.0,0.2553297454614562
database3/database3/m.015wfy/91-FaceId-0_align.webp,0.156,1.0,0.2256491674319245
database3/database3/m.015wgw/16-FaceId-0_align.webp,0.030553,1.0,0.1531702859850608
database3/database3/m.015wgw/5-FaceId-0_align.webp,0.079937,1.0,0.173547009501558
database3/database3/m.015wkb/94-FaceId-0_align.webp,0.010721,1.0,0.1606564199315286
database3/database3/m.015x3n/93-FaceId-0_align.webp,0.0,0.0,0.2292491343223889
database3/database3/m.015x63/126-FaceId-0_align.webp,0.077609,0.0,0.1745829542521282
database3/database3/m.015xnd/46-FaceId-0_align.webp,0.021854,1.0,0.1620003669247539
database3/database3/m.015xnd/72-FaceId-0_align.webp,0.171432,1.0,0.285216931163163
database3/database3/m.015xsn/17-FaceId-0_align.webp,0.021828,1.0,0.2132748337677392
database3/database3/m.015xww/31-FaceId-0_align.webp,0.075773,1.0,0.1481492844587615
database3/database3/m.015xys/54-FaceId-0_align.webp,0.054138,1.0,0.1383042768602807
database3/database3/m.015y4c/42-FaceId-0_align.webp,0.097688,1.0,0.1446514918355081
database3/database3/m.015y4c/72-FaceId-0_align.webp,0.027368,1.0,0.1537105845870275
database3/database3/m.015y4c/79-FaceId-0_align.webp,0.010835,1.0,0.1416727273833871
database3/database3/m.015yb0/108-FaceId-0_align.webp,0.073526,1.0,0.1392925048927939
database3/database3/m.015ybz/5-FaceId-0_align.webp,0.004767,1.0,0.3411586140528346
database3/database3/m.015yg9/69-FaceId-0_align.webp,0.021682,1.0,0.2016166991499033
database3/database3/m.015ykr/19-FaceId-0_align.webp,0.078311,0.0,0.1660129992107282
database3/database3/m.015ykr/9-FaceId-0_align.webp,0.026904,0.0,0.1356601518675979
database3/database3/m.015z4j/106-FaceId-1_align.webp,0.203863,0.0,0.1838400269266451
database3/database3/m.015z4j/30-FaceId-0_align.webp,0.022438,0.0,0.1622163752777387
database3/database3/m.015zj4/3-FaceId-0_align.webp,0.026859,1.0,0.2298749681114163
database3/database3/m.015zjx/34-FaceId-0_align.webp,0.188292,1.0,0.1758535660876939
database3/database3/m.015zm4/92-FaceId-0_align.webp,0.019768,1.0,0.2045477200815645
database3/database3/m.015zmm/35-FaceId-0_align.webp,0.071991,0.0,0.1588628689208653
database3/database3/m.016077/95-FaceId-0_align.webp,0.023638,1.0,0.1730894859696435
database3/database3/m.0160pf/102-FaceId-0_align.webp,0.037457,1.0,0.1544057311697586
database3/database3/m.016194/12-FaceId-0_align.webp,0.028771,1.0,0.1671193489562451
database3/database3/m.016194/6-FaceId-0_align.webp,0.025295,1.0,0.1381212152694693
database3/database3/m.0161h5/105-FaceId-0_align.webp,0.042175,0.0,0.1705376621432103
database3/database3/m.0161hn/33-FaceId-0_align.webp,0.010683,1.0,0.1998247320079817
database3/database3/m.0162c8/22-FaceId-0_align.webp,0.021055,1.0,0.1777660632347047
database3/database3/m.0162c8/71-FaceId-0_align.webp,0.041746,1.0,0.1705299946869251
database3/database3/m.0162c8/72-FaceId-0_align.webp,0.034776,1.0,0.1702900718550559
database3/database3/m.0162lw/68-FaceId-0_align.webp,0.026272,1.0,0.1573650413847572
database3/database3/m.0162n1/16-FaceId-0_align.webp,0.013549,1.0,0.2593636493526098
database3/database3/m.0162n1/17-FaceId-0_align.webp,0.15524,1.0,0.2607613813760617
database3/database3/m.01635v/83-FaceId-0_align.webp,0.001023,1.0,0.123168879260006
database3/database3/m.0163bt/91-FaceId-0_align.webp,0.100672,1.0,0.1775588731735509
database3/database3/m.0163kf/72-FaceId-0_align.webp,0.120095,0.0,0.1632021276890439
database3/database3/m.0163kf/83-FaceId-0_align.webp,0.098981,0.0,0.1966155613786262
database3/database3/m.0163rk/30-FaceId-0_align.webp,0.022552,1.0,0.1617512951723302
database3/database3/m.0163s9/24-FaceId-0_align.webp,0.074147,1.0,0.1629328996160339
database3/database3/m.0163s9/74-FaceId-0_align.webp,0.166715,1.0,0.1764431360008964
database3/database3/m.0163t3/106-FaceId-0_align.webp,0.195337,0.0,0.17836253552127
database3/database3/m.0163t3/9-FaceId-0_align.webp,0.08181,0.0,0.1683227704538064
database3/database3/m.0163y8/74-FaceId-0_align.webp,0.077227,1.0,0.1978668252885147
database3/database3/m.0164c4/60-FaceId-0_align.webp,0.111711,0.0,0.1572529618047099
database3/database3/m.0164lp/69-FaceId-0_align.webp,0.064522,1.0,0.1050931307693897
database3/database3/m.0164lp/92-FaceId-0_align.webp,0.151037,1.0,0.2529979524061845
database3/database3/m.0164nb/3-FaceId-0_align.webp,0.089532,1.0,0.1651725132948551
database3/database3/m.0164y7/34-FaceId-0_align.webp,0.005214,1.0,0.1415077869257702
database3/database3/m.0165cp/26-FaceId-0_align.webp,0.006703,0.0,0.1450557573447659
database3/database3/m.0165cp/52-FaceId-0_align.webp,0.057554,0.0,0.1360556987317043
database3/database3/m.0165gc/85-FaceId-0_align.webp,0.006716,1.0,0.1467191145830848
database3/database3/m.0165gc/99-FaceId-0_align.webp,0.120842,1.0,0.1733992170808957
database3/database3/m.0165ky/57-FaceId-0_align.webp,0.015031,1.0,0.2775419048326737
database3/database3/m.0165n5/59-FaceId-0_align.webp,0.014306,0.0,0.1251134801037572
database3/database3/m.01666h/59-FaceId-0_align.webp,0.366126,0.0,0.1950023195641439
database3/database3/m.01666h/65-FaceId-0_align.webp,0.324656,0.0,0.2087915776807021
database3/database3/m.0166rp/41-FaceId-0_align.webp,0.108225,1.0,0.1672304780765308
database3/database3/m.0166rp/55-FaceId-0_align.webp,0.058677,1.0,0.2069730311073124
database3/database3/m.0166w_/52-FaceId-0_align.webp,0.055626,1.0,0.1519475808941565
database3/database3/m.0166w_/7-FaceId-0_align.webp,0.051227,1.0,0.1227512066883889
database3/database3/m.0166yl/4-FaceId-0_align.webp,0.128426,1.0,0.1466421017908447
database3/database3/m.0166yl/42-FaceId-0_align.webp,0.00821,1.0,0.1557118818600198
database3/database3/m.0166zk/13-FaceId-0_align.webp,0.040817,1.0,0.2552750707276734
database3/database3/m.0166zk/42-FaceId-0_align.webp,0.020069,1.0,0.2377200554756304
database3/database3/m.0166zk/72-FaceId-0_align.webp,0.015452,1.0,0.1658850173485347
database3/database3/m.01678_/78-FaceId-0_align.webp,0.014927,1.0,0.140938423586007
database3/database3/m.0167h6/35-FaceId-0_align.webp,0.000892,1.0,0.1371362567790144
database3/database3/m.0167xk/87-FaceId-0_align.webp,0.035118,1.0,0.1776363589845859
database3/database3/m.016883/25-FaceId-0_align.webp,0.021581,1.0,0.1666252567907825
database3/database3/m.016883/35-FaceId-0_align.webp,0.016967,1.0,0.188149231171972
database3/database3/m.016883/79-FaceId-0_align.webp,0.042662,1.0,0.1648782780583304
database3/database3/m.0168cl/73-FaceId-0_align.webp,0.16573,1.0,0.1606950205960619
database3/database3/m.0168ql/60-FaceId-0_align.webp,0.01118,1.0,0.0928802092368183
database3/database3/m.0168vx/9-FaceId-0_align.webp,0.182986,0.0,0.154302688548462
database3/database3/m.01693z/106-FaceId-0_align.webp,0.308514,1.0,0.2095550301008654
database3/database3/m.01693z/67-FaceId-0_align.webp,0.053019,1.0,0.1496708167352809
database3/database3/m.016959/105-FaceId-0_align.webp,0.10109,1.0,0.209252838052054
database3/database3/m.016959/51-FaceId-0_align.webp,0.067755,1.0,0.1838760180015712
database3/database3/m.0169ff/102-FaceId-0_align.webp,0.033338,1.0,0.2074092580441018
database3/database3/m.0169ff/36-FaceId-0_align.webp,0.024259,1.0,0.1721866643189101
database3/database3/m.0169ff/79-FaceId-0_align.webp,0.137366,1.0,0.1747692079026455
database3/database3/m.0169mh/14-FaceId-0_align.webp,0.084985,0.0,0.1957850533713813
database3/database3/m.0169r6/43-FaceId-0_align.webp,0.109367,0.0,0.1895546974480538
database3/database3/m.0169v2/37-FaceId-0_align.webp,0.237432,0.0,0.1912842799874229
database3/database3/m.0169v2/60-FaceId-0_align.webp,0.294775,0.0,0.1994060022033789
database3/database3/m.0169x_/12-FaceId-0_align.webp,0.169443,1.0,0.1406783355413533
database3/database3/m.016_js/82-FaceId-0_align.webp,0.00161,0.0,0.1496372251005899
database3/database3/m.016_js/90-FaceId-0_align.webp,0.074161,0.0,0.1722494875809654
database3/database3/m.016_mj/9-FaceId-0_align.webp,0.005546,1.0,0.1713319064256888
database3/database3/m.016b6z/92-FaceId-0_align.webp,0.053278,1.0,0.1896985089701224
database3/database3/m.016b90/0-FaceId-0_align.webp,0.006801,1.0,0.1511178396917835
database3/database3/m.016b90/79-FaceId-0_align.webp,0.0,1.0,0.0914140211856513
database3/database3/m.016b90/8-FaceId-0_align.webp,0.046454,1.0,0.1229530135826149
database3/database3/m.016b90/93-FaceId-0_align.webp,0.01334,1.0,0.1511679397602929
database3/database3/m.016cn6/6-FaceId-0_align.webp,0.062721,1.0,0.1973724954722747
database3/database3/m.016cn6/90-FaceId-0_align.webp,0.090699,1.0,0.1469139453838935
database3/database3/m.016cz6/23-FaceId-1_align.webp,0.213677,1.0,0.1795855245352573
database3/database3/m.016db7/11-FaceId-0_align.webp,0.00104,1.0,0.1609999989739882
database3/database3/m.016dbr/42-FaceId-0_align.webp,0.02227,1.0,0.1686765336643732
database3/database3/m.016fjj/77-FaceId-0_align.webp,0.012807,1.0,0.1663584317208007
database3/database3/m.016fnv/40-FaceId-0_align.webp,0.049743,1.0,0.1665736750369024
database3/database3/m.016g29/40-FaceId-0_align.webp,0.003894,1.0,0.1897102781737679
database3/database3/m.016g29/95-FaceId-0_align.webp,0.017798,1.0,0.1256733661399525
database3/database3/m.016ggh/74-FaceId-0_align.webp,0.004674,1.0,0.1449560882879387
database3/database3/m.016ghw/12-FaceId-0_align.webp,0.035794,1.0,0.2175756349173608
database3/database3/m.016gkf/85-FaceId-0_align.webp,0.159983,1.0,0.1698386288771999
database3/database3/m.016gnp/45-FaceId-0_align.webp,0.027576,1.0,0.1451702822994035
database3/database3/m.016gnp/48-FaceId-0_align.webp,0.0,1.0,0.1688956521530921
database3/database3/m.016gr2/107-FaceId-0_align.webp,0.0,1.0,0.1102449893805843
database3/database3/m.016gr2/38-FaceId-0_align.webp,0.0,1.0,0.1233636246461928
database3/database3/m.016hgp/12-FaceId-0_align.webp,0.055372,0.0,0.1627892757604469
database3/database3/m.016hgp/32-FaceId-12_align.webp,0.159452,0.0,0.2306435620527843
database3/database3/m.016hgp/77-FaceId-4_align.webp,0.110387,0.0,0.1600339983576468
database3/database3/m.016hgp/77-FaceId-7_align.webp,0.08977,0.0,0.1620070414682192
database3/database3/m.016hgp/77-FaceId-9_align.webp,0.121788,0.0,0.164967319039333
database3/database3/m.016hj7/88-FaceId-0_align.webp,0.028831,1.0,0.1418159857640397
database3/database3/m.016hk4/98-FaceId-0_align.webp,0.002253,1.0,0.1659687345973728
database3/database3/m.016hmf/90-FaceId-0_align.webp,0.168251,1.0,0.1900360103200439
database3/database3/m.016hrc/46-FaceId-0_align.webp,0.064797,0.0,0.1760554586114839
database3/database3/m.016htr/23-FaceId-0_align.webp,0.041326,1.0,0.1614701126521239
database3/database3/m.016htr/80-FaceId-0_align.webp,0.0,1.0,0.3257777106278606
database3/database3/m.016hvl/14-FaceId-0_align.webp,0.018608,1.0,0.1954406502102339
database3/database3/m.016hvl/79-FaceId-0_align.webp,0.027134,1.0,0.1753062392433538
database3/database3/m.016hzm/79-FaceId-0_align.webp,0.040554,1.0,0.2341077979715679
database3/database3/m.016j4q/17-FaceId-0_align.webp,0.014713,1.0,0.4262091432217068
database3/database3/m.016j4q/73-FaceId-0_align.webp,0.027874,1.0,0.2782110085781191
database3/database3/m.016j55/23-FaceId-0_align.webp,0.003044,1.0,0.2206475948658225
database3/database3/m.016j_c/80-FaceId-0_align.webp,0.167359,0.0,0.1859681851861434
database3/database3/m.016k0j/73-FaceId-0_align.webp,0.021214,0.0,0.1732002515410069
database3/database3/m.016k38/76-FaceId-0_align.webp,0.03171,1.0,0.2180530306684307
database3/database3/m.016k38/86-FaceId-0_align.webp,0.0969,1.0,0.2627660077672294
database3/database3/m.016k58/57-FaceId-0_align.webp,0.285077,0.0,0.191770319017298
database3/database3/m.016k6x/11-FaceId-0_align.webp,0.0,1.0,0.1346565046618091
database3/database3/m.016k6x/19-FaceId-0_align.webp,0.0,1.0,0.1228299085621501
database3/database3/m.016k92/3-FaceId-0_align.webp,0.164786,1.0,0.194785532376262
database3/database3/m.016k92/39-FaceId-0_align.webp,0.115077,1.0,0.1917003260981413
database3/database3/m.016k92/53-FaceId-0_align.webp,0.124335,1.0,0.1741359431628424
database3/database3/m.016k_v/117-FaceId-0_align.webp,0.172292,0.0,0.1638619063850949
database3/database3/m.016k_v/31-FaceId-0_align.webp,0.103765,0.0,0.170941217729062
database3/database3/m.016k_v/6-FaceId-0_align.webp,0.102662,0.0,0.1662650079512252
database3/database3/m.016kdv/96-FaceId-0_align.webp,0.10171,1.0,0.1553566840261102
database3/database3/m.016kft/30-FaceId-0_align.webp,0.094506,1.0,0.182668300999223
database3/database3/m.016khd/116-FaceId-0_align.webp,0.014365,1.0,0.308055507559175
database3/database3/m.016khd/18-FaceId-0_align.webp,0.045446,1.0,0.2092269628628718
database3/database3/m.016khd/77-FaceId-0_align.webp,0.016363,1.0,0.1514433967730414
database3/database3/m.016kjs/51-FaceId-0_align.webp,0.103247,1.0,0.1707612400149792
database3/database3/m.016kqk/22-FaceId-0_align.webp,0.109366,1.0,0.1794681338399479
database3/database3/m.016kqk/57-FaceId-0_align.webp,0.028005,1.0,0.2050277778592167
database3/database3/m.016ksk/77-FaceId-0_align.webp,0.033554,1.0,0.1537059238167578
database3/database3/m.016l53/34-FaceId-0_align.webp,0.004644,1.0,0.2667852796573893
database3/database3/m.016l_5/13-FaceId-1_align.webp,0.028409,0.0,0.2932865845707247
database3/database3/m.016l_5/23-FaceId-0_align.webp,0.13632,0.0,0.1686683957018439
database3/database3/m.016l_5/69-FaceId-0_align.webp,0.067658,0.0,0.1621359849447877
database3/database3/m.016lb3/2-FaceId-0_align.webp,0.005513,1.0,0.1543874293159263
database3/database3/m.016lh0/74-FaceId-0_align.webp,0.000336,1.0,0.1587180749338441
database3/database3/m.016m0v/15-FaceId-0_align.webp,0.003574,1.0,0.2179979904957054
database3/database3/m.016m0v/47-FaceId-0_align.webp,0.010823,1.0,0.3088698023461192
database3/database3/m.016m0v/48-FaceId-0_align.webp,0.006305,1.0,0.1798984409934947
database3/database3/m.016mgj/22-FaceId-0_align.webp,0.177659,0.0,0.1726249878834058
database3/database3/m.016mgj/72-FaceId-0_align.webp,0.141048,0.0,0.2812094081576801
database3/database3/m.016ntp/45-FaceId-0_align.webp,0.056576,0.0,0.3944952480873103
database3/database3/m.016ntp/58-FaceId-0_align.webp,0.194583,0.0,0.27608795241705
database3/database3/m.016ntp/78-FaceId-0_align.webp,0.262576,0.0,0.1973275954388472
database3/database3/m.016ntp/85-FaceId-0_align.webp,0.141759,0.0,0.1931600734018867
database3/database3/m.016nvh/2-FaceId-0_align.webp,0.143526,1.0,0.187955404120576
database3/database3/m.016nvy/82-FaceId-0_align.webp,0.14288,0.0,0.170119269654752
database3/database3/m.016nws/82-FaceId-0_align.webp,0.154826,1.0,0.1934923741749077
database3/database3/m.016pns/55-FaceId-0_align.webp,0.055966,1.0,0.1905577237365865
database3/database3/m.016q0w/27-FaceId-0_align.webp,0.009996,1.0,0.1713409563219929
database3/database3/m.016q2n/25-FaceId-0_align.webp,0.030179,0.0,0.1734323176739618
database3/database3/m.016q2n/89-FaceId-0_align.webp,0.007529,0.0,0.1757784771786623
database3/database3/m.016q4_/99-FaceId-1_align.webp,0.000294,0.0,0.1346136849626088
database3/database3/m.016qrb/16-FaceId-0_align.webp,0.039165,0.0,0.1700045909716527
database3/database3/m.016qrb/78-FaceId-0_align.webp,0.145711,0.0,0.1545694944264233
database3/database3/m.016qtt/15-FaceId-0_align.webp,0.187503,1.0,0.1752347716187026
database3/database3/m.016qtt/25-FaceId-0_align.webp,0.283035,1.0,0.1780662415401692
database3/database3/m.016r3x/42-FaceId-0_align.webp,0.001242,1.0,0.1240422350647435
database3/database3/m.016r3x/44-FaceId-0_align.webp,0.007495,1.0,0.1684305758826992
database3/database3/m.016sff/35-FaceId-0_align.webp,0.025858,1.0,0.32349590647456
database3/database3/m.016sp_/9-FaceId-0_align.webp,0.355835,1.0,0.156322832279125
database3/database3/m.016swh/38-FaceId-0_align.webp,0.0,1.0,0.1388859759027755
database3/database3/m.016sz1/68-FaceId-0_align.webp,0.00381,1.0,0.183818340120439
database3/database3/m.016szr/0-FaceId-0_align.webp,0.081751,1.0,0.2709072496278101
database3/database3/m.016szr/31-FaceId-0_align.webp,0.150774,1.0,0.2563579275010731
database3/database3/m.016t00/27-FaceId-0_align.webp,0.010723,1.0,0.1940418996885736
database3/database3/m.016t00/29-FaceId-0_align.webp,0.026052,1.0,0.1776076240756624
database3/database3/m.016t00/49-FaceId-0_align.webp,0.061342,1.0,0.2019411174982165
database3/database3/m.016tb7/64-FaceId-0_align.webp,0.020212,0.0,0.1627846610721022
database3/database3/m.016tbr/53-FaceId-0_align.webp,0.052696,1.0,0.1842411457714242
database3/database3/m.016tbr/91-FaceId-0_align.webp,0.278026,1.0,0.2146439715577231
database3/database3/m.016tbr/97-FaceId-0_align.webp,0.035531,1.0,0.1942866906962205
database3/database3/m.016tcm/7-FaceId-0_align.webp,0.0,1.0,0.1693573850555713
database3/database3/m.016tqw/18-FaceId-0_align.webp,0.009857,1.0,0.1780166302594181
database3/database3/m.016vqk/91-FaceId-0_align.webp,0.041054,1.0,0.1637403847433421
database3/database3/m.016vxj/34-FaceId-0_align.webp,0.081238,1.0,0.15508582289053
database3/database3/m.016vy9/16-FaceId-0_align.webp,0.135759,0.0,0.1747686606200751
database3/database3/m.016vy9/41-FaceId-0_align.webp,0.023537,0.0,0.1594282606816363
database3/database3/m.016vyp/28-FaceId-0_align.webp,0.086364,1.0,0.1683805278598958
database3/database3/m.016vyp/92-FaceId-0_align.webp,0.043472,1.0,0.1601310966585052
database3/database3/m.016wdq/47-FaceId-0_align.webp,0.021942,1.0,0.2687192299602933
database3/database3/m.016wvy/16-FaceId-0_align.webp,0.016451,1.0,0.1645581070456312
database3/database3/m.016wvy/70-FaceId-0_align.webp,0.279688,1.0,0.2009843682528088
database3/database3/m.016wvy/90-FaceId-0_align.webp,0.0652,1.0,0.2840529636073465
database3/database3/m.016xk5/94-FaceId-0_align.webp,0.039665,1.0,0.1595682833827538
database3/database3/m.016yr0/49-FaceId-0_align.webp,0.028821,1.0,0.1615144495368144
database3/database3/m.016yr0/53-FaceId-0_align.webp,0.03224,1.0,0.1539456215585775
database3/database3/m.016yr0/98-FaceId-0_align.webp,0.103354,1.0,0.1773611452333054
database3/database3/m.016ywr/2-FaceId-0_align.webp,0.022088,1.0,0.1864760947974083
database3/database3/m.016ywr/21-FaceId-0_align.webp,0.053813,1.0,0.1803795095005991
database3/database3/m.016ywr/76-FaceId-0_align.webp,0.0,1.0,0.143962018746837
database3/database3/m.016z3d/40-FaceId-0_align.webp,0.041987,1.0,0.1627878374773158
database3/database3/m.016z3d/43-FaceId-0_align.webp,0.184794,1.0,0.1754962535178066
database3/database3/m.016z3d/48-FaceId-0_align.webp,0.181018,1.0,0.1694014261676946
database3/database3/m.016z68/21-FaceId-0_align.webp,0.185954,1.0,0.1921512890354367
database3/database3/m.016z68/89-FaceId-0_align.webp,0.268667,1.0,0.188907296890107
database3/database3/m.016zp5/13-FaceId-0_align.webp,0.016071,1.0,0.141738617521036
database3/database3/m.016zp5/31-FaceId-0_align.webp,0.101464,1.0,0.2447098027399437
database3/database3/m.016zp5/64-FaceId-0_align.webp,0.006697,1.0,0.1543411206340298
database3/database3/m.016zp5/68-FaceId-0_align.webp,0.014376,1.0,0.1691445820875551
database3/database3/m.016zvk/22-FaceId-0_align.webp,0.104809,0.0,0.1768489400977562
database3/database3/m.016zvk/81-FaceId-0_align.webp,0.147393,0.0,0.1830161977816669
database3/database3/m.016zvk/88-FaceId-0_align.webp,0.080384,0.0,0.1350777996218155
database3/database3/m.016zvk/91-FaceId-0_align.webp,0.084334,0.0,0.1660568176767472
database3/database3/m.0170pk/112-FaceId-0_align.webp,0.029113,1.0,0.2946646007407485
database3/database3/m.0170pk/32-FaceId-0_align.webp,0.0,1.0,0.2246493886349147
database3/database3/m.0170pk/71-FaceId-0_align.webp,0.003334,1.0,0.1764862190141582
database3/database3/m.0170pk/93-FaceId-0_align.webp,0.020024,1.0,0.2547885512499971
database3/database3/m.0170q1/39-FaceId-0_align.webp,0.098023,0.0,0.2214767378402329
database3/database3/m.0170qf/10-FaceId-0_align.webp,0.012168,1.0,0.1561094327969738
database3/database3/m.0170qf/66-FaceId-0_align.webp,0.173717,1.0,0.1924312365188653
database3/database3/m.0170s4/35-FaceId-0_align.webp,0.00841,1.0,0.1773224072445098
database3/database3/m.0170s4/44-FaceId-0_align.webp,0.007374,1.0,0.1129595236076767
database3/database3/m.0170s4/48-FaceId-0_align.webp,0.0,1.0,0.1245242733215862
database3/database3/m.0170s4/85-FaceId-0_align.webp,0.00918,1.0,0.1340677181051868
database3/database3/m.0170s4/86-FaceId-0_align.webp,0.00659,1.0,0.1478088638519292
database3/database3/m.0170zz/7-FaceId-0_align.webp,0.0033,1.0,0.2342422549463301
database3/database3/m.017115/2-FaceId-0_align.webp,0.178391,1.0,0.2161026391194608
database3/database3/m.0171cm/52-FaceId-0_align.webp,0.078391,1.0,0.2883777803087529
database3/database3/m.0171cm/9-FaceId-0_align.webp,0.020679,1.0,0.2686353207617696
database3/database3/m.0171dv/105-FaceId-0_align.webp,0.019879,1.0,0.1375533030517953
database3/database3/m.0171dv/106-FaceId-0_align.webp,0.079343,1.0,0.1541348013851094
database3/database3/m.0171z8/39-FaceId-0_align.webp,0.1172,0.0,0.3890688576171167
database3/database3/m.01721f/98-FaceId-0_align.webp,0.00066,1.0,0.1404468333130732
database3/database3/m.01728m/45-FaceId-0_align.webp,0.026608,1.0,0.229605367620994
database3/database3/m.01734j/10-FaceId-0_align.webp,0.107434,1.0,0.2245729600664518
database3/database3/m.01737y/7-FaceId-0_align.webp,0.023524,1.0,0.1467274009679305
database3/database3/m.0173cq/55-FaceId-0_align.webp,0.0687,0.0,0.1730130896907366
database3/database3/m.0173cq/82-FaceId-0_align.webp,0.052898,0.0,0.1428755433787165
database3/database3/m.0173p_/66-FaceId-0_align.webp,0.12779,0.0,0.2163791140180262
database3/database3/m.0173p_/82-FaceId-0_align.webp,0.039784,0.0,0.1618513408787357
database3/database3/m.0173p_/97-FaceId-0_align.webp,0.06989,0.0,0.1726244623549433
database3/database3/m.0173s_/56-FaceId-0_align.webp,0.320216,0.0,0.1737139411487175
database3/database3/m.01741h/75-FaceId-0_align.webp,0.057681,1.0,0.2899082297653416
database3/database3/m.01742l/53-FaceId-0_align.webp,0.210558,0.0,0.194181596671525
database3/database3/m.01744d/24-FaceId-0_align.webp,0.021138,1.0,0.1662337332995873
database3/database3/m.01744d/66-FaceId-0_align.webp,0.069833,1.0,0.180509303015215
database3/database3/m.017458/60-FaceId-0_align.webp,0.031087,1.0,0.3189554450539061
database3/database3/m.0174z2/31-FaceId-0_align.webp,0.019356,1.0,0.1593236645012665
database3/database3/m.0175m_/104-FaceId-0_align.webp,0.011519,1.0,0.194714809183563
database3/database3/m.0175m_/106-FaceId-0_align.webp,0.008092,1.0,0.1534218244017857
database3/database3/m.0175s7/91-FaceId-0_align.webp,0.271553,1.0,0.2095396554401386
database3/database3/m.0175w3/23-FaceId-0_align.webp,0.084707,1.0,0.2641082694840277
database3/database3/m.0175w3/40-FaceId-0_align.webp,0.14122,1.0,0.3225763938961818
database3/database3/m.0175w3/8-FaceId-0_align.webp,0.022898,1.0,0.3484473122885065
database3/database3/m.01762z/69-FaceId-0_align.webp,0.001793,1.0,0.1399548733272667
database3/database3/m.017729/106-FaceId-0_align.webp,0.004005,1.0,0.1732381581962322
database3/database3/m.01772q/118-FaceId-0_align.webp,0.005376,1.0,0.1183225306102994
database3/database3/m.01778_/1-FaceId-0_align.webp,0.151831,0.0,0.2820559243472257
database3/database3/m.01778_/5-FaceId-0_align.webp,0.080886,0.0,0.2523035718928608
database3/database3/m.0177s6/54-FaceId-0_align.webp,0.003871,1.0,0.3025514085082784
database3/database3/m.0177s6/83-FaceId-0_align.webp,0.194958,1.0,0.2518875117346379
database3/database3/m.0178_j/46-FaceId-0_align.webp,0.038586,1.0,0.2364756557562254
database3/database3/m.0178d6/53-FaceId-0_align.webp,0.019408,1.0,0.1528933477325271
database3/database3/m.0178d6/9-FaceId-0_align.webp,0.038126,1.0,0.1735276667014821
database3/database3/m.0178sb/20-FaceId-0_align.webp,0.025953,1.0,0.1586281481993378
database3/database3/m.01791s/104-FaceId-0_align.webp,0.057011,1.0,0.5794854161938294
database3/database3/m.01793l/15-FaceId-0_align.webp,0.11519,1.0,0.2971446492846616
database3/database3/m.01793l/3-FaceId-0_align.webp,0.021997,1.0,0.2569237877538
database3/database3/m.01793l/48-FaceId-0_align.webp,0.070141,1.0,0.3163593203195863
database3/database3/m.01793l/77-FaceId-0_align.webp,0.068916,1.0,0.331954919766982
database3/database3/m.01794d/22-FaceId-0_align.webp,0.132698,1.0,0.1470622318613113
database3/database3/m.0179n7/47-FaceId-0_align.webp,0.025063,1.0,0.1623133958807171
database3/database3/m.0179ys/22-FaceId-0_align.webp,0.03888,1.0,0.1827350039166345
database3/database3/m.017_65/24-FaceId-0_align.webp,0.104039,1.0,0.2673847433769754
database3/database3/m.017__g/2-FaceId-0_align.webp,0.026314,1.0,0.1503325819952661
database3/database3/m.017__g/30-FaceId-0_align.webp,0.064708,1.0,0.1826215445885247
database3/database3/m.017_dr/0-FaceId-1_align.webp,0.037641,1.0,0.2995783838764161
database3/database3/m.017_dr/14-FaceId-0_align.webp,0.005491,1.0,0.1884407565383683
database3/database3/m.017_dr/47-FaceId-0_align.webp,0.191478,1.0,0.1759009413311432
database3/database3/m.017_dr/57-FaceId-0_align.webp,0.038308,1.0,0.289344903898135
database3/database3/m.017_j4/45-FaceId-0_align.webp,0.032452,1.0,0.2507721574637812
database3/database3/m.017_j4/54-FaceId-0_align.webp,0.009302,1.0,0.2553066595169058
database3/database3/m.017_j4/93-FaceId-0_align.webp,0.05205,1.0,0.3535543937399521
database3/database3/m.017_l1/23-FaceId-0_align.webp,0.033635,1.0,0.1474131851736031
database3/database3/m.017_l1/5-FaceId-0_align.webp,0.0,1.0,0.1537367383141052
database3/database3/m.017_xx/84-FaceId-0_align.webp,0.180042,0.0,0.1753900092421974
database3/database3/m.017bd/83-FaceId-0_align.webp,0.002036,1.0,0.2287310832166776
database3/database3/m.017bd/85-FaceId-0_align.webp,0.002715,1.0,0.2624989086057227
database3/database3/m.017bk6/90-FaceId-2_align.webp,0.056904,0.0,0.1541488790677308
database3/database3/m.017bxq/72-FaceId-0_align.webp,0.032315,1.0,0.1568934994178615
database3/database3/m.017c87/108-FaceId-0_align.webp,0.012746,1.0,0.2424413505350503
database3/database3/m.017c87/7-FaceId-0_align.webp,0.008884,1.0,0.1267657773388643
database3/database3/m.017cgg/62-FaceId-0_align.webp,0.009893,1.0,0.2624397815212555
database3/database3/m.017d3v/21-FaceId-0_align.webp,0.000486,1.0,0.0996517624844994
database3/database3/m.017dpj/104-FaceId-0_align.webp,0.159674,1.0,0.2620947729883617
database3/database3/m.017dpj/116-FaceId-0_align.webp,0.004563,1.0,0.2526596907579448
database3/database3/m.017dpj/14-FaceId-0_align.webp,0.012759,1.0,0.2241748524156797
database3/database3/m.017dpj/6-FaceId-0_align.webp,0.157516,1.0,0.2761985781498166
database3/database3/m.017dpj/81-FaceId-0_align.webp,0.117413,1.0,0.3212052763804039
database3/database3/m.017dpj/98-FaceId-0_align.webp,0.093515,1.0,0.2573015753855219
database3/database3/m.017f4y/21-FaceId-0_align.webp,0.009046,1.0,0.1702105162944087
database3/database3/m.017fgp/17-FaceId-0_align.webp,0.004873,1.0,0.0929925083272859
database3/database3/m.017fhk/5-FaceId-0_align.webp,0.05945,1.0,0.233949071380095
database3/database3/m.017fhk/70-FaceId-0_align.webp,0.025921,1.0,0.1365327871709629
database3/database3/m.017fhk/87-FaceId-0_align.webp,0.146412,1.0,0.241629617393139
database3/database3/m.017fj_/2-FaceId-0_align.webp,0.022486,1.0,0.153100823842347
database3/database3/m.017fj_/97-FaceId-0_align.webp,0.013264,1.0,0.2420972805719571
database3/database3/m.017fks/21-FaceId-0_align.webp,0.013755,1.0,0.159516658532393
database3/database3/m.017fks/34-FaceId-0_align.webp,0.010024,1.0,0.3306103296098097
database3/database3/m.017fl5/7-FaceId-0_align.webp,0.088967,1.0,0.1792627163436334
database3/database3/m.017fl5/89-FaceId-0_align.webp,0.156395,1.0,0.2359942674913671
database3/database3/m.017fl_/0-FaceId-0_align.webp,0.016489,1.0,0.2994271892358229
database3/database3/m.017fp0/26-FaceId-0_align.webp,0.014762,1.0,0.1592014845197118
database3/database3/m.017fp0/70-FaceId-0_align.webp,0.102621,1.0,0.1802551795623576
database3/database3/m.017fp0/85-FaceId-0_align.webp,0.016216,1.0,0.1738322095082312
database3/database3/m.017fp0/92-FaceId-0_align.webp,0.03683,1.0,0.2630039478211028
database3/database3/m.017frf/2-FaceId-0_align.webp,0.239226,1.0,0.1520226892126946
database3/database3/m.017frf/48-FaceId-0_align.webp,0.242631,1.0,0.162142029433639
database3/database3/m.017ft0/4-FaceId-0_align.webp,0.025186,0.0,0.1458424105020382
database3/database3/m.017fxp/62-FaceId-0_align.webp,0.006207,1.0,0.2192253112817095
database3/database3/m.017fzy/33-FaceId-0_align.webp,0.135665,1.0,0.1531311691409186
database3/database3/m.017fzy/38-FaceId-0_align.webp,0.020138,1.0,0.174407029258178
database3/database3/m.017fzy/44-FaceId-0_align.webp,0.119262,1.0,0.1880639038252013
database3/database3/m.017fzy/7-FaceId-0_align.webp,0.042513,1.0,0.1660889174801734
database3/database3/m.017fzy/84-FaceId-0_align.webp,0.1089,1.0,0.168722946082289
database3/database3/m.017fzy/88-FaceId-0_align.webp,0.093437,1.0,0.1660735979925527
database3/database3/m.017g21/51-FaceId-0_align.webp,0.121234,1.0,0.192618620210046
database3/database3/m.017g2y/13-FaceId-0_align.webp,0.026164,1.0,0.1632294858566975
database3/database3/m.017gd_/53-FaceId-0_align.webp,0.006889,1.0,0.3071693036991989
database3/database3/m.017gd_/59-FaceId-0_align.webp,0.012556,1.0,0.2276436768116986
database3/database3/m.017gxw/53-FaceId-0_align.webp,0.064935,0.0,0.1670817282991131
database3/database3/m.017h4c/0-FaceId-0_align.webp,0.049628,1.0,0.2565596407711711
database3/database3/m.017h_2/23-FaceId-0_align.webp,0.06887,1.0,0.2881825220625131
database3/database3/m.017hgl/21-FaceId-0_align.webp,0.089799,1.0,0.1665832144020444
database3/database3/m.017hgl/42-FaceId-0_align.webp,0.004642,1.0,0.1760861560907912
database3/database3/m.017hjk/57-FaceId-0_align.webp,0.009431,1.0,0.1685718264063903
database3/database3/m.017hm9/3-FaceId-0_align.webp,0.001744,1.0,0.3351580477719599
database3/database3/m.017hm9/36-FaceId-0_align.webp,0.002432,1.0,0.1650978101283952
database3/database3/m.017hw4/23-FaceId-0_align.webp,0.000412,1.0,0.1699380344212764
database3/database3/m.017hwl/3-FaceId-0_align.webp,0.014017,1.0,0.2767427831972318
database3/database3/m.017j1w/26-FaceId-0_align.webp,0.021211,1.0,0.1420917067962643
database3/database3/m.017j1w/35-FaceId-0_align.webp,0.039099,1.0,0.1477639695017276
database3/database3/m.017j1w/8-FaceId-0_align.webp,0.052854,1.0,0.1434651019647181
database3/database3/m.017j2b/85-FaceId-0_align.webp,0.008707,1.0,0.21054086277518
database3/database3/m.017jwg/17-FaceId-0_align.webp,0.002376,1.0,0.1931106877588861
database3/database3/m.017jwg/53-FaceId-0_align.webp,0.066995,0.0,0.1728952845745769
database3/database3/m.017jwg/82-FaceId-0_align.webp,0.035246,1.0,0.1789775908681527
database3/database3/m.017kb5/32-FaceId-0_align.webp,0.006182,1.0,0.1698419281718842
database3/database3/m.017kgm/108-FaceId-1_align.webp,0.015319,1.0,0.1114591305655518
database3/database3/m.017kgm/94-FaceId-0_align.webp,0.003416,1.0,0.1357055583645995
database3/database3/m.017kq/37-FaceId-0_align.webp,0.040762,1.0,0.2569084799128999
database3/database3/m.017kq/48-FaceId-0_align.webp,0.009092,1.0,0.2476997540390597
database3/database3/m.017l4/11-FaceId-0_align.webp,0.001488,1.0,0.1509944624863807
database3/database3/m.017l4/73-FaceId-0_align.webp,0.09873,1.0,0.1761598754189421
database3/database3/m.017l4/80-FaceId-0_align.webp,0.025497,1.0,0.2045663942003268
database3/database3/m.017l7y/97-FaceId-0_align.webp,0.002424,1.0,0.1168354398342334
database3/database3/m.017lcg/63-FaceId-0_align.webp,0.136168,1.0,0.1726888263094158
database3/database3/m.017m2y/105-FaceId-0_align.webp,0.084072,0.0,0.1692561362539847
database3/database3/m.017m2y/30-FaceId-0_align.webp,0.20052,0.0,0.1834050151587742
database3/database3/m.017mrb/26-FaceId-0_align.webp,0.125876,1.0,0.1584816044493039
database3/database3/m.017q3j/27-FaceId-0_align.webp,0.040475,1.0,0.164113019269417
database3/database3/m.017q3j/87-FaceId-1_align.webp,0.137407,1.0,0.2063019926139736
database3/database3/m.017qkp/105-FaceId-0_align.webp,0.016276,1.0,0.154647952939308
database3/database3/m.017qkp/8-FaceId-0_align.webp,0.006413,1.0,0.1482721940231953
database3/database3/m.017r13/15-FaceId-0_align.webp,0.004576,1.0,0.1462600073993224
database3/database3/m.017r13/32-FaceId-0_align.webp,0.001926,1.0,0.1424217189477075
database3/database3/m.017r13/71-FaceId-0_align.webp,0.149849,1.0,0.1695099833260571
database3/database3/m.017r5g/69-FaceId-0_align.webp,0.246362,0.0,0.2000420008094856
database3/database3/m.017rh4/92-FaceId-0_align.webp,0.059749,1.0,0.1752167877647234
database3/database3/m.017rjs/94-FaceId-0_align.webp,0.227853,1.0,0.1608609901420337
database3/database3/m.017tk3/113-FaceId-0_align.webp,0.041074,1.0,0.1902094775534482
database3/database3/m.017tk3/5-FaceId-0_align.webp,0.023981,1.0,0.1839866945964843
database3/database3/m.017tk3/61-FaceId-0_align.webp,0.058875,1.0,0.2014554019012042
database3/database3/m.017tk3/83-FaceId-0_align.webp,0.016266,1.0,0.1717064854430471
database3/database3/m.017tkv/15-FaceId-0_align.webp,0.09519,0.0,0.1562396016254856
database3/database3/m.017tkv/5-FaceId-0_align.webp,0.108291,0.0,0.1709510300768262
database3/database3/m.017tlt/70-FaceId-0_align.webp,0.079127,1.0,0.1219419370037758
database3/database3/m.017tn4/17-FaceId-0_align.webp,0.026983,1.0,0.2531299919564599
database3/database3/m.017tn4/54-FaceId-2_align.webp,0.042656,1.0,0.2196001952019417
database3/database3/m.017tnz/116-FaceId-0_align.webp,0.135035,1.0,0.1778667611367139
database3/database3/m.017vfn/43-FaceId-0_align.webp,0.036126,1.0,0.1733034657285563
database3/database3/m.017vkk/88-FaceId-0_align.webp,0.022172,0.0,0.1672895218570074
database3/database3/m.017vkx/34-FaceId-1_align.webp,0.050784,1.0,0.2847090434539949
database3/database3/m.017wbg/77-FaceId-0_align.webp,0.079706,1.0,0.1565318218479665
database3/database3/m.017x_s/36-FaceId-0_align.webp,0.021378,1.0,0.3593650246380778
database3/database3/m.017xm3/52-FaceId-0_align.webp,0.225925,0.0,0.1829813002116726
database3/database3/m.017yfz/93-FaceId-0_align.webp,0.237267,1.0,0.0
database3/database3/m.017yvm/5-FaceId-0_align.webp,0.011632,1.0,0.1772405563977856
database3/database3/m.017yvm/93-FaceId-0_align.webp,0.007487,1.0,0.2372967398625258
database3/database3/m.017yzt/119-FaceId-0_align.webp,0.299381,0.0,0.1787440139699693
database3/database3/m.017yzt/55-FaceId-0_align.webp,0.055778,0.0,0.1506080378274567
database3/database3/m.017yzt/61-FaceId-0_align.webp,0.0,0.0,0.1388165646375037
database3/database3/m.017z_/91-FaceId-0_align.webp,0.06531,1.0,0.2655076036767629
database3/database3/m.017zng/39-FaceId-0_align.webp,0.114304,1.0,0.1553590592167371
database3/database3/m.017zng/73-FaceId-0_align.webp,0.087005,1.0,0.1757115774985304
database3/database3/m.017zng/97-FaceId-0_align.webp,0.096418,1.0,0.1410191796414418
database3/database3/m.01804k/55-FaceId-0_align.webp,0.104401,0.0,0.1689271919344418
database3/database3/m.01807/65-FaceId-0_align.webp,0.087681,1.0,0.2903871992536758
database3/database3/m.01807/73-FaceId-0_align.webp,0.147607,1.0,0.3110768118027011
database3/database3/m.018144/31-FaceId-0_align.webp,0.317719,1.0,0.1572790767629734
database3/database3/m.018144/55-FaceId-0_align.webp,0.076827,1.0,0.1655258753083157
database3/database3/m.01815s/106-FaceId-0_align.webp,0.234236,0.0,0.1788142167140793
database3/database3/m.01815s/50-FaceId-0_align.webp,0.243106,0.0,0.1727597091066561
database3/database3/m.01815s/64-FaceId-0_align.webp,0.173641,0.0,0.1669733833207608
database3/database3/m.0181gp/6-FaceId-0_align.webp,0.043543,1.0,0.167655165424986
database3/database3/m.0181j_/107-FaceId-0_align.webp,0.027129,0.0,0.1658531067685155
database3/database3/m.0181kg/14-FaceId-0_align.webp,0.119867,1.0,0.2857628696275611
database3/database3/m.0181lj/18-FaceId-0_align.webp,0.190172,1.0,0.1246943271532054
database3/database3/m.0181p_/19-FaceId-0_align.webp,0.041166,1.0,0.2441199117332841
database3/database3/m.0181p_/99-FaceId-0_align.webp,0.035046,1.0,0.164273028080938
database3/database3/m.0181ph/4-FaceId-0_align.webp,0.019163,1.0,0.2129805153012047
database3/database3/m.0181ph/8-FaceId-0_align.webp,0.037384,1.0,0.0
database3/database3/m.0181x9/43-FaceId-0_align.webp,0.029481,1.0,0.1638751374334408
database3/database3/m.0181xq/13-FaceId-0_align.webp,0.002527,0.0,0.2251281745860879
database3/database3/m.0182hg/59-FaceId-0_align.webp,0.003662,1.0,0.1510149198326081
database3/database3/m.0182q2/111-FaceId-0_align.webp,0.014398,1.0,0.1692385188292517
database3/database3/m.0182q2/47-FaceId-0_align.webp,0.020684,1.0,0.1698216498126908
database3/database3/m.0182q2/58-FaceId-0_align.webp,0.034155,1.0,0.149188977868661
database3/database3/m.0182vk/101-FaceId-0_align.webp,0.185784,1.0,0.3144949587875532
database3/database3/m.0182vk/97-FaceId-0_align.webp,0.113244,1.0,0.1850555904749893
database3/database3/m.01830j/15-FaceId-0_align.webp,0.208446,0.0,0.2004092456048459
database3/database3/m.01833g/76-FaceId-0_align.webp,0.008544,1.0,0.1607609374493863
database3/database3/m.018348/1-FaceId-0_align.webp,0.029671,1.0,0.2741146122606508
database3/database3/m.0183f9/72-FaceId-0_align.webp,0.028848,1.0,0.2554032967957439
database3/database3/m.018417/7-FaceId-0_align.webp,0.270045,0.0,0.1800722560881068
database3/database3/m.018493/45-FaceId-0_align.webp,0.059135,0.0,0.1878436953744324
database3/database3/m.0184cd/37-FaceId-0_align.webp,0.012663,0.0,0.1700093547773271
database3/database3/m.0184cd/69-FaceId-0_align.webp,0.041234,0.0,0.1718877290100817
database3/database3/m.0184jc/9-FaceId-0_align.webp,0.061679,1.0,0.1926771817956869
database3/database3/m.0184xq/86-FaceId-0_align.webp,0.010468,1.0,0.1965732026789845
database3/database3/m.0185gs/107-FaceId-0_align.webp,0.133885,1.0,0.1799075132447961
database3/database3/m.0187y5/50-FaceId-0_align.webp,0.011259,1.0,0.4048659542750196
database3/database3/m.0187y5/55-FaceId-0_align.webp,0.018906,1.0,0.1796748524641274
database3/database3/m.0188n0/16-FaceId-0_align.webp,0.119925,1.0,0.1862305584025353
database3/database3/m.0188n0/81-FaceId-0_align.webp,0.437819,1.0,0.2080613557005572
database3/database3/m.0188n0/93-FaceId-0_align.webp,0.241643,1.0,0.2060239475394009
database3/database3/m.0188nj/68-FaceId-0_align.webp,0.036499,1.0,0.1452008791435579
database3/database3/m.018_3q/101-FaceId-0_align.webp,0.001235,1.0,0.2240215254868265
database3/database3/m.018_3q/89-FaceId-0_align.webp,0.024563,1.0,0.1439138608684679
database3/database3/m.018_lb/81-FaceId-0_align.webp,0.104704,0.0,0.1353677828158176
database3/database3/m.018c42/45-FaceId-1_align.webp,0.268912,1.0,0.1709533820736197
database3/database3/m.018c42/5-FaceId-0_align.webp,0.033426,1.0,0.1709539509507291
database3/database3/m.018cx_/16-FaceId-0_align.webp,0.128439,0.0,0.1743459166849328
database3/database3/m.018dnt/83-FaceId-0_align.webp,0.012334,1.0,0.1674415469298247
database3/database3/m.018dpq/74-FaceId-0_align.webp,0.08469,1.0,0.1615903087963467
database3/database3/m.018dpq/9-FaceId-0_align.webp,0.06436,1.0,0.168834069985103
database3/database3/m.018dq3/21-FaceId-0_align.webp,0.264271,0.0,0.1882258873518738
database3/database3/m.018dq3/43-FaceId-0_align.webp,0.005771,0.0,0.169288817585538
database3/database3/m.018dqg/14-FaceId-0_align.webp,0.002005,1.0,0.1361796416711837
database3/database3/m.018dyl/57-FaceId-0_align.webp,0.066796,1.0,0.1294492565465953
database3/database3/m.018f07/77-FaceId-0_align.webp,0.067893,1.0,0.1996084431902405
database3/database3/m.018f07/88-FaceId-0_align.webp,0.019681,1.0,0.1622731746607753
database3/database3/m.018f_y/78-FaceId-0_align.webp,0.005574,1.0,0.3653487119888194
database3/database3/m.018fkc/18-FaceId-0_align.webp,0.048624,0.0,0.2105132399619659
database3/database3/m.018fkc/51-FaceId-0_align.webp,0.004824,1.0,0.1691296897028141
database3/database3/m.018fmr/107-FaceId-0_align.webp,0.087037,0.0,0.1780171067830675
database3/database3/m.018fmr/38-FaceId-0_align.webp,0.082888,0.0,0.2752210896146672
database3/database3/m.018fmr/39-FaceId-0_align.webp,0.154489,0.0,0.1688408872003886
database3/database3/m.018fmr/77-FaceId-0_align.webp,0.094029,0.0,0.1633379123543333
database3/database3/m.018fmr/96-FaceId-0_align.webp,0.118151,0.0,0.1964251709279703
database3/database3/m.018fvy/74-FaceId-0_align.webp,0.006913,1.0,0.1571300271450454
database3/database3/m.018fwb/106-FaceId-0_align.webp,0.105164,0.0,0.2018336217093517
database3/database3/m.018fyy/5-FaceId-0_align.webp,0.161114,0.0,0.167505247635307
database3/database3/m.018fzs/56-FaceId-0_align.webp,0.057952,1.0,0.252292411076327
database3/database3/m.018fzs/60-FaceId-0_align.webp,0.058021,1.0,0.1492367610188223
database3/database3/m.018fzs/89-FaceId-0_align.webp,0.00707,1.0,0.1474595899778401
database3/database3/m.018g4z/59-FaceId-0_align.webp,0.266921,0.0,0.2803174534483825
database3/database3/m.018gcf/20-FaceId-0_align.webp,0.017916,1.0,0.1551639410396477
database3/database3/m.018gcf/28-FaceId-0_align.webp,0.0,1.0,0.1826223133272223
database3/database3/m.018gjx/0-FaceId-0_align.webp,0.03658,1.0,0.1648455522798745
database3/database3/m.018gjx/88-FaceId-1_align.webp,0.040357,1.0,0.1701264360344702
database3/database3/m.018gkb/31-FaceId-0_align.webp,0.133832,1.0,0.3248916813750996
database3/database3/m.018gkb/69-FaceId-0_align.webp,0.119964,1.0,0.1643151450352471
database3/database3/m.018gl5/55-FaceId-0_align.webp,0.0,1.0,0.1595601297450274
database3/database3/m.018gn4/7-FaceId-0_align.webp,0.045659,1.0,0.1777363075404916
database3/database3/m.018gn4/95-FaceId-0_align.webp,0.084694,1.0,0.1832801358670859
database3/database3/m.018gqj/17-FaceId-0_align.webp,0.18042,1.0,0.1718914597086958
database3/database3/m.018gqj/45-FaceId-0_align.webp,0.048033,1.0,0.1762834860352582
database3/database3/m.018gqj/51-FaceId-0_align.webp,0.113401,1.0,0.1829328829520718
database3/database3/m.018gqj/9-FaceId-0_align.webp,0.182644,1.0,0.1904891132604819
database3/database3/m.018gsl/54-FaceId-0_align.webp,0.015144,1.0,0.3488919720968889
database3/database3/m.018gw3/19-FaceId-0_align.webp,0.042889,1.0,0.2593533663838163
database3/database3/m.018h84/20-FaceId-0_align.webp,0.006714,1.0,0.1742899027513471
database3/database3/m.018h84/4-FaceId-0_align.webp,0.077047,1.0,0.1434394710653345
database3/database3/m.018hhw/26-FaceId-0_align.webp,0.058762,0.0,0.1797632132796686
database3/database3/m.018hwl/22-FaceId-0_align.webp,0.105538,1.0,0.1977568821012624
database3/database3/m.018j3w/52-FaceId-0_align.webp,0.03127,1.0,0.1342268009255418
database3/database3/m.018j4c/21-FaceId-0_align.webp,0.159984,1.0,0.1603235859715288
database3/database3/m.018j4c/60-FaceId-0_align.webp,0.116911,1.0,0.2077147027978435
database3/database3/m.018j4c/72-FaceId-0_align.webp,0.050298,1.0,0.1681932800147241
database3/database3/m.018j5m/87-FaceId-0_align.webp,0.119486,0.0,0.2044764499044204
database3/database3/m.018jnn/6-FaceId-0_align.webp,0.046059,1.0,0.1437587207368427
database3/database3/m.018jnn/60-FaceId-0_align.webp,0.021036,1.0,0.1362550321572929
database3/database3/m.018jz8/4-FaceId-0_align.webp,0.129694,1.0,0.1675558784451877
database3/database3/m.018kd0/56-FaceId-0_align.webp,0.078738,1.0,0.1779342580036738
database3/database3/m.018kjc/45-FaceId-0_align.webp,0.336481,1.0,0.2106056788073686
database3/database3/m.018kjc/74-FaceId-0_align.webp,0.359873,1.0,0.2003993569134101
database3/database3/m.018lb1/1-FaceId-0_align.webp,0.066363,0.0,0.166757529069518
database3/database3/m.018lb1/113-FaceId-0_align.webp,0.174767,0.0,0.1784499676243981
database3/database3/m.018lb1/45-FaceId-0_align.webp,0.011283,0.0,0.1553497716106186
database3/database3/m.018lb1/60-FaceId-0_align.webp,0.101898,0.0,0.1641541679435465
database3/database3/m.018lb1/67-FaceId-0_align.webp,0.058712,0.0,0.1459870043780925
database3/database3/m.018lp7/31-FaceId-0_align.webp,0.068826,0.0,0.1819002330936913
database3/database3/m.018lp7/5-FaceId-0_align.webp,0.037973,0.0,0.1692173956827359
database3/database3/m.018lpm/41-FaceId-0_align.webp,0.03151,1.0,0.2464089559994536
database3/database3/m.018lx_/11-FaceId-0_align.webp,0.157239,1.0,0.2093422013497768
database3/database3/m.018lxn/67-FaceId-0_align.webp,0.041223,0.0,0.1588421078464562
database3/database3/m.018m5c/31-FaceId-0_align.webp,0.012538,1.0,0.1293342919289712
database3/database3/m.018m5c/6-FaceId-0_align.webp,0.013236,1.0,0.1471407102272127
database3/database3/m.018m5c/74-FaceId-0_align.webp,0.007729,1.0,0.1789818781114908
database3/database3/m.018mfl/68-FaceId-0_align.webp,0.01486,1.0,0.2142951591823221
database3/database3/m.018n52/37-FaceId-0_align.webp,0.024108,1.0,0.1460783084586851
database3/database3/m.018n7d/44-FaceId-0_align.webp,0.002157,1.0,0.1510778436116805
database3/database3/m.018n9d/58-FaceId-0_align.webp,0.182622,1.0,0.1562952043399977
database3/database3/m.018nqq/25-FaceId-0_align.webp,0.02666,1.0,0.1380646062112674
database3/database3/m.018nqq/56-FaceId-0_align.webp,0.002557,1.0,0.1632177271802735
database3/database3/m.018nwp/42-FaceId-0_align.webp,0.023176,1.0,0.3043633559187548
database3/database3/m.018p19/2-FaceId-0_align.webp,0.029409,1.0,0.2431694880345057
database3/database3/m.018pj3/21-FaceId-0_align.webp,0.206243,0.0,0.1403994317563106
database3/database3/m.018pkl/117-FaceId-0_align.webp,0.00271,1.0,0.1831530242568731
database3/database3/m.018ptf/125-FaceId-1_align.webp,0.193842,0.0,0.2346822995075091
database3/database3/m.018ptf/6-FaceId-0_align.webp,0.184452,1.0,0.1644923743083935
database3/database3/m.018ptf/69-FaceId-0_align.webp,0.264398,1.0,0.2276231646523015
database3/database3/m.018ptf/87-FaceId-0_align.webp,0.284614,1.0,0.2001792086969631
database3/database3/m.018pyg/114-FaceId-0_align.webp,0.004286,0.0,0.1448348743598413
database3/database3/m.018pyg/50-FaceId-0_align.webp,0.094308,0.0,0.1391829612880841
database3/database3/m.018q7p/61-FaceId-0_align.webp,0.113962,1.0,0.1829834884167109
database3/database3/m.018qkz/35-FaceId-0_align.webp,0.11651,0.0,0.1811728280601151
database3/database3/m.018qkz/48-FaceId-0_align.webp,0.078768,0.0,0.17860718732893
database3/database3/m.018qlp/1-FaceId-0_align.webp,0.057596,0.0,0.1874975712708758
database3/database3/m.018qlp/2-FaceId-0_align.webp,0.201501,0.0,0.2052574383153064
database3/database3/m.018qlp/67-FaceId-0_align.webp,0.023725,0.0,0.1575855195520841
database3/database3/m.018qlp/73-FaceId-0_align.webp,0.048836,0.0,0.171736180359684
database3/database3/m.018qlp/81-FaceId-0_align.webp,0.220874,0.0,0.1851165624015862
database3/database3/m.018qlp/99-FaceId-0_align.webp,0.098556,0.0,0.169913462825893
database3/database3/m.018qn8/16-FaceId-0_align.webp,0.180079,0.0,0.1797532290219494
database3/database3/m.018qn8/24-FaceId-0_align.webp,0.067297,0.0,0.1783003271558952
database3/database3/m.018qn8/3-FaceId-0_align.webp,0.144663,0.0,0.1796209118907595
database3/database3/m.018qpb/20-FaceId-0_align.webp,0.030827,0.0,0.1270237523897856
database3/database3/m.018qpb/42-FaceId-0_align.webp,0.04676,0.0,0.1553075155174342
database3/database3/m.018qr9/59-FaceId-0_align.webp,0.041718,0.0,0.1613364028331138
database3/database3/m.018qwf/0-FaceId-0_align.webp,0.034965,1.0,0.1264887365306409
database3/database3/m.018qx5/48-FaceId-0_align.webp,0.145397,0.0,0.2969120813202409
database3/database3/m.018r3g/1-FaceId-0_align.webp,0.015575,1.0,0.2970355727959082
database3/database3/m.018rsq/63-FaceId-0_align.webp,0.05182,1.0,0.1470070609840436
database3/database3/m.018rsq/82-FaceId-0_align.webp,0.021029,1.0,0.2014867761986196
database3/database3/m.018ry5/78-FaceId-0_align.webp,0.052713,1.0,0.1776103968591333
database3/database3/m.018s7v/75-FaceId-0_align.webp,0.055964,0.0,0.1834792073375156
database3/database3/m.018slq/19-FaceId-0_align.webp,0.164016,1.0,0.1793490495170059
database3/database3/m.018swb/94-FaceId-0_align.webp,0.035612,1.0,0.1835997375971084
database3/database3/m.018t67/2-FaceId-0_align.webp,0.002151,1.0,0.1303188078753932
database3/database3/m.018t67/75-FaceId-0_align.webp,0.002161,1.0,0.1343277114562354
database3/database3/m.018t67/76-FaceId-0_align.webp,0.014984,1.0,0.1408733219529386
database3/database3/m.018tfd/63-FaceId-0_align.webp,0.039426,1.0,0.1338379952196589
database3/database3/m.018tvs/4-FaceId-0_align.webp,0.186437,1.0,0.1863859907159104
database3/database3/m.018v8c/66-FaceId-0_align.webp,0.031012,1.0,0.1393003931482355
database3/database3/m.018v_8/56-FaceId-0_align.webp,0.065146,1.0,0.1432401484022288
database3/database3/m.018vhw/41-FaceId-2_align.webp,0.017996,1.0,0.0
database3/database3/m.018vhw/84-FaceId-1_align.webp,0.010037,1.0,0.1752881242341264
database3/database3/m.018vhw/94-FaceId-0_align.webp,0.022504,1.0,0.1527922636587846
database3/database3/m.018w6s/30-FaceId-0_align.webp,0.009687,1.0,0.3088956999682789
database3/database3/m.018wh0/34-FaceId-0_align.webp,0.038341,1.0,0.1353657305965493
database3/database3/m.018wqb/36-FaceId-1_align.webp,0.061601,1.0,0.2100258816687512
database3/database3/m.018x3/82-FaceId-0_align.webp,0.000249,1.0,0.140834430919372
database3/database3/m.018x3/89-FaceId-0_align.webp,0.006661,1.0,0.1884488758549625
database3/database3/m.018xrz/49-FaceId-0_align.webp,0.084464,1.0,0.1767980944523529
database3/database3/m.018y0w/54-FaceId-0_align.webp,0.014612,1.0,0.1609743258708696
database3/database3/m.018y2s/21-FaceId-0_align.webp,0.010478,1.0,0.1739772441470742
database3/database3/m.018y4x/104-FaceId-0_align.webp,0.014664,1.0,0.1555764112029012
database3/database3/m.018y4x/94-FaceId-0_align.webp,0.083805,1.0,0.1293280040838847
database3/database3/m.018ycp/32-FaceId-0_align.webp,0.169605,1.0,0.1538470450913155
database3/database3/m.018ycp/64-FaceId-0_align.webp,0.011204,1.0,0.1538422700259524
