filename,target,gender,pred
database1/img00000154.webp,0.036749,1.0,0.0399000461325541
database1/img00000271.webp,0.229724,1.0,0.0573232518564355
database1/img00000323.webp,0.120628,0.0,0.0375124958347217
database1/img00000364.webp,0.00341,1.0,0.0363331832746338
database1/img00000371.webp,0.000249,1.0,0.0453139847419433
database1/img00000438.webp,0.102267,0.0,0.0404266331472512
database1/img00000448.webp,0.032257,0.0,0.0455479019211323
database1/img00000477.webp,0.158779,0.0,0.0277786826503355
database1/img00000491.webp,0.333523,0.0,0.0448917917722752
database1/img00000679.webp,0.022454,0.0,0.0398058400856137
database1/img00000766.webp,0.241328,0.0,0.0473592023713284
database1/img00000781.webp,0.01402,1.0,0.0399319317594347
database1/img00000793.webp,0.308688,0.0,0.0609424957138222
database1/img00000806.webp,0.083687,1.0,0.0424281628762085
database1/img00000857.webp,0.167176,0.0,0.0409289352413291
database1/img00000882.webp,0.118298,0.0,0.0409718534253849
database1/img00000903.webp,0.006576,1.0,0.0520728863904947
database1/img00000929.webp,0.021546,1.0,0.0506619473845419
database1/img00000941.webp,0.232414,0.0,0.0463917525773195
database1/img00001032.webp,0.044127,1.0,0.0547450133662348
database1/img00001145.webp,0.022379,1.0,0.0370174731569704
database1/img00001291.webp,0.022322,0.0,0.0388250925310808
database1/img00001371.webp,0.148865,0.0,0.0449822314355518
database1/img00001491.webp,0.264813,0.0,0.0592299527163947
database1/img00001551.webp,0.054068,1.0,0.043324980422866
database1/img00001573.webp,0.095382,0.0,0.0322206793420209
database1/img00001650.webp,0.088325,0.0,0.0303095363133668
database1/img00001652.webp,0.074782,1.0,0.0433882330540745
database1/img00001674.webp,0.188753,0.0,0.0600633567102326
database1/img00001701.webp,0.002942,1.0,0.0448609036594473
database1/img00001779.webp,0.009358,1.0,0.1208396407306488
database1/img00001812.webp,0.017934,0.0,0.0305282661151326
database1/img00001859.webp,0.006232,1.0,0.0497557997557997
database1/img00001872.webp,0.094988,0.0,0.0401665278934221
database1/img00001883.webp,0.015755,0.0,0.0433776052992539
database1/img00001978.webp,0.02291,1.0,0.0498259841744097
database1/img00002013.webp,0.068771,1.0,0.0406872782856977
database1/img00002073.webp,0.265663,0.0,0.0474284499858316
database1/img00002136.webp,0.083835,0.0,0.0400916482419228
database1/img00002187.webp,0.062593,1.0,0.0494530874097834
database1/img00002221.webp,0.024328,1.0,0.0462861920267533
database1/img00002227.webp,0.172367,0.0,0.0509294220156839
database1/img00002414.webp,0.290565,0.0,0.089845195209814
database1/img00002415.webp,0.370759,0.0,0.055892101954509
database1/img00002527.webp,0.008082,0.0,0.0411373748609565
database1/img00002649.webp,0.108227,0.0,0.0383432741821953
database1/img00002695.webp,0.191496,0.0,0.0394407842514684
database1/img00002698.webp,0.019352,0.0,0.0411780624210715
database1/img00002713.webp,0.025594,1.0,0.0623895549351288
database1/img00002737.webp,0.01324,1.0,0.0434309320628411
database1/img00002813.webp,0.015997,0.0,0.0314416954967002
database1/img00002915.webp,0.059948,0.0,0.0367365645000482
database1/img00002916.webp,0.061003,0.0,0.039975369458128
database1/img00003052.webp,0.34648,0.0,0.0446758404137421
database1/img00003146.webp,0.130163,0.0,0.0281639219485192
database1/img00003162.webp,0.193332,0.0,0.0525297619047618
database1/img00003199.webp,0.314562,0.0,0.0461815120906029
database1/img00003273.webp,0.126445,0.0,0.0526864116684029
database1/img00003300.webp,0.007141,1.0,0.0499501821465267
database1/img00003360.webp,0.008946,1.0,0.0425028353130781
database1/img00003390.webp,0.054933,0.0,0.0484582117365774
database1/img00003437.webp,0.01322,1.0,0.0367495003909982
database1/img00003452.webp,0.040754,0.0,0.0349710789394496
database1/img00003584.webp,0.23463,0.0,0.0464167431467219
database1/img00003713.webp,0.000555,1.0,0.0351083410022587
database1/img00003746.webp,0.099051,1.0,0.0470350690754516
database1/img00003877.webp,0.01258,0.0,0.0465301511904071
database1/img00003884.webp,0.091278,0.0,0.0342261416909811
database1/img00003887.webp,0.010493,1.0,0.0810964626528187
database1/img00003978.webp,0.178955,0.0,0.0247333638683504
database1/img00004026.webp,0.365443,0.0,0.0528132250580045
database1/img00004041.webp,0.094007,0.0,0.0341290986708649
database1/img00004164.webp,0.026259,1.0,0.0388239482584702
database1/img00004216.webp,0.034337,0.0,0.037351833134246
database1/img00004261.webp,0.165876,0.0,0.0505359462970983
database1/img00004273.webp,0.156777,0.0,0.0382803297997644
database1/img00004308.webp,0.126358,0.0,0.0394472540779257
database1/img00004416.webp,0.13739,1.0,0.0522384024102899
database1/img00004426.webp,0.364242,1.0,0.0721202854230376
database1/img00004540.webp,0.140347,0.0,0.0320662668970423
database1/img00004621.webp,0.130906,0.0,0.0411960837220059
database1/img00004701.webp,0.060368,0.0,0.0301687573323706
database1/img00004841.webp,0.021785,1.0,0.040114118895966
database1/img00004851.webp,0.058337,1.0,0.0425087695628709
database1/img00004895.webp,0.001337,1.0,0.0410615051332768
database1/img00005027.webp,0.095752,1.0,0.0522882181110029
database1/img00005030.webp,0.114344,0.0,0.042487684729064
database1/img00005095.webp,0.018419,0.0,0.0441325667906661
database1/img00005116.webp,0.107525,0.0,0.0468086876924356
database1/img00005179.webp,0.058586,1.0,0.0442788311553259
database1/img00005208.webp,0.021009,1.0,0.1010805401004206
database1/img00005271.webp,0.408256,0.0,0.0584266593826822
database1/img00005293.webp,0.043233,0.0,0.0392805219673061
database1/img00005339.webp,0.173984,0.0,0.0305714488787803
database1/img00005347.webp,0.002911,0.0,0.0311162175774363
database1/img00005361.webp,0.189098,0.0,0.0414664143803216
database1/img00005501.webp,0.145725,0.0,0.0368477103301383
database1/img00005507.webp,0.232343,0.0,0.0730070123639047
database1/img00005509.webp,0.003247,1.0,0.0930035533328945
database1/img00005522.webp,0.185571,0.0,0.0403954214360041
database1/img00005579.webp,0.037795,1.0,0.0474968834066005
database1/img00005689.webp,0.281579,0.0,0.040741098323936
database1/img00005696.webp,0.366924,0.0,0.0714109461591359
database1/img00005723.webp,0.013358,0.0,0.0494735738255033
database1/img00005726.webp,0.041346,1.0,0.0476954522227899
database1/img00005753.webp,0.009879,0.0,0.0439293091576772
database1/img00005766.webp,0.177714,0.0,0.0406746413323589
database1/img00005768.webp,0.024309,1.0,0.0537055773365371
database1/img00005822.webp,0.022373,0.0,0.03062599623243
database1/img00005851.webp,0.375359,0.0,0.0470146836536384
database1/img00005896.webp,0.063671,0.0,0.051762700434587
database1/img00005910.webp,0.374925,0.0,0.0433183147198389
database1/img00006003.webp,0.020291,1.0,0.0481967651780935
database1/img00006021.webp,0.018409,1.0,0.1047305449426904
database1/img00006047.webp,0.105454,0.0,0.0376090689280582
database1/img00006101.webp,0.326093,0.0,0.0494689770821688
database1/img00006168.webp,0.00248,1.0,0.0312845849802371
database1/img00006196.webp,0.0412,1.0,0.0419130845536135
database1/img00006204.webp,0.331116,1.0,0.0475532642132847
database1/img00006269.webp,0.011789,1.0,0.0459249657743729
database1/img00006334.webp,0.003849,1.0,0.0344587539157674
database1/img00006414.webp,0.208227,0.0,0.0431545853600664
database1/img00006420.webp,0.026323,1.0,0.0491866674851144
database1/img00006436.webp,0.008945,1.0,0.0567073170731706
database1/img00006571.webp,0.06176,0.0,0.0352878361324142
database1/img00006576.webp,0.028441,1.0,0.0681192660550458
database1/img00006629.webp,0.000814,1.0,0.0309692863889521
database1/img00006690.webp,0.119839,0.0,0.037324587627053
database1/img00006694.webp,0.019638,1.0,0.03798854291786
database1/img00006722.webp,0.383369,0.0,0.0617344820427651
database1/img00006757.webp,0.169654,1.0,0.0670804649588081
database1/img00007032.webp,0.079705,0.0,0.0410326682745011
database1/img00007152.webp,0.296672,0.0,0.0549225338301627
database1/img00007289.webp,0.004896,1.0,0.0506051936619717
database1/img00007329.webp,0.096683,0.0,0.0424694348764146
database1/img00007335.webp,0.012784,1.0,0.047695248991389
database1/img00007354.webp,0.047242,0.0,0.0344032707028531
database1/img00007383.webp,0.020362,1.0,0.0319034587823731
database1/img00007416.webp,0.105824,1.0,0.0482437466737626
database1/img00007435.webp,0.275659,0.0,0.0770132654428513
database1/img00007452.webp,0.091268,0.0,0.0367060632266743
database1/img00007454.webp,0.052407,1.0,0.0550522071435018
database1/img00007468.webp,0.289625,0.0,0.0689963054187192
database1/img00007470.webp,0.024029,1.0,0.0975411442006269
database1/img00007537.webp,0.023879,0.0,0.0410178216713761
database1/img00007538.webp,0.239526,0.0,0.0449019283290573
database1/img00007592.webp,0.092299,0.0,0.0395961882507576
database1/img00007663.webp,0.000453,1.0,0.0357615256196223
database1/img00007675.webp,0.145663,0.0,0.0356894344700823
database1/img00007764.webp,0.212475,0.0,0.0413228371375449
database1/img00007790.webp,0.273678,0.0,0.052976698792241
database1/img00007837.webp,0.07434,0.0,0.0365627892625732
database1/img00007851.webp,0.187909,0.0,0.0417298181238033
database1/img00007897.webp,0.021438,1.0,0.0434509256025147
database1/img00007955.webp,0.100119,0.0,0.0379064140140412
database1/img00007965.webp,0.126287,0.0,0.0295186124165223
database1/img00008054.webp,0.125876,0.0,0.0319148936170212
database1/img00008062.webp,0.192134,0.0,0.0569883527454242
database1/img00008079.webp,0.010384,1.0,0.0433727951456021
database1/img00008191.webp,0.127108,1.0,0.0560730731486373
database1/img00008233.webp,0.03355,1.0,0.0534946491144994
database1/img00008333.webp,0.123145,0.0,0.0378014998986554
database1/img00008350.webp,0.003002,0.0,0.0346327566865441
database1/img00008419.webp,0.136366,0.0,0.0440424354243541
database1/img00008444.webp,0.19563,0.0,0.0408570747407319
database1/img00008485.webp,0.153649,0.0,0.0316539440203562
database1/img00008500.webp,0.243166,1.0,0.0499776522693104
database1/img00008540.webp,0.020411,1.0,0.0448116741078116
database1/img00008619.webp,0.172849,1.0,0.0432062751199273
database1/img00008684.webp,0.116788,1.0,0.0886268366007536
database1/img00008694.webp,0.257404,1.0,0.0623183545718756
database1/img00008702.webp,0.150713,0.0,0.0397028766086297
database1/img00008778.webp,0.047436,1.0,0.0506934216985762
database1/img00008864.webp,0.142253,1.0,0.0456833699803263
database1/img00008929.webp,0.025151,1.0,0.0356721899555858
database1/img00009119.webp,0.134423,0.0,0.0392091152815013
database1/img00009131.webp,0.11769,0.0,0.0340048670258994
database1/img00009180.webp,0.22272,0.0,0.0517964071856287
database1/img00009210.webp,0.133618,1.0,0.0437128621516884
database1/img00009215.webp,0.015083,1.0,0.1071212167579642
database1/img00009309.webp,0.232271,0.0,0.0671398040243558
database1/img00009310.webp,0.032707,1.0,0.0544108722731482
database1/img00009395.webp,0.188981,0.0,0.0337028748493715
database1/img00009397.webp,0.022474,0.0,0.0338417942843361
database1/img00009399.webp,0.009987,1.0,0.0387506130456105
database1/img00009423.webp,0.205953,0.0,0.0423064961318664
database1/img00009521.webp,0.096612,0.0,0.0337797470875236
database1/img00009606.webp,0.062144,1.0,0.0408027410670581
database1/img00009643.webp,0.076471,0.0,0.0381164450848123
database1/img00009666.webp,0.249637,0.0,0.0421026407573492
database1/img00009740.webp,0.056754,0.0,0.0379828122027018
database1/img00009804.webp,0.00402,1.0,0.0814456521739129
database1/img00009898.webp,0.123271,0.0,0.0397980004080799
database1/img00009952.webp,0.220282,0.0,0.0478962346760069
database1/img00009963.webp,0.081114,1.0,0.0451461377870563
database1/img00010009.webp,0.161796,0.0,0.0351611226611226
database1/img00010196.webp,0.131846,0.0,0.0369091223220455
database1/img00010250.webp,0.119697,0.0,0.0584787656355328
database1/img00010353.webp,0.145055,0.0,0.04106842912437
database1/img00010363.webp,0.133258,0.0,0.0377642160700305
database1/img00010383.webp,0.010398,1.0,0.0312958103339063
database1/img00010445.webp,0.356323,0.0,0.0426820423556715
database1/img00010509.webp,0.056891,1.0,0.058362569468161
database1/img00010530.webp,0.091729,0.0,0.0412078837260515
database1/img00010535.webp,0.304853,0.0,0.0602297505717172
database1/img00010537.webp,0.013696,0.0,0.0467347475455819
database1/img00010580.webp,0.154987,1.0,0.0394814991807754
database1/img00010612.webp,0.334599,0.0,0.0467289719626167
database1/img00010629.webp,0.060911,0.0,0.032913943009456
database1/img00010643.webp,0.114721,1.0,0.038033975759984
database1/img00010674.webp,0.023709,0.0,0.0383060772691565
database1/img00010757.webp,0.206361,0.0,0.0418648164029001
database1/img00010780.webp,0.013969,0.0,0.0388140890785598
database1/img00010790.webp,0.031334,0.0,0.0348425720620841
database1/img00010806.webp,0.065196,0.0,0.0379802095459836
database1/img00010887.webp,0.081617,0.0,0.0397942020381913
database1/img00010888.webp,0.233141,1.0,0.0606887665456248
database1/img00010982.webp,0.00745,1.0,0.052651235854198
database1/img00010983.webp,0.20866,0.0,0.0410036092199163
database1/img00011118.webp,0.178597,1.0,0.0752668597434835
database1/img00011128.webp,0.27358,1.0,0.0440978304810672
database1/img00011142.webp,0.28074,1.0,0.0573631840796019
database1/img00011296.webp,0.108452,1.0,0.0572358686001775
database1/img00011507.webp,0.092578,0.0,0.0493700787401574
database1/img00011516.webp,0.087323,0.0,0.0380888827261066
database1/img00011597.webp,0.091441,0.0,0.0385880788211823
database1/img00011619.webp,0.253533,0.0,0.0499622213826973
database1/img00011623.webp,0.079619,0.0,0.0345693306114986
database1/img00011711.webp,0.412517,0.0,0.0692287769784172
database1/img00011737.webp,0.360567,0.0,0.050446480343268
database1/img00011787.webp,0.009168,1.0,0.0411188138999737
database1/img00011827.webp,0.096535,0.0,0.0405376649170095
database1/img00011910.webp,0.153312,0.0,0.0437067030929846
database1/img00011946.webp,0.118833,0.0,0.0394568690095846
database1/img00011981.webp,0.044401,1.0,0.0450573017894242
database1/img00011982.webp,0.064973,1.0,0.0390925305206186
database1/img00012046.webp,0.013245,1.0,0.0471586376189014
database1/img00012050.webp,0.169118,0.0,0.0373415492957745
database1/img00012055.webp,0.118938,0.0,0.0405713544177078
database1/img00012083.webp,0.105677,1.0,0.0420955951265229
database1/img00012173.webp,0.148639,0.0,0.0401382866518223
database1/img00012174.webp,0.13274,0.0,0.0439287326911498
database1/img00012175.webp,0.161502,0.0,0.0456682464454976
database1/img00012194.webp,0.057599,0.0,0.0396235285923243
database1/img00012259.webp,0.022948,1.0,0.086105388387546
database1/img00012293.webp,0.081765,0.0,0.0406362465744378
database1/img00012367.webp,0.265563,0.0,0.0541021165175649
database1/img00012402.webp,0.08769,0.0,0.0400953170327393
database1/img00012413.webp,0.178087,0.0,0.0413114011921828
database1/img00012417.webp,0.047864,1.0,0.0403575670438206
database1/img00012444.webp,0.279593,0.0,0.0469994521471617
database1/img00012509.webp,0.14518,0.0,0.0326817348808796
database1/img00012555.webp,0.159567,0.0,0.0430322918344338
database1/img00012681.webp,0.00788,1.0,0.0396059649808706
database1/img00012805.webp,0.03627,0.0,0.0393182126850468
database1/img00012844.webp,0.027729,1.0,0.0453505254424778
database1/img00012874.webp,0.002528,1.0,0.0850988700564971
database1/img00012883.webp,0.105193,1.0,0.0415871568595525
database1/img00012980.webp,0.021348,1.0,0.0440807200596227
database1/img00013033.webp,0.378744,0.0,0.052929808655819
database1/img00013074.webp,0.20406,0.0,0.0548875140607423
database1/img00013089.webp,0.0,1.0,0.0328497059674153
database1/img00013099.webp,0.124905,0.0,0.0563197410111585
database1/img00013109.webp,0.255454,0.0,0.1116886970596168
database1/img00013151.webp,0.003784,1.0,0.0398389469812411
database1/img00013182.webp,0.112701,0.0,0.0369498835232638
database1/img00013213.webp,0.208104,1.0,0.0647309505106047
database1/img00013311.webp,0.021686,1.0,0.0441815503590498
database1/img00013313.webp,0.096531,0.0,0.047371376071866
database1/img00013345.webp,0.111239,1.0,0.0430293559549056
database1/img00013392.webp,0.234015,0.0,0.0402893837731033
database1/img00013433.webp,0.013693,1.0,0.0453699395067472
database1/img00013450.webp,0.007936,1.0,0.0400983008004493
database1/img00013515.webp,0.055869,0.0,0.0381994261119081
database1/img00013591.webp,0.097683,0.0,0.0362001401809608
database1/img00013659.webp,0.005492,0.0,0.0417186108637577
database1/img00013777.webp,0.039118,0.0,0.0393300087432401
database1/img00013856.webp,0.08085,0.0,0.0502892893241782
database1/img00013896.webp,0.155239,0.0,0.0423740186539622
database1/img00013978.webp,0.216187,1.0,0.0542324246771878
database1/img00014030.webp,0.009111,0.0,0.0517551963048497
database1/img00014146.webp,0.019737,0.0,0.0393669803250641
database1/img00014277.webp,0.009327,1.0,0.0522222537771213
database1/img00014440.webp,0.313716,0.0,0.0545468494271685
database1/img00014506.webp,0.002933,0.0,0.0450351939286851
database1/img00014634.webp,0.124116,1.0,0.0400710479573712
database1/img00014645.webp,0.294956,1.0,0.0532633383329761
database1/img00014657.webp,0.009173,1.0,0.0352517126015611
database1/img00014808.webp,0.222577,0.0,0.0482556170260809
database1/img00014845.webp,0.184098,0.0,0.0424195544554455
database1/img00014912.webp,0.085464,0.0,0.0410314628608497
database1/img00014924.webp,0.071344,1.0,0.0531866179134059
database1/img00015038.webp,0.222266,1.0,0.0516178799074336
database1/img00015081.webp,0.134204,0.0,0.0574112104373037
database1/img00015348.webp,0.225921,0.0,0.0505567775639262
database1/img00015359.webp,0.033386,0.0,0.0383767872161479
database1/img00015476.webp,0.164199,0.0,0.0605238195615513
database1/img00015498.webp,0.128891,0.0,0.0342145944411142
database1/img00015505.webp,0.086803,0.0,0.0389214801444042
database1/img00015509.webp,0.096299,1.0,0.0621316217682154
database1/img00015766.webp,0.128287,0.0,0.0368509068340113
database1/img00015784.webp,0.198335,0.0,0.0462370205097399
database1/img00015947.webp,0.126497,0.0,0.0386340411036675
database1/img00016004.webp,0.076385,0.0,0.0396965976850227
database1/img00016096.webp,0.018479,1.0,0.0495717447791357
database1/img00016164.webp,0.009807,1.0,0.0438831291234683
database1/img00016181.webp,0.000908,1.0,0.0366100035599857
database1/img00016288.webp,0.368142,0.0,0.0870646104759371
database1/img00016296.webp,0.233928,0.0,0.0410989172865876
database1/img00016398.webp,0.070727,0.0,0.0391375115086149
database1/img00016442.webp,0.050167,0.0,0.0375206157229246
database1/img00016457.webp,0.145227,1.0,0.0415179062351085
database1/img00016490.webp,0.091022,0.0,0.0325414697580005
database1/img00016497.webp,0.144198,0.0,0.0422547918838719
database1/img00016611.webp,0.10049,0.0,0.0384701737418396
database1/img00016679.webp,0.001846,0.0,0.0467426261141228
database1/img00016886.webp,0.012909,1.0,0.0399945137841173
database1/img00016934.webp,0.076123,1.0,0.0362659919801412
database1/img00016955.webp,0.030027,1.0,0.0525404484814078
database1/img00017135.webp,0.137474,0.0,0.0383878926243693
database1/img00017144.webp,0.291437,0.0,0.0446958456973293
database1/img00017157.webp,0.097188,0.0,0.037793633369923
database1/img00017237.webp,0.019539,0.0,0.0363461188323116
database1/img00017467.webp,0.193369,0.0,0.0567846267417181
database1/img00017485.webp,0.231654,0.0,0.0679306880964339
database1/img00017623.webp,0.273226,0.0,0.0422686491723179
database1/img00017648.webp,0.013591,1.0,0.0353675256286417
database1/img00017737.webp,0.0127,1.0,0.0461377384830153
database1/img00017893.webp,0.369649,0.0,0.0533670192670947
database1/img00018025.webp,0.125656,0.0,0.0353298393170976
database1/img00018042.webp,0.016056,1.0,0.0411695666206976
database1/img00018045.webp,0.096288,0.0,0.0385390428211586
database1/img00018076.webp,0.184672,1.0,0.043202200167404
database1/img00018117.webp,0.020611,0.0,0.0439375064881137
database1/img00018133.webp,0.049189,0.0,0.039484872103734
database1/img00018173.webp,0.28192,0.0,0.0491100428738469
database1/img00018225.webp,0.130293,0.0,0.0338345864661654
database1/img00018284.webp,0.238474,0.0,0.0447736643565225
database1/img00018380.webp,0.182421,0.0,0.0372219531279108
database1/img00018422.webp,0.021826,0.0,0.0432892622130575
database1/img00018465.webp,0.041569,1.0,0.0452252359190456
database1/img00018500.webp,0.147015,0.0,0.0371928148991661
database1/img00018591.webp,0.11045,0.0,0.0451305522208883
database1/img00018619.webp,0.026771,1.0,0.0468617119615455
database1/img00018643.webp,0.14475,0.0,0.0415720127214902
database1/img00018689.webp,0.008002,0.0,0.0459525009449413
database1/img00018779.webp,0.045676,1.0,0.0414441942746863
database1/img00018873.webp,0.099329,0.0,0.0355939987752602
database1/img00018963.webp,0.0236,1.0,0.133163816381638
database1/img00019125.webp,0.039224,1.0,0.049982165439865
database1/img00019151.webp,0.151887,0.0,0.0513642131979695
database1/img00019162.webp,0.357571,0.0,0.0525754733071806
database1/img00019165.webp,0.070241,1.0,0.0489487056744117
database1/img00019172.webp,0.017685,0.0,0.035316092786192
database1/img00019200.webp,0.017214,1.0,0.0427261672373515
database1/img00019353.webp,0.013152,0.0,0.0362810751307219
database1/img00019360.webp,0.02429,1.0,0.0407454007549222
database1/img00019362.webp,0.226958,0.0,0.0420681763430497
database1/img00019406.webp,0.122785,0.0,0.0412369232832617
database1/img00019511.webp,0.00639,1.0,0.0425781363782004
database1/img00019553.webp,0.097165,0.0,0.0376370161994372
database1/img00019616.webp,0.008603,1.0,0.0500164478602828
database1/img00019625.webp,0.044642,1.0,0.0540208981906728
database1/img00019811.webp,0.135181,0.0,0.0384064226519337
database1/img00019846.webp,0.085115,0.0,0.0394139886578449
database1/img00019883.webp,0.295134,0.0,0.0622326097290444
database1/img00019956.webp,0.121542,0.0,0.0388407023482123
database1/img00020019.webp,0.245216,0.0,0.0445778611632269
database1/img00020092.webp,0.229511,0.0,0.0566858253740173
database1/img00020095.webp,0.369647,0.0,0.0546991179051401
database1/img00020106.webp,0.016139,1.0,0.0357017934367844
database1/img00020280.webp,0.093764,0.0,0.0379202645599852
database1/img00020383.webp,0.174486,0.0,0.0413296398891966
database1/img00020425.webp,0.105022,0.0,0.0369535402022972
database1/img00020495.webp,0.101841,0.0,0.0415484491464294
database1/img00020506.webp,0.143822,0.0,0.0413257734312568
database1/img00020690.webp,0.113169,0.0,0.0387061365299508
database1/img00020757.webp,0.123725,0.0,0.0385815816192231
database1/img00020765.webp,0.148549,0.0,0.0384037686898341
database1/img00020799.webp,0.406729,0.0,0.0674695823742189
database1/img00020831.webp,0.0,1.0,0.0298525119065908
database1/img00020839.webp,0.164052,0.0,0.0359747469250026
database1/img00020840.webp,0.164657,0.0,0.0419894366197182
database1/img00020876.webp,0.039848,0.0,0.0443320797648768
database1/img00020958.webp,0.18413,1.0,0.0514519365463975
database1/img00021024.webp,0.011248,1.0,0.0501937435025044
database1/img00021028.webp,0.079159,0.0,0.0339166614722931
database1/img00021119.webp,0.231027,0.0,0.0322586303676676
database1/img00021174.webp,0.029653,1.0,0.0427061374450399
database1/img00021203.webp,0.100309,1.0,0.0856082526103912
database1/img00021240.webp,0.12352,0.0,0.0410619090236973
database1/img00021256.webp,0.115372,0.0,0.0368951410080144
database1/img00021294.webp,0.230757,0.0,0.0507995909069778
database1/img00021336.webp,0.216002,0.0,0.0415100060642813
database1/img00021374.webp,0.038864,0.0,0.0386732749991927
database1/img00021382.webp,0.023478,1.0,0.0976609370974271
database1/img00021398.webp,0.118902,0.0,0.1074419717635797
database1/img00021523.webp,0.125539,0.0,0.0393999065482944
database1/img00021529.webp,0.020743,0.0,0.0401658184206205
database1/img00021585.webp,0.323915,0.0,0.0427276515940821
database1/img00021592.webp,0.053661,1.0,0.0446482745544178
database1/img00021620.webp,0.012103,1.0,0.0493303777593054
database1/img00021622.webp,0.258145,0.0,0.0485346632188153
database1/img00021629.webp,0.347567,0.0,0.0538735177865612
database1/img00021724.webp,0.117861,0.0,0.0409428129829983
database1/img00021737.webp,0.042247,1.0,0.0433391863238801
database1/img00021763.webp,0.319156,0.0,0.0641939019529692
database1/img00021881.webp,0.200485,0.0,0.0378734873094634
database1/img00021891.webp,0.158308,0.0,0.0391097587639384
database1/img00022037.webp,0.280548,0.0,0.0572082895329628
database1/img00022062.webp,0.084716,1.0,0.0350752564794816
database1/img00022089.webp,0.105552,0.0,0.0384697470920925
database1/img00022098.webp,0.019455,1.0,0.04339222515589
database1/img00022099.webp,0.017022,1.0,0.0499315324287314
database1/img00022106.webp,0.009696,1.0,0.0430909248755642
database1/img00022110.webp,0.247685,0.0,0.0632522153154344
database1/img00022174.webp,0.246505,1.0,0.0527840189550226
database1/img00022220.webp,0.197348,0.0,0.0746769740474875
database1/img00022367.webp,0.130304,0.0,0.0435786311209337
database1/img00022458.webp,0.178211,1.0,0.043860612718174
database1/img00022462.webp,0.147091,1.0,0.0454600292082036
database1/img00022521.webp,0.025301,1.0,0.0396170532287668
database1/img00022669.webp,0.094607,1.0,0.1111521620142309
database1/img00022715.webp,0.056654,0.0,0.0337735491811038
database1/img00022789.webp,0.207616,0.0,0.0747503709347555
database1/img00022833.webp,0.037262,1.0,0.0466079624987792
database1/img00022848.webp,0.082086,0.0,0.0376745895613819
database1/img00022964.webp,0.170935,0.0,0.0427725703009372
database1/img00023014.webp,0.001544,1.0,0.1298755547820032
database1/img00023146.webp,0.103648,1.0,0.0515386259215727
database1/img00023176.webp,0.028973,1.0,0.0806289071840945
database1/img00023181.webp,0.102577,0.0,0.0411809153713298
database1/img00023337.webp,0.089515,0.0,0.0351825707501764
database1/img00023439.webp,0.005019,1.0,0.0465492219624283
database1/img00023478.webp,0.105124,0.0,0.0340683728397393
database1/img00023517.webp,0.050744,0.0,0.042542059909725
database1/img00023568.webp,0.010958,1.0,0.0542942779291552
database1/img00023725.webp,0.203847,0.0,0.0416387959866219
database1/img00023876.webp,0.079286,0.0,0.0365288505224897
database1/img00023903.webp,0.124474,0.0,0.030137911081107
database1/img00024004.webp,0.151347,0.0,0.0446651992585726
database1/img00024033.webp,0.008003,1.0,0.0476237164860238
database1/img00024054.webp,0.158105,0.0,0.0388239300715177
database1/img00024075.webp,0.098827,0.0,0.0420992524916943
database1/img00024097.webp,0.056329,1.0,0.0404275874964938
database1/img00024151.webp,0.223931,0.0,0.0369041242635243
database1/img00024251.webp,0.125194,0.0,0.0384892604872422
database1/img00024286.webp,0.203387,0.0,0.0714558386241259
database1/img00024330.webp,0.039351,0.0,0.0547678384050366
database1/img00024429.webp,0.001011,1.0,0.0336643409281722
database1/img00024472.webp,0.231978,0.0,0.0464002280001753
database1/img00024480.webp,0.229159,0.0,0.0406118305110719
database1/img00024496.webp,0.010786,0.0,0.0497617756982681
database1/img00024553.webp,0.040348,1.0,0.0461617613432201
database1/img00024607.webp,0.016616,1.0,0.0443119921421555
database1/img00024687.webp,0.27365,0.0,0.0468971593106708
database1/img00024753.webp,0.192923,0.0,0.0442078155657291
database1/img00024774.webp,0.053221,0.0,0.038721890775585
database1/img00025064.webp,0.015037,0.0,0.0327384435342305
database1/img00025075.webp,0.298755,0.0,0.0523933167757958
database1/img00025133.webp,0.155681,1.0,0.058992216304793
database1/img00025166.webp,0.014644,0.0,0.0416829173166926
database1/img00025308.webp,0.026547,1.0,0.0444630463898696
database1/img00025347.webp,0.003317,1.0,0.0484778837814396
database1/img00025392.webp,0.084647,0.0,0.03928999144568
database1/img00025465.webp,0.083236,0.0,0.0521474575668077
database1/img00025509.webp,0.003962,0.0,0.0509109582923997
database1/img00025534.webp,0.073372,0.0,0.0428742917506962
database1/img00025566.webp,0.059194,1.0,0.0488050784167288
database1/img00025641.webp,0.045629,1.0,0.0505908395974008
database1/img00025678.webp,0.113275,0.0,0.0408055672711935
database1/img00025969.webp,0.033245,1.0,0.04394153036285
database1/img00026052.webp,0.217685,0.0,0.049184268924139
database1/img00026073.webp,0.052874,0.0,0.0360227562468128
database1/img00026088.webp,0.15625,0.0,0.0424990693634445
database1/img00026103.webp,0.013345,1.0,0.0516064378070465
database1/img00026169.webp,0.063574,1.0,0.0577072605122258
database1/img00026178.webp,0.317092,0.0,0.0605146579804559
database1/img00026249.webp,0.008453,1.0,0.0521711768407802
database1/img00026281.webp,0.219012,1.0,0.0639979068550496
database1/img00026282.webp,0.011198,1.0,0.0487055623299877
database1/img00026305.webp,0.138547,1.0,0.048515466245202
database1/img00026333.webp,0.154155,0.0,0.0380106110637034
database1/img00026341.webp,0.145098,0.0,0.0994518090302003
database1/img00026380.webp,0.102089,0.0,0.042205709398054
database1/img00026418.webp,0.030072,1.0,0.0433147953139396
database1/img00026462.webp,0.007743,0.0,0.0402671040299905
database1/img00026473.webp,0.0,1.0,0.0417370670795327
database1/img00026493.webp,0.222605,0.0,0.0399428084692139
database1/img00026505.webp,0.024604,1.0,0.0520744301994301
database1/img00026554.webp,0.005176,1.0,0.048251361077789
database1/img00026653.webp,0.0,0.0,0.0283518796033541
database1/img00026673.webp,0.305916,0.0,0.0439892754707569
database1/img00026714.webp,0.210407,0.0,0.0421952041805385
database1/img00026908.webp,0.046474,0.0,0.0390021599685822
database1/img00027013.webp,0.003769,0.0,0.0372804846084397
database1/img00027032.webp,0.007456,0.0,0.0508585539539424
database1/img00027062.webp,0.046983,1.0,0.0410859509629046
database1/img00027147.webp,0.083316,1.0,0.0513324826831934
database1/img00027201.webp,0.173566,0.0,0.0399600985799788
database1/img00027213.webp,0.102301,0.0,0.0400573578159335
database1/img00027267.webp,0.025949,0.0,0.0389587987909054
database1/img00027278.webp,0.04282,0.0,0.0393122676579925
database1/img00027291.webp,0.037481,1.0,0.0464697336561742
database1/img00027300.webp,0.162757,0.0,0.0401997738409347
database1/img00027329.webp,0.120534,0.0,0.0286593398973789
database1/img00027355.webp,0.012954,0.0,0.0415079043372516
database1/img00027400.webp,0.093064,1.0,0.1431593328936209
database1/img00027672.webp,0.024684,0.0,0.0372387530995395
database1/img00027691.webp,0.263468,1.0,0.0524512377337155
database1/img00027708.webp,0.011879,1.0,0.0771425683870097
database1/img00027826.webp,0.008279,1.0,0.0466431756524991
database1/img00027870.webp,0.156292,0.0,0.0429394812680114
database1/img00027888.webp,0.010368,1.0,0.0474512603998509
database1/img00027943.webp,0.005057,1.0,0.0532509511584026
database1/img00027980.webp,0.1488,0.0,0.0403235616105096
database1/img00028069.webp,0.00506,1.0,0.0511488821687006
database1/img00028087.webp,0.001205,1.0,0.0345955794977421
database1/img00028101.webp,0.0173,1.0,0.0408419901585565
database1/img00028174.webp,0.122309,0.0,0.0388246207573938
database1/img00028222.webp,0.107143,0.0,0.0381818181818181
database1/img00028224.webp,0.146398,0.0,0.0454419583517943
database1/img00028300.webp,0.012183,0.0,0.0415810368986454
database1/img00028356.webp,0.152613,0.0,0.0294225756866937
database1/img00028517.webp,0.382837,0.0,0.0579388994483333
database1/img00028551.webp,0.203166,0.0,0.065326234269119
database1/img00028578.webp,0.061325,0.0,0.0363826398566593
database1/img00028581.webp,0.020189,1.0,0.0413831740794919
database1/img00028723.webp,0.12276,0.0,0.0422354451055885
database1/img00028742.webp,0.061928,0.0,0.0319158623201602
database1/img00028757.webp,0.031527,1.0,0.0454595185995623
database1/img00028784.webp,0.01652,0.0,0.038128784350256
database1/img00028843.webp,0.045216,1.0,0.0557646345979061
database1/img00028942.webp,0.085705,0.0,0.0325940669130887
database1/img00029059.webp,0.201976,0.0,0.0432429838369101
database1/img00029154.webp,0.027398,0.0,0.0852856057591432
database1/img00029252.webp,0.011317,1.0,0.0506536462435028
database1/img00029315.webp,0.223811,0.0,0.048948598130841
database1/img00029326.webp,0.073163,0.0,0.0347062118576608
database1/img00029393.webp,0.181547,0.0,0.040034839019702
database1/img00029479.webp,0.172507,1.0,0.0529949702789208
database1/img00029527.webp,9.6e-05,1.0,0.0365539682128132
database1/img00029586.webp,0.049823,0.0,0.040356925572906
database1/img00029691.webp,0.030185,1.0,0.053080235932965
database1/img00029706.webp,0.21533,1.0,0.1064625675328016
database1/img00029758.webp,0.113217,0.0,0.0377120355411954
database1/img00029778.webp,0.154551,0.0,0.0565184815184815
database1/img00029960.webp,0.383842,0.0,0.0523950531266329
database2/database2/test/148.webp,0.048036,1.0,0.0411138219010977
database2/database2/test/190.webp,0.086509,1.0,0.1134948016224531
database2/database2/test/216.webp,0.245817,0.0,0.0379018473473144
database2/database2/test/232.webp,0.275174,0.0,0.0443613015351935
database2/database2/test/239.webp,0.175156,0.0,0.04570862765914
database2/database2/test/266.webp,0.213241,0.0,0.0422431275349256
database2/database2/test/34.webp,0.050154,0.0,0.0401916265552628
database2/database2/test/453.webp,0.089504,1.0,0.0260063164794565
database2/database2/test/472.webp,0.226614,1.0,0.0652539732003738
database2/database2/test/91.webp,0.465517,1.0,0.0493662197409965
database2/database2/train/1009.webp,0.104761,1.0,0.0770130454340979
database2/database2/train/1240.webp,0.146101,0.0,0.0459827689841714
database2/database2/train/1258.webp,0.246853,0.0,0.1486909713726449
database2/database2/train/127.webp,0.075508,0.0,0.0317821870273155
database2/database2/train/1279.webp,0.000502,1.0,0.1064593301435406
database2/database2/train/1311.webp,0.172932,1.0,0.1592562929061784
database2/database2/train/174.webp,0.051776,1.0,0.1735523497121434
database2/database2/train/203.webp,0.050641,1.0,0.04624632924512
database2/database2/train/219.webp,0.142928,0.0,0.0466197989046022
database2/database2/train/233.webp,0.281943,1.0,0.0629082832505878
database2/database2/train/26.webp,0.011878,0.0,0.0377906213056613
database2/database2/train/34.webp,0.095641,0.0,0.0561007210455159
database2/database2/train/433.webp,0.036418,1.0,0.0524123711340206
database2/database2/train/436.webp,0.026337,1.0,0.038259618339806
database2/database2/train/515.webp,0.012181,1.0,0.0455994897959183
database2/database2/train/547.webp,0.0,1.0,0.0326848057695459
database2/database2/train/613.webp,0.048432,0.0,0.0382826726432272
database2/database2/train/624.webp,0.123039,1.0,0.0987654654492409
database2/database2/train/650.webp,0.113219,0.0,0.0422404149293196
database2/database2/train/766.webp,0.167917,0.0,0.0538160775727243
database2/database2/train/814.webp,0.3,0.0,0.053880093433688
database2/database2/train/846.webp,0.020085,1.0,0.0482117741611411
database2/database2/train/900.webp,0.417188,1.0,0.0552815195270859
database2/database2/train/928.webp,0.09983,0.0,0.0408283709059973
database2/database2/train/97.webp,0.048559,1.0,0.0500432152117544
database2/database2/train/992.webp,0.32608,0.0,0.0583791537174276
database3/database3/m.0109kg/59-FaceId-0_align.webp,0.264823,0.0,0.0512098615127073
database3/database3/m.010bk0/59-FaceId-0_align.webp,0.021845,1.0,0.1027474808468882
database3/database3/m.010ngb/60-FaceId-0_align.webp,0.012915,1.0,0.0392097264437689
database3/database3/m.010p3/45-FaceId-0_align.webp,0.01465,1.0,0.0547969353854497
database3/database3/m.010p3/69-FaceId-0_align.webp,0.027584,1.0,0.0474179488872745
database3/database3/m.010p3/82-FaceId-0_align.webp,0.013896,1.0,0.0438861985472154
database3/database3/m.010wty2t/83-FaceId-1_align.webp,0.168202,1.0,0.0615773598296664
database3/database3/m.0112yl/20-FaceId-0_align.webp,0.035573,1.0,0.0600352295098952
database3/database3/m.01167d3z/34-FaceId-0_align.webp,0.37993,1.0,0.0631283967391304
database3/database3/m.01167d3z/74-FaceId-0_align.webp,0.319357,1.0,0.0561074544619623
database3/database3/m.011_0k/17-FaceId-0_align.webp,0.022011,1.0,0.0451912346555746
database3/database3/m.011_0k/3-FaceId-0_align.webp,0.017225,1.0,0.0485002612249915
database3/database3/m.011_0k/43-FaceId-0_align.webp,0.025252,1.0,0.0453650464665373
database3/database3/m.011_0k/77-FaceId-0_align.webp,0.126436,1.0,0.1043561742469698
database3/database3/m.011_2h/101-FaceId-0_align.webp,0.183945,0.0,0.0497757847533631
database3/database3/m.011_2h/18-FaceId-0_align.webp,0.139464,0.0,0.07928853105488
database3/database3/m.011_2h/21-FaceId-0_align.webp,0.028243,0.0,0.0424402198128619
database3/database3/m.011_3d/107-FaceId-0_align.webp,0.091414,1.0,0.0532112644701691
database3/database3/m.011_3d/31-FaceId-0_align.webp,0.156269,1.0,0.0569250573233033
database3/database3/m.011_3d/35-FaceId-0_align.webp,0.154662,1.0,0.3106176266481609
database3/database3/m.011_3s/106-FaceId-0_align.webp,0.132155,0.0,0.0463199363612257
database3/database3/m.011_3s/93-FaceId-0_align.webp,0.255275,0.0,0.0531821420090239
database3/database3/m.011_8/14-FaceId-0_align.webp,0.108434,1.0,0.0434684139552573
database3/database3/m.011_nf/83-FaceId-0_align.webp,0.036792,1.0,0.049840994033178
database3/database3/m.011_pk/73-FaceId-0_align.webp,0.106935,1.0,0.0566166095545252
database3/database3/m.011_pk/98-FaceId-0_align.webp,0.021278,1.0,0.0382051200609833
database3/database3/m.011_r9/15-FaceId-0_align.webp,0.000453,1.0,0.0415727677303285
database3/database3/m.011_r9/35-FaceId-0_align.webp,0.0,1.0,0.0244193989071037
database3/database3/m.011h_w/16-FaceId-0_align.webp,0.023388,1.0,0.0933212086289479
database3/database3/m.011h_w/57-FaceId-0_align.webp,0.034974,1.0,0.0779640008622547
database3/database3/m.011hdn/3-FaceId-0_align.webp,0.144586,1.0,0.0696410130317186
database3/database3/m.011hm1/28-FaceId-0_align.webp,0.045589,0.0,0.058992583436341
database3/database3/m.011hm1/59-FaceId-0_align.webp,0.308314,0.0,0.0560297522078366
database3/database3/m.011hmd/24-FaceId-0_align.webp,0.029049,1.0,0.0764666922299298
database3/database3/m.011jfg/102-FaceId-0_align.webp,0.016853,0.0,0.0442144564896996
database3/database3/m.011jfg/64-FaceId-0_align.webp,0.014724,0.0,0.0461973919196683
database3/database3/m.011kd9/42-FaceId-0_align.webp,0.092666,1.0,0.0
database3/database3/m.011kd9/48-FaceId-0_align.webp,0.021031,1.0,0.1184825801681914
database3/database3/m.011l17/115-FaceId-0_align.webp,0.008147,1.0,0.0540413653089708
database3/database3/m.011l17/73-FaceId-0_align.webp,0.013848,1.0,0.0476496323187191
database3/database3/m.011l17/78-FaceId-0_align.webp,0.000371,1.0,0.0410551606767444
database3/database3/m.011lf5/30-FaceId-0_align.webp,0.003745,1.0,0.0517345353759935
database3/database3/m.011lhy/14-FaceId-0_align.webp,0.06605,1.0,0.0291842226392379
database3/database3/m.011m1y/65-FaceId-0_align.webp,0.010331,1.0,0.0945663623595505
database3/database3/m.011m1y/93-FaceId-0_align.webp,0.010174,1.0,0.0374806758699248
database3/database3/m.011m33/35-FaceId-0_align.webp,0.10764,0.0,0.035258983180428
database3/database3/m.011m33/96-FaceId-0_align.webp,0.077455,0.0,0.0495707895055011
database3/database3/m.011m33/98-FaceId-0_align.webp,0.093352,0.0,0.1146292973864131
database3/database3/m.011p3/100-FaceId-0_align.webp,0.261068,0.0,0.0589303818857721
database3/database3/m.011p3/38-FaceId-0_align.webp,0.260325,0.0,0.0441189896530735
database3/database3/m.011qm2/8-FaceId-0_align.webp,0.02115,1.0,0.0421716643247929
database3/database3/m.011w1b/4-FaceId-0_align.webp,0.011173,0.0,0.0394071159314859
database3/database3/m.011w1b/5-FaceId-0_align.webp,0.149673,0.0,0.0408928296661024
database3/database3/m.011w1b/65-FaceId-0_align.webp,0.028609,0.0,0.038350092848884
database3/database3/m.011w1b/75-FaceId-0_align.webp,0.102741,0.0,0.0401834461672854
database3/database3/m.011xgp/24-FaceId-0_align.webp,0.060348,1.0,0.0513073901301251
database3/database3/m.011xgp/72-FaceId-0_align.webp,0.024118,1.0,0.0850743417491801
database3/database3/m.011xjd/62-FaceId-0_align.webp,0.025855,1.0,0.0542854315122723
database3/database3/m.011xl3/35-FaceId-0_align.webp,0.101991,1.0,0.0515431871689228
database3/database3/m.011xl3/86-FaceId-0_align.webp,0.095741,1.0,0.0973839972349433
database3/database3/m.011xl3/92-FaceId-0_align.webp,0.15032,1.0,0.048397360358237
database3/database3/m.011xl3/99-FaceId-0_align.webp,0.04585,1.0,0.0437219087692454
database3/database3/m.011xll/89-FaceId-0_align.webp,0.057752,1.0,0.0836690065787055
database3/database3/m.011ybj/52-FaceId-0_align.webp,0.042728,1.0,0.0442693127767754
database3/database3/m.011ybj/61-FaceId-0_align.webp,0.033422,1.0,0.0426086956521738
database3/database3/m.011yx0/17-FaceId-0_align.webp,0.03676,1.0,0.047588771206902
database3/database3/m.011yx0/7-FaceId-0_align.webp,0.025923,1.0,0.0420987409537027
database3/database3/m.011z69/22-FaceId-0_align.webp,0.003956,1.0,0.0378090888839384
database3/database3/m.011z69/27-FaceId-0_align.webp,0.057013,1.0,0.0432117306537053
database3/database3/m.011z69/67-FaceId-0_align.webp,0.026898,1.0,0.0420868865647626
database3/database3/m.011zfk/22-FaceId-0_align.webp,0.214757,1.0,0.0442395016324538
database3/database3/m.011zfz/75-FaceId-0_align.webp,0.159958,0.0,0.0418192410119839
database3/database3/m.011zg9/22-FaceId-0_align.webp,0.107141,0.0,0.0342411289562182
database3/database3/m.011zg9/39-FaceId-0_align.webp,0.053582,0.0,0.0397124394184167
database3/database3/m.011zgs/52-FaceId-0_align.webp,0.127677,0.0,0.0701602816509935
database3/database3/m.011zkh/84-FaceId-0_align.webp,0.008351,1.0,0.0423101977969915
database3/database3/m.011zwl/37-FaceId-0_align.webp,0.073722,1.0,0.0501097118870443
database3/database3/m.01200d/24-FaceId-0_align.webp,0.036817,1.0,0.0370397226840224
database3/database3/m.01200d/80-FaceId-0_align.webp,0.017066,1.0,0.0419633086578692
database3/database3/m.012052/1-FaceId-0_align.webp,0.109494,1.0,0.041014977744566
database3/database3/m.012052/30-FaceId-0_align.webp,0.193814,1.0,0.129776323932455
database3/database3/m.012052/63-FaceId-0_align.webp,0.135953,1.0,0.0579247534482153
database3/database3/m.0122lq/12-FaceId-0_align.webp,0.034174,1.0,0.031651706643451
database3/database3/m.0122lq/62-FaceId-0_align.webp,0.002899,1.0,0.0710818703037639
database3/database3/m.0122lq/73-FaceId-0_align.webp,0.026793,1.0,0.0398645768436239
database3/database3/m.0122m5/94-FaceId-0_align.webp,0.003731,1.0,0.1200588496557849
database3/database3/m.01233w/1-FaceId-0_align.webp,0.049894,1.0,0.0402612717471207
database3/database3/m.01233w/25-FaceId-0_align.webp,0.043404,1.0,0.0624382149413923
database3/database3/m.01239/57-FaceId-0_align.webp,0.01656,1.0,0.0520973073590294
database3/database3/m.01239/68-FaceId-0_align.webp,0.012855,1.0,0.0436624513618676
database3/database3/m.0123x2/101-FaceId-0_align.webp,0.244668,1.0,0.0699341264379116
database3/database3/m.01241v/54-FaceId-0_align.webp,0.010871,1.0,0.0330078758738679
database3/database3/m.0124t/70-FaceId-0_align.webp,0.066352,0.0,0.0873217680608363
database3/database3/m.01257s/41-FaceId-1_align.webp,0.025408,1.0,0.0477951294441421
database3/database3/m.0126rp/46-FaceId-0_align.webp,0.064149,1.0,0.0356179168915272
database3/database3/m.0126rp/48-FaceId-0_align.webp,0.020111,1.0,0.0406829992576094
database3/database3/m.0126y2/49-FaceId-0_align.webp,0.042913,1.0,0.0478432121043863
database3/database3/m.0126y2/81-FaceId-0_align.webp,0.011658,1.0,0.1065420560747663
database3/database3/m.0126y2/92-FaceId-0_align.webp,0.2594,1.0,0.0802840178735385
database3/database3/m.01270s/15-FaceId-0_align.webp,0.00523,1.0,0.0329452425699996
database3/database3/m.01270s/43-FaceId-0_align.webp,0.024273,1.0,0.044861354499536
database3/database3/m.01271_/40-FaceId-0_align.webp,0.046844,0.0,0.0418198170016422
database3/database3/m.01271_/42-FaceId-0_align.webp,0.082785,0.0,0.0708558150525775
database3/database3/m.01271_/92-FaceId-0_align.webp,0.131196,0.0,0.0408149645335976
database3/database3/m.0127fx/6-FaceId-0_align.webp,0.010653,1.0,0.0422426803501357
database3/database3/m.0127gn/12-FaceId-0_align.webp,0.02417,1.0,0.035180046667087
database3/database3/m.0127tk/114-FaceId-0_align.webp,0.088119,1.0,0.0383498327067019
database3/database3/m.0127tk/121-FaceId-0_align.webp,0.110272,1.0,0.0506984369385554
database3/database3/m.0127tk/32-FaceId-0_align.webp,0.044592,1.0,0.0433803581117742
database3/database3/m.0127tk/61-FaceId-0_align.webp,0.157887,1.0,0.0500820546483957
database3/database3/m.0127tk/75-FaceId-0_align.webp,0.118857,1.0,0.0530843725126027
database3/database3/m.0127tk/83-FaceId-0_align.webp,0.180049,1.0,0.0404882185921309
database3/database3/m.0127zt/62-FaceId-0_align.webp,0.099007,0.0,0.0419630021941438
database3/database3/m.012801/76-FaceId-0_align.webp,0.060329,1.0,0.0406700062617406
database3/database3/m.012981/36-FaceId-0_align.webp,0.038673,1.0,0.0348814764646122
database3/database3/m.012_53/112-FaceId-0_align.webp,0.081654,0.0,0.0360473120971274
database3/database3/m.012_53/73-FaceId-0_align.webp,0.056783,0.0,0.0377279290775378
database3/database3/m.012_jj/10-FaceId-0_align.webp,0.005143,1.0,0.0402611354433516
database3/database3/m.012_jj/103-FaceId-0_align.webp,0.04174,1.0,0.0302532334921714
database3/database3/m.012_jj/83-FaceId-0_align.webp,0.123978,1.0,0.0397025139269857
database3/database3/m.012c6j/57-FaceId-0_align.webp,0.0,1.0,0.0242957437472575
database3/database3/m.012c6x/43-FaceId-0_align.webp,0.000386,1.0,0.0517051705170516
database3/database3/m.012c8f/13-FaceId-0_align.webp,0.010098,1.0,0.0569416837920695
database3/database3/m.012c8f/85-FaceId-0_align.webp,0.121074,1.0,0.0945751333983589
database3/database3/m.012ck8/1-FaceId-0_align.webp,0.250793,0.0,0.075265557939914
database3/database3/m.012cm5/19-FaceId-0_align.webp,0.050828,1.0,0.0494743287237537
database3/database3/m.012cm5/75-FaceId-0_align.webp,0.032775,1.0,0.022521727679747
database3/database3/m.012cm5/90-FaceId-0_align.webp,0.082057,1.0,0.0604961263408819
database3/database3/m.012cnn/11-FaceId-0_align.webp,0.107545,0.0,0.0453768038482094
database3/database3/m.012cph/108-FaceId-0_align.webp,0.01551,1.0,0.0436157592407591
database3/database3/m.012cph/17-FaceId-0_align.webp,0.005549,1.0,0.0596818493934537
database3/database3/m.012cph/68-FaceId-0_align.webp,0.017584,1.0,0.0521082565208863
database3/database3/m.012cyp/33-FaceId-0_align.webp,0.012748,0.0,0.0376382153249271
database3/database3/m.012cyp/43-FaceId-0_align.webp,0.207358,0.0,0.0400475005654828
database3/database3/m.012cyp/7-FaceId-0_align.webp,0.030272,0.0,0.0369351367968028
database3/database3/m.012czd/35-FaceId-0_align.webp,0.035058,0.0,0.0346037099494097
database3/database3/m.012czd/90-FaceId-0_align.webp,0.001711,0.0,0.0405026386083783
database3/database3/m.012dtw/86-FaceId-0_align.webp,0.075626,1.0,0.078852683098902
database3/database3/m.012fgx/58-FaceId-0_align.webp,0.039289,1.0,0.034539114614918
database3/database3/m.012g8l/75-FaceId-0_align.webp,0.015517,1.0,0.0580503169262069
database3/database3/m.012gbb/1-FaceId-0_align.webp,0.057132,0.0,0.0504425254407337
database3/database3/m.012gbb/104-FaceId-0_align.webp,0.023381,0.0,0.0362081715659086
database3/database3/m.012gbb/86-FaceId-0_align.webp,0.070682,0.0,0.0553972691108482
database3/database3/m.012gdw/54-FaceId-0_align.webp,0.06697,1.0,0.0405405405405405
database3/database3/m.012gl8/17-FaceId-0_align.webp,0.06567,0.0,0.0428801312592685
database3/database3/m.012gl8/38-FaceId-0_align.webp,0.063039,0.0,0.0410296904611496
database3/database3/m.012gq6/33-FaceId-0_align.webp,0.016946,1.0,0.036227319307975
database3/database3/m.012gr9/29-FaceId-0_align.webp,0.156273,0.0,0.0582915007789509
database3/database3/m.012gx2/64-FaceId-0_align.webp,0.000577,1.0,0.0450195898485756
database3/database3/m.012gx2/77-FaceId-0_align.webp,0.126437,1.0,0.0564339753543228
database3/database3/m.012gx2/8-FaceId-0_align.webp,0.019361,1.0,0.0337433530957764
database3/database3/m.012gx2/99-FaceId-0_align.webp,0.025003,1.0,0.0523152138377863
database3/database3/m.012h65/109-FaceId-0_align.webp,0.210562,1.0,0.1287624708129908
database3/database3/m.012hqb/33-FaceId-0_align.webp,0.004406,1.0,0.0540173494915364
database3/database3/m.012hr4/21-FaceId-0_align.webp,0.126033,1.0,0.0428081943437272
database3/database3/m.012hr4/67-FaceId-0_align.webp,0.183915,1.0,0.0402182659424662
database3/database3/m.012hr4/74-FaceId-0_align.webp,0.037244,1.0,0.0429589794897448
database3/database3/m.012hsb/101-FaceId-0_align.webp,0.192286,1.0,0.053943560057887
database3/database3/m.012hsb/74-FaceId-0_align.webp,0.057902,1.0,0.0467570532378046
database3/database3/m.012hz4/77-FaceId-0_align.webp,0.118119,0.0,0.0568693456764148
database3/database3/m.012j2r/108-FaceId-0_align.webp,0.027644,1.0,0.0364161317074668
database3/database3/m.012j2r/38-FaceId-0_align.webp,0.010758,1.0,0.0438159901893338
database3/database3/m.012j2r/9-FaceId-0_align.webp,0.029992,1.0,0.0351415771638618
database3/database3/m.012kdb/7-FaceId-0_align.webp,0.154185,0.0,0.0430146286834184
database3/database3/m.012kk4/31-FaceId-1_align.webp,0.026924,1.0,0.0402486465458552
database3/database3/m.012l22/20-FaceId-0_align.webp,0.182682,1.0,0.1208798235942667
database3/database3/m.012l22/56-FaceId-0_align.webp,0.079127,1.0,0.0941636821859662
database3/database3/m.012lyg/82-FaceId-0_align.webp,0.015571,1.0,0.0372839975439313
database3/database3/m.012m1c/109-FaceId-0_align.webp,0.052592,0.0,0.0376333039819977
database3/database3/m.012m1c/113-FaceId-0_align.webp,0.018979,0.0,0.0380267137851516
database3/database3/m.012m1c/56-FaceId-0_align.webp,0.076711,0.0,0.0278095238095237
database3/database3/m.012m7r/99-FaceId-0_align.webp,0.002972,1.0,0.18455278065906
database3/database3/m.012mh_/3-FaceId-0_align.webp,0.065168,1.0,0.0401621637617257
database3/database3/m.012mh_/6-FaceId-0_align.webp,0.002681,1.0,0.0377364285945228
database3/database3/m.012mk7/90-FaceId-0_align.webp,0.032433,1.0,0.0343875772460782
database3/database3/m.012ml0/96-FaceId-0_align.webp,0.031451,1.0,0.0374675769953191
database3/database3/m.012mmb/47-FaceId-0_align.webp,0.146313,0.0,0.0569865709655012
database3/database3/m.012mn4/43-FaceId-0_align.webp,0.005783,1.0,0.0407060782681098
database3/database3/m.012nry/108-FaceId-0_align.webp,0.006878,1.0,0.0304739516411634
database3/database3/m.012nry/28-FaceId-0_align.webp,0.006764,1.0,0.0694398445958854
database3/database3/m.012nry/3-FaceId-0_align.webp,0.008173,1.0,0.0428103321033209
database3/database3/m.012nry/57-FaceId-0_align.webp,0.00436,1.0,0.0484733990832059
database3/database3/m.012pjh/2-FaceId-0_align.webp,0.0,1.0,0.0518276173285198
database3/database3/m.012q4n/50-FaceId-0_align.webp,0.004622,1.0,0.0772064989517819
database3/database3/m.012qfw/20-FaceId-1_align.webp,0.162552,0.0,0.0338806932382721
database3/database3/m.012qfw/41-FaceId-0_align.webp,0.211858,0.0,0.0339325189063408
database3/database3/m.012qgc/82-FaceId-0_align.webp,0.002042,1.0,0.0483099951714147
database3/database3/m.012rng/35-FaceId-0_align.webp,0.036379,1.0,0.0802592073658926
database3/database3/m.012rng/47-FaceId-0_align.webp,0.022161,1.0,0.2223172558418213
database3/database3/m.012rng/48-FaceId-0_align.webp,0.01786,1.0,0.0430219113141007
database3/database3/m.012rth/93-FaceId-0_align.webp,0.046323,1.0,0.2104507218161113
database3/database3/m.012s1x/11-FaceId-0_align.webp,0.049377,1.0,0.0442670414141071
database3/database3/m.012s5j/122-FaceId-0_align.webp,0.205872,0.0,0.052423283000487
database3/database3/m.012s9f/0-FaceId-0_align.webp,0.000412,1.0,0.040055951169888
database3/database3/m.012st7/14-FaceId-0_align.webp,0.003821,1.0,0.1175695825049701
database3/database3/m.012t1d/17-FaceId-0_align.webp,0.167599,1.0,0.048546902471817
database3/database3/m.012t1d/37-FaceId-0_align.webp,0.016467,1.0,0.0422228414082475
database3/database3/m.012t1d/80-FaceId-0_align.webp,0.014504,1.0,0.0745525696458868
database3/database3/m.012t3l/22-FaceId-0_align.webp,0.012766,1.0,0.0
database3/database3/m.012t7s/3-FaceId-0_align.webp,0.014581,1.0,0.0443275138390412
database3/database3/m.012tmz/123-FaceId-0_align.webp,0.001629,1.0,0.0414369130748855
database3/database3/m.012v1t/29-FaceId-0_align.webp,0.118114,0.0,0.0380035085351865
database3/database3/m.012v1t/67-FaceId-0_align.webp,0.072956,0.0,0.0358290304073436
database3/database3/m.012v1t/93-FaceId-0_align.webp,0.033657,0.0,0.038216877049995
database3/database3/m.012vby/3-FaceId-0_align.webp,0.002151,1.0,0.0887030995106035
database3/database3/m.012vby/36-FaceId-0_align.webp,0.0,1.0,0.0364045058188849
database3/database3/m.012vd6/49-FaceId-0_align.webp,0.124288,0.0,0.0538919304927397
database3/database3/m.012vd6/5-FaceId-0_align.webp,0.104381,0.0,0.0443913798547521
database3/database3/m.012vd6/75-FaceId-1_align.webp,0.054381,0.0,0.1106309783520724
database3/database3/m.012vf6/90-FaceId-0_align.webp,0.069167,0.0,0.0547437412700117
database3/database3/m.012vhn/10-FaceId-0_align.webp,0.009813,1.0,0.0361286202204759
database3/database3/m.012vhn/4-FaceId-0_align.webp,0.005793,1.0,0.0220881930020769
database3/database3/m.012vq0/30-FaceId-0_align.webp,0.028246,1.0,0.0391657105392557
database3/database3/m.012vq0/67-FaceId-0_align.webp,0.017872,1.0,0.0458531788710321
database3/database3/m.012vqh/80-FaceId-0_align.webp,0.078239,0.0,0.0501027809021447
database3/database3/m.012w05/52-FaceId-0_align.webp,0.000408,1.0,0.0666892509908871
database3/database3/m.012w3k/19-FaceId-0_align.webp,0.109411,1.0,0.0802936154065078
database3/database3/m.012w3k/33-FaceId-0_align.webp,0.07009,1.0,0.0444625905889557
database3/database3/m.012w3k/4-FaceId-0_align.webp,0.071086,1.0,0.050646568821896
database3/database3/m.012wfh/73-FaceId-0_align.webp,0.055456,0.0,0.1429818681502831
database3/database3/m.012wfh/77-FaceId-0_align.webp,0.055,0.0,0.0509858723534591
database3/database3/m.012wgv/56-FaceId-0_align.webp,0.072911,1.0,0.0494296732291454
database3/database3/m.012x2b/18-FaceId-0_align.webp,0.0,1.0,0.0513065988603639
database3/database3/m.012x2b/46-FaceId-0_align.webp,0.039092,1.0,0.0562372777853168
database3/database3/m.012x2b/54-FaceId-0_align.webp,0.049838,1.0,0.0377630624092887
database3/database3/m.012x2b/72-FaceId-0_align.webp,0.008788,1.0,0.0367163935762615
database3/database3/m.012x5/81-FaceId-0_align.webp,0.058123,0.0,0.0467471978188427
database3/database3/m.012xdy/81-FaceId-0_align.webp,0.012382,1.0,0.051696077820041
database3/database3/m.012xls/57-FaceId-0_align.webp,0.114584,1.0,0.3461437565582371
database3/database3/m.012xls/70-FaceId-0_align.webp,0.126797,1.0,0.0456786212140412
database3/database3/m.012xls/74-FaceId-0_align.webp,0.018384,1.0,0.114238791656677
database3/database3/m.012y1h/86-FaceId-0_align.webp,0.123838,1.0,0.0520383386581469
database3/database3/m.012ycy/16-FaceId-0_align.webp,0.002336,1.0,0.0545851601459218
database3/database3/m.012ycy/21-FaceId-0_align.webp,0.164069,1.0,0.0468511778037221
database3/database3/m.012ycy/73-FaceId-0_align.webp,0.017165,1.0,0.0587837837837837
database3/database3/m.012ycy/99-FaceId-0_align.webp,0.136797,1.0,0.0249664654594231
database3/database3/m.012yg1/19-FaceId-0_align.webp,0.003406,1.0,0.0896155460150423
database3/database3/m.012yg1/21-FaceId-0_align.webp,0.007301,1.0,0.0348042496235568
database3/database3/m.012yg1/66-FaceId-0_align.webp,0.007466,1.0,0.0790792942607989
database3/database3/m.012yhd/22-FaceId-0_align.webp,0.043044,1.0,0.0576191154983785
database3/database3/m.012yhd/41-FaceId-0_align.webp,0.014599,1.0,0.053500033317785
database3/database3/m.012yhd/87-FaceId-0_align.webp,0.016417,1.0,0.0568154952885946
database3/database3/m.012ysy/40-FaceId-0_align.webp,0.005784,1.0,0.0461829624224735
database3/database3/m.012yxk/51-FaceId-0_align.webp,0.111796,1.0,0.0612589617506849
database3/database3/m.012z8_/39-FaceId-0_align.webp,0.076699,1.0,0.0467620558161509
database3/database3/m.012zrl/119-FaceId-0_align.webp,0.19435,0.0,0.0306945240825687
database3/database3/m.012zrl/22-FaceId-0_align.webp,0.184216,0.0,0.0426749509483322
database3/database3/m.012zrl/34-FaceId-0_align.webp,0.221002,0.0,0.063500857130911
database3/database3/m.01300z/111-FaceId-0_align.webp,0.011168,1.0,0.0390733326823551
database3/database3/m.01300z/46-FaceId-0_align.webp,0.004916,1.0,0.044491163731782
database3/database3/m.01306d/26-FaceId-0_align.webp,0.043181,1.0,0.0517590829050921
database3/database3/m.0130py/108-FaceId-0_align.webp,0.041408,1.0,0.1080351670242108
database3/database3/m.0130py/9-FaceId-0_align.webp,0.045214,1.0,0.0426449397553422
database3/database3/m.0130sy/65-FaceId-0_align.webp,0.067207,1.0,0.0509143339428892
database3/database3/m.013107/34-FaceId-0_align.webp,0.131929,0.0,0.0410184609002281
database3/database3/m.0131kb/28-FaceId-0_align.webp,0.0,1.0,0.0252549246813441
database3/database3/m.0131kb/47-FaceId-0_align.webp,0.0,1.0,0.0447883013093011
database3/database3/m.0131kb/76-FaceId-0_align.webp,0.081559,1.0,0.0885180882176194
database3/database3/m.013267/23-FaceId-0_align.webp,0.049038,1.0,0.0397913422609778
database3/database3/m.0132k4/103-FaceId-0_align.webp,0.076004,1.0,0.0847872891830468
database3/database3/m.0132k4/97-FaceId-0_align.webp,0.101202,1.0,0.0571553228621291
database3/database3/m.0132kn/100-FaceId-0_align.webp,0.045478,1.0,0.0497289530402977
database3/database3/m.0132q1/29-FaceId-0_align.webp,0.017581,0.0,0.0424219612566495
database3/database3/m.013339/106-FaceId-0_align.webp,0.058305,1.0,0.0393244253410577
database3/database3/m.013339/23-FaceId-0_align.webp,0.255508,1.0,0.0768670703575546
database3/database3/m.013339/80-FaceId-0_align.webp,0.066481,1.0,0.0615223197252956
database3/database3/m.01338h/81-FaceId-0_align.webp,0.088482,0.0,0.0374379613133112
database3/database3/m.0133c4/15-FaceId-0_align.webp,0.207364,1.0,0.0398257480224692
database3/database3/m.0133x7/100-FaceId-0_align.webp,0.144974,0.0,0.0400662623539981
database3/database3/m.0133yt/45-FaceId-0_align.webp,0.102482,1.0,0.0672935875942999
database3/database3/m.01341q/51-FaceId-0_align.webp,0.043853,1.0,0.0996817834672872
database3/database3/m.013423/105-FaceId-0_align.webp,0.016474,0.0,0.0787072570021192
database3/database3/m.013423/43-FaceId-0_align.webp,0.10846,0.0,0.0370962228678858
database3/database3/m.0134cp/27-FaceId-0_align.webp,0.030912,1.0,0.0561983189845849
database3/database3/m.0134cp/34-FaceId-1_align.webp,0.031754,1.0,0.0523422957600826
database3/database3/m.0134cp/53-FaceId-0_align.webp,0.019724,1.0,0.0444266569844203
database3/database3/m.0134dc/38-FaceId-0_align.webp,0.000768,1.0,0.0748434995614963
database3/database3/m.0134dc/73-FaceId-0_align.webp,0.003398,1.0,0.1059843573119275
database3/database3/m.0134fr/66-FaceId-0_align.webp,0.01299,1.0,0.0451579436358004
database3/database3/m.0134fr/82-FaceId-0_align.webp,0.004786,1.0,0.0571123684732974
database3/database3/m.0134wr/11-FaceId-2_align.webp,0.000566,1.0,0.0266017380881029
database3/database3/m.0134wr/30-FaceId-2_align.webp,0.080915,1.0,0.0353095030514385
database3/database3/m.0134wr/52-FaceId-2_align.webp,0.028557,1.0,0.0582532226349136
database3/database3/m.0134wr/65-FaceId-1_align.webp,0.001253,1.0,0.0347397583795075
database3/database3/m.0134wr/69-FaceId-2_align.webp,0.064238,1.0,0.0399550538308768
database3/database3/m.0134wr/89-FaceId-1_align.webp,0.188914,1.0,0.0233100153557412
database3/database3/m.0135nb/89-FaceId-0_align.webp,0.051256,1.0,0.0466767371601207
database3/database3/m.01368v/100-FaceId-0_align.webp,0.078994,0.0,0.041762814450539
database3/database3/m.01368v/58-FaceId-0_align.webp,0.186435,0.0,0.0391747219623739
database3/database3/m.01368v/59-FaceId-1_align.webp,0.101878,0.0,0.0362033398821216
database3/database3/m.0136ms/38-FaceId-0_align.webp,0.015722,1.0,0.0506087836594491
database3/database3/m.0136p1/103-FaceId-0_align.webp,0.341015,0.0,0.0670090409704737
database3/database3/m.0136p1/13-FaceId-0_align.webp,0.259257,0.0,0.0471649484536082
database3/database3/m.0136p1/66-FaceId-0_align.webp,0.075301,0.0,0.0390262223436219
database3/database3/m.0136pk/68-FaceId-0_align.webp,0.195786,1.0,0.0536885245901639
database3/database3/m.0136pk/87-FaceId-0_align.webp,0.172482,1.0,0.0501009892827699
database3/database3/m.0136tm/24-FaceId-0_align.webp,0.011359,1.0,0.0446849859893337
database3/database3/m.0137s4/92-FaceId-0_align.webp,0.014219,1.0,0.315495764823119
database3/database3/m.01380_/30-FaceId-0_align.webp,0.062935,1.0,0.092254793695412
database3/database3/m.01380_/84-FaceId-0_align.webp,0.019541,1.0,0.0473986125933831
database3/database3/m.013823/15-FaceId-0_align.webp,0.004502,1.0,0.0385927615887171
database3/database3/m.013823/5-FaceId-0_align.webp,0.029677,1.0,0.0326088848910424
database3/database3/m.013846/35-FaceId-0_align.webp,0.005272,1.0,0.0476937839508179
database3/database3/m.013846/71-FaceId-0_align.webp,0.036782,1.0,0.0467903506081977
database3/database3/m.01386_/97-FaceId-0_align.webp,0.01382,1.0,0.0398944777830219
database3/database3/m.01386m/93-FaceId-0_align.webp,0.049853,1.0,0.0553028221533146
database3/database3/m.01387g/36-FaceId-0_align.webp,0.020561,1.0,0.0461154273029965
database3/database3/m.01387g/90-FaceId-0_align.webp,0.00159,1.0,0.0352714699842975
database3/database3/m.01387y/2-FaceId-0_align.webp,0.062856,1.0,0.0527413775028828
database3/database3/m.01387y/32-FaceId-0_align.webp,0.048091,1.0,0.0528380971619027
database3/database3/m.01387y/46-FaceId-0_align.webp,0.0006,1.0,0.037423556645821
database3/database3/m.01388c/29-FaceId-0_align.webp,0.136546,1.0,0.0582314205079961
database3/database3/m.01388c/82-FaceId-0_align.webp,0.007483,1.0,0.0505635736637076
database3/database3/m.01388c/92-FaceId-0_align.webp,0.007604,1.0,0.0413801086553895
database3/database3/m.01389w/75-FaceId-1_align.webp,0.011085,1.0,0.0319847589690897
database3/database3/m.01389w/76-FaceId-0_align.webp,0.018887,1.0,0.0430742633794347
database3/database3/m.0138b7/49-FaceId-0_align.webp,0.173256,1.0,0.0471784415298137
database3/database3/m.0138b7/63-FaceId-0_align.webp,0.091583,1.0,0.1411938915303408
database3/database3/m.0138m1/11-FaceId-0_align.webp,0.033355,1.0,0.0548489583333333
database3/database3/m.0138m1/60-FaceId-0_align.webp,0.027664,1.0,0.035188431200701
database3/database3/m.0139rh/103-FaceId-0_align.webp,0.008771,1.0,0.0383092038811177
database3/database3/m.0139rh/5-FaceId-0_align.webp,0.009412,1.0,0.0330609233973616
database3/database3/m.013_4m/89-FaceId-0_align.webp,0.106225,1.0,0.0334775656100083
database3/database3/m.013_gz/96-FaceId-0_align.webp,0.14677,0.0,0.0420167242462311
database3/database3/m.013_tp/47-FaceId-0_align.webp,0.000171,1.0,0.0555590187378533
database3/database3/m.013b7z/45-FaceId-0_align.webp,0.025843,1.0,0.0497889503798892
database3/database3/m.013bym/61-FaceId-0_align.webp,0.110889,0.0,0.040250350706809
database3/database3/m.013bym/65-FaceId-0_align.webp,0.249006,0.0,0.0360932569825872
database3/database3/m.013bym/66-FaceId-0_align.webp,0.288548,0.0,0.0502041558861577
database3/database3/m.013bym/71-FaceId-0_align.webp,0.115164,0.0,0.0390275879898068
database3/database3/m.013m5y/73-FaceId-0_align.webp,0.0,1.0,0.0520172466892515
database3/database3/m.013p_0/60-FaceId-0_align.webp,0.015459,1.0,0.0
database3/database3/m.013p_j/3-FaceId-0_align.webp,0.046784,1.0,0.0472676837725381
database3/database3/m.013p_j/43-FaceId-0_align.webp,0.026287,1.0,0.0466753543957789
database3/database3/m.013p_w/1-FaceId-0_align.webp,0.045903,0.0,0.0503001005742464
database3/database3/m.013p_w/90-FaceId-1_align.webp,0.028906,0.0,0.056059570979642
database3/database3/m.013pp3/83-FaceId-0_align.webp,0.052247,1.0,0.0635369888915149
database3/database3/m.013ppl/76-FaceId-0_align.webp,0.018885,1.0,0.0473859275053304
database3/database3/m.013q78/86-FaceId-0_align.webp,0.03,1.0,0.0473084411865764
database3/database3/m.013q8x/26-FaceId-0_align.webp,0.110943,1.0,0.0497711432435243
database3/database3/m.013q8x/42-FaceId-0_align.webp,0.056383,1.0,0.0394778259653049
database3/database3/m.013q8x/99-FaceId-0_align.webp,0.005069,1.0,0.0476348572995034
database3/database3/m.013qb0/82-FaceId-0_align.webp,0.080376,1.0,0.0659603581062589
database3/database3/m.013qb0/94-FaceId-0_align.webp,0.14541,1.0,0.0497828676837938
database3/database3/m.013qjp/42-FaceId-0_align.webp,0.027503,1.0,0.0418846345101938
database3/database3/m.013qjp/83-FaceId-0_align.webp,0.014,1.0,0.0469011048234976
database3/database3/m.013qpt/31-FaceId-0_align.webp,0.020067,1.0,0.0416003157388976
database3/database3/m.013qq4/70-FaceId-0_align.webp,0.020855,1.0,0.0398390064397423
database3/database3/m.013qwl/61-FaceId-0_align.webp,0.006336,1.0,0.0416544554729187
database3/database3/m.013qwy/18-FaceId-0_align.webp,0.050242,1.0,0.0428642582016203
database3/database3/m.013qy3/30-FaceId-0_align.webp,0.004735,1.0,0.0926573685967579
database3/database3/m.013qy3/92-FaceId-0_align.webp,0.026678,1.0,0.041407670331573
database3/database3/m.013qyh/56-FaceId-1_align.webp,0.057576,1.0,0.1084670777050877
database3/database3/m.013r6h/27-FaceId-0_align.webp,0.054123,1.0,0.0253784591649792
database3/database3/m.013r6h/46-FaceId-0_align.webp,0.123792,1.0,0.1815277575404341
database3/database3/m.013s1b/47-FaceId-0_align.webp,0.148289,1.0,0.0467679950808961
database3/database3/m.013s1t/21-FaceId-0_align.webp,0.005317,1.0,0.046091091091091
database3/database3/m.013s3/75-FaceId-0_align.webp,0.061568,1.0,0.0915498514667656
database3/database3/m.013s6x/6-FaceId-0_align.webp,0.031839,1.0,0.0397516287890373
database3/database3/m.013s8s/33-FaceId-0_align.webp,0.074629,0.0,0.0359240182408713
database3/database3/m.013sjh/7-FaceId-0_align.webp,0.189385,1.0,0.0622834325933946
database3/database3/m.013t9y/12-FaceId-0_align.webp,0.013435,1.0,0.0756110071812201
database3/database3/m.013tjc/54-FaceId-0_align.webp,0.0,1.0,0.0491126702434997
database3/database3/m.013tjc/56-FaceId-0_align.webp,0.015964,1.0,0.0439410461148826
database3/database3/m.013v12/3-FaceId-0_align.webp,0.018587,1.0,0.0435390402602683
database3/database3/m.013v12/7-FaceId-0_align.webp,0.019979,1.0,0.0493036327389522
database3/database3/m.013v5j/57-FaceId-0_align.webp,0.119854,0.0,0.0356903989566264
database3/database3/m.013vdl/109-FaceId-0_align.webp,0.167747,0.0,0.0315781578157815
database3/database3/m.013vdl/32-FaceId-0_align.webp,0.021263,0.0,0.0386827373122456
database3/database3/m.013vtr/20-FaceId-0_align.webp,0.015954,1.0,0.0429424608271255
database3/database3/m.013w7j/20-FaceId-0_align.webp,0.009375,1.0,0.0845705064548162
database3/database3/m.013w7j/32-FaceId-0_align.webp,0.001151,1.0,0.047314653563876
database3/database3/m.013w7j/64-FaceId-0_align.webp,0.008592,1.0,0.0957399926551596
database3/database3/m.013w8h/4-FaceId-0_align.webp,0.094597,1.0,0.045141410614525
database3/database3/m.013wt0/40-FaceId-1_align.webp,0.123008,0.0,0.0431281127476951
database3/database3/m.013wz9/26-FaceId-0_align.webp,0.18678,0.0,0.0414280331574981
database3/database3/m.013wz9/73-FaceId-0_align.webp,0.219059,0.0,0.0417985333847934
database3/database3/m.013xhr/100-FaceId-0_align.webp,0.00219,1.0,0.0743056262081594
database3/database3/m.013xhr/23-FaceId-0_align.webp,0.015916,1.0,0.0439415538132572
database3/database3/m.013xhr/24-FaceId-0_align.webp,0.064866,1.0,0.038178766537221
database3/database3/m.013xhr/33-FaceId-0_align.webp,0.013765,1.0,0.103410190818584
database3/database3/m.013xhr/42-FaceId-0_align.webp,0.02596,1.0,0.0773934357043144
database3/database3/m.013xs1/10-FaceId-0_align.webp,0.059547,1.0,0.0391818760611204
database3/database3/m.013y2b/23-FaceId-0_align.webp,0.154363,0.0,0.0390267209981608
database3/database3/m.013y2b/32-FaceId-0_align.webp,0.092369,0.0,0.0355949826704076
database3/database3/m.013y2b/66-FaceId-0_align.webp,0.108782,0.0,0.0379922141454507
database3/database3/m.013y2s/40-FaceId-0_align.webp,0.026989,0.0,0.0374832104587648
database3/database3/m.013y2s/73-FaceId-0_align.webp,0.075667,0.0,0.0471922800533824
database3/database3/m.013yd0/51-FaceId-0_align.webp,0.167678,0.0,0.0405242340953274
database3/database3/m.013yd0/92-FaceId-0_align.webp,0.096098,0.0,0.0357045873339151
database3/database3/m.013ykk/37-FaceId-0_align.webp,0.042458,0.0,0.0460782241014798
database3/database3/m.013ykx/9-FaceId-0_align.webp,0.117351,0.0,0.0398548842042754
database3/database3/m.013ylm/42-FaceId-0_align.webp,0.120671,0.0,0.0468736959243288
database3/database3/m.013ylm/97-FaceId-0_align.webp,0.133134,0.0,0.0448557872393556
database3/database3/m.013yvd/37-FaceId-0_align.webp,0.027946,1.0,0.0340739145151859
database3/database3/m.013yvd/75-FaceId-0_align.webp,0.027604,1.0,0.0393868210475266
database3/database3/m.013yyq/27-FaceId-0_align.webp,0.014857,1.0,0.054526339088092
database3/database3/m.013yyq/44-FaceId-0_align.webp,0.06122,1.0,0.0532141214351425
database3/database3/m.013yyq/48-FaceId-0_align.webp,0.11735,1.0,0.0604728827144001
database3/database3/m.013zjz/16-FaceId-0_align.webp,0.071353,1.0,0.0566944426000928
database3/database3/m.013zm7/89-FaceId-0_align.webp,0.144683,1.0,0.0595356492505952
database3/database3/m.013zpf/72-FaceId-0_align.webp,0.0,0.0,0.1766382381517866
database3/database3/m.013zpf/88-FaceId-0_align.webp,0.169008,0.0,0.0419687135355892
database3/database3/m.013zr7/15-FaceId-0_align.webp,0.062795,1.0,0.0383569146508443
database3/database3/m.013zs9/83-FaceId-0_align.webp,0.33489,0.0,0.0519432872562014
database3/database3/m.013zyw/16-FaceId-0_align.webp,0.043076,1.0,0.0335506123761362
database3/database3/m.013zyw/19-FaceId-0_align.webp,0.020445,1.0,0.0309931840311586
database3/database3/m.013zyw/21-FaceId-0_align.webp,0.01715,1.0,0.0334054751325783
database3/database3/m.01400g/101-FaceId-0_align.webp,0.057026,0.0,0.0545181526962092
database3/database3/m.01400g/117-FaceId-0_align.webp,0.219786,0.0,0.0583095281975672
database3/database3/m.01400g/31-FaceId-0_align.webp,0.04717,0.0,0.0390776363133129
database3/database3/m.01400g/47-FaceId-0_align.webp,0.103943,0.0,0.0405013235726656
database3/database3/m.014029/72-FaceId-0_align.webp,0.164078,0.0,0.0425388721281038
database3/database3/m.0140ly/8-FaceId-0_align.webp,0.018837,1.0,0.0356508561903318
database3/database3/m.0140v2/84-FaceId-0_align.webp,0.185102,1.0,0.1332168391847187
database3/database3/m.0141qv/12-FaceId-0_align.webp,0.026897,1.0,0.0402880658436213
database3/database3/m.0142n8/3-FaceId-0_align.webp,0.193323,1.0,0.0388496938008093
database3/database3/m.0142n8/5-FaceId-0_align.webp,0.020679,1.0,0.0486652202622393
database3/database3/m.0142sv/3-FaceId-0_align.webp,0.0,1.0,0.0279272213944003
database3/database3/m.0142sv/32-FaceId-0_align.webp,0.0,1.0,0.0306595898825085
database3/database3/m.01433m/64-FaceId-0_align.webp,0.03742,0.0,0.0858051332976853
database3/database3/m.0143sn/66-FaceId-0_align.webp,0.02374,1.0,0.0477771306542418
database3/database3/m.0143wl/30-FaceId-0_align.webp,0.034923,1.0,0.0494577106763209
database3/database3/m.0143wl/81-FaceId-0_align.webp,0.051966,1.0,0.0521601581809194
database3/database3/m.014488/3-FaceId-0_align.webp,0.020128,1.0,0.0382951938678453
database3/database3/m.01449w/57-FaceId-0_align.webp,0.017199,1.0,0.0991265591327629
database3/database3/m.01449w/80-FaceId-0_align.webp,0.016942,1.0,0.0701858844031367
database3/database3/m.01449w/99-FaceId-0_align.webp,0.011762,1.0,0.0824310624493105
database3/database3/m.0144_b/77-FaceId-0_align.webp,0.037923,1.0,0.0375489314814277
database3/database3/m.0144_b/99-FaceId-0_align.webp,0.002226,1.0,0.0440507716190301
database3/database3/m.0144k5/45-FaceId-0_align.webp,0.060457,0.0,0.039864759346597
database3/database3/m.0144k5/53-FaceId-0_align.webp,0.099321,0.0,0.0454320580474933
database3/database3/m.0144k5/58-FaceId-0_align.webp,0.088277,0.0,0.0374306372961156
database3/database3/m.0144k5/85-FaceId-0_align.webp,0.078258,0.0,0.0502011088161756
database3/database3/m.014508/74-FaceId-0_align.webp,0.033711,1.0,0.0415374782865195
database3/database3/m.0146fs/16-FaceId-0_align.webp,0.00871,1.0,0.0463574478249186
database3/database3/m.0147cn/44-FaceId-0_align.webp,0.171045,1.0,0.0513203699145538
database3/database3/m.0147cn/79-FaceId-0_align.webp,0.059428,1.0,0.0550231788079469
database3/database3/m.0147jt/99-FaceId-0_align.webp,0.019999,1.0,0.0453531781117987
database3/database3/m.0147qz/78-FaceId-0_align.webp,0.010623,1.0,0.0472612656089762
database3/database3/m.01480y/76-FaceId-0_align.webp,0.0,1.0,0.033547054988046
database3/database3/m.0148_m/52-FaceId-0_align.webp,0.01178,1.0,0.0463809781505782
database3/database3/m.0148m9/58-FaceId-0_align.webp,0.040365,1.0,0.0416139547518334
database3/database3/m.0148qq/63-FaceId-1_align.webp,0.082134,1.0,0.0401398287418619
database3/database3/m.0148x0/17-FaceId-0_align.webp,0.195787,0.0,0.0468844160539953
database3/database3/m.014902/18-FaceId-0_align.webp,0.02167,1.0,0.0495971609437943
database3/database3/m.01491d/96-FaceId-0_align.webp,0.018562,1.0,0.0370072730537846
database3/database3/m.014936/66-FaceId-0_align.webp,0.009581,0.0,0.0420672700510475
database3/database3/m.0149k5/29-FaceId-0_align.webp,0.022158,1.0,0.0421080455972244
database3/database3/m.0149k5/81-FaceId-0_align.webp,0.042078,1.0,0.1120270183750559
database3/database3/m.0149vp/23-FaceId-0_align.webp,0.153482,1.0,0.0
database3/database3/m.0149vp/3-FaceId-0_align.webp,0.055794,1.0,0.0417492147861801
database3/database3/m.0149vp/63-FaceId-0_align.webp,0.126629,1.0,0.0488088850735056
database3/database3/m.0149wl/102-FaceId-0_align.webp,0.022928,1.0,0.0763921918351168
database3/database3/m.0149wl/45-FaceId-0_align.webp,0.024169,1.0,0.0863024934383201
database3/database3/m.0149xx/94-FaceId-0_align.webp,0.042337,1.0,0.081173229250373
database3/database3/m.014_1g/72-FaceId-0_align.webp,0.019311,0.0,0.0411902476483009
database3/database3/m.014_1g/8-FaceId-0_align.webp,0.209769,0.0,0.0539831007230535
database3/database3/m.014_4y/6-FaceId-0_align.webp,0.048047,1.0,0.0422087449867944
database3/database3/m.014_sl/106-FaceId-0_align.webp,0.23715,0.0,0.0501457460375295
database3/database3/m.014_sl/74-FaceId-0_align.webp,0.390836,0.0,0.0389389647180015
database3/database3/m.014bn_/16-FaceId-0_align.webp,0.037637,1.0,0.0387989611330897
database3/database3/m.014bn_/85-FaceId-1_align.webp,0.012813,1.0,0.0415000593260559
database3/database3/m.014bps/75-FaceId-0_align.webp,0.000105,1.0,0.0524398983647142
database3/database3/m.014byr/85-FaceId-0_align.webp,0.140079,1.0,0.0489651484650225
database3/database3/m.014bz_/33-FaceId-0_align.webp,0.044503,1.0,0.0504711616571891
database3/database3/m.014c0y/76-FaceId-0_align.webp,0.175143,1.0,0.0461073289468679
database3/database3/m.014c40/62-FaceId-0_align.webp,0.041412,1.0,0.0821894317893131
database3/database3/m.014c40/70-FaceId-0_align.webp,0.059838,1.0,0.0400958144225919
database3/database3/m.014cq/6-FaceId-0_align.webp,0.092137,1.0,0.0351406876602458
database3/database3/m.014cq/86-FaceId-0_align.webp,0.009035,1.0,0.0882054770473096
database3/database3/m.014cw2/26-FaceId-0_align.webp,0.010138,1.0,0.0379242678503762
database3/database3/m.014cw2/50-FaceId-0_align.webp,0.006571,1.0,0.0396623586914149
database3/database3/m.014d0v/117-FaceId-0_align.webp,0.00171,1.0,0.0458899555886497
database3/database3/m.014d0v/5-FaceId-0_align.webp,0.0,1.0,0.0298722368687892
database3/database3/m.014d0v/76-FaceId-0_align.webp,0.001899,1.0,0.0412844729882885
database3/database3/m.014d15/7-FaceId-0_align.webp,0.067756,1.0,0.0499214909885307
database3/database3/m.014d3/12-FaceId-0_align.webp,0.002261,1.0,0.0434639162048751
database3/database3/m.014d3/72-FaceId-0_align.webp,0.018566,1.0,0.041154961543311
database3/database3/m.014d3y/82-FaceId-0_align.webp,0.033512,0.0,0.4531185031185031
database3/database3/m.014dg1/103-FaceId-0_align.webp,0.026524,1.0,0.039189883168571
database3/database3/m.014dg1/51-FaceId-0_align.webp,0.001679,1.0,0.0507049311773352
database3/database3/m.014dg1/65-FaceId-0_align.webp,0.0,1.0,0.0295527950310558
database3/database3/m.014dg1/7-FaceId-0_align.webp,0.01106,1.0,0.0484936756184185
database3/database3/m.014dg1/86-FaceId-0_align.webp,0.019596,1.0,0.0459569698290624
database3/database3/m.014dm6/105-FaceId-0_align.webp,0.23153,1.0,0.042744454549049
database3/database3/m.014dy_/50-FaceId-0_align.webp,0.069776,1.0,0.0287114518111065
database3/database3/m.014dy_/73-FaceId-0_align.webp,0.01239,1.0,0.037634393430595
database3/database3/m.014f8k/25-FaceId-0_align.webp,0.24634,0.0,0.0366993106926697
database3/database3/m.014f8k/9-FaceId-0_align.webp,0.182534,0.0,0.0410713593550137
database3/database3/m.014fcb/0-FaceId-0_align.webp,0.028343,1.0,0.0441910123265067
database3/database3/m.014fd7/98-FaceId-0_align.webp,0.096652,1.0,0.044254028125128
database3/database3/m.014g17/1-FaceId-0_align.webp,0.005705,1.0,0.0491697446603499
database3/database3/m.014g17/9-FaceId-0_align.webp,0.079641,1.0,0.0528883307573414
database3/database3/m.014g22/90-FaceId-0_align.webp,0.35161,0.0,0.0613311472050007
database3/database3/m.014g6c/86-FaceId-0_align.webp,0.02888,1.0,0.0449741387723235
database3/database3/m.014g6v/43-FaceId-0_align.webp,0.001902,1.0,0.0390785532545331
database3/database3/m.014g79/86-FaceId-0_align.webp,0.049609,1.0,0.0461552373775433
database3/database3/m.014g8p/48-FaceId-0_align.webp,0.000256,1.0,0.0590319064605627
database3/database3/m.014g9y/12-FaceId-0_align.webp,0.038159,0.0,0.0423986486486486
database3/database3/m.014g_f/26-FaceId-0_align.webp,0.000817,1.0,0.0247796500324043
database3/database3/m.014g_f/35-FaceId-0_align.webp,0.001771,1.0,0.040753331520261
database3/database3/m.014gf8/102-FaceId-0_align.webp,0.00204,1.0,0.2062663392220549
database3/database3/m.014gf8/28-FaceId-0_align.webp,0.018311,1.0,0.0328779868269486
database3/database3/m.014gf8/69-FaceId-0_align.webp,0.050273,1.0,0.0430192220200181
database3/database3/m.014gf8/9-FaceId-0_align.webp,0.034223,1.0,0.0425316569916081
database3/database3/m.014gsd/79-FaceId-0_align.webp,0.118598,1.0,0.0482169613425231
database3/database3/m.014h_s/80-FaceId-0_align.webp,0.173494,0.0,0.0444138163816381
database3/database3/m.014hlm/54-FaceId-0_align.webp,0.078394,0.0,0.0390006083547383
database3/database3/m.014hmv/53-FaceId-1_align.webp,0.0,1.0,0.0466644317800871
database3/database3/m.014j8m/72-FaceId-0_align.webp,0.0057,1.0,0.0484854735105191
database3/database3/m.014jb8/10-FaceId-0_align.webp,0.009911,1.0,0.1006589400878585
database3/database3/m.014jk0/16-FaceId-0_align.webp,0.026202,1.0,0.1067517435821338
database3/database3/m.014jk0/61-FaceId-0_align.webp,0.011335,1.0,0.5031948881789138
database3/database3/m.014jk0/74-FaceId-0_align.webp,0.003357,1.0,0.1704384882808118
database3/database3/m.014jxq/20-FaceId-0_align.webp,0.165895,0.0,0.0449464922711058
database3/database3/m.014jxq/43-FaceId-0_align.webp,0.136492,0.0,0.0332418141142972
database3/database3/m.014jy6/23-FaceId-0_align.webp,0.150311,1.0,0.0999284607130081
database3/database3/m.014jy6/50-FaceId-0_align.webp,0.042148,1.0,0.0432018094998742
database3/database3/m.014jy6/97-FaceId-0_align.webp,0.061362,1.0,0.0987435923208362
database3/database3/m.014k1v/95-FaceId-3_align.webp,0.133686,1.0,0.0837373650848038
database3/database3/m.014k2p/25-FaceId-0_align.webp,0.315824,1.0,0.0473303358156526
database3/database3/m.014kbz/16-FaceId-0_align.webp,0.028027,1.0,0.0445918854415273
database3/database3/m.014kbz/22-FaceId-0_align.webp,0.028933,1.0,0.0480322003577816
database3/database3/m.014kbz/81-FaceId-0_align.webp,0.006506,1.0,0.0475281015820148
database3/database3/m.014kxv/1-FaceId-0_align.webp,0.013313,1.0,0.0387880720778184
database3/database3/m.014kxv/11-FaceId-0_align.webp,0.053384,1.0,0.0341620784583619
database3/database3/m.014lb1/14-FaceId-2_align.webp,0.000111,0.0,0.0461606812291743
database3/database3/m.014lb1/47-FaceId-0_align.webp,0.167631,0.0,0.0382267127728549
database3/database3/m.014lb1/62-FaceId-1_align.webp,0.053145,0.0,0.0354927244380927
database3/database3/m.014lyb/65-FaceId-0_align.webp,0.056831,1.0,0.0351491911696214
database3/database3/m.014m_1/70-FaceId-0_align.webp,0.018552,1.0,0.0406816468104357
database3/database3/m.014mvy/17-FaceId-0_align.webp,0.196734,1.0,0.0631121710246146
database3/database3/m.014mvy/58-FaceId-0_align.webp,0.218895,1.0,0.0696574670011999
database3/database3/m.014n_k/48-FaceId-0_align.webp,0.006557,1.0,0.0441724583307706
database3/database3/m.014n_k/70-FaceId-0_align.webp,0.029858,1.0,0.0338384423712116
database3/database3/m.014nfw/87-FaceId-0_align.webp,0.123499,0.0,0.0398870360408821
database3/database3/m.014p33/83-FaceId-2_align.webp,0.084076,0.0,0.0360165457470207
database3/database3/m.014p33/87-FaceId-0_align.webp,0.07546,0.0,0.0424123666448943
database3/database3/m.014ptb/14-FaceId-1_align.webp,0.016295,1.0,0.0390283234621473
database3/database3/m.014ptb/5-FaceId-0_align.webp,0.001038,1.0,0.0945325671816398
database3/database3/m.014ptb/50-FaceId-0_align.webp,0.185526,1.0,0.0425442913385825
database3/database3/m.014pxk/118-FaceId-0_align.webp,0.227914,1.0,0.1136854810897803
database3/database3/m.014pys/19-FaceId-0_align.webp,0.047245,1.0,0.0866283324621013
database3/database3/m.014pzz/110-FaceId-0_align.webp,0.13041,0.0,0.0371250133447208
database3/database3/m.014qjt/47-FaceId-0_align.webp,0.002851,1.0,0.0485895313295975
database3/database3/m.014r6r/81-FaceId-0_align.webp,0.091441,0.0,0.0369720657972731
database3/database3/m.014s81/3-FaceId-0_align.webp,0.077926,1.0,0.0629049203291892
database3/database3/m.014sj7/7-FaceId-0_align.webp,0.074577,1.0,0.0546343786635403
database3/database3/m.014skb/4-FaceId-0_align.webp,0.096076,0.0,0.0410722973630436
database3/database3/m.014skb/53-FaceId-0_align.webp,0.075066,0.0,0.0416852621099247
database3/database3/m.014skb/55-FaceId-0_align.webp,0.080414,0.0,0.0439811701412238
database3/database3/m.014v1q/8-FaceId-1_align.webp,0.038359,1.0,0.0579261508855277
database3/database3/m.014v6x/16-FaceId-0_align.webp,0.159906,0.0,0.0381406652399433
database3/database3/m.014v6x/20-FaceId-0_align.webp,0.306955,0.0,0.0441139636819035
database3/database3/m.014v6x/88-FaceId-0_align.webp,0.075191,0.0,0.0320683877373711
database3/database3/m.014vbq/60-FaceId-0_align.webp,0.005701,1.0,0.0
database3/database3/m.014vnb/46-FaceId-0_align.webp,0.027126,1.0,0.0423680956995354
database3/database3/m.014vnb/51-FaceId-0_align.webp,0.043084,1.0,0.0541751657317694
database3/database3/m.014vtj/100-FaceId-0_align.webp,0.000679,1.0,0.0444202479212986
database3/database3/m.014wsb/38-FaceId-0_align.webp,0.106862,1.0,0.04186922349174
database3/database3/m.014x0w/28-FaceId-0_align.webp,0.353028,0.0,0.104508698015765
database3/database3/m.014x0w/74-FaceId-0_align.webp,0.177523,0.0,0.0400261686689663
database3/database3/m.014x0w/96-FaceId-0_align.webp,0.217684,0.0,0.0446020128087831
database3/database3/m.014xn7/100-FaceId-0_align.webp,0.007084,1.0,0.0364592058971351
database3/database3/m.014xn7/42-FaceId-0_align.webp,0.003105,1.0,0.04378102274039
database3/database3/m.014xr2/5-FaceId-0_align.webp,0.387134,0.0,0.059867083091226
database3/database3/m.014xr2/87-FaceId-0_align.webp,0.341771,0.0,0.0524681100630467
database3/database3/m.014xzx/93-FaceId-0_align.webp,0.351892,1.0,0.0559196872435927
database3/database3/m.014y6/74-FaceId-0_align.webp,0.012495,1.0,0.041720463893967
database3/database3/m.014y6/95-FaceId-0_align.webp,0.006882,1.0,0.0467818397301485
database3/database3/m.014y7g/1-FaceId-0_align.webp,0.005692,1.0,0.044731583656427
database3/database3/m.014z8v/77-FaceId-0_align.webp,0.004141,1.0,0.0460473143626872
database3/database3/m.014zfs/76-FaceId-0_align.webp,0.024924,1.0,0.0451871903101486
database3/database3/m.014zxh/99-FaceId-0_align.webp,0.008633,1.0,0.1113787197602225
database3/database3/m.014zy/105-FaceId-0_align.webp,0.175949,1.0,0.0553874325366229
database3/database3/m.014zy/22-FaceId-0_align.webp,0.048224,1.0,0.0497041752480808
database3/database3/m.014zy/56-FaceId-0_align.webp,0.135716,1.0,0.1209105267651327
database3/database3/m.015076/99-FaceId-0_align.webp,0.0064,1.0,0.0807252763668956
database3/database3/m.01507p/0-FaceId-0_align.webp,0.067522,1.0,0.0491170014088659
database3/database3/m.01509x/60-FaceId-0_align.webp,0.015557,1.0,0.0444968018508437
database3/database3/m.0150bp/103-FaceId-0_align.webp,0.041675,0.0,0.0367172159622994
database3/database3/m.0150j5/31-FaceId-0_align.webp,0.003889,1.0,0.0365161817492046
database3/database3/m.0150j5/4-FaceId-0_align.webp,0.006229,1.0,0.0380943396226414
database3/database3/m.0150j5/71-FaceId-0_align.webp,0.062123,1.0,0.0434787715074284
database3/database3/m.0150j5/81-FaceId-0_align.webp,0.001136,1.0,0.0294719187841366
database3/database3/m.0150j5/86-FaceId-0_align.webp,0.002669,1.0,0.0376538729937193
database3/database3/m.0150m1/111-FaceId-0_align.webp,0.023781,1.0,0.0484699540193435
database3/database3/m.0150m1/13-FaceId-0_align.webp,0.071346,1.0,0.0404214348591549
database3/database3/m.0150mg/0-FaceId-0_align.webp,0.057671,1.0,0.1488095238095237
database3/database3/m.0150mg/69-FaceId-0_align.webp,0.220147,1.0,0.0552936290795387
database3/database3/m.0150mg/88-FaceId-0_align.webp,0.14546,1.0,0.0753862075928916
database3/database3/m.0150mg/97-FaceId-0_align.webp,0.078806,1.0,0.045668722673329
database3/database3/m.0150rl/42-FaceId-0_align.webp,0.016396,0.0,0.0362795669732242
database3/database3/m.0150t6/36-FaceId-0_align.webp,0.017669,1.0,0.0382764666592451
database3/database3/m.0150t6/41-FaceId-0_align.webp,0.022058,1.0,0.0337071519255183
database3/database3/m.0150t6/63-FaceId-0_align.webp,0.015119,1.0,0.0441328508658567
database3/database3/m.01519n/21-FaceId-0_align.webp,0.389316,0.0,0.072841286250612
database3/database3/m.01519n/69-FaceId-0_align.webp,0.017235,0.0,0.0432387968956761
database3/database3/m.0151fv/54-FaceId-0_align.webp,0.017876,0.0,0.0365733675357989
database3/database3/m.0151fv/90-FaceId-0_align.webp,0.296844,0.0,0.045735669249651
database3/database3/m.0151fv/94-FaceId-0_align.webp,0.121468,0.0,0.0625434913017396
database3/database3/m.0151n1/16-FaceId-0_align.webp,0.044648,1.0,0.0431810073622417
database3/database3/m.0151n1/26-FaceId-0_align.webp,0.101903,1.0,0.0452277895972415
database3/database3/m.0151n1/29-FaceId-0_align.webp,0.049938,1.0,0.0567998105996549
database3/database3/m.0151n1/36-FaceId-0_align.webp,0.038201,1.0,0.052397768903264
database3/database3/m.0151n1/53-FaceId-0_align.webp,0.021607,1.0,0.0586742253430393
database3/database3/m.0151p8/29-FaceId-0_align.webp,0.003452,1.0,0.0329431985595023
database3/database3/m.0151xv/30-FaceId-0_align.webp,0.007121,1.0,0.0428021892103205
database3/database3/m.0151xv/44-FaceId-0_align.webp,0.021629,1.0,0.04499661933739
database3/database3/m.0151xv/88-FaceId-0_align.webp,0.006779,1.0,0.0513007039892724
database3/database3/m.0151zx/92-FaceId-0_align.webp,0.043036,1.0,0.0702941066557046
database3/database3/m.0152cw/42-FaceId-0_align.webp,0.083199,0.0,0.0383386581469648
database3/database3/m.0152xn/72-FaceId-0_align.webp,0.043462,1.0,0.0596787670596972
database3/database3/m.015302/4-FaceId-0_align.webp,0.000416,1.0,0.0328740447880092
database3/database3/m.0153dp/1-FaceId-0_align.webp,0.039324,1.0,0.0476846536548028
database3/database3/m.0153dp/88-FaceId-0_align.webp,0.057869,1.0,0.0487746814171683
database3/database3/m.0153vt/1-FaceId-0_align.webp,0.335303,1.0,0.0427524987449225
database3/database3/m.0153vt/81-FaceId-0_align.webp,0.087285,1.0,0.053071253071253
database3/database3/m.0153y1/16-FaceId-0_align.webp,0.166114,0.0,0.0415407854984894
database3/database3/m.01541z/117-FaceId-0_align.webp,0.111734,0.0,0.0403475121290758
database3/database3/m.01547g/3-FaceId-0_align.webp,0.153164,0.0,0.0399098591549295
database3/database3/m.01547g/73-FaceId-0_align.webp,0.246081,0.0,0.0421631900426413
database3/database3/m.0154d7/52-FaceId-0_align.webp,0.115018,1.0,0.0530478338015673
database3/database3/m.0154ff/10-FaceId-0_align.webp,0.121913,0.0,0.0386430926586365
database3/database3/m.0154hr/101-FaceId-0_align.webp,0.090433,0.0,0.0610899935824652
database3/database3/m.0154hr/109-FaceId-0_align.webp,0.038439,0.0,0.0404337797142307
database3/database3/m.0154hr/18-FaceId-0_align.webp,0.07836,0.0,0.0577525695663072
database3/database3/m.0154hr/28-FaceId-0_align.webp,0.045785,0.0,0.0456216307277627
database3/database3/m.0154s9/24-FaceId-0_align.webp,0.052837,1.0,0.0372232157372784
database3/database3/m.0154x6/57-FaceId-0_align.webp,0.061779,0.0,0.0511427929950605
database3/database3/m.01552j/40-FaceId-0_align.webp,0.017747,1.0,0.0371753537524627
database3/database3/m.01558d/79-FaceId-0_align.webp,0.014812,1.0,0.0285837624495081
database3/database3/m.01558d/8-FaceId-0_align.webp,0.124089,1.0,0.0491571060641535
database3/database3/m.0155zp/26-FaceId-0_align.webp,0.000547,1.0,0.0407610549050812
database3/database3/m.0155zp/7-FaceId-0_align.webp,0.015991,1.0,0.0423703983058221
database3/database3/m.0155zp/79-FaceId-0_align.webp,0.02849,1.0,0.0577559015903581
database3/database3/m.0155zp/88-FaceId-0_align.webp,0.072148,1.0,0.0444564798053238
database3/database3/m.0156dg/11-FaceId-0_align.webp,0.153809,0.0,0.0491893034156836
database3/database3/m.0156dg/2-FaceId-0_align.webp,0.144571,0.0,0.0591173412408055
database3/database3/m.0156y1/31-FaceId-0_align.webp,0.047284,1.0,0.0421767532426744
database3/database3/m.01574b/45-FaceId-0_align.webp,0.070647,0.0,0.0463959899749372
database3/database3/m.015796/86-FaceId-0_align.webp,0.081944,0.0,0.040684622005451
database3/database3/m.0157m/20-FaceId-0_align.webp,0.028257,1.0,0.0316261103465531
database3/database3/m.0157m/24-FaceId-0_align.webp,0.028454,1.0,0.0420473800313308
database3/database3/m.0157m/25-FaceId-0_align.webp,0.020124,1.0,0.0373773884872663
database3/database3/m.0157m/73-FaceId-0_align.webp,0.033963,1.0,0.0484637052386193
database3/database3/m.0157r6/22-FaceId-1_align.webp,0.0,1.0,0.0226874778917579
database3/database3/m.0157ry/29-FaceId-0_align.webp,0.027582,1.0,0.0371692745376955
database3/database3/m.015882/17-FaceId-0_align.webp,0.396178,0.0,0.0458800521512385
database3/database3/m.015882/20-FaceId-0_align.webp,0.380878,0.0,0.0517313482770156
database3/database3/m.015882/75-FaceId-0_align.webp,0.386665,0.0,0.0565316045380874
database3/database3/m.0158r2/73-FaceId-0_align.webp,0.173377,0.0,0.0397779190338087
database3/database3/m.01598m/79-FaceId-0_align.webp,0.475474,0.0,0.0524533943017938
database3/database3/m.0159wm/104-FaceId-0_align.webp,0.007308,1.0,0.0303341624310586
database3/database3/m.0159wm/9-FaceId-0_align.webp,0.002891,1.0,0.0218957979449193
database3/database3/m.015_44/31-FaceId-0_align.webp,0.062168,0.0,0.0409316928569151
database3/database3/m.015_44/64-FaceId-0_align.webp,0.356589,0.0,0.0584061710193765
database3/database3/m.015_44/84-FaceId-0_align.webp,0.3229,0.0,0.0574596774193548
database3/database3/m.015b67/34-FaceId-0_align.webp,0.034996,1.0,0.0408564013840829
database3/database3/m.015bhj/103-FaceId-1_align.webp,0.041754,1.0,0.0
database3/database3/m.015bhj/70-FaceId-0_align.webp,0.00385,1.0,0.0415991458741626
database3/database3/m.015bnf/68-FaceId-0_align.webp,0.066968,0.0,0.0411311486441019
database3/database3/m.015brk/18-FaceId-0_align.webp,0.023166,1.0,0.0622980922356916
database3/database3/m.015bw2/110-FaceId-0_align.webp,0.01319,1.0,0.0436531292917401
database3/database3/m.015bw2/40-FaceId-0_align.webp,0.013047,1.0,0.0517933514774494
database3/database3/m.015bw2/68-FaceId-0_align.webp,0.00956,1.0,0.0518684820393974
database3/database3/m.015c2f/3-FaceId-0_align.webp,0.072717,0.0,0.0366577972061198
database3/database3/m.015c2f/47-FaceId-0_align.webp,0.01548,0.0,0.0408218964441671
database3/database3/m.015c2f/49-FaceId-0_align.webp,0.031524,0.0,0.0450064550299579
database3/database3/m.015c2f/8-FaceId-0_align.webp,0.126031,0.0,0.0424128081249778
database3/database3/m.015c4g/7-FaceId-0_align.webp,0.000573,1.0,0.040974323506527
database3/database3/m.015c4g/83-FaceId-0_align.webp,0.000391,1.0,0.0365131878471483
database3/database3/m.015cyn/17-FaceId-0_align.webp,0.046212,1.0,0.042730134279878
database3/database3/m.015cyn/5-FaceId-0_align.webp,0.152464,1.0,0.0371042249721818
database3/database3/m.015czg/24-FaceId-0_align.webp,0.141052,1.0,0.0571458871620838
database3/database3/m.015d2r/66-FaceId-0_align.webp,0.064087,1.0,0.1091065219235009
database3/database3/m.015d2r/86-FaceId-0_align.webp,0.029999,1.0,0.0450674708648537
database3/database3/m.015dcj/83-FaceId-0_align.webp,0.023385,1.0,0.0430170937409118
database3/database3/m.015dgg/80-FaceId-0_align.webp,0.001775,1.0,0.0627745334518217
database3/database3/m.015djp/24-FaceId-0_align.webp,0.0,1.0,0.0344492753623187
database3/database3/m.015djp/27-FaceId-0_align.webp,0.037685,1.0,0.0460120793787747
database3/database3/m.015dk3/22-FaceId-0_align.webp,0.027592,1.0,0.0357253311548111
database3/database3/m.015dnt/38-FaceId-0_align.webp,0.001692,1.0,0.0650450378953215
database3/database3/m.015dnt/42-FaceId-1_align.webp,0.102539,1.0,0.0230212566884008
database3/database3/m.015dqj/29-FaceId-0_align.webp,0.034796,1.0,0.0445234228989858
database3/database3/m.015dsz/54-FaceId-1_align.webp,0.002756,1.0,0.0338122658914294
database3/database3/m.015dx/106-FaceId-0_align.webp,0.065832,0.0,0.0383022774327121
database3/database3/m.015dx/112-FaceId-0_align.webp,0.282009,0.0,0.0434355170256501
database3/database3/m.015dx/117-FaceId-0_align.webp,0.154935,0.0,0.0324858757062146
database3/database3/m.015dx/16-FaceId-0_align.webp,0.065933,0.0,0.0452454253000794
database3/database3/m.015dx/75-FaceId-0_align.webp,0.127561,0.0,0.0468131472669838
database3/database3/m.015dz8/51-FaceId-0_align.webp,0.051527,1.0,0.03896197327852
database3/database3/m.015f6_/9-FaceId-0_align.webp,0.050822,1.0,0.0465326602037971
database3/database3/m.015fxn/110-FaceId-1_align.webp,0.050721,0.0,0.0363979309435951
database3/database3/m.015fyd/19-FaceId-0_align.webp,0.055834,0.0,0.0395447097002215
database3/database3/m.015g36/86-FaceId-0_align.webp,0.010069,0.0,0.0420038535645471
database3/database3/m.015g98/4-FaceId-0_align.webp,0.031227,1.0,0.0580060098733633
database3/database3/m.015g_7/108-FaceId-0_align.webp,0.075445,1.0,0.040041264985237
database3/database3/m.015ghl/29-FaceId-0_align.webp,0.035495,0.0,0.0389922024877776
database3/database3/m.015ghl/58-FaceId-0_align.webp,0.114793,0.0,0.0283978664559462
database3/database3/m.015ghl/7-FaceId-0_align.webp,0.022651,0.0,0.0350731372610173
database3/database3/m.015gjr/36-FaceId-0_align.webp,0.054888,1.0,0.0462570803295571
database3/database3/m.015gjr/40-FaceId-0_align.webp,0.045893,1.0,0.043671833039208
database3/database3/m.015gjr/84-FaceId-0_align.webp,0.042274,1.0,0.1074902684698422
database3/database3/m.015gqm/96-FaceId-1_align.webp,0.236979,1.0,0.0767938536722898
database3/database3/m.015grj/83-FaceId-0_align.webp,0.0,1.0,0.0389985419591747
database3/database3/m.015grj/95-FaceId-0_align.webp,0.006074,1.0,0.0367430707957407
database3/database3/m.015grj/98-FaceId-0_align.webp,0.00126,1.0,0.027310355806734
database3/database3/m.015gsv/100-FaceId-0_align.webp,0.087077,1.0,0.0545826596604688
database3/database3/m.015gsv/72-FaceId-0_align.webp,0.017745,1.0,0.0428675130949669
database3/database3/m.015gx1/70-FaceId-0_align.webp,0.056653,1.0,0.0376614060258248
database3/database3/m.015gy7/28-FaceId-0_align.webp,0.011386,1.0,0.0494788593903637
database3/database3/m.015gzc/94-FaceId-0_align.webp,0.077714,1.0,0.0546366263885502
database3/database3/m.015h25/3-FaceId-0_align.webp,0.001481,1.0,0.0322345976319485
database3/database3/m.015h7y/30-FaceId-0_align.webp,0.014431,1.0,0.0479440972997098
database3/database3/m.015htz/46-FaceId-0_align.webp,0.135648,0.0,0.0379992105924144
database3/database3/m.015j58/58-FaceId-0_align.webp,0.016994,1.0,0.0425980522061745
database3/database3/m.015j6h/20-FaceId-0_align.webp,0.005265,1.0,0.0477057293851186
database3/database3/m.015j6h/37-FaceId-0_align.webp,0.094841,1.0,0.0550825574629036
database3/database3/m.015j6y/47-FaceId-0_align.webp,0.10488,0.0,0.074291437898798
database3/database3/m.015j6y/5-FaceId-0_align.webp,0.085053,0.0,0.0364368493419759
database3/database3/m.015j6y/73-FaceId-1_align.webp,0.12413,0.0,0.045222199040267
database3/database3/m.015j8x/17-FaceId-0_align.webp,0.049084,1.0,0.0576528757362029
database3/database3/m.015j8x/42-FaceId-0_align.webp,0.021866,1.0,0.056927162367223
database3/database3/m.015jjw/46-FaceId-0_align.webp,0.068702,1.0,0.055961633054599
database3/database3/m.015jjw/69-FaceId-0_align.webp,0.113403,1.0,0.0697986577181207
database3/database3/m.015jvm/105-FaceId-0_align.webp,0.006549,1.0,0.0378453115062355
database3/database3/m.015jvm/32-FaceId-0_align.webp,0.01088,1.0,0.0347470683899682
database3/database3/m.015jvm/85-FaceId-0_align.webp,0.111985,1.0,0.1141966759002769
database3/database3/m.015k04/104-FaceId-0_align.webp,0.087765,0.0,0.0332071032615701
database3/database3/m.015k04/33-FaceId-0_align.webp,0.019732,0.0,0.044290945406125
database3/database3/m.015k04/68-FaceId-0_align.webp,0.032064,0.0,0.0422330097087378
database3/database3/m.015k9x/19-FaceId-0_align.webp,0.079615,0.0,0.0547660013764624
database3/database3/m.015k9x/84-FaceId-0_align.webp,0.154994,0.0,0.2538646788990825
database3/database3/m.015kbd/21-FaceId-0_align.webp,0.030994,1.0,0.0347753924427622
database3/database3/m.015kbd/80-FaceId-0_align.webp,0.061754,1.0,0.1486438909896987
database3/database3/m.015khm/4-FaceId-0_align.webp,0.027803,1.0,0.028817381154499
database3/database3/m.015klf/75-FaceId-0_align.webp,0.0,1.0,0.0296357868407405
database3/database3/m.015ksl/24-FaceId-0_align.webp,0.23069,1.0,0.0607839459864965
database3/database3/m.015ksl/26-FaceId-1_align.webp,0.043132,1.0,0.1032294306066834
database3/database3/m.015ksl/31-FaceId-0_align.webp,0.096817,1.0,0.0576622293281428
database3/database3/m.015ksl/72-FaceId-0_align.webp,0.014945,1.0,0.0430927175430432
database3/database3/m.015ksy/70-FaceId-0_align.webp,0.064697,1.0,0.0391172933797002
database3/database3/m.015ksy/90-FaceId-0_align.webp,0.039383,1.0,0.0417098018528897
database3/database3/m.015kt_/7-FaceId-0_align.webp,0.084368,1.0,0.0517363809792976
database3/database3/m.015l1l/126-FaceId-0_align.webp,0.0,1.0,0.0261165815534801
database3/database3/m.015l51/58-FaceId-0_align.webp,0.077217,1.0,0.0338735928387359
database3/database3/m.015lg2/3-FaceId-0_align.webp,0.081487,1.0,0.1257284898602086
database3/database3/m.015m2c/35-FaceId-0_align.webp,0.111821,0.0,0.090383011134888
database3/database3/m.015m2c/62-FaceId-0_align.webp,0.107098,0.0,0.0843245350261721
database3/database3/m.015m2c/96-FaceId-0_align.webp,0.077293,0.0,0.0935455333285187
database3/database3/m.015m2v/50-FaceId-0_align.webp,0.014038,1.0,0.0464168437318909
database3/database3/m.015m_9/103-FaceId-0_align.webp,0.203457,0.0,0.0457731305449936
database3/database3/m.015m_9/23-FaceId-0_align.webp,0.194385,0.0,0.0436899778379709
database3/database3/m.015mfy/124-FaceId-0_align.webp,0.011509,1.0,0.1248659393491123
database3/database3/m.015mfy/44-FaceId-0_align.webp,0.015486,1.0,0.1077731691099641
database3/database3/m.015ncq/12-FaceId-0_align.webp,0.097302,0.0,0.0342396593673965
database3/database3/m.015ncq/15-FaceId-0_align.webp,0.108176,0.0,0.0409966606730027
database3/database3/m.015ncq/43-FaceId-0_align.webp,0.173231,0.0,0.0643642147883929
database3/database3/m.015nr6/10-FaceId-0_align.webp,0.135309,0.0,0.024525185796862
database3/database3/m.015nxw/46-FaceId-0_align.webp,0.033616,1.0,0.0436256928594717
database3/database3/m.015nz8/33-FaceId-0_align.webp,0.258768,1.0,0.0538663571952112
database3/database3/m.015p0c/3-FaceId-0_align.webp,0.047687,1.0,0.03793609671848
database3/database3/m.015p37/5-FaceId-0_align.webp,0.024022,0.0,0.1078850901473778
database3/database3/m.015p3p/83-FaceId-3_align.webp,0.095309,1.0,0.0662202496317543
database3/database3/m.015p_p/4-FaceId-0_align.webp,0.041582,1.0,0.0995005327650505
database3/database3/m.015ph6/52-FaceId-0_align.webp,0.019715,1.0,0.0404785701687341
database3/database3/m.015ph6/9-FaceId-0_align.webp,0.017184,1.0,0.0319820524044774
database3/database3/m.015phm/91-FaceId-0_align.webp,0.017375,1.0,0.0308479150343866
database3/database3/m.015pqq/24-FaceId-0_align.webp,0.179784,0.0,0.0497598859458242
database3/database3/m.015pqq/66-FaceId-0_align.webp,0.136121,0.0,0.1061409581833286
database3/database3/m.015pqq/87-FaceId-0_align.webp,0.018013,0.0,0.0497405459198179
database3/database3/m.015pt7/51-FaceId-0_align.webp,0.127322,1.0,0.0525704697986576
database3/database3/m.015pt7/58-FaceId-0_align.webp,0.035197,1.0,0.0366246643255525
database3/database3/m.015pt7/60-FaceId-0_align.webp,0.049196,1.0,0.0673085916622126
database3/database3/m.015pvh/112-FaceId-0_align.webp,0.330281,0.0,0.047861484034833
database3/database3/m.015px7/44-FaceId-0_align.webp,0.034165,1.0,0.0398670628714419
database3/database3/m.015px7/91-FaceId-0_align.webp,0.015722,1.0,0.0259593970887259
database3/database3/m.015pxr/76-FaceId-0_align.webp,0.013737,1.0,0.0392899258760107
database3/database3/m.015pxr/85-FaceId-0_align.webp,0.04711,1.0,0.0502757919388634
database3/database3/m.015pz3/26-FaceId-0_align.webp,0.029214,1.0,0.0575025176233634
database3/database3/m.015q3m/88-FaceId-0_align.webp,0.02977,1.0,0.0373685235683677
database3/database3/m.015q43/44-FaceId-0_align.webp,0.14431,0.0,0.0430226598821246
database3/database3/m.015q43/83-FaceId-0_align.webp,0.202776,0.0,0.0512254617261005
database3/database3/m.015q7v/66-FaceId-0_align.webp,0.123951,1.0,0.0459842433526643
database3/database3/m.015q7v/70-FaceId-0_align.webp,0.084162,1.0,0.047000348189415
database3/database3/m.015q7v/74-FaceId-0_align.webp,0.166774,1.0,0.1079966564502646
database3/database3/m.015q7v/95-FaceId-0_align.webp,0.114436,1.0,0.0440181726400807
database3/database3/m.015q9_/38-FaceId-0_align.webp,0.073529,1.0,0.0526628030588799
database3/database3/m.015q9_/55-FaceId-0_align.webp,0.228226,1.0,0.0470803269267607
database3/database3/m.015qgb/80-FaceId-0_align.webp,0.240744,0.0,0.0662165516556619
database3/database3/m.015ql4/49-FaceId-0_align.webp,0.010843,1.0,0.0409513819210069
database3/database3/m.015ql_/79-FaceId-0_align.webp,0.076307,0.0,0.0422202050405808
database3/database3/m.015qlm/10-FaceId-0_align.webp,0.050821,0.0,0.0418813920711213
database3/database3/m.015qlm/70-FaceId-0_align.webp,0.030997,0.0,0.0416530188885249
database3/database3/m.015qpn/63-FaceId-0_align.webp,0.366396,1.0,0.0452981510958736
database3/database3/m.015qq1/36-FaceId-0_align.webp,0.022633,1.0,0.0367103044728751
database3/database3/m.015qty/73-FaceId-0_align.webp,0.019129,1.0,0.0366418643829846
database3/database3/m.015qty/74-FaceId-0_align.webp,0.007618,1.0,0.0439947780678849
database3/database3/m.015qv9/29-FaceId-0_align.webp,0.006101,1.0,0.0501297762591581
database3/database3/m.015qxn/75-FaceId-0_align.webp,0.029389,1.0,0.0259151974446496
database3/database3/m.015qxn/81-FaceId-0_align.webp,0.000968,1.0,0.0813767609151762
database3/database3/m.015qyf/14-FaceId-0_align.webp,0.032701,1.0,0.0437418320066531
database3/database3/m.015qzv/12-FaceId-0_align.webp,0.03298,1.0,0.102507415327309
database3/database3/m.015qzv/45-FaceId-0_align.webp,0.048204,1.0,0.0897270982872573
database3/database3/m.015qzv/55-FaceId-0_align.webp,0.094832,1.0,0.1254841847090662
database3/database3/m.015qzv/57-FaceId-0_align.webp,0.068867,1.0,0.0540821453243734
database3/database3/m.015r3q/35-FaceId-0_align.webp,0.001755,1.0,0.0955387092445993
database3/database3/m.015r4v/28-FaceId-0_align.webp,0.015627,1.0,0.0586688921343625
database3/database3/m.015rhv/21-FaceId-0_align.webp,0.274759,1.0,0.0732922397534384
database3/database3/m.015rmq/88-FaceId-0_align.webp,0.016982,1.0,0.0384843790343402
database3/database3/m.015t_m/31-FaceId-0_align.webp,0.0851,1.0,0.0270907548770143
database3/database3/m.015thk/1-FaceId-0_align.webp,0.117609,1.0,0.0412625938643824
database3/database3/m.015thk/47-FaceId-0_align.webp,0.223814,1.0,0.0677645024367237
database3/database3/m.015thk/89-FaceId-0_align.webp,0.010677,1.0,0.0895172684458398
database3/database3/m.015tp7/25-FaceId-0_align.webp,0.089928,1.0,0.0462596964586846
database3/database3/m.015tp7/4-FaceId-0_align.webp,0.078982,1.0,0.0498204419889502
database3/database3/m.015tv5/22-FaceId-0_align.webp,0.009031,1.0,0.0545637448863254
database3/database3/m.015tv5/54-FaceId-0_align.webp,0.027498,1.0,0.0400252566667759
database3/database3/m.015tyq/50-FaceId-0_align.webp,0.029346,1.0,0.0765939238339751
database3/database3/m.015tyq/63-FaceId-0_align.webp,0.05956,1.0,0.0811894789747026
database3/database3/m.015v98/49-FaceId-0_align.webp,0.062142,0.0,0.0495069217028876
database3/database3/m.015v98/79-FaceId-0_align.webp,0.070144,0.0,0.0498836717428086
database3/database3/m.015vql/63-FaceId-0_align.webp,0.02634,1.0,0.0543845633872057
database3/database3/m.015vyh/54-FaceId-0_align.webp,0.020372,1.0,0.0401991171221939
database3/database3/m.015wfg/59-FaceId-0_align.webp,0.021245,1.0,0.0473870007614036
database3/database3/m.015wfy/41-FaceId-0_align.webp,0.10115,1.0,0.0408227848101265
database3/database3/m.015wfy/43-FaceId-0_align.webp,0.000923,1.0,0.0985909007183643
database3/database3/m.015wfy/78-FaceId-0_align.webp,0.064575,1.0,0.0946586637565174
database3/database3/m.015wfy/91-FaceId-0_align.webp,0.156,1.0,0.0718738961497703
database3/database3/m.015wgw/16-FaceId-0_align.webp,0.030553,1.0,0.0387704312642496
database3/database3/m.015wgw/5-FaceId-0_align.webp,0.079937,1.0,0.0489988972361982
database3/database3/m.015wkb/94-FaceId-0_align.webp,0.010721,1.0,0.0402237944856066
database3/database3/m.015x3n/93-FaceId-0_align.webp,0.0,0.0,0.0805953507230706
database3/database3/m.015x63/126-FaceId-0_align.webp,0.077609,0.0,0.0413157354149547
database3/database3/m.015xnd/46-FaceId-0_align.webp,0.021854,1.0,0.0375747792232456
database3/database3/m.015xnd/72-FaceId-0_align.webp,0.171432,1.0,0.104585124397551
database3/database3/m.015xsn/17-FaceId-0_align.webp,0.021828,1.0,0.0778920668513273
database3/database3/m.015xww/31-FaceId-0_align.webp,0.075773,1.0,0.0483448568890261
database3/database3/m.015xys/54-FaceId-0_align.webp,0.054138,1.0,0.0405925612081226
database3/database3/m.015y4c/42-FaceId-0_align.webp,0.097688,1.0,0.0363441860465115
database3/database3/m.015y4c/72-FaceId-0_align.webp,0.027368,1.0,0.0378339758075234
database3/database3/m.015y4c/79-FaceId-0_align.webp,0.010835,1.0,0.0342378684132181
database3/database3/m.015yb0/108-FaceId-0_align.webp,0.073526,1.0,0.0333209293295365
database3/database3/m.015ybz/5-FaceId-0_align.webp,0.004767,1.0,0.1552582806004924
database3/database3/m.015yg9/69-FaceId-0_align.webp,0.021682,1.0,0.0720639797578167
database3/database3/m.015ykr/19-FaceId-0_align.webp,0.078311,0.0,0.0440962566844918
database3/database3/m.015ykr/9-FaceId-0_align.webp,0.026904,0.0,0.034740657724232
database3/database3/m.015z4j/106-FaceId-1_align.webp,0.203863,0.0,0.0444805461873817
database3/database3/m.015z4j/30-FaceId-0_align.webp,0.022438,0.0,0.0415870488322716
database3/database3/m.015zj4/3-FaceId-0_align.webp,0.026859,1.0,0.0813739456419868
database3/database3/m.015zjx/34-FaceId-0_align.webp,0.188292,1.0,0.0602596329945774
database3/database3/m.015zm4/92-FaceId-0_align.webp,0.019768,1.0,0.0609879144029271
database3/database3/m.015zmm/35-FaceId-0_align.webp,0.071991,0.0,0.0427308542327278
database3/database3/m.016077/95-FaceId-0_align.webp,0.023638,1.0,0.0460129020697069
database3/database3/m.0160pf/102-FaceId-0_align.webp,0.037457,1.0,0.0422779175537061
database3/database3/m.016194/12-FaceId-0_align.webp,0.028771,1.0,0.043806697622928
database3/database3/m.016194/6-FaceId-0_align.webp,0.025295,1.0,0.0352843460041902
database3/database3/m.0161h5/105-FaceId-0_align.webp,0.042175,0.0,0.0399549360721022
database3/database3/m.0161hn/33-FaceId-0_align.webp,0.010683,1.0,0.0701496525921966
database3/database3/m.0162c8/22-FaceId-0_align.webp,0.021055,1.0,0.0487235594456599
database3/database3/m.0162c8/71-FaceId-0_align.webp,0.041746,1.0,0.0464876395301267
database3/database3/m.0162c8/72-FaceId-0_align.webp,0.034776,1.0,0.045732428090807
database3/database3/m.0162lw/68-FaceId-0_align.webp,0.026272,1.0,0.0540493348995205
database3/database3/m.0162n1/16-FaceId-0_align.webp,0.013549,1.0,0.0972943722943722
database3/database3/m.0162n1/17-FaceId-0_align.webp,0.15524,1.0,0.1011988011988011
database3/database3/m.01635v/83-FaceId-0_align.webp,0.001023,1.0,0.0325157196256265
database3/database3/m.0163bt/91-FaceId-0_align.webp,0.100672,1.0,0.0510911541824539
database3/database3/m.0163kf/72-FaceId-0_align.webp,0.120095,0.0,0.0418245228906277
database3/database3/m.0163kf/83-FaceId-0_align.webp,0.098981,0.0,0.054591819387304
database3/database3/m.0163rk/30-FaceId-0_align.webp,0.022552,1.0,0.041608641314051
database3/database3/m.0163s9/24-FaceId-0_align.webp,0.074147,1.0,0.0471533236663358
database3/database3/m.0163s9/74-FaceId-0_align.webp,0.166715,1.0,0.0441462206644314
database3/database3/m.0163t3/106-FaceId-0_align.webp,0.195337,0.0,0.0433138842581566
database3/database3/m.0163t3/9-FaceId-0_align.webp,0.08181,0.0,0.0401123263375701
database3/database3/m.0163y8/74-FaceId-0_align.webp,0.077227,1.0,0.0569865229110511
database3/database3/m.0164c4/60-FaceId-0_align.webp,0.111711,0.0,0.036073761044948
database3/database3/m.0164lp/69-FaceId-0_align.webp,0.064522,1.0,0.0262864154528181
database3/database3/m.0164lp/92-FaceId-0_align.webp,0.151037,1.0,0.1002047542948461
database3/database3/m.0164nb/3-FaceId-0_align.webp,0.089532,1.0,0.0392848551496614
database3/database3/m.0164y7/34-FaceId-0_align.webp,0.005214,1.0,0.0398291581835885
database3/database3/m.0165cp/26-FaceId-0_align.webp,0.006703,0.0,0.0353580871691353
database3/database3/m.0165cp/52-FaceId-0_align.webp,0.057554,0.0,0.0313131470140205
database3/database3/m.0165gc/85-FaceId-0_align.webp,0.006716,1.0,0.0368147519621805
database3/database3/m.0165gc/99-FaceId-0_align.webp,0.120842,1.0,0.0412697535639296
database3/database3/m.0165ky/57-FaceId-0_align.webp,0.015031,1.0,0.1218469923294306
database3/database3/m.0165n5/59-FaceId-0_align.webp,0.014306,0.0,0.0374455270150574
database3/database3/m.01666h/59-FaceId-0_align.webp,0.366126,0.0,0.0488192117440561
database3/database3/m.01666h/65-FaceId-0_align.webp,0.324656,0.0,0.0567092333017408
database3/database3/m.0166rp/41-FaceId-0_align.webp,0.108225,1.0,0.0572026093630083
database3/database3/m.0166rp/55-FaceId-0_align.webp,0.058677,1.0,0.0575644965339812
database3/database3/m.0166w_/52-FaceId-0_align.webp,0.055626,1.0,0.0373056334437929
database3/database3/m.0166w_/7-FaceId-0_align.webp,0.051227,1.0,0.0276407591375003
database3/database3/m.0166yl/4-FaceId-0_align.webp,0.128426,1.0,0.0413917216556688
database3/database3/m.0166yl/42-FaceId-0_align.webp,0.00821,1.0,0.0424358105120419
database3/database3/m.0166zk/13-FaceId-0_align.webp,0.040817,1.0,0.0978604784141808
database3/database3/m.0166zk/42-FaceId-0_align.webp,0.020069,1.0,0.0856597739579168
database3/database3/m.0166zk/72-FaceId-0_align.webp,0.015452,1.0,0.0457580482436025
database3/database3/m.01678_/78-FaceId-0_align.webp,0.014927,1.0,0.040139546320772
database3/database3/m.0167h6/35-FaceId-0_align.webp,0.000892,1.0,0.035087320651821
database3/database3/m.0167xk/87-FaceId-0_align.webp,0.035118,1.0,0.0484911411059382
database3/database3/m.016883/25-FaceId-0_align.webp,0.021581,1.0,0.0392531331319354
database3/database3/m.016883/35-FaceId-0_align.webp,0.016967,1.0,0.0459867201976528
database3/database3/m.016883/79-FaceId-0_align.webp,0.042662,1.0,0.0390335486833043
database3/database3/m.0168cl/73-FaceId-0_align.webp,0.16573,1.0,0.0543642420877289
database3/database3/m.0168ql/60-FaceId-0_align.webp,0.01118,1.0,0.0203823816760745
database3/database3/m.0168vx/9-FaceId-0_align.webp,0.182986,0.0,0.0351425665750122
database3/database3/m.01693z/106-FaceId-0_align.webp,0.308514,1.0,0.0692592772018214
database3/database3/m.01693z/67-FaceId-0_align.webp,0.053019,1.0,0.0343183334344107
database3/database3/m.016959/105-FaceId-0_align.webp,0.10109,1.0,0.0599413972728664
database3/database3/m.016959/51-FaceId-0_align.webp,0.067755,1.0,0.0468728443320303
database3/database3/m.0169ff/102-FaceId-0_align.webp,0.033338,1.0,0.0618046609673263
database3/database3/m.0169ff/36-FaceId-0_align.webp,0.024259,1.0,0.0438849412407761
database3/database3/m.0169ff/79-FaceId-0_align.webp,0.137366,1.0,0.0455022717727463
database3/database3/m.0169mh/14-FaceId-0_align.webp,0.084985,0.0,0.0553889845094663
database3/database3/m.0169r6/43-FaceId-0_align.webp,0.109367,0.0,0.0479473014863682
database3/database3/m.0169v2/37-FaceId-0_align.webp,0.237432,0.0,0.0519563426688632
database3/database3/m.0169v2/60-FaceId-0_align.webp,0.294775,0.0,0.0552216324774063
database3/database3/m.0169x_/12-FaceId-0_align.webp,0.169443,1.0,0.0456466019417475
database3/database3/m.016_js/82-FaceId-0_align.webp,0.00161,0.0,0.0387545033453422
database3/database3/m.016_js/90-FaceId-0_align.webp,0.074161,0.0,0.0519489135843422
database3/database3/m.016_mj/9-FaceId-0_align.webp,0.005546,1.0,0.0475698390859603
database3/database3/m.016b6z/92-FaceId-0_align.webp,0.053278,1.0,0.0515459570879789
database3/database3/m.016b90/0-FaceId-0_align.webp,0.006801,1.0,0.0378525777588409
database3/database3/m.016b90/79-FaceId-0_align.webp,0.0,1.0,0.0229280942812143
database3/database3/m.016b90/8-FaceId-0_align.webp,0.046454,1.0,0.0305770714836938
database3/database3/m.016b90/93-FaceId-0_align.webp,0.01334,1.0,0.0399093189272621
database3/database3/m.016cn6/6-FaceId-0_align.webp,0.062721,1.0,0.0771630769230768
database3/database3/m.016cn6/90-FaceId-0_align.webp,0.090699,1.0,0.0474797119670818
database3/database3/m.016cz6/23-FaceId-1_align.webp,0.213677,1.0,0.0602242451154528
database3/database3/m.016db7/11-FaceId-0_align.webp,0.00104,1.0,0.0506322288425763
database3/database3/m.016dbr/42-FaceId-0_align.webp,0.02227,1.0,0.04465286641878
database3/database3/m.016fjj/77-FaceId-0_align.webp,0.012807,1.0,0.040664877850925
database3/database3/m.016fnv/40-FaceId-0_align.webp,0.049743,1.0,0.0437781612501198
database3/database3/m.016g29/40-FaceId-0_align.webp,0.003894,1.0,0.0694433978420962
database3/database3/m.016g29/95-FaceId-0_align.webp,0.017798,1.0,0.0300142037047996
database3/database3/m.016ggh/74-FaceId-0_align.webp,0.004674,1.0,0.0374111875493402
database3/database3/m.016ghw/12-FaceId-0_align.webp,0.035794,1.0,0.076317470456723
database3/database3/m.016gkf/85-FaceId-0_align.webp,0.159983,1.0,0.044550785572029
database3/database3/m.016gnp/45-FaceId-0_align.webp,0.027576,1.0,0.0370568373663477
database3/database3/m.016gnp/48-FaceId-0_align.webp,0.0,1.0,0.0454419889502761
database3/database3/m.016gr2/107-FaceId-0_align.webp,0.0,1.0,0.0304945573522933
database3/database3/m.016gr2/38-FaceId-0_align.webp,0.0,1.0,0.034397113723742
database3/database3/m.016hgp/12-FaceId-0_align.webp,0.055372,0.0,0.0392340538214557
database3/database3/m.016hgp/32-FaceId-12_align.webp,0.159452,0.0,0.0735350540634809
database3/database3/m.016hgp/77-FaceId-4_align.webp,0.110387,0.0,0.0385891252298829
database3/database3/m.016hgp/77-FaceId-7_align.webp,0.08977,0.0,0.0395535128036769
database3/database3/m.016hgp/77-FaceId-9_align.webp,0.121788,0.0,0.0426374099171774
database3/database3/m.016hj7/88-FaceId-0_align.webp,0.028831,1.0,0.0332287812210915
database3/database3/m.016hk4/98-FaceId-0_align.webp,0.002253,1.0,0.045654187247418
database3/database3/m.016hmf/90-FaceId-0_align.webp,0.168251,1.0,0.0510576588421825
database3/database3/m.016hrc/46-FaceId-0_align.webp,0.064797,0.0,0.0476668144535579
database3/database3/m.016htr/23-FaceId-0_align.webp,0.041326,1.0,0.0451922487275402
database3/database3/m.016htr/80-FaceId-0_align.webp,0.0,1.0,0.1065172907714344
database3/database3/m.016hvl/14-FaceId-0_align.webp,0.018608,1.0,0.0536293873443199
database3/database3/m.016hvl/79-FaceId-0_align.webp,0.027134,1.0,0.0449176632032934
database3/database3/m.016hzm/79-FaceId-0_align.webp,0.040554,1.0,0.0848156561244101
database3/database3/m.016j4q/17-FaceId-0_align.webp,0.014713,1.0,0.1611328124999999
database3/database3/m.016j4q/73-FaceId-0_align.webp,0.027874,1.0,0.1097054211469533
database3/database3/m.016j55/23-FaceId-0_align.webp,0.003044,1.0,0.065122684026039
database3/database3/m.016j_c/80-FaceId-0_align.webp,0.167359,0.0,0.0501756668835392
database3/database3/m.016k0j/73-FaceId-0_align.webp,0.021214,0.0,0.046458895357092
database3/database3/m.016k38/76-FaceId-0_align.webp,0.03171,1.0,0.0782957132018208
database3/database3/m.016k38/86-FaceId-0_align.webp,0.0969,1.0,0.097261011474141
database3/database3/m.016k58/57-FaceId-0_align.webp,0.285077,0.0,0.0510589401586156
database3/database3/m.016k6x/11-FaceId-0_align.webp,0.0,1.0,0.0380809928151534
database3/database3/m.016k6x/19-FaceId-0_align.webp,0.0,1.0,0.033721795189685
database3/database3/m.016k92/3-FaceId-0_align.webp,0.164786,1.0,0.0550306464669826
database3/database3/m.016k92/39-FaceId-0_align.webp,0.115077,1.0,0.0516706614674631
database3/database3/m.016k92/53-FaceId-0_align.webp,0.124335,1.0,0.0470749769683225
database3/database3/m.016k_v/117-FaceId-0_align.webp,0.172292,0.0,0.0377394636015325
database3/database3/m.016k_v/31-FaceId-0_align.webp,0.103765,0.0,0.0400900734615526
database3/database3/m.016k_v/6-FaceId-0_align.webp,0.102662,0.0,0.041426842828177
database3/database3/m.016kdv/96-FaceId-0_align.webp,0.10171,1.0,0.0426001607932465
database3/database3/m.016kft/30-FaceId-0_align.webp,0.094506,1.0,0.0486814842719909
database3/database3/m.016khd/116-FaceId-0_align.webp,0.014365,1.0,0.1334677914110429
database3/database3/m.016khd/18-FaceId-0_align.webp,0.045446,1.0,0.0719577960140679
database3/database3/m.016khd/77-FaceId-0_align.webp,0.016363,1.0,0.039585815968308
database3/database3/m.016kjs/51-FaceId-0_align.webp,0.103247,1.0,0.0578289819519887
database3/database3/m.016kqk/22-FaceId-0_align.webp,0.109366,1.0,0.0475947629997774
database3/database3/m.016kqk/57-FaceId-0_align.webp,0.028005,1.0,0.0590227200759974
database3/database3/m.016ksk/77-FaceId-0_align.webp,0.033554,1.0,0.0417726172605005
database3/database3/m.016l53/34-FaceId-0_align.webp,0.004644,1.0,0.1176659384977314
database3/database3/m.016l_5/13-FaceId-1_align.webp,0.028409,0.0,0.1072218382861091
database3/database3/m.016l_5/23-FaceId-0_align.webp,0.13632,0.0,0.039476336219767
database3/database3/m.016l_5/69-FaceId-0_align.webp,0.067658,0.0,0.0391581163731157
database3/database3/m.016lb3/2-FaceId-0_align.webp,0.005513,1.0,0.0390083649738964
database3/database3/m.016lh0/74-FaceId-0_align.webp,0.000336,1.0,0.0436189761860116
database3/database3/m.016m0v/15-FaceId-0_align.webp,0.003574,1.0,0.077919029057406
database3/database3/m.016m0v/47-FaceId-0_align.webp,0.010823,1.0,0.1368463703830077
database3/database3/m.016m0v/48-FaceId-0_align.webp,0.006305,1.0,0.0584670874661856
database3/database3/m.016mgj/22-FaceId-0_align.webp,0.177659,0.0,0.0406553862644514
database3/database3/m.016mgj/72-FaceId-0_align.webp,0.141048,0.0,0.1102380308358127
database3/database3/m.016ntp/45-FaceId-0_align.webp,0.056576,0.0,0.1343846493162769
database3/database3/m.016ntp/58-FaceId-0_align.webp,0.194583,0.0,0.085817192252281
database3/database3/m.016ntp/78-FaceId-0_align.webp,0.262576,0.0,0.0493039049235992
database3/database3/m.016ntp/85-FaceId-0_align.webp,0.141759,0.0,0.0477366512442165
database3/database3/m.016nvh/2-FaceId-0_align.webp,0.143526,1.0,0.0462087047718929
database3/database3/m.016nvy/82-FaceId-0_align.webp,0.14288,0.0,0.0398979768286355
database3/database3/m.016nws/82-FaceId-0_align.webp,0.154826,1.0,0.0681122123442085
database3/database3/m.016pns/55-FaceId-0_align.webp,0.055966,1.0,0.0538199860608674
database3/database3/m.016q0w/27-FaceId-0_align.webp,0.009996,1.0,0.0435541982637339
database3/database3/m.016q2n/25-FaceId-0_align.webp,0.030179,0.0,0.0454876838121237
database3/database3/m.016q2n/89-FaceId-0_align.webp,0.007529,0.0,0.0469149760951027
database3/database3/m.016q4_/99-FaceId-1_align.webp,0.000294,0.0,0.0343905973273224
database3/database3/m.016qrb/16-FaceId-0_align.webp,0.039165,0.0,0.03996248623348
database3/database3/m.016qrb/78-FaceId-0_align.webp,0.145711,0.0,0.0394715624685053
database3/database3/m.016qtt/15-FaceId-0_align.webp,0.187503,1.0,0.0415362760438112
database3/database3/m.016qtt/25-FaceId-0_align.webp,0.283035,1.0,0.0552692683721687
database3/database3/m.016r3x/42-FaceId-0_align.webp,0.001242,1.0,0.0348322367225271
database3/database3/m.016r3x/44-FaceId-0_align.webp,0.007495,1.0,0.0507277581603651
database3/database3/m.016sff/35-FaceId-0_align.webp,0.025858,1.0,0.1402907376485609
database3/database3/m.016sp_/9-FaceId-0_align.webp,0.355835,1.0,0.0491763588891525
database3/database3/m.016swh/38-FaceId-0_align.webp,0.0,1.0,0.040509854327335
database3/database3/m.016sz1/68-FaceId-0_align.webp,0.00381,1.0,0.0522880159455194
database3/database3/m.016szr/0-FaceId-0_align.webp,0.081751,1.0,0.1051442862639476
database3/database3/m.016szr/31-FaceId-0_align.webp,0.150774,1.0,0.1102439753888223
database3/database3/m.016t00/27-FaceId-0_align.webp,0.010723,1.0,0.0501446245489431
database3/database3/m.016t00/29-FaceId-0_align.webp,0.026052,1.0,0.0462269424259361
database3/database3/m.016t00/49-FaceId-0_align.webp,0.061342,1.0,0.056730582994383
database3/database3/m.016tb7/64-FaceId-0_align.webp,0.020212,0.0,0.03738553041508
database3/database3/m.016tbr/53-FaceId-0_align.webp,0.052696,1.0,0.0468678712387297
database3/database3/m.016tbr/91-FaceId-0_align.webp,0.278026,1.0,0.058136804237034
database3/database3/m.016tbr/97-FaceId-0_align.webp,0.035531,1.0,0.0531936637710781
database3/database3/m.016tcm/7-FaceId-0_align.webp,0.0,1.0,0.0491175023870835
database3/database3/m.016tqw/18-FaceId-0_align.webp,0.009857,1.0,0.0628961564396492
database3/database3/m.016vqk/91-FaceId-0_align.webp,0.041054,1.0,0.0446803427515687
database3/database3/m.016vxj/34-FaceId-0_align.webp,0.081238,1.0,0.039113545816733
database3/database3/m.016vy9/16-FaceId-0_align.webp,0.135759,0.0,0.0413785327720986
database3/database3/m.016vy9/41-FaceId-0_align.webp,0.023537,0.0,0.0362892161346382
database3/database3/m.016vyp/28-FaceId-0_align.webp,0.086364,1.0,0.0429141185854825
database3/database3/m.016vyp/92-FaceId-0_align.webp,0.043472,1.0,0.0400362263224141
database3/database3/m.016wdq/47-FaceId-0_align.webp,0.021942,1.0,0.0986785574794947
database3/database3/m.016wvy/16-FaceId-0_align.webp,0.016451,1.0,0.0424408825566438
database3/database3/m.016wvy/70-FaceId-0_align.webp,0.279688,1.0,0.0509131209945549
database3/database3/m.016wvy/90-FaceId-0_align.webp,0.0652,1.0,0.1135917805787324
database3/database3/m.016xk5/94-FaceId-0_align.webp,0.039665,1.0,0.0424451504020648
database3/database3/m.016yr0/49-FaceId-0_align.webp,0.028821,1.0,0.0403286176489246
database3/database3/m.016yr0/53-FaceId-0_align.webp,0.03224,1.0,0.0372262069409153
database3/database3/m.016yr0/98-FaceId-0_align.webp,0.103354,1.0,0.0465610212391327
database3/database3/m.016ywr/2-FaceId-0_align.webp,0.022088,1.0,0.0574009806418746
database3/database3/m.016ywr/21-FaceId-0_align.webp,0.053813,1.0,0.0458159633960345
database3/database3/m.016ywr/76-FaceId-0_align.webp,0.0,1.0,0.0377259684361549
database3/database3/m.016z3d/40-FaceId-0_align.webp,0.041987,1.0,0.0376267718403415
database3/database3/m.016z3d/43-FaceId-0_align.webp,0.184794,1.0,0.0416694546671126
database3/database3/m.016z3d/48-FaceId-0_align.webp,0.181018,1.0,0.0396403737505431
database3/database3/m.016z68/21-FaceId-0_align.webp,0.185954,1.0,0.0531113118085346
database3/database3/m.016z68/89-FaceId-0_align.webp,0.268667,1.0,0.0512196762477018
database3/database3/m.016zp5/13-FaceId-0_align.webp,0.016071,1.0,0.0349413059427732
database3/database3/m.016zp5/31-FaceId-0_align.webp,0.101464,1.0,0.0933109140935493
database3/database3/m.016zp5/64-FaceId-0_align.webp,0.006697,1.0,0.0451831009575003
database3/database3/m.016zp5/68-FaceId-0_align.webp,0.014376,1.0,0.0464061623901955
database3/database3/m.016zvk/22-FaceId-0_align.webp,0.104809,0.0,0.0450080269092576
database3/database3/m.016zvk/81-FaceId-0_align.webp,0.147393,0.0,0.0441960663085899
database3/database3/m.016zvk/88-FaceId-0_align.webp,0.080384,0.0,0.0325173412350999
database3/database3/m.016zvk/91-FaceId-0_align.webp,0.084334,0.0,0.0384636965548198
database3/database3/m.0170pk/112-FaceId-0_align.webp,0.029113,1.0,0.1108086183399312
database3/database3/m.0170pk/32-FaceId-0_align.webp,0.0,1.0,0.0880166422823701
database3/database3/m.0170pk/71-FaceId-0_align.webp,0.003334,1.0,0.0508159022177418
database3/database3/m.0170pk/93-FaceId-0_align.webp,0.020024,1.0,0.0954307334109428
database3/database3/m.0170q1/39-FaceId-0_align.webp,0.098023,0.0,0.0798667330925394
database3/database3/m.0170qf/10-FaceId-0_align.webp,0.012168,1.0,0.0399547669862707
database3/database3/m.0170qf/66-FaceId-0_align.webp,0.173717,1.0,0.0516516819880794
database3/database3/m.0170s4/35-FaceId-0_align.webp,0.00841,1.0,0.0491790506420429
database3/database3/m.0170s4/44-FaceId-0_align.webp,0.007374,1.0,0.0282692803714211
database3/database3/m.0170s4/48-FaceId-0_align.webp,0.0,1.0,0.0338441715100339
database3/database3/m.0170s4/85-FaceId-0_align.webp,0.00918,1.0,0.034733659660236
database3/database3/m.0170s4/86-FaceId-0_align.webp,0.00659,1.0,0.0365848337647982
database3/database3/m.0170zz/7-FaceId-0_align.webp,0.0033,1.0,0.0854050545926547
database3/database3/m.017115/2-FaceId-0_align.webp,0.178391,1.0,0.0773985354350253
database3/database3/m.0171cm/52-FaceId-0_align.webp,0.078391,1.0,0.1126553887093707
database3/database3/m.0171cm/9-FaceId-0_align.webp,0.020679,1.0,0.100693474186403
database3/database3/m.0171dv/105-FaceId-0_align.webp,0.019879,1.0,0.0426354810238304
database3/database3/m.0171dv/106-FaceId-0_align.webp,0.079343,1.0,0.0519652813476213
database3/database3/m.0171z8/39-FaceId-0_align.webp,0.1172,0.0,0.1524010290124338
database3/database3/m.01721f/98-FaceId-0_align.webp,0.00066,1.0,0.0358221559860903
database3/database3/m.01728m/45-FaceId-0_align.webp,0.026608,1.0,0.0848551050568656
database3/database3/m.01734j/10-FaceId-0_align.webp,0.107434,1.0,0.0775701293219232
database3/database3/m.01737y/7-FaceId-0_align.webp,0.023524,1.0,0.0366791100492757
database3/database3/m.0173cq/55-FaceId-0_align.webp,0.0687,0.0,0.0451856398686087
database3/database3/m.0173cq/82-FaceId-0_align.webp,0.052898,0.0,0.0400528911674994
database3/database3/m.0173p_/66-FaceId-0_align.webp,0.12779,0.0,0.0604582409460457
database3/database3/m.0173p_/82-FaceId-0_align.webp,0.039784,0.0,0.0370796946984803
database3/database3/m.0173p_/97-FaceId-0_align.webp,0.06989,0.0,0.0446294307196562
database3/database3/m.0173s_/56-FaceId-0_align.webp,0.320216,0.0,0.057028008298755
database3/database3/m.01741h/75-FaceId-0_align.webp,0.057681,1.0,0.1105649388468257
database3/database3/m.01742l/53-FaceId-0_align.webp,0.210558,0.0,0.0484435797665369
database3/database3/m.01744d/24-FaceId-0_align.webp,0.021138,1.0,0.0454662740574342
database3/database3/m.01744d/66-FaceId-0_align.webp,0.069833,1.0,0.0477322824126643
database3/database3/m.017458/60-FaceId-0_align.webp,0.031087,1.0,0.1476837289104946
database3/database3/m.0174z2/31-FaceId-0_align.webp,0.019356,1.0,0.0431398189395027
database3/database3/m.0175m_/104-FaceId-0_align.webp,0.011519,1.0,0.0570082123427699
database3/database3/m.0175m_/106-FaceId-0_align.webp,0.008092,1.0,0.039378454629203
database3/database3/m.0175s7/91-FaceId-0_align.webp,0.271553,1.0,0.0614059224318657
database3/database3/m.0175w3/23-FaceId-0_align.webp,0.084707,1.0,0.1171259170789967
database3/database3/m.0175w3/40-FaceId-0_align.webp,0.14122,1.0,0.154993904154553
database3/database3/m.0175w3/8-FaceId-0_align.webp,0.022898,1.0,0.1437121614445033
database3/database3/m.01762z/69-FaceId-0_align.webp,0.001793,1.0,0.0380594588736769
database3/database3/m.017729/106-FaceId-0_align.webp,0.004005,1.0,0.0562746425584451
database3/database3/m.01772q/118-FaceId-0_align.webp,0.005376,1.0,0.0289042401143401
database3/database3/m.01778_/1-FaceId-0_align.webp,0.151831,0.0,0.1070043497703158
database3/database3/m.01778_/5-FaceId-0_align.webp,0.080886,0.0,0.0901752051452649
database3/database3/m.0177s6/54-FaceId-0_align.webp,0.003871,1.0,0.1215284655916959
database3/database3/m.0177s6/83-FaceId-0_align.webp,0.194958,1.0,0.1099293520256098
database3/database3/m.0178_j/46-FaceId-0_align.webp,0.038586,1.0,0.0863215877554451
database3/database3/m.0178d6/53-FaceId-0_align.webp,0.019408,1.0,0.0387492398135008
database3/database3/m.0178d6/9-FaceId-0_align.webp,0.038126,1.0,0.0474575657775685
database3/database3/m.0178sb/20-FaceId-0_align.webp,0.025953,1.0,0.0414463978362428
database3/database3/m.01791s/104-FaceId-0_align.webp,0.057011,1.0,0.3498619944797791
database3/database3/m.01793l/15-FaceId-0_align.webp,0.11519,1.0,0.120834997204696
database3/database3/m.01793l/3-FaceId-0_align.webp,0.021997,1.0,0.0962132921174651
database3/database3/m.01793l/48-FaceId-0_align.webp,0.070141,1.0,0.1365561944945387
database3/database3/m.01793l/77-FaceId-0_align.webp,0.068916,1.0,0.1464569049072046
database3/database3/m.01794d/22-FaceId-0_align.webp,0.132698,1.0,0.0389363009489997
database3/database3/m.0179n7/47-FaceId-0_align.webp,0.025063,1.0,0.0425793091029142
database3/database3/m.0179ys/22-FaceId-0_align.webp,0.03888,1.0,0.0504142833109017
database3/database3/m.017_65/24-FaceId-0_align.webp,0.104039,1.0,0.0797240802675584
database3/database3/m.017__g/2-FaceId-0_align.webp,0.026314,1.0,0.0393854748603351
database3/database3/m.017__g/30-FaceId-0_align.webp,0.064708,1.0,0.0492121124101371
database3/database3/m.017_dr/0-FaceId-1_align.webp,0.037641,1.0,0.1334499174196055
database3/database3/m.017_dr/14-FaceId-0_align.webp,0.005491,1.0,0.0532597618146346
database3/database3/m.017_dr/47-FaceId-0_align.webp,0.191478,1.0,0.0513871349644829
database3/database3/m.017_dr/57-FaceId-0_align.webp,0.038308,1.0,0.1266146656356117
database3/database3/m.017_j4/45-FaceId-0_align.webp,0.032452,1.0,0.0912913766159965
database3/database3/m.017_j4/54-FaceId-0_align.webp,0.009302,1.0,0.0980418403640952
database3/database3/m.017_j4/93-FaceId-0_align.webp,0.05205,1.0,0.1689071074162914
database3/database3/m.017_l1/23-FaceId-0_align.webp,0.033635,1.0,0.0386265104695138
database3/database3/m.017_l1/5-FaceId-0_align.webp,0.0,1.0,0.042392036839445
database3/database3/m.017_xx/84-FaceId-0_align.webp,0.180042,0.0,0.0415888521764114
database3/database3/m.017bd/83-FaceId-0_align.webp,0.002036,1.0,0.0814932442355704
database3/database3/m.017bd/85-FaceId-0_align.webp,0.002715,1.0,0.1060813403248496
database3/database3/m.017bk6/90-FaceId-2_align.webp,0.056904,0.0,0.0345847642834842
database3/database3/m.017bxq/72-FaceId-0_align.webp,0.032315,1.0,0.0457088917087059
database3/database3/m.017c87/108-FaceId-0_align.webp,0.012746,1.0,0.0882114654907187
database3/database3/m.017c87/7-FaceId-0_align.webp,0.008884,1.0,0.0361741846997865
database3/database3/m.017cgg/62-FaceId-0_align.webp,0.009893,1.0,0.1154773666247529
database3/database3/m.017d3v/21-FaceId-0_align.webp,0.000486,1.0,0.0252461698178499
database3/database3/m.017dpj/104-FaceId-0_align.webp,0.159674,1.0,0.1147131654973173
database3/database3/m.017dpj/116-FaceId-0_align.webp,0.004563,1.0,0.0939655172413792
database3/database3/m.017dpj/14-FaceId-0_align.webp,0.012759,1.0,0.0832243250765376
database3/database3/m.017dpj/6-FaceId-0_align.webp,0.157516,1.0,0.1225658151537493
database3/database3/m.017dpj/81-FaceId-0_align.webp,0.117413,1.0,0.1267470948999354
database3/database3/m.017dpj/98-FaceId-0_align.webp,0.093515,1.0,0.1080077703431901
database3/database3/m.017f4y/21-FaceId-0_align.webp,0.009046,1.0,0.0399195682082759
database3/database3/m.017fgp/17-FaceId-0_align.webp,0.004873,1.0,0.0235208098987626
database3/database3/m.017fhk/5-FaceId-0_align.webp,0.05945,1.0,0.069618613138686
database3/database3/m.017fhk/70-FaceId-0_align.webp,0.025921,1.0,0.0375817950971774
database3/database3/m.017fhk/87-FaceId-0_align.webp,0.146412,1.0,0.0703492602473926
database3/database3/m.017fj_/2-FaceId-0_align.webp,0.022486,1.0,0.0399035048086232
database3/database3/m.017fj_/97-FaceId-0_align.webp,0.013264,1.0,0.0875796022337611
database3/database3/m.017fks/21-FaceId-0_align.webp,0.013755,1.0,0.0402807775377969
database3/database3/m.017fks/34-FaceId-0_align.webp,0.010024,1.0,0.1566725016732738
database3/database3/m.017fl5/7-FaceId-0_align.webp,0.088967,1.0,0.0446768422655298
database3/database3/m.017fl5/89-FaceId-0_align.webp,0.156395,1.0,0.0679022629459947
database3/database3/m.017fl_/0-FaceId-0_align.webp,0.016489,1.0,0.1296607780492387
database3/database3/m.017fp0/26-FaceId-0_align.webp,0.014762,1.0,0.041792484203525
database3/database3/m.017fp0/70-FaceId-0_align.webp,0.102621,1.0,0.0496246366162986
database3/database3/m.017fp0/85-FaceId-0_align.webp,0.016216,1.0,0.0482240010005627
database3/database3/m.017fp0/92-FaceId-0_align.webp,0.03683,1.0,0.0771034678794769
database3/database3/m.017frf/2-FaceId-0_align.webp,0.239226,1.0,0.0506916159212807
database3/database3/m.017frf/48-FaceId-0_align.webp,0.242631,1.0,0.0538679282631932
database3/database3/m.017ft0/4-FaceId-0_align.webp,0.025186,0.0,0.0372169902599496
database3/database3/m.017fxp/62-FaceId-0_align.webp,0.006207,1.0,0.0860473555293476
database3/database3/m.017fzy/33-FaceId-0_align.webp,0.135665,1.0,0.038291634089132
database3/database3/m.017fzy/38-FaceId-0_align.webp,0.020138,1.0,0.0484947035866938
database3/database3/m.017fzy/44-FaceId-0_align.webp,0.119262,1.0,0.0491723835354179
database3/database3/m.017fzy/7-FaceId-0_align.webp,0.042513,1.0,0.0422054495395423
database3/database3/m.017fzy/84-FaceId-0_align.webp,0.1089,1.0,0.0502512849800113
database3/database3/m.017fzy/88-FaceId-0_align.webp,0.093437,1.0,0.0399497254950341
database3/database3/m.017g21/51-FaceId-0_align.webp,0.121234,1.0,0.051218681401862
database3/database3/m.017g2y/13-FaceId-0_align.webp,0.026164,1.0,0.0416250901659052
database3/database3/m.017gd_/53-FaceId-0_align.webp,0.006889,1.0,0.1123208006491749
database3/database3/m.017gd_/59-FaceId-0_align.webp,0.012556,1.0,0.082141458726373
database3/database3/m.017gxw/53-FaceId-0_align.webp,0.064935,0.0,0.0414946070878274
database3/database3/m.017h4c/0-FaceId-0_align.webp,0.049628,1.0,0.093168975069252
database3/database3/m.017h_2/23-FaceId-0_align.webp,0.06887,1.0,0.1124205199186815
database3/database3/m.017hgl/21-FaceId-0_align.webp,0.089799,1.0,0.0469458438287152
database3/database3/m.017hgl/42-FaceId-0_align.webp,0.004642,1.0,0.0506525866160416
database3/database3/m.017hjk/57-FaceId-0_align.webp,0.009431,1.0,0.0581013703658386
database3/database3/m.017hm9/3-FaceId-0_align.webp,0.001744,1.0,0.1626422085377308
database3/database3/m.017hm9/36-FaceId-0_align.webp,0.002432,1.0,0.0428127939793037
database3/database3/m.017hw4/23-FaceId-0_align.webp,0.000412,1.0,0.0461357726888255
database3/database3/m.017hwl/3-FaceId-0_align.webp,0.014017,1.0,0.1110110868947218
database3/database3/m.017j1w/26-FaceId-0_align.webp,0.021211,1.0,0.035433659996479
database3/database3/m.017j1w/35-FaceId-0_align.webp,0.039099,1.0,0.0400358481342675
database3/database3/m.017j1w/8-FaceId-0_align.webp,0.052854,1.0,0.035032123632575
database3/database3/m.017j2b/85-FaceId-0_align.webp,0.008707,1.0,0.0762647648763092
database3/database3/m.017jwg/17-FaceId-0_align.webp,0.002376,1.0,0.0572254645708761
database3/database3/m.017jwg/53-FaceId-0_align.webp,0.066995,0.0,0.0451869189688138
database3/database3/m.017jwg/82-FaceId-0_align.webp,0.035246,1.0,0.0485792028694226
database3/database3/m.017kb5/32-FaceId-0_align.webp,0.006182,1.0,0.0447708032211438
database3/database3/m.017kgm/108-FaceId-1_align.webp,0.015319,1.0,0.0294594863627314
database3/database3/m.017kgm/94-FaceId-0_align.webp,0.003416,1.0,0.0356967245618208
database3/database3/m.017kq/37-FaceId-0_align.webp,0.040762,1.0,0.0947109784507861
database3/database3/m.017kq/48-FaceId-0_align.webp,0.009092,1.0,0.0915933528836754
database3/database3/m.017l4/11-FaceId-0_align.webp,0.001488,1.0,0.0352145454545453
database3/database3/m.017l4/73-FaceId-0_align.webp,0.09873,1.0,0.0438343442001515
database3/database3/m.017l4/80-FaceId-0_align.webp,0.025497,1.0,0.0702097235462344
database3/database3/m.017l7y/97-FaceId-0_align.webp,0.002424,1.0,0.0345990156340474
database3/database3/m.017lcg/63-FaceId-0_align.webp,0.136168,1.0,0.0455026350979311
database3/database3/m.017m2y/105-FaceId-0_align.webp,0.084072,0.0,0.0395267046057049
database3/database3/m.017m2y/30-FaceId-0_align.webp,0.20052,0.0,0.0520552799433026
database3/database3/m.017mrb/26-FaceId-0_align.webp,0.125876,1.0,0.0398684210526315
database3/database3/m.017q3j/27-FaceId-0_align.webp,0.040475,1.0,0.0494596841230257
database3/database3/m.017q3j/87-FaceId-1_align.webp,0.137407,1.0,0.0805944600062246
database3/database3/m.017qkp/105-FaceId-0_align.webp,0.016276,1.0,0.0407292379258448
database3/database3/m.017qkp/8-FaceId-0_align.webp,0.006413,1.0,0.0407590388502132
database3/database3/m.017r13/15-FaceId-0_align.webp,0.004576,1.0,0.0422657476880124
database3/database3/m.017r13/32-FaceId-0_align.webp,0.001926,1.0,0.0403508294064771
database3/database3/m.017r13/71-FaceId-0_align.webp,0.149849,1.0,0.0601546391752576
database3/database3/m.017r5g/69-FaceId-0_align.webp,0.246362,0.0,0.0502252962645878
database3/database3/m.017rh4/92-FaceId-0_align.webp,0.059749,1.0,0.0482846602075647
database3/database3/m.017rjs/94-FaceId-0_align.webp,0.227853,1.0,0.0463558631921823
database3/database3/m.017tk3/113-FaceId-0_align.webp,0.041074,1.0,0.0527522451135762
database3/database3/m.017tk3/5-FaceId-0_align.webp,0.023981,1.0,0.0507335526315788
database3/database3/m.017tk3/61-FaceId-0_align.webp,0.058875,1.0,0.0577636478606055
database3/database3/m.017tk3/83-FaceId-0_align.webp,0.016266,1.0,0.0456937487803291
database3/database3/m.017tkv/15-FaceId-0_align.webp,0.09519,0.0,0.0352568117757594
database3/database3/m.017tkv/5-FaceId-0_align.webp,0.108291,0.0,0.0401141078838173
database3/database3/m.017tlt/70-FaceId-0_align.webp,0.079127,1.0,0.0277413854989231
database3/database3/m.017tn4/17-FaceId-0_align.webp,0.026983,1.0,0.0944310078812392
database3/database3/m.017tn4/54-FaceId-2_align.webp,0.042656,1.0,0.0796475115257559
database3/database3/m.017tnz/116-FaceId-0_align.webp,0.135035,1.0,0.0611164008569388
database3/database3/m.017vfn/43-FaceId-0_align.webp,0.036126,1.0,0.0436510874595094
database3/database3/m.017vkk/88-FaceId-0_align.webp,0.022172,0.0,0.0388722458446076
database3/database3/m.017vkx/34-FaceId-1_align.webp,0.050784,1.0,0.1097785170270506
database3/database3/m.017wbg/77-FaceId-0_align.webp,0.079706,1.0,0.0401720694423105
database3/database3/m.017x_s/36-FaceId-0_align.webp,0.021378,1.0,0.1440678745516416
database3/database3/m.017xm3/52-FaceId-0_align.webp,0.225925,0.0,0.0441840277777777
database3/database3/m.017yfz/93-FaceId-0_align.webp,0.237267,1.0,0.0
database3/database3/m.017yvm/5-FaceId-0_align.webp,0.011632,1.0,0.0478638397613466
database3/database3/m.017yvm/93-FaceId-0_align.webp,0.007487,1.0,0.0822583356682543
database3/database3/m.017yzt/119-FaceId-0_align.webp,0.299381,0.0,0.0590959678109749
database3/database3/m.017yzt/55-FaceId-0_align.webp,0.055778,0.0,0.0362039552663169
database3/database3/m.017yzt/61-FaceId-0_align.webp,0.0,0.0,0.0365864616613418
database3/database3/m.017z_/91-FaceId-0_align.webp,0.06531,1.0,0.1007040253205648
database3/database3/m.017zng/39-FaceId-0_align.webp,0.114304,1.0,0.0507241166803614
database3/database3/m.017zng/73-FaceId-0_align.webp,0.087005,1.0,0.062839353643073
database3/database3/m.017zng/97-FaceId-0_align.webp,0.096418,1.0,0.0457909386114116
database3/database3/m.01804k/55-FaceId-0_align.webp,0.104401,0.0,0.0394170089151557
database3/database3/m.01807/65-FaceId-0_align.webp,0.087681,1.0,0.1107087494141821
database3/database3/m.01807/73-FaceId-0_align.webp,0.147607,1.0,0.1236995486217625
database3/database3/m.018144/31-FaceId-0_align.webp,0.317719,1.0,0.0444688900769008
database3/database3/m.018144/55-FaceId-0_align.webp,0.076827,1.0,0.0457114456120419
database3/database3/m.01815s/106-FaceId-0_align.webp,0.234236,0.0,0.0429930686830496
database3/database3/m.01815s/50-FaceId-0_align.webp,0.243106,0.0,0.0429796987557301
database3/database3/m.01815s/64-FaceId-0_align.webp,0.173641,0.0,0.038896819600292
database3/database3/m.0181gp/6-FaceId-0_align.webp,0.043543,1.0,0.0441030158565654
database3/database3/m.0181j_/107-FaceId-0_align.webp,0.027129,0.0,0.0421746914161876
database3/database3/m.0181kg/14-FaceId-0_align.webp,0.119867,1.0,0.106250927107129
database3/database3/m.0181lj/18-FaceId-0_align.webp,0.190172,1.0,0.0280124793540098
database3/database3/m.0181p_/19-FaceId-0_align.webp,0.041166,1.0,0.0911501922641935
database3/database3/m.0181p_/99-FaceId-0_align.webp,0.035046,1.0,0.0412924118884796
database3/database3/m.0181ph/4-FaceId-0_align.webp,0.019163,1.0,0.069324842015651
database3/database3/m.0181ph/8-FaceId-0_align.webp,0.037384,1.0,0.0
database3/database3/m.0181x9/43-FaceId-0_align.webp,0.029481,1.0,0.043815336562978
database3/database3/m.0181xq/13-FaceId-0_align.webp,0.002527,0.0,0.0660868387446305
database3/database3/m.0182hg/59-FaceId-0_align.webp,0.003662,1.0,0.0386843932929853
database3/database3/m.0182q2/111-FaceId-0_align.webp,0.014398,1.0,0.0449999999999999
database3/database3/m.0182q2/47-FaceId-0_align.webp,0.020684,1.0,0.0430207197382769
database3/database3/m.0182q2/58-FaceId-0_align.webp,0.034155,1.0,0.0364188873305282
database3/database3/m.0182vk/101-FaceId-0_align.webp,0.185784,1.0,0.1118859096634874
database3/database3/m.0182vk/97-FaceId-0_align.webp,0.113244,1.0,0.0449012958701707
database3/database3/m.01830j/15-FaceId-0_align.webp,0.208446,0.0,0.0580315934719511
database3/database3/m.01833g/76-FaceId-0_align.webp,0.008544,1.0,0.0481787611175712
database3/database3/m.018348/1-FaceId-0_align.webp,0.029671,1.0,0.094718883683031
database3/database3/m.0183f9/72-FaceId-0_align.webp,0.028848,1.0,0.0862888546625594
database3/database3/m.018417/7-FaceId-0_align.webp,0.270045,0.0,0.0475294436171652
database3/database3/m.018493/45-FaceId-0_align.webp,0.059135,0.0,0.0474801482265748
database3/database3/m.0184cd/37-FaceId-0_align.webp,0.012663,0.0,0.0454193246718546
database3/database3/m.0184cd/69-FaceId-0_align.webp,0.041234,0.0,0.042302323958406
database3/database3/m.0184jc/9-FaceId-0_align.webp,0.061679,1.0,0.0611477776631947
database3/database3/m.0184xq/86-FaceId-0_align.webp,0.010468,1.0,0.0614369933677228
database3/database3/m.0185gs/107-FaceId-0_align.webp,0.133885,1.0,0.0487874553002589
database3/database3/m.0187y5/50-FaceId-0_align.webp,0.011259,1.0,0.2001361849639419
database3/database3/m.0187y5/55-FaceId-0_align.webp,0.018906,1.0,0.0478772289818213
database3/database3/m.0188n0/16-FaceId-0_align.webp,0.119925,1.0,0.0486717267552181
database3/database3/m.0188n0/81-FaceId-0_align.webp,0.437819,1.0,0.0530832803560076
database3/database3/m.0188n0/93-FaceId-0_align.webp,0.241643,1.0,0.0559847036328871
database3/database3/m.0188nj/68-FaceId-0_align.webp,0.036499,1.0,0.0352350213655786
database3/database3/m.018_3q/101-FaceId-0_align.webp,0.001235,1.0,0.067364496702036
database3/database3/m.018_3q/89-FaceId-0_align.webp,0.024563,1.0,0.0350898203592814
database3/database3/m.018_lb/81-FaceId-0_align.webp,0.104704,0.0,0.0314043901190323
database3/database3/m.018c42/45-FaceId-1_align.webp,0.268912,1.0,0.0589865847745271
database3/database3/m.018c42/5-FaceId-0_align.webp,0.033426,1.0,0.0431627596721935
database3/database3/m.018cx_/16-FaceId-0_align.webp,0.128439,0.0,0.0454459958040945
database3/database3/m.018dnt/83-FaceId-0_align.webp,0.012334,1.0,0.0424552705324422
database3/database3/m.018dpq/74-FaceId-0_align.webp,0.08469,1.0,0.0562138780851295
database3/database3/m.018dpq/9-FaceId-0_align.webp,0.06436,1.0,0.0543515295163321
database3/database3/m.018dq3/21-FaceId-0_align.webp,0.264271,0.0,0.0460042178946423
database3/database3/m.018dq3/43-FaceId-0_align.webp,0.005771,0.0,0.0395376081039175
database3/database3/m.018dqg/14-FaceId-0_align.webp,0.002005,1.0,0.0351644539749613
database3/database3/m.018dyl/57-FaceId-0_align.webp,0.066796,1.0,0.0303256130368904
database3/database3/m.018f07/77-FaceId-0_align.webp,0.067893,1.0,0.0602026273391993
database3/database3/m.018f07/88-FaceId-0_align.webp,0.019681,1.0,0.0410610534336602
database3/database3/m.018f_y/78-FaceId-0_align.webp,0.005574,1.0,0.1739327923796083
database3/database3/m.018fkc/18-FaceId-0_align.webp,0.048624,0.0,0.0540641484051403
database3/database3/m.018fkc/51-FaceId-0_align.webp,0.004824,1.0,0.0483748397729352
database3/database3/m.018fmr/107-FaceId-0_align.webp,0.087037,0.0,0.0448051252766078
database3/database3/m.018fmr/38-FaceId-0_align.webp,0.082888,0.0,0.0822530112093573
database3/database3/m.018fmr/39-FaceId-0_align.webp,0.154489,0.0,0.0423615857826383
database3/database3/m.018fmr/77-FaceId-0_align.webp,0.094029,0.0,0.0423829428501175
database3/database3/m.018fmr/96-FaceId-0_align.webp,0.118151,0.0,0.0523378363695627
database3/database3/m.018fvy/74-FaceId-0_align.webp,0.006913,1.0,0.0414997991852658
database3/database3/m.018fwb/106-FaceId-0_align.webp,0.105164,0.0,0.0509043364567443
database3/database3/m.018fyy/5-FaceId-0_align.webp,0.161114,0.0,0.0389438758294905
database3/database3/m.018fzs/56-FaceId-0_align.webp,0.057952,1.0,0.095660201546107
database3/database3/m.018fzs/60-FaceId-0_align.webp,0.058021,1.0,0.0379976465973719
database3/database3/m.018fzs/89-FaceId-0_align.webp,0.00707,1.0,0.0368248532289628
database3/database3/m.018g4z/59-FaceId-0_align.webp,0.266921,0.0,0.1074804284136207
database3/database3/m.018gcf/20-FaceId-0_align.webp,0.017916,1.0,0.0389308322202217
database3/database3/m.018gcf/28-FaceId-0_align.webp,0.0,1.0,0.0498175647008908
database3/database3/m.018gjx/0-FaceId-0_align.webp,0.03658,1.0,0.043101471727343
database3/database3/m.018gjx/88-FaceId-1_align.webp,0.040357,1.0,0.0448730394684949
database3/database3/m.018gkb/31-FaceId-0_align.webp,0.133832,1.0,0.1203939647946353
database3/database3/m.018gkb/69-FaceId-0_align.webp,0.119964,1.0,0.0545758157389634
database3/database3/m.018gl5/55-FaceId-0_align.webp,0.0,1.0,0.0419037583421144
database3/database3/m.018gn4/7-FaceId-0_align.webp,0.045659,1.0,0.0477549660468362
database3/database3/m.018gn4/95-FaceId-0_align.webp,0.084694,1.0,0.0645149008341697
database3/database3/m.018gqj/17-FaceId-0_align.webp,0.18042,1.0,0.047318417372707
database3/database3/m.018gqj/45-FaceId-0_align.webp,0.048033,1.0,0.0452410580957121
database3/database3/m.018gqj/51-FaceId-0_align.webp,0.113401,1.0,0.0479334362097009
database3/database3/m.018gqj/9-FaceId-0_align.webp,0.182644,1.0,0.0555673599476974
database3/database3/m.018gsl/54-FaceId-0_align.webp,0.015144,1.0,0.1379775118927489
database3/database3/m.018gw3/19-FaceId-0_align.webp,0.042889,1.0,0.1038513819664702
database3/database3/m.018h84/20-FaceId-0_align.webp,0.006714,1.0,0.0476312776557229
database3/database3/m.018h84/4-FaceId-0_align.webp,0.077047,1.0,0.0363069776767811
database3/database3/m.018hhw/26-FaceId-0_align.webp,0.058762,0.0,0.0431640764878607
database3/database3/m.018hwl/22-FaceId-0_align.webp,0.105538,1.0,0.0545505257108082
database3/database3/m.018j3w/52-FaceId-0_align.webp,0.03127,1.0,0.0314346943379201
database3/database3/m.018j4c/21-FaceId-0_align.webp,0.159984,1.0,0.0547645066112991
database3/database3/m.018j4c/60-FaceId-0_align.webp,0.116911,1.0,0.0618450634454901
database3/database3/m.018j4c/72-FaceId-0_align.webp,0.050298,1.0,0.0437799288548364
database3/database3/m.018j5m/87-FaceId-0_align.webp,0.119486,0.0,0.0517815103223469
database3/database3/m.018jnn/6-FaceId-0_align.webp,0.046059,1.0,0.0365800929466438
database3/database3/m.018jnn/60-FaceId-0_align.webp,0.021036,1.0,0.040041422160856
database3/database3/m.018jz8/4-FaceId-0_align.webp,0.129694,1.0,0.0438873699534849
database3/database3/m.018kd0/56-FaceId-0_align.webp,0.078738,1.0,0.063944130619825
database3/database3/m.018kjc/45-FaceId-0_align.webp,0.336481,1.0,0.065058412987407
database3/database3/m.018kjc/74-FaceId-0_align.webp,0.359873,1.0,0.0608993015133875
database3/database3/m.018lb1/1-FaceId-0_align.webp,0.066363,0.0,0.0386957711783221
database3/database3/m.018lb1/113-FaceId-0_align.webp,0.174767,0.0,0.045086175284195
database3/database3/m.018lb1/45-FaceId-0_align.webp,0.011283,0.0,0.0393533792063341
database3/database3/m.018lb1/60-FaceId-0_align.webp,0.101898,0.0,0.0378356596591103
database3/database3/m.018lb1/67-FaceId-0_align.webp,0.058712,0.0,0.0328507540641117
database3/database3/m.018lp7/31-FaceId-0_align.webp,0.068826,0.0,0.0450784234868287
database3/database3/m.018lp7/5-FaceId-0_align.webp,0.037973,0.0,0.0395137807272973
database3/database3/m.018lpm/41-FaceId-0_align.webp,0.03151,1.0,0.0885071914630374
database3/database3/m.018lx_/11-FaceId-0_align.webp,0.157239,1.0,0.0591771151617321
database3/database3/m.018lxn/67-FaceId-0_align.webp,0.041223,0.0,0.0360987654320987
database3/database3/m.018m5c/31-FaceId-0_align.webp,0.012538,1.0,0.0303376989847559
database3/database3/m.018m5c/6-FaceId-0_align.webp,0.013236,1.0,0.0356358885017421
database3/database3/m.018m5c/74-FaceId-0_align.webp,0.007729,1.0,0.0500428626326523
database3/database3/m.018mfl/68-FaceId-0_align.webp,0.01486,1.0,0.07530300115429
database3/database3/m.018n52/37-FaceId-0_align.webp,0.024108,1.0,0.0362944489139179
database3/database3/m.018n7d/44-FaceId-0_align.webp,0.002157,1.0,0.0460966178160113
database3/database3/m.018n9d/58-FaceId-0_align.webp,0.182622,1.0,0.0533494906653537
database3/database3/m.018nqq/25-FaceId-0_align.webp,0.02666,1.0,0.0328130516652936
database3/database3/m.018nqq/56-FaceId-0_align.webp,0.002557,1.0,0.0421205686853765
database3/database3/m.018nwp/42-FaceId-0_align.webp,0.023176,1.0,0.1316651583710407
database3/database3/m.018p19/2-FaceId-0_align.webp,0.029409,1.0,0.0724230654317298
database3/database3/m.018pj3/21-FaceId-0_align.webp,0.206243,0.0,0.0302635941644561
database3/database3/m.018pkl/117-FaceId-0_align.webp,0.00271,1.0,0.0491369309193178
database3/database3/m.018ptf/125-FaceId-1_align.webp,0.193842,0.0,0.0700940898078764
database3/database3/m.018ptf/6-FaceId-0_align.webp,0.184452,1.0,0.0379470698075265
database3/database3/m.018ptf/69-FaceId-0_align.webp,0.264398,1.0,0.0940789024639955
database3/database3/m.018ptf/87-FaceId-0_align.webp,0.284614,1.0,0.050233923712226
database3/database3/m.018pyg/114-FaceId-0_align.webp,0.004286,0.0,0.0362971111536253
database3/database3/m.018pyg/50-FaceId-0_align.webp,0.094308,0.0,0.0319430766200511
database3/database3/m.018q7p/61-FaceId-0_align.webp,0.113962,1.0,0.0647934782608694
database3/database3/m.018qkz/35-FaceId-0_align.webp,0.11651,0.0,0.0443752991862134
database3/database3/m.018qkz/48-FaceId-0_align.webp,0.078768,0.0,0.0431402439024389
database3/database3/m.018qlp/1-FaceId-0_align.webp,0.057596,0.0,0.0506644283442303
database3/database3/m.018qlp/2-FaceId-0_align.webp,0.201501,0.0,0.0609550561797752
database3/database3/m.018qlp/67-FaceId-0_align.webp,0.023725,0.0,0.0356914942109581
database3/database3/m.018qlp/73-FaceId-0_align.webp,0.048836,0.0,0.0417070176635067
database3/database3/m.018qlp/81-FaceId-0_align.webp,0.220874,0.0,0.0456553605602833
database3/database3/m.018qlp/99-FaceId-0_align.webp,0.098556,0.0,0.0397461822745972
database3/database3/m.018qn8/16-FaceId-0_align.webp,0.180079,0.0,0.0433769958146023
database3/database3/m.018qn8/24-FaceId-0_align.webp,0.067297,0.0,0.0448067879779185
database3/database3/m.018qn8/3-FaceId-0_align.webp,0.144663,0.0,0.0433865428147684
database3/database3/m.018qpb/20-FaceId-0_align.webp,0.030827,0.0,0.0306355932203389
database3/database3/m.018qpb/42-FaceId-0_align.webp,0.04676,0.0,0.0370255873680204
database3/database3/m.018qr9/59-FaceId-0_align.webp,0.041718,0.0,0.0369112798330257
database3/database3/m.018qwf/0-FaceId-0_align.webp,0.034965,1.0,0.0394864286518751
database3/database3/m.018qx5/48-FaceId-0_align.webp,0.145397,0.0,0.1253747538480085
database3/database3/m.018r3g/1-FaceId-0_align.webp,0.015575,1.0,0.123335283791691
database3/database3/m.018rsq/63-FaceId-0_align.webp,0.05182,1.0,0.0381930475232587
database3/database3/m.018rsq/82-FaceId-0_align.webp,0.021029,1.0,0.0572812175717744
database3/database3/m.018ry5/78-FaceId-0_align.webp,0.052713,1.0,0.0485322511441646
database3/database3/m.018s7v/75-FaceId-0_align.webp,0.055964,0.0,0.0477179420793726
database3/database3/m.018slq/19-FaceId-0_align.webp,0.164016,1.0,0.055013539799382
database3/database3/m.018swb/94-FaceId-0_align.webp,0.035612,1.0,0.0509127099718418
database3/database3/m.018t67/2-FaceId-0_align.webp,0.002151,1.0,0.0390108315662787
database3/database3/m.018t67/75-FaceId-0_align.webp,0.002161,1.0,0.0379292987401483
database3/database3/m.018t67/76-FaceId-0_align.webp,0.014984,1.0,0.0349476439790575
database3/database3/m.018tfd/63-FaceId-0_align.webp,0.039426,1.0,0.0332772283126786
database3/database3/m.018tvs/4-FaceId-0_align.webp,0.186437,1.0,0.0655231738661802
database3/database3/m.018v8c/66-FaceId-0_align.webp,0.031012,1.0,0.0335080821319352
database3/database3/m.018v_8/56-FaceId-0_align.webp,0.065146,1.0,0.0348209882631422
database3/database3/m.018vhw/41-FaceId-2_align.webp,0.017996,1.0,0.0
database3/database3/m.018vhw/84-FaceId-1_align.webp,0.010037,1.0,0.0460451619041577
database3/database3/m.018vhw/94-FaceId-0_align.webp,0.022504,1.0,0.0396049046321525
database3/database3/m.018w6s/30-FaceId-0_align.webp,0.009687,1.0,0.1305982539767553
database3/database3/m.018wh0/34-FaceId-0_align.webp,0.038341,1.0,0.0354691419969894
database3/database3/m.018wqb/36-FaceId-1_align.webp,0.061601,1.0,0.0585184517640697
database3/database3/m.018x3/82-FaceId-0_align.webp,0.000249,1.0,0.0404083141636541
database3/database3/m.018x3/89-FaceId-0_align.webp,0.006661,1.0,0.0697103457164029
database3/database3/m.018xrz/49-FaceId-0_align.webp,0.084464,1.0,0.0535817786632856
database3/database3/m.018y0w/54-FaceId-0_align.webp,0.014612,1.0,0.0393035782993458
database3/database3/m.018y2s/21-FaceId-0_align.webp,0.010478,1.0,0.0464533333333333
database3/database3/m.018y4x/104-FaceId-0_align.webp,0.014664,1.0,0.0396979440134508
database3/database3/m.018y4x/94-FaceId-0_align.webp,0.083805,1.0,0.0312253145953889
database3/database3/m.018ycp/32-FaceId-0_align.webp,0.169605,1.0,0.0511444745262121
database3/database3/m.018ycp/64-FaceId-0_align.webp,0.011204,1.0,0.0378929588038411
