filename,target,gender,pred
database1/img00000154.webp,0.036749,1.0,0.1405364649024966
database1/img00000271.webp,0.229724,1.0,0.1851174336208041
database1/img00000323.webp,0.120628,0.0,0.1379064918816007
database1/img00000364.webp,0.00341,1.0,0.1298335544285226
database1/img00000371.webp,0.000249,1.0,0.1512672166542448
database1/img00000438.webp,0.102267,0.0,0.1469066239031147
database1/img00000448.webp,0.032257,0.0,0.1504959590736671
database1/img00000477.webp,0.158779,0.0,0.1115126977509374
database1/img00000491.webp,0.333523,0.0,0.1637469001022979
database1/img00000679.webp,0.022454,0.0,0.1380825784988443
database1/img00000766.webp,0.241328,0.0,0.1670930663226337
database1/img00000781.webp,0.01402,1.0,0.1365510496980779
database1/img00000793.webp,0.308688,0.0,0.1917998366911294
database1/img00000806.webp,0.083687,1.0,0.137538727751075
database1/img00000857.webp,0.167176,0.0,0.149163714342278
database1/img00000882.webp,0.118298,0.0,0.1472546976065842
database1/img00000903.webp,0.006576,1.0,0.1612214377413908
database1/img00000929.webp,0.021546,1.0,0.1493697667234746
database1/img00000941.webp,0.232414,0.0,0.162006302022373
database1/img00001032.webp,0.044127,1.0,0.1666949497234388
database1/img00001145.webp,0.022379,1.0,0.1249958891764224
database1/img00001291.webp,0.022322,0.0,0.1368787702006962
database1/img00001371.webp,0.148865,0.0,0.1445350107900372
database1/img00001491.webp,0.264813,0.0,0.1905228391035147
database1/img00001551.webp,0.054068,1.0,0.1371589193896711
database1/img00001573.webp,0.095382,0.0,0.1191512797669053
database1/img00001650.webp,0.088325,0.0,0.1169198097925752
database1/img00001652.webp,0.074782,1.0,0.1462710579690741
database1/img00001674.webp,0.188753,0.0,0.1905674765372465
database1/img00001701.webp,0.002942,1.0,0.1483065396453103
database1/img00001779.webp,0.009358,1.0,0.2442016770024583
database1/img00001812.webp,0.017934,0.0,0.1192545393502126
database1/img00001859.webp,0.006232,1.0,0.1636112778307876
database1/img00001872.webp,0.094988,0.0,0.1451661055310285
database1/img00001883.webp,0.015755,0.0,0.1502998735816516
database1/img00001978.webp,0.02291,1.0,0.1653491702662697
database1/img00002013.webp,0.068771,1.0,0.1330460602295498
database1/img00002073.webp,0.265663,0.0,0.1657907010647837
database1/img00002136.webp,0.083835,0.0,0.1464803124587772
database1/img00002187.webp,0.062593,1.0,0.1590673245572678
database1/img00002221.webp,0.024328,1.0,0.1499527489852312
database1/img00002227.webp,0.172367,0.0,0.1651909280732861
database1/img00002414.webp,0.290565,0.0,0.2566102183523889
database1/img00002415.webp,0.370759,0.0,0.188658246166068
database1/img00002527.webp,0.008082,0.0,0.1390768492146835
database1/img00002649.webp,0.108227,0.0,0.1410508903625237
database1/img00002695.webp,0.191496,0.0,0.1445319136412033
database1/img00002698.webp,0.019352,0.0,0.1460146928909057
database1/img00002713.webp,0.025594,1.0,0.1553425233385641
database1/img00002737.webp,0.01324,1.0,0.1469922309965074
database1/img00002813.webp,0.015997,0.0,0.1231723311306789
database1/img00002915.webp,0.059948,0.0,0.136643204176268
database1/img00002916.webp,0.061003,0.0,0.14265054210591
database1/img00003052.webp,0.34648,0.0,0.1670278286993145
database1/img00003146.webp,0.130163,0.0,0.1101896411515908
database1/img00003162.webp,0.193332,0.0,0.177103834254063
database1/img00003199.webp,0.314562,0.0,0.1613483360859514
database1/img00003273.webp,0.126445,0.0,0.1782085172867813
database1/img00003300.webp,0.007141,1.0,0.1551679843459325
database1/img00003360.webp,0.008946,1.0,0.1421045887549444
database1/img00003390.webp,0.054933,0.0,0.1505559077085629
database1/img00003437.webp,0.01322,1.0,0.1282451222416304
database1/img00003452.webp,0.040754,0.0,0.1224784321083126
database1/img00003584.webp,0.23463,0.0,0.1686418663164782
database1/img00003713.webp,0.000555,1.0,0.1092258030551898
database1/img00003746.webp,0.099051,1.0,0.1548825628709476
database1/img00003877.webp,0.01258,0.0,0.149738042377675
database1/img00003884.webp,0.091278,0.0,0.1300849775466065
database1/img00003887.webp,0.010493,1.0,0.2054618634112103
database1/img00003978.webp,0.178955,0.0,0.1011962260158203
database1/img00004026.webp,0.365443,0.0,0.1777301503951467
database1/img00004041.webp,0.094007,0.0,0.1294387318629258
database1/img00004164.webp,0.026259,1.0,0.1347051485225047
database1/img00004216.webp,0.034337,0.0,0.1319904097720997
database1/img00004261.webp,0.165876,0.0,0.168295563519253
database1/img00004273.webp,0.156777,0.0,0.1347733555756705
database1/img00004308.webp,0.126358,0.0,0.1440383865166733
database1/img00004416.webp,0.13739,1.0,0.1430221128752195
database1/img00004426.webp,0.364242,1.0,0.1959289936833206
database1/img00004540.webp,0.140347,0.0,0.1245065760078447
database1/img00004621.webp,0.130906,0.0,0.1507482622193252
database1/img00004701.webp,0.060368,0.0,0.1102859779594245
database1/img00004841.webp,0.021785,1.0,0.1370912112753117
database1/img00004851.webp,0.058337,1.0,0.1496461067741352
database1/img00004895.webp,0.001337,1.0,0.1326571298482316
database1/img00005027.webp,0.095752,1.0,0.1751025390583399
database1/img00005030.webp,0.114344,0.0,0.1526227469532776
database1/img00005095.webp,0.018419,0.0,0.155858009478887
database1/img00005116.webp,0.107525,0.0,0.1642683988990506
database1/img00005179.webp,0.058586,1.0,0.1522071460220167
database1/img00005208.webp,0.021009,1.0,0.2498726487906754
database1/img00005271.webp,0.408256,0.0,0.1937454478215368
database1/img00005293.webp,0.043233,0.0,0.1444373046553949
database1/img00005339.webp,0.173984,0.0,0.1172470451303983
database1/img00005347.webp,0.002911,0.0,0.1022481803460195
database1/img00005361.webp,0.189098,0.0,0.1416520353790689
database1/img00005501.webp,0.145725,0.0,0.1378839787426473
database1/img00005507.webp,0.232343,0.0,0.2241420555138322
database1/img00005509.webp,0.003247,1.0,0.2310603396294517
database1/img00005522.webp,0.185571,0.0,0.1288727343338615
database1/img00005579.webp,0.037795,1.0,0.1553773179738113
database1/img00005689.webp,0.281579,0.0,0.1477470942467506
database1/img00005696.webp,0.366924,0.0,0.2150844503928697
database1/img00005723.webp,0.013358,0.0,0.1635105494226816
database1/img00005726.webp,0.041346,1.0,0.152739509255721
database1/img00005753.webp,0.009879,0.0,0.1489276074901273
database1/img00005766.webp,0.177714,0.0,0.1512321749306799
database1/img00005768.webp,0.024309,1.0,0.1701302034667036
database1/img00005822.webp,0.022373,0.0,0.120045118824884
database1/img00005851.webp,0.375359,0.0,0.1651831810355926
database1/img00005896.webp,0.063671,0.0,0.1648324474357942
database1/img00005910.webp,0.374925,0.0,0.1576076442243532
database1/img00006003.webp,0.020291,1.0,0.1516507329438264
database1/img00006021.webp,0.018409,1.0,0.2479674591484897
database1/img00006047.webp,0.105454,0.0,0.1392493150218547
database1/img00006101.webp,0.326093,0.0,0.1756677035246768
database1/img00006168.webp,0.00248,1.0,0.1118986532234523
database1/img00006196.webp,0.0412,1.0,0.1442091627683303
database1/img00006204.webp,0.331116,1.0,0.1719795197342391
database1/img00006269.webp,0.011789,1.0,0.1504114144287993
database1/img00006334.webp,0.003849,1.0,0.1179521697881744
database1/img00006414.webp,0.208227,0.0,0.1548337959428423
database1/img00006420.webp,0.026323,1.0,0.1566405534891051
database1/img00006436.webp,0.008945,1.0,0.1694923259244987
database1/img00006571.webp,0.06176,0.0,0.1282545278241659
database1/img00006576.webp,0.028441,1.0,0.1641497433930428
database1/img00006629.webp,0.000814,1.0,0.1012617514780478
database1/img00006690.webp,0.119839,0.0,0.1376952756573846
database1/img00006694.webp,0.019638,1.0,0.1349786676872674
database1/img00006722.webp,0.383369,0.0,0.2012777735252506
database1/img00006757.webp,0.169654,1.0,0.1977941084999387
database1/img00007032.webp,0.079705,0.0,0.1497658280840805
database1/img00007152.webp,0.296672,0.0,0.183565875548648
database1/img00007289.webp,0.004896,1.0,0.161977973304247
database1/img00007329.webp,0.096683,0.0,0.1519257910924131
database1/img00007335.webp,0.012784,1.0,0.1602833351958429
database1/img00007354.webp,0.047242,0.0,0.1306338276569163
database1/img00007383.webp,0.020362,1.0,0.1182216195921798
database1/img00007416.webp,0.105824,1.0,0.1614410372423423
database1/img00007435.webp,0.275659,0.0,0.2241325885960779
database1/img00007452.webp,0.091268,0.0,0.1359770036251304
database1/img00007454.webp,0.052407,1.0,0.173115093615411
database1/img00007468.webp,0.289625,0.0,0.2167461163686234
database1/img00007470.webp,0.024029,1.0,0.2797026397170412
database1/img00007537.webp,0.023879,0.0,0.1400382395051554
database1/img00007538.webp,0.239526,0.0,0.1561570673880735
database1/img00007592.webp,0.092299,0.0,0.1442066496979278
database1/img00007663.webp,0.000453,1.0,0.1237633241672643
database1/img00007675.webp,0.145663,0.0,0.1340135395759681
database1/img00007764.webp,0.212475,0.0,0.1449603737440615
database1/img00007790.webp,0.273678,0.0,0.1827691556124761
database1/img00007837.webp,0.07434,0.0,0.1361472628429874
database1/img00007851.webp,0.187909,0.0,0.1540224420865934
database1/img00007897.webp,0.021438,1.0,0.1451167638923522
database1/img00007955.webp,0.100119,0.0,0.1406041217661016
database1/img00007965.webp,0.126287,0.0,0.1166315411519332
database1/img00008054.webp,0.125876,0.0,0.1223050501966574
database1/img00008062.webp,0.192134,0.0,0.188323548726476
database1/img00008079.webp,0.010384,1.0,0.1433386660026111
database1/img00008191.webp,0.127108,1.0,0.179252951420987
database1/img00008233.webp,0.03355,1.0,0.1561600194129545
database1/img00008333.webp,0.123145,0.0,0.139439691285454
database1/img00008350.webp,0.003002,0.0,0.116256993372135
database1/img00008419.webp,0.136366,0.0,0.1507689036490669
database1/img00008444.webp,0.19563,0.0,0.1475756593218097
database1/img00008485.webp,0.153649,0.0,0.121557169596783
database1/img00008500.webp,0.243166,1.0,0.1663576112067951
database1/img00008540.webp,0.020411,1.0,0.1514294884080806
database1/img00008619.webp,0.172849,1.0,0.1538287289882606
database1/img00008684.webp,0.116788,1.0,0.2314054833849876
database1/img00008694.webp,0.257404,1.0,0.1912092873615075
database1/img00008702.webp,0.150713,0.0,0.1417858325709073
database1/img00008778.webp,0.047436,1.0,0.1626165024244582
database1/img00008864.webp,0.142253,1.0,0.151990185201659
database1/img00008929.webp,0.025151,1.0,0.1249937714233528
database1/img00009119.webp,0.134423,0.0,0.1435906510265964
database1/img00009131.webp,0.11769,0.0,0.1314158495397397
database1/img00009180.webp,0.22272,0.0,0.1772586969891517
database1/img00009210.webp,0.133618,1.0,0.1450717388037336
database1/img00009215.webp,0.015083,1.0,0.2450641724664592
database1/img00009309.webp,0.232271,0.0,0.2163193320448303
database1/img00009310.webp,0.032707,1.0,0.1671713043594267
database1/img00009395.webp,0.188981,0.0,0.1273336723077432
database1/img00009397.webp,0.022474,0.0,0.1223235513546207
database1/img00009399.webp,0.009987,1.0,0.1306240942187547
database1/img00009423.webp,0.205953,0.0,0.149808863886706
database1/img00009521.webp,0.096612,0.0,0.1282683017800795
database1/img00009606.webp,0.062144,1.0,0.1406136413861176
database1/img00009643.webp,0.076471,0.0,0.1400587303573404
database1/img00009666.webp,0.249637,0.0,0.1495027194496616
database1/img00009740.webp,0.056754,0.0,0.1462704822802176
database1/img00009804.webp,0.00402,1.0,0.1931001642402397
database1/img00009898.webp,0.123271,0.0,0.1374227174471383
database1/img00009952.webp,0.220282,0.0,0.1665271378093664
database1/img00009963.webp,0.081114,1.0,0.1546173462169085
database1/img00010009.webp,0.161796,0.0,0.1323630328542407
database1/img00010196.webp,0.131846,0.0,0.1364909972835889
database1/img00010250.webp,0.119697,0.0,0.1859493308579179
database1/img00010353.webp,0.145055,0.0,0.1464597667516985
database1/img00010363.webp,0.133258,0.0,0.1400044363328793
database1/img00010383.webp,0.010398,1.0,0.0965664036283991
database1/img00010445.webp,0.356323,0.0,0.1540305191313708
database1/img00010509.webp,0.056891,1.0,0.1883756925649078
database1/img00010530.webp,0.091729,0.0,0.1484880165646866
database1/img00010535.webp,0.304853,0.0,0.1942141233256823
database1/img00010537.webp,0.013696,0.0,0.1556659674938747
database1/img00010580.webp,0.154987,1.0,0.1414877542438385
database1/img00010612.webp,0.334599,0.0,0.1648884747441043
database1/img00010629.webp,0.060911,0.0,0.1256695909982226
database1/img00010643.webp,0.114721,1.0,0.1387676699277341
database1/img00010674.webp,0.023709,0.0,0.1282459323778964
database1/img00010757.webp,0.206361,0.0,0.1524594831781597
database1/img00010780.webp,0.013969,0.0,0.1439787940450986
database1/img00010790.webp,0.031334,0.0,0.1303652877157596
database1/img00010806.webp,0.065196,0.0,0.1404294972589013
database1/img00010887.webp,0.081617,0.0,0.1429204360887413
database1/img00010888.webp,0.233141,1.0,0.1970596075843262
database1/img00010982.webp,0.00745,1.0,0.1667228145349258
database1/img00010983.webp,0.20866,0.0,0.1485221478024122
database1/img00011118.webp,0.178597,1.0,0.2355262900007221
database1/img00011128.webp,0.27358,1.0,0.1595456143786306
database1/img00011142.webp,0.28074,1.0,0.1800033794091928
database1/img00011296.webp,0.108452,1.0,0.1771526725122287
database1/img00011507.webp,0.092578,0.0,0.1300302968016703
database1/img00011516.webp,0.087323,0.0,0.1410103687127566
database1/img00011597.webp,0.091441,0.0,0.1417168968627486
database1/img00011619.webp,0.253533,0.0,0.1727971699298637
database1/img00011623.webp,0.079619,0.0,0.1306184187307015
database1/img00011711.webp,0.412517,0.0,0.2079500363153025
database1/img00011737.webp,0.360567,0.0,0.177861209504612
database1/img00011787.webp,0.009168,1.0,0.1389614140373182
database1/img00011827.webp,0.096535,0.0,0.1471384266021478
database1/img00011910.webp,0.153312,0.0,0.1373501068558743
database1/img00011946.webp,0.118833,0.0,0.1443183232277887
database1/img00011981.webp,0.044401,1.0,0.1502423543336239
database1/img00011982.webp,0.064973,1.0,0.1346430974690542
database1/img00012046.webp,0.013245,1.0,0.1532800301853202
database1/img00012050.webp,0.169118,0.0,0.1379604817398091
database1/img00012055.webp,0.118938,0.0,0.1454545831076827
database1/img00012083.webp,0.105677,1.0,0.140601424114619
database1/img00012173.webp,0.148639,0.0,0.1460282795300252
database1/img00012174.webp,0.13274,0.0,0.1456555980188185
database1/img00012175.webp,0.161502,0.0,0.1556486010065735
database1/img00012194.webp,0.057599,0.0,0.1444399529643411
database1/img00012259.webp,0.022948,1.0,0.2060144785958022
database1/img00012293.webp,0.081765,0.0,0.1469383569476768
database1/img00012367.webp,0.265563,0.0,0.1830963841936039
database1/img00012402.webp,0.08769,0.0,0.1456121908737367
database1/img00012413.webp,0.178087,0.0,0.1492506152632532
database1/img00012417.webp,0.047864,1.0,0.1381690203393026
database1/img00012444.webp,0.279593,0.0,0.1635157374790384
database1/img00012509.webp,0.14518,0.0,0.1236318122857523
database1/img00012555.webp,0.159567,0.0,0.153865380326888
database1/img00012681.webp,0.00788,1.0,0.1338972274175569
database1/img00012805.webp,0.03627,0.0,0.1436444208001481
database1/img00012844.webp,0.027729,1.0,0.1512845345232907
database1/img00012874.webp,0.002528,1.0,0.200080634864039
database1/img00012883.webp,0.105193,1.0,0.1385056579900025
database1/img00012980.webp,0.021348,1.0,0.1479703207483148
database1/img00013033.webp,0.378744,0.0,0.1877627237880842
database1/img00013074.webp,0.20406,0.0,0.1852465487233749
database1/img00013089.webp,0.0,1.0,0.1148978954832268
database1/img00013099.webp,0.124905,0.0,0.1868737526761759
database1/img00013109.webp,0.255454,0.0,0.2755776065229184
database1/img00013151.webp,0.003784,1.0,0.1309626274656814
database1/img00013182.webp,0.112701,0.0,0.1384042683688793
database1/img00013213.webp,0.208104,1.0,0.1685295020288055
database1/img00013311.webp,0.021686,1.0,0.147985991197708
database1/img00013313.webp,0.096531,0.0,0.158413332449998
database1/img00013345.webp,0.111239,1.0,0.154877214207518
database1/img00013392.webp,0.234015,0.0,0.1472768315505159
database1/img00013433.webp,0.013693,1.0,0.1497652965798728
database1/img00013450.webp,0.007936,1.0,0.1361622616583224
database1/img00013515.webp,0.055869,0.0,0.13949974699253
database1/img00013591.webp,0.097683,0.0,0.13542154590389
database1/img00013659.webp,0.005492,0.0,0.1508964981262061
database1/img00013777.webp,0.039118,0.0,0.1369098250869891
database1/img00013856.webp,0.08085,0.0,0.1691206514081853
database1/img00013896.webp,0.155239,0.0,0.1525057667619144
database1/img00013978.webp,0.216187,1.0,0.1376334640036897
database1/img00014030.webp,0.009111,0.0,0.1645192917680364
database1/img00014146.webp,0.019737,0.0,0.144316492766687
database1/img00014277.webp,0.009327,1.0,0.164356950912416
database1/img00014440.webp,0.313716,0.0,0.1818500746316783
database1/img00014506.webp,0.002933,0.0,0.1505516943533057
database1/img00014634.webp,0.124116,1.0,0.1492106496403519
database1/img00014645.webp,0.294956,1.0,0.173039169193844
database1/img00014657.webp,0.009173,1.0,0.1213476433284144
database1/img00014808.webp,0.222577,0.0,0.1704043700542286
database1/img00014845.webp,0.184098,0.0,0.1530340262888131
database1/img00014912.webp,0.085464,0.0,0.1475479243900763
database1/img00014924.webp,0.071344,1.0,0.1723307036799485
database1/img00015038.webp,0.222266,1.0,0.1687010165126624
database1/img00015081.webp,0.134204,0.0,0.1953272207876262
database1/img00015348.webp,0.225921,0.0,0.1698586182252053
database1/img00015359.webp,0.033386,0.0,0.1391512613717647
database1/img00015476.webp,0.164199,0.0,0.1904774792139834
database1/img00015498.webp,0.128891,0.0,0.131168457356324
database1/img00015505.webp,0.086803,0.0,0.142251708812213
database1/img00015509.webp,0.096299,1.0,0.1663515921586358
database1/img00015766.webp,0.128287,0.0,0.1374361209354236
database1/img00015784.webp,0.198335,0.0,0.1463801386261514
database1/img00015947.webp,0.126497,0.0,0.1416936292849132
database1/img00016004.webp,0.076385,0.0,0.144711237211118
database1/img00016096.webp,0.018479,1.0,0.139019830010629
database1/img00016164.webp,0.009807,1.0,0.1397703792633814
database1/img00016181.webp,0.000908,1.0,0.1251478544385649
database1/img00016288.webp,0.368142,0.0,0.1989521460372471
database1/img00016296.webp,0.233928,0.0,0.1481916547513582
database1/img00016398.webp,0.070727,0.0,0.1406747471755721
database1/img00016442.webp,0.050167,0.0,0.137657583904986
database1/img00016457.webp,0.145227,1.0,0.1487397838346546
database1/img00016490.webp,0.091022,0.0,0.1251588732266268
database1/img00016497.webp,0.144198,0.0,0.1518110526211511
database1/img00016611.webp,0.10049,0.0,0.141699322753831
database1/img00016679.webp,0.001846,0.0,0.1515668464704365
database1/img00016886.webp,0.012909,1.0,0.1330524607712135
database1/img00016934.webp,0.076123,1.0,0.1328401647754443
database1/img00016955.webp,0.030027,1.0,0.1732279553772817
database1/img00017135.webp,0.137474,0.0,0.1428036196355009
database1/img00017144.webp,0.291437,0.0,0.159837762268349
database1/img00017157.webp,0.097188,0.0,0.1393246920107555
database1/img00017237.webp,0.019539,0.0,0.1352409619246791
database1/img00017467.webp,0.193369,0.0,0.1762794324482006
database1/img00017485.webp,0.231654,0.0,0.2172175368267969
database1/img00017623.webp,0.273226,0.0,0.1561170797365829
database1/img00017648.webp,0.013591,1.0,0.1242259653093493
database1/img00017737.webp,0.0127,1.0,0.1463945876244585
database1/img00017893.webp,0.369649,0.0,0.1571661379357642
database1/img00018025.webp,0.125656,0.0,0.1327758371689111
database1/img00018042.webp,0.016056,1.0,0.1368359680805094
database1/img00018045.webp,0.096288,0.0,0.1385774169853406
database1/img00018076.webp,0.184672,1.0,0.1476954288340473
database1/img00018117.webp,0.020611,0.0,0.1548458618609302
database1/img00018133.webp,0.049189,0.0,0.1441193206816878
database1/img00018173.webp,0.28192,0.0,0.1695801853810789
database1/img00018225.webp,0.130293,0.0,0.1284722394327866
database1/img00018284.webp,0.238474,0.0,0.158988614705614
database1/img00018380.webp,0.182421,0.0,0.1379599230186601
database1/img00018422.webp,0.021826,0.0,0.1453853206510597
database1/img00018465.webp,0.041569,1.0,0.1535068288870333
database1/img00018500.webp,0.147015,0.0,0.138028555712355
database1/img00018591.webp,0.11045,0.0,0.1616912619868187
database1/img00018619.webp,0.026771,1.0,0.153372458360748
database1/img00018643.webp,0.14475,0.0,0.1539078632163654
database1/img00018689.webp,0.008002,0.0,0.1481666384550134
database1/img00018779.webp,0.045676,1.0,0.1387765676148402
database1/img00018873.webp,0.099329,0.0,0.1338670231299763
database1/img00018963.webp,0.0236,1.0,0.2935964905811961
database1/img00019125.webp,0.039224,1.0,0.1595131126580069
database1/img00019151.webp,0.151887,0.0,0.181703997478421
database1/img00019162.webp,0.357571,0.0,0.1829427066084863
database1/img00019165.webp,0.070241,1.0,0.1696112688649186
database1/img00019172.webp,0.017685,0.0,0.1259256657791445
database1/img00019200.webp,0.017214,1.0,0.140389004826926
database1/img00019353.webp,0.013152,0.0,0.1352059763600011
database1/img00019360.webp,0.02429,1.0,0.1370790787086024
database1/img00019362.webp,0.226958,0.0,0.1472817650963583
database1/img00019406.webp,0.122785,0.0,0.1398037731337239
database1/img00019511.webp,0.00639,1.0,0.1338320310097171
database1/img00019553.webp,0.097165,0.0,0.1369340323007235
database1/img00019616.webp,0.008603,1.0,0.1593604654563777
database1/img00019625.webp,0.044642,1.0,0.171135652607188
database1/img00019811.webp,0.135181,0.0,0.1411913434976325
database1/img00019846.webp,0.085115,0.0,0.1442258453201179
database1/img00019883.webp,0.295134,0.0,0.2013273794188195
database1/img00019956.webp,0.121542,0.0,0.1410485579936294
database1/img00020019.webp,0.245216,0.0,0.1576347362088882
database1/img00020092.webp,0.229511,0.0,0.1756798562848578
database1/img00020095.webp,0.369647,0.0,0.1699234028259036
database1/img00020106.webp,0.016139,1.0,0.1250788369095614
database1/img00020280.webp,0.093764,0.0,0.1402581174801496
database1/img00020383.webp,0.174486,0.0,0.1486163702098338
database1/img00020425.webp,0.105022,0.0,0.1362513798695702
database1/img00020495.webp,0.101841,0.0,0.1435521470025361
database1/img00020506.webp,0.143822,0.0,0.1489303984802226
database1/img00020690.webp,0.113169,0.0,0.1317494933336039
database1/img00020757.webp,0.123725,0.0,0.1428090328398401
database1/img00020765.webp,0.148549,0.0,0.1412724226787413
database1/img00020799.webp,0.406729,0.0,0.211579707231459
database1/img00020831.webp,0.0,1.0,0.1068160866020375
database1/img00020839.webp,0.164052,0.0,0.1350247299888261
database1/img00020840.webp,0.164657,0.0,0.1513404758433734
database1/img00020876.webp,0.039848,0.0,0.145737869287889
database1/img00020958.webp,0.18413,1.0,0.1408565595664794
database1/img00021024.webp,0.011248,1.0,0.1537595234585589
database1/img00021028.webp,0.079159,0.0,0.1284671361965811
database1/img00021119.webp,0.231027,0.0,0.1238920833530276
database1/img00021174.webp,0.029653,1.0,0.1436034884321418
database1/img00021203.webp,0.100309,1.0,0.2212381535409498
database1/img00021240.webp,0.12352,0.0,0.1481182441631338
database1/img00021256.webp,0.115372,0.0,0.1374143474248585
database1/img00021294.webp,0.230757,0.0,0.1721506952081691
database1/img00021336.webp,0.216002,0.0,0.149756349259902
database1/img00021374.webp,0.038864,0.0,0.1435081188535897
database1/img00021382.webp,0.023478,1.0,0.2346515056834411
database1/img00021398.webp,0.118902,0.0,0.2561880260103397
database1/img00021523.webp,0.125539,0.0,0.1457833572860305
database1/img00021529.webp,0.020743,0.0,0.1462090429295485
database1/img00021585.webp,0.323915,0.0,0.1521145604132484
database1/img00021592.webp,0.053661,1.0,0.1560321428697613
database1/img00021620.webp,0.012103,1.0,0.1573090272519955
database1/img00021622.webp,0.258145,0.0,0.162740004894887
database1/img00021629.webp,0.347567,0.0,0.1809997921466552
database1/img00021724.webp,0.117861,0.0,0.1465224419914723
database1/img00021737.webp,0.042247,1.0,0.1452297218982754
database1/img00021763.webp,0.319156,0.0,0.2110729266633408
database1/img00021881.webp,0.200485,0.0,0.1376676730436954
database1/img00021891.webp,0.158308,0.0,0.1431903431671358
database1/img00022037.webp,0.280548,0.0,0.1810446041008247
database1/img00022062.webp,0.084716,1.0,0.131297644220762
database1/img00022089.webp,0.105552,0.0,0.1416288500003472
database1/img00022098.webp,0.019455,1.0,0.1442722240011486
database1/img00022099.webp,0.017022,1.0,0.1625014100611642
database1/img00022106.webp,0.009696,1.0,0.1379191654019828
database1/img00022110.webp,0.247685,0.0,0.203071836125278
database1/img00022174.webp,0.246505,1.0,0.1673160871043459
database1/img00022220.webp,0.197348,0.0,0.229826344340112
database1/img00022367.webp,0.130304,0.0,0.1530186397529522
database1/img00022458.webp,0.178211,1.0,0.120416691051401
database1/img00022462.webp,0.147091,1.0,0.1499930988800651
database1/img00022521.webp,0.025301,1.0,0.1352788346185282
database1/img00022669.webp,0.094607,1.0,0.2688466502748929
database1/img00022715.webp,0.056654,0.0,0.1219427546117076
database1/img00022789.webp,0.207616,0.0,0.2173506499287171
database1/img00022833.webp,0.037262,1.0,0.1489438457378217
database1/img00022848.webp,0.082086,0.0,0.141432486790516
database1/img00022964.webp,0.170935,0.0,0.152135492808299
database1/img00023014.webp,0.001544,1.0,0.2623836228945971
database1/img00023146.webp,0.103648,1.0,0.1630390100105196
database1/img00023176.webp,0.028973,1.0,0.1960216895509722
database1/img00023181.webp,0.102577,0.0,0.14916639573394
database1/img00023337.webp,0.089515,0.0,0.1338747444945119
database1/img00023439.webp,0.005019,1.0,0.1384058060631432
database1/img00023478.webp,0.105124,0.0,0.1298821145274517
database1/img00023517.webp,0.050744,0.0,0.1484540532792793
database1/img00023568.webp,0.010958,1.0,0.1611713448964176
database1/img00023725.webp,0.203847,0.0,0.1436009866965653
database1/img00023876.webp,0.079286,0.0,0.1354101106597396
database1/img00023903.webp,0.124474,0.0,0.1164322272371779
database1/img00024004.webp,0.151347,0.0,0.1494491105385402
database1/img00024033.webp,0.008003,1.0,0.1566799666214248
database1/img00024054.webp,0.158105,0.0,0.1423495534049345
database1/img00024075.webp,0.098827,0.0,0.1518166744498004
database1/img00024097.webp,0.056329,1.0,0.1394549050098276
database1/img00024151.webp,0.223931,0.0,0.1322416905890994
database1/img00024251.webp,0.125194,0.0,0.1410317145258245
database1/img00024286.webp,0.203387,0.0,0.2055314481325404
database1/img00024330.webp,0.039351,0.0,0.1666611628764346
database1/img00024429.webp,0.001011,1.0,0.1163759592729012
database1/img00024472.webp,0.231978,0.0,0.1618015025377818
database1/img00024480.webp,0.229159,0.0,0.1474812150661796
database1/img00024496.webp,0.010786,0.0,0.1586239918115883
database1/img00024553.webp,0.040348,1.0,0.1521290965374787
database1/img00024607.webp,0.016616,1.0,0.1566544203274179
database1/img00024687.webp,0.27365,0.0,0.1674723762795832
database1/img00024753.webp,0.192923,0.0,0.1547461118806393
database1/img00024774.webp,0.053221,0.0,0.1406667463715021
database1/img00025064.webp,0.015037,0.0,0.1247118068563014
database1/img00025075.webp,0.298755,0.0,0.1762535043922464
database1/img00025133.webp,0.155681,1.0,0.1561883225747168
database1/img00025166.webp,0.014644,0.0,0.1473394470868637
database1/img00025308.webp,0.026547,1.0,0.1477464814907418
database1/img00025347.webp,0.003317,1.0,0.1553030376140279
database1/img00025392.webp,0.084647,0.0,0.1439822920728017
database1/img00025465.webp,0.083236,0.0,0.1775564261903112
database1/img00025509.webp,0.003962,0.0,0.1592101340553375
database1/img00025534.webp,0.073372,0.0,0.1396592757504224
database1/img00025566.webp,0.059194,1.0,0.1569939203866899
database1/img00025641.webp,0.045629,1.0,0.1606019028696865
database1/img00025678.webp,0.113275,0.0,0.1460727152841211
database1/img00025969.webp,0.033245,1.0,0.1459297316493232
database1/img00026052.webp,0.217685,0.0,0.1496331284859356
database1/img00026073.webp,0.052874,0.0,0.1350777731221223
database1/img00026088.webp,0.15625,0.0,0.1530675107450943
database1/img00026103.webp,0.013345,1.0,0.1654043902795711
database1/img00026169.webp,0.063574,1.0,0.1808567165143196
database1/img00026178.webp,0.317092,0.0,0.1734571271204562
database1/img00026249.webp,0.008453,1.0,0.1609353281182682
database1/img00026281.webp,0.219012,1.0,0.164511853352747
database1/img00026282.webp,0.011198,1.0,0.157945584005949
database1/img00026305.webp,0.138547,1.0,0.1586426397960596
database1/img00026333.webp,0.154155,0.0,0.1399148953331916
database1/img00026341.webp,0.145098,0.0,0.2470794817307665
database1/img00026380.webp,0.102089,0.0,0.1520052248455946
database1/img00026418.webp,0.030072,1.0,0.1404106051430533
database1/img00026462.webp,0.007743,0.0,0.1441449541406287
database1/img00026473.webp,0.0,1.0,0.1374503225003223
database1/img00026493.webp,0.222605,0.0,0.145390029686427
database1/img00026505.webp,0.024604,1.0,0.1648233677987737
database1/img00026554.webp,0.005176,1.0,0.1547498272514963
database1/img00026653.webp,0.0,0.0,0.1022683767945732
database1/img00026673.webp,0.305916,0.0,0.1568990506757499
database1/img00026714.webp,0.210407,0.0,0.1520073200523927
database1/img00026908.webp,0.046474,0.0,0.1410821065934063
database1/img00027013.webp,0.003769,0.0,0.1317701503471806
database1/img00027032.webp,0.007456,0.0,0.1613517625890607
database1/img00027062.webp,0.046983,1.0,0.1392654577397808
database1/img00027147.webp,0.083316,1.0,0.1684637559061043
database1/img00027201.webp,0.173566,0.0,0.1455954161550784
database1/img00027213.webp,0.102301,0.0,0.1457216091560697
database1/img00027267.webp,0.025949,0.0,0.1420420636852764
database1/img00027278.webp,0.04282,0.0,0.1436298064459665
database1/img00027291.webp,0.037481,1.0,0.1596789566034981
database1/img00027300.webp,0.162757,0.0,0.1467327958267761
database1/img00027329.webp,0.120534,0.0,0.1088235579658163
database1/img00027355.webp,0.012954,0.0,0.1464605165166842
database1/img00027400.webp,0.093064,1.0,0.3028751341467673
database1/img00027672.webp,0.024684,0.0,0.1378893670454617
database1/img00027691.webp,0.263468,1.0,0.1784691716649283
database1/img00027708.webp,0.011879,1.0,0.1908928176180864
database1/img00027826.webp,0.008279,1.0,0.1458676366636502
database1/img00027870.webp,0.156292,0.0,0.1532637154187615
database1/img00027888.webp,0.010368,1.0,0.1559009215419671
database1/img00027943.webp,0.005057,1.0,0.1684983078221786
database1/img00027980.webp,0.1488,0.0,0.1464585446034308
database1/img00028069.webp,0.00506,1.0,0.1625922379034969
database1/img00028087.webp,0.001205,1.0,0.1095124141998797
database1/img00028101.webp,0.0173,1.0,0.1406698792983397
database1/img00028174.webp,0.122309,0.0,0.1424083056056251
database1/img00028222.webp,0.107143,0.0,0.1376291303795134
database1/img00028224.webp,0.146398,0.0,0.1617376291703026
database1/img00028300.webp,0.012183,0.0,0.1418673132154095
database1/img00028356.webp,0.152613,0.0,0.1202482124794697
database1/img00028517.webp,0.382837,0.0,0.1833897418033364
database1/img00028551.webp,0.203166,0.0,0.1984852717164533
database1/img00028578.webp,0.061325,0.0,0.1355798561124296
database1/img00028581.webp,0.020189,1.0,0.1388120658665165
database1/img00028723.webp,0.12276,0.0,0.1519439249932987
database1/img00028742.webp,0.061928,0.0,0.123241678860165
database1/img00028757.webp,0.031527,1.0,0.1540694925277733
database1/img00028784.webp,0.01652,0.0,0.1404172175313337
database1/img00028843.webp,0.045216,1.0,0.1794914099476108
database1/img00028942.webp,0.085705,0.0,0.1238563233192807
database1/img00029059.webp,0.201976,0.0,0.1510490688832873
database1/img00029154.webp,0.027398,0.0,0.2176613186492083
database1/img00029252.webp,0.011317,1.0,0.1574039151416274
database1/img00029315.webp,0.223811,0.0,0.168954749823522
database1/img00029326.webp,0.073163,0.0,0.1291053389115696
database1/img00029393.webp,0.181547,0.0,0.146101847054783
database1/img00029479.webp,0.172507,1.0,0.1689193475886629
database1/img00029527.webp,9.6e-05,1.0,0.1095049762212574
database1/img00029586.webp,0.049823,0.0,0.1470347353381461
database1/img00029691.webp,0.030185,1.0,0.1656119484927683
database1/img00029706.webp,0.21533,1.0,0.3058091862575823
database1/img00029758.webp,0.113217,0.0,0.1395783440131142
database1/img00029778.webp,0.154551,0.0,0.1807594265923341
database1/img00029960.webp,0.383842,0.0,0.178350041795335
database2/database2/test/148.webp,0.048036,1.0,0.1425657125414671
database2/database2/test/190.webp,0.086509,1.0,0.2453118559340408
database2/database2/test/216.webp,0.245817,0.0,0.1377670017841203
database2/database2/test/232.webp,0.275174,0.0,0.1464028652786303
database2/database2/test/239.webp,0.175156,0.0,0.1736829484841002
database2/database2/test/266.webp,0.213241,0.0,0.1537712984553666
database2/database2/test/34.webp,0.050154,0.0,0.1257120552917739
database2/database2/test/453.webp,0.089504,1.0,0.0987812645435494
database2/database2/test/472.webp,0.226614,1.0,0.1938672144419431
database2/database2/test/91.webp,0.465517,1.0,0.1606203978163042
database2/database2/train/1009.webp,0.104761,1.0,0.170891576631372
database2/database2/train/1240.webp,0.146101,0.0,0.1538758032230002
database2/database2/train/1258.webp,0.246853,0.0,0.3223679519242172
database2/database2/train/127.webp,0.075508,0.0,0.118967646763585
database2/database2/train/1279.webp,0.000502,1.0,0.2460457851707676
database2/database2/train/1311.webp,0.172932,1.0,0.3335724141770244
database2/database2/train/174.webp,0.051776,1.0,0.3143364762398383
database2/database2/train/203.webp,0.050641,1.0,0.1571399956095191
database2/database2/train/219.webp,0.142928,0.0,0.1621890852851979
database2/database2/train/233.webp,0.281943,1.0,0.1779520165217311
database2/database2/train/26.webp,0.011878,0.0,0.129346831114119
database2/database2/train/34.webp,0.095641,0.0,0.1496519906912354
database2/database2/train/433.webp,0.036418,1.0,0.1601321773215897
database2/database2/train/436.webp,0.026337,1.0,0.1289490831555311
database2/database2/train/515.webp,0.012181,1.0,0.1464738934079095
database2/database2/train/547.webp,0.0,1.0,0.1012231722636431
database2/database2/train/613.webp,0.048432,0.0,0.1311138218749276
database2/database2/train/624.webp,0.123039,1.0,0.2361929280055354
database2/database2/train/650.webp,0.113219,0.0,0.1412010860726957
database2/database2/train/766.webp,0.167917,0.0,0.1824423230641653
database2/database2/train/814.webp,0.3,0.0,0.1859165450613387
database2/database2/train/846.webp,0.020085,1.0,0.1569404872614337
database2/database2/train/900.webp,0.417188,1.0,0.1696698912944127
database2/database2/train/928.webp,0.09983,0.0,0.1465713237215999
database2/database2/train/97.webp,0.048559,1.0,0.1619628925353484
database2/database2/train/992.webp,0.32608,0.0,0.1806913559272311
database3/database3/m.0109kg/59-FaceId-0_align.webp,0.264823,0.0,0.1770838100583769
database3/database3/m.010bk0/59-FaceId-0_align.webp,0.021845,1.0,0.2476503598754888
database3/database3/m.010ngb/60-FaceId-0_align.webp,0.012915,1.0,0.1322284099299288
database3/database3/m.010p3/45-FaceId-0_align.webp,0.01465,1.0,0.1694021657040957
database3/database3/m.010p3/69-FaceId-0_align.webp,0.027584,1.0,0.1564922269724915
database3/database3/m.010p3/82-FaceId-0_align.webp,0.013896,1.0,0.1392534350875806
database3/database3/m.010wty2t/83-FaceId-1_align.webp,0.168202,1.0,0.2258399706146524
database3/database3/m.0112yl/20-FaceId-0_align.webp,0.035573,1.0,0.1827711883511957
database3/database3/m.01167d3z/34-FaceId-0_align.webp,0.37993,1.0,0.1909321649469193
database3/database3/m.01167d3z/74-FaceId-0_align.webp,0.319357,1.0,0.1773076157272302
database3/database3/m.011_0k/17-FaceId-0_align.webp,0.022011,1.0,0.1460856727072383
database3/database3/m.011_0k/3-FaceId-0_align.webp,0.017225,1.0,0.1599190772334989
database3/database3/m.011_0k/43-FaceId-0_align.webp,0.025252,1.0,0.1524030515338893
database3/database3/m.011_0k/77-FaceId-0_align.webp,0.126436,1.0,0.2845428652040701
database3/database3/m.011_2h/101-FaceId-0_align.webp,0.183945,0.0,0.1714448946836597
database3/database3/m.011_2h/18-FaceId-0_align.webp,0.139464,0.0,0.226538747305657
database3/database3/m.011_2h/21-FaceId-0_align.webp,0.028243,0.0,0.1522403289356391
database3/database3/m.011_3d/107-FaceId-0_align.webp,0.091414,1.0,0.1709021571855061
database3/database3/m.011_3d/31-FaceId-0_align.webp,0.156269,1.0,0.1649163698545311
database3/database3/m.011_3d/35-FaceId-0_align.webp,0.154662,1.0,0.30402642119416
database3/database3/m.011_3s/106-FaceId-0_align.webp,0.132155,0.0,0.1609492934828242
database3/database3/m.011_3s/93-FaceId-0_align.webp,0.255275,0.0,0.1896650368204427
database3/database3/m.011_8/14-FaceId-0_align.webp,0.108434,1.0,0.1506902909420206
database3/database3/m.011_nf/83-FaceId-0_align.webp,0.036792,1.0,0.1499354488703126
database3/database3/m.011_pk/73-FaceId-0_align.webp,0.106935,1.0,0.1796992523656695
database3/database3/m.011_pk/98-FaceId-0_align.webp,0.021278,1.0,0.1157368382675027
database3/database3/m.011_r9/15-FaceId-0_align.webp,0.000453,1.0,0.1313673604801782
database3/database3/m.011_r9/35-FaceId-0_align.webp,0.0,1.0,0.0957539122440092
database3/database3/m.011h_w/16-FaceId-0_align.webp,0.023388,1.0,0.2359596169292693
database3/database3/m.011h_w/57-FaceId-0_align.webp,0.034974,1.0,0.1908360169861176
database3/database3/m.011hdn/3-FaceId-0_align.webp,0.144586,1.0,0.2229942765471743
database3/database3/m.011hm1/28-FaceId-0_align.webp,0.045589,0.0,0.1795806901117775
database3/database3/m.011hm1/59-FaceId-0_align.webp,0.308314,0.0,0.1557015528866068
database3/database3/m.011hmd/24-FaceId-0_align.webp,0.029049,1.0,0.2065786223109038
database3/database3/m.011jfg/102-FaceId-0_align.webp,0.016853,0.0,0.1471668851973472
database3/database3/m.011jfg/64-FaceId-0_align.webp,0.014724,0.0,0.1535914900309139
database3/database3/m.011kd9/42-FaceId-0_align.webp,0.092666,1.0,0.0
database3/database3/m.011kd9/48-FaceId-0_align.webp,0.021031,1.0,0.2380246306813987
database3/database3/m.011l17/115-FaceId-0_align.webp,0.008147,1.0,0.128840317971387
database3/database3/m.011l17/73-FaceId-0_align.webp,0.013848,1.0,0.1596722176102365
database3/database3/m.011l17/78-FaceId-0_align.webp,0.000371,1.0,0.1364012399265644
database3/database3/m.011lf5/30-FaceId-0_align.webp,0.003745,1.0,0.1487824684606598
database3/database3/m.011lhy/14-FaceId-0_align.webp,0.06605,1.0,0.1112152771582225
database3/database3/m.011m1y/65-FaceId-0_align.webp,0.010331,1.0,0.2178782919157987
database3/database3/m.011m1y/93-FaceId-0_align.webp,0.010174,1.0,0.1311296223435142
database3/database3/m.011m33/35-FaceId-0_align.webp,0.10764,0.0,0.1327224926896279
database3/database3/m.011m33/96-FaceId-0_align.webp,0.077455,0.0,0.1700286538062136
database3/database3/m.011m33/98-FaceId-0_align.webp,0.093352,0.0,0.1987773536862174
database3/database3/m.011p3/100-FaceId-0_align.webp,0.261068,0.0,0.1927733151620192
database3/database3/m.011p3/38-FaceId-0_align.webp,0.260325,0.0,0.1426301885034143
database3/database3/m.011qm2/8-FaceId-0_align.webp,0.02115,1.0,0.1396368818670593
database3/database3/m.011w1b/4-FaceId-0_align.webp,0.011173,0.0,0.1438482234833279
database3/database3/m.011w1b/5-FaceId-0_align.webp,0.149673,0.0,0.1472854140833654
database3/database3/m.011w1b/65-FaceId-0_align.webp,0.028609,0.0,0.1406796388550935
database3/database3/m.011w1b/75-FaceId-0_align.webp,0.102741,0.0,0.1639021524326022
database3/database3/m.011xgp/24-FaceId-0_align.webp,0.060348,1.0,0.1572874494079207
database3/database3/m.011xgp/72-FaceId-0_align.webp,0.024118,1.0,0.1884696339445357
database3/database3/m.011xjd/62-FaceId-0_align.webp,0.025855,1.0,0.1647082635017318
database3/database3/m.011xl3/35-FaceId-0_align.webp,0.101991,1.0,0.1674195381544705
database3/database3/m.011xl3/86-FaceId-0_align.webp,0.095741,1.0,0.245818634693284
database3/database3/m.011xl3/92-FaceId-0_align.webp,0.15032,1.0,0.1686108966803251
database3/database3/m.011xl3/99-FaceId-0_align.webp,0.04585,1.0,0.145463668610363
database3/database3/m.011xll/89-FaceId-0_align.webp,0.057752,1.0,0.2194327825096891
database3/database3/m.011ybj/52-FaceId-0_align.webp,0.042728,1.0,0.1436258542396197
database3/database3/m.011ybj/61-FaceId-0_align.webp,0.033422,1.0,0.1312591630618936
database3/database3/m.011yx0/17-FaceId-0_align.webp,0.03676,1.0,0.1501109292857781
database3/database3/m.011yx0/7-FaceId-0_align.webp,0.025923,1.0,0.1398757588049281
database3/database3/m.011z69/22-FaceId-0_align.webp,0.003956,1.0,0.1146981937144406
database3/database3/m.011z69/27-FaceId-0_align.webp,0.057013,1.0,0.1263471236382602
database3/database3/m.011z69/67-FaceId-0_align.webp,0.026898,1.0,0.1406650837209822
database3/database3/m.011zfk/22-FaceId-0_align.webp,0.214757,1.0,0.1193929823501352
database3/database3/m.011zfz/75-FaceId-0_align.webp,0.159958,0.0,0.1550751999663107
database3/database3/m.011zg9/22-FaceId-0_align.webp,0.107141,0.0,0.1317269189964396
database3/database3/m.011zg9/39-FaceId-0_align.webp,0.053582,0.0,0.1339885272596532
database3/database3/m.011zgs/52-FaceId-0_align.webp,0.127677,0.0,0.290613429973923
database3/database3/m.011zkh/84-FaceId-0_align.webp,0.008351,1.0,0.1371714989121798
database3/database3/m.011zwl/37-FaceId-0_align.webp,0.073722,1.0,0.1383507318702433
database3/database3/m.01200d/24-FaceId-0_align.webp,0.036817,1.0,0.1211870160380575
database3/database3/m.01200d/80-FaceId-0_align.webp,0.017066,1.0,0.128278709128436
database3/database3/m.012052/1-FaceId-0_align.webp,0.109494,1.0,0.1427520772300599
database3/database3/m.012052/30-FaceId-0_align.webp,0.193814,1.0,0.3038319354746871
database3/database3/m.012052/63-FaceId-0_align.webp,0.135953,1.0,0.1786767552533697
database3/database3/m.0122lq/12-FaceId-0_align.webp,0.034174,1.0,0.1223911354597004
database3/database3/m.0122lq/62-FaceId-0_align.webp,0.002899,1.0,0.2018297110290607
database3/database3/m.0122lq/73-FaceId-0_align.webp,0.026793,1.0,0.1340498348392197
database3/database3/m.0122m5/94-FaceId-0_align.webp,0.003731,1.0,0.2065880758900764
database3/database3/m.01233w/1-FaceId-0_align.webp,0.049894,1.0,0.1281537199314067
database3/database3/m.01233w/25-FaceId-0_align.webp,0.043404,1.0,0.1570235192877077
database3/database3/m.01239/57-FaceId-0_align.webp,0.01656,1.0,0.1648551613224325
database3/database3/m.01239/68-FaceId-0_align.webp,0.012855,1.0,0.1460524202494467
database3/database3/m.0123x2/101-FaceId-0_align.webp,0.244668,1.0,0.1749000917367896
database3/database3/m.01241v/54-FaceId-0_align.webp,0.010871,1.0,0.1262624997420371
database3/database3/m.0124t/70-FaceId-0_align.webp,0.066352,0.0,0.220513396386577
database3/database3/m.01257s/41-FaceId-1_align.webp,0.025408,1.0,0.1465935752372286
database3/database3/m.0126rp/46-FaceId-0_align.webp,0.064149,1.0,0.1333243248988628
database3/database3/m.0126rp/48-FaceId-0_align.webp,0.020111,1.0,0.1371635562961911
database3/database3/m.0126y2/49-FaceId-0_align.webp,0.042913,1.0,0.1439384420252868
database3/database3/m.0126y2/81-FaceId-0_align.webp,0.011658,1.0,0.2414394485386228
database3/database3/m.0126y2/92-FaceId-0_align.webp,0.2594,1.0,0.1994058817282823
database3/database3/m.01270s/15-FaceId-0_align.webp,0.00523,1.0,0.1140811007110331
database3/database3/m.01270s/43-FaceId-0_align.webp,0.024273,1.0,0.1444669392405384
database3/database3/m.01271_/40-FaceId-0_align.webp,0.046844,0.0,0.1503408449278898
database3/database3/m.01271_/42-FaceId-0_align.webp,0.082785,0.0,0.1837388659413171
database3/database3/m.01271_/92-FaceId-0_align.webp,0.131196,0.0,0.148135420329186
database3/database3/m.0127fx/6-FaceId-0_align.webp,0.010653,1.0,0.141545418982011
database3/database3/m.0127gn/12-FaceId-0_align.webp,0.02417,1.0,0.1256671178876475
database3/database3/m.0127tk/114-FaceId-0_align.webp,0.088119,1.0,0.1318326528423408
database3/database3/m.0127tk/121-FaceId-0_align.webp,0.110272,1.0,0.1585457076919636
database3/database3/m.0127tk/32-FaceId-0_align.webp,0.044592,1.0,0.1437416710527719
database3/database3/m.0127tk/61-FaceId-0_align.webp,0.157887,1.0,0.1617286802489504
database3/database3/m.0127tk/75-FaceId-0_align.webp,0.118857,1.0,0.1582927868867084
database3/database3/m.0127tk/83-FaceId-0_align.webp,0.180049,1.0,0.1443323248809346
database3/database3/m.0127zt/62-FaceId-0_align.webp,0.099007,0.0,0.1506724534626889
database3/database3/m.012801/76-FaceId-0_align.webp,0.060329,1.0,0.1399640757418127
database3/database3/m.012981/36-FaceId-0_align.webp,0.038673,1.0,0.1336709802386587
database3/database3/m.012_53/112-FaceId-0_align.webp,0.081654,0.0,0.1347608193320749
database3/database3/m.012_53/73-FaceId-0_align.webp,0.056783,0.0,0.1389031052207717
database3/database3/m.012_jj/10-FaceId-0_align.webp,0.005143,1.0,0.1321192165868071
database3/database3/m.012_jj/103-FaceId-0_align.webp,0.04174,1.0,0.1066143495757155
database3/database3/m.012_jj/83-FaceId-0_align.webp,0.123978,1.0,0.1347428318723792
database3/database3/m.012c6j/57-FaceId-0_align.webp,0.0,1.0,0.0854939591808545
database3/database3/m.012c6x/43-FaceId-0_align.webp,0.000386,1.0,0.1744383304879231
database3/database3/m.012c8f/13-FaceId-0_align.webp,0.010098,1.0,0.1542617855307873
database3/database3/m.012c8f/85-FaceId-0_align.webp,0.121074,1.0,0.2618653707827957
database3/database3/m.012ck8/1-FaceId-0_align.webp,0.250793,0.0,0.2255031774926487
database3/database3/m.012cm5/19-FaceId-0_align.webp,0.050828,1.0,0.1453298297692392
database3/database3/m.012cm5/75-FaceId-0_align.webp,0.032775,1.0,0.0918878591445925
database3/database3/m.012cm5/90-FaceId-0_align.webp,0.082057,1.0,0.1633218959634213
database3/database3/m.012cnn/11-FaceId-0_align.webp,0.107545,0.0,0.1318762576773277
database3/database3/m.012cph/108-FaceId-0_align.webp,0.01551,1.0,0.1299456504197012
database3/database3/m.012cph/17-FaceId-0_align.webp,0.005549,1.0,0.1738849381785086
database3/database3/m.012cph/68-FaceId-0_align.webp,0.017584,1.0,0.179163282737145
database3/database3/m.012cyp/33-FaceId-0_align.webp,0.012748,0.0,0.1254678357576405
database3/database3/m.012cyp/43-FaceId-0_align.webp,0.207358,0.0,0.1426309385934112
database3/database3/m.012cyp/7-FaceId-0_align.webp,0.030272,0.0,0.1286021290594311
database3/database3/m.012czd/35-FaceId-0_align.webp,0.035058,0.0,0.1178396134303097
database3/database3/m.012czd/90-FaceId-0_align.webp,0.001711,0.0,0.1512810846560301
database3/database3/m.012dtw/86-FaceId-0_align.webp,0.075626,1.0,0.1850679857616004
database3/database3/m.012fgx/58-FaceId-0_align.webp,0.039289,1.0,0.1278085905252551
database3/database3/m.012g8l/75-FaceId-0_align.webp,0.015517,1.0,0.1713732543218053
database3/database3/m.012gbb/1-FaceId-0_align.webp,0.057132,0.0,0.164022420201217
database3/database3/m.012gbb/104-FaceId-0_align.webp,0.023381,0.0,0.1355661526694299
database3/database3/m.012gbb/86-FaceId-0_align.webp,0.070682,0.0,0.1643645625835397
database3/database3/m.012gdw/54-FaceId-0_align.webp,0.06697,1.0,0.1234334301991797
database3/database3/m.012gl8/17-FaceId-0_align.webp,0.06567,0.0,0.1446379766987222
database3/database3/m.012gl8/38-FaceId-0_align.webp,0.063039,0.0,0.143174627613773
database3/database3/m.012gq6/33-FaceId-0_align.webp,0.016946,1.0,0.1230107303805365
database3/database3/m.012gr9/29-FaceId-0_align.webp,0.156273,0.0,0.1835077285025281
database3/database3/m.012gx2/64-FaceId-0_align.webp,0.000577,1.0,0.1307145060612254
database3/database3/m.012gx2/77-FaceId-0_align.webp,0.126437,1.0,0.1726481685056095
database3/database3/m.012gx2/8-FaceId-0_align.webp,0.019361,1.0,0.1156301402059903
database3/database3/m.012gx2/99-FaceId-0_align.webp,0.025003,1.0,0.1603134696292993
database3/database3/m.012h65/109-FaceId-0_align.webp,0.210562,1.0,0.3268965021763047
database3/database3/m.012hqb/33-FaceId-0_align.webp,0.004406,1.0,0.1711476154008289
database3/database3/m.012hr4/21-FaceId-0_align.webp,0.126033,1.0,0.1447581609937659
database3/database3/m.012hr4/67-FaceId-0_align.webp,0.183915,1.0,0.1425186300228713
database3/database3/m.012hr4/74-FaceId-0_align.webp,0.037244,1.0,0.1460905518942156
database3/database3/m.012hsb/101-FaceId-0_align.webp,0.192286,1.0,0.1424781090668351
database3/database3/m.012hsb/74-FaceId-0_align.webp,0.057902,1.0,0.1526728710904316
database3/database3/m.012hz4/77-FaceId-0_align.webp,0.118119,0.0,0.1957422279571472
database3/database3/m.012j2r/108-FaceId-0_align.webp,0.027644,1.0,0.1243140878723768
database3/database3/m.012j2r/38-FaceId-0_align.webp,0.010758,1.0,0.1453886407243219
database3/database3/m.012j2r/9-FaceId-0_align.webp,0.029992,1.0,0.1260029610034989
database3/database3/m.012kdb/7-FaceId-0_align.webp,0.154185,0.0,0.1464409082599813
database3/database3/m.012kk4/31-FaceId-1_align.webp,0.026924,1.0,0.1649235451547055
database3/database3/m.012l22/20-FaceId-0_align.webp,0.182682,1.0,0.2861997637482081
database3/database3/m.012l22/56-FaceId-0_align.webp,0.079127,1.0,0.2437270992580228
database3/database3/m.012lyg/82-FaceId-0_align.webp,0.015571,1.0,0.1233315111652839
database3/database3/m.012m1c/109-FaceId-0_align.webp,0.052592,0.0,0.1360281171121925
database3/database3/m.012m1c/113-FaceId-0_align.webp,0.018979,0.0,0.1398998719080161
database3/database3/m.012m1c/56-FaceId-0_align.webp,0.076711,0.0,0.1105963894005314
database3/database3/m.012m7r/99-FaceId-0_align.webp,0.002972,1.0,0.2349584140117154
database3/database3/m.012mh_/3-FaceId-0_align.webp,0.065168,1.0,0.1349367633872046
database3/database3/m.012mh_/6-FaceId-0_align.webp,0.002681,1.0,0.1220788758377542
database3/database3/m.012mk7/90-FaceId-0_align.webp,0.032433,1.0,0.1217656654000684
database3/database3/m.012ml0/96-FaceId-0_align.webp,0.031451,1.0,0.130761350165246
database3/database3/m.012mmb/47-FaceId-0_align.webp,0.146313,0.0,0.1874599048206451
database3/database3/m.012mn4/43-FaceId-0_align.webp,0.005783,1.0,0.1499767871229984
database3/database3/m.012nry/108-FaceId-0_align.webp,0.006878,1.0,0.1073747192751732
database3/database3/m.012nry/28-FaceId-0_align.webp,0.006764,1.0,0.1922780515204471
database3/database3/m.012nry/3-FaceId-0_align.webp,0.008173,1.0,0.1436881753284923
database3/database3/m.012nry/57-FaceId-0_align.webp,0.00436,1.0,0.1551312805006711
database3/database3/m.012pjh/2-FaceId-0_align.webp,0.0,1.0,0.1481063017644852
database3/database3/m.012q4n/50-FaceId-0_align.webp,0.004622,1.0,0.2891925829087161
database3/database3/m.012qfw/20-FaceId-1_align.webp,0.162552,0.0,0.120305819643916
database3/database3/m.012qfw/41-FaceId-0_align.webp,0.211858,0.0,0.122458028561381
database3/database3/m.012qgc/82-FaceId-0_align.webp,0.002042,1.0,0.1549974217798116
database3/database3/m.012rng/35-FaceId-0_align.webp,0.036379,1.0,0.2025969983243564
database3/database3/m.012rng/47-FaceId-0_align.webp,0.022161,1.0,0.411578009923746
database3/database3/m.012rng/48-FaceId-0_align.webp,0.01786,1.0,0.1407588356417115
database3/database3/m.012rth/93-FaceId-0_align.webp,0.046323,1.0,0.3479695995455711
database3/database3/m.012s1x/11-FaceId-0_align.webp,0.049377,1.0,0.14779707507168
database3/database3/m.012s5j/122-FaceId-0_align.webp,0.205872,0.0,0.1809486667879993
database3/database3/m.012s9f/0-FaceId-0_align.webp,0.000412,1.0,0.120533384849501
database3/database3/m.012st7/14-FaceId-0_align.webp,0.003821,1.0,0.215249102336541
database3/database3/m.012t1d/17-FaceId-0_align.webp,0.167599,1.0,0.1365561825399575
database3/database3/m.012t1d/37-FaceId-0_align.webp,0.016467,1.0,0.1421085695129558
database3/database3/m.012t1d/80-FaceId-0_align.webp,0.014504,1.0,0.1888073216259489
database3/database3/m.012t3l/22-FaceId-0_align.webp,0.012766,1.0,0.0
database3/database3/m.012t7s/3-FaceId-0_align.webp,0.014581,1.0,0.1285093178389675
database3/database3/m.012tmz/123-FaceId-0_align.webp,0.001629,1.0,0.1250987079012365
database3/database3/m.012v1t/29-FaceId-0_align.webp,0.118114,0.0,0.1378240793789354
database3/database3/m.012v1t/67-FaceId-0_align.webp,0.072956,0.0,0.1336859348111269
database3/database3/m.012v1t/93-FaceId-0_align.webp,0.033657,0.0,0.1393112786414153
database3/database3/m.012vby/3-FaceId-0_align.webp,0.002151,1.0,0.1805681213424598
database3/database3/m.012vby/36-FaceId-0_align.webp,0.0,1.0,0.2525368806755282
database3/database3/m.012vd6/49-FaceId-0_align.webp,0.124288,0.0,0.1678825585527517
database3/database3/m.012vd6/5-FaceId-0_align.webp,0.104381,0.0,0.1415950973298164
database3/database3/m.012vd6/75-FaceId-1_align.webp,0.054381,0.0,0.1845318216164212
database3/database3/m.012vf6/90-FaceId-0_align.webp,0.069167,0.0,0.1646229154052065
database3/database3/m.012vhn/10-FaceId-0_align.webp,0.009813,1.0,0.1247606273600608
database3/database3/m.012vhn/4-FaceId-0_align.webp,0.005793,1.0,0.0785971531562859
database3/database3/m.012vq0/30-FaceId-0_align.webp,0.028246,1.0,0.1371339488162929
database3/database3/m.012vq0/67-FaceId-0_align.webp,0.017872,1.0,0.1499106852866071
database3/database3/m.012vqh/80-FaceId-0_align.webp,0.078239,0.0,0.1933410162612045
database3/database3/m.012w05/52-FaceId-0_align.webp,0.000408,1.0,0.1490337977660119
database3/database3/m.012w3k/19-FaceId-0_align.webp,0.109411,1.0,0.2011259882012243
database3/database3/m.012w3k/33-FaceId-0_align.webp,0.07009,1.0,0.1465684011743482
database3/database3/m.012w3k/4-FaceId-0_align.webp,0.071086,1.0,0.1618794244790501
database3/database3/m.012wfh/73-FaceId-0_align.webp,0.055456,0.0,0.2311022978655781
database3/database3/m.012wfh/77-FaceId-0_align.webp,0.055,0.0,0.1454265490370653
database3/database3/m.012wgv/56-FaceId-0_align.webp,0.072911,1.0,0.1571490803050894
database3/database3/m.012x2b/18-FaceId-0_align.webp,0.0,1.0,0.1607698182755805
database3/database3/m.012x2b/46-FaceId-0_align.webp,0.039092,1.0,0.1513242064895542
database3/database3/m.012x2b/54-FaceId-0_align.webp,0.049838,1.0,0.1324661810530802
database3/database3/m.012x2b/72-FaceId-0_align.webp,0.008788,1.0,0.1310893437414382
database3/database3/m.012x5/81-FaceId-0_align.webp,0.058123,0.0,0.156933789462829
database3/database3/m.012xdy/81-FaceId-0_align.webp,0.012382,1.0,0.1676703036330336
database3/database3/m.012xls/57-FaceId-0_align.webp,0.114584,1.0,0.4466170192277731
database3/database3/m.012xls/70-FaceId-0_align.webp,0.126797,1.0,0.11609142293081
database3/database3/m.012xls/74-FaceId-0_align.webp,0.018384,1.0,0.350038809517192
database3/database3/m.012y1h/86-FaceId-0_align.webp,0.123838,1.0,0.1743139909041047
database3/database3/m.012ycy/16-FaceId-0_align.webp,0.002336,1.0,0.1681353734995571
database3/database3/m.012ycy/21-FaceId-0_align.webp,0.164069,1.0,0.1523910265762437
database3/database3/m.012ycy/73-FaceId-0_align.webp,0.017165,1.0,0.1626371304538691
database3/database3/m.012ycy/99-FaceId-0_align.webp,0.136797,1.0,0.0836774600368641
database3/database3/m.012yg1/19-FaceId-0_align.webp,0.003406,1.0,0.2355733964974208
database3/database3/m.012yg1/21-FaceId-0_align.webp,0.007301,1.0,0.1759534529937653
database3/database3/m.012yg1/66-FaceId-0_align.webp,0.007466,1.0,0.198079102107083
database3/database3/m.012yhd/22-FaceId-0_align.webp,0.043044,1.0,0.1701305876229289
database3/database3/m.012yhd/41-FaceId-0_align.webp,0.014599,1.0,0.167262984344223
database3/database3/m.012yhd/87-FaceId-0_align.webp,0.016417,1.0,0.1767802733305715
database3/database3/m.012ysy/40-FaceId-0_align.webp,0.005784,1.0,0.1504584177751917
database3/database3/m.012yxk/51-FaceId-0_align.webp,0.111796,1.0,0.1884165879905748
database3/database3/m.012z8_/39-FaceId-0_align.webp,0.076699,1.0,0.123104795586725
database3/database3/m.012zrl/119-FaceId-0_align.webp,0.19435,0.0,0.117861484514242
database3/database3/m.012zrl/22-FaceId-0_align.webp,0.184216,0.0,0.1523728504584784
database3/database3/m.012zrl/34-FaceId-0_align.webp,0.221002,0.0,0.2011347609154576
database3/database3/m.01300z/111-FaceId-0_align.webp,0.011168,1.0,0.1376058301252974
database3/database3/m.01300z/46-FaceId-0_align.webp,0.004916,1.0,0.1449163022796094
database3/database3/m.01306d/26-FaceId-0_align.webp,0.043181,1.0,0.1688919003573951
database3/database3/m.0130py/108-FaceId-0_align.webp,0.041408,1.0,0.2350128801292524
database3/database3/m.0130py/9-FaceId-0_align.webp,0.045214,1.0,0.1307084317579445
database3/database3/m.0130sy/65-FaceId-0_align.webp,0.067207,1.0,0.0824907872726013
database3/database3/m.013107/34-FaceId-0_align.webp,0.131929,0.0,0.1475171025962416
database3/database3/m.0131kb/28-FaceId-0_align.webp,0.0,1.0,0.0891908200450052
database3/database3/m.0131kb/47-FaceId-0_align.webp,0.0,1.0,0.1326520266051921
database3/database3/m.0131kb/76-FaceId-0_align.webp,0.081559,1.0,0.2415310192387939
database3/database3/m.013267/23-FaceId-0_align.webp,0.049038,1.0,0.1551181607465674
database3/database3/m.0132k4/103-FaceId-0_align.webp,0.076004,1.0,0.1864989067654133
database3/database3/m.0132k4/97-FaceId-0_align.webp,0.101202,1.0,0.1693694290224273
database3/database3/m.0132kn/100-FaceId-0_align.webp,0.045478,1.0,0.1558848480402868
database3/database3/m.0132q1/29-FaceId-0_align.webp,0.017581,0.0,0.1457448903534751
database3/database3/m.013339/106-FaceId-0_align.webp,0.058305,1.0,0.1345767341735942
database3/database3/m.013339/23-FaceId-0_align.webp,0.255508,1.0,0.1766010789082199
database3/database3/m.013339/80-FaceId-0_align.webp,0.066481,1.0,0.1871516935651954
database3/database3/m.01338h/81-FaceId-0_align.webp,0.088482,0.0,0.1264947782851954
database3/database3/m.0133c4/15-FaceId-0_align.webp,0.207364,1.0,0.143320395701707
database3/database3/m.0133x7/100-FaceId-0_align.webp,0.144974,0.0,0.1460984056736382
database3/database3/m.0133yt/45-FaceId-0_align.webp,0.102482,1.0,0.2009500782372927
database3/database3/m.01341q/51-FaceId-0_align.webp,0.043853,1.0,0.2359163624925349
database3/database3/m.013423/105-FaceId-0_align.webp,0.016474,0.0,0.24157715213658
database3/database3/m.013423/43-FaceId-0_align.webp,0.10846,0.0,0.1402268340154162
database3/database3/m.0134cp/27-FaceId-0_align.webp,0.030912,1.0,0.1647958828908006
database3/database3/m.0134cp/34-FaceId-1_align.webp,0.031754,1.0,0.1628793418111674
database3/database3/m.0134cp/53-FaceId-0_align.webp,0.019724,1.0,0.1474614578200547
database3/database3/m.0134dc/38-FaceId-0_align.webp,0.000768,1.0,0.1646689911539109
database3/database3/m.0134dc/73-FaceId-0_align.webp,0.003398,1.0,0.2466590871697443
database3/database3/m.0134fr/66-FaceId-0_align.webp,0.01299,1.0,0.1536787463138226
database3/database3/m.0134fr/82-FaceId-0_align.webp,0.004786,1.0,0.1726276705303637
database3/database3/m.0134wr/11-FaceId-2_align.webp,0.000566,1.0,0.1449986871117064
database3/database3/m.0134wr/30-FaceId-2_align.webp,0.080915,1.0,0.1415374446029743
database3/database3/m.0134wr/52-FaceId-2_align.webp,0.028557,1.0,0.0929497841853955
database3/database3/m.0134wr/65-FaceId-1_align.webp,0.001253,1.0,0.1297209137738777
database3/database3/m.0134wr/69-FaceId-2_align.webp,0.064238,1.0,0.1437260864216134
database3/database3/m.0134wr/89-FaceId-1_align.webp,0.188914,1.0,0.1236978161157612
database3/database3/m.0135nb/89-FaceId-0_align.webp,0.051256,1.0,0.1508973327736773
database3/database3/m.01368v/100-FaceId-0_align.webp,0.078994,0.0,0.1350544782918463
database3/database3/m.01368v/58-FaceId-0_align.webp,0.186435,0.0,0.1366437054135107
database3/database3/m.01368v/59-FaceId-1_align.webp,0.101878,0.0,0.12452353396194
database3/database3/m.0136ms/38-FaceId-0_align.webp,0.015722,1.0,0.1300489440991162
database3/database3/m.0136p1/103-FaceId-0_align.webp,0.341015,0.0,0.1952883087286091
database3/database3/m.0136p1/13-FaceId-0_align.webp,0.259257,0.0,0.164738238061856
database3/database3/m.0136p1/66-FaceId-0_align.webp,0.075301,0.0,0.1442550844267925
database3/database3/m.0136pk/68-FaceId-0_align.webp,0.195786,1.0,0.1842356936656914
database3/database3/m.0136pk/87-FaceId-0_align.webp,0.172482,1.0,0.1662554291667355
database3/database3/m.0136tm/24-FaceId-0_align.webp,0.011359,1.0,0.1456397815909525
database3/database3/m.0137s4/92-FaceId-0_align.webp,0.014219,1.0,0.391100380172848
database3/database3/m.01380_/30-FaceId-0_align.webp,0.062935,1.0,0.215565558789597
database3/database3/m.01380_/84-FaceId-0_align.webp,0.019541,1.0,0.1565980826861108
database3/database3/m.013823/15-FaceId-0_align.webp,0.004502,1.0,0.1113788597125906
database3/database3/m.013823/5-FaceId-0_align.webp,0.029677,1.0,0.114069499100061
database3/database3/m.013846/35-FaceId-0_align.webp,0.005272,1.0,0.1538581504130611
database3/database3/m.013846/71-FaceId-0_align.webp,0.036782,1.0,0.145299948452301
database3/database3/m.01386_/97-FaceId-0_align.webp,0.01382,1.0,0.1255491808631176
database3/database3/m.01386m/93-FaceId-0_align.webp,0.049853,1.0,0.1535277850154234
database3/database3/m.01387g/36-FaceId-0_align.webp,0.020561,1.0,0.1307396156540055
database3/database3/m.01387g/90-FaceId-0_align.webp,0.00159,1.0,0.1127119625240642
database3/database3/m.01387y/2-FaceId-0_align.webp,0.062856,1.0,0.1634218897989665
database3/database3/m.01387y/32-FaceId-0_align.webp,0.048091,1.0,0.1661096583584927
database3/database3/m.01387y/46-FaceId-0_align.webp,0.0006,1.0,0.1253245537616499
database3/database3/m.01388c/29-FaceId-0_align.webp,0.136546,1.0,0.1575692324722474
database3/database3/m.01388c/82-FaceId-0_align.webp,0.007483,1.0,0.1605063140170145
database3/database3/m.01388c/92-FaceId-0_align.webp,0.007604,1.0,0.1407575571921973
database3/database3/m.01389w/75-FaceId-1_align.webp,0.011085,1.0,0.1191900910266776
database3/database3/m.01389w/76-FaceId-0_align.webp,0.018887,1.0,0.1389737883014038
database3/database3/m.0138b7/49-FaceId-0_align.webp,0.173256,1.0,0.1288386692888066
database3/database3/m.0138b7/63-FaceId-0_align.webp,0.091583,1.0,0.2147423689780976
database3/database3/m.0138m1/11-FaceId-0_align.webp,0.033355,1.0,0.1675740550092742
database3/database3/m.0138m1/60-FaceId-0_align.webp,0.027664,1.0,0.127094057180317
database3/database3/m.0139rh/103-FaceId-0_align.webp,0.008771,1.0,0.1287438991964077
database3/database3/m.0139rh/5-FaceId-0_align.webp,0.009412,1.0,0.1153428319899832
database3/database3/m.013_4m/89-FaceId-0_align.webp,0.106225,1.0,0.1206391738018871
database3/database3/m.013_gz/96-FaceId-0_align.webp,0.14677,0.0,0.1520203974189992
database3/database3/m.013_tp/47-FaceId-0_align.webp,0.000171,1.0,0.1724429734334457
database3/database3/m.013b7z/45-FaceId-0_align.webp,0.025843,1.0,0.152390563518517
database3/database3/m.013bym/61-FaceId-0_align.webp,0.110889,0.0,0.1469656359332695
database3/database3/m.013bym/65-FaceId-0_align.webp,0.249006,0.0,0.1267775948297055
database3/database3/m.013bym/66-FaceId-0_align.webp,0.288548,0.0,0.1656700710672752
database3/database3/m.013bym/71-FaceId-0_align.webp,0.115164,0.0,0.1431251144407462
database3/database3/m.013m5y/73-FaceId-0_align.webp,0.0,1.0,0.1923570450512085
database3/database3/m.013p_0/60-FaceId-0_align.webp,0.015459,1.0,0.2638896593219182
database3/database3/m.013p_j/3-FaceId-0_align.webp,0.046784,1.0,0.1464237010200704
database3/database3/m.013p_j/43-FaceId-0_align.webp,0.026287,1.0,0.1422848802911191
database3/database3/m.013p_w/1-FaceId-0_align.webp,0.045903,0.0,0.1477029587118657
database3/database3/m.013p_w/90-FaceId-1_align.webp,0.028906,0.0,0.1366841565253765
database3/database3/m.013pp3/83-FaceId-0_align.webp,0.052247,1.0,0.1873337814578118
database3/database3/m.013ppl/76-FaceId-0_align.webp,0.018885,1.0,0.1273804165474232
database3/database3/m.013q78/86-FaceId-0_align.webp,0.03,1.0,0.1491697037746066
database3/database3/m.013q8x/26-FaceId-0_align.webp,0.110943,1.0,0.2103834931135232
database3/database3/m.013q8x/42-FaceId-0_align.webp,0.056383,1.0,0.1391520524882686
database3/database3/m.013q8x/99-FaceId-0_align.webp,0.005069,1.0,0.1466650591190665
database3/database3/m.013qb0/82-FaceId-0_align.webp,0.080376,1.0,0.1572407948926193
database3/database3/m.013qb0/94-FaceId-0_align.webp,0.14541,1.0,0.1472625426996959
database3/database3/m.013qjp/42-FaceId-0_align.webp,0.027503,1.0,0.141996562733796
database3/database3/m.013qjp/83-FaceId-0_align.webp,0.014,1.0,0.1493911738441288
database3/database3/m.013qpt/31-FaceId-0_align.webp,0.020067,1.0,0.1375970255892315
database3/database3/m.013qq4/70-FaceId-0_align.webp,0.020855,1.0,0.1328894775771917
database3/database3/m.013qwl/61-FaceId-0_align.webp,0.006336,1.0,0.1372884005578389
database3/database3/m.013qwy/18-FaceId-0_align.webp,0.050242,1.0,0.1443930497266594
database3/database3/m.013qy3/30-FaceId-0_align.webp,0.004735,1.0,0.2195472613373022
database3/database3/m.013qy3/92-FaceId-0_align.webp,0.026678,1.0,0.133672912758404
database3/database3/m.013qyh/56-FaceId-1_align.webp,0.057576,1.0,0.3406721424919141
database3/database3/m.013r6h/27-FaceId-0_align.webp,0.054123,1.0,0.1075255337173232
database3/database3/m.013r6h/46-FaceId-0_align.webp,0.123792,1.0,0.3236568610116616
database3/database3/m.013s1b/47-FaceId-0_align.webp,0.148289,1.0,0.2084935931148503
database3/database3/m.013s1t/21-FaceId-0_align.webp,0.005317,1.0,0.1449054285140994
database3/database3/m.013s3/75-FaceId-0_align.webp,0.061568,1.0,0.2123808056363909
database3/database3/m.013s6x/6-FaceId-0_align.webp,0.031839,1.0,0.1435020480964623
database3/database3/m.013s8s/33-FaceId-0_align.webp,0.074629,0.0,0.1342680542795638
database3/database3/m.013sjh/7-FaceId-0_align.webp,0.189385,1.0,0.1907915710698959
database3/database3/m.013t9y/12-FaceId-0_align.webp,0.013435,1.0,0.2040663072037431
database3/database3/m.013tjc/54-FaceId-0_align.webp,0.0,1.0,0.1838003203607645
database3/database3/m.013tjc/56-FaceId-0_align.webp,0.015964,1.0,0.1417070836793638
database3/database3/m.013v12/3-FaceId-0_align.webp,0.018587,1.0,0.1397496009068917
database3/database3/m.013v12/7-FaceId-0_align.webp,0.019979,1.0,0.1394457695649167
database3/database3/m.013v5j/57-FaceId-0_align.webp,0.119854,0.0,0.1337122967278155
database3/database3/m.013vdl/109-FaceId-0_align.webp,0.167747,0.0,0.1157486220658435
database3/database3/m.013vdl/32-FaceId-0_align.webp,0.021263,0.0,0.1323298124924944
database3/database3/m.013vtr/20-FaceId-0_align.webp,0.015954,1.0,0.1477565971765443
database3/database3/m.013w7j/20-FaceId-0_align.webp,0.009375,1.0,0.2152471086108161
database3/database3/m.013w7j/32-FaceId-0_align.webp,0.001151,1.0,0.1565829872680491
database3/database3/m.013w7j/64-FaceId-0_align.webp,0.008592,1.0,0.2350183885377013
database3/database3/m.013w8h/4-FaceId-0_align.webp,0.094597,1.0,0.1352873050596133
database3/database3/m.013wt0/40-FaceId-1_align.webp,0.123008,0.0,0.1530124903997589
database3/database3/m.013wz9/26-FaceId-0_align.webp,0.18678,0.0,0.1533309731618539
database3/database3/m.013wz9/73-FaceId-0_align.webp,0.219059,0.0,0.1602118974520889
database3/database3/m.013xhr/100-FaceId-0_align.webp,0.00219,1.0,0.1585135766940461
database3/database3/m.013xhr/23-FaceId-0_align.webp,0.015916,1.0,0.1519356884636645
database3/database3/m.013xhr/24-FaceId-0_align.webp,0.064866,1.0,0.140417701981434
database3/database3/m.013xhr/33-FaceId-0_align.webp,0.013765,1.0,0.2488886105554509
database3/database3/m.013xhr/42-FaceId-0_align.webp,0.02596,1.0,0.1947155053565243
database3/database3/m.013xs1/10-FaceId-0_align.webp,0.059547,1.0,0.1155295991733043
database3/database3/m.013y2b/23-FaceId-0_align.webp,0.154363,0.0,0.1409832101366112
database3/database3/m.013y2b/32-FaceId-0_align.webp,0.092369,0.0,0.1344663147304556
database3/database3/m.013y2b/66-FaceId-0_align.webp,0.108782,0.0,0.1391431113123846
database3/database3/m.013y2s/40-FaceId-0_align.webp,0.026989,0.0,0.1328779027414713
database3/database3/m.013y2s/73-FaceId-0_align.webp,0.075667,0.0,0.1287333750541368
database3/database3/m.013yd0/51-FaceId-0_align.webp,0.167678,0.0,0.1450796992640097
database3/database3/m.013yd0/92-FaceId-0_align.webp,0.096098,0.0,0.1293205961176058
database3/database3/m.013ykk/37-FaceId-0_align.webp,0.042458,0.0,0.1564420355515907
database3/database3/m.013ykx/9-FaceId-0_align.webp,0.117351,0.0,0.1429522639770641
database3/database3/m.013ylm/42-FaceId-0_align.webp,0.120671,0.0,0.1558150202929157
database3/database3/m.013ylm/97-FaceId-0_align.webp,0.133134,0.0,0.1590219495336877
database3/database3/m.013yvd/37-FaceId-0_align.webp,0.027946,1.0,0.1251926291058202
database3/database3/m.013yvd/75-FaceId-0_align.webp,0.027604,1.0,0.1325421351012659
database3/database3/m.013yyq/27-FaceId-0_align.webp,0.014857,1.0,0.1664433863134769
database3/database3/m.013yyq/44-FaceId-0_align.webp,0.06122,1.0,0.5702707458004952
database3/database3/m.013yyq/48-FaceId-0_align.webp,0.11735,1.0,0.1774127311701483
database3/database3/m.013zjz/16-FaceId-0_align.webp,0.071353,1.0,0.1743626856242358
database3/database3/m.013zm7/89-FaceId-0_align.webp,0.144683,1.0,0.15379146139237
database3/database3/m.013zpf/72-FaceId-0_align.webp,0.0,0.0,0.2404339152679824
database3/database3/m.013zpf/88-FaceId-0_align.webp,0.169008,0.0,0.1456103346916223
database3/database3/m.013zr7/15-FaceId-0_align.webp,0.062795,1.0,0.1298583844316949
database3/database3/m.013zs9/83-FaceId-0_align.webp,0.33489,0.0,0.1791563527764923
database3/database3/m.013zyw/16-FaceId-0_align.webp,0.043076,1.0,0.1219509397563904
database3/database3/m.013zyw/19-FaceId-0_align.webp,0.020445,1.0,0.1122678274613041
database3/database3/m.013zyw/21-FaceId-0_align.webp,0.01715,1.0,0.1175642789615624
database3/database3/m.01400g/101-FaceId-0_align.webp,0.057026,0.0,0.1909041673368569
database3/database3/m.01400g/117-FaceId-0_align.webp,0.219786,0.0,0.1950775834861218
database3/database3/m.01400g/31-FaceId-0_align.webp,0.04717,0.0,0.1440408685296053
database3/database3/m.01400g/47-FaceId-0_align.webp,0.103943,0.0,0.1450467382979498
database3/database3/m.014029/72-FaceId-0_align.webp,0.164078,0.0,0.1243344613431295
database3/database3/m.0140ly/8-FaceId-0_align.webp,0.018837,1.0,0.1270138527905447
database3/database3/m.0140v2/84-FaceId-0_align.webp,0.185102,1.0,0.2773612295117577
database3/database3/m.0141qv/12-FaceId-0_align.webp,0.026897,1.0,0.140384833450868
database3/database3/m.0142n8/3-FaceId-0_align.webp,0.193323,1.0,0.1091272408250956
database3/database3/m.0142n8/5-FaceId-0_align.webp,0.020679,1.0,0.1528916367976113
database3/database3/m.0142sv/3-FaceId-0_align.webp,0.0,1.0,0.0975149756193604
database3/database3/m.0142sv/32-FaceId-0_align.webp,0.0,1.0,0.1020636009689917
database3/database3/m.01433m/64-FaceId-0_align.webp,0.03742,0.0,0.2057286574252355
database3/database3/m.0143sn/66-FaceId-0_align.webp,0.02374,1.0,0.1492827492114287
database3/database3/m.0143wl/30-FaceId-0_align.webp,0.034923,1.0,0.1581045734151904
database3/database3/m.0143wl/81-FaceId-0_align.webp,0.051966,1.0,0.1673047457105854
database3/database3/m.014488/3-FaceId-0_align.webp,0.020128,1.0,0.126481783138999
database3/database3/m.01449w/57-FaceId-0_align.webp,0.017199,1.0,0.2362217282706032
database3/database3/m.01449w/80-FaceId-0_align.webp,0.016942,1.0,0.1829113074807007
database3/database3/m.01449w/99-FaceId-0_align.webp,0.011762,1.0,0.2009907662205699
database3/database3/m.0144_b/77-FaceId-0_align.webp,0.037923,1.0,0.1176014160046458
database3/database3/m.0144_b/99-FaceId-0_align.webp,0.002226,1.0,0.1241244901246901
database3/database3/m.0144k5/45-FaceId-0_align.webp,0.060457,0.0,0.1410125682018023
database3/database3/m.0144k5/53-FaceId-0_align.webp,0.099321,0.0,0.1594617178509693
database3/database3/m.0144k5/58-FaceId-0_align.webp,0.088277,0.0,0.1399843869699161
database3/database3/m.0144k5/85-FaceId-0_align.webp,0.078258,0.0,0.1573922340927527
database3/database3/m.014508/74-FaceId-0_align.webp,0.033711,1.0,0.1463160023455512
database3/database3/m.0146fs/16-FaceId-0_align.webp,0.00871,1.0,0.1347974580030161
database3/database3/m.0147cn/44-FaceId-0_align.webp,0.171045,1.0,0.1545303011098577
database3/database3/m.0147cn/79-FaceId-0_align.webp,0.059428,1.0,0.169591944387469
database3/database3/m.0147jt/99-FaceId-0_align.webp,0.019999,1.0,0.1527379210404629
database3/database3/m.0147qz/78-FaceId-0_align.webp,0.010623,1.0,0.1551126737294652
database3/database3/m.01480y/76-FaceId-0_align.webp,0.0,1.0,0.107794769214282
database3/database3/m.0148_m/52-FaceId-0_align.webp,0.01178,1.0,0.1706080456883441
database3/database3/m.0148m9/58-FaceId-0_align.webp,0.040365,1.0,0.1266070569151079
database3/database3/m.0148qq/63-FaceId-1_align.webp,0.082134,1.0,0.2072723571699368
database3/database3/m.0148x0/17-FaceId-0_align.webp,0.195787,0.0,0.1621397329207578
database3/database3/m.014902/18-FaceId-0_align.webp,0.02167,1.0,0.1566306998178848
database3/database3/m.01491d/96-FaceId-0_align.webp,0.018562,1.0,0.1238239136169312
database3/database3/m.014936/66-FaceId-0_align.webp,0.009581,0.0,0.1500283653275569
database3/database3/m.0149k5/29-FaceId-0_align.webp,0.022158,1.0,0.1440086569440435
database3/database3/m.0149k5/81-FaceId-0_align.webp,0.042078,1.0,0.210520959839689
database3/database3/m.0149vp/23-FaceId-0_align.webp,0.153482,1.0,0.0445526732852723
database3/database3/m.0149vp/3-FaceId-0_align.webp,0.055794,1.0,0.1421356286322281
database3/database3/m.0149vp/63-FaceId-0_align.webp,0.126629,1.0,0.1620452635729987
database3/database3/m.0149wl/102-FaceId-0_align.webp,0.022928,1.0,0.1912927063728263
database3/database3/m.0149wl/45-FaceId-0_align.webp,0.024169,1.0,0.2189433586958618
database3/database3/m.0149xx/94-FaceId-0_align.webp,0.042337,1.0,0.1839767388252496
database3/database3/m.014_1g/72-FaceId-0_align.webp,0.019311,0.0,0.1478535903695372
database3/database3/m.014_1g/8-FaceId-0_align.webp,0.209769,0.0,0.1698487011470632
database3/database3/m.014_4y/6-FaceId-0_align.webp,0.048047,1.0,0.1445268759467228
database3/database3/m.014_sl/106-FaceId-0_align.webp,0.23715,0.0,0.1714945673800422
database3/database3/m.014_sl/74-FaceId-0_align.webp,0.390836,0.0,0.1413885939123909
database3/database3/m.014bn_/16-FaceId-0_align.webp,0.037637,1.0,0.1313881101882522
database3/database3/m.014bn_/85-FaceId-1_align.webp,0.012813,1.0,0.1367889270223622
database3/database3/m.014bps/75-FaceId-0_align.webp,0.000105,1.0,0.1599255843830848
database3/database3/m.014byr/85-FaceId-0_align.webp,0.140079,1.0,0.1772216688541278
database3/database3/m.014bz_/33-FaceId-0_align.webp,0.044503,1.0,0.1546570487427853
database3/database3/m.014c0y/76-FaceId-0_align.webp,0.175143,1.0,0.1533366666529626
database3/database3/m.014c40/62-FaceId-0_align.webp,0.041412,1.0,0.2020603843799281
database3/database3/m.014c40/70-FaceId-0_align.webp,0.059838,1.0,0.1408871047877041
database3/database3/m.014cq/6-FaceId-0_align.webp,0.092137,1.0,0.1358720524705494
database3/database3/m.014cq/86-FaceId-0_align.webp,0.009035,1.0,0.1594791492211759
database3/database3/m.014cw2/26-FaceId-0_align.webp,0.010138,1.0,0.1322149619402302
database3/database3/m.014cw2/50-FaceId-0_align.webp,0.006571,1.0,0.1344230529944156
database3/database3/m.014d0v/117-FaceId-0_align.webp,0.00171,1.0,0.1317670286205511
database3/database3/m.014d0v/5-FaceId-0_align.webp,0.0,1.0,0.0972431075314485
database3/database3/m.014d0v/76-FaceId-0_align.webp,0.001899,1.0,0.1301131139458763
database3/database3/m.014d15/7-FaceId-0_align.webp,0.067756,1.0,0.1596804517072793
database3/database3/m.014d3/12-FaceId-0_align.webp,0.002261,1.0,0.1366707284951828
database3/database3/m.014d3/72-FaceId-0_align.webp,0.018566,1.0,0.1309417227363405
database3/database3/m.014d3y/82-FaceId-0_align.webp,0.033512,0.0,0.5479597585241252
database3/database3/m.014dg1/103-FaceId-0_align.webp,0.026524,1.0,0.1364502626321629
database3/database3/m.014dg1/51-FaceId-0_align.webp,0.001679,1.0,0.1575997040335934
database3/database3/m.014dg1/65-FaceId-0_align.webp,0.0,1.0,0.1006975374930355
database3/database3/m.014dg1/7-FaceId-0_align.webp,0.01106,1.0,0.159977243407124
database3/database3/m.014dg1/86-FaceId-0_align.webp,0.019596,1.0,0.1483071071996431
database3/database3/m.014dm6/105-FaceId-0_align.webp,0.23153,1.0,0.1539197484991509
database3/database3/m.014dy_/50-FaceId-0_align.webp,0.069776,1.0,0.0980277092134336
database3/database3/m.014dy_/73-FaceId-0_align.webp,0.01239,1.0,0.1307387666247458
database3/database3/m.014f8k/25-FaceId-0_align.webp,0.24634,0.0,0.1412189633382611
database3/database3/m.014f8k/9-FaceId-0_align.webp,0.182534,0.0,0.1425686785868411
database3/database3/m.014fcb/0-FaceId-0_align.webp,0.028343,1.0,0.1454245424023425
database3/database3/m.014fd7/98-FaceId-0_align.webp,0.096652,1.0,0.1535187080608061
database3/database3/m.014g17/1-FaceId-0_align.webp,0.005705,1.0,0.1517548878135622
database3/database3/m.014g17/9-FaceId-0_align.webp,0.079641,1.0,0.2048524329372186
database3/database3/m.014g22/90-FaceId-0_align.webp,0.35161,0.0,0.1827073749502993
database3/database3/m.014g6c/86-FaceId-0_align.webp,0.02888,1.0,0.151268407791226
database3/database3/m.014g6v/43-FaceId-0_align.webp,0.001902,1.0,0.1317297892938389
database3/database3/m.014g79/86-FaceId-0_align.webp,0.049609,1.0,0.1523718872144913
database3/database3/m.014g8p/48-FaceId-0_align.webp,0.000256,1.0,0.182762602891041
database3/database3/m.014g9y/12-FaceId-0_align.webp,0.038159,0.0,0.1521116668884486
database3/database3/m.014g_f/26-FaceId-0_align.webp,0.000817,1.0,0.0838497615821234
database3/database3/m.014g_f/35-FaceId-0_align.webp,0.001771,1.0,0.1377355473307346
database3/database3/m.014gf8/102-FaceId-0_align.webp,0.00204,1.0,0.387233044776672
database3/database3/m.014gf8/28-FaceId-0_align.webp,0.018311,1.0,0.1189129328138167
database3/database3/m.014gf8/69-FaceId-0_align.webp,0.050273,1.0,0.1423506060785136
database3/database3/m.014gf8/9-FaceId-0_align.webp,0.034223,1.0,0.1378854799261211
database3/database3/m.014gsd/79-FaceId-0_align.webp,0.118598,1.0,0.1662901771535
database3/database3/m.014h_s/80-FaceId-0_align.webp,0.173494,0.0,0.1562217882704283
database3/database3/m.014hlm/54-FaceId-0_align.webp,0.078394,0.0,0.1403442072024984
database3/database3/m.014hmv/53-FaceId-1_align.webp,0.0,1.0,0.1417127650447309
database3/database3/m.014j8m/72-FaceId-0_align.webp,0.0057,1.0,0.1551006122966519
database3/database3/m.014jb8/10-FaceId-0_align.webp,0.009911,1.0,0.2378326186996598
database3/database3/m.014jk0/16-FaceId-0_align.webp,0.026202,1.0,0.2058954199382058
database3/database3/m.014jk0/61-FaceId-0_align.webp,0.011335,1.0,0.4277888249775488
database3/database3/m.014jk0/74-FaceId-0_align.webp,0.003357,1.0,0.278933732932453
database3/database3/m.014jxq/20-FaceId-0_align.webp,0.165895,0.0,0.1592932135342947
database3/database3/m.014jxq/43-FaceId-0_align.webp,0.136492,0.0,0.1181544175344124
database3/database3/m.014jy6/23-FaceId-0_align.webp,0.150311,1.0,0.2466903143276924
database3/database3/m.014jy6/50-FaceId-0_align.webp,0.042148,1.0,0.1401301512401845
database3/database3/m.014jy6/97-FaceId-0_align.webp,0.061362,1.0,0.2108399220948719
database3/database3/m.014k1v/95-FaceId-3_align.webp,0.133686,1.0,0.1963021901670935
database3/database3/m.014k2p/25-FaceId-0_align.webp,0.315824,1.0,0.1690515249868495
database3/database3/m.014kbz/16-FaceId-0_align.webp,0.028027,1.0,0.1441508126744312
database3/database3/m.014kbz/22-FaceId-0_align.webp,0.028933,1.0,0.1493063774320717
database3/database3/m.014kbz/81-FaceId-0_align.webp,0.006506,1.0,0.1520788245440933
database3/database3/m.014kxv/1-FaceId-0_align.webp,0.013313,1.0,0.131399004254763
database3/database3/m.014kxv/11-FaceId-0_align.webp,0.053384,1.0,0.1124257019202977
database3/database3/m.014lb1/14-FaceId-2_align.webp,0.000111,0.0,0.1182063705513877
database3/database3/m.014lb1/47-FaceId-0_align.webp,0.167631,0.0,0.140974026771198
database3/database3/m.014lb1/62-FaceId-1_align.webp,0.053145,0.0,0.1323253941767479
database3/database3/m.014lyb/65-FaceId-0_align.webp,0.056831,1.0,0.1396890891548877
database3/database3/m.014m_1/70-FaceId-0_align.webp,0.018552,1.0,0.1383891931030907
database3/database3/m.014mvy/17-FaceId-0_align.webp,0.196734,1.0,0.2020446929666789
database3/database3/m.014mvy/58-FaceId-0_align.webp,0.218895,1.0,0.2116686634889042
database3/database3/m.014n_k/48-FaceId-0_align.webp,0.006557,1.0,0.1466729790289719
database3/database3/m.014n_k/70-FaceId-0_align.webp,0.029858,1.0,0.1338350731075715
database3/database3/m.014nfw/87-FaceId-0_align.webp,0.123499,0.0,0.141603819302675
database3/database3/m.014p33/83-FaceId-2_align.webp,0.084076,0.0,0.1297151225116548
database3/database3/m.014p33/87-FaceId-0_align.webp,0.07546,0.0,0.1410145958787547
database3/database3/m.014ptb/14-FaceId-1_align.webp,0.016295,1.0,0.1755863260662099
database3/database3/m.014ptb/5-FaceId-0_align.webp,0.001038,1.0,0.2156811624147012
database3/database3/m.014ptb/50-FaceId-0_align.webp,0.185526,1.0,0.1338088206310662
database3/database3/m.014pxk/118-FaceId-0_align.webp,0.227914,1.0,0.2005580194807238
database3/database3/m.014pys/19-FaceId-0_align.webp,0.047245,1.0,0.2177054709244543
database3/database3/m.014pzz/110-FaceId-0_align.webp,0.13041,0.0,0.1364912855293929
database3/database3/m.014qjt/47-FaceId-0_align.webp,0.002851,1.0,0.1510964801337392
database3/database3/m.014r6r/81-FaceId-0_align.webp,0.091441,0.0,0.1293344540694085
database3/database3/m.014s81/3-FaceId-0_align.webp,0.077926,1.0,0.1536340217934007
database3/database3/m.014sj7/7-FaceId-0_align.webp,0.074577,1.0,0.1715716195764442
database3/database3/m.014skb/4-FaceId-0_align.webp,0.096076,0.0,0.1447494444735798
database3/database3/m.014skb/53-FaceId-0_align.webp,0.075066,0.0,0.1391757099918362
database3/database3/m.014skb/55-FaceId-0_align.webp,0.080414,0.0,0.1476402954761073
database3/database3/m.014v1q/8-FaceId-1_align.webp,0.038359,1.0,0.1675081801966044
database3/database3/m.014v6x/16-FaceId-0_align.webp,0.159906,0.0,0.1382447851374886
database3/database3/m.014v6x/20-FaceId-0_align.webp,0.306955,0.0,0.1570017561794476
database3/database3/m.014v6x/88-FaceId-0_align.webp,0.075191,0.0,0.1232504639609961
database3/database3/m.014vbq/60-FaceId-0_align.webp,0.005701,1.0,0.2346650563478279
database3/database3/m.014vnb/46-FaceId-0_align.webp,0.027126,1.0,0.1372611194243677
database3/database3/m.014vnb/51-FaceId-0_align.webp,0.043084,1.0,0.1321129429301057
database3/database3/m.014vtj/100-FaceId-0_align.webp,0.000679,1.0,0.1441622427092147
database3/database3/m.014wsb/38-FaceId-0_align.webp,0.106862,1.0,0.1425645978034127
database3/database3/m.014x0w/28-FaceId-0_align.webp,0.353028,0.0,0.3043914833931237
database3/database3/m.014x0w/74-FaceId-0_align.webp,0.177523,0.0,0.146035135752694
database3/database3/m.014x0w/96-FaceId-0_align.webp,0.217684,0.0,0.1594641292337601
database3/database3/m.014xn7/100-FaceId-0_align.webp,0.007084,1.0,0.1144226005154389
database3/database3/m.014xn7/42-FaceId-0_align.webp,0.003105,1.0,0.1273487809494057
database3/database3/m.014xr2/5-FaceId-0_align.webp,0.387134,0.0,0.217977874953466
database3/database3/m.014xr2/87-FaceId-0_align.webp,0.341771,0.0,0.1817248131527421
database3/database3/m.014xzx/93-FaceId-0_align.webp,0.351892,1.0,0.1847349100203917
database3/database3/m.014y6/74-FaceId-0_align.webp,0.012495,1.0,0.1418665880651489
database3/database3/m.014y6/95-FaceId-0_align.webp,0.006882,1.0,0.1564419313144545
database3/database3/m.014y7g/1-FaceId-0_align.webp,0.005692,1.0,0.1327785210244106
database3/database3/m.014z8v/77-FaceId-0_align.webp,0.004141,1.0,0.1363497665445905
database3/database3/m.014zfs/76-FaceId-0_align.webp,0.024924,1.0,0.1353332921690667
database3/database3/m.014zxh/99-FaceId-0_align.webp,0.008633,1.0,0.262237305889332
database3/database3/m.014zy/105-FaceId-0_align.webp,0.175949,1.0,0.1896995950983982
database3/database3/m.014zy/22-FaceId-0_align.webp,0.048224,1.0,0.1710049874271293
database3/database3/m.014zy/56-FaceId-0_align.webp,0.135716,1.0,0.2616864925104709
database3/database3/m.015076/99-FaceId-0_align.webp,0.0064,1.0,0.2142153193999736
database3/database3/m.01507p/0-FaceId-0_align.webp,0.067522,1.0,0.1554522251320979
database3/database3/m.01509x/60-FaceId-0_align.webp,0.015557,1.0,0.1500941525544428
database3/database3/m.0150bp/103-FaceId-0_align.webp,0.041675,0.0,0.1263773534685069
database3/database3/m.0150j5/31-FaceId-0_align.webp,0.003889,1.0,0.1137856563619553
database3/database3/m.0150j5/4-FaceId-0_align.webp,0.006229,1.0,0.1276468120057856
database3/database3/m.0150j5/71-FaceId-0_align.webp,0.062123,1.0,0.1371156420244191
database3/database3/m.0150j5/81-FaceId-0_align.webp,0.001136,1.0,0.0930715275490541
database3/database3/m.0150j5/86-FaceId-0_align.webp,0.002669,1.0,0.1230890329317113
database3/database3/m.0150m1/111-FaceId-0_align.webp,0.023781,1.0,0.1685193354553854
database3/database3/m.0150m1/13-FaceId-0_align.webp,0.071346,1.0,0.1481851364747707
database3/database3/m.0150mg/0-FaceId-0_align.webp,0.057671,1.0,0.2606084474213845
database3/database3/m.0150mg/69-FaceId-0_align.webp,0.220147,1.0,0.1702914231815558
database3/database3/m.0150mg/88-FaceId-0_align.webp,0.14546,1.0,0.1609512636301761
database3/database3/m.0150mg/97-FaceId-0_align.webp,0.078806,1.0,0.1573269175873659
database3/database3/m.0150rl/42-FaceId-0_align.webp,0.016396,0.0,0.1231764996536356
database3/database3/m.0150t6/36-FaceId-0_align.webp,0.017669,1.0,0.1299551025212586
database3/database3/m.0150t6/41-FaceId-0_align.webp,0.022058,1.0,0.1207631490891784
database3/database3/m.0150t6/63-FaceId-0_align.webp,0.015119,1.0,0.14578846904051
database3/database3/m.01519n/21-FaceId-0_align.webp,0.389316,0.0,0.2098308584061151
database3/database3/m.01519n/69-FaceId-0_align.webp,0.017235,0.0,0.1537456968479759
database3/database3/m.0151fv/54-FaceId-0_align.webp,0.017876,0.0,0.1255712060175343
database3/database3/m.0151fv/90-FaceId-0_align.webp,0.296844,0.0,0.1659854151126335
database3/database3/m.0151fv/94-FaceId-0_align.webp,0.121468,0.0,0.1979472071083007
database3/database3/m.0151n1/16-FaceId-0_align.webp,0.044648,1.0,0.1479768072107533
database3/database3/m.0151n1/26-FaceId-0_align.webp,0.101903,1.0,0.1620952709717628
database3/database3/m.0151n1/29-FaceId-0_align.webp,0.049938,1.0,0.179027105349089
database3/database3/m.0151n1/36-FaceId-0_align.webp,0.038201,1.0,0.1635689685534082
database3/database3/m.0151n1/53-FaceId-0_align.webp,0.021607,1.0,0.1832245437964823
database3/database3/m.0151p8/29-FaceId-0_align.webp,0.003452,1.0,0.1111098463881676
database3/database3/m.0151xv/30-FaceId-0_align.webp,0.007121,1.0,0.1482800785507228
database3/database3/m.0151xv/44-FaceId-0_align.webp,0.021629,1.0,0.1485409161064606
database3/database3/m.0151xv/88-FaceId-0_align.webp,0.006779,1.0,0.1617211718244768
database3/database3/m.0151zx/92-FaceId-0_align.webp,0.043036,1.0,0.1880203237803366
database3/database3/m.0152cw/42-FaceId-0_align.webp,0.083199,0.0,0.1387405335003987
database3/database3/m.0152xn/72-FaceId-0_align.webp,0.043462,1.0,0.175262189594638
database3/database3/m.015302/4-FaceId-0_align.webp,0.000416,1.0,0.1158594190717538
database3/database3/m.0153dp/1-FaceId-0_align.webp,0.039324,1.0,0.1508056612052418
database3/database3/m.0153dp/88-FaceId-0_align.webp,0.057869,1.0,0.1264792429329849
database3/database3/m.0153vt/1-FaceId-0_align.webp,0.335303,1.0,0.1495640172634898
database3/database3/m.0153vt/81-FaceId-0_align.webp,0.087285,1.0,0.1681830622901434
database3/database3/m.0153y1/16-FaceId-0_align.webp,0.166114,0.0,0.1494838640029786
database3/database3/m.01541z/117-FaceId-0_align.webp,0.111734,0.0,0.1412817151274957
database3/database3/m.01547g/3-FaceId-0_align.webp,0.153164,0.0,0.1462912669816189
database3/database3/m.01547g/73-FaceId-0_align.webp,0.246081,0.0,0.1447589181135447
database3/database3/m.0154d7/52-FaceId-0_align.webp,0.115018,1.0,0.1651911107275646
database3/database3/m.0154ff/10-FaceId-0_align.webp,0.121913,0.0,0.1350466266923531
database3/database3/m.0154hr/101-FaceId-0_align.webp,0.090433,0.0,0.1599267601680023
database3/database3/m.0154hr/109-FaceId-0_align.webp,0.038439,0.0,0.1689230934269818
database3/database3/m.0154hr/18-FaceId-0_align.webp,0.07836,0.0,0.1821866676606819
database3/database3/m.0154hr/28-FaceId-0_align.webp,0.045785,0.0,0.1436106191830242
database3/database3/m.0154s9/24-FaceId-0_align.webp,0.052837,1.0,0.1284015219274214
database3/database3/m.0154x6/57-FaceId-0_align.webp,0.061779,0.0,0.1375100149283125
database3/database3/m.01552j/40-FaceId-0_align.webp,0.017747,1.0,0.132786333816983
database3/database3/m.01558d/79-FaceId-0_align.webp,0.014812,1.0,0.0981142945369199
database3/database3/m.01558d/8-FaceId-0_align.webp,0.124089,1.0,0.1290213086696958
database3/database3/m.0155zp/26-FaceId-0_align.webp,0.000547,1.0,0.1327310990692483
database3/database3/m.0155zp/7-FaceId-0_align.webp,0.015991,1.0,0.1355804873632337
database3/database3/m.0155zp/79-FaceId-0_align.webp,0.02849,1.0,0.1817224910160527
database3/database3/m.0155zp/88-FaceId-0_align.webp,0.072148,1.0,0.1437680503466963
database3/database3/m.0156dg/11-FaceId-0_align.webp,0.153809,0.0,0.1751683943520083
database3/database3/m.0156dg/2-FaceId-0_align.webp,0.144571,0.0,0.1844265183917461
database3/database3/m.0156y1/31-FaceId-0_align.webp,0.047284,1.0,0.1417022020051248
database3/database3/m.01574b/45-FaceId-0_align.webp,0.070647,0.0,0.1552280227127957
database3/database3/m.015796/86-FaceId-0_align.webp,0.081944,0.0,0.1487214316021477
database3/database3/m.0157m/20-FaceId-0_align.webp,0.028257,1.0,0.1144480780739925
database3/database3/m.0157m/24-FaceId-0_align.webp,0.028454,1.0,0.1296989017189289
database3/database3/m.0157m/25-FaceId-0_align.webp,0.020124,1.0,0.1280194538803456
database3/database3/m.0157m/73-FaceId-0_align.webp,0.033963,1.0,0.1467801353897519
database3/database3/m.0157r6/22-FaceId-1_align.webp,0.0,1.0,0.1980049404495794
database3/database3/m.0157ry/29-FaceId-0_align.webp,0.027582,1.0,0.1505536410659306
database3/database3/m.015882/17-FaceId-0_align.webp,0.396178,0.0,0.1622142974794128
database3/database3/m.015882/20-FaceId-0_align.webp,0.380878,0.0,0.179035004195897
database3/database3/m.015882/75-FaceId-0_align.webp,0.386665,0.0,0.1846762436903591
database3/database3/m.0158r2/73-FaceId-0_align.webp,0.173377,0.0,0.1449618207561298
database3/database3/m.01598m/79-FaceId-0_align.webp,0.475474,0.0,0.1770911590003164
database3/database3/m.0159wm/104-FaceId-0_align.webp,0.007308,1.0,0.1016805163272244
database3/database3/m.0159wm/9-FaceId-0_align.webp,0.002891,1.0,0.08796798306564
database3/database3/m.015_44/31-FaceId-0_align.webp,0.062168,0.0,0.1349525597607456
database3/database3/m.015_44/64-FaceId-0_align.webp,0.356589,0.0,0.1942830024441951
database3/database3/m.015_44/84-FaceId-0_align.webp,0.3229,0.0,0.1945452198035664
database3/database3/m.015b67/34-FaceId-0_align.webp,0.034996,1.0,0.1367062521774557
database3/database3/m.015bhj/103-FaceId-1_align.webp,0.041754,1.0,0.0
database3/database3/m.015bhj/70-FaceId-0_align.webp,0.00385,1.0,0.1339580067264572
database3/database3/m.015bnf/68-FaceId-0_align.webp,0.066968,0.0,0.1419128706853767
database3/database3/m.015brk/18-FaceId-0_align.webp,0.023166,1.0,0.1538592330429624
database3/database3/m.015bw2/110-FaceId-0_align.webp,0.01319,1.0,0.1433292209463607
database3/database3/m.015bw2/40-FaceId-0_align.webp,0.013047,1.0,0.1625392697913578
database3/database3/m.015bw2/68-FaceId-0_align.webp,0.00956,1.0,0.1630638390191676
database3/database3/m.015c2f/3-FaceId-0_align.webp,0.072717,0.0,0.1347568232664864
database3/database3/m.015c2f/47-FaceId-0_align.webp,0.01548,0.0,0.1513610488380946
database3/database3/m.015c2f/49-FaceId-0_align.webp,0.031524,0.0,0.1487015303606146
database3/database3/m.015c2f/8-FaceId-0_align.webp,0.126031,0.0,0.149947194205033
database3/database3/m.015c4g/7-FaceId-0_align.webp,0.000573,1.0,0.1351142558541403
database3/database3/m.015c4g/83-FaceId-0_align.webp,0.000391,1.0,0.1188289874072207
database3/database3/m.015cyn/17-FaceId-0_align.webp,0.046212,1.0,0.1394274242557808
database3/database3/m.015cyn/5-FaceId-0_align.webp,0.152464,1.0,0.1171485365534073
database3/database3/m.015czg/24-FaceId-0_align.webp,0.141052,1.0,0.1535175996600498
database3/database3/m.015d2r/66-FaceId-0_align.webp,0.064087,1.0,0.2831528684315709
database3/database3/m.015d2r/86-FaceId-0_align.webp,0.029999,1.0,0.1444583571051083
database3/database3/m.015dcj/83-FaceId-0_align.webp,0.023385,1.0,0.151531350529107
database3/database3/m.015dgg/80-FaceId-0_align.webp,0.001775,1.0,0.1660978821583908
database3/database3/m.015djp/24-FaceId-0_align.webp,0.0,1.0,0.1132981224788586
database3/database3/m.015djp/27-FaceId-0_align.webp,0.037685,1.0,0.1503278446055574
database3/database3/m.015dk3/22-FaceId-0_align.webp,0.027592,1.0,0.1195367796286911
database3/database3/m.015dnt/38-FaceId-0_align.webp,0.001692,1.0,0.1626534219944884
database3/database3/m.015dnt/42-FaceId-1_align.webp,0.102539,1.0,0.0912776422586758
database3/database3/m.015dqj/29-FaceId-0_align.webp,0.034796,1.0,0.14608748391838
database3/database3/m.015dsz/54-FaceId-1_align.webp,0.002756,1.0,0.1210729431827877
database3/database3/m.015dx/106-FaceId-0_align.webp,0.065832,0.0,0.1410024569920772
database3/database3/m.015dx/112-FaceId-0_align.webp,0.282009,0.0,0.1539805213136637
database3/database3/m.015dx/117-FaceId-0_align.webp,0.154935,0.0,0.1254372769653984
database3/database3/m.015dx/16-FaceId-0_align.webp,0.065933,0.0,0.1546904466562478
database3/database3/m.015dx/75-FaceId-0_align.webp,0.127561,0.0,0.1636741921444902
database3/database3/m.015dz8/51-FaceId-0_align.webp,0.051527,1.0,0.141635978516693
database3/database3/m.015f6_/9-FaceId-0_align.webp,0.050822,1.0,0.1510861385663855
database3/database3/m.015fxn/110-FaceId-1_align.webp,0.050721,0.0,0.1354207374287639
database3/database3/m.015fyd/19-FaceId-0_align.webp,0.055834,0.0,0.1464457116021797
database3/database3/m.015g36/86-FaceId-0_align.webp,0.010069,0.0,0.1379790085547623
database3/database3/m.015g98/4-FaceId-0_align.webp,0.031227,1.0,0.1664162421225836
database3/database3/m.015g_7/108-FaceId-0_align.webp,0.075445,1.0,0.1406427001582133
database3/database3/m.015ghl/29-FaceId-0_align.webp,0.035495,0.0,0.1356957053622005
database3/database3/m.015ghl/58-FaceId-0_align.webp,0.114793,0.0,0.109836714338344
database3/database3/m.015ghl/7-FaceId-0_align.webp,0.022651,0.0,0.1229378014870567
database3/database3/m.015gjr/36-FaceId-0_align.webp,0.054888,1.0,0.142125493549087
database3/database3/m.015gjr/40-FaceId-0_align.webp,0.045893,1.0,0.1209030016781499
database3/database3/m.015gjr/84-FaceId-0_align.webp,0.042274,1.0,0.2470741404736918
database3/database3/m.015gqm/96-FaceId-1_align.webp,0.236979,1.0,0.1803935042566632
database3/database3/m.015grj/83-FaceId-0_align.webp,0.0,1.0,0.1193001298638564
database3/database3/m.015grj/95-FaceId-0_align.webp,0.006074,1.0,0.1113970503664191
database3/database3/m.015grj/98-FaceId-0_align.webp,0.00126,1.0,0.0933332476474624
database3/database3/m.015gsv/100-FaceId-0_align.webp,0.087077,1.0,0.1662025872205685
database3/database3/m.015gsv/72-FaceId-0_align.webp,0.017745,1.0,0.1413925483150306
database3/database3/m.015gx1/70-FaceId-0_align.webp,0.056653,1.0,0.1426154133790998
database3/database3/m.015gy7/28-FaceId-0_align.webp,0.011386,1.0,0.1564052625701284
database3/database3/m.015gzc/94-FaceId-0_align.webp,0.077714,1.0,0.1469158581682073
database3/database3/m.015h25/3-FaceId-0_align.webp,0.001481,1.0,0.111002940426604
database3/database3/m.015h7y/30-FaceId-0_align.webp,0.014431,1.0,0.1530508302679798
database3/database3/m.015htz/46-FaceId-0_align.webp,0.135648,0.0,0.1398560982052266
database3/database3/m.015j58/58-FaceId-0_align.webp,0.016994,1.0,0.1422757621919897
database3/database3/m.015j6h/20-FaceId-0_align.webp,0.005265,1.0,0.1518293354398823
database3/database3/m.015j6h/37-FaceId-0_align.webp,0.094841,1.0,0.1761049717317036
database3/database3/m.015j6y/47-FaceId-0_align.webp,0.10488,0.0,0.1765942894101121
database3/database3/m.015j6y/5-FaceId-0_align.webp,0.085053,0.0,0.134478363367212
database3/database3/m.015j6y/73-FaceId-1_align.webp,0.12413,0.0,0.1480032649931454
database3/database3/m.015j8x/17-FaceId-0_align.webp,0.049084,1.0,0.1575972672406796
database3/database3/m.015j8x/42-FaceId-0_align.webp,0.021866,1.0,0.21409799884344
database3/database3/m.015jjw/46-FaceId-0_align.webp,0.068702,1.0,0.1937702357121681
database3/database3/m.015jjw/69-FaceId-0_align.webp,0.113403,1.0,0.2084909665888974
database3/database3/m.015jvm/105-FaceId-0_align.webp,0.006549,1.0,0.1257442445688437
database3/database3/m.015jvm/32-FaceId-0_align.webp,0.01088,1.0,0.1201098056507387
database3/database3/m.015jvm/85-FaceId-0_align.webp,0.111985,1.0,0.1809691878430849
database3/database3/m.015k04/104-FaceId-0_align.webp,0.087765,0.0,0.12340437172664
database3/database3/m.015k04/33-FaceId-0_align.webp,0.019732,0.0,0.1493470297388358
database3/database3/m.015k04/68-FaceId-0_align.webp,0.032064,0.0,0.1442616517559942
database3/database3/m.015k9x/19-FaceId-0_align.webp,0.079615,0.0,0.1440695563005602
database3/database3/m.015k9x/84-FaceId-0_align.webp,0.154994,0.0,0.6028728243820467
database3/database3/m.015kbd/21-FaceId-0_align.webp,0.030994,1.0,0.1203350601762211
database3/database3/m.015kbd/80-FaceId-0_align.webp,0.061754,1.0,0.3133495790964757
database3/database3/m.015khm/4-FaceId-0_align.webp,0.027803,1.0,0.0972091056007491
database3/database3/m.015klf/75-FaceId-0_align.webp,0.0,1.0,0.1025514140181425
database3/database3/m.015ksl/24-FaceId-0_align.webp,0.23069,1.0,0.1469363036312347
database3/database3/m.015ksl/26-FaceId-1_align.webp,0.043132,1.0,0.305010558308166
database3/database3/m.015ksl/31-FaceId-0_align.webp,0.096817,1.0,0.1481474585262607
database3/database3/m.015ksl/72-FaceId-0_align.webp,0.014945,1.0,0.1428800887570131
database3/database3/m.015ksy/70-FaceId-0_align.webp,0.064697,1.0,0.1344737647575402
database3/database3/m.015ksy/90-FaceId-0_align.webp,0.039383,1.0,0.1352088231938692
database3/database3/m.015kt_/7-FaceId-0_align.webp,0.084368,1.0,0.1273177322967377
database3/database3/m.015l1l/126-FaceId-0_align.webp,0.0,1.0,0.0907672845395253
database3/database3/m.015l51/58-FaceId-0_align.webp,0.077217,1.0,0.1249781422026199
database3/database3/m.015lg2/3-FaceId-0_align.webp,0.081487,1.0,0.2520863798960717
database3/database3/m.015m2c/35-FaceId-0_align.webp,0.111821,0.0,0.2334572153632061
database3/database3/m.015m2c/62-FaceId-0_align.webp,0.107098,0.0,0.2180985930815765
database3/database3/m.015m2c/96-FaceId-0_align.webp,0.077293,0.0,0.2337734587604052
database3/database3/m.015m2v/50-FaceId-0_align.webp,0.014038,1.0,0.1332543786892981
database3/database3/m.015m_9/103-FaceId-0_align.webp,0.203457,0.0,0.1837329583040457
database3/database3/m.015m_9/23-FaceId-0_align.webp,0.194385,0.0,0.1438619334171371
database3/database3/m.015mfy/124-FaceId-0_align.webp,0.011509,1.0,0.22460899074309
database3/database3/m.015mfy/44-FaceId-0_align.webp,0.015486,1.0,0.2356263069099611
database3/database3/m.015ncq/12-FaceId-0_align.webp,0.097302,0.0,0.1473728409486635
database3/database3/m.015ncq/15-FaceId-0_align.webp,0.108176,0.0,0.1455761103334486
database3/database3/m.015ncq/43-FaceId-0_align.webp,0.173231,0.0,0.2031015501412711
database3/database3/m.015nr6/10-FaceId-0_align.webp,0.135309,0.0,0.1268375232140345
database3/database3/m.015nxw/46-FaceId-0_align.webp,0.033616,1.0,0.1451995316851776
database3/database3/m.015nz8/33-FaceId-0_align.webp,0.258768,1.0,0.1483261519791422
database3/database3/m.015p0c/3-FaceId-0_align.webp,0.047687,1.0,0.1221832762568521
database3/database3/m.015p37/5-FaceId-0_align.webp,0.024022,0.0,0.2526460946994875
database3/database3/m.015p3p/83-FaceId-3_align.webp,0.095309,1.0,0.1966100144477022
database3/database3/m.015p_p/4-FaceId-0_align.webp,0.041582,1.0,0.2512307064148232
database3/database3/m.015ph6/52-FaceId-0_align.webp,0.019715,1.0,0.1335591504083463
database3/database3/m.015ph6/9-FaceId-0_align.webp,0.017184,1.0,0.1116685855647836
database3/database3/m.015phm/91-FaceId-0_align.webp,0.017375,1.0,0.1069998706524136
database3/database3/m.015pqq/24-FaceId-0_align.webp,0.179784,0.0,0.1493670688623639
database3/database3/m.015pqq/66-FaceId-0_align.webp,0.136121,0.0,0.224592666199297
database3/database3/m.015pqq/87-FaceId-0_align.webp,0.018013,0.0,0.1543225694520025
database3/database3/m.015pt7/51-FaceId-0_align.webp,0.127322,1.0,0.1720262846290795
database3/database3/m.015pt7/58-FaceId-0_align.webp,0.035197,1.0,0.1345850728155521
database3/database3/m.015pt7/60-FaceId-0_align.webp,0.049196,1.0,0.2025743862087406
database3/database3/m.015pvh/112-FaceId-0_align.webp,0.330281,0.0,0.167585316091142
database3/database3/m.015px7/44-FaceId-0_align.webp,0.034165,1.0,0.1341415216779889
database3/database3/m.015px7/91-FaceId-0_align.webp,0.015722,1.0,0.1622193390392646
database3/database3/m.015pxr/76-FaceId-0_align.webp,0.013737,1.0,0.1368023124198023
database3/database3/m.015pxr/85-FaceId-0_align.webp,0.04711,1.0,0.1560846916540109
database3/database3/m.015pz3/26-FaceId-0_align.webp,0.029214,1.0,0.1503809430248708
database3/database3/m.015q3m/88-FaceId-0_align.webp,0.02977,1.0,0.1174074249077231
database3/database3/m.015q43/44-FaceId-0_align.webp,0.14431,0.0,0.1564979449041897
database3/database3/m.015q43/83-FaceId-0_align.webp,0.202776,0.0,0.1747188158096948
database3/database3/m.015q7v/66-FaceId-0_align.webp,0.123951,1.0,0.1541363256943936
database3/database3/m.015q7v/70-FaceId-0_align.webp,0.084162,1.0,0.1538344713856036
database3/database3/m.015q7v/74-FaceId-0_align.webp,0.166774,1.0,0.2590598195631509
database3/database3/m.015q7v/95-FaceId-0_align.webp,0.114436,1.0,0.1353032117463036
database3/database3/m.015q9_/38-FaceId-0_align.webp,0.073529,1.0,0.1599279376062288
database3/database3/m.015q9_/55-FaceId-0_align.webp,0.228226,1.0,0.1607841256796517
database3/database3/m.015qgb/80-FaceId-0_align.webp,0.240744,0.0,0.1896241121733095
database3/database3/m.015ql4/49-FaceId-0_align.webp,0.010843,1.0,0.1379005496726817
database3/database3/m.015ql_/79-FaceId-0_align.webp,0.076307,0.0,0.160487204642038
database3/database3/m.015qlm/10-FaceId-0_align.webp,0.050821,0.0,0.1504642681075255
database3/database3/m.015qlm/70-FaceId-0_align.webp,0.030997,0.0,0.1499696249825907
database3/database3/m.015qpn/63-FaceId-0_align.webp,0.366396,1.0,0.1214336792025635
database3/database3/m.015qq1/36-FaceId-0_align.webp,0.022633,1.0,0.1249370191319639
database3/database3/m.015qty/73-FaceId-0_align.webp,0.019129,1.0,0.1188425435173046
database3/database3/m.015qty/74-FaceId-0_align.webp,0.007618,1.0,0.1378379189895227
database3/database3/m.015qv9/29-FaceId-0_align.webp,0.006101,1.0,0.14611598134772
database3/database3/m.015qxn/75-FaceId-0_align.webp,0.029389,1.0,0.117615346588785
database3/database3/m.015qxn/81-FaceId-0_align.webp,0.000968,1.0,0.1935585445676536
database3/database3/m.015qyf/14-FaceId-0_align.webp,0.032701,1.0,0.148998863398115
database3/database3/m.015qzv/12-FaceId-0_align.webp,0.03298,1.0,0.2439599546631988
database3/database3/m.015qzv/45-FaceId-0_align.webp,0.048204,1.0,0.2247870024534092
database3/database3/m.015qzv/55-FaceId-0_align.webp,0.094832,1.0,0.2856192991951713
database3/database3/m.015qzv/57-FaceId-0_align.webp,0.068867,1.0,0.1665935394280869
database3/database3/m.015r3q/35-FaceId-0_align.webp,0.001755,1.0,0.2328670501358118
database3/database3/m.015r4v/28-FaceId-0_align.webp,0.015627,1.0,0.1616902731720815
database3/database3/m.015rhv/21-FaceId-0_align.webp,0.274759,1.0,0.2109906699460288
database3/database3/m.015rmq/88-FaceId-0_align.webp,0.016982,1.0,0.1324926432882731
database3/database3/m.015t_m/31-FaceId-0_align.webp,0.0851,1.0,0.0920585342456924
database3/database3/m.015thk/1-FaceId-0_align.webp,0.117609,1.0,0.1392492976520257
database3/database3/m.015thk/47-FaceId-0_align.webp,0.223814,1.0,0.2052991786034353
database3/database3/m.015thk/89-FaceId-0_align.webp,0.010677,1.0,0.2338487530000585
database3/database3/m.015tp7/25-FaceId-0_align.webp,0.089928,1.0,0.1490841248910975
database3/database3/m.015tp7/4-FaceId-0_align.webp,0.078982,1.0,0.1553383383027642
database3/database3/m.015tv5/22-FaceId-0_align.webp,0.009031,1.0,0.1443619528888785
database3/database3/m.015tv5/54-FaceId-0_align.webp,0.027498,1.0,0.1416089923748999
database3/database3/m.015tyq/50-FaceId-0_align.webp,0.029346,1.0,0.1802926525212759
database3/database3/m.015tyq/63-FaceId-0_align.webp,0.05956,1.0,0.250607669309506
database3/database3/m.015v98/49-FaceId-0_align.webp,0.062142,0.0,0.1594413776857441
database3/database3/m.015v98/79-FaceId-0_align.webp,0.070144,0.0,0.1584170148727161
database3/database3/m.015vql/63-FaceId-0_align.webp,0.02634,1.0,0.1585997796953607
database3/database3/m.015vyh/54-FaceId-0_align.webp,0.020372,1.0,0.1373300739987728
database3/database3/m.015wfg/59-FaceId-0_align.webp,0.021245,1.0,0.150445899030829
database3/database3/m.015wfy/41-FaceId-0_align.webp,0.10115,1.0,0.132259259010066
database3/database3/m.015wfy/43-FaceId-0_align.webp,0.000923,1.0,0.209959392685026
database3/database3/m.015wfy/78-FaceId-0_align.webp,0.064575,1.0,0.2356480618694575
database3/database3/m.015wfy/91-FaceId-0_align.webp,0.156,1.0,0.2189611940005646
database3/database3/m.015wgw/16-FaceId-0_align.webp,0.030553,1.0,0.1321378170447664
database3/database3/m.015wgw/5-FaceId-0_align.webp,0.079937,1.0,0.1494241186099248
database3/database3/m.015wkb/94-FaceId-0_align.webp,0.010721,1.0,0.1296222713237592
database3/database3/m.015x3n/93-FaceId-0_align.webp,0.0,0.0,0.4991640883831555
database3/database3/m.015x63/126-FaceId-0_align.webp,0.077609,0.0,0.1519264402452952
database3/database3/m.015xnd/46-FaceId-0_align.webp,0.021854,1.0,0.1874637389394422
database3/database3/m.015xnd/72-FaceId-0_align.webp,0.171432,1.0,0.2740121239874091
database3/database3/m.015xsn/17-FaceId-0_align.webp,0.021828,1.0,0.1900675974480024
database3/database3/m.015xww/31-FaceId-0_align.webp,0.075773,1.0,0.1317426910452845
database3/database3/m.015xys/54-FaceId-0_align.webp,0.054138,1.0,0.1215455885651667
database3/database3/m.015y4c/42-FaceId-0_align.webp,0.097688,1.0,0.1122711096488307
database3/database3/m.015y4c/72-FaceId-0_align.webp,0.027368,1.0,0.1337440293389954
database3/database3/m.015y4c/79-FaceId-0_align.webp,0.010835,1.0,0.1161650978718433
database3/database3/m.015yb0/108-FaceId-0_align.webp,0.073526,1.0,0.1232252464443947
database3/database3/m.015ybz/5-FaceId-0_align.webp,0.004767,1.0,0.3061020853734933
database3/database3/m.015yg9/69-FaceId-0_align.webp,0.021682,1.0,0.185733947061788
database3/database3/m.015ykr/19-FaceId-0_align.webp,0.078311,0.0,0.1437265189014295
database3/database3/m.015ykr/9-FaceId-0_align.webp,0.026904,0.0,0.1184539235386241
database3/database3/m.015z4j/106-FaceId-1_align.webp,0.203863,0.0,0.1617716991288056
database3/database3/m.015z4j/30-FaceId-0_align.webp,0.022438,0.0,0.1367862044618539
database3/database3/m.015zj4/3-FaceId-0_align.webp,0.026859,1.0,0.1987357082132142
database3/database3/m.015zjx/34-FaceId-0_align.webp,0.188292,1.0,0.158191091368463
database3/database3/m.015zm4/92-FaceId-0_align.webp,0.019768,1.0,0.2171843554995846
database3/database3/m.015zmm/35-FaceId-0_align.webp,0.071991,0.0,0.1401812817748244
database3/database3/m.016077/95-FaceId-0_align.webp,0.023638,1.0,0.1580371380230859
database3/database3/m.0160pf/102-FaceId-0_align.webp,0.037457,1.0,0.1485063286592164
database3/database3/m.016194/12-FaceId-0_align.webp,0.028771,1.0,0.1460893230028793
database3/database3/m.016194/6-FaceId-0_align.webp,0.025295,1.0,0.1194445005455501
database3/database3/m.0161h5/105-FaceId-0_align.webp,0.042175,0.0,0.1424372038419859
database3/database3/m.0161hn/33-FaceId-0_align.webp,0.010683,1.0,0.1741241333632779
database3/database3/m.0162c8/22-FaceId-0_align.webp,0.021055,1.0,0.1559779924617171
database3/database3/m.0162c8/71-FaceId-0_align.webp,0.041746,1.0,0.1495007633105663
database3/database3/m.0162c8/72-FaceId-0_align.webp,0.034776,1.0,0.1513146222375647
database3/database3/m.0162lw/68-FaceId-0_align.webp,0.026272,1.0,0.144854919719709
database3/database3/m.0162n1/16-FaceId-0_align.webp,0.013549,1.0,0.2360765927001404
database3/database3/m.0162n1/17-FaceId-0_align.webp,0.15524,1.0,0.2386984920181848
database3/database3/m.01635v/83-FaceId-0_align.webp,0.001023,1.0,0.1070327128878559
database3/database3/m.0163bt/91-FaceId-0_align.webp,0.100672,1.0,0.1590070569771984
database3/database3/m.0163kf/72-FaceId-0_align.webp,0.120095,0.0,0.1409188960283403
database3/database3/m.0163kf/83-FaceId-0_align.webp,0.098981,0.0,0.1724936753878505
database3/database3/m.0163rk/30-FaceId-0_align.webp,0.022552,1.0,0.1436187264785244
database3/database3/m.0163s9/24-FaceId-0_align.webp,0.074147,1.0,0.147713847858887
database3/database3/m.0163s9/74-FaceId-0_align.webp,0.166715,1.0,0.1512515513923316
database3/database3/m.0163t3/106-FaceId-0_align.webp,0.195337,0.0,0.1526774632273454
database3/database3/m.0163t3/9-FaceId-0_align.webp,0.08181,0.0,0.1437580443935294
database3/database3/m.0163y8/74-FaceId-0_align.webp,0.077227,1.0,0.158440972082122
database3/database3/m.0164c4/60-FaceId-0_align.webp,0.111711,0.0,0.1337810379607727
database3/database3/m.0164lp/69-FaceId-0_align.webp,0.064522,1.0,0.1182074505086151
database3/database3/m.0164lp/92-FaceId-0_align.webp,0.151037,1.0,0.241832553048481
database3/database3/m.0164nb/3-FaceId-0_align.webp,0.089532,1.0,0.1413325916318216
database3/database3/m.0164y7/34-FaceId-0_align.webp,0.005214,1.0,0.1422087862482448
database3/database3/m.0165cp/26-FaceId-0_align.webp,0.006703,0.0,0.1254393646713673
database3/database3/m.0165cp/52-FaceId-0_align.webp,0.057554,0.0,0.1154410014430423
database3/database3/m.0165gc/85-FaceId-0_align.webp,0.006716,1.0,0.1259125523389021
database3/database3/m.0165gc/99-FaceId-0_align.webp,0.120842,1.0,0.1482967433953018
database3/database3/m.0165ky/57-FaceId-0_align.webp,0.015031,1.0,0.1978799885199228
database3/database3/m.0165n5/59-FaceId-0_align.webp,0.014306,0.0,0.1105180060160621
database3/database3/m.01666h/59-FaceId-0_align.webp,0.366126,0.0,0.1662892147517616
database3/database3/m.01666h/65-FaceId-0_align.webp,0.324656,0.0,0.1811285846514637
database3/database3/m.0166rp/41-FaceId-0_align.webp,0.108225,1.0,0.1479247330369131
database3/database3/m.0166rp/55-FaceId-0_align.webp,0.058677,1.0,0.1800983526919745
database3/database3/m.0166w_/52-FaceId-0_align.webp,0.055626,1.0,0.1297550434746673
database3/database3/m.0166w_/7-FaceId-0_align.webp,0.051227,1.0,0.108982349380816
database3/database3/m.0166yl/4-FaceId-0_align.webp,0.128426,1.0,0.1256058080436136
database3/database3/m.0166yl/42-FaceId-0_align.webp,0.00821,1.0,0.134301400269531
database3/database3/m.0166zk/13-FaceId-0_align.webp,0.040817,1.0,0.2635986184399377
database3/database3/m.0166zk/42-FaceId-0_align.webp,0.020069,1.0,0.2094160471193717
database3/database3/m.0166zk/72-FaceId-0_align.webp,0.015452,1.0,0.1442890569333834
database3/database3/m.01678_/78-FaceId-0_align.webp,0.014927,1.0,0.1195609896940657
database3/database3/m.0167h6/35-FaceId-0_align.webp,0.000892,1.0,0.1228936256305595
database3/database3/m.0167xk/87-FaceId-0_align.webp,0.035118,1.0,0.1562942715450347
database3/database3/m.016883/25-FaceId-0_align.webp,0.021581,1.0,0.1417528479890657
database3/database3/m.016883/35-FaceId-0_align.webp,0.016967,1.0,0.1623747438179572
database3/database3/m.016883/79-FaceId-0_align.webp,0.042662,1.0,0.1428245054427828
database3/database3/m.0168cl/73-FaceId-0_align.webp,0.16573,1.0,0.1398330955099494
database3/database3/m.0168ql/60-FaceId-0_align.webp,0.01118,1.0,0.0950530311879332
database3/database3/m.0168vx/9-FaceId-0_align.webp,0.182986,0.0,0.1292854322620786
database3/database3/m.01693z/106-FaceId-0_align.webp,0.308514,1.0,0.1859463257603445
database3/database3/m.01693z/67-FaceId-0_align.webp,0.053019,1.0,0.1271966927270008
database3/database3/m.016959/105-FaceId-0_align.webp,0.10109,1.0,0.1818634938915928
database3/database3/m.016959/51-FaceId-0_align.webp,0.067755,1.0,0.1569215086705812
database3/database3/m.0169ff/102-FaceId-0_align.webp,0.033338,1.0,0.173559733618873
database3/database3/m.0169ff/36-FaceId-0_align.webp,0.024259,1.0,0.14709530665954
database3/database3/m.0169ff/79-FaceId-0_align.webp,0.137366,1.0,0.1520302683951794
database3/database3/m.0169mh/14-FaceId-0_align.webp,0.084985,0.0,0.1802363003908465
database3/database3/m.0169r6/43-FaceId-0_align.webp,0.109367,0.0,0.1614168612232892
database3/database3/m.0169v2/37-FaceId-0_align.webp,0.237432,0.0,0.1675784664137481
database3/database3/m.0169v2/60-FaceId-0_align.webp,0.294775,0.0,0.1750687979226728
database3/database3/m.0169x_/12-FaceId-0_align.webp,0.169443,1.0,0.1272074931575266
database3/database3/m.016_js/82-FaceId-0_align.webp,0.00161,0.0,0.1271352703357071
database3/database3/m.016_js/90-FaceId-0_align.webp,0.074161,0.0,0.1502342256188863
database3/database3/m.016_mj/9-FaceId-0_align.webp,0.005546,1.0,0.1500370095377297
database3/database3/m.016b6z/92-FaceId-0_align.webp,0.053278,1.0,0.1708124447846692
database3/database3/m.016b90/0-FaceId-0_align.webp,0.006801,1.0,0.1294801727470839
database3/database3/m.016b90/79-FaceId-0_align.webp,0.0,1.0,0.0771541040589631
database3/database3/m.016b90/8-FaceId-0_align.webp,0.046454,1.0,0.1077013658096364
database3/database3/m.016b90/93-FaceId-0_align.webp,0.01334,1.0,0.1303306377340532
database3/database3/m.016cn6/6-FaceId-0_align.webp,0.062721,1.0,0.1870391537325254
database3/database3/m.016cn6/90-FaceId-0_align.webp,0.090699,1.0,0.1427528511398455
database3/database3/m.016cz6/23-FaceId-1_align.webp,0.213677,1.0,0.4240131469834323
database3/database3/m.016db7/11-FaceId-0_align.webp,0.00104,1.0,0.17600615692854
database3/database3/m.016dbr/42-FaceId-0_align.webp,0.02227,1.0,0.1470149571265019
database3/database3/m.016fjj/77-FaceId-0_align.webp,0.012807,1.0,0.1413534078072965
database3/database3/m.016fnv/40-FaceId-0_align.webp,0.049743,1.0,0.1420151578168045
database3/database3/m.016g29/40-FaceId-0_align.webp,0.003894,1.0,0.1714526583978116
database3/database3/m.016g29/95-FaceId-0_align.webp,0.017798,1.0,0.1070808502565708
database3/database3/m.016ggh/74-FaceId-0_align.webp,0.004674,1.0,0.126701840668416
database3/database3/m.016ghw/12-FaceId-0_align.webp,0.035794,1.0,0.2018371158923568
database3/database3/m.016gkf/85-FaceId-0_align.webp,0.159983,1.0,0.1495227623591444
database3/database3/m.016gnp/45-FaceId-0_align.webp,0.027576,1.0,0.1355048242218537
database3/database3/m.016gnp/48-FaceId-0_align.webp,0.0,1.0,0.1493778190242978
database3/database3/m.016gr2/107-FaceId-0_align.webp,0.0,1.0,0.1737221239425888
database3/database3/m.016gr2/38-FaceId-0_align.webp,0.0,1.0,0.1114153754389589
database3/database3/m.016hgp/12-FaceId-0_align.webp,0.055372,0.0,0.139414740397257
database3/database3/m.016hgp/32-FaceId-12_align.webp,0.159452,0.0,0.3063876583766692
database3/database3/m.016hgp/77-FaceId-4_align.webp,0.110387,0.0,0.1354264741375598
database3/database3/m.016hgp/77-FaceId-7_align.webp,0.08977,0.0,0.1386928698943149
database3/database3/m.016hgp/77-FaceId-9_align.webp,0.121788,0.0,0.1418512353991402
database3/database3/m.016hj7/88-FaceId-0_align.webp,0.028831,1.0,0.1170976838928042
database3/database3/m.016hk4/98-FaceId-0_align.webp,0.002253,1.0,0.1387262194464763
database3/database3/m.016hmf/90-FaceId-0_align.webp,0.168251,1.0,0.1644246390617106
database3/database3/m.016hrc/46-FaceId-0_align.webp,0.064797,0.0,0.1577274011124592
database3/database3/m.016htr/23-FaceId-0_align.webp,0.041326,1.0,0.1405024463232146
database3/database3/m.016htr/80-FaceId-0_align.webp,0.0,1.0,0.2663609842337964
database3/database3/m.016hvl/14-FaceId-0_align.webp,0.018608,1.0,0.1692784066677227
database3/database3/m.016hvl/79-FaceId-0_align.webp,0.027134,1.0,0.1518615683460659
database3/database3/m.016hzm/79-FaceId-0_align.webp,0.040554,1.0,0.2146233902705602
database3/database3/m.016j4q/17-FaceId-0_align.webp,0.014713,1.0,0.6168554444989194
database3/database3/m.016j4q/73-FaceId-0_align.webp,0.027874,1.0,0.3108466925623738
database3/database3/m.016j55/23-FaceId-0_align.webp,0.003044,1.0,0.1714572846013172
database3/database3/m.016j_c/80-FaceId-0_align.webp,0.167359,0.0,0.1630254859564013
database3/database3/m.016k0j/73-FaceId-0_align.webp,0.021214,0.0,0.1477875775454209
database3/database3/m.016k38/76-FaceId-0_align.webp,0.03171,1.0,0.1934204822054095
database3/database3/m.016k38/86-FaceId-0_align.webp,0.0969,1.0,0.2296736839193838
database3/database3/m.016k58/57-FaceId-0_align.webp,0.285077,0.0,0.1680211170674325
database3/database3/m.016k6x/11-FaceId-0_align.webp,0.0,1.0,0.1185304203245868
database3/database3/m.016k6x/19-FaceId-0_align.webp,0.0,1.0,0.1070641048852332
database3/database3/m.016k92/3-FaceId-0_align.webp,0.164786,1.0,0.1715487914240589
database3/database3/m.016k92/39-FaceId-0_align.webp,0.115077,1.0,0.1665951795746881
database3/database3/m.016k92/53-FaceId-0_align.webp,0.124335,1.0,0.16882723590012
database3/database3/m.016k_v/117-FaceId-0_align.webp,0.172292,0.0,0.13877159295208
database3/database3/m.016k_v/31-FaceId-0_align.webp,0.103765,0.0,0.1462032986112288
database3/database3/m.016k_v/6-FaceId-0_align.webp,0.102662,0.0,0.1421359237746385
database3/database3/m.016kdv/96-FaceId-0_align.webp,0.10171,1.0,0.1345405185008555
database3/database3/m.016kft/30-FaceId-0_align.webp,0.094506,1.0,0.1619872195879704
database3/database3/m.016khd/116-FaceId-0_align.webp,0.014365,1.0,0.2448768581399721
database3/database3/m.016khd/18-FaceId-0_align.webp,0.045446,1.0,0.1798217996061509
database3/database3/m.016khd/77-FaceId-0_align.webp,0.016363,1.0,0.1290848766891273
database3/database3/m.016kjs/51-FaceId-0_align.webp,0.103247,1.0,0.1499381612080198
database3/database3/m.016kqk/22-FaceId-0_align.webp,0.109366,1.0,0.1774198564492292
database3/database3/m.016kqk/57-FaceId-0_align.webp,0.028005,1.0,0.182958971365397
database3/database3/m.016ksk/77-FaceId-0_align.webp,0.033554,1.0,0.2017244157378815
database3/database3/m.016l53/34-FaceId-0_align.webp,0.004644,1.0,0.2486382852022927
database3/database3/m.016l_5/13-FaceId-1_align.webp,0.028409,0.0,0.2484657097151225
database3/database3/m.016l_5/23-FaceId-0_align.webp,0.13632,0.0,0.1452184490914197
database3/database3/m.016l_5/69-FaceId-0_align.webp,0.067658,0.0,0.1387600747336539
database3/database3/m.016lb3/2-FaceId-0_align.webp,0.005513,1.0,0.1329171506055875
database3/database3/m.016lh0/74-FaceId-0_align.webp,0.000336,1.0,0.136258590269988
database3/database3/m.016m0v/15-FaceId-0_align.webp,0.003574,1.0,0.2131682171817273
database3/database3/m.016m0v/47-FaceId-0_align.webp,0.010823,1.0,0.2301753952155494
database3/database3/m.016m0v/48-FaceId-0_align.webp,0.006305,1.0,0.1754522169889881
database3/database3/m.016mgj/22-FaceId-0_align.webp,0.177659,0.0,0.1476272727338115
database3/database3/m.016mgj/72-FaceId-0_align.webp,0.141048,0.0,0.2544078123497686
database3/database3/m.016ntp/45-FaceId-0_align.webp,0.056576,0.0,0.3208649466510305
database3/database3/m.016ntp/58-FaceId-0_align.webp,0.194583,0.0,0.2432831250490245
database3/database3/m.016ntp/78-FaceId-0_align.webp,0.262576,0.0,0.1862977519062171
database3/database3/m.016ntp/85-FaceId-0_align.webp,0.141759,0.0,0.1665972527582652
database3/database3/m.016nvh/2-FaceId-0_align.webp,0.143526,1.0,0.162990450970823
database3/database3/m.016nvy/82-FaceId-0_align.webp,0.14288,0.0,0.14522710966517
database3/database3/m.016nws/82-FaceId-0_align.webp,0.154826,1.0,0.175120952974091
database3/database3/m.016pns/55-FaceId-0_align.webp,0.055966,1.0,0.1632081939015361
database3/database3/m.016q0w/27-FaceId-0_align.webp,0.009996,1.0,0.1486966156512118
database3/database3/m.016q2n/25-FaceId-0_align.webp,0.030179,0.0,0.1427664965094052
database3/database3/m.016q2n/89-FaceId-0_align.webp,0.007529,0.0,0.1546024577796646
database3/database3/m.016q4_/99-FaceId-1_align.webp,0.000294,0.0,0.1261706023106663
database3/database3/m.016qrb/16-FaceId-0_align.webp,0.039165,0.0,0.1451583169912446
database3/database3/m.016qrb/78-FaceId-0_align.webp,0.145711,0.0,0.1325790878311042
database3/database3/m.016qtt/15-FaceId-0_align.webp,0.187503,1.0,0.1502443412162113
database3/database3/m.016qtt/25-FaceId-0_align.webp,0.283035,1.0,0.1509027070169945
database3/database3/m.016r3x/42-FaceId-0_align.webp,0.001242,1.0,0.0998162528377188
database3/database3/m.016r3x/44-FaceId-0_align.webp,0.007495,1.0,0.148495075096039
database3/database3/m.016sff/35-FaceId-0_align.webp,0.025858,1.0,0.3194651650646023
database3/database3/m.016sp_/9-FaceId-0_align.webp,0.355835,1.0,0.1357508643593055
database3/database3/m.016swh/38-FaceId-0_align.webp,0.0,1.0,0.1290211270117731
database3/database3/m.016sz1/68-FaceId-0_align.webp,0.00381,1.0,0.1603942079532797
database3/database3/m.016szr/0-FaceId-0_align.webp,0.081751,1.0,0.2537839167975764
database3/database3/m.016szr/31-FaceId-0_align.webp,0.150774,1.0,0.2426702814109096
database3/database3/m.016t00/27-FaceId-0_align.webp,0.010723,1.0,0.1673225534350691
database3/database3/m.016t00/29-FaceId-0_align.webp,0.026052,1.0,0.1555403247451831
database3/database3/m.016t00/49-FaceId-0_align.webp,0.061342,1.0,0.1739473396838647
database3/database3/m.016tb7/64-FaceId-0_align.webp,0.020212,0.0,0.1383559395078924
database3/database3/m.016tbr/53-FaceId-0_align.webp,0.052696,1.0,0.1587264702066737
database3/database3/m.016tbr/91-FaceId-0_align.webp,0.278026,1.0,0.185038647339556
database3/database3/m.016tbr/97-FaceId-0_align.webp,0.035531,1.0,0.1696915454467991
database3/database3/m.016tcm/7-FaceId-0_align.webp,0.0,1.0,0.1420370256322601
database3/database3/m.016tqw/18-FaceId-0_align.webp,0.009857,1.0,0.1466964259857689
database3/database3/m.016vqk/91-FaceId-0_align.webp,0.041054,1.0,0.1426049520711376
database3/database3/m.016vxj/34-FaceId-0_align.webp,0.081238,1.0,0.1310116277595591
database3/database3/m.016vy9/16-FaceId-0_align.webp,0.135759,0.0,0.1509102052840663
database3/database3/m.016vy9/41-FaceId-0_align.webp,0.023537,0.0,0.1349588750977456
database3/database3/m.016vyp/28-FaceId-0_align.webp,0.086364,1.0,0.1458640545781298
database3/database3/m.016vyp/92-FaceId-0_align.webp,0.043472,1.0,0.1379475157522433
database3/database3/m.016wdq/47-FaceId-0_align.webp,0.021942,1.0,0.3230869746564787
database3/database3/m.016wvy/16-FaceId-0_align.webp,0.016451,1.0,0.1432708170912869
database3/database3/m.016wvy/70-FaceId-0_align.webp,0.279688,1.0,0.1754869999799626
database3/database3/m.016wvy/90-FaceId-0_align.webp,0.0652,1.0,0.2607817436329677
database3/database3/m.016xk5/94-FaceId-0_align.webp,0.039665,1.0,0.1353454987025558
database3/database3/m.016yr0/49-FaceId-0_align.webp,0.028821,1.0,0.137382569273173
database3/database3/m.016yr0/53-FaceId-0_align.webp,0.03224,1.0,0.1319914504221165
database3/database3/m.016yr0/98-FaceId-0_align.webp,0.103354,1.0,0.1544235593025616
database3/database3/m.016ywr/2-FaceId-0_align.webp,0.022088,1.0,0.1796149756717658
database3/database3/m.016ywr/21-FaceId-0_align.webp,0.053813,1.0,0.1561672242648461
database3/database3/m.016ywr/76-FaceId-0_align.webp,0.0,1.0,0.1243213981337239
database3/database3/m.016z3d/40-FaceId-0_align.webp,0.041987,1.0,0.1368327726014742
database3/database3/m.016z3d/43-FaceId-0_align.webp,0.184794,1.0,0.1500971301098565
database3/database3/m.016z3d/48-FaceId-0_align.webp,0.181018,1.0,0.1459593376866894
database3/database3/m.016z68/21-FaceId-0_align.webp,0.185954,1.0,0.168163170895196
database3/database3/m.016z68/89-FaceId-0_align.webp,0.268667,1.0,0.1642098151011194
database3/database3/m.016zp5/13-FaceId-0_align.webp,0.016071,1.0,0.1227975879446916
database3/database3/m.016zp5/31-FaceId-0_align.webp,0.101464,1.0,0.2616209878443823
database3/database3/m.016zp5/64-FaceId-0_align.webp,0.006697,1.0,0.1408560793409045
database3/database3/m.016zp5/68-FaceId-0_align.webp,0.014376,1.0,0.1473696501097355
database3/database3/m.016zvk/22-FaceId-0_align.webp,0.104809,0.0,0.1515722441460279
database3/database3/m.016zvk/81-FaceId-0_align.webp,0.147393,0.0,0.1502368875821562
database3/database3/m.016zvk/88-FaceId-0_align.webp,0.080384,0.0,0.1169310399032722
database3/database3/m.016zvk/91-FaceId-0_align.webp,0.084334,0.0,0.1417899849817082
database3/database3/m.0170pk/112-FaceId-0_align.webp,0.029113,1.0,0.2105811012236577
database3/database3/m.0170pk/32-FaceId-0_align.webp,0.0,1.0,0.2142607699684195
database3/database3/m.0170pk/71-FaceId-0_align.webp,0.003334,1.0,0.1563892615427299
database3/database3/m.0170pk/93-FaceId-0_align.webp,0.020024,1.0,0.2347791038886927
database3/database3/m.0170q1/39-FaceId-0_align.webp,0.098023,0.0,0.2029494784447796
database3/database3/m.0170qf/10-FaceId-0_align.webp,0.012168,1.0,0.1352517174260194
database3/database3/m.0170qf/66-FaceId-0_align.webp,0.173717,1.0,0.1633113578414186
database3/database3/m.0170s4/35-FaceId-0_align.webp,0.00841,1.0,0.1558796094851484
database3/database3/m.0170s4/44-FaceId-0_align.webp,0.007374,1.0,0.1020342875752391
database3/database3/m.0170s4/48-FaceId-0_align.webp,0.0,1.0,0.1081925005110163
database3/database3/m.0170s4/85-FaceId-0_align.webp,0.00918,1.0,0.134918466899913
database3/database3/m.0170s4/86-FaceId-0_align.webp,0.00659,1.0,0.1258186259831011
database3/database3/m.0170zz/7-FaceId-0_align.webp,0.0033,1.0,0.1954519270657577
database3/database3/m.017115/2-FaceId-0_align.webp,0.178391,1.0,0.1971893956532134
database3/database3/m.0171cm/52-FaceId-0_align.webp,0.078391,1.0,0.2551791162892836
database3/database3/m.0171cm/9-FaceId-0_align.webp,0.020679,1.0,0.2474478438706231
database3/database3/m.0171dv/105-FaceId-0_align.webp,0.019879,1.0,0.1200033657270262
database3/database3/m.0171dv/106-FaceId-0_align.webp,0.079343,1.0,0.1416504237983387
database3/database3/m.0171z8/39-FaceId-0_align.webp,0.1172,0.0,0.4027868293376612
database3/database3/m.01721f/98-FaceId-0_align.webp,0.00066,1.0,0.0993688685205674
database3/database3/m.01728m/45-FaceId-0_align.webp,0.026608,1.0,0.209060254575571
database3/database3/m.01734j/10-FaceId-0_align.webp,0.107434,1.0,0.2324932724679071
database3/database3/m.01737y/7-FaceId-0_align.webp,0.023524,1.0,0.1270141261338411
database3/database3/m.0173cq/55-FaceId-0_align.webp,0.0687,0.0,0.1551654660772526
database3/database3/m.0173cq/82-FaceId-0_align.webp,0.052898,0.0,0.1218970676839856
database3/database3/m.0173p_/66-FaceId-0_align.webp,0.12779,0.0,0.185914566543846
database3/database3/m.0173p_/82-FaceId-0_align.webp,0.039784,0.0,0.1376013966218345
database3/database3/m.0173p_/97-FaceId-0_align.webp,0.06989,0.0,0.1491648473784872
database3/database3/m.0173s_/56-FaceId-0_align.webp,0.320216,0.0,0.1541483151218809
database3/database3/m.01741h/75-FaceId-0_align.webp,0.057681,1.0,0.2698286439824825
database3/database3/m.01742l/53-FaceId-0_align.webp,0.210558,0.0,0.1857281991470868
database3/database3/m.01744d/24-FaceId-0_align.webp,0.021138,1.0,0.1471105530925454
database3/database3/m.01744d/66-FaceId-0_align.webp,0.069833,1.0,0.1536867084534424
database3/database3/m.017458/60-FaceId-0_align.webp,0.031087,1.0,0.3213243365637821
database3/database3/m.0174z2/31-FaceId-0_align.webp,0.019356,1.0,0.1386864287147723
database3/database3/m.0175m_/104-FaceId-0_align.webp,0.011519,1.0,0.187116921523224
database3/database3/m.0175m_/106-FaceId-0_align.webp,0.008092,1.0,0.1323179517203468
database3/database3/m.0175s7/91-FaceId-0_align.webp,0.271553,1.0,0.1868876636244777
database3/database3/m.0175w3/23-FaceId-0_align.webp,0.084707,1.0,0.2378442753418725
database3/database3/m.0175w3/40-FaceId-0_align.webp,0.14122,1.0,0.299727245777517
database3/database3/m.0175w3/8-FaceId-0_align.webp,0.022898,1.0,0.3367298787565629
database3/database3/m.01762z/69-FaceId-0_align.webp,0.001793,1.0,0.1304564662128939
database3/database3/m.017729/106-FaceId-0_align.webp,0.004005,1.0,0.1539725320277374
database3/database3/m.01772q/118-FaceId-0_align.webp,0.005376,1.0,0.1142789658333779
database3/database3/m.01778_/1-FaceId-0_align.webp,0.151831,0.0,0.2533959428941627
database3/database3/m.01778_/5-FaceId-0_align.webp,0.080886,0.0,0.2294304634634756
database3/database3/m.0177s6/54-FaceId-0_align.webp,0.003871,1.0,0.2793755177306971
database3/database3/m.0177s6/83-FaceId-0_align.webp,0.194958,1.0,0.244796143109837
database3/database3/m.0178_j/46-FaceId-0_align.webp,0.038586,1.0,0.223926863660749
database3/database3/m.0178d6/53-FaceId-0_align.webp,0.019408,1.0,0.1342501206874664
database3/database3/m.0178d6/9-FaceId-0_align.webp,0.038126,1.0,0.1537664271552307
database3/database3/m.0178sb/20-FaceId-0_align.webp,0.025953,1.0,0.130002055106166
database3/database3/m.01791s/104-FaceId-0_align.webp,0.057011,1.0,0.3877400453634168
database3/database3/m.01793l/15-FaceId-0_align.webp,0.11519,1.0,0.2783003810993465
database3/database3/m.01793l/3-FaceId-0_align.webp,0.021997,1.0,0.2320313351205974
database3/database3/m.01793l/48-FaceId-0_align.webp,0.070141,1.0,0.3089182725384541
database3/database3/m.01793l/77-FaceId-0_align.webp,0.068916,1.0,0.2772874104697864
database3/database3/m.01794d/22-FaceId-0_align.webp,0.132698,1.0,0.1449731737860676
database3/database3/m.0179n7/47-FaceId-0_align.webp,0.025063,1.0,0.142912809484939
database3/database3/m.0179ys/22-FaceId-0_align.webp,0.03888,1.0,0.1680887272777737
database3/database3/m.017_65/24-FaceId-0_align.webp,0.104039,1.0,0.2064112279629542
database3/database3/m.017__g/2-FaceId-0_align.webp,0.026314,1.0,0.1360956714359323
database3/database3/m.017__g/30-FaceId-0_align.webp,0.064708,1.0,0.1607293839541063
database3/database3/m.017_dr/0-FaceId-1_align.webp,0.037641,1.0,0.2297880153405228
database3/database3/m.017_dr/14-FaceId-0_align.webp,0.005491,1.0,0.1649919884138451
database3/database3/m.017_dr/47-FaceId-0_align.webp,0.191478,1.0,0.1627872910993984
database3/database3/m.017_dr/57-FaceId-0_align.webp,0.038308,1.0,0.2649697180966864
database3/database3/m.017_j4/45-FaceId-0_align.webp,0.032452,1.0,0.2275654162441001
database3/database3/m.017_j4/54-FaceId-0_align.webp,0.009302,1.0,0.2309398368117771
database3/database3/m.017_j4/93-FaceId-0_align.webp,0.05205,1.0,0.3354489657778875
database3/database3/m.017_l1/23-FaceId-0_align.webp,0.033635,1.0,0.1254410957144656
database3/database3/m.017_l1/5-FaceId-0_align.webp,0.0,1.0,0.1237106126705919
database3/database3/m.017_xx/84-FaceId-0_align.webp,0.180042,0.0,0.150305298644271
database3/database3/m.017bd/83-FaceId-0_align.webp,0.002036,1.0,0.2087486010940987
database3/database3/m.017bd/85-FaceId-0_align.webp,0.002715,1.0,0.2441972651843734
database3/database3/m.017bk6/90-FaceId-2_align.webp,0.056904,0.0,0.1307299954398319
database3/database3/m.017bxq/72-FaceId-0_align.webp,0.032315,1.0,0.1990490148394845
database3/database3/m.017c87/108-FaceId-0_align.webp,0.012746,1.0,0.2209300148662335
database3/database3/m.017c87/7-FaceId-0_align.webp,0.008884,1.0,0.1122381881169369
database3/database3/m.017cgg/62-FaceId-0_align.webp,0.009893,1.0,0.2442872106316464
database3/database3/m.017d3v/21-FaceId-0_align.webp,0.000486,1.0,0.0827868583805175
database3/database3/m.017dpj/104-FaceId-0_align.webp,0.159674,1.0,0.2477964407404109
database3/database3/m.017dpj/116-FaceId-0_align.webp,0.004563,1.0,0.2023196175231363
database3/database3/m.017dpj/14-FaceId-0_align.webp,0.012759,1.0,0.1969492802961676
database3/database3/m.017dpj/6-FaceId-0_align.webp,0.157516,1.0,0.2522414829253208
database3/database3/m.017dpj/81-FaceId-0_align.webp,0.117413,1.0,0.3171844890370235
database3/database3/m.017dpj/98-FaceId-0_align.webp,0.093515,1.0,0.234626173845487
database3/database3/m.017f4y/21-FaceId-0_align.webp,0.009046,1.0,0.1476606050810809
database3/database3/m.017fgp/17-FaceId-0_align.webp,0.004873,1.0,0.2205146114672438
database3/database3/m.017fhk/5-FaceId-0_align.webp,0.05945,1.0,0.2185073637653218
database3/database3/m.017fhk/70-FaceId-0_align.webp,0.025921,1.0,0.1186561304901252
database3/database3/m.017fhk/87-FaceId-0_align.webp,0.146412,1.0,0.2135914963561899
database3/database3/m.017fj_/2-FaceId-0_align.webp,0.022486,1.0,0.1392930965817866
database3/database3/m.017fj_/97-FaceId-0_align.webp,0.013264,1.0,0.2560389962625859
database3/database3/m.017fks/21-FaceId-0_align.webp,0.013755,1.0,0.138419493530676
database3/database3/m.017fks/34-FaceId-0_align.webp,0.010024,1.0,0.2334821659069485
database3/database3/m.017fl5/7-FaceId-0_align.webp,0.088967,1.0,0.1541246336671947
database3/database3/m.017fl5/89-FaceId-0_align.webp,0.156395,1.0,0.1985104737073736
database3/database3/m.017fl_/0-FaceId-0_align.webp,0.016489,1.0,0.2737079854198007
database3/database3/m.017fp0/26-FaceId-0_align.webp,0.014762,1.0,0.1238861103171972
database3/database3/m.017fp0/70-FaceId-0_align.webp,0.102621,1.0,0.1543639635566262
database3/database3/m.017fp0/85-FaceId-0_align.webp,0.016216,1.0,0.1527005180242027
database3/database3/m.017fp0/92-FaceId-0_align.webp,0.03683,1.0,0.2471251279738759
database3/database3/m.017frf/2-FaceId-0_align.webp,0.239226,1.0,0.1332294442984424
database3/database3/m.017frf/48-FaceId-0_align.webp,0.242631,1.0,0.150173444324618
database3/database3/m.017ft0/4-FaceId-0_align.webp,0.025186,0.0,0.1346203570067778
database3/database3/m.017fxp/62-FaceId-0_align.webp,0.006207,1.0,0.2012820786100948
database3/database3/m.017fzy/33-FaceId-0_align.webp,0.135665,1.0,0.1308789924436099
database3/database3/m.017fzy/38-FaceId-0_align.webp,0.020138,1.0,0.1538734800138758
database3/database3/m.017fzy/44-FaceId-0_align.webp,0.119262,1.0,0.1632345527483
database3/database3/m.017fzy/7-FaceId-0_align.webp,0.042513,1.0,0.1403494069727617
database3/database3/m.017fzy/84-FaceId-0_align.webp,0.1089,1.0,0.1588780240780767
database3/database3/m.017fzy/88-FaceId-0_align.webp,0.093437,1.0,0.13597971926185
database3/database3/m.017g21/51-FaceId-0_align.webp,0.121234,1.0,0.1666037635082646
database3/database3/m.017g2y/13-FaceId-0_align.webp,0.026164,1.0,0.1406255796665985
database3/database3/m.017gd_/53-FaceId-0_align.webp,0.006889,1.0,0.2566692821433392
database3/database3/m.017gd_/59-FaceId-0_align.webp,0.012556,1.0,0.2050502895273963
database3/database3/m.017gxw/53-FaceId-0_align.webp,0.064935,0.0,0.1446105392334755
database3/database3/m.017h4c/0-FaceId-0_align.webp,0.049628,1.0,0.2362701455269142
database3/database3/m.017h_2/23-FaceId-0_align.webp,0.06887,1.0,0.2586984752797571
database3/database3/m.017hgl/21-FaceId-0_align.webp,0.089799,1.0,0.1677686120435584
database3/database3/m.017hgl/42-FaceId-0_align.webp,0.004642,1.0,0.1559340429091443
database3/database3/m.017hjk/57-FaceId-0_align.webp,0.009431,1.0,0.171796522092241
database3/database3/m.017hm9/3-FaceId-0_align.webp,0.001744,1.0,0.1993957111136687
database3/database3/m.017hm9/36-FaceId-0_align.webp,0.002432,1.0,0.1521063451609445
database3/database3/m.017hw4/23-FaceId-0_align.webp,0.000412,1.0,0.1509738345443022
database3/database3/m.017hwl/3-FaceId-0_align.webp,0.014017,1.0,0.2567307223404783
database3/database3/m.017j1w/26-FaceId-0_align.webp,0.021211,1.0,0.1236885303210286
database3/database3/m.017j1w/35-FaceId-0_align.webp,0.039099,1.0,0.3064624373139773
database3/database3/m.017j1w/8-FaceId-0_align.webp,0.052854,1.0,0.1241714283947113
database3/database3/m.017j2b/85-FaceId-0_align.webp,0.008707,1.0,0.1828509725203582
database3/database3/m.017jwg/17-FaceId-0_align.webp,0.002376,1.0,0.1639756646144817
database3/database3/m.017jwg/53-FaceId-0_align.webp,0.066995,0.0,0.1570620766664369
database3/database3/m.017jwg/82-FaceId-0_align.webp,0.035246,1.0,0.1608281749199427
database3/database3/m.017kb5/32-FaceId-0_align.webp,0.006182,1.0,0.1473072391579556
database3/database3/m.017kgm/108-FaceId-1_align.webp,0.015319,1.0,0.0989505839503489
database3/database3/m.017kgm/94-FaceId-0_align.webp,0.003416,1.0,0.11519528055785
database3/database3/m.017kq/37-FaceId-0_align.webp,0.040762,1.0,0.2370883280429507
database3/database3/m.017kq/48-FaceId-0_align.webp,0.009092,1.0,0.2256459075902286
database3/database3/m.017l4/11-FaceId-0_align.webp,0.001488,1.0,0.1295852458023639
database3/database3/m.017l4/73-FaceId-0_align.webp,0.09873,1.0,0.1534317189357716
database3/database3/m.017l4/80-FaceId-0_align.webp,0.025497,1.0,0.2348981500969159
database3/database3/m.017l7y/97-FaceId-0_align.webp,0.002424,1.0,0.1338398073563923
database3/database3/m.017lcg/63-FaceId-0_align.webp,0.136168,1.0,0.1511137285278246
database3/database3/m.017m2y/105-FaceId-0_align.webp,0.084072,0.0,0.1445954587707909
database3/database3/m.017m2y/30-FaceId-0_align.webp,0.20052,0.0,0.1600261660515664
database3/database3/m.017mrb/26-FaceId-0_align.webp,0.125876,1.0,0.143082720876853
database3/database3/m.017q3j/27-FaceId-0_align.webp,0.040475,1.0,0.141042904597811
database3/database3/m.017q3j/87-FaceId-1_align.webp,0.137407,1.0,0.1847499728724898
database3/database3/m.017qkp/105-FaceId-0_align.webp,0.016276,1.0,0.1274881174434009
database3/database3/m.017qkp/8-FaceId-0_align.webp,0.006413,1.0,0.1375938397711427
database3/database3/m.017r13/15-FaceId-0_align.webp,0.004576,1.0,0.1320417881076809
database3/database3/m.017r13/32-FaceId-0_align.webp,0.001926,1.0,0.1264017780673438
database3/database3/m.017r13/71-FaceId-0_align.webp,0.149849,1.0,0.1505516922130088
database3/database3/m.017r5g/69-FaceId-0_align.webp,0.246362,0.0,0.1758630700934862
database3/database3/m.017rh4/92-FaceId-0_align.webp,0.059749,1.0,0.1524625908418542
database3/database3/m.017rjs/94-FaceId-0_align.webp,0.227853,1.0,0.1391045959813426
database3/database3/m.017tk3/113-FaceId-0_align.webp,0.041074,1.0,0.1612445640677267
database3/database3/m.017tk3/5-FaceId-0_align.webp,0.023981,1.0,0.1631139408964888
database3/database3/m.017tk3/61-FaceId-0_align.webp,0.058875,1.0,0.1798237532122396
database3/database3/m.017tk3/83-FaceId-0_align.webp,0.016266,1.0,0.1514240723630173
database3/database3/m.017tkv/15-FaceId-0_align.webp,0.09519,0.0,0.1332459284117962
database3/database3/m.017tkv/5-FaceId-0_align.webp,0.108291,0.0,0.1437317627481122
database3/database3/m.017tlt/70-FaceId-0_align.webp,0.079127,1.0,0.1056693515897044
database3/database3/m.017tn4/17-FaceId-0_align.webp,0.026983,1.0,0.2308347873227452
database3/database3/m.017tn4/54-FaceId-2_align.webp,0.042656,1.0,0.1922703070492997
database3/database3/m.017tnz/116-FaceId-0_align.webp,0.135035,1.0,0.1563040326605324
database3/database3/m.017vfn/43-FaceId-0_align.webp,0.036126,1.0,0.1447081335286185
database3/database3/m.017vkk/88-FaceId-0_align.webp,0.022172,0.0,0.1448588170063073
database3/database3/m.017vkx/34-FaceId-1_align.webp,0.050784,1.0,0.2605302693740047
database3/database3/m.017wbg/77-FaceId-0_align.webp,0.079706,1.0,0.1382098857133256
database3/database3/m.017x_s/36-FaceId-0_align.webp,0.021378,1.0,0.2531557014458571
database3/database3/m.017xm3/52-FaceId-0_align.webp,0.225925,0.0,0.1536787565607745
database3/database3/m.017yfz/93-FaceId-0_align.webp,0.237267,1.0,0.0
database3/database3/m.017yvm/5-FaceId-0_align.webp,0.011632,1.0,0.1440798560672979
database3/database3/m.017yvm/93-FaceId-0_align.webp,0.007487,1.0,0.2053332561599085
database3/database3/m.017yzt/119-FaceId-0_align.webp,0.299381,0.0,0.1679849446566804
database3/database3/m.017yzt/55-FaceId-0_align.webp,0.055778,0.0,0.1287133947596946
database3/database3/m.017yzt/61-FaceId-0_align.webp,0.0,0.0,0.1209510557497538
database3/database3/m.017z_/91-FaceId-0_align.webp,0.06531,1.0,0.2330671028948311
database3/database3/m.017zng/39-FaceId-0_align.webp,0.114304,1.0,0.1360801500110186
database3/database3/m.017zng/73-FaceId-0_align.webp,0.087005,1.0,0.1699926123242232
database3/database3/m.017zng/97-FaceId-0_align.webp,0.096418,1.0,0.1210368147942815
database3/database3/m.01804k/55-FaceId-0_align.webp,0.104401,0.0,0.1426733718563629
database3/database3/m.01807/65-FaceId-0_align.webp,0.087681,1.0,0.2665165944491845
database3/database3/m.01807/73-FaceId-0_align.webp,0.147607,1.0,0.2861225247113371
database3/database3/m.018144/31-FaceId-0_align.webp,0.317719,1.0,0.1376709328793457
database3/database3/m.018144/55-FaceId-0_align.webp,0.076827,1.0,0.1479341629812901
database3/database3/m.01815s/106-FaceId-0_align.webp,0.234236,0.0,0.1540419835849785
database3/database3/m.01815s/50-FaceId-0_align.webp,0.243106,0.0,0.147990215766666
database3/database3/m.01815s/64-FaceId-0_align.webp,0.173641,0.0,0.1512904785986625
database3/database3/m.0181gp/6-FaceId-0_align.webp,0.043543,1.0,0.148720124326618
database3/database3/m.0181j_/107-FaceId-0_align.webp,0.027129,0.0,0.1440229964019936
database3/database3/m.0181kg/14-FaceId-0_align.webp,0.119867,1.0,0.2577806846938099
database3/database3/m.0181lj/18-FaceId-0_align.webp,0.190172,1.0,0.1062023085105058
database3/database3/m.0181p_/19-FaceId-0_align.webp,0.041166,1.0,0.2193383065700033
database3/database3/m.0181p_/99-FaceId-0_align.webp,0.035046,1.0,0.1517583891303492
database3/database3/m.0181ph/4-FaceId-0_align.webp,0.019163,1.0,0.2073221374261074
database3/database3/m.0181ph/8-FaceId-0_align.webp,0.037384,1.0,0.0
database3/database3/m.0181x9/43-FaceId-0_align.webp,0.029481,1.0,0.1489104839606354
database3/database3/m.0181xq/13-FaceId-0_align.webp,0.002527,0.0,0.1681373927856801
database3/database3/m.0182hg/59-FaceId-0_align.webp,0.003662,1.0,0.1324074125971095
database3/database3/m.0182q2/111-FaceId-0_align.webp,0.014398,1.0,0.1504355106010864
database3/database3/m.0182q2/47-FaceId-0_align.webp,0.020684,1.0,0.152403045321768
database3/database3/m.0182q2/58-FaceId-0_align.webp,0.034155,1.0,0.1275873310223876
database3/database3/m.0182vk/101-FaceId-0_align.webp,0.185784,1.0,0.2986654564975383
database3/database3/m.0182vk/97-FaceId-0_align.webp,0.113244,1.0,0.1599102344931426
database3/database3/m.01830j/15-FaceId-0_align.webp,0.208446,0.0,0.1788268286610998
database3/database3/m.01833g/76-FaceId-0_align.webp,0.008544,1.0,0.1684218062829517
database3/database3/m.018348/1-FaceId-0_align.webp,0.029671,1.0,0.1841269130191731
database3/database3/m.0183f9/72-FaceId-0_align.webp,0.028848,1.0,0.2416516347906659
database3/database3/m.018417/7-FaceId-0_align.webp,0.270045,0.0,0.1582517552123287
database3/database3/m.018493/45-FaceId-0_align.webp,0.059135,0.0,0.1594384674062311
database3/database3/m.0184cd/37-FaceId-0_align.webp,0.012663,0.0,0.1484531760205862
database3/database3/m.0184cd/69-FaceId-0_align.webp,0.041234,0.0,0.1474575106401428
database3/database3/m.0184jc/9-FaceId-0_align.webp,0.061679,1.0,0.178021248521288
database3/database3/m.0184xq/86-FaceId-0_align.webp,0.010468,1.0,0.1899899010397312
database3/database3/m.0185gs/107-FaceId-0_align.webp,0.133885,1.0,0.1409844318350926
database3/database3/m.0187y5/50-FaceId-0_align.webp,0.011259,1.0,0.3711717993405028
database3/database3/m.0187y5/55-FaceId-0_align.webp,0.018906,1.0,0.15683073778474
database3/database3/m.0188n0/16-FaceId-0_align.webp,0.119925,1.0,0.1639753144147346
database3/database3/m.0188n0/81-FaceId-0_align.webp,0.437819,1.0,0.1808374523652282
database3/database3/m.0188n0/93-FaceId-0_align.webp,0.241643,1.0,0.203019163040268
database3/database3/m.0188nj/68-FaceId-0_align.webp,0.036499,1.0,0.1293935914590619
database3/database3/m.018_3q/101-FaceId-0_align.webp,0.001235,1.0,0.4923836714110692
database3/database3/m.018_3q/89-FaceId-0_align.webp,0.024563,1.0,0.1256756743591957
database3/database3/m.018_lb/81-FaceId-0_align.webp,0.104704,0.0,0.1144704088116451
database3/database3/m.018c42/45-FaceId-1_align.webp,0.268912,1.0,0.154564877752223
database3/database3/m.018c42/5-FaceId-0_align.webp,0.033426,1.0,0.1476884865809752
database3/database3/m.018cx_/16-FaceId-0_align.webp,0.128439,0.0,0.1409681196746509
database3/database3/m.018dnt/83-FaceId-0_align.webp,0.012334,1.0,0.1423033282653869
database3/database3/m.018dpq/74-FaceId-0_align.webp,0.08469,1.0,0.1462600150536435
database3/database3/m.018dpq/9-FaceId-0_align.webp,0.06436,1.0,0.1988070192844399
database3/database3/m.018dq3/21-FaceId-0_align.webp,0.264271,0.0,0.1614321441892939
database3/database3/m.018dq3/43-FaceId-0_align.webp,0.005771,0.0,0.1425744284868155
database3/database3/m.018dqg/14-FaceId-0_align.webp,0.002005,1.0,0.1300768602250119
database3/database3/m.018dyl/57-FaceId-0_align.webp,0.066796,1.0,0.1118397141444533
database3/database3/m.018f07/77-FaceId-0_align.webp,0.067893,1.0,0.1768537839016168
database3/database3/m.018f07/88-FaceId-0_align.webp,0.019681,1.0,0.1324953905613221
database3/database3/m.018f_y/78-FaceId-0_align.webp,0.005574,1.0,0.3667174388165533
database3/database3/m.018fkc/18-FaceId-0_align.webp,0.048624,0.0,0.1828327204463431
database3/database3/m.018fkc/51-FaceId-0_align.webp,0.004824,1.0,0.1449551566848361
database3/database3/m.018fmr/107-FaceId-0_align.webp,0.087037,0.0,0.1557891688595807
database3/database3/m.018fmr/38-FaceId-0_align.webp,0.082888,0.0,0.220826557211573
database3/database3/m.018fmr/39-FaceId-0_align.webp,0.154489,0.0,0.1468141989151927
database3/database3/m.018fmr/77-FaceId-0_align.webp,0.094029,0.0,0.1388968012462917
database3/database3/m.018fmr/96-FaceId-0_align.webp,0.118151,0.0,0.1734639969371348
database3/database3/m.018fvy/74-FaceId-0_align.webp,0.006913,1.0,0.1372530080196298
database3/database3/m.018fwb/106-FaceId-0_align.webp,0.105164,0.0,0.1676448117696268
database3/database3/m.018fyy/5-FaceId-0_align.webp,0.161114,0.0,0.1425589284579523
database3/database3/m.018fzs/56-FaceId-0_align.webp,0.057952,1.0,0.2320293672949
database3/database3/m.018fzs/60-FaceId-0_align.webp,0.058021,1.0,0.1281841077922614
database3/database3/m.018fzs/89-FaceId-0_align.webp,0.00707,1.0,0.1277678854920322
database3/database3/m.018g4z/59-FaceId-0_align.webp,0.266921,0.0,0.248417459429454
database3/database3/m.018gcf/20-FaceId-0_align.webp,0.017916,1.0,0.1344576715045268
database3/database3/m.018gcf/28-FaceId-0_align.webp,0.0,1.0,0.1567129791954418
database3/database3/m.018gjx/0-FaceId-0_align.webp,0.03658,1.0,0.1428033713203161
database3/database3/m.018gjx/88-FaceId-1_align.webp,0.040357,1.0,0.1435671069790033
database3/database3/m.018gkb/31-FaceId-0_align.webp,0.133832,1.0,0.2093545163402586
database3/database3/m.018gkb/69-FaceId-0_align.webp,0.119964,1.0,0.1478341983770557
database3/database3/m.018gl5/55-FaceId-0_align.webp,0.0,1.0,0.1362386530341949
database3/database3/m.018gn4/7-FaceId-0_align.webp,0.045659,1.0,0.1564479709064147
database3/database3/m.018gn4/95-FaceId-0_align.webp,0.084694,1.0,0.1566511755432073
database3/database3/m.018gqj/17-FaceId-0_align.webp,0.18042,1.0,0.1480839533241904
database3/database3/m.018gqj/45-FaceId-0_align.webp,0.048033,1.0,0.1473744099110072
database3/database3/m.018gqj/51-FaceId-0_align.webp,0.113401,1.0,0.158966316051202
database3/database3/m.018gqj/9-FaceId-0_align.webp,0.182644,1.0,0.1654259716556125
database3/database3/m.018gsl/54-FaceId-0_align.webp,0.015144,1.0,0.3118541786967514
database3/database3/m.018gw3/19-FaceId-0_align.webp,0.042889,1.0,0.2732895125821944
database3/database3/m.018h84/20-FaceId-0_align.webp,0.006714,1.0,0.1523374881077631
database3/database3/m.018h84/4-FaceId-0_align.webp,0.077047,1.0,0.113065554226581
database3/database3/m.018hhw/26-FaceId-0_align.webp,0.058762,0.0,0.1480249845478146
database3/database3/m.018hwl/22-FaceId-0_align.webp,0.105538,1.0,0.1864583469411909
database3/database3/m.018j3w/52-FaceId-0_align.webp,0.03127,1.0,0.1137422461213568
database3/database3/m.018j4c/21-FaceId-0_align.webp,0.159984,1.0,0.1443668981337819
database3/database3/m.018j4c/60-FaceId-0_align.webp,0.116911,1.0,0.1889419372608156
database3/database3/m.018j4c/72-FaceId-0_align.webp,0.050298,1.0,0.148799493521739
database3/database3/m.018j5m/87-FaceId-0_align.webp,0.119486,0.0,0.1781923772591679
database3/database3/m.018jnn/6-FaceId-0_align.webp,0.046059,1.0,0.1183892338336244
database3/database3/m.018jnn/60-FaceId-0_align.webp,0.021036,1.0,0.1172124503788262
database3/database3/m.018jz8/4-FaceId-0_align.webp,0.129694,1.0,0.1435809600845015
database3/database3/m.018kd0/56-FaceId-0_align.webp,0.078738,1.0,0.1577940915994538
database3/database3/m.018kjc/45-FaceId-0_align.webp,0.336481,1.0,0.1849454564724651
database3/database3/m.018kjc/74-FaceId-0_align.webp,0.359873,1.0,0.1788204997445548
database3/database3/m.018lb1/1-FaceId-0_align.webp,0.066363,0.0,0.1423811173213538
database3/database3/m.018lb1/113-FaceId-0_align.webp,0.174767,0.0,0.1522493406511187
database3/database3/m.018lb1/45-FaceId-0_align.webp,0.011283,0.0,0.1329912105553562
database3/database3/m.018lb1/60-FaceId-0_align.webp,0.101898,0.0,0.1393791955901991
database3/database3/m.018lb1/67-FaceId-0_align.webp,0.058712,0.0,0.1615217293237811
database3/database3/m.018lp7/31-FaceId-0_align.webp,0.068826,0.0,0.1556723686790658
database3/database3/m.018lp7/5-FaceId-0_align.webp,0.037973,0.0,0.1442314623937332
database3/database3/m.018lpm/41-FaceId-0_align.webp,0.03151,1.0,0.2203675886118539
database3/database3/m.018lx_/11-FaceId-0_align.webp,0.157239,1.0,0.1863410376566625
database3/database3/m.018lxn/67-FaceId-0_align.webp,0.041223,0.0,0.136283949175707
database3/database3/m.018m5c/31-FaceId-0_align.webp,0.012538,1.0,0.1154993271773486
database3/database3/m.018m5c/6-FaceId-0_align.webp,0.013236,1.0,0.123118026703784
database3/database3/m.018m5c/74-FaceId-0_align.webp,0.007729,1.0,0.1519270375405073
database3/database3/m.018mfl/68-FaceId-0_align.webp,0.01486,1.0,0.1781291537428443
database3/database3/m.018n52/37-FaceId-0_align.webp,0.024108,1.0,0.12418987942291
database3/database3/m.018n7d/44-FaceId-0_align.webp,0.002157,1.0,0.1288630654540987
database3/database3/m.018n9d/58-FaceId-0_align.webp,0.182622,1.0,0.139811844987629
database3/database3/m.018nqq/25-FaceId-0_align.webp,0.02666,1.0,0.1182456668001389
database3/database3/m.018nqq/56-FaceId-0_align.webp,0.002557,1.0,0.1716632252102839
database3/database3/m.018nwp/42-FaceId-0_align.webp,0.023176,1.0,0.2571703437730998
database3/database3/m.018p19/2-FaceId-0_align.webp,0.029409,1.0,0.1866414745531635
database3/database3/m.018pj3/21-FaceId-0_align.webp,0.206243,0.0,0.1194404757210951
database3/database3/m.018pkl/117-FaceId-0_align.webp,0.00271,1.0,0.177451055832727
database3/database3/m.018ptf/125-FaceId-1_align.webp,0.193842,0.0,0.2035757017691283
database3/database3/m.018ptf/6-FaceId-0_align.webp,0.184452,1.0,0.1401382607089255
database3/database3/m.018ptf/69-FaceId-0_align.webp,0.264398,1.0,0.2125362800714065
database3/database3/m.018ptf/87-FaceId-0_align.webp,0.284614,1.0,0.170935080734249
database3/database3/m.018pyg/114-FaceId-0_align.webp,0.004286,0.0,0.1244321301198638
database3/database3/m.018pyg/50-FaceId-0_align.webp,0.094308,0.0,0.1185692354252195
database3/database3/m.018q7p/61-FaceId-0_align.webp,0.113962,1.0,0.1575291486056503
database3/database3/m.018qkz/35-FaceId-0_align.webp,0.11651,0.0,0.1555409259240132
database3/database3/m.018qkz/48-FaceId-0_align.webp,0.078768,0.0,0.160465657010205
database3/database3/m.018qlp/1-FaceId-0_align.webp,0.057596,0.0,0.1633975403298773
database3/database3/m.018qlp/2-FaceId-0_align.webp,0.201501,0.0,0.1857645111461477
database3/database3/m.018qlp/67-FaceId-0_align.webp,0.023725,0.0,0.1341138681786623
database3/database3/m.018qlp/73-FaceId-0_align.webp,0.048836,0.0,0.147352723354808
database3/database3/m.018qlp/81-FaceId-0_align.webp,0.220874,0.0,0.1589837364490922
database3/database3/m.018qlp/99-FaceId-0_align.webp,0.098556,0.0,0.153720426929888
database3/database3/m.018qn8/16-FaceId-0_align.webp,0.180079,0.0,0.1544454026573963
database3/database3/m.018qn8/24-FaceId-0_align.webp,0.067297,0.0,0.1549511169402214
database3/database3/m.018qn8/3-FaceId-0_align.webp,0.144663,0.0,0.1556202634353708
database3/database3/m.018qpb/20-FaceId-0_align.webp,0.030827,0.0,0.108720679286831
database3/database3/m.018qpb/42-FaceId-0_align.webp,0.04676,0.0,0.1326214005324815
database3/database3/m.018qr9/59-FaceId-0_align.webp,0.041718,0.0,0.1375671644554051
database3/database3/m.018qwf/0-FaceId-0_align.webp,0.034965,1.0,0.1094962614146214
database3/database3/m.018qx5/48-FaceId-0_align.webp,0.145397,0.0,0.2435996543177541
database3/database3/m.018r3g/1-FaceId-0_align.webp,0.015575,1.0,0.3181556756640272
database3/database3/m.018rsq/63-FaceId-0_align.webp,0.05182,1.0,0.1301917263782651
database3/database3/m.018rsq/82-FaceId-0_align.webp,0.021029,1.0,0.1431236923582977
database3/database3/m.018ry5/78-FaceId-0_align.webp,0.052713,1.0,0.152873161605429
database3/database3/m.018s7v/75-FaceId-0_align.webp,0.055964,0.0,0.1588093999649166
database3/database3/m.018slq/19-FaceId-0_align.webp,0.164016,1.0,0.1605903323080426
database3/database3/m.018swb/94-FaceId-0_align.webp,0.035612,1.0,0.1611447557254146
database3/database3/m.018t67/2-FaceId-0_align.webp,0.002151,1.0,0.1097167285262377
database3/database3/m.018t67/75-FaceId-0_align.webp,0.002161,1.0,0.1170740632779585
database3/database3/m.018t67/76-FaceId-0_align.webp,0.014984,1.0,0.1218245665922668
database3/database3/m.018tfd/63-FaceId-0_align.webp,0.039426,1.0,0.1112974544351057
database3/database3/m.018tvs/4-FaceId-0_align.webp,0.186437,1.0,0.1679525614654147
database3/database3/m.018v8c/66-FaceId-0_align.webp,0.031012,1.0,0.117760364756443
database3/database3/m.018v_8/56-FaceId-0_align.webp,0.065146,1.0,0.1209681071630372
database3/database3/m.018vhw/41-FaceId-2_align.webp,0.017996,1.0,0.3310414056065105
database3/database3/m.018vhw/84-FaceId-1_align.webp,0.010037,1.0,0.1606056842406621
database3/database3/m.018vhw/94-FaceId-0_align.webp,0.022504,1.0,0.1313735149976919
database3/database3/m.018w6s/30-FaceId-0_align.webp,0.009687,1.0,0.3456004919184043
database3/database3/m.018wh0/34-FaceId-0_align.webp,0.038341,1.0,0.1222719942604016
database3/database3/m.018wqb/36-FaceId-1_align.webp,0.061601,1.0,0.212837275456551
database3/database3/m.018x3/82-FaceId-0_align.webp,0.000249,1.0,0.1238867340427792
database3/database3/m.018x3/89-FaceId-0_align.webp,0.006661,1.0,0.1809558852957822
database3/database3/m.018xrz/49-FaceId-0_align.webp,0.084464,1.0,0.1574026384754292
database3/database3/m.018y0w/54-FaceId-0_align.webp,0.014612,1.0,0.1378753377549597
database3/database3/m.018y2s/21-FaceId-0_align.webp,0.010478,1.0,0.1470321931383051
database3/database3/m.018y4x/104-FaceId-0_align.webp,0.014664,1.0,0.1359872464658553
database3/database3/m.018y4x/94-FaceId-0_align.webp,0.083805,1.0,0.1107091923445511
database3/database3/m.018ycp/32-FaceId-0_align.webp,0.169605,1.0,0.1359676835649617
database3/database3/m.018ycp/64-FaceId-0_align.webp,0.011204,1.0,0.1301719547965691
