filename,target,gender,pred
database1/img00000154.webp,0.036749,1.0,0.152057532636149
database1/img00000271.webp,0.229724,1.0,0.1973714537760797
database1/img00000323.webp,0.120628,0.0,0.1508944020952042
database1/img00000364.webp,0.00341,1.0,0.1409973957304686
database1/img00000371.webp,0.000249,1.0,0.1621653126583399
database1/img00000438.webp,0.102267,0.0,0.1607139992761619
database1/img00000448.webp,0.032257,0.0,0.1617443849207448
database1/img00000477.webp,0.158779,0.0,0.1230750598407401
database1/img00000491.webp,0.333523,0.0,0.1779306199372775
database1/img00000679.webp,0.022454,0.0,0.1493594620918584
database1/img00000766.webp,0.241328,0.0,0.1814187950455398
database1/img00000781.webp,0.01402,1.0,0.1470508012916025
database1/img00000793.webp,0.308688,0.0,0.2049122931653107
database1/img00000806.webp,0.083687,1.0,0.1478878289676566
database1/img00000857.webp,0.167176,0.0,0.1627648728116809
database1/img00000882.webp,0.118298,0.0,0.1609063190876819
database1/img00000903.webp,0.006576,1.0,0.1724616549483769
database1/img00000929.webp,0.021546,1.0,0.1597919582513901
database1/img00000941.webp,0.232414,0.0,0.1762200028589046
database1/img00001032.webp,0.044127,1.0,0.178299598583216
database1/img00001145.webp,0.022379,1.0,0.1348712158449229
database1/img00001291.webp,0.022322,0.0,0.148573247577883
database1/img00001371.webp,0.148865,0.0,0.1570456684556607
database1/img00001491.webp,0.264813,0.0,0.2053912218291528
database1/img00001551.webp,0.054068,1.0,0.1479728646485191
database1/img00001573.webp,0.095382,0.0,0.1297281503862277
database1/img00001650.webp,0.088325,0.0,0.1282882818460378
database1/img00001652.webp,0.074782,1.0,0.1563103951035383
database1/img00001674.webp,0.188753,0.0,0.2048461298037872
database1/img00001701.webp,0.002942,1.0,0.1588804341209473
database1/img00001779.webp,0.009358,1.0,0.254363612576568
database1/img00001812.webp,0.017934,0.0,0.131366593050896
database1/img00001859.webp,0.006232,1.0,0.1748424920701315
database1/img00001872.webp,0.094988,0.0,0.158643934299649
database1/img00001883.webp,0.015755,0.0,0.1639201591590599
database1/img00001978.webp,0.02291,1.0,0.17818130908102
database1/img00002013.webp,0.068771,1.0,0.1416540399740428
database1/img00002073.webp,0.265663,0.0,0.1804051648368723
database1/img00002136.webp,0.083835,0.0,0.1601327955915366
database1/img00002187.webp,0.062593,1.0,0.1695160424433034
database1/img00002221.webp,0.024328,1.0,0.1607228961137098
database1/img00002227.webp,0.172367,0.0,0.176931863442692
database1/img00002414.webp,0.290565,0.0,0.2723471204709807
database1/img00002415.webp,0.370759,0.0,0.204298752615975
database1/img00002527.webp,0.008082,0.0,0.1488594077590266
database1/img00002649.webp,0.108227,0.0,0.154331524354037
database1/img00002695.webp,0.191496,0.0,0.1578765631765657
database1/img00002698.webp,0.019352,0.0,0.159634495613156
database1/img00002713.webp,0.025594,1.0,0.1627795285164792
database1/img00002737.webp,0.01324,1.0,0.1582083256241517
database1/img00002813.webp,0.015997,0.0,0.1357652170110482
database1/img00002915.webp,0.059948,0.0,0.1496117615564552
database1/img00002916.webp,0.061003,0.0,0.1558727535662172
database1/img00003052.webp,0.34648,0.0,0.1817916005459081
database1/img00003146.webp,0.130163,0.0,0.1199950109744273
database1/img00003162.webp,0.193332,0.0,0.1926253505242984
database1/img00003199.webp,0.314562,0.0,0.1754341184918879
database1/img00003273.webp,0.126445,0.0,0.1931614920087286
database1/img00003300.webp,0.007141,1.0,0.1659776981349441
database1/img00003360.webp,0.008946,1.0,0.1531910950330801
database1/img00003390.webp,0.054933,0.0,0.1617304123577522
database1/img00003437.webp,0.01322,1.0,0.1385802971617541
database1/img00003452.webp,0.040754,0.0,0.1315042208526294
database1/img00003584.webp,0.23463,0.0,0.1830248075450918
database1/img00003713.webp,0.000555,1.0,0.1155370189971302
database1/img00003746.webp,0.099051,1.0,0.1661484649771388
database1/img00003877.webp,0.01258,0.0,0.1594330980269098
database1/img00003884.webp,0.091278,0.0,0.1426269099498497
database1/img00003887.webp,0.010493,1.0,0.2155476934402078
database1/img00003978.webp,0.178955,0.0,0.1119480729356644
database1/img00004026.webp,0.365443,0.0,0.1925812085284327
database1/img00004041.webp,0.094007,0.0,0.1420077041848337
database1/img00004164.webp,0.026259,1.0,0.1456262915359236
database1/img00004216.webp,0.034337,0.0,0.1430255319881568
database1/img00004261.webp,0.165876,0.0,0.1828210313090293
database1/img00004273.webp,0.156777,0.0,0.1465896797526656
database1/img00004308.webp,0.126358,0.0,0.1572737590931715
database1/img00004416.webp,0.13739,1.0,0.1513536342925301
database1/img00004426.webp,0.364242,1.0,0.2084119916804794
database1/img00004540.webp,0.140347,0.0,0.13680973964651
database1/img00004621.webp,0.130906,0.0,0.1643827367959391
database1/img00004701.webp,0.060368,0.0,0.1208605100952133
database1/img00004841.webp,0.021785,1.0,0.1475677359329896
database1/img00004851.webp,0.058337,1.0,0.1629949537999583
database1/img00004895.webp,0.001337,1.0,0.1414892337910585
database1/img00005027.webp,0.095752,1.0,0.1888113109186271
database1/img00005030.webp,0.114344,0.0,0.1663586836031189
database1/img00005095.webp,0.018419,0.0,0.1706533556808229
database1/img00005116.webp,0.107525,0.0,0.1787289236392806
database1/img00005179.webp,0.058586,1.0,0.16271851029369
database1/img00005208.webp,0.021009,1.0,0.2597043617620892
database1/img00005271.webp,0.408256,0.0,0.2089241871318198
database1/img00005293.webp,0.043233,0.0,0.1577396652503891
database1/img00005339.webp,0.173984,0.0,0.1287375189100012
database1/img00005347.webp,0.002911,0.0,0.1089543639189271
database1/img00005361.webp,0.189098,0.0,0.1546663898408039
database1/img00005501.webp,0.145725,0.0,0.1508502976239023
database1/img00005507.webp,0.232343,0.0,0.2389605028419213
database1/img00005509.webp,0.003247,1.0,0.2401127030581747
database1/img00005522.webp,0.185571,0.0,0.1386205568503212
database1/img00005579.webp,0.037795,1.0,0.1662536854089772
database1/img00005689.webp,0.281579,0.0,0.1616878630165416
database1/img00005696.webp,0.366924,0.0,0.2282188889848218
database1/img00005723.webp,0.013358,0.0,0.1737067546353704
database1/img00005726.webp,0.041346,1.0,0.1630366864947684
database1/img00005753.webp,0.009879,0.0,0.1612096713334493
database1/img00005766.webp,0.177714,0.0,0.165164162310246
database1/img00005768.webp,0.024309,1.0,0.180777479195031
database1/img00005822.webp,0.022373,0.0,0.1321584783910234
database1/img00005851.webp,0.375359,0.0,0.1789414231314738
database1/img00005896.webp,0.063671,0.0,0.175863217671575
database1/img00005910.webp,0.374925,0.0,0.1718762103214979
database1/img00006003.webp,0.020291,1.0,0.1609041525252768
database1/img00006021.webp,0.018409,1.0,0.2560676544018588
database1/img00006047.webp,0.105454,0.0,0.1525155487915702
database1/img00006101.webp,0.326093,0.0,0.1903301624244451
database1/img00006168.webp,0.00248,1.0,0.1209307408807306
database1/img00006196.webp,0.0412,1.0,0.1556474201191052
database1/img00006204.webp,0.331116,1.0,0.1869549629960359
database1/img00006269.webp,0.011789,1.0,0.1611434421529795
database1/img00006334.webp,0.003849,1.0,0.1267847796136143
database1/img00006414.webp,0.208227,0.0,0.1686318466101364
database1/img00006420.webp,0.026323,1.0,0.1672316631893014
database1/img00006436.webp,0.008945,1.0,0.1804870230116664
database1/img00006571.webp,0.06176,0.0,0.1404819377315412
database1/img00006576.webp,0.028441,1.0,0.1711890280522076
database1/img00006629.webp,0.000814,1.0,0.1079329611269445
database1/img00006690.webp,0.119839,0.0,0.1507883369107971
database1/img00006694.webp,0.019638,1.0,0.1457421109864066
database1/img00006722.webp,0.383369,0.0,0.2167975773757146
database1/img00006757.webp,0.169654,1.0,0.2102881081998154
database1/img00007032.webp,0.079705,0.0,0.1627707558431805
database1/img00007152.webp,0.296672,0.0,0.1984848967409841
database1/img00007289.webp,0.004896,1.0,0.1728387548440647
database1/img00007329.webp,0.096683,0.0,0.1659496589368438
database1/img00007335.webp,0.012784,1.0,0.1716028299994286
database1/img00007354.webp,0.047242,0.0,0.1434649536823133
database1/img00007383.webp,0.020362,1.0,0.1289974739208405
database1/img00007416.webp,0.105824,1.0,0.1746455858143051
database1/img00007435.webp,0.275659,0.0,0.2405152865334459
database1/img00007452.webp,0.091268,0.0,0.1490602972582887
database1/img00007454.webp,0.052407,1.0,0.1846453566465364
database1/img00007468.webp,0.289625,0.0,0.232936279751959
database1/img00007470.webp,0.024029,1.0,0.2867807975326659
database1/img00007537.webp,0.023879,0.0,0.1516026795991799
database1/img00007538.webp,0.239526,0.0,0.1701861618781399
database1/img00007592.webp,0.092299,0.0,0.1578744312819992
database1/img00007663.webp,0.000453,1.0,0.1322084671394328
database1/img00007675.webp,0.145663,0.0,0.1470146593272783
database1/img00007764.webp,0.212475,0.0,0.1578151801567416
database1/img00007790.webp,0.273678,0.0,0.1978749923425021
database1/img00007837.webp,0.07434,0.0,0.1492205772937392
database1/img00007851.webp,0.187909,0.0,0.1678772650356059
database1/img00007897.webp,0.021438,1.0,0.1556866589114204
database1/img00007955.webp,0.100119,0.0,0.1539668421604481
database1/img00007965.webp,0.126287,0.0,0.1285973376716009
database1/img00008054.webp,0.125876,0.0,0.1346593486134549
database1/img00008062.webp,0.192134,0.0,0.2034343956707907
database1/img00008079.webp,0.010384,1.0,0.1535515525429104
database1/img00008191.webp,0.127108,1.0,0.1923902053740576
database1/img00008233.webp,0.03355,1.0,0.1659733720533739
database1/img00008333.webp,0.123145,0.0,0.1527020875081683
database1/img00008350.webp,0.003002,0.0,0.1247485843855083
database1/img00008419.webp,0.136366,0.0,0.1635767735025393
database1/img00008444.webp,0.19563,0.0,0.1613565020339452
database1/img00008485.webp,0.153649,0.0,0.1338951222999157
database1/img00008500.webp,0.243166,1.0,0.1784104783887553
database1/img00008540.webp,0.020411,1.0,0.1631151405279615
database1/img00008619.webp,0.172849,1.0,0.1678110942918461
database1/img00008684.webp,0.116788,1.0,0.2430761028488885
database1/img00008694.webp,0.257404,1.0,0.2047214559883116
database1/img00008702.webp,0.150713,0.0,0.1548140768693966
database1/img00008778.webp,0.047436,1.0,0.1745161819102073
database1/img00008864.webp,0.142253,1.0,0.1657409688288338
database1/img00008929.webp,0.025151,1.0,0.1354068173420266
database1/img00009119.webp,0.134423,0.0,0.1570799828227142
database1/img00009131.webp,0.11769,0.0,0.1432417032152979
database1/img00009180.webp,0.22272,0.0,0.1920695473329613
database1/img00009210.webp,0.133618,1.0,0.1560658713618011
database1/img00009215.webp,0.015083,1.0,0.2533529421415997
database1/img00009309.webp,0.232271,0.0,0.2325294821878686
database1/img00009310.webp,0.032707,1.0,0.1780107925412669
database1/img00009395.webp,0.188981,0.0,0.1399932820401038
database1/img00009397.webp,0.022474,0.0,0.1325813130550471
database1/img00009399.webp,0.009987,1.0,0.1401498643202853
database1/img00009423.webp,0.205953,0.0,0.1637593141292405
database1/img00009521.webp,0.096612,0.0,0.1407224339873782
database1/img00009606.webp,0.062144,1.0,0.1513925956660813
database1/img00009643.webp,0.076471,0.0,0.1537088637030767
database1/img00009666.webp,0.249637,0.0,0.1632768383404747
database1/img00009740.webp,0.056754,0.0,0.1605079565908386
database1/img00009804.webp,0.00402,1.0,0.2018553507094164
database1/img00009898.webp,0.123271,0.0,0.1498426844574875
database1/img00009952.webp,0.220282,0.0,0.181214335522119
database1/img00009963.webp,0.081114,1.0,0.1666576881654647
database1/img00010009.webp,0.161796,0.0,0.1443184349351688
database1/img00010196.webp,0.131846,0.0,0.1493335313449023
database1/img00010250.webp,0.119697,0.0,0.2014104408214994
database1/img00010353.webp,0.145055,0.0,0.1602516741259472
database1/img00010363.webp,0.133258,0.0,0.1531211789462045
database1/img00010383.webp,0.010398,1.0,0.1034952330682792
database1/img00010445.webp,0.356323,0.0,0.1678349822127501
database1/img00010509.webp,0.056891,1.0,0.2020036022488764
database1/img00010530.webp,0.091729,0.0,0.1622514815576611
database1/img00010535.webp,0.304853,0.0,0.2095015631063942
database1/img00010537.webp,0.013696,0.0,0.1675169029973974
database1/img00010580.webp,0.154987,1.0,0.1543715954954873
database1/img00010612.webp,0.334599,0.0,0.1792408666214087
database1/img00010629.webp,0.060911,0.0,0.1382187030650407
database1/img00010643.webp,0.114721,1.0,0.1509837583694609
database1/img00010674.webp,0.023709,0.0,0.1369115010984023
database1/img00010757.webp,0.206361,0.0,0.1662317244200317
database1/img00010780.webp,0.013969,0.0,0.1575766568554901
database1/img00010790.webp,0.031334,0.0,0.1432200388933332
database1/img00010806.webp,0.065196,0.0,0.1536367960345451
database1/img00010887.webp,0.081617,0.0,0.1549949600587864
database1/img00010888.webp,0.233141,1.0,0.2101832503941003
database1/img00010982.webp,0.00745,1.0,0.1768970713604896
database1/img00010983.webp,0.20866,0.0,0.1622116427908045
database1/img00011118.webp,0.178597,1.0,0.2498437761344895
database1/img00011128.webp,0.27358,1.0,0.1735524301026076
database1/img00011142.webp,0.28074,1.0,0.1944583311546193
database1/img00011296.webp,0.108452,1.0,0.1874674113610088
database1/img00011507.webp,0.092578,0.0,0.1379520276643333
database1/img00011516.webp,0.087323,0.0,0.1543739191378346
database1/img00011597.webp,0.091441,0.0,0.1552037173654902
database1/img00011619.webp,0.253533,0.0,0.1876738730119231
database1/img00011623.webp,0.079619,0.0,0.1432671694380637
database1/img00011711.webp,0.412517,0.0,0.2192859142686112
database1/img00011737.webp,0.360567,0.0,0.1925999610121375
database1/img00011787.webp,0.009168,1.0,0.1493507480377661
database1/img00011827.webp,0.096535,0.0,0.1607371823201293
database1/img00011910.webp,0.153312,0.0,0.1491708838941304
database1/img00011946.webp,0.118833,0.0,0.1576148124945741
database1/img00011981.webp,0.044401,1.0,0.1615101404490785
database1/img00011982.webp,0.064973,1.0,0.1457323919690322
database1/img00012046.webp,0.013245,1.0,0.1638360657561482
database1/img00012050.webp,0.169118,0.0,0.1513106419370125
database1/img00012055.webp,0.118938,0.0,0.1585080360269639
database1/img00012083.webp,0.105677,1.0,0.1511421172281863
database1/img00012173.webp,0.148639,0.0,0.1597941713975857
database1/img00012174.webp,0.13274,0.0,0.156006002256436
database1/img00012175.webp,0.161502,0.0,0.169579714603362
database1/img00012194.webp,0.057599,0.0,0.1579272629334222
database1/img00012259.webp,0.022948,1.0,0.2132979281716521
database1/img00012293.webp,0.081765,0.0,0.160519241574098
database1/img00012367.webp,0.265563,0.0,0.1980489405113255
database1/img00012402.webp,0.08769,0.0,0.1591529049612362
database1/img00012413.webp,0.178087,0.0,0.1632227640729443
database1/img00012417.webp,0.047864,1.0,0.1493748221776989
database1/img00012444.webp,0.279593,0.0,0.1778566874500296
database1/img00012509.webp,0.14518,0.0,0.1360533304936328
database1/img00012555.webp,0.159567,0.0,0.1676191631408325
database1/img00012681.webp,0.00788,1.0,0.1442376450804859
database1/img00012805.webp,0.03627,0.0,0.1571294858178404
database1/img00012844.webp,0.027729,1.0,0.162677975265343
database1/img00012874.webp,0.002528,1.0,0.2068727354115475
database1/img00012883.webp,0.105193,1.0,0.1498763902006447
database1/img00012980.webp,0.021348,1.0,0.1591946863208702
database1/img00013033.webp,0.378744,0.0,0.2029789811857102
database1/img00013074.webp,0.20406,0.0,0.2002596977290026
database1/img00013089.webp,0.0,1.0,0.1228556872707099
database1/img00013099.webp,0.124905,0.0,0.2022994316740272
database1/img00013109.webp,0.255454,0.0,0.2877472455518032
database1/img00013151.webp,0.003784,1.0,0.1405462744157962
database1/img00013182.webp,0.112701,0.0,0.1515486928701267
database1/img00013213.webp,0.208104,1.0,0.1753416309148922
database1/img00013311.webp,0.021686,1.0,0.1599574798387669
database1/img00013313.webp,0.096531,0.0,0.1712196841550698
database1/img00013345.webp,0.111239,1.0,0.1686397637188239
database1/img00013392.webp,0.234015,0.0,0.1607190379295101
database1/img00013433.webp,0.013693,1.0,0.1601172033282915
database1/img00013450.webp,0.007936,1.0,0.1466097270209129
database1/img00013515.webp,0.055869,0.0,0.1526590305969954
database1/img00013591.webp,0.097683,0.0,0.1487835899889585
database1/img00013659.webp,0.005492,0.0,0.164951918022695
database1/img00013777.webp,0.039118,0.0,0.1490267634332276
database1/img00013856.webp,0.08085,0.0,0.1819173366467216
database1/img00013896.webp,0.155239,0.0,0.1661967474759794
database1/img00013978.webp,0.216187,1.0,0.1452928195481827
database1/img00014030.webp,0.009111,0.0,0.1760952546143255
database1/img00014146.webp,0.019737,0.0,0.1578610818573002
database1/img00014277.webp,0.009327,1.0,0.1745841203187967
database1/img00014440.webp,0.313716,0.0,0.1967500905582039
database1/img00014506.webp,0.002933,0.0,0.1625861240767862
database1/img00014634.webp,0.124116,1.0,0.1627228354084388
database1/img00014645.webp,0.294956,1.0,0.1869548484812288
database1/img00014657.webp,0.009173,1.0,0.1314442851734187
database1/img00014808.webp,0.222577,0.0,0.1839187692712638
database1/img00014845.webp,0.184098,0.0,0.1669098428141757
database1/img00014912.webp,0.085464,0.0,0.1610707598018247
database1/img00014924.webp,0.071344,1.0,0.1839604061150793
database1/img00015038.webp,0.222266,1.0,0.1811674499378613
database1/img00015081.webp,0.134204,0.0,0.2109862716694674
database1/img00015348.webp,0.225921,0.0,0.183665985688705
database1/img00015359.webp,0.033386,0.0,0.1521142762510146
database1/img00015476.webp,0.164199,0.0,0.2059303035321467
database1/img00015498.webp,0.128891,0.0,0.1439786537386601
database1/img00015505.webp,0.086803,0.0,0.1556267953394685
database1/img00015509.webp,0.096299,1.0,0.1795204596398894
database1/img00015766.webp,0.128287,0.0,0.1504777026772548
database1/img00015784.webp,0.198335,0.0,0.1554378808623547
database1/img00015947.webp,0.126497,0.0,0.1552586749503768
database1/img00016004.webp,0.076385,0.0,0.1582548899077983
database1/img00016096.webp,0.018479,1.0,0.1467622039269926
database1/img00016164.webp,0.009807,1.0,0.1499725547769498
database1/img00016181.webp,0.000908,1.0,0.1342366070674843
database1/img00016288.webp,0.368142,0.0,0.2057730475591411
database1/img00016296.webp,0.233928,0.0,0.1619093743616665
database1/img00016398.webp,0.070727,0.0,0.1537848247480698
database1/img00016442.webp,0.050167,0.0,0.1508125054535714
database1/img00016457.webp,0.145227,1.0,0.1612558615684599
database1/img00016490.webp,0.091022,0.0,0.1375928642273097
database1/img00016497.webp,0.144198,0.0,0.1657410744143049
database1/img00016611.webp,0.10049,0.0,0.1550213111522259
database1/img00016679.webp,0.001846,0.0,0.158643960075624
database1/img00016886.webp,0.012909,1.0,0.1421159158595905
database1/img00016934.webp,0.076123,1.0,0.1448749072209113
database1/img00016955.webp,0.030027,1.0,0.1857033444655897
database1/img00017135.webp,0.137474,0.0,0.1563042451527195
database1/img00017144.webp,0.291437,0.0,0.1742150089048969
database1/img00017157.webp,0.097188,0.0,0.1524324553431206
database1/img00017237.webp,0.019539,0.0,0.1484990254722254
database1/img00017467.webp,0.193369,0.0,0.1879122257026022
database1/img00017485.webp,0.231654,0.0,0.2331417065512393
database1/img00017623.webp,0.273226,0.0,0.1702089495632303
database1/img00017648.webp,0.013591,1.0,0.134015105029627
database1/img00017737.webp,0.0127,1.0,0.1565272888400382
database1/img00017893.webp,0.369649,0.0,0.1692433608647646
database1/img00018025.webp,0.125656,0.0,0.1456552658167453
database1/img00018042.webp,0.016056,1.0,0.14685284269301
database1/img00018045.webp,0.096288,0.0,0.1516662448179901
database1/img00018076.webp,0.184672,1.0,0.1601612469143086
database1/img00018117.webp,0.020611,0.0,0.1691147576978317
database1/img00018133.webp,0.049189,0.0,0.1577547230856154
database1/img00018173.webp,0.28192,0.0,0.1844419469772097
database1/img00018225.webp,0.130293,0.0,0.1409229959959285
database1/img00018284.webp,0.238474,0.0,0.1731526437751897
database1/img00018380.webp,0.182421,0.0,0.1509303616422569
database1/img00018422.webp,0.021826,0.0,0.1572086590937403
database1/img00018465.webp,0.041569,1.0,0.1647616064008134
database1/img00018500.webp,0.147015,0.0,0.1513408296677726
database1/img00018591.webp,0.11045,0.0,0.1763562878789184
database1/img00018619.webp,0.026771,1.0,0.1641542288552372
database1/img00018643.webp,0.14475,0.0,0.1679496555412818
database1/img00018689.webp,0.008002,0.0,0.1579343442550582
database1/img00018779.webp,0.045676,1.0,0.1498346517920389
database1/img00018873.webp,0.099329,0.0,0.1466182196165881
database1/img00018963.webp,0.0236,1.0,0.300047975934005
database1/img00019125.webp,0.039224,1.0,0.170366470904731
database1/img00019151.webp,0.151887,0.0,0.1966283195519262
database1/img00019162.webp,0.357571,0.0,0.198295870943503
database1/img00019165.webp,0.070241,1.0,0.1814834563092729
database1/img00019172.webp,0.017685,0.0,0.1372747155044424
database1/img00019200.webp,0.017214,1.0,0.1497157696279678
database1/img00019353.webp,0.013152,0.0,0.1481537282283472
database1/img00019360.webp,0.02429,1.0,0.1468810394912071
database1/img00019362.webp,0.226958,0.0,0.1598636042707314
database1/img00019406.webp,0.122785,0.0,0.1502032915738872
database1/img00019511.webp,0.00639,1.0,0.1425981734966783
database1/img00019553.webp,0.097165,0.0,0.1489520037998324
database1/img00019616.webp,0.008603,1.0,0.1709901537515215
database1/img00019625.webp,0.044642,1.0,0.1820005921971021
database1/img00019811.webp,0.135181,0.0,0.154444266227487
database1/img00019846.webp,0.085115,0.0,0.157755644820944
database1/img00019883.webp,0.295134,0.0,0.2168269753976554
database1/img00019956.webp,0.121542,0.0,0.1542687164152497
database1/img00020019.webp,0.245216,0.0,0.1718910618100389
database1/img00020092.webp,0.229511,0.0,0.1888590020814071
database1/img00020095.webp,0.369647,0.0,0.1796586420299317
database1/img00020106.webp,0.016139,1.0,0.1345114584283212
database1/img00020280.webp,0.093764,0.0,0.1533484282702828
database1/img00020383.webp,0.174486,0.0,0.1624377380676413
database1/img00020425.webp,0.105022,0.0,0.1496469045382818
database1/img00020495.webp,0.101841,0.0,0.1553923702566471
database1/img00020506.webp,0.143822,0.0,0.1626712757826427
database1/img00020690.webp,0.113169,0.0,0.1417924672354632
database1/img00020757.webp,0.123725,0.0,0.155901796863603
database1/img00020765.webp,0.148549,0.0,0.1544931259915979
database1/img00020799.webp,0.406729,0.0,0.2252172234203187
database1/img00020831.webp,0.0,1.0,0.1143823239470761
database1/img00020839.webp,0.164052,0.0,0.1478386813391415
database1/img00020840.webp,0.164657,0.0,0.1650776132921265
database1/img00020876.webp,0.039848,0.0,0.1563284171313419
database1/img00020958.webp,0.18413,1.0,0.1482070639982567
database1/img00021024.webp,0.011248,1.0,0.1631903089856988
database1/img00021028.webp,0.079159,0.0,0.141213816776315
database1/img00021119.webp,0.231027,0.0,0.1363028977407498
database1/img00021174.webp,0.029653,1.0,0.1546321933334235
database1/img00021203.webp,0.100309,1.0,0.2338250592068791
database1/img00021240.webp,0.12352,0.0,0.1617829152355171
database1/img00021256.webp,0.115372,0.0,0.1505669051802539
database1/img00021294.webp,0.230757,0.0,0.1873582353250314
database1/img00021336.webp,0.216002,0.0,0.1634703081715985
database1/img00021374.webp,0.038864,0.0,0.1571585395406159
database1/img00021382.webp,0.023478,1.0,0.2445029863014859
database1/img00021398.webp,0.118902,0.0,0.2687792237734411
database1/img00021523.webp,0.125539,0.0,0.1594893802799757
database1/img00021529.webp,0.020743,0.0,0.1599577281541121
database1/img00021585.webp,0.323915,0.0,0.1660235949493543
database1/img00021592.webp,0.053661,1.0,0.1695180210484113
database1/img00021620.webp,0.012103,1.0,0.1673265475398859
database1/img00021622.webp,0.258145,0.0,0.1755195451500775
database1/img00021629.webp,0.347567,0.0,0.1959633062528293
database1/img00021724.webp,0.117861,0.0,0.1598239850835601
database1/img00021737.webp,0.042247,1.0,0.1561883276294401
database1/img00021763.webp,0.319156,0.0,0.2268317795337884
database1/img00021881.webp,0.200485,0.0,0.1507222767902895
database1/img00021891.webp,0.158308,0.0,0.156583297920816
database1/img00022037.webp,0.280548,0.0,0.1924834278274984
database1/img00022062.webp,0.084716,1.0,0.143894696529016
database1/img00022089.webp,0.105552,0.0,0.1548946031237348
database1/img00022098.webp,0.019455,1.0,0.1547529633285563
database1/img00022099.webp,0.017022,1.0,0.1738473034900775
database1/img00022106.webp,0.009696,1.0,0.1490857928560357
database1/img00022110.webp,0.247685,0.0,0.2186805411322233
database1/img00022174.webp,0.246505,1.0,0.1783679700751018
database1/img00022220.webp,0.197348,0.0,0.2449358299934116
database1/img00022367.webp,0.130304,0.0,0.1666176139201474
database1/img00022458.webp,0.178211,1.0,0.1270353211360652
database1/img00022462.webp,0.147091,1.0,0.1593354419914583
database1/img00022521.webp,0.025301,1.0,0.1457825321906558
database1/img00022669.webp,0.094607,1.0,0.2796147435231696
database1/img00022715.webp,0.056654,0.0,0.1325984749127829
database1/img00022789.webp,0.207616,0.0,0.2302970048008334
database1/img00022833.webp,0.037262,1.0,0.1595516078332378
database1/img00022848.webp,0.082086,0.0,0.1546832454192454
database1/img00022964.webp,0.170935,0.0,0.1657122740530016
database1/img00023014.webp,0.001544,1.0,0.2687007455794009
database1/img00023146.webp,0.103648,1.0,0.1754611132506658
database1/img00023176.webp,0.028973,1.0,0.2058423173526426
database1/img00023181.webp,0.102577,0.0,0.1630758835339632
database1/img00023337.webp,0.089515,0.0,0.1469812260434132
database1/img00023439.webp,0.005019,1.0,0.1466121808378739
database1/img00023478.webp,0.105124,0.0,0.1425767639095724
database1/img00023517.webp,0.050744,0.0,0.1619231980878026
database1/img00023568.webp,0.010958,1.0,0.1703307809603383
database1/img00023725.webp,0.203847,0.0,0.1552676275401395
database1/img00023876.webp,0.079286,0.0,0.1484540391953841
database1/img00023903.webp,0.124474,0.0,0.1281631201267734
database1/img00024004.webp,0.151347,0.0,0.161165665452844
database1/img00024033.webp,0.008003,1.0,0.1682179266506095
database1/img00024054.webp,0.158105,0.0,0.1556757346126753
database1/img00024075.webp,0.098827,0.0,0.1662764560749128
database1/img00024097.webp,0.056329,1.0,0.1510051072669286
database1/img00024151.webp,0.223931,0.0,0.1450958351830512
database1/img00024251.webp,0.125194,0.0,0.1542026948843311
database1/img00024286.webp,0.203387,0.0,0.2194222372618003
database1/img00024330.webp,0.039351,0.0,0.1756653876036379
database1/img00024429.webp,0.001011,1.0,0.124456851685372
database1/img00024472.webp,0.231978,0.0,0.1761338141862652
database1/img00024480.webp,0.229159,0.0,0.1578727039215339
database1/img00024496.webp,0.010786,0.0,0.1691103031718207
database1/img00024553.webp,0.040348,1.0,0.1631367065399743
database1/img00024607.webp,0.016616,1.0,0.1708171871927017
database1/img00024687.webp,0.27365,0.0,0.1820167457098651
database1/img00024753.webp,0.192923,0.0,0.1689249117190912
database1/img00024774.webp,0.053221,0.0,0.153980470736765
database1/img00025064.webp,0.015037,0.0,0.1374957444245167
database1/img00025075.webp,0.298755,0.0,0.1911282392996525
database1/img00025133.webp,0.155681,1.0,0.1639836108909737
database1/img00025166.webp,0.014644,0.0,0.1609727970196182
database1/img00025308.webp,0.026547,1.0,0.1593219939432264
database1/img00025347.webp,0.003317,1.0,0.1656228906409472
database1/img00025392.webp,0.084647,0.0,0.1573541943959873
database1/img00025465.webp,0.083236,0.0,0.1924678970751019
database1/img00025509.webp,0.003962,0.0,0.1687137891519371
database1/img00025534.webp,0.073372,0.0,0.1486571640868513
database1/img00025566.webp,0.059194,1.0,0.168553358044806
database1/img00025641.webp,0.045629,1.0,0.1708065383399663
database1/img00025678.webp,0.113275,0.0,0.1597459413943571
database1/img00025969.webp,0.033245,1.0,0.1563987560585654
database1/img00026052.webp,0.217685,0.0,0.1617179858990448
database1/img00026073.webp,0.052874,0.0,0.1480078922290581
database1/img00026088.webp,0.15625,0.0,0.1668606455168995
database1/img00026103.webp,0.013345,1.0,0.1758600976302802
database1/img00026169.webp,0.063574,1.0,0.1925579515058858
database1/img00026178.webp,0.317092,0.0,0.1853958909762761
database1/img00026249.webp,0.008453,1.0,0.1714706814405898
database1/img00026281.webp,0.219012,1.0,0.1721907483129085
database1/img00026282.webp,0.011198,1.0,0.1685953631119855
database1/img00026305.webp,0.138547,1.0,0.1700308471881467
database1/img00026333.webp,0.154155,0.0,0.1530084876170463
database1/img00026341.webp,0.145098,0.0,0.2590253845502685
database1/img00026380.webp,0.102089,0.0,0.1658389166372137
database1/img00026418.webp,0.030072,1.0,0.1517756999533798
database1/img00026462.webp,0.007743,0.0,0.1565220352246425
database1/img00026473.webp,0.0,1.0,0.1465150098385193
database1/img00026493.webp,0.222605,0.0,0.1587397397034046
database1/img00026505.webp,0.024604,1.0,0.1758767900128331
database1/img00026554.webp,0.005176,1.0,0.1645053384593697
database1/img00026653.webp,0.0,0.0,0.1087414750865992
database1/img00026673.webp,0.305916,0.0,0.1709300494659814
database1/img00026714.webp,0.210407,0.0,0.1658802394779144
database1/img00026908.webp,0.046474,0.0,0.1542139414777234
database1/img00027013.webp,0.003769,0.0,0.1437073069199415
database1/img00027032.webp,0.007456,0.0,0.1711409023910157
database1/img00027062.webp,0.046983,1.0,0.1513368607967805
database1/img00027147.webp,0.083316,1.0,0.1813050168592415
database1/img00027201.webp,0.173566,0.0,0.1592710772640804
database1/img00027213.webp,0.102301,0.0,0.1592684721788845
database1/img00027267.webp,0.025949,0.0,0.155917589858805
database1/img00027278.webp,0.04282,0.0,0.1570312519052309
database1/img00027291.webp,0.037481,1.0,0.1712523042801556
database1/img00027300.webp,0.162757,0.0,0.1601654566191914
database1/img00027329.webp,0.120534,0.0,0.1190259553971964
database1/img00027355.webp,0.012954,0.0,0.1589821135067022
database1/img00027400.webp,0.093064,1.0,0.3083185650590208
database1/img00027672.webp,0.024684,0.0,0.1510009940216146
database1/img00027691.webp,0.263468,1.0,0.1924966857671933
database1/img00027708.webp,0.011879,1.0,0.1997854071572389
database1/img00027826.webp,0.008279,1.0,0.1551955683090296
database1/img00027870.webp,0.156292,0.0,0.1672683119671632
database1/img00027888.webp,0.010368,1.0,0.1666239935580629
database1/img00027943.webp,0.005057,1.0,0.1794521151250732
database1/img00027980.webp,0.1488,0.0,0.1601187621998462
database1/img00028069.webp,0.00506,1.0,0.173242639377035
database1/img00028087.webp,0.001205,1.0,0.1151551864794151
database1/img00028101.webp,0.0173,1.0,0.1517875159875226
database1/img00028174.webp,0.122309,0.0,0.155627601853124
database1/img00028222.webp,0.107143,0.0,0.1501015412987289
database1/img00028224.webp,0.146398,0.0,0.1759646167201249
database1/img00028300.webp,0.012183,0.0,0.1536171842231055
database1/img00028356.webp,0.152613,0.0,0.1324350928741968
database1/img00028517.webp,0.382837,0.0,0.1951697481155921
database1/img00028551.webp,0.203166,0.0,0.209841811056687
database1/img00028578.webp,0.061325,0.0,0.1485937394305849
database1/img00028581.webp,0.020189,1.0,0.1495620484311738
database1/img00028723.webp,0.12276,0.0,0.1657927902232361
database1/img00028742.webp,0.061928,0.0,0.1355935220344006
database1/img00028757.webp,0.031527,1.0,0.1658819083341475
database1/img00028784.webp,0.01652,0.0,0.1535135275945168
database1/img00028843.webp,0.045216,1.0,0.1943160174067564
database1/img00028942.webp,0.085705,0.0,0.1359394765958304
database1/img00029059.webp,0.201976,0.0,0.1643446896853303
database1/img00029154.webp,0.027398,0.0,0.2284205630136905
database1/img00029252.webp,0.011317,1.0,0.1674677208577921
database1/img00029315.webp,0.223811,0.0,0.1837881258581002
database1/img00029326.webp,0.073163,0.0,0.1413845446631689
database1/img00029393.webp,0.181547,0.0,0.1596937645423047
database1/img00029479.webp,0.172507,1.0,0.1800142196353729
database1/img00029527.webp,9.6e-05,1.0,0.1152167582124412
database1/img00029586.webp,0.049823,0.0,0.1606372877844168
database1/img00029691.webp,0.030185,1.0,0.1759803115401141
database1/img00029706.webp,0.21533,1.0,0.3216015703554405
database1/img00029758.webp,0.113217,0.0,0.1528205760464898
database1/img00029778.webp,0.154551,0.0,0.1923151906033854
database1/img00029960.webp,0.383842,0.0,0.1933548469924997
database2/database2/test/148.webp,0.048036,1.0,0.1549094481823836
database2/database2/test/190.webp,0.086509,1.0,0.2524136634354232
database2/database2/test/216.webp,0.245817,0.0,0.1502289951390911
database2/database2/test/232.webp,0.275174,0.0,0.1561759744107897
database2/database2/test/239.webp,0.175156,0.0,0.1870606320233351
database2/database2/test/266.webp,0.213241,0.0,0.1667921306146981
database2/database2/test/34.webp,0.050154,0.0,0.1348866064369154
database2/database2/test/453.webp,0.089504,1.0,0.107572884302622
database2/database2/test/472.webp,0.226614,1.0,0.2037388174521646
database2/database2/test/91.webp,0.465517,1.0,0.1728899259085866
database2/database2/train/1009.webp,0.104761,1.0,0.1794737223079661
database2/database2/train/1240.webp,0.146101,0.0,0.1653984996989161
database2/database2/train/1258.webp,0.246853,0.0,0.3300074264736372
database2/database2/train/127.webp,0.075508,0.0,0.1300947576657075
database2/database2/train/1279.webp,0.000502,1.0,0.2538756425103305
database2/database2/train/1311.webp,0.172932,1.0,0.3424424256920881
database2/database2/train/174.webp,0.051776,1.0,0.3200655832909768
database2/database2/train/203.webp,0.050641,1.0,0.1688203415116274
database2/database2/train/219.webp,0.142928,0.0,0.1758191832753477
database2/database2/train/233.webp,0.281943,1.0,0.1909442739801355
database2/database2/train/26.webp,0.011878,0.0,0.1391094576062415
database2/database2/train/34.webp,0.095641,0.0,0.1571145863563196
database2/database2/train/433.webp,0.036418,1.0,0.1704882549358525
database2/database2/train/436.webp,0.026337,1.0,0.1349850326075904
database2/database2/train/515.webp,0.012181,1.0,0.1569306657671604
database2/database2/train/547.webp,0.0,1.0,0.106450785455255
database2/database2/train/613.webp,0.048432,0.0,0.1410693566268955
database2/database2/train/624.webp,0.123039,1.0,0.2356719420011002
database2/database2/train/650.webp,0.113219,0.0,0.1534799905828622
database2/database2/train/766.webp,0.167917,0.0,0.1976099285789905
database2/database2/train/814.webp,0.3,0.0,0.2011158161123715
database2/database2/train/846.webp,0.020085,1.0,0.1684724373463401
database2/database2/train/900.webp,0.417188,1.0,0.1808544486708573
database2/database2/train/928.webp,0.09983,0.0,0.1603694359511684
database2/database2/train/97.webp,0.048559,1.0,0.1730592562220818
database2/database2/train/992.webp,0.32608,0.0,0.1920861819144943
database3/database3/m.0109kg/59-FaceId-0_align.webp,0.264823,0.0,0.1920696737507945
database3/database3/m.010bk0/59-FaceId-0_align.webp,0.021845,1.0,0.2558659502897195
database3/database3/m.010ngb/60-FaceId-0_align.webp,0.012915,1.0,0.1429322690881799
database3/database3/m.010p3/45-FaceId-0_align.webp,0.01465,1.0,0.1796089532777651
database3/database3/m.010p3/69-FaceId-0_align.webp,0.027584,1.0,0.1678643359915751
database3/database3/m.010p3/82-FaceId-0_align.webp,0.013896,1.0,0.1481420952917862
database3/database3/m.010wty2t/83-FaceId-1_align.webp,0.168202,1.0,0.2375778326725826
database3/database3/m.0112yl/20-FaceId-0_align.webp,0.035573,1.0,0.1948513142704941
database3/database3/m.01167d3z/34-FaceId-0_align.webp,0.37993,1.0,0.203288911977859
database3/database3/m.01167d3z/74-FaceId-0_align.webp,0.319357,1.0,0.189206010261772
database3/database3/m.011_0k/17-FaceId-0_align.webp,0.022011,1.0,0.1571149962699224
database3/database3/m.011_0k/3-FaceId-0_align.webp,0.017225,1.0,0.1719759512041169
database3/database3/m.011_0k/43-FaceId-0_align.webp,0.025252,1.0,0.1651085784126809
database3/database3/m.011_0k/77-FaceId-0_align.webp,0.126436,1.0,0.3015704752319394
database3/database3/m.011_2h/101-FaceId-0_align.webp,0.183945,0.0,0.1860090520153016
database3/database3/m.011_2h/18-FaceId-0_align.webp,0.139464,0.0,0.2410052423625367
database3/database3/m.011_2h/21-FaceId-0_align.webp,0.028243,0.0,0.1659790691594292
database3/database3/m.011_3d/107-FaceId-0_align.webp,0.091414,1.0,0.1816635899570407
database3/database3/m.011_3d/31-FaceId-0_align.webp,0.156269,1.0,0.1744961829679331
database3/database3/m.011_3d/35-FaceId-0_align.webp,0.154662,1.0,0.284806759172213
database3/database3/m.011_3s/106-FaceId-0_align.webp,0.132155,0.0,0.1746983076348575
database3/database3/m.011_3s/93-FaceId-0_align.webp,0.255275,0.0,0.2052308375838365
database3/database3/m.011_8/14-FaceId-0_align.webp,0.108434,1.0,0.1629580846969244
database3/database3/m.011_nf/83-FaceId-0_align.webp,0.036792,1.0,0.1605423947282084
database3/database3/m.011_pk/73-FaceId-0_align.webp,0.106935,1.0,0.1907753821301699
database3/database3/m.011_pk/98-FaceId-0_align.webp,0.021278,1.0,0.1241550164085986
database3/database3/m.011_r9/15-FaceId-0_align.webp,0.000453,1.0,0.1401320352277452
database3/database3/m.011_r9/35-FaceId-0_align.webp,0.0,1.0,0.1014923123205034
database3/database3/m.011h_w/16-FaceId-0_align.webp,0.023388,1.0,0.2461995249361211
database3/database3/m.011h_w/57-FaceId-0_align.webp,0.034974,1.0,0.2004813299084274
database3/database3/m.011hdn/3-FaceId-0_align.webp,0.144586,1.0,0.2368755133019922
database3/database3/m.011hm1/28-FaceId-0_align.webp,0.045589,0.0,0.1938380828147962
database3/database3/m.011hm1/59-FaceId-0_align.webp,0.308314,0.0,0.1626359858007355
database3/database3/m.011hmd/24-FaceId-0_align.webp,0.029049,1.0,0.2171731607419627
database3/database3/m.011jfg/102-FaceId-0_align.webp,0.016853,0.0,0.1593025234511443
database3/database3/m.011jfg/64-FaceId-0_align.webp,0.014724,0.0,0.1667304832019603
database3/database3/m.011kd9/42-FaceId-0_align.webp,0.092666,1.0,0.0
database3/database3/m.011kd9/48-FaceId-0_align.webp,0.021031,1.0,0.2468682606761986
database3/database3/m.011l17/115-FaceId-0_align.webp,0.008147,1.0,0.1347335740891431
database3/database3/m.011l17/73-FaceId-0_align.webp,0.013848,1.0,0.1712875895343447
database3/database3/m.011l17/78-FaceId-0_align.webp,0.000371,1.0,0.1463797350062808
database3/database3/m.011lf5/30-FaceId-0_align.webp,0.003745,1.0,0.1546999482649064
database3/database3/m.011lhy/14-FaceId-0_align.webp,0.06605,1.0,0.1187453910038856
database3/database3/m.011m1y/65-FaceId-0_align.webp,0.010331,1.0,0.2268299860257394
database3/database3/m.011m1y/93-FaceId-0_align.webp,0.010174,1.0,0.1412241303451988
database3/database3/m.011m33/35-FaceId-0_align.webp,0.10764,0.0,0.1455416015985609
database3/database3/m.011m33/96-FaceId-0_align.webp,0.077455,0.0,0.1840631458704431
database3/database3/m.011m33/98-FaceId-0_align.webp,0.093352,0.0,0.2076399469483912
database3/database3/m.011p3/100-FaceId-0_align.webp,0.261068,0.0,0.2061435803159637
database3/database3/m.011p3/38-FaceId-0_align.webp,0.260325,0.0,0.1529606366817297
database3/database3/m.011qm2/8-FaceId-0_align.webp,0.02115,1.0,0.1498323901141234
database3/database3/m.011w1b/4-FaceId-0_align.webp,0.011173,0.0,0.1575559586890773
database3/database3/m.011w1b/5-FaceId-0_align.webp,0.149673,0.0,0.1602263863758693
database3/database3/m.011w1b/65-FaceId-0_align.webp,0.028609,0.0,0.1538840762768434
database3/database3/m.011w1b/75-FaceId-0_align.webp,0.102741,0.0,0.178269728515924
database3/database3/m.011xgp/24-FaceId-0_align.webp,0.060348,1.0,0.1684098437042979
database3/database3/m.011xgp/72-FaceId-0_align.webp,0.024118,1.0,0.1977678229874379
database3/database3/m.011xjd/62-FaceId-0_align.webp,0.025855,1.0,0.1758155000526757
database3/database3/m.011xl3/35-FaceId-0_align.webp,0.101991,1.0,0.1816786312799579
database3/database3/m.011xl3/86-FaceId-0_align.webp,0.095741,1.0,0.2586234816497995
database3/database3/m.011xl3/92-FaceId-0_align.webp,0.15032,1.0,0.1834660677084076
database3/database3/m.011xl3/99-FaceId-0_align.webp,0.04585,1.0,0.1563727207115089
database3/database3/m.011xll/89-FaceId-0_align.webp,0.057752,1.0,0.2323736148528715
database3/database3/m.011ybj/52-FaceId-0_align.webp,0.042728,1.0,0.1528185066991688
database3/database3/m.011ybj/61-FaceId-0_align.webp,0.033422,1.0,0.1409418000329062
database3/database3/m.011yx0/17-FaceId-0_align.webp,0.03676,1.0,0.160410184258901
database3/database3/m.011yx0/7-FaceId-0_align.webp,0.025923,1.0,0.1503097374643282
database3/database3/m.011z69/22-FaceId-0_align.webp,0.003956,1.0,0.1195055115382561
database3/database3/m.011z69/27-FaceId-0_align.webp,0.057013,1.0,0.1319161529416055
database3/database3/m.011z69/67-FaceId-0_align.webp,0.026898,1.0,0.1501649466419188
database3/database3/m.011zfk/22-FaceId-0_align.webp,0.214757,1.0,0.1261182555968431
database3/database3/m.011zfz/75-FaceId-0_align.webp,0.159958,0.0,0.1689178712701124
database3/database3/m.011zg9/22-FaceId-0_align.webp,0.107141,0.0,0.1445413582871905
database3/database3/m.011zg9/39-FaceId-0_align.webp,0.053582,0.0,0.1441589852248206
database3/database3/m.011zgs/52-FaceId-0_align.webp,0.127677,0.0,0.298437585502766
database3/database3/m.011zkh/84-FaceId-0_align.webp,0.008351,1.0,0.1461869659371411
database3/database3/m.011zwl/37-FaceId-0_align.webp,0.073722,1.0,0.14773410154762
database3/database3/m.01200d/24-FaceId-0_align.webp,0.036817,1.0,0.1295080303130286
database3/database3/m.01200d/80-FaceId-0_align.webp,0.017066,1.0,0.1383775008760416
database3/database3/m.012052/1-FaceId-0_align.webp,0.109494,1.0,0.1544277776740421
database3/database3/m.012052/30-FaceId-0_align.webp,0.193814,1.0,0.3115019513044303
database3/database3/m.012052/63-FaceId-0_align.webp,0.135953,1.0,0.1913033252395134
database3/database3/m.0122lq/12-FaceId-0_align.webp,0.034174,1.0,0.1321880627901094
database3/database3/m.0122lq/62-FaceId-0_align.webp,0.002899,1.0,0.2132694451719535
database3/database3/m.0122lq/73-FaceId-0_align.webp,0.026793,1.0,0.1455979728831336
database3/database3/m.0122m5/94-FaceId-0_align.webp,0.003731,1.0,0.2125258321729158
database3/database3/m.01233w/1-FaceId-0_align.webp,0.049894,1.0,0.137870667416376
database3/database3/m.01233w/25-FaceId-0_align.webp,0.043404,1.0,0.1655994111964594
database3/database3/m.01239/57-FaceId-0_align.webp,0.01656,1.0,0.1750824873438155
database3/database3/m.01239/68-FaceId-0_align.webp,0.012855,1.0,0.1561503967575203
database3/database3/m.0123x2/101-FaceId-0_align.webp,0.244668,1.0,0.181080804816015
database3/database3/m.01241v/54-FaceId-0_align.webp,0.010871,1.0,0.1385863488852017
database3/database3/m.0124t/70-FaceId-0_align.webp,0.066352,0.0,0.2287851928116536
database3/database3/m.01257s/41-FaceId-1_align.webp,0.025408,1.0,0.1557945673269355
database3/database3/m.0126rp/46-FaceId-0_align.webp,0.064149,1.0,0.1452417393594633
database3/database3/m.0126rp/48-FaceId-0_align.webp,0.020111,1.0,0.1479443492997279
database3/database3/m.0126y2/49-FaceId-0_align.webp,0.042913,1.0,0.1535226430618627
database3/database3/m.0126y2/81-FaceId-0_align.webp,0.011658,1.0,0.2479072269052378
database3/database3/m.0126y2/92-FaceId-0_align.webp,0.2594,1.0,0.2094130501316317
database3/database3/m.01270s/15-FaceId-0_align.webp,0.00523,1.0,0.1222033464153133
database3/database3/m.01270s/43-FaceId-0_align.webp,0.024273,1.0,0.154921327022024
database3/database3/m.01271_/40-FaceId-0_align.webp,0.046844,0.0,0.1643320803416322
database3/database3/m.01271_/42-FaceId-0_align.webp,0.082785,0.0,0.1911091356702664
database3/database3/m.01271_/92-FaceId-0_align.webp,0.131196,0.0,0.1619238008979252
database3/database3/m.0127fx/6-FaceId-0_align.webp,0.010653,1.0,0.1520569973896055
database3/database3/m.0127gn/12-FaceId-0_align.webp,0.02417,1.0,0.1355328846366063
database3/database3/m.0127tk/114-FaceId-0_align.webp,0.088119,1.0,0.1429262173634423
database3/database3/m.0127tk/121-FaceId-0_align.webp,0.110272,1.0,0.1714932410133584
database3/database3/m.0127tk/32-FaceId-0_align.webp,0.044592,1.0,0.1559212232994783
database3/database3/m.0127tk/61-FaceId-0_align.webp,0.157887,1.0,0.173645547596645
database3/database3/m.0127tk/75-FaceId-0_align.webp,0.118857,1.0,0.1709387706930267
database3/database3/m.0127tk/83-FaceId-0_align.webp,0.180049,1.0,0.1576817719506647
database3/database3/m.0127zt/62-FaceId-0_align.webp,0.099007,0.0,0.1647404838101134
database3/database3/m.012801/76-FaceId-0_align.webp,0.060329,1.0,0.1516222381688104
database3/database3/m.012981/36-FaceId-0_align.webp,0.038673,1.0,0.142297357289813
database3/database3/m.012_53/112-FaceId-0_align.webp,0.081654,0.0,0.1479347083588187
database3/database3/m.012_53/73-FaceId-0_align.webp,0.056783,0.0,0.1521379850487211
database3/database3/m.012_jj/10-FaceId-0_align.webp,0.005143,1.0,0.1413715213052312
database3/database3/m.012_jj/103-FaceId-0_align.webp,0.04174,1.0,0.1146640467615484
database3/database3/m.012_jj/83-FaceId-0_align.webp,0.123978,1.0,0.1453938919171156
database3/database3/m.012c6j/57-FaceId-0_align.webp,0.0,1.0,0.0905539650932062
database3/database3/m.012c6x/43-FaceId-0_align.webp,0.000386,1.0,0.1839383239460694
database3/database3/m.012c8f/13-FaceId-0_align.webp,0.010098,1.0,0.1648250853348559
database3/database3/m.012c8f/85-FaceId-0_align.webp,0.121074,1.0,0.263757389125335
database3/database3/m.012ck8/1-FaceId-0_align.webp,0.250793,0.0,0.2388851001089136
database3/database3/m.012cm5/19-FaceId-0_align.webp,0.050828,1.0,0.1518698140320608
database3/database3/m.012cm5/75-FaceId-0_align.webp,0.032775,1.0,0.098268892763507
database3/database3/m.012cm5/90-FaceId-0_align.webp,0.082057,1.0,0.1696504471167059
database3/database3/m.012cnn/11-FaceId-0_align.webp,0.107545,0.0,0.1383072194889707
database3/database3/m.012cph/108-FaceId-0_align.webp,0.01551,1.0,0.138268348481327
database3/database3/m.012cph/17-FaceId-0_align.webp,0.005549,1.0,0.182062658532312
database3/database3/m.012cph/68-FaceId-0_align.webp,0.017584,1.0,0.1865033413247488
database3/database3/m.012cyp/33-FaceId-0_align.webp,0.012748,0.0,0.1344906132909691
database3/database3/m.012cyp/43-FaceId-0_align.webp,0.207358,0.0,0.1553694613575643
database3/database3/m.012cyp/7-FaceId-0_align.webp,0.030272,0.0,0.1408085509224895
database3/database3/m.012czd/35-FaceId-0_align.webp,0.035058,0.0,0.1270703250890407
database3/database3/m.012czd/90-FaceId-0_align.webp,0.001711,0.0,0.1635754261668531
database3/database3/m.012dtw/86-FaceId-0_align.webp,0.075626,1.0,0.1931046083699897
database3/database3/m.012fgx/58-FaceId-0_align.webp,0.039289,1.0,0.1373013115394216
database3/database3/m.012g8l/75-FaceId-0_align.webp,0.015517,1.0,0.1837003977913733
database3/database3/m.012gbb/1-FaceId-0_align.webp,0.057132,0.0,0.1782270605724741
database3/database3/m.012gbb/104-FaceId-0_align.webp,0.023381,0.0,0.1481396711890096
database3/database3/m.012gbb/86-FaceId-0_align.webp,0.070682,0.0,0.1765958149442883
database3/database3/m.012gdw/54-FaceId-0_align.webp,0.06697,1.0,0.1302776146692036
database3/database3/m.012gl8/17-FaceId-0_align.webp,0.06567,0.0,0.1573961988586815
database3/database3/m.012gl8/38-FaceId-0_align.webp,0.063039,0.0,0.1559594506433219
database3/database3/m.012gq6/33-FaceId-0_align.webp,0.016946,1.0,0.1322269023133553
database3/database3/m.012gr9/29-FaceId-0_align.webp,0.156273,0.0,0.1960882524270593
database3/database3/m.012gx2/64-FaceId-0_align.webp,0.000577,1.0,0.1392325587804414
database3/database3/m.012gx2/77-FaceId-0_align.webp,0.126437,1.0,0.1831146659072235
database3/database3/m.012gx2/8-FaceId-0_align.webp,0.019361,1.0,0.125283931089111
database3/database3/m.012gx2/99-FaceId-0_align.webp,0.025003,1.0,0.1688461334329902
database3/database3/m.012h65/109-FaceId-0_align.webp,0.210562,1.0,0.3395862855623396
database3/database3/m.012hqb/33-FaceId-0_align.webp,0.004406,1.0,0.1823693365460402
database3/database3/m.012hr4/21-FaceId-0_align.webp,0.126033,1.0,0.1565819387467964
database3/database3/m.012hr4/67-FaceId-0_align.webp,0.183915,1.0,0.1525778130318059
database3/database3/m.012hr4/74-FaceId-0_align.webp,0.037244,1.0,0.1569483785384614
database3/database3/m.012hsb/101-FaceId-0_align.webp,0.192286,1.0,0.1509084658934767
database3/database3/m.012hsb/74-FaceId-0_align.webp,0.057902,1.0,0.1633460976346998
database3/database3/m.012hz4/77-FaceId-0_align.webp,0.118119,0.0,0.2100161874842858
database3/database3/m.012j2r/108-FaceId-0_align.webp,0.027644,1.0,0.1349000112765638
database3/database3/m.012j2r/38-FaceId-0_align.webp,0.010758,1.0,0.1564494107583202
database3/database3/m.012j2r/9-FaceId-0_align.webp,0.029992,1.0,0.1366187068702681
database3/database3/m.012kdb/7-FaceId-0_align.webp,0.154185,0.0,0.1579427892761997
database3/database3/m.012kk4/31-FaceId-1_align.webp,0.026924,1.0,0.1769193214049096
database3/database3/m.012l22/20-FaceId-0_align.webp,0.182682,1.0,0.2945872185979632
database3/database3/m.012l22/56-FaceId-0_align.webp,0.079127,1.0,0.2525499978836688
database3/database3/m.012lyg/82-FaceId-0_align.webp,0.015571,1.0,0.1329218827772485
database3/database3/m.012m1c/109-FaceId-0_align.webp,0.052592,0.0,0.1493875979490163
database3/database3/m.012m1c/113-FaceId-0_align.webp,0.018979,0.0,0.1533003901894225
database3/database3/m.012m1c/56-FaceId-0_align.webp,0.076711,0.0,0.1219232948067271
database3/database3/m.012m7r/99-FaceId-0_align.webp,0.002972,1.0,0.2340901092397528
database3/database3/m.012mh_/3-FaceId-0_align.webp,0.065168,1.0,0.1451688480272173
database3/database3/m.012mh_/6-FaceId-0_align.webp,0.002681,1.0,0.1300229829377504
database3/database3/m.012mk7/90-FaceId-0_align.webp,0.032433,1.0,0.1314340368157575
database3/database3/m.012ml0/96-FaceId-0_align.webp,0.031451,1.0,0.142780377184112
database3/database3/m.012mmb/47-FaceId-0_align.webp,0.146313,0.0,0.2028410461814953
database3/database3/m.012mn4/43-FaceId-0_align.webp,0.005783,1.0,0.1590925229839697
database3/database3/m.012nry/108-FaceId-0_align.webp,0.006878,1.0,0.1153827700025266
database3/database3/m.012nry/28-FaceId-0_align.webp,0.006764,1.0,0.1988921807474294
database3/database3/m.012nry/3-FaceId-0_align.webp,0.008173,1.0,0.1551510230607988
database3/database3/m.012nry/57-FaceId-0_align.webp,0.00436,1.0,0.1647794311933065
database3/database3/m.012pjh/2-FaceId-0_align.webp,0.0,1.0,0.1567607598059565
database3/database3/m.012q4n/50-FaceId-0_align.webp,0.004622,1.0,0.2981783279788604
database3/database3/m.012qfw/20-FaceId-1_align.webp,0.162552,0.0,0.1299936704610248
database3/database3/m.012qfw/41-FaceId-0_align.webp,0.211858,0.0,0.1326995236699815
database3/database3/m.012qgc/82-FaceId-0_align.webp,0.002042,1.0,0.1653212815074467
database3/database3/m.012rng/35-FaceId-0_align.webp,0.036379,1.0,0.2120049862860116
database3/database3/m.012rng/47-FaceId-0_align.webp,0.022161,1.0,0.4106884819379257
database3/database3/m.012rng/48-FaceId-0_align.webp,0.01786,1.0,0.1508392390030014
database3/database3/m.012rth/93-FaceId-0_align.webp,0.046323,1.0,0.3525156174692173
database3/database3/m.012s1x/11-FaceId-0_align.webp,0.049377,1.0,0.1585419630920391
database3/database3/m.012s5j/122-FaceId-0_align.webp,0.205872,0.0,0.1961510531173911
database3/database3/m.012s9f/0-FaceId-0_align.webp,0.000412,1.0,0.1275315691929918
database3/database3/m.012st7/14-FaceId-0_align.webp,0.003821,1.0,0.2173910183455405
database3/database3/m.012t1d/17-FaceId-0_align.webp,0.167599,1.0,0.1450857203025233
database3/database3/m.012t1d/37-FaceId-0_align.webp,0.016467,1.0,0.152837801437034
database3/database3/m.012t1d/80-FaceId-0_align.webp,0.014504,1.0,0.1986465598600918
database3/database3/m.012t3l/22-FaceId-0_align.webp,0.012766,1.0,0.0
database3/database3/m.012t7s/3-FaceId-0_align.webp,0.014581,1.0,0.135667695397955
database3/database3/m.012tmz/123-FaceId-0_align.webp,0.001629,1.0,0.1302548628308798
database3/database3/m.012v1t/29-FaceId-0_align.webp,0.118114,0.0,0.1507963702628965
database3/database3/m.012v1t/67-FaceId-0_align.webp,0.072956,0.0,0.1466868452247856
database3/database3/m.012v1t/93-FaceId-0_align.webp,0.033657,0.0,0.1524950511241949
database3/database3/m.012vby/3-FaceId-0_align.webp,0.002151,1.0,0.191797270241085
database3/database3/m.012vby/36-FaceId-0_align.webp,0.0,1.0,0.2480097586897922
database3/database3/m.012vd6/49-FaceId-0_align.webp,0.124288,0.0,0.1799983790665395
database3/database3/m.012vd6/5-FaceId-0_align.webp,0.104381,0.0,0.1518749924622442
database3/database3/m.012vd6/75-FaceId-1_align.webp,0.054381,0.0,0.1876565345142533
database3/database3/m.012vf6/90-FaceId-0_align.webp,0.069167,0.0,0.1755120647814623
database3/database3/m.012vhn/10-FaceId-0_align.webp,0.009813,1.0,0.1331723060280854
database3/database3/m.012vhn/4-FaceId-0_align.webp,0.005793,1.0,0.0844368461027863
database3/database3/m.012vq0/30-FaceId-0_align.webp,0.028246,1.0,0.1479359565707882
database3/database3/m.012vq0/67-FaceId-0_align.webp,0.017872,1.0,0.1603474712248849
database3/database3/m.012vqh/80-FaceId-0_align.webp,0.078239,0.0,0.2073818447705404
database3/database3/m.012w05/52-FaceId-0_align.webp,0.000408,1.0,0.1575478435936286
database3/database3/m.012w3k/19-FaceId-0_align.webp,0.109411,1.0,0.2100235129856404
database3/database3/m.012w3k/33-FaceId-0_align.webp,0.07009,1.0,0.1578363790368576
database3/database3/m.012w3k/4-FaceId-0_align.webp,0.071086,1.0,0.1736060850687897
database3/database3/m.012wfh/73-FaceId-0_align.webp,0.055456,0.0,0.2349082644051321
database3/database3/m.012wfh/77-FaceId-0_align.webp,0.055,0.0,0.155865830008706
database3/database3/m.012wgv/56-FaceId-0_align.webp,0.072911,1.0,0.1688672132903115
database3/database3/m.012x2b/18-FaceId-0_align.webp,0.0,1.0,0.1709760003008002
database3/database3/m.012x2b/46-FaceId-0_align.webp,0.039092,1.0,0.1598509649504735
database3/database3/m.012x2b/54-FaceId-0_align.webp,0.049838,1.0,0.1434156345806782
database3/database3/m.012x2b/72-FaceId-0_align.webp,0.008788,1.0,0.1416912774519689
database3/database3/m.012x5/81-FaceId-0_align.webp,0.058123,0.0,0.1698954465502778
database3/database3/m.012xdy/81-FaceId-0_align.webp,0.012382,1.0,0.1795618214318111
database3/database3/m.012xls/57-FaceId-0_align.webp,0.114584,1.0,0.4319340858681428
database3/database3/m.012xls/70-FaceId-0_align.webp,0.126797,1.0,0.1237283622687464
database3/database3/m.012xls/74-FaceId-0_align.webp,0.018384,1.0,0.3534402080822185
database3/database3/m.012y1h/86-FaceId-0_align.webp,0.123838,1.0,0.1895383588016625
database3/database3/m.012ycy/16-FaceId-0_align.webp,0.002336,1.0,0.1795460679859488
database3/database3/m.012ycy/21-FaceId-0_align.webp,0.164069,1.0,0.1640637429945864
database3/database3/m.012ycy/73-FaceId-0_align.webp,0.017165,1.0,0.171767335392054
database3/database3/m.012ycy/99-FaceId-0_align.webp,0.136797,1.0,0.0889188185534501
database3/database3/m.012yg1/19-FaceId-0_align.webp,0.003406,1.0,0.2445573130154258
database3/database3/m.012yg1/21-FaceId-0_align.webp,0.007301,1.0,0.1869730901054483
database3/database3/m.012yg1/66-FaceId-0_align.webp,0.007466,1.0,0.2086546780625715
database3/database3/m.012yhd/22-FaceId-0_align.webp,0.043044,1.0,0.1780485655706689
database3/database3/m.012yhd/41-FaceId-0_align.webp,0.014599,1.0,0.1774327606420957
database3/database3/m.012yhd/87-FaceId-0_align.webp,0.016417,1.0,0.1875385897566036
database3/database3/m.012ysy/40-FaceId-0_align.webp,0.005784,1.0,0.1605690728555253
database3/database3/m.012yxk/51-FaceId-0_align.webp,0.111796,1.0,0.1998342031039855
database3/database3/m.012z8_/39-FaceId-0_align.webp,0.076699,1.0,0.1294563694209885
database3/database3/m.012zrl/119-FaceId-0_align.webp,0.19435,0.0,0.1295863748196364
database3/database3/m.012zrl/22-FaceId-0_align.webp,0.184216,0.0,0.1663952656036738
database3/database3/m.012zrl/34-FaceId-0_align.webp,0.221002,0.0,0.2169397457804331
database3/database3/m.01300z/111-FaceId-0_align.webp,0.011168,1.0,0.1485887386015752
database3/database3/m.01300z/46-FaceId-0_align.webp,0.004916,1.0,0.1551006223474522
database3/database3/m.01306d/26-FaceId-0_align.webp,0.043181,1.0,0.182409288529996
database3/database3/m.0130py/108-FaceId-0_align.webp,0.041408,1.0,0.2425074500705735
database3/database3/m.0130py/9-FaceId-0_align.webp,0.045214,1.0,0.1383044920212409
database3/database3/m.0130sy/65-FaceId-0_align.webp,0.067207,1.0,0.0880625577518513
database3/database3/m.013107/34-FaceId-0_align.webp,0.131929,0.0,0.1604358910180294
database3/database3/m.0131kb/28-FaceId-0_align.webp,0.0,1.0,0.0949437647017362
database3/database3/m.0131kb/47-FaceId-0_align.webp,0.0,1.0,0.1398725079265946
database3/database3/m.0131kb/76-FaceId-0_align.webp,0.081559,1.0,0.2524939714196814
database3/database3/m.013267/23-FaceId-0_align.webp,0.049038,1.0,0.1651343388743561
database3/database3/m.0132k4/103-FaceId-0_align.webp,0.076004,1.0,0.1986881817228827
database3/database3/m.0132k4/97-FaceId-0_align.webp,0.101202,1.0,0.1819442374368987
database3/database3/m.0132kn/100-FaceId-0_align.webp,0.045478,1.0,0.1672839002841858
database3/database3/m.0132q1/29-FaceId-0_align.webp,0.017581,0.0,0.1574866712735755
database3/database3/m.013339/106-FaceId-0_align.webp,0.058305,1.0,0.1449141088337408
database3/database3/m.013339/23-FaceId-0_align.webp,0.255508,1.0,0.1845261238570844
database3/database3/m.013339/80-FaceId-0_align.webp,0.066481,1.0,0.1990145940637995
database3/database3/m.01338h/81-FaceId-0_align.webp,0.088482,0.0,0.1360907833355858
database3/database3/m.0133c4/15-FaceId-0_align.webp,0.207364,1.0,0.1563663720177238
database3/database3/m.0133x7/100-FaceId-0_align.webp,0.144974,0.0,0.1596327901233991
database3/database3/m.0133yt/45-FaceId-0_align.webp,0.102482,1.0,0.2125857510482153
database3/database3/m.01341q/51-FaceId-0_align.webp,0.043853,1.0,0.2460147630458895
database3/database3/m.013423/105-FaceId-0_align.webp,0.016474,0.0,0.2520484961985819
database3/database3/m.013423/43-FaceId-0_align.webp,0.10846,0.0,0.1534124804791123
database3/database3/m.0134cp/27-FaceId-0_align.webp,0.030912,1.0,0.1759764970486749
database3/database3/m.0134cp/34-FaceId-1_align.webp,0.031754,1.0,0.1749854163770032
database3/database3/m.0134cp/53-FaceId-0_align.webp,0.019724,1.0,0.1580660034512927
database3/database3/m.0134dc/38-FaceId-0_align.webp,0.000768,1.0,0.1714234400744916
database3/database3/m.0134dc/73-FaceId-0_align.webp,0.003398,1.0,0.2528715414190687
database3/database3/m.0134fr/66-FaceId-0_align.webp,0.01299,1.0,0.1647146270061567
database3/database3/m.0134fr/82-FaceId-0_align.webp,0.004786,1.0,0.1846296372165221
database3/database3/m.0134wr/11-FaceId-2_align.webp,0.000566,1.0,0.1510757143464551
database3/database3/m.0134wr/30-FaceId-2_align.webp,0.080915,1.0,0.1539309275039462
database3/database3/m.0134wr/52-FaceId-2_align.webp,0.028557,1.0,0.0991908739481014
database3/database3/m.0134wr/65-FaceId-1_align.webp,0.001253,1.0,0.1417504931762235
database3/database3/m.0134wr/69-FaceId-2_align.webp,0.064238,1.0,0.1563532597302429
database3/database3/m.0134wr/89-FaceId-1_align.webp,0.188914,1.0,0.1348489960669295
database3/database3/m.0135nb/89-FaceId-0_align.webp,0.051256,1.0,0.161704115663494
database3/database3/m.01368v/100-FaceId-0_align.webp,0.078994,0.0,0.1451297429781645
database3/database3/m.01368v/58-FaceId-0_align.webp,0.186435,0.0,0.1471345638147278
database3/database3/m.01368v/59-FaceId-1_align.webp,0.101878,0.0,0.1343643100759731
database3/database3/m.0136ms/38-FaceId-0_align.webp,0.015722,1.0,0.1366777108073062
database3/database3/m.0136p1/103-FaceId-0_align.webp,0.341015,0.0,0.2079089440774697
database3/database3/m.0136p1/13-FaceId-0_align.webp,0.259257,0.0,0.1789674713719147
database3/database3/m.0136p1/66-FaceId-0_align.webp,0.075301,0.0,0.1579536142760728
database3/database3/m.0136pk/68-FaceId-0_align.webp,0.195786,1.0,0.1991215366062619
database3/database3/m.0136pk/87-FaceId-0_align.webp,0.172482,1.0,0.1805731233927841
database3/database3/m.0136tm/24-FaceId-0_align.webp,0.011359,1.0,0.1571224773409522
database3/database3/m.0137s4/92-FaceId-0_align.webp,0.014219,1.0,0.3733768283447448
database3/database3/m.01380_/30-FaceId-0_align.webp,0.062935,1.0,0.2231388473228497
database3/database3/m.01380_/84-FaceId-0_align.webp,0.019541,1.0,0.1675518209343044
database3/database3/m.013823/15-FaceId-0_align.webp,0.004502,1.0,0.1184484936415269
database3/database3/m.013823/5-FaceId-0_align.webp,0.029677,1.0,0.123252453636367
database3/database3/m.013846/35-FaceId-0_align.webp,0.005272,1.0,0.1643687747164985
database3/database3/m.013846/71-FaceId-0_align.webp,0.036782,1.0,0.1551834782340971
database3/database3/m.01386_/97-FaceId-0_align.webp,0.01382,1.0,0.1337798215921611
database3/database3/m.01386m/93-FaceId-0_align.webp,0.049853,1.0,0.1616572074284351
database3/database3/m.01387g/36-FaceId-0_align.webp,0.020561,1.0,0.1368235615509991
database3/database3/m.01387g/90-FaceId-0_align.webp,0.00159,1.0,0.1183492546457918
database3/database3/m.01387y/2-FaceId-0_align.webp,0.062856,1.0,0.1754593926394923
database3/database3/m.01387y/32-FaceId-0_align.webp,0.048091,1.0,0.1767006654207828
database3/database3/m.01387y/46-FaceId-0_align.webp,0.0006,1.0,0.1338893914577566
database3/database3/m.01388c/29-FaceId-0_align.webp,0.136546,1.0,0.1669746291928885
database3/database3/m.01388c/82-FaceId-0_align.webp,0.007483,1.0,0.1714160910040229
database3/database3/m.01388c/92-FaceId-0_align.webp,0.007604,1.0,0.1516601186351781
database3/database3/m.01389w/75-FaceId-1_align.webp,0.011085,1.0,0.1275185581093607
database3/database3/m.01389w/76-FaceId-0_align.webp,0.018887,1.0,0.1487970700665684
database3/database3/m.0138b7/49-FaceId-0_align.webp,0.173256,1.0,0.1367698817194326
database3/database3/m.0138b7/63-FaceId-0_align.webp,0.091583,1.0,0.2207245742684776
database3/database3/m.0138m1/11-FaceId-0_align.webp,0.033355,1.0,0.1800064667934655
database3/database3/m.0138m1/60-FaceId-0_align.webp,0.027664,1.0,0.1373427855565914
database3/database3/m.0139rh/103-FaceId-0_align.webp,0.008771,1.0,0.1391956436748327
database3/database3/m.0139rh/5-FaceId-0_align.webp,0.009412,1.0,0.1243099995624478
database3/database3/m.013_4m/89-FaceId-0_align.webp,0.106225,1.0,0.1307192310624025
database3/database3/m.013_gz/96-FaceId-0_align.webp,0.14677,0.0,0.165914877658249
database3/database3/m.013_tp/47-FaceId-0_align.webp,0.000171,1.0,0.1815308706227662
database3/database3/m.013b7z/45-FaceId-0_align.webp,0.025843,1.0,0.1635771217387477
database3/database3/m.013bym/61-FaceId-0_align.webp,0.110889,0.0,0.1604046026362437
database3/database3/m.013bym/65-FaceId-0_align.webp,0.249006,0.0,0.1366687720754228
database3/database3/m.013bym/66-FaceId-0_align.webp,0.288548,0.0,0.1783420559166587
database3/database3/m.013bym/71-FaceId-0_align.webp,0.115164,0.0,0.1565166670242369
database3/database3/m.013m5y/73-FaceId-0_align.webp,0.0,1.0,0.2001807820382229
database3/database3/m.013p_0/60-FaceId-0_align.webp,0.015459,1.0,0.253074540786835
database3/database3/m.013p_j/3-FaceId-0_align.webp,0.046784,1.0,0.1555261375390185
database3/database3/m.013p_j/43-FaceId-0_align.webp,0.026287,1.0,0.1523507188533518
database3/database3/m.013p_w/1-FaceId-0_align.webp,0.045903,0.0,0.1598340155482688
database3/database3/m.013p_w/90-FaceId-1_align.webp,0.028906,0.0,0.1464639246996707
database3/database3/m.013pp3/83-FaceId-0_align.webp,0.052247,1.0,0.1996152778408946
database3/database3/m.013ppl/76-FaceId-0_align.webp,0.018885,1.0,0.1337985656447661
database3/database3/m.013q78/86-FaceId-0_align.webp,0.03,1.0,0.1596959993231963
database3/database3/m.013q8x/26-FaceId-0_align.webp,0.110943,1.0,0.2184525176827504
database3/database3/m.013q8x/42-FaceId-0_align.webp,0.056383,1.0,0.1507327404027744
database3/database3/m.013q8x/99-FaceId-0_align.webp,0.005069,1.0,0.1554847483808963
database3/database3/m.013qb0/82-FaceId-0_align.webp,0.080376,1.0,0.1648812177938791
database3/database3/m.013qb0/94-FaceId-0_align.webp,0.14541,1.0,0.1567052376136507
database3/database3/m.013qjp/42-FaceId-0_align.webp,0.027503,1.0,0.1533650478255958
database3/database3/m.013qjp/83-FaceId-0_align.webp,0.014,1.0,0.1590446616277388
database3/database3/m.013qpt/31-FaceId-0_align.webp,0.020067,1.0,0.1480762548141623
database3/database3/m.013qq4/70-FaceId-0_align.webp,0.020855,1.0,0.1420268631986579
database3/database3/m.013qwl/61-FaceId-0_align.webp,0.006336,1.0,0.1470167442708823
database3/database3/m.013qwy/18-FaceId-0_align.webp,0.050242,1.0,0.156909662289117
database3/database3/m.013qy3/30-FaceId-0_align.webp,0.004735,1.0,0.2283948477421149
database3/database3/m.013qy3/92-FaceId-0_align.webp,0.026678,1.0,0.1416018919095307
database3/database3/m.013qyh/56-FaceId-1_align.webp,0.057576,1.0,0.3376132308255152
database3/database3/m.013r6h/27-FaceId-0_align.webp,0.054123,1.0,0.1162477603000394
database3/database3/m.013r6h/46-FaceId-0_align.webp,0.123792,1.0,0.3343993498138061
database3/database3/m.013s1b/47-FaceId-0_align.webp,0.148289,1.0,0.2171452251862385
database3/database3/m.013s1t/21-FaceId-0_align.webp,0.005317,1.0,0.1533473381138656
database3/database3/m.013s3/75-FaceId-0_align.webp,0.061568,1.0,0.2148191182532789
database3/database3/m.013s6x/6-FaceId-0_align.webp,0.031839,1.0,0.1547356266120785
database3/database3/m.013s8s/33-FaceId-0_align.webp,0.074629,0.0,0.1471693017548808
database3/database3/m.013sjh/7-FaceId-0_align.webp,0.189385,1.0,0.204530925905904
database3/database3/m.013t9y/12-FaceId-0_align.webp,0.013435,1.0,0.2153513366098873
database3/database3/m.013tjc/54-FaceId-0_align.webp,0.0,1.0,0.1950909019129587
database3/database3/m.013tjc/56-FaceId-0_align.webp,0.015964,1.0,0.1520126126890958
database3/database3/m.013v12/3-FaceId-0_align.webp,0.018587,1.0,0.1492847094066454
database3/database3/m.013v12/7-FaceId-0_align.webp,0.019979,1.0,0.1478791729995571
database3/database3/m.013v5j/57-FaceId-0_align.webp,0.119854,0.0,0.1464550711045661
database3/database3/m.013vdl/109-FaceId-0_align.webp,0.167747,0.0,0.125849500878965
database3/database3/m.013vdl/32-FaceId-0_align.webp,0.021263,0.0,0.1436089656944151
database3/database3/m.013vtr/20-FaceId-0_align.webp,0.015954,1.0,0.1588745264112838
database3/database3/m.013w7j/20-FaceId-0_align.webp,0.009375,1.0,0.2249480285095534
database3/database3/m.013w7j/32-FaceId-0_align.webp,0.001151,1.0,0.167964564347825
database3/database3/m.013w7j/64-FaceId-0_align.webp,0.008592,1.0,0.2432653992361929
database3/database3/m.013w8h/4-FaceId-0_align.webp,0.094597,1.0,0.1454080736280045
database3/database3/m.013wt0/40-FaceId-1_align.webp,0.123008,0.0,0.1650451568390693
database3/database3/m.013wz9/26-FaceId-0_align.webp,0.18678,0.0,0.1651909247489019
database3/database3/m.013wz9/73-FaceId-0_align.webp,0.219059,0.0,0.1705934886522473
database3/database3/m.013xhr/100-FaceId-0_align.webp,0.00219,1.0,0.1655811635428461
database3/database3/m.013xhr/23-FaceId-0_align.webp,0.015916,1.0,0.1640432200256035
database3/database3/m.013xhr/24-FaceId-0_align.webp,0.064866,1.0,0.1536482648860421
database3/database3/m.013xhr/33-FaceId-0_align.webp,0.013765,1.0,0.2572532000210406
database3/database3/m.013xhr/42-FaceId-0_align.webp,0.02596,1.0,0.2039880818165668
database3/database3/m.013xs1/10-FaceId-0_align.webp,0.059547,1.0,0.1219898614397127
database3/database3/m.013y2b/23-FaceId-0_align.webp,0.154363,0.0,0.1541132313059489
database3/database3/m.013y2b/32-FaceId-0_align.webp,0.092369,0.0,0.1466686802654289
database3/database3/m.013y2b/66-FaceId-0_align.webp,0.108782,0.0,0.1521012722830261
database3/database3/m.013y2s/40-FaceId-0_align.webp,0.026989,0.0,0.1437228739135206
database3/database3/m.013y2s/73-FaceId-0_align.webp,0.075667,0.0,0.1360920713857461
database3/database3/m.013yd0/51-FaceId-0_align.webp,0.167678,0.0,0.1585239642258854
database3/database3/m.013yd0/92-FaceId-0_align.webp,0.096098,0.0,0.141225089067662
database3/database3/m.013ykk/37-FaceId-0_align.webp,0.042458,0.0,0.1689517240611943
database3/database3/m.013ykx/9-FaceId-0_align.webp,0.117351,0.0,0.155278293876603
database3/database3/m.013ylm/42-FaceId-0_align.webp,0.120671,0.0,0.1669634643084654
database3/database3/m.013ylm/97-FaceId-0_align.webp,0.133134,0.0,0.1729934385960542
database3/database3/m.013yvd/37-FaceId-0_align.webp,0.027946,1.0,0.1345071680251553
database3/database3/m.013yvd/75-FaceId-0_align.webp,0.027604,1.0,0.142814305292121
database3/database3/m.013yyq/27-FaceId-0_align.webp,0.014857,1.0,0.1758623460324573
database3/database3/m.013yyq/44-FaceId-0_align.webp,0.06122,1.0,0.5733304100333185
database3/database3/m.013yyq/48-FaceId-0_align.webp,0.11735,1.0,0.1886477786283745
database3/database3/m.013zjz/16-FaceId-0_align.webp,0.071353,1.0,0.1848442099019675
database3/database3/m.013zm7/89-FaceId-0_align.webp,0.144683,1.0,0.1596585585017604
database3/database3/m.013zpf/72-FaceId-0_align.webp,0.0,0.0,0.2381232772200782
database3/database3/m.013zpf/88-FaceId-0_align.webp,0.169008,0.0,0.1590599418215293
database3/database3/m.013zr7/15-FaceId-0_align.webp,0.062795,1.0,0.1392872157015218
database3/database3/m.013zs9/83-FaceId-0_align.webp,0.33489,0.0,0.1939447959955813
database3/database3/m.013zyw/16-FaceId-0_align.webp,0.043076,1.0,0.1323261060459466
database3/database3/m.013zyw/19-FaceId-0_align.webp,0.020445,1.0,0.1215525048236076
database3/database3/m.013zyw/21-FaceId-0_align.webp,0.01715,1.0,0.1265693217878792
database3/database3/m.01400g/101-FaceId-0_align.webp,0.057026,0.0,0.1989205289508954
database3/database3/m.01400g/117-FaceId-0_align.webp,0.219786,0.0,0.2103536805025316
database3/database3/m.01400g/31-FaceId-0_align.webp,0.04717,0.0,0.156336029857501
database3/database3/m.01400g/47-FaceId-0_align.webp,0.103943,0.0,0.1577965080612194
database3/database3/m.014029/72-FaceId-0_align.webp,0.164078,0.0,0.1361593692717734
database3/database3/m.0140ly/8-FaceId-0_align.webp,0.018837,1.0,0.137253319250472
database3/database3/m.0140v2/84-FaceId-0_align.webp,0.185102,1.0,0.277242084758856
database3/database3/m.0141qv/12-FaceId-0_align.webp,0.026897,1.0,0.1519132631601056
database3/database3/m.0142n8/3-FaceId-0_align.webp,0.193323,1.0,0.1160603164980035
database3/database3/m.0142n8/5-FaceId-0_align.webp,0.020679,1.0,0.1624187633133107
database3/database3/m.0142sv/3-FaceId-0_align.webp,0.0,1.0,0.103623712052231
database3/database3/m.0142sv/32-FaceId-0_align.webp,0.0,1.0,0.108797530293316
database3/database3/m.01433m/64-FaceId-0_align.webp,0.03742,0.0,0.2144717590540752
database3/database3/m.0143sn/66-FaceId-0_align.webp,0.02374,1.0,0.1598358805438994
database3/database3/m.0143wl/30-FaceId-0_align.webp,0.034923,1.0,0.1688225728083891
database3/database3/m.0143wl/81-FaceId-0_align.webp,0.051966,1.0,0.1782248861950825
database3/database3/m.014488/3-FaceId-0_align.webp,0.020128,1.0,0.1370190255082127
database3/database3/m.01449w/57-FaceId-0_align.webp,0.017199,1.0,0.2447821417765561
database3/database3/m.01449w/80-FaceId-0_align.webp,0.016942,1.0,0.1927961906216505
database3/database3/m.01449w/99-FaceId-0_align.webp,0.011762,1.0,0.2093735018706396
database3/database3/m.0144_b/77-FaceId-0_align.webp,0.037923,1.0,0.1252015633129881
database3/database3/m.0144_b/99-FaceId-0_align.webp,0.002226,1.0,0.129510376600923
database3/database3/m.0144k5/45-FaceId-0_align.webp,0.060457,0.0,0.1530264887707203
database3/database3/m.0144k5/53-FaceId-0_align.webp,0.099321,0.0,0.1736747980843022
database3/database3/m.0144k5/58-FaceId-0_align.webp,0.088277,0.0,0.1530602144577759
database3/database3/m.0144k5/85-FaceId-0_align.webp,0.078258,0.0,0.1675255564358352
database3/database3/m.014508/74-FaceId-0_align.webp,0.033711,1.0,0.1574128593131548
database3/database3/m.0146fs/16-FaceId-0_align.webp,0.00871,1.0,0.144026502095425
database3/database3/m.0147cn/44-FaceId-0_align.webp,0.171045,1.0,0.1636839222135331
database3/database3/m.0147cn/79-FaceId-0_align.webp,0.059428,1.0,0.1793592628716372
database3/database3/m.0147jt/99-FaceId-0_align.webp,0.019999,1.0,0.1639276030492072
database3/database3/m.0147qz/78-FaceId-0_align.webp,0.010623,1.0,0.1603257413358739
database3/database3/m.01480y/76-FaceId-0_align.webp,0.0,1.0,0.1126059223532718
database3/database3/m.0148_m/52-FaceId-0_align.webp,0.01178,1.0,0.1819137139789745
database3/database3/m.0148m9/58-FaceId-0_align.webp,0.040365,1.0,0.1327646240048781
database3/database3/m.0148qq/63-FaceId-1_align.webp,0.082134,1.0,0.2162082269907783
database3/database3/m.0148x0/17-FaceId-0_align.webp,0.195787,0.0,0.1762585907098562
database3/database3/m.014902/18-FaceId-0_align.webp,0.02167,1.0,0.1678890208644331
database3/database3/m.01491d/96-FaceId-0_align.webp,0.018562,1.0,0.1328126035861032
database3/database3/m.014936/66-FaceId-0_align.webp,0.009581,0.0,0.1633203569325921
database3/database3/m.0149k5/29-FaceId-0_align.webp,0.022158,1.0,0.155221751900749
database3/database3/m.0149k5/81-FaceId-0_align.webp,0.042078,1.0,0.2162771223349998
database3/database3/m.0149vp/23-FaceId-0_align.webp,0.153482,1.0,0.0480400911111059
database3/database3/m.0149vp/3-FaceId-0_align.webp,0.055794,1.0,0.1526383076556717
database3/database3/m.0149vp/63-FaceId-0_align.webp,0.126629,1.0,0.171054982355012
database3/database3/m.0149wl/102-FaceId-0_align.webp,0.022928,1.0,0.2013624410503501
database3/database3/m.0149wl/45-FaceId-0_align.webp,0.024169,1.0,0.2279644755891146
database3/database3/m.0149xx/94-FaceId-0_align.webp,0.042337,1.0,0.1903518101629665
database3/database3/m.014_1g/72-FaceId-0_align.webp,0.019311,0.0,0.1609277498833065
database3/database3/m.014_1g/8-FaceId-0_align.webp,0.209769,0.0,0.1832404814669113
database3/database3/m.014_4y/6-FaceId-0_align.webp,0.048047,1.0,0.156704062360482
database3/database3/m.014_sl/106-FaceId-0_align.webp,0.23715,0.0,0.1863244712273891
database3/database3/m.014_sl/74-FaceId-0_align.webp,0.390836,0.0,0.1548936396608513
database3/database3/m.014bn_/16-FaceId-0_align.webp,0.037637,1.0,0.1420570660885626
database3/database3/m.014bn_/85-FaceId-1_align.webp,0.012813,1.0,0.1464936899033996
database3/database3/m.014bps/75-FaceId-0_align.webp,0.000105,1.0,0.1693402667133731
database3/database3/m.014byr/85-FaceId-0_align.webp,0.140079,1.0,0.1874285973133399
database3/database3/m.014bz_/33-FaceId-0_align.webp,0.044503,1.0,0.1653750450126502
database3/database3/m.014c0y/76-FaceId-0_align.webp,0.175143,1.0,0.1634476409743873
database3/database3/m.014c40/62-FaceId-0_align.webp,0.041412,1.0,0.2120413030542798
database3/database3/m.014c40/70-FaceId-0_align.webp,0.059838,1.0,0.1517210240247363
database3/database3/m.014cq/6-FaceId-0_align.webp,0.092137,1.0,0.1460695680215101
database3/database3/m.014cq/86-FaceId-0_align.webp,0.009035,1.0,0.1652831679373575
database3/database3/m.014cw2/26-FaceId-0_align.webp,0.010138,1.0,0.1427893317195615
database3/database3/m.014cw2/50-FaceId-0_align.webp,0.006571,1.0,0.1444074203695637
database3/database3/m.014d0v/117-FaceId-0_align.webp,0.00171,1.0,0.1392201879947764
database3/database3/m.014d0v/5-FaceId-0_align.webp,0.0,1.0,0.1041583727127519
database3/database3/m.014d0v/76-FaceId-0_align.webp,0.001899,1.0,0.1380667609381381
database3/database3/m.014d15/7-FaceId-0_align.webp,0.067756,1.0,0.1705101955271752
database3/database3/m.014d3/12-FaceId-0_align.webp,0.002261,1.0,0.1466599397123202
database3/database3/m.014d3/72-FaceId-0_align.webp,0.018566,1.0,0.1409967277546195
database3/database3/m.014d3y/82-FaceId-0_align.webp,0.033512,0.0,0.5376887845728864
database3/database3/m.014dg1/103-FaceId-0_align.webp,0.026524,1.0,0.1473764888886458
database3/database3/m.014dg1/51-FaceId-0_align.webp,0.001679,1.0,0.1681959884067697
database3/database3/m.014dg1/65-FaceId-0_align.webp,0.0,1.0,0.1074124850273307
database3/database3/m.014dg1/7-FaceId-0_align.webp,0.01106,1.0,0.1707712738671586
database3/database3/m.014dg1/86-FaceId-0_align.webp,0.019596,1.0,0.1589408740660352
database3/database3/m.014dm6/105-FaceId-0_align.webp,0.23153,1.0,0.1662960206921244
database3/database3/m.014dy_/50-FaceId-0_align.webp,0.069776,1.0,0.1074956832443312
database3/database3/m.014dy_/73-FaceId-0_align.webp,0.01239,1.0,0.1418432725267236
database3/database3/m.014f8k/25-FaceId-0_align.webp,0.24634,0.0,0.1540982610927468
database3/database3/m.014f8k/9-FaceId-0_align.webp,0.182534,0.0,0.1549520014269116
database3/database3/m.014fcb/0-FaceId-0_align.webp,0.028343,1.0,0.1569068999862358
database3/database3/m.014fd7/98-FaceId-0_align.webp,0.096652,1.0,0.1637290869371028
database3/database3/m.014g17/1-FaceId-0_align.webp,0.005705,1.0,0.1626893198129621
database3/database3/m.014g17/9-FaceId-0_align.webp,0.079641,1.0,0.2162643787701662
database3/database3/m.014g22/90-FaceId-0_align.webp,0.35161,0.0,0.1967256183776359
database3/database3/m.014g6c/86-FaceId-0_align.webp,0.02888,1.0,0.1628596165031922
database3/database3/m.014g6v/43-FaceId-0_align.webp,0.001902,1.0,0.1407437481365372
database3/database3/m.014g79/86-FaceId-0_align.webp,0.049609,1.0,0.1623608067201438
database3/database3/m.014g8p/48-FaceId-0_align.webp,0.000256,1.0,0.1935075091697406
database3/database3/m.014g9y/12-FaceId-0_align.webp,0.038159,0.0,0.1658026194734359
database3/database3/m.014g_f/26-FaceId-0_align.webp,0.000817,1.0,0.0887657998614354
database3/database3/m.014g_f/35-FaceId-0_align.webp,0.001771,1.0,0.1477262468624313
database3/database3/m.014gf8/102-FaceId-0_align.webp,0.00204,1.0,0.3848781770602024
database3/database3/m.014gf8/28-FaceId-0_align.webp,0.018311,1.0,0.128636149113221
database3/database3/m.014gf8/69-FaceId-0_align.webp,0.050273,1.0,0.1512944772896849
database3/database3/m.014gf8/9-FaceId-0_align.webp,0.034223,1.0,0.1479597502725133
database3/database3/m.014gsd/79-FaceId-0_align.webp,0.118598,1.0,0.1776882295136774
database3/database3/m.014h_s/80-FaceId-0_align.webp,0.173494,0.0,0.1705466059450556
database3/database3/m.014hlm/54-FaceId-0_align.webp,0.078394,0.0,0.1534087726072457
database3/database3/m.014hmv/53-FaceId-1_align.webp,0.0,1.0,0.1505085487358624
database3/database3/m.014j8m/72-FaceId-0_align.webp,0.0057,1.0,0.1655294317912871
database3/database3/m.014jb8/10-FaceId-0_align.webp,0.009911,1.0,0.2463300079028545
database3/database3/m.014jk0/16-FaceId-0_align.webp,0.026202,1.0,0.2174661772354321
database3/database3/m.014jk0/61-FaceId-0_align.webp,0.011335,1.0,0.3929753836688716
database3/database3/m.014jk0/74-FaceId-0_align.webp,0.003357,1.0,0.2826350473478793
database3/database3/m.014jxq/20-FaceId-0_align.webp,0.165895,0.0,0.1736828157990248
database3/database3/m.014jxq/43-FaceId-0_align.webp,0.136492,0.0,0.1295346195245212
database3/database3/m.014jy6/23-FaceId-0_align.webp,0.150311,1.0,0.2577162712580454
database3/database3/m.014jy6/50-FaceId-0_align.webp,0.042148,1.0,0.1512693648552206
database3/database3/m.014jy6/97-FaceId-0_align.webp,0.061362,1.0,0.2209417511120763
database3/database3/m.014k1v/95-FaceId-3_align.webp,0.133686,1.0,0.2016841256450041
database3/database3/m.014k2p/25-FaceId-0_align.webp,0.315824,1.0,0.1827132951682641
database3/database3/m.014kbz/16-FaceId-0_align.webp,0.028027,1.0,0.1542694417292653
database3/database3/m.014kbz/22-FaceId-0_align.webp,0.028933,1.0,0.160360317806155
database3/database3/m.014kbz/81-FaceId-0_align.webp,0.006506,1.0,0.1627064442126721
database3/database3/m.014kxv/1-FaceId-0_align.webp,0.013313,1.0,0.1411175958059048
database3/database3/m.014kxv/11-FaceId-0_align.webp,0.053384,1.0,0.1218799728557908
database3/database3/m.014lb1/14-FaceId-2_align.webp,0.000111,0.0,0.1248719646263204
database3/database3/m.014lb1/47-FaceId-0_align.webp,0.167631,0.0,0.1545445256561027
database3/database3/m.014lb1/62-FaceId-1_align.webp,0.053145,0.0,0.1453597766164025
database3/database3/m.014lyb/65-FaceId-0_align.webp,0.056831,1.0,0.1485934103438712
database3/database3/m.014m_1/70-FaceId-0_align.webp,0.018552,1.0,0.1484828731727963
database3/database3/m.014mvy/17-FaceId-0_align.webp,0.196734,1.0,0.2178095021662013
database3/database3/m.014mvy/58-FaceId-0_align.webp,0.218895,1.0,0.2270228907014039
database3/database3/m.014n_k/48-FaceId-0_align.webp,0.006557,1.0,0.1573991611776515
database3/database3/m.014n_k/70-FaceId-0_align.webp,0.029858,1.0,0.1449407477403548
database3/database3/m.014nfw/87-FaceId-0_align.webp,0.123499,0.0,0.154800867755509
database3/database3/m.014p33/83-FaceId-2_align.webp,0.084076,0.0,0.1407323122450305
database3/database3/m.014p33/87-FaceId-0_align.webp,0.07546,0.0,0.1522776760999445
database3/database3/m.014ptb/14-FaceId-1_align.webp,0.016295,1.0,0.182626603760602
database3/database3/m.014ptb/5-FaceId-0_align.webp,0.001038,1.0,0.2220176053592792
database3/database3/m.014ptb/50-FaceId-0_align.webp,0.185526,1.0,0.1425878071872782
database3/database3/m.014pxk/118-FaceId-0_align.webp,0.227914,1.0,0.2041370907785394
database3/database3/m.014pys/19-FaceId-0_align.webp,0.047245,1.0,0.2281547502344564
database3/database3/m.014pzz/110-FaceId-0_align.webp,0.13041,0.0,0.1495917443116472
database3/database3/m.014qjt/47-FaceId-0_align.webp,0.002851,1.0,0.1613138157780485
database3/database3/m.014r6r/81-FaceId-0_align.webp,0.091441,0.0,0.1391932237095453
database3/database3/m.014s81/3-FaceId-0_align.webp,0.077926,1.0,0.160453824698492
database3/database3/m.014sj7/7-FaceId-0_align.webp,0.074577,1.0,0.1839556530232023
database3/database3/m.014skb/4-FaceId-0_align.webp,0.096076,0.0,0.1562769120282206
database3/database3/m.014skb/53-FaceId-0_align.webp,0.075066,0.0,0.148961922965701
database3/database3/m.014skb/55-FaceId-0_align.webp,0.080414,0.0,0.1591498721156511
database3/database3/m.014v1q/8-FaceId-1_align.webp,0.038359,1.0,0.1798124310738284
database3/database3/m.014v6x/16-FaceId-0_align.webp,0.159906,0.0,0.1509630069167356
database3/database3/m.014v6x/20-FaceId-0_align.webp,0.306955,0.0,0.171113178126794
database3/database3/m.014v6x/88-FaceId-0_align.webp,0.075191,0.0,0.1356222557262533
database3/database3/m.014vbq/60-FaceId-0_align.webp,0.005701,1.0,0.224737638756701
database3/database3/m.014vnb/46-FaceId-0_align.webp,0.027126,1.0,0.1460139340692401
database3/database3/m.014vnb/51-FaceId-0_align.webp,0.043084,1.0,0.1395799461671465
database3/database3/m.014vtj/100-FaceId-0_align.webp,0.000679,1.0,0.153617811017212
database3/database3/m.014wsb/38-FaceId-0_align.webp,0.106862,1.0,0.1540456258863775
database3/database3/m.014x0w/28-FaceId-0_align.webp,0.353028,0.0,0.3182600027868337
database3/database3/m.014x0w/74-FaceId-0_align.webp,0.177523,0.0,0.1594774921899462
database3/database3/m.014x0w/96-FaceId-0_align.webp,0.217684,0.0,0.1740343319823719
database3/database3/m.014xn7/100-FaceId-0_align.webp,0.007084,1.0,0.1204166469116783
database3/database3/m.014xn7/42-FaceId-0_align.webp,0.003105,1.0,0.1327850106132813
database3/database3/m.014xr2/5-FaceId-0_align.webp,0.387134,0.0,0.233837341794914
database3/database3/m.014xr2/87-FaceId-0_align.webp,0.341771,0.0,0.1964802217988375
database3/database3/m.014xzx/93-FaceId-0_align.webp,0.351892,1.0,0.1988878736347455
database3/database3/m.014y6/74-FaceId-0_align.webp,0.012495,1.0,0.1529427086439498
database3/database3/m.014y6/95-FaceId-0_align.webp,0.006882,1.0,0.1676533178310313
database3/database3/m.014y7g/1-FaceId-0_align.webp,0.005692,1.0,0.140030645184959
database3/database3/m.014z8v/77-FaceId-0_align.webp,0.004141,1.0,0.1449372127548157
database3/database3/m.014zfs/76-FaceId-0_align.webp,0.024924,1.0,0.1417514534709211
database3/database3/m.014zxh/99-FaceId-0_align.webp,0.008633,1.0,0.2694636110197707
database3/database3/m.014zy/105-FaceId-0_align.webp,0.175949,1.0,0.2039465597617942
database3/database3/m.014zy/22-FaceId-0_align.webp,0.048224,1.0,0.1825011798482972
database3/database3/m.014zy/56-FaceId-0_align.webp,0.135716,1.0,0.2713066262196776
database3/database3/m.015076/99-FaceId-0_align.webp,0.0064,1.0,0.2209782720394802
database3/database3/m.01507p/0-FaceId-0_align.webp,0.067522,1.0,0.1678933970379223
database3/database3/m.01509x/60-FaceId-0_align.webp,0.015557,1.0,0.1609851910517939
database3/database3/m.0150bp/103-FaceId-0_align.webp,0.041675,0.0,0.1366040546917474
database3/database3/m.0150j5/31-FaceId-0_align.webp,0.003889,1.0,0.1202032342771518
database3/database3/m.0150j5/4-FaceId-0_align.webp,0.006229,1.0,0.1369963003314739
database3/database3/m.0150j5/71-FaceId-0_align.webp,0.062123,1.0,0.1441998610207074
database3/database3/m.0150j5/81-FaceId-0_align.webp,0.001136,1.0,0.0987531617334276
database3/database3/m.0150j5/86-FaceId-0_align.webp,0.002669,1.0,0.1305653782299097
database3/database3/m.0150m1/111-FaceId-0_align.webp,0.023781,1.0,0.1832402727084722
database3/database3/m.0150m1/13-FaceId-0_align.webp,0.071346,1.0,0.1616329338998997
database3/database3/m.0150mg/0-FaceId-0_align.webp,0.057671,1.0,0.2664766646463944
database3/database3/m.0150mg/69-FaceId-0_align.webp,0.220147,1.0,0.1806937170962924
database3/database3/m.0150mg/88-FaceId-0_align.webp,0.14546,1.0,0.1687714672700179
database3/database3/m.0150mg/97-FaceId-0_align.webp,0.078806,1.0,0.1702921457271589
database3/database3/m.0150rl/42-FaceId-0_align.webp,0.016396,0.0,0.1325383326721714
database3/database3/m.0150t6/36-FaceId-0_align.webp,0.017669,1.0,0.1400882632587926
database3/database3/m.0150t6/41-FaceId-0_align.webp,0.022058,1.0,0.1310244487765388
database3/database3/m.0150t6/63-FaceId-0_align.webp,0.015119,1.0,0.1548257607053109
database3/database3/m.01519n/21-FaceId-0_align.webp,0.389316,0.0,0.2273374250024457
database3/database3/m.01519n/69-FaceId-0_align.webp,0.017235,0.0,0.1678633299688922
database3/database3/m.0151fv/54-FaceId-0_align.webp,0.017876,0.0,0.1342502982134067
database3/database3/m.0151fv/90-FaceId-0_align.webp,0.296844,0.0,0.1802621561081279
database3/database3/m.0151fv/94-FaceId-0_align.webp,0.121468,0.0,0.2121775729388372
database3/database3/m.0151n1/16-FaceId-0_align.webp,0.044648,1.0,0.1597844187967373
database3/database3/m.0151n1/26-FaceId-0_align.webp,0.101903,1.0,0.1765507667515488
database3/database3/m.0151n1/29-FaceId-0_align.webp,0.049938,1.0,0.1898489615055864
database3/database3/m.0151n1/36-FaceId-0_align.webp,0.038201,1.0,0.1745105766054866
database3/database3/m.0151n1/53-FaceId-0_align.webp,0.021607,1.0,0.1948568102036178
database3/database3/m.0151p8/29-FaceId-0_align.webp,0.003452,1.0,0.119675319361818
database3/database3/m.0151xv/30-FaceId-0_align.webp,0.007121,1.0,0.1587719022062412
database3/database3/m.0151xv/44-FaceId-0_align.webp,0.021629,1.0,0.1592387634592784
database3/database3/m.0151xv/88-FaceId-0_align.webp,0.006779,1.0,0.1727867852775639
database3/database3/m.0151zx/92-FaceId-0_align.webp,0.043036,1.0,0.1961000565209089
database3/database3/m.0152cw/42-FaceId-0_align.webp,0.083199,0.0,0.1524195764978478
database3/database3/m.0152xn/72-FaceId-0_align.webp,0.043462,1.0,0.182209271873246
database3/database3/m.015302/4-FaceId-0_align.webp,0.000416,1.0,0.1238722500627364
database3/database3/m.0153dp/1-FaceId-0_align.webp,0.039324,1.0,0.1613729026813853
database3/database3/m.0153dp/88-FaceId-0_align.webp,0.057869,1.0,0.1349003219354993
database3/database3/m.0153vt/1-FaceId-0_align.webp,0.335303,1.0,0.1627121960884841
database3/database3/m.0153vt/81-FaceId-0_align.webp,0.087285,1.0,0.1788518910635761
database3/database3/m.0153y1/16-FaceId-0_align.webp,0.166114,0.0,0.1633882744694454
database3/database3/m.01541z/117-FaceId-0_align.webp,0.111734,0.0,0.1516285710549746
database3/database3/m.01547g/3-FaceId-0_align.webp,0.153164,0.0,0.1598306279960925
database3/database3/m.01547g/73-FaceId-0_align.webp,0.246081,0.0,0.1573685450214925
database3/database3/m.0154d7/52-FaceId-0_align.webp,0.115018,1.0,0.176791067862265
database3/database3/m.0154ff/10-FaceId-0_align.webp,0.121913,0.0,0.146384548944627
database3/database3/m.0154hr/101-FaceId-0_align.webp,0.090433,0.0,0.1724991866203985
database3/database3/m.0154hr/109-FaceId-0_align.webp,0.038439,0.0,0.1805409100795196
database3/database3/m.0154hr/18-FaceId-0_align.webp,0.07836,0.0,0.1949976454836092
database3/database3/m.0154hr/28-FaceId-0_align.webp,0.045785,0.0,0.154580959264045
database3/database3/m.0154s9/24-FaceId-0_align.webp,0.052837,1.0,0.1392362752806991
database3/database3/m.0154x6/57-FaceId-0_align.webp,0.061779,0.0,0.1480800072303065
database3/database3/m.01552j/40-FaceId-0_align.webp,0.017747,1.0,0.1409732674774928
database3/database3/m.01558d/79-FaceId-0_align.webp,0.014812,1.0,0.1054440750165374
database3/database3/m.01558d/8-FaceId-0_align.webp,0.124089,1.0,0.1358238246310235
database3/database3/m.0155zp/26-FaceId-0_align.webp,0.000547,1.0,0.1401256018538565
database3/database3/m.0155zp/7-FaceId-0_align.webp,0.015991,1.0,0.1456460023648312
database3/database3/m.0155zp/79-FaceId-0_align.webp,0.02849,1.0,0.1937207036179886
database3/database3/m.0155zp/88-FaceId-0_align.webp,0.072148,1.0,0.1538442241200403
database3/database3/m.0156dg/11-FaceId-0_align.webp,0.153809,0.0,0.1899710419495084
database3/database3/m.0156dg/2-FaceId-0_align.webp,0.144571,0.0,0.1994959188927616
database3/database3/m.0156y1/31-FaceId-0_align.webp,0.047284,1.0,0.1527286556791027
database3/database3/m.01574b/45-FaceId-0_align.webp,0.070647,0.0,0.167377550302106
database3/database3/m.015796/86-FaceId-0_align.webp,0.081944,0.0,0.1609027097059544
database3/database3/m.0157m/20-FaceId-0_align.webp,0.028257,1.0,0.1240106326521324
database3/database3/m.0157m/24-FaceId-0_align.webp,0.028454,1.0,0.1393131860526075
database3/database3/m.0157m/25-FaceId-0_align.webp,0.020124,1.0,0.1381728095222358
database3/database3/m.0157m/73-FaceId-0_align.webp,0.033963,1.0,0.1566726784640894
database3/database3/m.0157r6/22-FaceId-1_align.webp,0.0,1.0,0.199894037267252
database3/database3/m.0157ry/29-FaceId-0_align.webp,0.027582,1.0,0.1577404656356383
database3/database3/m.015882/17-FaceId-0_align.webp,0.396178,0.0,0.1766460459541018
database3/database3/m.015882/20-FaceId-0_align.webp,0.380878,0.0,0.1943156025539218
database3/database3/m.015882/75-FaceId-0_align.webp,0.386665,0.0,0.1996596289150003
database3/database3/m.0158r2/73-FaceId-0_align.webp,0.173377,0.0,0.1581867656203457
database3/database3/m.01598m/79-FaceId-0_align.webp,0.475474,0.0,0.1921260634315573
database3/database3/m.0159wm/104-FaceId-0_align.webp,0.007308,1.0,0.1088244555929821
database3/database3/m.0159wm/9-FaceId-0_align.webp,0.002891,1.0,0.0941689220375881
database3/database3/m.015_44/31-FaceId-0_align.webp,0.062168,0.0,0.1444185244257148
database3/database3/m.015_44/64-FaceId-0_align.webp,0.356589,0.0,0.2098434270107503
database3/database3/m.015_44/84-FaceId-0_align.webp,0.3229,0.0,0.2106153447293376
database3/database3/m.015b67/34-FaceId-0_align.webp,0.034996,1.0,0.1467541030465008
database3/database3/m.015bhj/103-FaceId-1_align.webp,0.041754,1.0,0.0
database3/database3/m.015bhj/70-FaceId-0_align.webp,0.00385,1.0,0.1428148941743409
database3/database3/m.015bnf/68-FaceId-0_align.webp,0.066968,0.0,0.1530206978197149
database3/database3/m.015brk/18-FaceId-0_align.webp,0.023166,1.0,0.1608264515471337
database3/database3/m.015bw2/110-FaceId-0_align.webp,0.01319,1.0,0.1538608048222199
database3/database3/m.015bw2/40-FaceId-0_align.webp,0.013047,1.0,0.1725211700668832
database3/database3/m.015bw2/68-FaceId-0_align.webp,0.00956,1.0,0.1729022364381083
database3/database3/m.015c2f/3-FaceId-0_align.webp,0.072717,0.0,0.147659960257712
database3/database3/m.015c2f/47-FaceId-0_align.webp,0.01548,0.0,0.1657328030736407
database3/database3/m.015c2f/49-FaceId-0_align.webp,0.031524,0.0,0.1593155061121652
database3/database3/m.015c2f/8-FaceId-0_align.webp,0.126031,0.0,0.1638380723380448
database3/database3/m.015c4g/7-FaceId-0_align.webp,0.000573,1.0,0.1442975838801065
database3/database3/m.015c4g/83-FaceId-0_align.webp,0.000391,1.0,0.1263748876543464
database3/database3/m.015cyn/17-FaceId-0_align.webp,0.046212,1.0,0.1487672803798752
database3/database3/m.015cyn/5-FaceId-0_align.webp,0.152464,1.0,0.1260510832861303
database3/database3/m.015czg/24-FaceId-0_align.webp,0.141052,1.0,0.1617143883501802
database3/database3/m.015d2r/66-FaceId-0_align.webp,0.064087,1.0,0.2880768351805498
database3/database3/m.015d2r/86-FaceId-0_align.webp,0.029999,1.0,0.1550015730356054
database3/database3/m.015dcj/83-FaceId-0_align.webp,0.023385,1.0,0.163145389987895
database3/database3/m.015dgg/80-FaceId-0_align.webp,0.001775,1.0,0.1728068104102975
database3/database3/m.015djp/24-FaceId-0_align.webp,0.0,1.0,0.1203635212824617
database3/database3/m.015djp/27-FaceId-0_align.webp,0.037685,1.0,0.1610888373085515
database3/database3/m.015dk3/22-FaceId-0_align.webp,0.027592,1.0,0.1275364085012003
database3/database3/m.015dnt/38-FaceId-0_align.webp,0.001692,1.0,0.1720944385211819
database3/database3/m.015dnt/42-FaceId-1_align.webp,0.102539,1.0,0.0995298182989851
database3/database3/m.015dqj/29-FaceId-0_align.webp,0.034796,1.0,0.157569011935349
database3/database3/m.015dsz/54-FaceId-1_align.webp,0.002756,1.0,0.1296686341357797
database3/database3/m.015dx/106-FaceId-0_align.webp,0.065832,0.0,0.1542970450817305
database3/database3/m.015dx/112-FaceId-0_align.webp,0.282009,0.0,0.1679851332203601
database3/database3/m.015dx/117-FaceId-0_align.webp,0.154935,0.0,0.1379954617987006
database3/database3/m.015dx/16-FaceId-0_align.webp,0.065933,0.0,0.1678738320169862
database3/database3/m.015dx/75-FaceId-0_align.webp,0.127561,0.0,0.17820674390286
database3/database3/m.015dz8/51-FaceId-0_align.webp,0.051527,1.0,0.1549731123546858
database3/database3/m.015f6_/9-FaceId-0_align.webp,0.050822,1.0,0.1612583002044345
database3/database3/m.015fxn/110-FaceId-1_align.webp,0.050721,0.0,0.1485415116903929
database3/database3/m.015fyd/19-FaceId-0_align.webp,0.055834,0.0,0.1559271016755103
database3/database3/m.015g36/86-FaceId-0_align.webp,0.010069,0.0,0.1479310701373296
database3/database3/m.015g98/4-FaceId-0_align.webp,0.031227,1.0,0.1744902694431805
database3/database3/m.015g_7/108-FaceId-0_align.webp,0.075445,1.0,0.152955341201451
database3/database3/m.015ghl/29-FaceId-0_align.webp,0.035495,0.0,0.1477994388346118
database3/database3/m.015ghl/58-FaceId-0_align.webp,0.114793,0.0,0.1205356415687988
database3/database3/m.015ghl/7-FaceId-0_align.webp,0.022651,0.0,0.1329082756886566
database3/database3/m.015gjr/36-FaceId-0_align.webp,0.054888,1.0,0.1535510277361634
database3/database3/m.015gjr/40-FaceId-0_align.webp,0.045893,1.0,0.1282164678997928
database3/database3/m.015gjr/84-FaceId-0_align.webp,0.042274,1.0,0.2572981549672302
database3/database3/m.015gqm/96-FaceId-1_align.webp,0.236979,1.0,0.1879659507611241
database3/database3/m.015grj/83-FaceId-0_align.webp,0.0,1.0,0.1247873932273936
database3/database3/m.015grj/95-FaceId-0_align.webp,0.006074,1.0,0.1174079640508938
database3/database3/m.015grj/98-FaceId-0_align.webp,0.00126,1.0,0.0991987816704113
database3/database3/m.015gsv/100-FaceId-0_align.webp,0.087077,1.0,0.1747510482165603
database3/database3/m.015gsv/72-FaceId-0_align.webp,0.017745,1.0,0.1520425449322479
database3/database3/m.015gx1/70-FaceId-0_align.webp,0.056653,1.0,0.1536984788442432
database3/database3/m.015gy7/28-FaceId-0_align.webp,0.011386,1.0,0.1667640831916138
database3/database3/m.015gzc/94-FaceId-0_align.webp,0.077714,1.0,0.1531256389798979
database3/database3/m.015h25/3-FaceId-0_align.webp,0.001481,1.0,0.1182627211325991
database3/database3/m.015h7y/30-FaceId-0_align.webp,0.014431,1.0,0.1632537391927838
database3/database3/m.015htz/46-FaceId-0_align.webp,0.135648,0.0,0.1529433981750918
database3/database3/m.015j58/58-FaceId-0_align.webp,0.016994,1.0,0.152756285666903
database3/database3/m.015j6h/20-FaceId-0_align.webp,0.005265,1.0,0.1620757630415386
database3/database3/m.015j6h/37-FaceId-0_align.webp,0.094841,1.0,0.1880668401092086
database3/database3/m.015j6y/47-FaceId-0_align.webp,0.10488,0.0,0.1872519039437751
database3/database3/m.015j6y/5-FaceId-0_align.webp,0.085053,0.0,0.1474425533098732
database3/database3/m.015j6y/73-FaceId-1_align.webp,0.12413,0.0,0.157278791971362
database3/database3/m.015j8x/17-FaceId-0_align.webp,0.049084,1.0,0.1681291783605839
database3/database3/m.015j8x/42-FaceId-0_align.webp,0.021866,1.0,0.2217287615468803
database3/database3/m.015jjw/46-FaceId-0_align.webp,0.068702,1.0,0.2045306415728744
database3/database3/m.015jjw/69-FaceId-0_align.webp,0.113403,1.0,0.2143503627366802
database3/database3/m.015jvm/105-FaceId-0_align.webp,0.006549,1.0,0.1341412391936561
database3/database3/m.015jvm/32-FaceId-0_align.webp,0.01088,1.0,0.1287340333246123
database3/database3/m.015jvm/85-FaceId-0_align.webp,0.111985,1.0,0.1837992105656097
database3/database3/m.015k04/104-FaceId-0_align.webp,0.087765,0.0,0.133713128582571
database3/database3/m.015k04/33-FaceId-0_align.webp,0.019732,0.0,0.1612165090495529
database3/database3/m.015k04/68-FaceId-0_align.webp,0.032064,0.0,0.1562958109260341
database3/database3/m.015k9x/19-FaceId-0_align.webp,0.079615,0.0,0.1533918868894571
database3/database3/m.015k9x/84-FaceId-0_align.webp,0.154994,0.0,0.5757339120196991
database3/database3/m.015kbd/21-FaceId-0_align.webp,0.030994,1.0,0.1299861063750519
database3/database3/m.015kbd/80-FaceId-0_align.webp,0.061754,1.0,0.3187733465240263
database3/database3/m.015khm/4-FaceId-0_align.webp,0.027803,1.0,0.1052373758128076
database3/database3/m.015klf/75-FaceId-0_align.webp,0.0,1.0,0.1092855000085994
database3/database3/m.015ksl/24-FaceId-0_align.webp,0.23069,1.0,0.1532006007335419
database3/database3/m.015ksl/26-FaceId-1_align.webp,0.043132,1.0,0.3041124064131463
database3/database3/m.015ksl/31-FaceId-0_align.webp,0.096817,1.0,0.1553602946189771
database3/database3/m.015ksl/72-FaceId-0_align.webp,0.014945,1.0,0.1542639293251625
database3/database3/m.015ksy/70-FaceId-0_align.webp,0.064697,1.0,0.1452830401230024
database3/database3/m.015ksy/90-FaceId-0_align.webp,0.039383,1.0,0.1454288936388503
database3/database3/m.015kt_/7-FaceId-0_align.webp,0.084368,1.0,0.1348763216318071
database3/database3/m.015l1l/126-FaceId-0_align.webp,0.0,1.0,0.0972039521406572
database3/database3/m.015l51/58-FaceId-0_align.webp,0.077217,1.0,0.1350881442242111
database3/database3/m.015lg2/3-FaceId-0_align.webp,0.081487,1.0,0.2609304578334481
database3/database3/m.015m2c/35-FaceId-0_align.webp,0.111821,0.0,0.2443650750782865
database3/database3/m.015m2c/62-FaceId-0_align.webp,0.107098,0.0,0.2303916059434752
database3/database3/m.015m2c/96-FaceId-0_align.webp,0.077293,0.0,0.2459612747946611
database3/database3/m.015m2v/50-FaceId-0_align.webp,0.014038,1.0,0.1384227199987446
database3/database3/m.015m_9/103-FaceId-0_align.webp,0.203457,0.0,0.1959679344922046
database3/database3/m.015m_9/23-FaceId-0_align.webp,0.194385,0.0,0.1540955083697721
database3/database3/m.015mfy/124-FaceId-0_align.webp,0.011509,1.0,0.2309405271346101
database3/database3/m.015mfy/44-FaceId-0_align.webp,0.015486,1.0,0.2437946899199192
database3/database3/m.015ncq/12-FaceId-0_align.webp,0.097302,0.0,0.156994760046966
database3/database3/m.015ncq/15-FaceId-0_align.webp,0.108176,0.0,0.1582518801521677
database3/database3/m.015ncq/43-FaceId-0_align.webp,0.173231,0.0,0.2151541137328453
database3/database3/m.015nr6/10-FaceId-0_align.webp,0.135309,0.0,0.1385809241085302
database3/database3/m.015nxw/46-FaceId-0_align.webp,0.033616,1.0,0.1563888450047673
database3/database3/m.015nz8/33-FaceId-0_align.webp,0.258768,1.0,0.154697076468929
database3/database3/m.015p0c/3-FaceId-0_align.webp,0.047687,1.0,0.1317417455528228
database3/database3/m.015p37/5-FaceId-0_align.webp,0.024022,0.0,0.262264518495055
database3/database3/m.015p3p/83-FaceId-3_align.webp,0.095309,1.0,0.2110393262139437
database3/database3/m.015p_p/4-FaceId-0_align.webp,0.041582,1.0,0.2623147614625173
database3/database3/m.015ph6/52-FaceId-0_align.webp,0.019715,1.0,0.1429757366216898
database3/database3/m.015ph6/9-FaceId-0_align.webp,0.017184,1.0,0.1182665749675709
database3/database3/m.015phm/91-FaceId-0_align.webp,0.017375,1.0,0.1152719639199088
database3/database3/m.015pqq/24-FaceId-0_align.webp,0.179784,0.0,0.1596808783178928
database3/database3/m.015pqq/66-FaceId-0_align.webp,0.136121,0.0,0.2328756883513623
database3/database3/m.015pqq/87-FaceId-0_align.webp,0.018013,0.0,0.164931190431394
database3/database3/m.015pt7/51-FaceId-0_align.webp,0.127322,1.0,0.1859568348639842
database3/database3/m.015pt7/58-FaceId-0_align.webp,0.035197,1.0,0.1451621584014528
database3/database3/m.015pt7/60-FaceId-0_align.webp,0.049196,1.0,0.2112319165889324
database3/database3/m.015pvh/112-FaceId-0_align.webp,0.330281,0.0,0.1820421148468432
database3/database3/m.015px7/44-FaceId-0_align.webp,0.034165,1.0,0.1451689453083987
database3/database3/m.015px7/91-FaceId-0_align.webp,0.015722,1.0,0.1709281516234109
database3/database3/m.015pxr/76-FaceId-0_align.webp,0.013737,1.0,0.1475265939594251
database3/database3/m.015pxr/85-FaceId-0_align.webp,0.04711,1.0,0.1670947932656841
database3/database3/m.015pz3/26-FaceId-0_align.webp,0.029214,1.0,0.1615539372251385
database3/database3/m.015q3m/88-FaceId-0_align.webp,0.02977,1.0,0.122115952670951
database3/database3/m.015q43/44-FaceId-0_align.webp,0.14431,0.0,0.1704859925487307
database3/database3/m.015q43/83-FaceId-0_align.webp,0.202776,0.0,0.1895680065464691
database3/database3/m.015q7v/66-FaceId-0_align.webp,0.123951,1.0,0.1659998010430525
database3/database3/m.015q7v/70-FaceId-0_align.webp,0.084162,1.0,0.1652940352149917
database3/database3/m.015q7v/74-FaceId-0_align.webp,0.166774,1.0,0.2675875806121309
database3/database3/m.015q7v/95-FaceId-0_align.webp,0.114436,1.0,0.1453418499116144
database3/database3/m.015q9_/38-FaceId-0_align.webp,0.073529,1.0,0.1722165576242064
database3/database3/m.015q9_/55-FaceId-0_align.webp,0.228226,1.0,0.1718049858772575
database3/database3/m.015qgb/80-FaceId-0_align.webp,0.240744,0.0,0.2027520085606481
database3/database3/m.015ql4/49-FaceId-0_align.webp,0.010843,1.0,0.1479131661070447
database3/database3/m.015ql_/79-FaceId-0_align.webp,0.076307,0.0,0.1731765120173895
database3/database3/m.015qlm/10-FaceId-0_align.webp,0.050821,0.0,0.1639987317410722
database3/database3/m.015qlm/70-FaceId-0_align.webp,0.030997,0.0,0.1637653555144112
database3/database3/m.015qpn/63-FaceId-0_align.webp,0.366396,1.0,0.1282166576655345
database3/database3/m.015qq1/36-FaceId-0_align.webp,0.022633,1.0,0.1340220305151416
database3/database3/m.015qty/73-FaceId-0_align.webp,0.019129,1.0,0.128316139963651
database3/database3/m.015qty/74-FaceId-0_align.webp,0.007618,1.0,0.1478372135356939
database3/database3/m.015qv9/29-FaceId-0_align.webp,0.006101,1.0,0.1534814405008987
database3/database3/m.015qxn/75-FaceId-0_align.webp,0.029389,1.0,0.1239774446109138
database3/database3/m.015qxn/81-FaceId-0_align.webp,0.000968,1.0,0.1997259156055806
database3/database3/m.015qyf/14-FaceId-0_align.webp,0.032701,1.0,0.159043009313075
database3/database3/m.015qzv/12-FaceId-0_align.webp,0.03298,1.0,0.2537715189398922
database3/database3/m.015qzv/45-FaceId-0_align.webp,0.048204,1.0,0.2355752479721041
database3/database3/m.015qzv/55-FaceId-0_align.webp,0.094832,1.0,0.2947597403387014
database3/database3/m.015qzv/57-FaceId-0_align.webp,0.068867,1.0,0.1782737693724886
database3/database3/m.015r3q/35-FaceId-0_align.webp,0.001755,1.0,0.2414215028663466
database3/database3/m.015r4v/28-FaceId-0_align.webp,0.015627,1.0,0.1691651382610542
database3/database3/m.015rhv/21-FaceId-0_align.webp,0.274759,1.0,0.2237611345215668
database3/database3/m.015rmq/88-FaceId-0_align.webp,0.016982,1.0,0.1411027041573654
database3/database3/m.015t_m/31-FaceId-0_align.webp,0.0851,1.0,0.0976297187234153
database3/database3/m.015thk/1-FaceId-0_align.webp,0.117609,1.0,0.1495589374436247
database3/database3/m.015thk/47-FaceId-0_align.webp,0.223814,1.0,0.2201360665158137
database3/database3/m.015thk/89-FaceId-0_align.webp,0.010677,1.0,0.2424027484848888
database3/database3/m.015tp7/25-FaceId-0_align.webp,0.089928,1.0,0.1596067618701486
database3/database3/m.015tp7/4-FaceId-0_align.webp,0.078982,1.0,0.1654327897728932
database3/database3/m.015tv5/22-FaceId-0_align.webp,0.009031,1.0,0.1518002307803261
database3/database3/m.015tv5/54-FaceId-0_align.webp,0.027498,1.0,0.1528741406938777
database3/database3/m.015tyq/50-FaceId-0_align.webp,0.029346,1.0,0.1899766170859504
database3/database3/m.015tyq/63-FaceId-0_align.webp,0.05956,1.0,0.2591409609156775
database3/database3/m.015v98/49-FaceId-0_align.webp,0.062142,0.0,0.1689020203737748
database3/database3/m.015v98/79-FaceId-0_align.webp,0.070144,0.0,0.1666096961624648
database3/database3/m.015vql/63-FaceId-0_align.webp,0.02634,1.0,0.1690149489322284
database3/database3/m.015vyh/54-FaceId-0_align.webp,0.020372,1.0,0.1475935515172429
database3/database3/m.015wfg/59-FaceId-0_align.webp,0.021245,1.0,0.1613322668955114
database3/database3/m.015wfy/41-FaceId-0_align.webp,0.10115,1.0,0.1423980733497321
database3/database3/m.015wfy/43-FaceId-0_align.webp,0.000923,1.0,0.2182293564553102
database3/database3/m.015wfy/78-FaceId-0_align.webp,0.064575,1.0,0.2456481479904257
database3/database3/m.015wfy/91-FaceId-0_align.webp,0.156,1.0,0.2294567554591186
database3/database3/m.015wgw/16-FaceId-0_align.webp,0.030553,1.0,0.1418561133636493
database3/database3/m.015wgw/5-FaceId-0_align.webp,0.079937,1.0,0.161531342905443
database3/database3/m.015wkb/94-FaceId-0_align.webp,0.010721,1.0,0.1401503725048319
database3/database3/m.015x3n/93-FaceId-0_align.webp,0.0,0.0,0.4633063898726492
database3/database3/m.015x63/126-FaceId-0_align.webp,0.077609,0.0,0.1661060172091342
database3/database3/m.015xnd/46-FaceId-0_align.webp,0.021854,1.0,0.2000466254364378
database3/database3/m.015xnd/72-FaceId-0_align.webp,0.171432,1.0,0.2799573055474775
database3/database3/m.015xsn/17-FaceId-0_align.webp,0.021828,1.0,0.2000725648568502
database3/database3/m.015xww/31-FaceId-0_align.webp,0.075773,1.0,0.1381131673547566
database3/database3/m.015xys/54-FaceId-0_align.webp,0.054138,1.0,0.1292407877883633
database3/database3/m.015y4c/42-FaceId-0_align.webp,0.097688,1.0,0.1212880537243276
database3/database3/m.015y4c/72-FaceId-0_align.webp,0.027368,1.0,0.1454158883452563
database3/database3/m.015y4c/79-FaceId-0_align.webp,0.010835,1.0,0.1263124160148444
database3/database3/m.015yb0/108-FaceId-0_align.webp,0.073526,1.0,0.1329490301746808
database3/database3/m.015ybz/5-FaceId-0_align.webp,0.004767,1.0,0.3122571671958478
database3/database3/m.015yg9/69-FaceId-0_align.webp,0.021682,1.0,0.1932698670496483
database3/database3/m.015ykr/19-FaceId-0_align.webp,0.078311,0.0,0.1539216636803396
database3/database3/m.015ykr/9-FaceId-0_align.webp,0.026904,0.0,0.1267035745877621
database3/database3/m.015z4j/106-FaceId-1_align.webp,0.203863,0.0,0.1760951086915848
database3/database3/m.015z4j/30-FaceId-0_align.webp,0.022438,0.0,0.1484404588145272
database3/database3/m.015zj4/3-FaceId-0_align.webp,0.026859,1.0,0.2088498307395102
database3/database3/m.015zjx/34-FaceId-0_align.webp,0.188292,1.0,0.1654174888965155
database3/database3/m.015zm4/92-FaceId-0_align.webp,0.019768,1.0,0.2237864365677343
database3/database3/m.015zmm/35-FaceId-0_align.webp,0.071991,0.0,0.1504086698268919
database3/database3/m.016077/95-FaceId-0_align.webp,0.023638,1.0,0.1696273869452365
database3/database3/m.0160pf/102-FaceId-0_align.webp,0.037457,1.0,0.1563983893131388
database3/database3/m.016194/12-FaceId-0_align.webp,0.028771,1.0,0.1563208161773971
database3/database3/m.016194/6-FaceId-0_align.webp,0.025295,1.0,0.1291533748153466
database3/database3/m.0161h5/105-FaceId-0_align.webp,0.042175,0.0,0.1558523645316715
database3/database3/m.0161hn/33-FaceId-0_align.webp,0.010683,1.0,0.1775998237124532
database3/database3/m.0162c8/22-FaceId-0_align.webp,0.021055,1.0,0.1658997004220651
database3/database3/m.0162c8/71-FaceId-0_align.webp,0.041746,1.0,0.1597610957004538
database3/database3/m.0162c8/72-FaceId-0_align.webp,0.034776,1.0,0.1614913604832998
database3/database3/m.0162lw/68-FaceId-0_align.webp,0.026272,1.0,0.1526779753904538
database3/database3/m.0162n1/16-FaceId-0_align.webp,0.013549,1.0,0.2449914171343389
database3/database3/m.0162n1/17-FaceId-0_align.webp,0.15524,1.0,0.2473794970568215
database3/database3/m.01635v/83-FaceId-0_align.webp,0.001023,1.0,0.1143985516113305
database3/database3/m.0163bt/91-FaceId-0_align.webp,0.100672,1.0,0.1693303392328076
database3/database3/m.0163kf/72-FaceId-0_align.webp,0.120095,0.0,0.1513140792932679
database3/database3/m.0163kf/83-FaceId-0_align.webp,0.098981,0.0,0.1840545743701174
database3/database3/m.0163rk/30-FaceId-0_align.webp,0.022552,1.0,0.1537806826486178
database3/database3/m.0163s9/24-FaceId-0_align.webp,0.074147,1.0,0.1559895158478994
database3/database3/m.0163s9/74-FaceId-0_align.webp,0.166715,1.0,0.1643763438113089
database3/database3/m.0163t3/106-FaceId-0_align.webp,0.195337,0.0,0.1662038176525619
database3/database3/m.0163t3/9-FaceId-0_align.webp,0.08181,0.0,0.1572556546574209
database3/database3/m.0163y8/74-FaceId-0_align.webp,0.077227,1.0,0.1668588687237548
database3/database3/m.0164c4/60-FaceId-0_align.webp,0.111711,0.0,0.146208035077012
database3/database3/m.0164lp/69-FaceId-0_align.webp,0.064522,1.0,0.1252729375417667
database3/database3/m.0164lp/92-FaceId-0_align.webp,0.151037,1.0,0.2479900812688985
database3/database3/m.0164nb/3-FaceId-0_align.webp,0.089532,1.0,0.1541897189335681
database3/database3/m.0164y7/34-FaceId-0_align.webp,0.005214,1.0,0.1489421351551886
database3/database3/m.0165cp/26-FaceId-0_align.webp,0.006703,0.0,0.1357856390398511
database3/database3/m.0165cp/52-FaceId-0_align.webp,0.057554,0.0,0.1258801231021699
database3/database3/m.0165gc/85-FaceId-0_align.webp,0.006716,1.0,0.1364224902140658
database3/database3/m.0165gc/99-FaceId-0_align.webp,0.120842,1.0,0.1616675821583986
database3/database3/m.0165ky/57-FaceId-0_align.webp,0.015031,1.0,0.2057117854334798
database3/database3/m.0165n5/59-FaceId-0_align.webp,0.014306,0.0,0.1167025000366473
database3/database3/m.01666h/59-FaceId-0_align.webp,0.366126,0.0,0.1804469455559313
database3/database3/m.01666h/65-FaceId-0_align.webp,0.324656,0.0,0.1943144966593375
database3/database3/m.0166rp/41-FaceId-0_align.webp,0.108225,1.0,0.1566163771623857
database3/database3/m.0166rp/55-FaceId-0_align.webp,0.058677,1.0,0.1908280455536816
database3/database3/m.0166w_/52-FaceId-0_align.webp,0.055626,1.0,0.140502834285458
database3/database3/m.0166w_/7-FaceId-0_align.webp,0.051227,1.0,0.1187633396942303
database3/database3/m.0166yl/4-FaceId-0_align.webp,0.128426,1.0,0.1324977021826092
database3/database3/m.0166yl/42-FaceId-0_align.webp,0.00821,1.0,0.1416533448942118
database3/database3/m.0166zk/13-FaceId-0_align.webp,0.040817,1.0,0.2714533111567424
database3/database3/m.0166zk/42-FaceId-0_align.webp,0.020069,1.0,0.2201713797931889
database3/database3/m.0166zk/72-FaceId-0_align.webp,0.015452,1.0,0.1548922713852498
database3/database3/m.01678_/78-FaceId-0_align.webp,0.014927,1.0,0.1274765089515198
database3/database3/m.0167h6/35-FaceId-0_align.webp,0.000892,1.0,0.1313805049333531
database3/database3/m.0167xk/87-FaceId-0_align.webp,0.035118,1.0,0.1662392123396802
database3/database3/m.016883/25-FaceId-0_align.webp,0.021581,1.0,0.1545971876624908
database3/database3/m.016883/35-FaceId-0_align.webp,0.016967,1.0,0.1768050459967187
database3/database3/m.016883/79-FaceId-0_align.webp,0.042662,1.0,0.1557417246933568
database3/database3/m.0168cl/73-FaceId-0_align.webp,0.16573,1.0,0.1462463650281818
database3/database3/m.0168ql/60-FaceId-0_align.webp,0.01118,1.0,0.1030563903862021
database3/database3/m.0168vx/9-FaceId-0_align.webp,0.182986,0.0,0.1416204576677753
database3/database3/m.01693z/106-FaceId-0_align.webp,0.308514,1.0,0.1980774973648394
database3/database3/m.01693z/67-FaceId-0_align.webp,0.053019,1.0,0.1393084339010196
database3/database3/m.016959/105-FaceId-0_align.webp,0.10109,1.0,0.1938482346417324
database3/database3/m.016959/51-FaceId-0_align.webp,0.067755,1.0,0.1700000427375443
database3/database3/m.0169ff/102-FaceId-0_align.webp,0.033338,1.0,0.1835172389923532
database3/database3/m.0169ff/36-FaceId-0_align.webp,0.024259,1.0,0.1593745319998606
database3/database3/m.0169ff/79-FaceId-0_align.webp,0.137366,1.0,0.1632046088276791
database3/database3/m.0169mh/14-FaceId-0_align.webp,0.084985,0.0,0.1921696353868138
database3/database3/m.0169r6/43-FaceId-0_align.webp,0.109367,0.0,0.1750951395148046
database3/database3/m.0169v2/37-FaceId-0_align.webp,0.237432,0.0,0.1792997175546475
database3/database3/m.0169v2/60-FaceId-0_align.webp,0.294775,0.0,0.1868404248099198
database3/database3/m.0169x_/12-FaceId-0_align.webp,0.169443,1.0,0.1337487965995836
database3/database3/m.016_js/82-FaceId-0_align.webp,0.00161,0.0,0.1362125237436593
database3/database3/m.016_js/90-FaceId-0_align.webp,0.074161,0.0,0.1611805455330218
database3/database3/m.016_mj/9-FaceId-0_align.webp,0.005546,1.0,0.1595221116797963
database3/database3/m.016b6z/92-FaceId-0_align.webp,0.053278,1.0,0.1824822040695753
database3/database3/m.016b90/0-FaceId-0_align.webp,0.006801,1.0,0.1392685518825487
database3/database3/m.016b90/79-FaceId-0_align.webp,0.0,1.0,0.0819245907526964
database3/database3/m.016b90/8-FaceId-0_align.webp,0.046454,1.0,0.1156831232095166
database3/database3/m.016b90/93-FaceId-0_align.webp,0.01334,1.0,0.1397926587085671
database3/database3/m.016cn6/6-FaceId-0_align.webp,0.062721,1.0,0.1941970547136728
database3/database3/m.016cn6/90-FaceId-0_align.webp,0.090699,1.0,0.1504778578591769
database3/database3/m.016cz6/23-FaceId-1_align.webp,0.213677,1.0,0.4068470066839621
database3/database3/m.016db7/11-FaceId-0_align.webp,0.00104,1.0,0.1797222140841322
database3/database3/m.016dbr/42-FaceId-0_align.webp,0.02227,1.0,0.1572605229870671
database3/database3/m.016fjj/77-FaceId-0_align.webp,0.012807,1.0,0.1536565772803818
database3/database3/m.016fnv/40-FaceId-0_align.webp,0.049743,1.0,0.1527605158547647
database3/database3/m.016g29/40-FaceId-0_align.webp,0.003894,1.0,0.1790966036186668
database3/database3/m.016g29/95-FaceId-0_align.webp,0.017798,1.0,0.1158183883504797
database3/database3/m.016ggh/74-FaceId-0_align.webp,0.004674,1.0,0.135714896975424
database3/database3/m.016ghw/12-FaceId-0_align.webp,0.035794,1.0,0.2121414825420093
database3/database3/m.016gkf/85-FaceId-0_align.webp,0.159983,1.0,0.1612506125458147
database3/database3/m.016gnp/45-FaceId-0_align.webp,0.027576,1.0,0.1444711161830606
database3/database3/m.016gnp/48-FaceId-0_align.webp,0.0,1.0,0.1603899784574378
database3/database3/m.016gr2/107-FaceId-0_align.webp,0.0,1.0,0.1825821250059853
database3/database3/m.016gr2/38-FaceId-0_align.webp,0.0,1.0,0.1176896092995102
database3/database3/m.016hgp/12-FaceId-0_align.webp,0.055372,0.0,0.1515595416079079
database3/database3/m.016hgp/32-FaceId-12_align.webp,0.159452,0.0,0.3076143926054749
database3/database3/m.016hgp/77-FaceId-4_align.webp,0.110387,0.0,0.1471491484824121
database3/database3/m.016hgp/77-FaceId-7_align.webp,0.08977,0.0,0.1508121051707461
database3/database3/m.016hgp/77-FaceId-9_align.webp,0.121788,0.0,0.1531221702824168
database3/database3/m.016hj7/88-FaceId-0_align.webp,0.028831,1.0,0.1274233797397524
database3/database3/m.016hk4/98-FaceId-0_align.webp,0.002253,1.0,0.1483104922757042
database3/database3/m.016hmf/90-FaceId-0_align.webp,0.168251,1.0,0.1780393888242189
database3/database3/m.016hrc/46-FaceId-0_align.webp,0.064797,0.0,0.1703126844016376
database3/database3/m.016htr/23-FaceId-0_align.webp,0.041326,1.0,0.1512346767875698
database3/database3/m.016htr/80-FaceId-0_align.webp,0.0,1.0,0.2762546181766817
database3/database3/m.016hvl/14-FaceId-0_align.webp,0.018608,1.0,0.1812848942337571
database3/database3/m.016hvl/79-FaceId-0_align.webp,0.027134,1.0,0.1638975181598678
database3/database3/m.016hzm/79-FaceId-0_align.webp,0.040554,1.0,0.2244272373239701
database3/database3/m.016j4q/17-FaceId-0_align.webp,0.014713,1.0,0.6019877122617024
database3/database3/m.016j4q/73-FaceId-0_align.webp,0.027874,1.0,0.3173039330343316
database3/database3/m.016j55/23-FaceId-0_align.webp,0.003044,1.0,0.1815401200933498
database3/database3/m.016j_c/80-FaceId-0_align.webp,0.167359,0.0,0.1737667166074754
database3/database3/m.016k0j/73-FaceId-0_align.webp,0.021214,0.0,0.1585569253783685
database3/database3/m.016k38/76-FaceId-0_align.webp,0.03171,1.0,0.2034623992117565
database3/database3/m.016k38/86-FaceId-0_align.webp,0.0969,1.0,0.2405338342396805
database3/database3/m.016k58/57-FaceId-0_align.webp,0.285077,0.0,0.1805429386896393
database3/database3/m.016k6x/11-FaceId-0_align.webp,0.0,1.0,0.1245676655038665
database3/database3/m.016k6x/19-FaceId-0_align.webp,0.0,1.0,0.112841260781888
database3/database3/m.016k92/3-FaceId-0_align.webp,0.164786,1.0,0.1829644275650754
database3/database3/m.016k92/39-FaceId-0_align.webp,0.115077,1.0,0.1802513009491232
database3/database3/m.016k92/53-FaceId-0_align.webp,0.124335,1.0,0.1807304208549326
database3/database3/m.016k_v/117-FaceId-0_align.webp,0.172292,0.0,0.1519533138252997
database3/database3/m.016k_v/31-FaceId-0_align.webp,0.103765,0.0,0.1598782535428054
database3/database3/m.016k_v/6-FaceId-0_align.webp,0.102662,0.0,0.1550732422134654
database3/database3/m.016kdv/96-FaceId-0_align.webp,0.10171,1.0,0.1425327844540117
database3/database3/m.016kft/30-FaceId-0_align.webp,0.094506,1.0,0.1741715121324749
database3/database3/m.016khd/116-FaceId-0_align.webp,0.014365,1.0,0.2530388241125784
database3/database3/m.016khd/18-FaceId-0_align.webp,0.045446,1.0,0.1898956812821793
database3/database3/m.016khd/77-FaceId-0_align.webp,0.016363,1.0,0.1377460671291497
database3/database3/m.016kjs/51-FaceId-0_align.webp,0.103247,1.0,0.1577026853113604
database3/database3/m.016kqk/22-FaceId-0_align.webp,0.109366,1.0,0.1883095521671799
database3/database3/m.016kqk/57-FaceId-0_align.webp,0.028005,1.0,0.1943952192665245
database3/database3/m.016ksk/77-FaceId-0_align.webp,0.033554,1.0,0.2087469407351917
database3/database3/m.016l53/34-FaceId-0_align.webp,0.004644,1.0,0.2536981484296255
database3/database3/m.016l_5/13-FaceId-1_align.webp,0.028409,0.0,0.2581860319821086
database3/database3/m.016l_5/23-FaceId-0_align.webp,0.13632,0.0,0.1585153610106445
database3/database3/m.016l_5/69-FaceId-0_align.webp,0.067658,0.0,0.1505331896703305
database3/database3/m.016lb3/2-FaceId-0_align.webp,0.005513,1.0,0.1435596685211946
database3/database3/m.016lh0/74-FaceId-0_align.webp,0.000336,1.0,0.1445051385957509
database3/database3/m.016m0v/15-FaceId-0_align.webp,0.003574,1.0,0.2197375380028701
database3/database3/m.016m0v/47-FaceId-0_align.webp,0.010823,1.0,0.2382326138901132
database3/database3/m.016m0v/48-FaceId-0_align.webp,0.006305,1.0,0.1842315230968992
database3/database3/m.016mgj/22-FaceId-0_align.webp,0.177659,0.0,0.1613987795317419
database3/database3/m.016mgj/72-FaceId-0_align.webp,0.141048,0.0,0.2638881449084401
database3/database3/m.016ntp/45-FaceId-0_align.webp,0.056576,0.0,0.3350189632454783
database3/database3/m.016ntp/58-FaceId-0_align.webp,0.194583,0.0,0.2579423051666117
database3/database3/m.016ntp/78-FaceId-0_align.webp,0.262576,0.0,0.2007628790266556
database3/database3/m.016ntp/85-FaceId-0_align.webp,0.141759,0.0,0.181242338467592
database3/database3/m.016nvh/2-FaceId-0_align.webp,0.143526,1.0,0.1772357027995348
database3/database3/m.016nvy/82-FaceId-0_align.webp,0.14288,0.0,0.1585598111274486
database3/database3/m.016nws/82-FaceId-0_align.webp,0.154826,1.0,0.1787535228318434
database3/database3/m.016pns/55-FaceId-0_align.webp,0.055966,1.0,0.1742942127319534
database3/database3/m.016q0w/27-FaceId-0_align.webp,0.009996,1.0,0.1604710436883298
database3/database3/m.016q2n/25-FaceId-0_align.webp,0.030179,0.0,0.1546642154089864
database3/database3/m.016q2n/89-FaceId-0_align.webp,0.007529,0.0,0.1653733557652653
database3/database3/m.016q4_/99-FaceId-1_align.webp,0.000294,0.0,0.1344546458311936
database3/database3/m.016qrb/16-FaceId-0_align.webp,0.039165,0.0,0.1590964568695215
database3/database3/m.016qrb/78-FaceId-0_align.webp,0.145711,0.0,0.1431043103749148
database3/database3/m.016qtt/15-FaceId-0_align.webp,0.187503,1.0,0.1638291576411762
database3/database3/m.016qtt/25-FaceId-0_align.webp,0.283035,1.0,0.1610362203283166
database3/database3/m.016r3x/42-FaceId-0_align.webp,0.001242,1.0,0.1052308842218891
database3/database3/m.016r3x/44-FaceId-0_align.webp,0.007495,1.0,0.1572112627745947
database3/database3/m.016sff/35-FaceId-0_align.webp,0.025858,1.0,0.3252511467437841
database3/database3/m.016sp_/9-FaceId-0_align.webp,0.355835,1.0,0.1447029392547157
database3/database3/m.016swh/38-FaceId-0_align.webp,0.0,1.0,0.1338805422385567
database3/database3/m.016sz1/68-FaceId-0_align.webp,0.00381,1.0,0.1706883843070275
database3/database3/m.016szr/0-FaceId-0_align.webp,0.081751,1.0,0.2627645040643036
database3/database3/m.016szr/31-FaceId-0_align.webp,0.150774,1.0,0.2476097124015278
database3/database3/m.016t00/27-FaceId-0_align.webp,0.010723,1.0,0.1805895370867496
database3/database3/m.016t00/29-FaceId-0_align.webp,0.026052,1.0,0.1681930335782093
database3/database3/m.016t00/49-FaceId-0_align.webp,0.061342,1.0,0.1867371841418555
database3/database3/m.016tb7/64-FaceId-0_align.webp,0.020212,0.0,0.1516521486737155
database3/database3/m.016tbr/53-FaceId-0_align.webp,0.052696,1.0,0.1720209469924834
database3/database3/m.016tbr/91-FaceId-0_align.webp,0.278026,1.0,0.1991327197907138
database3/database3/m.016tbr/97-FaceId-0_align.webp,0.035531,1.0,0.1813084557584682
database3/database3/m.016tcm/7-FaceId-0_align.webp,0.0,1.0,0.1502086831955154
database3/database3/m.016tqw/18-FaceId-0_align.webp,0.009857,1.0,0.1531947211145898
database3/database3/m.016vqk/91-FaceId-0_align.webp,0.041054,1.0,0.1532795246495303
database3/database3/m.016vxj/34-FaceId-0_align.webp,0.081238,1.0,0.1409329701080375
database3/database3/m.016vy9/16-FaceId-0_align.webp,0.135759,0.0,0.1648264553443633
database3/database3/m.016vy9/41-FaceId-0_align.webp,0.023537,0.0,0.148116574104621
database3/database3/m.016vyp/28-FaceId-0_align.webp,0.086364,1.0,0.1573176056732713
database3/database3/m.016vyp/92-FaceId-0_align.webp,0.043472,1.0,0.1486561082223961
database3/database3/m.016wdq/47-FaceId-0_align.webp,0.021942,1.0,0.3287733727218261
database3/database3/m.016wvy/16-FaceId-0_align.webp,0.016451,1.0,0.1540859021527264
database3/database3/m.016wvy/70-FaceId-0_align.webp,0.279688,1.0,0.1903215819265878
database3/database3/m.016wvy/90-FaceId-0_align.webp,0.0652,1.0,0.2701117812317469
database3/database3/m.016xk5/94-FaceId-0_align.webp,0.039665,1.0,0.1460424068984255
database3/database3/m.016yr0/49-FaceId-0_align.webp,0.028821,1.0,0.1481508110803309
database3/database3/m.016yr0/53-FaceId-0_align.webp,0.03224,1.0,0.1430851043926405
database3/database3/m.016yr0/98-FaceId-0_align.webp,0.103354,1.0,0.1663248490161886
database3/database3/m.016ywr/2-FaceId-0_align.webp,0.022088,1.0,0.1867678899866812
database3/database3/m.016ywr/21-FaceId-0_align.webp,0.053813,1.0,0.1689611329685628
database3/database3/m.016ywr/76-FaceId-0_align.webp,0.0,1.0,0.1325969792758074
database3/database3/m.016z3d/40-FaceId-0_align.webp,0.041987,1.0,0.1496647174524949
database3/database3/m.016z3d/43-FaceId-0_align.webp,0.184794,1.0,0.1635104259560755
database3/database3/m.016z3d/48-FaceId-0_align.webp,0.181018,1.0,0.1582272108407734
database3/database3/m.016z68/21-FaceId-0_align.webp,0.185954,1.0,0.1803760205613474
database3/database3/m.016z68/89-FaceId-0_align.webp,0.268667,1.0,0.1774121673296816
database3/database3/m.016zp5/13-FaceId-0_align.webp,0.016071,1.0,0.1326228492062005
database3/database3/m.016zp5/31-FaceId-0_align.webp,0.101464,1.0,0.2675580643054997
database3/database3/m.016zp5/64-FaceId-0_align.webp,0.006697,1.0,0.149984981781608
database3/database3/m.016zp5/68-FaceId-0_align.webp,0.014376,1.0,0.1572943694664578
database3/database3/m.016zvk/22-FaceId-0_align.webp,0.104809,0.0,0.1649585438160414
database3/database3/m.016zvk/81-FaceId-0_align.webp,0.147393,0.0,0.1639037664839532
database3/database3/m.016zvk/88-FaceId-0_align.webp,0.080384,0.0,0.1258348261242913
database3/database3/m.016zvk/91-FaceId-0_align.webp,0.084334,0.0,0.1549589159902617
database3/database3/m.0170pk/112-FaceId-0_align.webp,0.029113,1.0,0.2177449296244758
database3/database3/m.0170pk/32-FaceId-0_align.webp,0.0,1.0,0.2189564803251422
database3/database3/m.0170pk/71-FaceId-0_align.webp,0.003334,1.0,0.1655798282626876
database3/database3/m.0170pk/93-FaceId-0_align.webp,0.020024,1.0,0.2428385392408333
database3/database3/m.0170q1/39-FaceId-0_align.webp,0.098023,0.0,0.2124579573401773
database3/database3/m.0170qf/10-FaceId-0_align.webp,0.012168,1.0,0.1453251034209011
database3/database3/m.0170qf/66-FaceId-0_align.webp,0.173717,1.0,0.1760457221393631
database3/database3/m.0170s4/35-FaceId-0_align.webp,0.00841,1.0,0.1657163184854311
database3/database3/m.0170s4/44-FaceId-0_align.webp,0.007374,1.0,0.1097895837295946
database3/database3/m.0170s4/48-FaceId-0_align.webp,0.0,1.0,0.1153130139809675
database3/database3/m.0170s4/85-FaceId-0_align.webp,0.00918,1.0,0.1430807684858699
database3/database3/m.0170s4/86-FaceId-0_align.webp,0.00659,1.0,0.1359144110030899
database3/database3/m.0170zz/7-FaceId-0_align.webp,0.0033,1.0,0.2039278319898039
database3/database3/m.017115/2-FaceId-0_align.webp,0.178391,1.0,0.2059798538649476
database3/database3/m.0171cm/52-FaceId-0_align.webp,0.078391,1.0,0.2647524477474306
database3/database3/m.0171cm/9-FaceId-0_align.webp,0.020679,1.0,0.2562839343184525
database3/database3/m.0171dv/105-FaceId-0_align.webp,0.019879,1.0,0.1272543320300582
database3/database3/m.0171dv/106-FaceId-0_align.webp,0.079343,1.0,0.1479783057562992
database3/database3/m.0171z8/39-FaceId-0_align.webp,0.1172,0.0,0.3966160863863617
database3/database3/m.01721f/98-FaceId-0_align.webp,0.00066,1.0,0.1060519917295895
database3/database3/m.01728m/45-FaceId-0_align.webp,0.026608,1.0,0.2168007572234866
database3/database3/m.01734j/10-FaceId-0_align.webp,0.107434,1.0,0.2427304015811207
database3/database3/m.01737y/7-FaceId-0_align.webp,0.023524,1.0,0.1378138068976066
database3/database3/m.0173cq/55-FaceId-0_align.webp,0.0687,0.0,0.165990801888316
database3/database3/m.0173cq/82-FaceId-0_align.webp,0.052898,0.0,0.1278747727192195
database3/database3/m.0173p_/66-FaceId-0_align.webp,0.12779,0.0,0.1991800962988072
database3/database3/m.0173p_/82-FaceId-0_align.webp,0.039784,0.0,0.1505529302285629
database3/database3/m.0173p_/97-FaceId-0_align.webp,0.06989,0.0,0.1604031905336314
database3/database3/m.0173s_/56-FaceId-0_align.webp,0.320216,0.0,0.1628867722202911
database3/database3/m.01741h/75-FaceId-0_align.webp,0.057681,1.0,0.2782537536459608
database3/database3/m.01742l/53-FaceId-0_align.webp,0.210558,0.0,0.1995636913966041
database3/database3/m.01744d/24-FaceId-0_align.webp,0.021138,1.0,0.1569438662938794
database3/database3/m.01744d/66-FaceId-0_align.webp,0.069833,1.0,0.1660241168464317
database3/database3/m.017458/60-FaceId-0_align.webp,0.031087,1.0,0.3214128624899215
database3/database3/m.0174z2/31-FaceId-0_align.webp,0.019356,1.0,0.1484227335322602
database3/database3/m.0175m_/104-FaceId-0_align.webp,0.011519,1.0,0.1974635371889839
database3/database3/m.0175m_/106-FaceId-0_align.webp,0.008092,1.0,0.1423639022348109
database3/database3/m.0175s7/91-FaceId-0_align.webp,0.271553,1.0,0.1980584166330509
database3/database3/m.0175w3/23-FaceId-0_align.webp,0.084707,1.0,0.2442880306759899
database3/database3/m.0175w3/40-FaceId-0_align.webp,0.14122,1.0,0.3033059693680511
database3/database3/m.0175w3/8-FaceId-0_align.webp,0.022898,1.0,0.3416709913317748
database3/database3/m.01762z/69-FaceId-0_align.webp,0.001793,1.0,0.1377172074907936
database3/database3/m.017729/106-FaceId-0_align.webp,0.004005,1.0,0.1585269666516195
database3/database3/m.01772q/118-FaceId-0_align.webp,0.005376,1.0,0.1220292159527581
database3/database3/m.01778_/1-FaceId-0_align.webp,0.151831,0.0,0.2647303714917211
database3/database3/m.01778_/5-FaceId-0_align.webp,0.080886,0.0,0.2413995759055818
database3/database3/m.0177s6/54-FaceId-0_align.webp,0.003871,1.0,0.2888516544313351
database3/database3/m.0177s6/83-FaceId-0_align.webp,0.194958,1.0,0.250985401524412
database3/database3/m.0178_j/46-FaceId-0_align.webp,0.038586,1.0,0.2345456074619876
database3/database3/m.0178d6/53-FaceId-0_align.webp,0.019408,1.0,0.1442223628429194
database3/database3/m.0178d6/9-FaceId-0_align.webp,0.038126,1.0,0.163103307386676
database3/database3/m.0178sb/20-FaceId-0_align.webp,0.025953,1.0,0.1397440943025196
database3/database3/m.01791s/104-FaceId-0_align.webp,0.057011,1.0,0.3772557793874386
database3/database3/m.01793l/15-FaceId-0_align.webp,0.11519,1.0,0.2882994146431756
database3/database3/m.01793l/3-FaceId-0_align.webp,0.021997,1.0,0.2413093478867552
database3/database3/m.01793l/48-FaceId-0_align.webp,0.070141,1.0,0.3160950314824573
database3/database3/m.01793l/77-FaceId-0_align.webp,0.068916,1.0,0.2858034446922065
database3/database3/m.01794d/22-FaceId-0_align.webp,0.132698,1.0,0.1526994340802479
database3/database3/m.0179n7/47-FaceId-0_align.webp,0.025063,1.0,0.1528847746766638
database3/database3/m.0179ys/22-FaceId-0_align.webp,0.03888,1.0,0.1800749252862
database3/database3/m.017_65/24-FaceId-0_align.webp,0.104039,1.0,0.2198761452023275
database3/database3/m.017__g/2-FaceId-0_align.webp,0.026314,1.0,0.1459016446511754
database3/database3/m.017__g/30-FaceId-0_align.webp,0.064708,1.0,0.1727238350023529
database3/database3/m.017_dr/0-FaceId-1_align.webp,0.037641,1.0,0.2377753224603778
database3/database3/m.017_dr/14-FaceId-0_align.webp,0.005491,1.0,0.1755236429085556
database3/database3/m.017_dr/47-FaceId-0_align.webp,0.191478,1.0,0.1728620912421848
database3/database3/m.017_dr/57-FaceId-0_align.webp,0.038308,1.0,0.2726138706187982
database3/database3/m.017_j4/45-FaceId-0_align.webp,0.032452,1.0,0.2367654965649257
database3/database3/m.017_j4/54-FaceId-0_align.webp,0.009302,1.0,0.2390668022428191
database3/database3/m.017_j4/93-FaceId-0_align.webp,0.05205,1.0,0.337545461703495
database3/database3/m.017_l1/23-FaceId-0_align.webp,0.033635,1.0,0.1356536023917161
database3/database3/m.017_l1/5-FaceId-0_align.webp,0.0,1.0,0.13149720556607
database3/database3/m.017_xx/84-FaceId-0_align.webp,0.180042,0.0,0.1638930087748076
database3/database3/m.017bd/83-FaceId-0_align.webp,0.002036,1.0,0.2185516617825423
database3/database3/m.017bd/85-FaceId-0_align.webp,0.002715,1.0,0.2487624008640541
database3/database3/m.017bk6/90-FaceId-2_align.webp,0.056904,0.0,0.1435061034551804
database3/database3/m.017bxq/72-FaceId-0_align.webp,0.032315,1.0,0.2069123366726812
database3/database3/m.017c87/108-FaceId-0_align.webp,0.012746,1.0,0.2301787122856136
database3/database3/m.017c87/7-FaceId-0_align.webp,0.008884,1.0,0.1172515903543736
database3/database3/m.017cgg/62-FaceId-0_align.webp,0.009893,1.0,0.2514514944456409
database3/database3/m.017d3v/21-FaceId-0_align.webp,0.000486,1.0,0.0878340891187385
database3/database3/m.017dpj/104-FaceId-0_align.webp,0.159674,1.0,0.2532884345139401
database3/database3/m.017dpj/116-FaceId-0_align.webp,0.004563,1.0,0.2113867317336432
database3/database3/m.017dpj/14-FaceId-0_align.webp,0.012759,1.0,0.2046517484642857
database3/database3/m.017dpj/6-FaceId-0_align.webp,0.157516,1.0,0.2567904956924008
database3/database3/m.017dpj/81-FaceId-0_align.webp,0.117413,1.0,0.3208149591870112
database3/database3/m.017dpj/98-FaceId-0_align.webp,0.093515,1.0,0.2413882026537584
database3/database3/m.017f4y/21-FaceId-0_align.webp,0.009046,1.0,0.1613296431187579
database3/database3/m.017fgp/17-FaceId-0_align.webp,0.004873,1.0,0.2170495939522714
database3/database3/m.017fhk/5-FaceId-0_align.webp,0.05945,1.0,0.2302047302325672
database3/database3/m.017fhk/70-FaceId-0_align.webp,0.025921,1.0,0.1263282640071595
database3/database3/m.017fhk/87-FaceId-0_align.webp,0.146412,1.0,0.226902007151644
database3/database3/m.017fj_/2-FaceId-0_align.webp,0.022486,1.0,0.14929705480507
database3/database3/m.017fj_/97-FaceId-0_align.webp,0.013264,1.0,0.2647442323479543
database3/database3/m.017fks/21-FaceId-0_align.webp,0.013755,1.0,0.1489675406163771
database3/database3/m.017fks/34-FaceId-0_align.webp,0.010024,1.0,0.2369858401461603
database3/database3/m.017fl5/7-FaceId-0_align.webp,0.088967,1.0,0.1667370227719058
database3/database3/m.017fl5/89-FaceId-0_align.webp,0.156395,1.0,0.2128295016963357
database3/database3/m.017fl_/0-FaceId-0_align.webp,0.016489,1.0,0.2812736616006388
database3/database3/m.017fp0/26-FaceId-0_align.webp,0.014762,1.0,0.1329170374430968
database3/database3/m.017fp0/70-FaceId-0_align.webp,0.102621,1.0,0.1646074104092811
database3/database3/m.017fp0/85-FaceId-0_align.webp,0.016216,1.0,0.1632909257587484
database3/database3/m.017fp0/92-FaceId-0_align.webp,0.03683,1.0,0.2628157646422028
database3/database3/m.017frf/2-FaceId-0_align.webp,0.239226,1.0,0.141128696257748
database3/database3/m.017frf/48-FaceId-0_align.webp,0.242631,1.0,0.1572174243914176
database3/database3/m.017ft0/4-FaceId-0_align.webp,0.025186,0.0,0.1441320931995502
database3/database3/m.017fxp/62-FaceId-0_align.webp,0.006207,1.0,0.2065237199576577
database3/database3/m.017fzy/33-FaceId-0_align.webp,0.135665,1.0,0.1412466173594276
database3/database3/m.017fzy/38-FaceId-0_align.webp,0.020138,1.0,0.1646584647682212
database3/database3/m.017fzy/44-FaceId-0_align.webp,0.119262,1.0,0.1769710147935036
database3/database3/m.017fzy/7-FaceId-0_align.webp,0.042513,1.0,0.1514741886128427
database3/database3/m.017fzy/84-FaceId-0_align.webp,0.1089,1.0,0.1668593698017942
database3/database3/m.017fzy/88-FaceId-0_align.webp,0.093437,1.0,0.1483727310015439
database3/database3/m.017g21/51-FaceId-0_align.webp,0.121234,1.0,0.1784845409560557
database3/database3/m.017g2y/13-FaceId-0_align.webp,0.026164,1.0,0.1517316076407242
database3/database3/m.017gd_/53-FaceId-0_align.webp,0.006889,1.0,0.2630229002069975
database3/database3/m.017gd_/59-FaceId-0_align.webp,0.012556,1.0,0.2153641888116277
database3/database3/m.017gxw/53-FaceId-0_align.webp,0.064935,0.0,0.1564686331298408
database3/database3/m.017h4c/0-FaceId-0_align.webp,0.049628,1.0,0.2462835544089868
database3/database3/m.017h_2/23-FaceId-0_align.webp,0.06887,1.0,0.2675695692462134
database3/database3/m.017hgl/21-FaceId-0_align.webp,0.089799,1.0,0.1761593763553106
database3/database3/m.017hgl/42-FaceId-0_align.webp,0.004642,1.0,0.1664646459814693
database3/database3/m.017hjk/57-FaceId-0_align.webp,0.009431,1.0,0.1795829993674061
database3/database3/m.017hm9/3-FaceId-0_align.webp,0.001744,1.0,0.2023032055004171
database3/database3/m.017hm9/36-FaceId-0_align.webp,0.002432,1.0,0.1623405373532086
database3/database3/m.017hw4/23-FaceId-0_align.webp,0.000412,1.0,0.1609140493033571
database3/database3/m.017hwl/3-FaceId-0_align.webp,0.014017,1.0,0.2652181350399883
database3/database3/m.017j1w/26-FaceId-0_align.webp,0.021211,1.0,0.1331431468531247
database3/database3/m.017j1w/35-FaceId-0_align.webp,0.039099,1.0,0.3000358564415848
database3/database3/m.017j1w/8-FaceId-0_align.webp,0.052854,1.0,0.1345064384443639
database3/database3/m.017j2b/85-FaceId-0_align.webp,0.008707,1.0,0.1917767141674728
database3/database3/m.017jwg/17-FaceId-0_align.webp,0.002376,1.0,0.1723438975955316
database3/database3/m.017jwg/53-FaceId-0_align.webp,0.066995,0.0,0.1678778148576673
database3/database3/m.017jwg/82-FaceId-0_align.webp,0.035246,1.0,0.1722171816059563
database3/database3/m.017kb5/32-FaceId-0_align.webp,0.006182,1.0,0.158016724230129
database3/database3/m.017kgm/108-FaceId-1_align.webp,0.015319,1.0,0.1045991106882681
database3/database3/m.017kgm/94-FaceId-0_align.webp,0.003416,1.0,0.1221382417701764
database3/database3/m.017kq/37-FaceId-0_align.webp,0.040762,1.0,0.2480320883898186
database3/database3/m.017kq/48-FaceId-0_align.webp,0.009092,1.0,0.2348287046948771
database3/database3/m.017l4/11-FaceId-0_align.webp,0.001488,1.0,0.141495794179578
database3/database3/m.017l4/73-FaceId-0_align.webp,0.09873,1.0,0.1665400300054091
database3/database3/m.017l4/80-FaceId-0_align.webp,0.025497,1.0,0.2432233050794358
database3/database3/m.017l7y/97-FaceId-0_align.webp,0.002424,1.0,0.1402736508505131
database3/database3/m.017lcg/63-FaceId-0_align.webp,0.136168,1.0,0.1618793300312213
database3/database3/m.017m2y/105-FaceId-0_align.webp,0.084072,0.0,0.1580078270679337
database3/database3/m.017m2y/30-FaceId-0_align.webp,0.20052,0.0,0.1695162934452756
database3/database3/m.017mrb/26-FaceId-0_align.webp,0.125876,1.0,0.1536857049430103
database3/database3/m.017q3j/27-FaceId-0_align.webp,0.040475,1.0,0.1475926702082977
database3/database3/m.017q3j/87-FaceId-1_align.webp,0.137407,1.0,0.1916320277573858
database3/database3/m.017qkp/105-FaceId-0_align.webp,0.016276,1.0,0.1366924113748591
database3/database3/m.017qkp/8-FaceId-0_align.webp,0.006413,1.0,0.146077721730766
database3/database3/m.017r13/15-FaceId-0_align.webp,0.004576,1.0,0.1394596615326884
database3/database3/m.017r13/32-FaceId-0_align.webp,0.001926,1.0,0.1337138454560539
database3/database3/m.017r13/71-FaceId-0_align.webp,0.149849,1.0,0.1575227168580967
database3/database3/m.017r5g/69-FaceId-0_align.webp,0.246362,0.0,0.1907889727726054
database3/database3/m.017rh4/92-FaceId-0_align.webp,0.059749,1.0,0.1623459515438273
database3/database3/m.017rjs/94-FaceId-0_align.webp,0.227853,1.0,0.1496126075010541
database3/database3/m.017tk3/113-FaceId-0_align.webp,0.041074,1.0,0.1731133438612623
database3/database3/m.017tk3/5-FaceId-0_align.webp,0.023981,1.0,0.1741413051795743
database3/database3/m.017tk3/61-FaceId-0_align.webp,0.058875,1.0,0.191842979780404
database3/database3/m.017tk3/83-FaceId-0_align.webp,0.016266,1.0,0.1613786246785287
database3/database3/m.017tkv/15-FaceId-0_align.webp,0.09519,0.0,0.1459631381780738
database3/database3/m.017tkv/5-FaceId-0_align.webp,0.108291,0.0,0.1570465433654693
database3/database3/m.017tlt/70-FaceId-0_align.webp,0.079127,1.0,0.1150883216454211
database3/database3/m.017tn4/17-FaceId-0_align.webp,0.026983,1.0,0.2394774418766332
database3/database3/m.017tn4/54-FaceId-2_align.webp,0.042656,1.0,0.2017575341287946
database3/database3/m.017tnz/116-FaceId-0_align.webp,0.135035,1.0,0.1664443412512591
database3/database3/m.017vfn/43-FaceId-0_align.webp,0.036126,1.0,0.1563526817568755
database3/database3/m.017vkk/88-FaceId-0_align.webp,0.022172,0.0,0.1581964836817442
database3/database3/m.017vkx/34-FaceId-1_align.webp,0.050784,1.0,0.2699504536746751
database3/database3/m.017wbg/77-FaceId-0_align.webp,0.079706,1.0,0.1481114258740235
database3/database3/m.017x_s/36-FaceId-0_align.webp,0.021378,1.0,0.258708929668604
database3/database3/m.017xm3/52-FaceId-0_align.webp,0.225925,0.0,0.1676561178643985
database3/database3/m.017yfz/93-FaceId-0_align.webp,0.237267,1.0,0.0
database3/database3/m.017yvm/5-FaceId-0_align.webp,0.011632,1.0,0.1543082056500752
database3/database3/m.017yvm/93-FaceId-0_align.webp,0.007487,1.0,0.2142655491232111
database3/database3/m.017yzt/119-FaceId-0_align.webp,0.299381,0.0,0.175805568577838
database3/database3/m.017yzt/55-FaceId-0_align.webp,0.055778,0.0,0.1396557363652074
database3/database3/m.017yzt/61-FaceId-0_align.webp,0.0,0.0,0.1288860799113091
database3/database3/m.017z_/91-FaceId-0_align.webp,0.06531,1.0,0.2417803558566522
database3/database3/m.017zng/39-FaceId-0_align.webp,0.114304,1.0,0.1442007160216239
database3/database3/m.017zng/73-FaceId-0_align.webp,0.087005,1.0,0.1769498912749965
database3/database3/m.017zng/97-FaceId-0_align.webp,0.096418,1.0,0.1287666651990279
database3/database3/m.01804k/55-FaceId-0_align.webp,0.104401,0.0,0.1560098337345991
database3/database3/m.01807/65-FaceId-0_align.webp,0.087681,1.0,0.2769895880833803
database3/database3/m.01807/73-FaceId-0_align.webp,0.147607,1.0,0.2967369420817303
database3/database3/m.018144/31-FaceId-0_align.webp,0.317719,1.0,0.1454914285484466
database3/database3/m.018144/55-FaceId-0_align.webp,0.076827,1.0,0.1558745341223884
database3/database3/m.01815s/106-FaceId-0_align.webp,0.234236,0.0,0.1675570860235439
database3/database3/m.01815s/50-FaceId-0_align.webp,0.243106,0.0,0.1610137341237646
database3/database3/m.01815s/64-FaceId-0_align.webp,0.173641,0.0,0.163879592499128
database3/database3/m.0181gp/6-FaceId-0_align.webp,0.043543,1.0,0.1592705491852254
database3/database3/m.0181j_/107-FaceId-0_align.webp,0.027129,0.0,0.1551188908617106
database3/database3/m.0181kg/14-FaceId-0_align.webp,0.119867,1.0,0.2625013098188186
database3/database3/m.0181lj/18-FaceId-0_align.webp,0.190172,1.0,0.1156644605694137
database3/database3/m.0181p_/19-FaceId-0_align.webp,0.041166,1.0,0.2287129104649001
database3/database3/m.0181p_/99-FaceId-0_align.webp,0.035046,1.0,0.1635982607326781
database3/database3/m.0181ph/4-FaceId-0_align.webp,0.019163,1.0,0.2172128025169316
database3/database3/m.0181ph/8-FaceId-0_align.webp,0.037384,1.0,0.0
database3/database3/m.0181x9/43-FaceId-0_align.webp,0.029481,1.0,0.1601765127611433
database3/database3/m.0181xq/13-FaceId-0_align.webp,0.002527,0.0,0.1782690736570366
database3/database3/m.0182hg/59-FaceId-0_align.webp,0.003662,1.0,0.1437874614586839
database3/database3/m.0182q2/111-FaceId-0_align.webp,0.014398,1.0,0.1610024008379825
database3/database3/m.0182q2/47-FaceId-0_align.webp,0.020684,1.0,0.1642763017000704
database3/database3/m.0182q2/58-FaceId-0_align.webp,0.034155,1.0,0.1379290686702043
database3/database3/m.0182vk/101-FaceId-0_align.webp,0.185784,1.0,0.3043389208967151
database3/database3/m.0182vk/97-FaceId-0_align.webp,0.113244,1.0,0.1739340993377227
database3/database3/m.01830j/15-FaceId-0_align.webp,0.208446,0.0,0.1905909897433717
database3/database3/m.01833g/76-FaceId-0_align.webp,0.008544,1.0,0.1763750801213809
database3/database3/m.018348/1-FaceId-0_align.webp,0.029671,1.0,0.1930113441214941
database3/database3/m.0183f9/72-FaceId-0_align.webp,0.028848,1.0,0.2515318861476272
database3/database3/m.018417/7-FaceId-0_align.webp,0.270045,0.0,0.1705164815907974
database3/database3/m.018493/45-FaceId-0_align.webp,0.059135,0.0,0.1726455424586319
database3/database3/m.0184cd/37-FaceId-0_align.webp,0.012663,0.0,0.1591125622670615
database3/database3/m.0184cd/69-FaceId-0_align.webp,0.041234,0.0,0.1598167234575709
database3/database3/m.0184jc/9-FaceId-0_align.webp,0.061679,1.0,0.1892284149676692
database3/database3/m.0184xq/86-FaceId-0_align.webp,0.010468,1.0,0.2004104687778276
database3/database3/m.0185gs/107-FaceId-0_align.webp,0.133885,1.0,0.1507801587206592
database3/database3/m.0187y5/50-FaceId-0_align.webp,0.011259,1.0,0.3747321252655547
database3/database3/m.0187y5/55-FaceId-0_align.webp,0.018906,1.0,0.1681153420586124
database3/database3/m.0188n0/16-FaceId-0_align.webp,0.119925,1.0,0.1768179494959405
database3/database3/m.0188n0/81-FaceId-0_align.webp,0.437819,1.0,0.1953679381526577
database3/database3/m.0188n0/93-FaceId-0_align.webp,0.241643,1.0,0.2152548379077986
database3/database3/m.0188nj/68-FaceId-0_align.webp,0.036499,1.0,0.1405719698475414
database3/database3/m.018_3q/101-FaceId-0_align.webp,0.001235,1.0,0.474865534601247
database3/database3/m.018_3q/89-FaceId-0_align.webp,0.024563,1.0,0.1357553268656892
database3/database3/m.018_lb/81-FaceId-0_align.webp,0.104704,0.0,0.1245128843418745
database3/database3/m.018c42/45-FaceId-1_align.webp,0.268912,1.0,0.1600336928189154
database3/database3/m.018c42/5-FaceId-0_align.webp,0.033426,1.0,0.1591379742086553
database3/database3/m.018cx_/16-FaceId-0_align.webp,0.128439,0.0,0.1529003898898571
database3/database3/m.018dnt/83-FaceId-0_align.webp,0.012334,1.0,0.153662990945815
database3/database3/m.018dpq/74-FaceId-0_align.webp,0.08469,1.0,0.1529512587218904
database3/database3/m.018dpq/9-FaceId-0_align.webp,0.06436,1.0,0.2027343483191482
database3/database3/m.018dq3/21-FaceId-0_align.webp,0.264271,0.0,0.1760327706146711
database3/database3/m.018dq3/43-FaceId-0_align.webp,0.005771,0.0,0.1559241950764489
database3/database3/m.018dqg/14-FaceId-0_align.webp,0.002005,1.0,0.1388347936461178
database3/database3/m.018dyl/57-FaceId-0_align.webp,0.066796,1.0,0.1214452293814285
database3/database3/m.018f07/77-FaceId-0_align.webp,0.067893,1.0,0.1885203910451919
database3/database3/m.018f07/88-FaceId-0_align.webp,0.019681,1.0,0.1434107756718727
database3/database3/m.018f_y/78-FaceId-0_align.webp,0.005574,1.0,0.3693538383283979
database3/database3/m.018fkc/18-FaceId-0_align.webp,0.048624,0.0,0.1979157653303099
database3/database3/m.018fkc/51-FaceId-0_align.webp,0.004824,1.0,0.1535731777513511
database3/database3/m.018fmr/107-FaceId-0_align.webp,0.087037,0.0,0.1681135028613309
database3/database3/m.018fmr/38-FaceId-0_align.webp,0.082888,0.0,0.2350592598587086
database3/database3/m.018fmr/39-FaceId-0_align.webp,0.154489,0.0,0.1587893365370721
database3/database3/m.018fmr/77-FaceId-0_align.webp,0.094029,0.0,0.149799603506812
database3/database3/m.018fmr/96-FaceId-0_align.webp,0.118151,0.0,0.1847376130098436
database3/database3/m.018fvy/74-FaceId-0_align.webp,0.006913,1.0,0.1471879235815665
database3/database3/m.018fwb/106-FaceId-0_align.webp,0.105164,0.0,0.1825944792481219
database3/database3/m.018fyy/5-FaceId-0_align.webp,0.161114,0.0,0.1557802107885624
database3/database3/m.018fzs/56-FaceId-0_align.webp,0.057952,1.0,0.2411475595008992
database3/database3/m.018fzs/60-FaceId-0_align.webp,0.058021,1.0,0.138895963190951
database3/database3/m.018fzs/89-FaceId-0_align.webp,0.00707,1.0,0.1375008629991581
database3/database3/m.018g4z/59-FaceId-0_align.webp,0.266921,0.0,0.2596412764993689
database3/database3/m.018gcf/20-FaceId-0_align.webp,0.017916,1.0,0.1451627076234523
database3/database3/m.018gcf/28-FaceId-0_align.webp,0.0,1.0,0.1670528701435107
database3/database3/m.018gjx/0-FaceId-0_align.webp,0.03658,1.0,0.153402022540326
database3/database3/m.018gjx/88-FaceId-1_align.webp,0.040357,1.0,0.1544577827136413
database3/database3/m.018gkb/31-FaceId-0_align.webp,0.133832,1.0,0.217475340302562
database3/database3/m.018gkb/69-FaceId-0_align.webp,0.119964,1.0,0.154048265252441
database3/database3/m.018gl5/55-FaceId-0_align.webp,0.0,1.0,0.1464268632649062
database3/database3/m.018gn4/7-FaceId-0_align.webp,0.045659,1.0,0.1668552034718736
database3/database3/m.018gn4/95-FaceId-0_align.webp,0.084694,1.0,0.1646551836465926
database3/database3/m.018gqj/17-FaceId-0_align.webp,0.18042,1.0,0.1586844429761124
database3/database3/m.018gqj/45-FaceId-0_align.webp,0.048033,1.0,0.1589266608429151
database3/database3/m.018gqj/51-FaceId-0_align.webp,0.113401,1.0,0.1708517678496871
database3/database3/m.018gqj/9-FaceId-0_align.webp,0.182644,1.0,0.1778531143558301
database3/database3/m.018gsl/54-FaceId-0_align.webp,0.015144,1.0,0.3204777199572819
database3/database3/m.018gw3/19-FaceId-0_align.webp,0.042889,1.0,0.2738713511115901
database3/database3/m.018h84/20-FaceId-0_align.webp,0.006714,1.0,0.1624870910663191
database3/database3/m.018h84/4-FaceId-0_align.webp,0.077047,1.0,0.1210963455405698
database3/database3/m.018hhw/26-FaceId-0_align.webp,0.058762,0.0,0.1616759311724429
database3/database3/m.018hwl/22-FaceId-0_align.webp,0.105538,1.0,0.1985107365902458
database3/database3/m.018j3w/52-FaceId-0_align.webp,0.03127,1.0,0.1234144359253126
database3/database3/m.018j4c/21-FaceId-0_align.webp,0.159984,1.0,0.1511591063542283
database3/database3/m.018j4c/60-FaceId-0_align.webp,0.116911,1.0,0.1993372661315981
database3/database3/m.018j4c/72-FaceId-0_align.webp,0.050298,1.0,0.1590622936225665
database3/database3/m.018j5m/87-FaceId-0_align.webp,0.119486,0.0,0.1920239327266042
database3/database3/m.018jnn/6-FaceId-0_align.webp,0.046059,1.0,0.1269293734321055
database3/database3/m.018jnn/60-FaceId-0_align.webp,0.021036,1.0,0.1238249424215732
database3/database3/m.018jz8/4-FaceId-0_align.webp,0.129694,1.0,0.1557890298580875
database3/database3/m.018kd0/56-FaceId-0_align.webp,0.078738,1.0,0.1634695484193995
database3/database3/m.018kjc/45-FaceId-0_align.webp,0.336481,1.0,0.1975770818808762
database3/database3/m.018kjc/74-FaceId-0_align.webp,0.359873,1.0,0.1914196328566734
database3/database3/m.018lb1/1-FaceId-0_align.webp,0.066363,0.0,0.155734708079147
database3/database3/m.018lb1/113-FaceId-0_align.webp,0.174767,0.0,0.1646803485123706
database3/database3/m.018lb1/45-FaceId-0_align.webp,0.011283,0.0,0.1432753463921766
database3/database3/m.018lb1/60-FaceId-0_align.webp,0.101898,0.0,0.1526785597539688
database3/database3/m.018lb1/67-FaceId-0_align.webp,0.058712,0.0,0.1716249056168731
database3/database3/m.018lp7/31-FaceId-0_align.webp,0.068826,0.0,0.1694730402485878
database3/database3/m.018lp7/5-FaceId-0_align.webp,0.037973,0.0,0.1577745187467613
database3/database3/m.018lpm/41-FaceId-0_align.webp,0.03151,1.0,0.2311562706196713
database3/database3/m.018lx_/11-FaceId-0_align.webp,0.157239,1.0,0.1981503702189191
database3/database3/m.018lxn/67-FaceId-0_align.webp,0.041223,0.0,0.1491932203769656
database3/database3/m.018m5c/31-FaceId-0_align.webp,0.012538,1.0,0.1245626250710864
database3/database3/m.018m5c/6-FaceId-0_align.webp,0.013236,1.0,0.133230034091654
database3/database3/m.018m5c/74-FaceId-0_align.webp,0.007729,1.0,0.1627757627596585
database3/database3/m.018mfl/68-FaceId-0_align.webp,0.01486,1.0,0.1881123198027503
database3/database3/m.018n52/37-FaceId-0_align.webp,0.024108,1.0,0.1344654653127664
database3/database3/m.018n7d/44-FaceId-0_align.webp,0.002157,1.0,0.1343659685538097
database3/database3/m.018n9d/58-FaceId-0_align.webp,0.182622,1.0,0.1464451800364669
database3/database3/m.018nqq/25-FaceId-0_align.webp,0.02666,1.0,0.1281392742785186
database3/database3/m.018nqq/56-FaceId-0_align.webp,0.002557,1.0,0.1844604371308839
database3/database3/m.018nwp/42-FaceId-0_align.webp,0.023176,1.0,0.2586432652343117
database3/database3/m.018p19/2-FaceId-0_align.webp,0.029409,1.0,0.1992445151318562
database3/database3/m.018pj3/21-FaceId-0_align.webp,0.206243,0.0,0.1311698337320035
database3/database3/m.018pkl/117-FaceId-0_align.webp,0.00271,1.0,0.1897793546957575
database3/database3/m.018ptf/125-FaceId-1_align.webp,0.193842,0.0,0.2178255783952966
database3/database3/m.018ptf/6-FaceId-0_align.webp,0.184452,1.0,0.1530133844199313
database3/database3/m.018ptf/69-FaceId-0_align.webp,0.264398,1.0,0.2190109585343716
database3/database3/m.018ptf/87-FaceId-0_align.webp,0.284614,1.0,0.1858891698903407
database3/database3/m.018pyg/114-FaceId-0_align.webp,0.004286,0.0,0.1338968037418963
database3/database3/m.018pyg/50-FaceId-0_align.webp,0.094308,0.0,0.1302142152766378
database3/database3/m.018q7p/61-FaceId-0_align.webp,0.113962,1.0,0.1647305443884791
database3/database3/m.018qkz/35-FaceId-0_align.webp,0.11651,0.0,0.1693918727722362
database3/database3/m.018qkz/48-FaceId-0_align.webp,0.078768,0.0,0.1750520630077088
database3/database3/m.018qlp/1-FaceId-0_align.webp,0.057596,0.0,0.1754416407149704
database3/database3/m.018qlp/2-FaceId-0_align.webp,0.201501,0.0,0.1973357889524257
database3/database3/m.018qlp/67-FaceId-0_align.webp,0.023725,0.0,0.1468785012726342
database3/database3/m.018qlp/73-FaceId-0_align.webp,0.048836,0.0,0.1599177496242649
database3/database3/m.018qlp/81-FaceId-0_align.webp,0.220874,0.0,0.1728848918506353
database3/database3/m.018qlp/99-FaceId-0_align.webp,0.098556,0.0,0.1676123162346972
database3/database3/m.018qn8/16-FaceId-0_align.webp,0.180079,0.0,0.168254459703977
database3/database3/m.018qn8/24-FaceId-0_align.webp,0.067297,0.0,0.1673060714026958
database3/database3/m.018qn8/3-FaceId-0_align.webp,0.144663,0.0,0.1691550267141967
database3/database3/m.018qpb/20-FaceId-0_align.webp,0.030827,0.0,0.1181340094806562
database3/database3/m.018qpb/42-FaceId-0_align.webp,0.04676,0.0,0.1449234374678173
database3/database3/m.018qr9/59-FaceId-0_align.webp,0.041718,0.0,0.1505996539460941
database3/database3/m.018qwf/0-FaceId-0_align.webp,0.034965,1.0,0.1160818771959373
database3/database3/m.018qx5/48-FaceId-0_align.webp,0.145397,0.0,0.2521436348235165
database3/database3/m.018r3g/1-FaceId-0_align.webp,0.015575,1.0,0.323313766078437
database3/database3/m.018rsq/63-FaceId-0_align.webp,0.05182,1.0,0.1395422735201212
database3/database3/m.018rsq/82-FaceId-0_align.webp,0.021029,1.0,0.1526395984989199
database3/database3/m.018ry5/78-FaceId-0_align.webp,0.052713,1.0,0.1648727039184546
database3/database3/m.018s7v/75-FaceId-0_align.webp,0.055964,0.0,0.1708201044418067
database3/database3/m.018slq/19-FaceId-0_align.webp,0.164016,1.0,0.1685822115117043
database3/database3/m.018swb/94-FaceId-0_align.webp,0.035612,1.0,0.1711691365678448
database3/database3/m.018t67/2-FaceId-0_align.webp,0.002151,1.0,0.1159600866251913
database3/database3/m.018t67/75-FaceId-0_align.webp,0.002161,1.0,0.1242095565451168
database3/database3/m.018t67/76-FaceId-0_align.webp,0.014984,1.0,0.1310747220455873
database3/database3/m.018tfd/63-FaceId-0_align.webp,0.039426,1.0,0.1196253915581317
database3/database3/m.018tvs/4-FaceId-0_align.webp,0.186437,1.0,0.1750407564413913
database3/database3/m.018v8c/66-FaceId-0_align.webp,0.031012,1.0,0.1277787388806176
database3/database3/m.018v_8/56-FaceId-0_align.webp,0.065146,1.0,0.1306936720977135
database3/database3/m.018vhw/41-FaceId-2_align.webp,0.017996,1.0,0.3143492651853123
database3/database3/m.018vhw/84-FaceId-1_align.webp,0.010037,1.0,0.1723061522769778
database3/database3/m.018vhw/94-FaceId-0_align.webp,0.022504,1.0,0.1411871383116238
database3/database3/m.018w6s/30-FaceId-0_align.webp,0.009687,1.0,0.3465948184660565
database3/database3/m.018wh0/34-FaceId-0_align.webp,0.038341,1.0,0.1302129267272416
database3/database3/m.018wqb/36-FaceId-1_align.webp,0.061601,1.0,0.2234031913945582
database3/database3/m.018x3/82-FaceId-0_align.webp,0.000249,1.0,0.1303265433285462
database3/database3/m.018x3/89-FaceId-0_align.webp,0.006661,1.0,0.1871094372568123
database3/database3/m.018xrz/49-FaceId-0_align.webp,0.084464,1.0,0.1647674857803227
database3/database3/m.018y0w/54-FaceId-0_align.webp,0.014612,1.0,0.1500406576147788
database3/database3/m.018y2s/21-FaceId-0_align.webp,0.010478,1.0,0.1579233937453873
database3/database3/m.018y4x/104-FaceId-0_align.webp,0.014664,1.0,0.1458337971883829
database3/database3/m.018y4x/94-FaceId-0_align.webp,0.083805,1.0,0.1207690674916129
database3/database3/m.018ycp/32-FaceId-0_align.webp,0.169605,1.0,0.1444979927368353
database3/database3/m.018ycp/64-FaceId-0_align.webp,0.011204,1.0,0.1403961684033833
