filename,target,gender,pred
database1/img00000154.webp,0.036749,1.0,0.1259911984955711
database1/img00000271.webp,0.229724,1.0,0.1680015334164247
database1/img00000323.webp,0.120628,0.0,0.1249281287578764
database1/img00000364.webp,0.00341,1.0,0.1159146469899093
database1/img00000371.webp,0.000249,1.0,0.1352645539638194
database1/img00000438.webp,0.102267,0.0,0.1339292494327977
database1/img00000448.webp,0.032257,0.0,0.1348770384454561
database1/img00000477.webp,0.158779,0.0,0.0997572094629374
database1/img00000491.webp,0.333523,0.0,0.1498486598205923
database1/img00000679.webp,0.022454,0.0,0.1235259801375083
database1/img00000766.webp,0.241328,0.0,0.1530865965905264
database1/img00000781.webp,0.01402,1.0,0.1214202159516329
database1/img00000793.webp,0.308688,0.0,0.1750884699403285
database1/img00000806.webp,0.083687,1.0,0.1221833097536142
database1/img00000857.webp,0.167176,0.0,0.1358165060468358
database1/img00000882.webp,0.118298,0.0,0.1341064571555612
database1/img00000903.webp,0.006576,1.0,0.1447703361875366
database1/img00000929.webp,0.021546,1.0,0.1330822042170679
database1/img00000941.webp,0.232414,0.0,0.1482547474342768
database1/img00001032.webp,0.044127,1.0,0.1501854881415668
database1/img00001145.webp,0.022379,1.0,0.1103669250148383
database1/img00001291.webp,0.022322,0.0,0.1228084420696222
database1/img00001371.webp,0.148865,0.0,0.1305599111862514
database1/img00001491.webp,0.264813,0.0,0.1755391663937694
database1/img00001551.webp,0.054068,1.0,0.1222613160745589
database1/img00001573.webp,0.095382,0.0,0.1057318125452599
database1/img00001650.webp,0.088325,0.0,0.1044342356707372
database1/img00001652.webp,0.074782,1.0,0.1298883791428327
database1/img00001674.webp,0.188753,0.0,0.1750272626207403
database1/img00001701.webp,0.002942,1.0,0.1322441892622665
database1/img00001779.webp,0.009358,1.0,0.2223280857406727
database1/img00001812.webp,0.017934,0.0,0.1072046089275936
database1/img00001859.webp,0.006232,1.0,0.1469765713461541
database1/img00001872.webp,0.094988,0.0,0.1320272796510564
database1/img00001883.webp,0.015755,0.0,0.1368871195308072
database1/img00001978.webp,0.02291,1.0,0.1500757143402467
database1/img00002013.webp,0.068771,1.0,0.1165106688625613
database1/img00002073.webp,0.265663,0.0,0.1521429501654219
database1/img00002136.webp,0.083835,0.0,0.1333949976703237
database1/img00002187.webp,0.062593,1.0,0.142045077109529
database1/img00002221.webp,0.024328,1.0,0.1339374950122834
database1/img00002227.webp,0.172367,0.0,0.1489152062196357
database1/img00002414.webp,0.290565,0.0,0.2395718807604738
database1/img00002415.webp,0.370759,0.0,0.1745096570515876
database1/img00002527.webp,0.008082,0.0,0.1230703973636238
database1/img00002649.webp,0.108227,0.0,0.1280720434366807
database1/img00002695.webp,0.191496,0.0,0.1313224108213753
database1/img00002698.webp,0.019352,0.0,0.132939494752887
database1/img00002713.webp,0.025594,1.0,0.1358309186787581
database1/img00002737.webp,0.01324,1.0,0.1316270503629082
database1/img00002813.webp,0.015997,0.0,0.1111762779445365
database1/img00002915.webp,0.059948,0.0,0.1237562264421963
database1/img00002916.webp,0.061003,0.0,0.1294874484318901
database1/img00003052.webp,0.34648,0.0,0.1534548970424656
database1/img00003146.webp,0.130163,0.0,0.0970114865987516
database1/img00003162.webp,0.193332,0.0,0.1635480804389587
database1/img00003199.webp,0.314562,0.0,0.1475257154690535
database1/img00003273.webp,0.126445,0.0,0.1640500448497611
database1/img00003300.webp,0.007141,1.0,0.1387772921989535
database1/img00003360.webp,0.008946,1.0,0.1270290669133498
database1/img00003390.webp,0.054933,0.0,0.1348650015938579
database1/img00003437.webp,0.01322,1.0,0.1137227838242897
database1/img00003452.webp,0.040754,0.0,0.1073286415307715
database1/img00003584.webp,0.23463,0.0,0.1545895147824239
database1/img00003713.webp,0.000555,1.0,0.0930300158002836
database1/img00003746.webp,0.099051,1.0,0.1389348261623036
database1/img00003877.webp,0.01258,0.0,0.1327518904371771
database1/img00003884.webp,0.091278,0.0,0.1173943419410653
database1/img00003887.webp,0.010493,1.0,0.1851315260615399
database1/img00003978.webp,0.178955,0.0,0.0898426524384565
database1/img00004026.webp,0.365443,0.0,0.1635074553065308
database1/img00004041.webp,0.094007,0.0,0.1168317939323567
database1/img00004164.webp,0.026259,1.0,0.1201224767130606
database1/img00004216.webp,0.034337,0.0,0.1177565692057909
database1/img00004261.webp,0.165876,0.0,0.1544003138256485
database1/img00004273.webp,0.156777,0.0,0.1210002355389893
database1/img00004308.webp,0.126358,0.0,0.1307691779176331
database1/img00004416.webp,0.13739,1.0,0.1253482700620409
database1/img00004426.webp,0.364242,1.0,0.1783915110955116
database1/img00004540.webp,0.140347,0.0,0.1121200959458622
database1/img00004621.webp,0.130906,0.0,0.1373074341094836
database1/img00004701.webp,0.060368,0.0,0.0977785236724489
database1/img00004841.webp,0.021785,1.0,0.1218914108950468
database1/img00004851.webp,0.058337,1.0,0.1360285904054206
database1/img00004895.webp,0.001337,1.0,0.11636225350716
database1/img00005027.webp,0.095752,1.0,0.1599811344129946
database1/img00005030.webp,0.114344,0.0,0.1391287866287996
database1/img00005095.webp,0.018419,0.0,0.1430966611007568
database1/img00005116.webp,0.107525,0.0,0.1505844419147023
database1/img00005179.webp,0.058586,1.0,0.1357835461381953
database1/img00005208.webp,0.021009,1.0,0.2273335543604393
database1/img00005271.webp,0.408256,0.0,0.1788701221622156
database1/img00005293.webp,0.043233,0.0,0.1311968349708803
database1/img00005339.webp,0.173984,0.0,0.1048385924951809
database1/img00005347.webp,0.002911,0.0,0.0871927767716073
database1/img00005361.webp,0.189098,0.0,0.1283787541200251
database1/img00005501.webp,0.145725,0.0,0.1248876529105055
database1/img00005507.webp,0.232343,0.0,0.2074118677974288
database1/img00005509.webp,0.003247,1.0,0.2085147983505065
database1/img00005522.webp,0.185571,0.0,0.1137815652550016
database1/img00005579.webp,0.037795,1.0,0.1390319763331982
database1/img00005689.webp,0.281579,0.0,0.1348250719451309
database1/img00005696.webp,0.366924,0.0,0.1971631391621671
database1/img00005723.webp,0.013358,0.0,0.1459352550968743
database1/img00005726.webp,0.041346,1.0,0.136067503615363
database1/img00005753.webp,0.009879,0.0,0.134385228020478
database1/img00005766.webp,0.177714,0.0,0.1380313796037998
database1/img00005768.webp,0.024309,1.0,0.1524897023422605
database1/img00005822.webp,0.022373,0.0,0.1079186527179374
database1/img00005851.webp,0.375359,0.0,0.1507827837325563
database1/img00005896.webp,0.063671,0.0,0.1479233785095843
database1/img00005910.webp,0.374925,0.0,0.1442309298373795
database1/img00006003.webp,0.020291,1.0,0.1341042314176347
database1/img00006021.webp,0.018409,1.0,0.2238293473145293
database1/img00006047.webp,0.105454,0.0,0.1264099161273598
database1/img00006101.webp,0.326093,0.0,0.1614050249484873
database1/img00006168.webp,0.00248,1.0,0.0978398306650833
database1/img00006196.webp,0.0412,1.0,0.1292777392963082
database1/img00006204.webp,0.331116,1.0,0.1582566594813029
database1/img00006269.webp,0.011789,1.0,0.1343242467726049
database1/img00006334.webp,0.003849,1.0,0.1030836072875851
database1/img00006414.webp,0.208227,0.0,0.1412277413899573
database1/img00006420.webp,0.026323,1.0,0.1399361023974576
database1/img00006436.webp,0.008945,1.0,0.1522198661995723
database1/img00006571.webp,0.06176,0.0,0.1154483315669317
database1/img00006576.webp,0.028441,1.0,0.1435930312248059
database1/img00006629.webp,0.000814,1.0,0.0862937236779486
database1/img00006690.webp,0.119839,0.0,0.1248308418132925
database1/img00006694.webp,0.019638,1.0,0.120230478789947
database1/img00006722.webp,0.383369,0.0,0.1863152129231914
database1/img00006757.webp,0.169654,1.0,0.1801583999449287
database1/img00007032.webp,0.079705,0.0,0.1358233227390616
database1/img00007152.webp,0.296672,0.0,0.1690422875773314
database1/img00007289.webp,0.004896,1.0,0.1451195571757912
database1/img00007329.webp,0.096683,0.0,0.1387514543340032
database1/img00007335.webp,0.012784,1.0,0.1439869860996301
database1/img00007354.webp,0.047242,0.0,0.1181561346003261
database1/img00007383.webp,0.020362,1.0,0.105071601412706
database1/img00007416.webp,0.105824,1.0,0.1468014086225945
database1/img00007435.webp,0.275659,0.0,0.2089470885370141
database1/img00007452.webp,0.091268,0.0,0.1232529356122797
database1/img00007454.webp,0.052407,1.0,0.1560950460513878
database1/img00007468.webp,0.289625,0.0,0.2016600408135635
database1/img00007470.webp,0.024029,1.0,0.2538150412643902
database1/img00007537.webp,0.023879,0.0,0.1255751106091564
database1/img00007538.webp,0.239526,0.0,0.1426662803960181
database1/img00007592.webp,0.092299,0.0,0.1313204477450617
database1/img00007663.webp,0.000453,1.0,0.1079706440911528
database1/img00007675.webp,0.145663,0.0,0.1213872459327126
database1/img00007764.webp,0.212475,0.0,0.1312660503213774
database1/img00007790.webp,0.273678,0.0,0.1684708911233685
database1/img00007837.webp,0.07434,0.0,0.1233991244623424
database1/img00007851.webp,0.187909,0.0,0.1405343408885205
database1/img00007897.webp,0.021438,1.0,0.1293137535961058
database1/img00007955.webp,0.100119,0.0,0.1277382882476709
database1/img00007965.webp,0.126287,0.0,0.1047119714661862
database1/img00008054.webp,0.125876,0.0,0.1101755786263638
database1/img00008062.webp,0.192134,0.0,0.1736967710557095
database1/img00008079.webp,0.010384,1.0,0.1273579188692986
database1/img00008191.webp,0.127108,1.0,0.1633283992281509
database1/img00008233.webp,0.03355,1.0,0.1387733430054774
database1/img00008333.webp,0.123145,0.0,0.1265805525446235
database1/img00008350.webp,0.003002,0.0,0.1012571321333244
database1/img00008419.webp,0.136366,0.0,0.136564185735505
database1/img00008444.webp,0.19563,0.0,0.1345201973875426
database1/img00008485.webp,0.153649,0.0,0.1094853726754488
database1/img00008500.webp,0.243166,1.0,0.1502898870372332
database1/img00008540.webp,0.020411,1.0,0.1361390566599998
database1/img00008619.webp,0.172849,1.0,0.1404696319272509
database1/img00008684.webp,0.116788,1.0,0.2113526723243515
database1/img00008694.webp,0.257404,1.0,0.1749210044239696
database1/img00008702.webp,0.150713,0.0,0.1285140458208607
database1/img00008778.webp,0.047436,1.0,0.1466764684940188
database1/img00008864.webp,0.142253,1.0,0.1385845447166666
database1/img00008929.webp,0.025151,1.0,0.1108514513711965
database1/img00009119.webp,0.134423,0.0,0.1305913920505002
database1/img00009131.webp,0.11769,0.0,0.1179618077778566
database1/img00009180.webp,0.22272,0.0,0.16302729177755
database1/img00009210.webp,0.133618,1.0,0.1296618155121236
database1/img00009215.webp,0.015083,1.0,0.2212167924744729
database1/img00009309.webp,0.232271,0.0,0.201269518972674
database1/img00009310.webp,0.032707,1.0,0.1499190703677443
database1/img00009395.webp,0.188981,0.0,0.1150035597880652
database1/img00009397.webp,0.022474,0.0,0.1082996771859639
database1/img00009399.webp,0.009987,1.0,0.1151455751843882
database1/img00009423.webp,0.205953,0.0,0.1367334020667392
database1/img00009521.webp,0.096612,0.0,0.1156650219657962
database1/img00009606.webp,0.062144,1.0,0.1253839926409748
database1/img00009643.webp,0.076471,0.0,0.1275019061811606
database1/img00009666.webp,0.249637,0.0,0.1362888679061017
database1/img00009740.webp,0.056754,0.0,0.1337543143494302
database1/img00009804.webp,0.00402,1.0,0.1722182143446348
database1/img00009898.webp,0.123271,0.0,0.1239720596296563
database1/img00009952.webp,0.220282,0.0,0.1528961342594731
database1/img00009963.webp,0.081114,1.0,0.1394047848224307
database1/img00010009.webp,0.161796,0.0,0.1189323166130502
database1/img00010196.webp,0.131846,0.0,0.1235022375072206
database1/img00010250.webp,0.119697,0.0,0.1718071954841436
database1/img00010353.webp,0.145055,0.0,0.1335047822985796
database1/img00010363.webp,0.133258,0.0,0.1269640503900697
database1/img00010383.webp,0.010398,1.0,0.0823931204935715
database1/img00010445.webp,0.356323,0.0,0.1404918293786616
database1/img00010509.webp,0.056891,1.0,0.1723491676208184
database1/img00010530.webp,0.091729,0.0,0.1353437534645362
database1/img00010535.webp,0.304853,0.0,0.1794201605568434
database1/img00010537.webp,0.013696,0.0,0.1401978807056333
database1/img00010580.webp,0.154987,1.0,0.1281102344217594
database1/img00010612.webp,0.334599,0.0,0.1510605118880296
database1/img00010629.webp,0.060911,0.0,0.1133951869719878
database1/img00010643.webp,0.114721,1.0,0.1250097984020446
database1/img00010674.webp,0.023709,0.0,0.1122119913723143
database1/img00010757.webp,0.206361,0.0,0.1390123868608146
database1/img00010780.webp,0.013969,0.0,0.1310480429136468
database1/img00010790.webp,0.031334,0.0,0.1179334350739571
database1/img00010806.webp,0.065196,0.0,0.1274359522500757
database1/img00010887.webp,0.081617,0.0,0.128679769787906
database1/img00010888.webp,0.233141,1.0,0.1800659791858171
database1/img00010982.webp,0.00745,1.0,0.1488834655140104
database1/img00010983.webp,0.20866,0.0,0.1353070261997297
database1/img00011118.webp,0.178597,1.0,0.217852334155155
database1/img00011128.webp,0.27358,1.0,0.1457825746770751
database1/img00011142.webp,0.28074,1.0,0.1652691869499614
database1/img00011296.webp,0.108452,1.0,0.1587251728740668
database1/img00011507.webp,0.092578,0.0,0.1131540776224351
database1/img00011516.webp,0.087323,0.0,0.1281110053579535
database1/img00011597.webp,0.091441,0.0,0.1288710459849879
database1/img00011619.webp,0.253533,0.0,0.1589177178566183
database1/img00011623.webp,0.079619,0.0,0.1179769621727585
database1/img00011711.webp,0.412517,0.0,0.188673286866814
database1/img00011737.webp,0.360567,0.0,0.1635280241259503
database1/img00011787.webp,0.009168,1.0,0.1235180039231926
database1/img00011827.webp,0.096535,0.0,0.1339505518458212
database1/img00011910.webp,0.153312,0.0,0.1233711959436775
database1/img00011946.webp,0.118833,0.0,0.1310821498021668
database1/img00011981.webp,0.044401,1.0,0.1346615035342868
database1/img00011982.webp,0.064973,1.0,0.1202200779026027
database1/img00012046.webp,0.013245,1.0,0.136802901726511
database1/img00012050.webp,0.169118,0.0,0.1253081659773647
database1/img00012055.webp,0.118938,0.0,0.1319021497916926
database1/img00012083.webp,0.105677,1.0,0.1251546719832628
database1/img00012173.webp,0.148639,0.0,0.1330836574562428
database1/img00012174.webp,0.13274,0.0,0.1296064201173688
database1/img00012175.webp,0.161502,0.0,0.1421126561781355
database1/img00012194.webp,0.057599,0.0,0.1313689465357916
database1/img00012259.webp,0.022948,1.0,0.1830023988391202
database1/img00012293.webp,0.081765,0.0,0.1337502438715528
database1/img00012367.webp,0.265563,0.0,0.168632567810554
database1/img00012402.webp,0.08769,0.0,0.1324944717306052
database1/img00012413.webp,0.178087,0.0,0.1362379601948589
database1/img00012417.webp,0.047864,1.0,0.1235404925606101
database1/img00012444.webp,0.279593,0.0,0.1497743603153592
database1/img00012509.webp,0.14518,0.0,0.1114361829597345
database1/img00012555.webp,0.159567,0.0,0.1402923174966991
database1/img00012681.webp,0.00788,1.0,0.1188588704164093
database1/img00012805.webp,0.03627,0.0,0.1306368104928904
database1/img00012844.webp,0.027729,1.0,0.1357362994056579
database1/img00012874.webp,0.002528,1.0,0.1769386579717588
database1/img00012883.webp,0.105193,1.0,0.1239983289009938
database1/img00012980.webp,0.021348,1.0,0.132532835670251
database1/img00013033.webp,0.378744,0.0,0.1732809737212008
database1/img00013074.webp,0.20406,0.0,0.170709348711136
database1/img00013089.webp,0.0,1.0,0.0995646861496976
database1/img00013099.webp,0.124905,0.0,0.1726279511737441
database1/img00013109.webp,0.255454,0.0,0.2545127170379325
database1/img00013151.webp,0.003784,1.0,0.1155070414335728
database1/img00013182.webp,0.112701,0.0,0.1255261918902293
database1/img00013213.webp,0.208104,1.0,0.1474398412200728
database1/img00013311.webp,0.021686,1.0,0.1332358433637612
database1/img00013313.webp,0.096531,0.0,0.1436233610062942
database1/img00013345.webp,0.111239,1.0,0.1412351670665801
database1/img00013392.webp,0.234015,0.0,0.1339339834563261
database1/img00013433.webp,0.013693,1.0,0.1333806204976156
database1/img00013450.webp,0.007936,1.0,0.1210182546191666
database1/img00013515.webp,0.055869,0.0,0.1265417068631353
database1/img00013591.webp,0.097683,0.0,0.1230004562368236
database1/img00013659.webp,0.005492,0.0,0.1378314528843656
database1/img00013777.webp,0.039118,0.0,0.1232223341047879
database1/img00013856.webp,0.08085,0.0,0.1535524108229366
database1/img00013896.webp,0.155239,0.0,0.1389793788317785
database1/img00013978.webp,0.216187,1.0,0.1198190006352489
database1/img00014030.webp,0.009111,0.0,0.1481389134227837
database1/img00014146.webp,0.019737,0.0,0.1313082406433248
database1/img00014277.webp,0.009327,1.0,0.1467369917874889
database1/img00014440.webp,0.313716,0.0,0.1674152146112931
database1/img00014506.webp,0.002933,0.0,0.1356517415995136
database1/img00014634.webp,0.124116,1.0,0.1357806261688692
database1/img00014645.webp,0.294956,1.0,0.1582498243792748
database1/img00014657.webp,0.009173,1.0,0.1072746483001485
database1/img00014808.webp,0.222577,0.0,0.1554154872532094
database1/img00014845.webp,0.184098,0.0,0.1396375865182978
database1/img00014912.webp,0.085464,0.0,0.1342573272098725
database1/img00014924.webp,0.071344,1.0,0.1554542942140344
database1/img00015038.webp,0.222266,1.0,0.1528525327411637
database1/img00015081.webp,0.134204,0.0,0.1808208167353146
database1/img00015348.webp,0.225921,0.0,0.1551795010449503
database1/img00015359.webp,0.033386,0.0,0.1260429043217023
database1/img00015476.webp,0.164199,0.0,0.1760651590260335
database1/img00015498.webp,0.128891,0.0,0.1186241018495208
database1/img00015505.webp,0.086803,0.0,0.1292588549177669
database1/img00015509.webp,0.096299,1.0,0.1513202111302045
database1/img00015766.webp,0.128287,0.0,0.1245470980046426
database1/img00015784.webp,0.198335,0.0,0.1290856359743767
database1/img00015947.webp,0.126497,0.0,0.128921406287305
database1/img00016004.webp,0.076385,0.0,0.1316697082237582
database1/img00016096.webp,0.018479,1.0,0.1211574976121338
database1/img00016164.webp,0.009807,1.0,0.124086865703754
database1/img00016181.webp,0.000908,1.0,0.1097946573478158
database1/img00016288.webp,0.368142,0.0,0.1758993331640677
database1/img00016296.webp,0.233928,0.0,0.1350289123115122
database1/img00016398.webp,0.070727,0.0,0.1275740600945722
database1/img00016442.webp,0.050167,0.0,0.1248533710483025
database1/img00016457.webp,0.145227,1.0,0.1344305058415167
database1/img00016490.webp,0.091022,0.0,0.1128285305252591
database1/img00016497.webp,0.144198,0.0,0.1385590123879904
database1/img00016611.webp,0.10049,0.0,0.1287039216737506
database1/img00016679.webp,0.001846,0.0,0.1320375016287641
database1/img00016886.webp,0.012909,1.0,0.1169301943807024
database1/img00016934.webp,0.076123,1.0,0.1194386282107681
database1/img00016955.webp,0.030027,1.0,0.1570796409892172
database1/img00017135.webp,0.137474,0.0,0.1298807524178435
database1/img00017144.webp,0.291437,0.0,0.1463954974475388
database1/img00017157.webp,0.097188,0.0,0.1263338940176627
database1/img00017237.webp,0.019539,0.0,0.1227406966273356
database1/img00017467.webp,0.193369,0.0,0.1591417751951416
database1/img00017485.webp,0.231654,0.0,0.2018535653954117
database1/img00017623.webp,0.273226,0.0,0.1426909754670664
database1/img00017648.webp,0.013591,1.0,0.1095937350301999
database1/img00017737.webp,0.0127,1.0,0.13008451922425
database1/img00017893.webp,0.369649,0.0,0.141793329866822
database1/img00018025.webp,0.125656,0.0,0.1201488293718942
database1/img00018042.webp,0.016056,1.0,0.1212401674025642
database1/img00018045.webp,0.096288,0.0,0.1256332211258979
database1/img00018076.webp,0.184672,1.0,0.133421050006639
database1/img00018117.webp,0.020611,0.0,0.1416744555655247
database1/img00018133.webp,0.049189,0.0,0.1312105586678046
database1/img00018173.webp,0.28192,0.0,0.1559021181708657
database1/img00018225.webp,0.130293,0.0,0.1158470203386293
database1/img00018284.webp,0.238474,0.0,0.1454103468070895
database1/img00018380.webp,0.182421,0.0,0.1249606300615131
database1/img00018422.webp,0.021826,0.0,0.1307096556841686
database1/img00018465.webp,0.041569,1.0,0.1376579947679092
database1/img00018500.webp,0.147015,0.0,0.1253357710842869
database1/img00018591.webp,0.11045,0.0,0.1483826165768076
database1/img00018619.webp,0.026771,1.0,0.1370968015353553
database1/img00018643.webp,0.14475,0.0,0.1406023245760108
database1/img00018689.webp,0.008002,0.0,0.1313756291822166
database1/img00018779.webp,0.045676,1.0,0.1239597372339412
database1/img00018873.webp,0.099329,0.0,0.1210259458340467
database1/img00018963.webp,0.0236,1.0,0.2665320225256002
database1/img00019125.webp,0.039224,1.0,0.1428324531443874
database1/img00019151.webp,0.151887,0.0,0.1673070228741158
database1/img00019162.webp,0.357571,0.0,0.1688684088309012
database1/img00019165.webp,0.070241,1.0,0.1531676305555308
database1/img00019172.webp,0.017685,0.0,0.1125405857686283
database1/img00019200.webp,0.017214,1.0,0.1238512135458191
database1/img00019353.webp,0.013152,0.0,0.1224257259774508
database1/img00019360.webp,0.02429,1.0,0.1212654493475529
database1/img00019362.webp,0.226958,0.0,0.1331475526176258
database1/img00019406.webp,0.122785,0.0,0.1242965697582981
database1/img00019511.webp,0.00639,1.0,0.1173711712557488
database1/img00019553.webp,0.097165,0.0,0.1231564550515181
database1/img00019616.webp,0.008603,1.0,0.1434129329947402
database1/img00019625.webp,0.044642,1.0,0.1536277574950426
database1/img00019811.webp,0.135181,0.0,0.1281753053657832
database1/img00019846.webp,0.085115,0.0,0.1312114170549114
database1/img00019883.webp,0.295134,0.0,0.1863441280216887
database1/img00019956.webp,0.121542,0.0,0.1280145378343594
database1/img00020019.webp,0.245216,0.0,0.1442420047596476
database1/img00020092.webp,0.229511,0.0,0.1600383328739057
database1/img00020095.webp,0.369647,0.0,0.1514487466118738
database1/img00020106.webp,0.016139,1.0,0.1100437307155187
database1/img00020280.webp,0.093764,0.0,0.1271719868605941
database1/img00020383.webp,0.174486,0.0,0.1355152476759489
database1/img00020425.webp,0.105022,0.0,0.1237884625892294
database1/img00020495.webp,0.101841,0.0,0.1290445803236233
database1/img00020506.webp,0.143822,0.0,0.1357301708460551
database1/img00020690.webp,0.113169,0.0,0.1166365677213273
database1/img00020757.webp,0.123725,0.0,0.1295110456785143
database1/img00020765.webp,0.148549,0.0,0.1282200515911976
database1/img00020799.webp,0.406729,0.0,0.1943057140952425
database1/img00020831.webp,0.0,1.0,0.0920090951771872
database1/img00020839.webp,0.164052,0.0,0.1221384355992325
database1/img00020840.webp,0.164657,0.0,0.1379471773361647
database1/img00020876.webp,0.039848,0.0,0.1299030296484327
database1/img00020958.webp,0.18413,1.0,0.1224743912137504
database1/img00021024.webp,0.011248,1.0,0.1362081596627023
database1/img00021028.webp,0.079159,0.0,0.1161109713003308
database1/img00021119.webp,0.231027,0.0,0.1116611450652603
database1/img00021174.webp,0.029653,1.0,0.1283477318267842
database1/img00021203.webp,0.100309,1.0,0.2025055607133002
database1/img00021240.webp,0.12352,0.0,0.1349125516597243
database1/img00021256.webp,0.115372,0.0,0.1246285779532437
database1/img00021294.webp,0.230757,0.0,0.1586239183328941
database1/img00021336.webp,0.216002,0.0,0.1364659489273639
database1/img00021374.webp,0.038864,0.0,0.1306643661793136
database1/img00021382.webp,0.023478,1.0,0.212718891546086
database1/img00021398.webp,0.118902,0.0,0.2361068241729867
database1/img00021523.webp,0.125539,0.0,0.1328046980890692
database1/img00021529.webp,0.020743,0.0,0.1332339862568404
database1/img00021585.webp,0.323915,0.0,0.1388199141564431
database1/img00021592.webp,0.053661,1.0,0.1420467280288236
database1/img00021620.webp,0.012103,1.0,0.140022213249112
database1/img00021622.webp,0.258145,0.0,0.1476045190623645
database1/img00021629.webp,0.347567,0.0,0.1666761484422322
database1/img00021724.webp,0.117861,0.0,0.1331110661384499
database1/img00021737.webp,0.042247,1.0,0.1297735777981363
database1/img00021763.webp,0.319156,0.0,0.195842550645682
database1/img00021881.webp,0.200485,0.0,0.1247705725850289
database1/img00021891.webp,0.158308,0.0,0.1301357795745761
database1/img00022037.webp,0.280548,0.0,0.163414913100242
database1/img00022062.webp,0.084716,1.0,0.1185468511526264
database1/img00022089.webp,0.105552,0.0,0.1285878204158445
database1/img00022098.webp,0.019455,1.0,0.1284582881318344
database1/img00022099.webp,0.017022,1.0,0.1460540011802738
database1/img00022106.webp,0.009696,1.0,0.1232770379113211
database1/img00022110.webp,0.247685,0.0,0.1881016744412657
database1/img00022174.webp,0.246505,1.0,0.1502491768460179
database1/img00022220.webp,0.197348,0.0,0.2131342234210616
database1/img00022367.webp,0.130304,0.0,0.1393678000346322
database1/img00022458.webp,0.178211,1.0,0.1033082173662335
database1/img00022462.webp,0.147091,1.0,0.1326638273567373
database1/img00022521.webp,0.025301,1.0,0.1202648637487595
database1/img00022669.webp,0.094607,1.0,0.2466115323572539
database1/img00022715.webp,0.056654,0.0,0.1083151623497671
database1/img00022789.webp,0.207616,0.0,0.1991552714215901
database1/img00022833.webp,0.037262,1.0,0.1328607473667275
database1/img00022848.webp,0.082086,0.0,0.1283956339053358
database1/img00022964.webp,0.170935,0.0,0.1385324521260548
database1/img00023014.webp,0.001544,1.0,0.2360307741552909
database1/img00023146.webp,0.103648,1.0,0.1475503137616785
database1/img00023176.webp,0.028973,1.0,0.1759657610978805
database1/img00023181.webp,0.102577,0.0,0.1361027351368113
database1/img00023337.webp,0.089515,0.0,0.1213578102117423
database1/img00023439.webp,0.005019,1.0,0.12102092755624
database1/img00023478.webp,0.105124,0.0,0.117348944997204
database1/img00023517.webp,0.050744,0.0,0.1350416021469673
database1/img00023568.webp,0.010958,1.0,0.1427987012719159
database1/img00023725.webp,0.203847,0.0,0.1289296915166483
database1/img00023876.webp,0.079286,0.0,0.122699757641482
database1/img00023903.webp,0.124474,0.0,0.1043221890363923
database1/img00024004.webp,0.151347,0.0,0.1343446282928043
database1/img00024033.webp,0.008003,1.0,0.1408453853885823
database1/img00024054.webp,0.158105,0.0,0.1293036491133689
database1/img00024075.webp,0.098827,0.0,0.1390532011234073
database1/img00024097.webp,0.056329,1.0,0.1250293633250616
database1/img00024151.webp,0.223931,0.0,0.1196477755632169
database1/img00024251.webp,0.125194,0.0,0.1279541881853005
database1/img00024286.webp,0.203387,0.0,0.1888035065106242
database1/img00024330.webp,0.039351,0.0,0.1477403982360095
database1/img00024429.webp,0.001011,1.0,0.1009973337654858
database1/img00024472.webp,0.231978,0.0,0.1481748301334132
database1/img00024480.webp,0.229159,0.0,0.1313574823452097
database1/img00024496.webp,0.010786,0.0,0.1416705695489963
database1/img00024553.webp,0.040348,1.0,0.1361589269039198
database1/img00024607.webp,0.016616,1.0,0.143248320235624
database1/img00024687.webp,0.27365,0.0,0.1536454602693803
database1/img00024753.webp,0.192923,0.0,0.1414999477107851
database1/img00024774.webp,0.053221,0.0,0.1277512943950041
database1/img00025064.webp,0.015037,0.0,0.1127405503127447
database1/img00025075.webp,0.298755,0.0,0.1621480144745397
database1/img00025133.webp,0.155681,1.0,0.1369398232488842
database1/img00025166.webp,0.014644,0.0,0.1341699725131882
database1/img00025308.webp,0.026547,1.0,0.1326499180815794
database1/img00025347.webp,0.003317,1.0,0.1384502592759189
database1/img00025392.webp,0.084647,0.0,0.1308429919015552
database1/img00025465.webp,0.083236,0.0,0.1634002576220533
database1/img00025509.webp,0.003962,0.0,0.141303425835064
database1/img00025534.webp,0.073372,0.0,0.1228853795298818
database1/img00025566.webp,0.059194,1.0,0.1411561548186597
database1/img00025641.webp,0.045629,1.0,0.1432383628652935
database1/img00025678.webp,0.113275,0.0,0.1330402758357438
database1/img00025969.webp,0.033245,1.0,0.1299667547303356
database1/img00026052.webp,0.217685,0.0,0.134852967464981
database1/img00026073.webp,0.052874,0.0,0.1222927534756295
database1/img00026088.webp,0.15625,0.0,0.1395920857463845
database1/img00026103.webp,0.013345,1.0,0.1479214092580162
database1/img00026169.webp,0.063574,1.0,0.1634846054615127
database1/img00026178.webp,0.317092,0.0,0.1567923740328227
database1/img00026249.webp,0.008453,1.0,0.1438529066050679
database1/img00026281.webp,0.219012,1.0,0.1445196917757445
database1/img00026282.webp,0.011198,1.0,0.1411942433908632
database1/img00026305.webp,0.138547,1.0,0.1425209234923777
database1/img00026333.webp,0.154155,0.0,0.1268609479255905
database1/img00026341.webp,0.145098,0.0,0.2266801681440794
database1/img00026380.webp,0.102089,0.0,0.1386492831691255
database1/img00026418.webp,0.030072,1.0,0.1257443807043121
database1/img00026462.webp,0.007743,0.0,0.1300800359856613
database1/img00026473.webp,0.0,1.0,0.1209319848098974
database1/img00026493.webp,0.222605,0.0,0.132114961352775
database1/img00026505.webp,0.024604,1.0,0.1479363144067204
database1/img00026554.webp,0.005176,1.0,0.1374197798570272
database1/img00026653.webp,0.0,0.0,0.0870326878576156
database1/img00026673.webp,0.305916,0.0,0.1433526356597237
database1/img00026714.webp,0.210407,0.0,0.1386874134307608
database1/img00026908.webp,0.046474,0.0,0.1279657193851405
database1/img00027013.webp,0.003769,0.0,0.1183765462772012
database1/img00027032.webp,0.007456,0.0,0.1435478824738177
database1/img00027062.webp,0.046983,1.0,0.1253371718079563
database1/img00027147.webp,0.083316,1.0,0.1529830654687953
database1/img00027201.webp,0.173566,0.0,0.1326030019028873
database1/img00027213.webp,0.102301,0.0,0.1326006084741208
database1/img00027267.webp,0.025949,0.0,0.1295253773439132
database1/img00027278.webp,0.04282,0.0,0.1305466947094042
database1/img00027291.webp,0.037481,1.0,0.1436622446143023
database1/img00027300.webp,0.162757,0.0,0.1334249428408876
database1/img00027329.webp,0.120534,0.0,0.0961383256765483
database1/img00027355.webp,0.012954,0.0,0.1323375607475335
database1/img00027400.webp,0.093064,1.0,0.2746154037925379
database1/img00027672.webp,0.024684,0.0,0.1250251719445774
database1/img00027691.webp,0.263468,1.0,0.1634319084499098
database1/img00027708.webp,0.011879,1.0,0.1702698561405552
database1/img00027826.webp,0.008279,1.0,0.1288637059094234
database1/img00027870.webp,0.156292,0.0,0.1399683864201401
database1/img00027888.webp,0.010368,1.0,0.1393741330255389
database1/img00027943.webp,0.005057,1.0,0.1512566462444591
database1/img00027980.webp,0.1488,0.0,0.1333819872576764
database1/img00028069.webp,0.00506,1.0,0.1454941543406809
database1/img00028087.webp,0.001205,1.0,0.0926903743880983
database1/img00028101.webp,0.0173,1.0,0.1257445079207438
database1/img00028174.webp,0.122309,0.0,0.1292595356483795
database1/img00028222.webp,0.107143,0.0,0.1242034890995548
database1/img00028224.webp,0.146398,0.0,0.1480178806633845
database1/img00028300.webp,0.012183,0.0,0.1274179813681424
database1/img00028356.webp,0.152613,0.0,0.1081762543780105
database1/img00028517.webp,0.382837,0.0,0.1659313932254453
database1/img00028551.webp,0.203166,0.0,0.1797364967525095
database1/img00028578.webp,0.061325,0.0,0.1228271029599304
database1/img00028581.webp,0.020189,1.0,0.1237111008469653
database1/img00028723.webp,0.12276,0.0,0.1386067200482951
database1/img00028742.webp,0.061928,0.0,0.1110197409903051
database1/img00028757.webp,0.031527,1.0,0.1386891778013629
database1/img00028784.webp,0.01652,0.0,0.1273230943480038
database1/img00028843.webp,0.045216,1.0,0.1651325547127115
database1/img00028942.webp,0.085705,0.0,0.1113324935802536
database1/img00029059.webp,0.201976,0.0,0.1372715921225132
database1/img00029154.webp,0.027398,0.0,0.1973577231653984
database1/img00029252.webp,0.011317,1.0,0.1401526102144866
database1/img00029315.webp,0.223811,0.0,0.1552927534564654
database1/img00029326.webp,0.073163,0.0,0.1162659829755301
database1/img00029393.webp,0.181547,0.0,0.1329914130160609
database1/img00029479.webp,0.172507,1.0,0.1517796115048293
database1/img00029527.webp,9.6e-05,1.0,0.0927451503816171
database1/img00029586.webp,0.049823,0.0,0.1338587327878325
database1/img00029691.webp,0.030185,1.0,0.1480332489928215
database1/img00029706.webp,0.21533,1.0,0.2876677267542205
database1/img00029758.webp,0.113217,0.0,0.1266889664343659
database1/img00029778.webp,0.154551,0.0,0.1632583873859262
database1/img00029960.webp,0.383842,0.0,0.1642307316208046
database2/database2/test/148.webp,0.048036,1.0,0.1286014758279417
database2/database2/test/190.webp,0.086509,1.0,0.2203133271169438
database2/database2/test/216.webp,0.245817,0.0,0.124319926097093
database2/database2/test/232.webp,0.275174,0.0,0.1297623031268397
database2/database2/test/239.webp,0.175156,0.0,0.1583948416186935
database2/database2/test/266.webp,0.213241,0.0,0.139530698186122
database2/database2/test/34.webp,0.050154,0.0,0.1103810003795547
database2/database2/test/453.webp,0.089504,1.0,0.0859709325936049
database2/database2/test/472.webp,0.226614,1.0,0.1739839515486663
database2/database2/test/91.webp,0.465517,1.0,0.1451709656366273
database2/database2/train/1009.webp,0.104761,1.0,0.151278535956395
database2/database2/train/1240.webp,0.146101,0.0,0.1382434839884679
database2/database2/train/1258.webp,0.246853,0.0,0.2959736017878716
database2/database2/train/127.webp,0.075508,0.0,0.1060590041745332
database2/database2/train/1279.webp,0.000502,1.0,0.2217194818678597
database2/database2/train/1311.webp,0.172932,1.0,0.308265662816966
database2/database2/train/174.webp,0.051776,1.0,0.2863413551949518
database2/database2/train/203.webp,0.050641,1.0,0.1414063681571183
database2/database2/train/219.webp,0.142928,0.0,0.147882787462196
database2/database2/train/233.webp,0.281943,1.0,0.1619757619022778
database2/database2/train/26.webp,0.011878,0.0,0.1142024306939337
database2/database2/train/34.webp,0.095641,0.0,0.1306232939693508
database2/database2/train/433.webp,0.036418,1.0,0.1429462622632993
database2/database2/train/436.webp,0.026337,1.0,0.1105374000647074
database2/database2/train/515.webp,0.012181,1.0,0.130456741483366
database2/database2/train/547.webp,0.0,1.0,0.08498051673472
database2/database2/train/613.webp,0.048432,0.0,0.1159801160708818
database2/database2/train/624.webp,0.123039,1.0,0.2042731549134483
database2/database2/train/650.webp,0.113219,0.0,0.1272924337519153
database2/database2/train/766.webp,0.167917,0.0,0.168220513922738
database2/database2/train/814.webp,0.3,0.0,0.1715168693910488
database2/database2/train/846.webp,0.020085,1.0,0.1410809517815246
database2/database2/train/900.webp,0.417188,1.0,0.1525658522228951
database2/database2/train/928.webp,0.09983,0.0,0.133612652976822
database2/database2/train/97.webp,0.048559,1.0,0.145346669381566
database2/database2/train/992.webp,0.32608,0.0,0.1630474584139752
database3/database3/m.0109kg/59-FaceId-0_align.webp,0.264823,0.0,0.1630280124544623
database3/database3/m.010bk0/59-FaceId-0_align.webp,0.021845,1.0,0.2236411524640422
database3/database3/m.010ngb/60-FaceId-0_align.webp,0.012915,1.0,0.1176718297628585
database3/database3/m.010p3/45-FaceId-0_align.webp,0.01465,1.0,0.1514026719989545
database3/database3/m.010p3/69-FaceId-0_align.webp,0.027584,1.0,0.1405190920319343
database3/database3/m.010p3/82-FaceId-0_align.webp,0.013896,1.0,0.1224151020017846
database3/database3/m.010wty2t/83-FaceId-1_align.webp,0.168202,1.0,0.2062661701907348
database3/database3/m.0112yl/20-FaceId-0_align.webp,0.035573,1.0,0.1656338104008567
database3/database3/m.01167d3z/34-FaceId-0_align.webp,0.37993,1.0,0.1735594347572226
database3/database3/m.01167d3z/74-FaceId-0_align.webp,0.319357,1.0,0.160349440790435
database3/database3/m.011_0k/17-FaceId-0_align.webp,0.022011,1.0,0.1306236355611026
database3/database3/m.011_0k/3-FaceId-0_align.webp,0.017225,1.0,0.1443206484727098
database3/database3/m.011_0k/43-FaceId-0_align.webp,0.025252,1.0,0.1379758643653626
database3/database3/m.011_0k/77-FaceId-0_align.webp,0.126436,1.0,0.268054954097027
database3/database3/m.011_2h/101-FaceId-0_align.webp,0.183945,0.0,0.1573636414667523
database3/database3/m.011_2h/18-FaceId-0_align.webp,0.139464,0.0,0.209438863764844
database3/database3/m.011_2h/21-FaceId-0_align.webp,0.028243,0.0,0.1387785661708205
database3/database3/m.011_3d/107-FaceId-0_align.webp,0.091414,1.0,0.1533140035526127
database3/database3/m.011_3d/31-FaceId-0_align.webp,0.156269,1.0,0.1466784676287404
database3/database3/m.011_3d/35-FaceId-0_align.webp,0.154662,1.0,0.2696610386915901
database3/database3/m.011_3s/106-FaceId-0_align.webp,0.132155,0.0,0.1468470070131083
database3/database3/m.011_3s/93-FaceId-0_align.webp,0.255275,0.0,0.1754074863284442
database3/database3/m.011_8/14-FaceId-0_align.webp,0.108434,1.0,0.1359947856655836
database3/database3/m.011_nf/83-FaceId-0_align.webp,0.036792,1.0,0.1337714670701847
database3/database3/m.011_pk/73-FaceId-0_align.webp,0.106935,1.0,0.1618185054116113
database3/database3/m.011_pk/98-FaceId-0_align.webp,0.021278,1.0,0.1007637137919652
database3/database3/m.011_r9/15-FaceId-0_align.webp,0.000453,1.0,0.1151298559954726
database3/database3/m.011_r9/35-FaceId-0_align.webp,0.0,1.0,0.0807056967085666
database3/database3/m.011h_w/16-FaceId-0_align.webp,0.023388,1.0,0.2143487185857873
database3/database3/m.011h_w/57-FaceId-0_align.webp,0.034974,1.0,0.1709214944174471
database3/database3/m.011hdn/3-FaceId-0_align.webp,0.144586,1.0,0.2054438044249767
database3/database3/m.011hm1/28-FaceId-0_align.webp,0.045589,0.0,0.1646876901448846
database3/database3/m.011hm1/59-FaceId-0_align.webp,0.308314,0.0,0.1356976400661557
database3/database3/m.011hmd/24-FaceId-0_align.webp,0.029049,1.0,0.1867178279124976
database3/database3/m.011jfg/102-FaceId-0_align.webp,0.016853,0.0,0.1326319971832926
database3/database3/m.011jfg/64-FaceId-0_align.webp,0.014724,0.0,0.1394733093421452
database3/database3/m.011kd9/42-FaceId-0_align.webp,0.092666,1.0,0.0
database3/database3/m.011kd9/48-FaceId-0_align.webp,0.021031,1.0,0.2150750158986038
database3/database3/m.011l17/115-FaceId-0_align.webp,0.008147,1.0,0.1104682223319801
database3/database3/m.011l17/73-FaceId-0_align.webp,0.013848,1.0,0.1436855526807101
database3/database3/m.011l17/78-FaceId-0_align.webp,0.000371,1.0,0.1208124586117071
database3/database3/m.011lf5/30-FaceId-0_align.webp,0.003745,1.0,0.1284165121403501
database3/database3/m.011lhy/14-FaceId-0_align.webp,0.06605,1.0,0.0959349897217885
database3/database3/m.011m1y/65-FaceId-0_align.webp,0.010331,1.0,0.1958611224727284
database3/database3/m.011m1y/93-FaceId-0_align.webp,0.010174,1.0,0.1161215226677322
database3/database3/m.011m33/35-FaceId-0_align.webp,0.10764,0.0,0.1200456385325763
database3/database3/m.011m33/96-FaceId-0_align.webp,0.077455,0.0,0.1555499788358501
database3/database3/m.011m33/98-FaceId-0_align.webp,0.093352,0.0,0.1780985819055259
database3/database3/m.011p3/100-FaceId-0_align.webp,0.261068,0.0,0.1762575081262319
database3/database3/m.011p3/38-FaceId-0_align.webp,0.260325,0.0,0.126826564918595
database3/database3/m.011qm2/8-FaceId-0_align.webp,0.02115,1.0,0.1239577143608859
database3/database3/m.011w1b/4-FaceId-0_align.webp,0.011173,0.0,0.1310281364151369
database3/database3/m.011w1b/5-FaceId-0_align.webp,0.149673,0.0,0.1334809184753765
database3/database3/m.011w1b/65-FaceId-0_align.webp,0.028609,0.0,0.1276623301141499
database3/database3/m.011w1b/75-FaceId-0_align.webp,0.102741,0.0,0.1502465402304922
database3/database3/m.011xgp/24-FaceId-0_align.webp,0.060348,1.0,0.1410340184143878
database3/database3/m.011xgp/72-FaceId-0_align.webp,0.024118,1.0,0.1687304792164049
database3/database3/m.011xjd/62-FaceId-0_align.webp,0.025855,1.0,0.1478790914793573
database3/database3/m.011xl3/35-FaceId-0_align.webp,0.101991,1.0,0.1533356748452009
database3/database3/m.011xl3/86-FaceId-0_align.webp,0.095741,1.0,0.2262917253282511
database3/database3/m.011xl3/92-FaceId-0_align.webp,0.15032,1.0,0.154992717589859
database3/database3/m.011xl3/99-FaceId-0_align.webp,0.04585,1.0,0.1299427152834245
database3/database3/m.011xll/89-FaceId-0_align.webp,0.057752,1.0,0.2011207794298073
database3/database3/m.011ybj/52-FaceId-0_align.webp,0.042728,1.0,0.1266870969398227
database3/database3/m.011ybj/61-FaceId-0_align.webp,0.033422,1.0,0.1158775084809866
database3/database3/m.011yx0/17-FaceId-0_align.webp,0.03676,1.0,0.1336498963498165
database3/database3/m.011yx0/7-FaceId-0_align.webp,0.025923,1.0,0.1243936319128263
database3/database3/m.011z69/22-FaceId-0_align.webp,0.003956,1.0,0.0965661899011758
database3/database3/m.011z69/27-FaceId-0_align.webp,0.057013,1.0,0.1077012546497932
database3/database3/m.011z69/67-FaceId-0_align.webp,0.026898,1.0,0.124261369501427
database3/database3/m.011zfk/22-FaceId-0_align.webp,0.214757,1.0,0.1024847124609671
database3/database3/m.011zfz/75-FaceId-0_align.webp,0.159958,0.0,0.1414974147436771
database3/database3/m.011zg9/22-FaceId-0_align.webp,0.107141,0.0,0.1191367505432525
database3/database3/m.011zg9/39-FaceId-0_align.webp,0.053582,0.0,0.118787589944575
database3/database3/m.011zgs/52-FaceId-0_align.webp,0.127677,0.0,0.2657435250298145
database3/database3/m.011zkh/84-FaceId-0_align.webp,0.008351,1.0,0.1206340643831034
database3/database3/m.011zwl/37-FaceId-0_align.webp,0.073722,1.0,0.1220430711015932
database3/database3/m.01200d/24-FaceId-0_align.webp,0.036817,1.0,0.1055338940645855
database3/database3/m.01200d/80-FaceId-0_align.webp,0.017066,1.0,0.1135777792005064
database3/database3/m.012052/1-FaceId-0_align.webp,0.109494,1.0,0.1281602587973577
database3/database3/m.012052/30-FaceId-0_align.webp,0.193814,1.0,0.2777382087125265
database3/database3/m.012052/63-FaceId-0_align.webp,0.135953,1.0,0.1623264202454734
database3/database3/m.0122lq/12-FaceId-0_align.webp,0.034174,1.0,0.1079854037487576
database3/database3/m.0122lq/62-FaceId-0_align.webp,0.002899,1.0,0.1829777516087494
database3/database3/m.0122lq/73-FaceId-0_align.webp,0.026793,1.0,0.1200966702565697
database3/database3/m.0122m5/94-FaceId-0_align.webp,0.003731,1.0,0.1827391431921
database3/database3/m.01233w/1-FaceId-0_align.webp,0.049894,1.0,0.1131065912835517
database3/database3/m.01233w/25-FaceId-0_align.webp,0.043404,1.0,0.138451684495433
database3/database3/m.01239/57-FaceId-0_align.webp,0.01656,1.0,0.1471991683048796
database3/database3/m.01239/68-FaceId-0_align.webp,0.012855,1.0,0.1297389380427101
database3/database3/m.0123x2/101-FaceId-0_align.webp,0.244668,1.0,0.1527790651385859
database3/database3/m.01241v/54-FaceId-0_align.webp,0.010871,1.0,0.1137282297356868
database3/database3/m.0124t/70-FaceId-0_align.webp,0.066352,0.0,0.197821883829141
database3/database3/m.01257s/41-FaceId-1_align.webp,0.025408,1.0,0.1294125937935695
database3/database3/m.0126rp/46-FaceId-0_align.webp,0.064149,1.0,0.1197724428960631
database3/database3/m.0126rp/48-FaceId-0_align.webp,0.020111,1.0,0.1222347727521676
database3/database3/m.0126y2/49-FaceId-0_align.webp,0.042913,1.0,0.1273314515693141
database3/database3/m.0126y2/81-FaceId-0_align.webp,0.011658,1.0,0.2159858704011803
database3/database3/m.0126y2/92-FaceId-0_align.webp,0.2594,1.0,0.1793315510193399
database3/database3/m.01270s/15-FaceId-0_align.webp,0.00523,1.0,0.0989769224357897
database3/database3/m.01270s/43-FaceId-0_align.webp,0.024273,1.0,0.1286124910768132
database3/database3/m.01271_/40-FaceId-0_align.webp,0.046844,0.0,0.1372599448517764
database3/database3/m.01271_/42-FaceId-0_align.webp,0.082785,0.0,0.1622220371188933
database3/database3/m.01271_/92-FaceId-0_align.webp,0.131196,0.0,0.1350421502989468
database3/database3/m.0127fx/6-FaceId-0_align.webp,0.010653,1.0,0.1259905060641872
database3/database3/m.0127gn/12-FaceId-0_align.webp,0.02417,1.0,0.1109663749911467
database3/database3/m.0127tk/114-FaceId-0_align.webp,0.088119,1.0,0.1176667721194414
database3/database3/m.0127tk/121-FaceId-0_align.webp,0.110272,1.0,0.1439021287314621
database3/database3/m.0127tk/32-FaceId-0_align.webp,0.044592,1.0,0.1295364959935266
database3/database3/m.0127tk/61-FaceId-0_align.webp,0.157887,1.0,0.145870986010801
database3/database3/m.0127tk/75-FaceId-0_align.webp,0.118857,1.0,0.1434167782410149
database3/database3/m.0127tk/83-FaceId-0_align.webp,0.180049,1.0,0.1311438214089164
database3/database3/m.0127zt/62-FaceId-0_align.webp,0.099007,0.0,0.137636372926251
database3/database3/m.012801/76-FaceId-0_align.webp,0.060329,1.0,0.1255932967561199
database3/database3/m.012981/36-FaceId-0_align.webp,0.038673,1.0,0.1171951368996588
database3/database3/m.012_53/112-FaceId-0_align.webp,0.081654,0.0,0.1222259814607968
database3/database3/m.012_53/73-FaceId-0_align.webp,0.056783,0.0,0.1260646428485882
database3/database3/m.012_jj/10-FaceId-0_align.webp,0.005143,1.0,0.1162556633592337
database3/database3/m.012_jj/103-FaceId-0_align.webp,0.04174,1.0,0.0922538369295673
database3/database3/m.012_jj/83-FaceId-0_align.webp,0.123978,1.0,0.1199111608878853
database3/database3/m.012c6j/57-FaceId-0_align.webp,0.0,1.0,0.07107478329482
database3/database3/m.012c6x/43-FaceId-0_align.webp,0.000386,1.0,0.1554724966814867
database3/database3/m.012c8f/13-FaceId-0_align.webp,0.010098,1.0,0.1379161835207252
database3/database3/m.012c8f/85-FaceId-0_align.webp,0.121074,1.0,0.2315587910359459
database3/database3/m.012ck8/1-FaceId-0_align.webp,0.250793,0.0,0.2073397141936263
database3/database3/m.012cm5/19-FaceId-0_align.webp,0.050828,1.0,0.1258198848872735
database3/database3/m.012cm5/75-FaceId-0_align.webp,0.032775,1.0,0.0778788594346296
database3/database3/m.012cm5/90-FaceId-0_align.webp,0.082057,1.0,0.1422008394620809
database3/database3/m.012cnn/11-FaceId-0_align.webp,0.107545,0.0,0.1134753746080771
database3/database3/m.012cph/108-FaceId-0_align.webp,0.01551,1.0,0.1134402638277813
database3/database3/m.012cph/17-FaceId-0_align.webp,0.005549,1.0,0.1536877891184042
database3/database3/m.012cph/68-FaceId-0_align.webp,0.017584,1.0,0.1578890160698517
database3/database3/m.012cyp/33-FaceId-0_align.webp,0.012748,0.0,0.1100260276612574
database3/database3/m.012cyp/43-FaceId-0_align.webp,0.207358,0.0,0.1290229731581548
database3/database3/m.012cyp/7-FaceId-0_align.webp,0.030272,0.0,0.1157431579333507
database3/database3/m.012czd/35-FaceId-0_align.webp,0.035058,0.0,0.1033394611566574
database3/database3/m.012czd/90-FaceId-0_align.webp,0.001711,0.0,0.1366006367273224
database3/database3/m.012dtw/86-FaceId-0_align.webp,0.075626,1.0,0.1642394606100871
database3/database3/m.012fgx/58-FaceId-0_align.webp,0.039289,1.0,0.112588691691404
database3/database3/m.012g8l/75-FaceId-0_align.webp,0.015517,1.0,0.1552358242053503
database3/database3/m.012gbb/1-FaceId-0_align.webp,0.057132,0.0,0.1501317846731492
database3/database3/m.012gbb/104-FaceId-0_align.webp,0.023381,0.0,0.1224136342785038
database3/database3/m.012gbb/86-FaceId-0_align.webp,0.070682,0.0,0.148603344149637
database3/database3/m.012gdw/54-FaceId-0_align.webp,0.06697,1.0,0.1062667720539193
database3/database3/m.012gl8/17-FaceId-0_align.webp,0.06567,0.0,0.1308872102600269
database3/database3/m.012gl8/38-FaceId-0_align.webp,0.063039,0.0,0.1295637434263012
database3/database3/m.012gq6/33-FaceId-0_align.webp,0.016946,1.0,0.1079807341950238
database3/database3/m.012gr9/29-FaceId-0_align.webp,0.156273,0.0,0.1667932470079012
database3/database3/m.012gx2/64-FaceId-0_align.webp,0.000577,1.0,0.1143839480359938
database3/database3/m.012gx2/77-FaceId-0_align.webp,0.126437,1.0,0.1546686413013847
database3/database3/m.012gx2/8-FaceId-0_align.webp,0.019361,1.0,0.1017381997489093
database3/database3/m.012gx2/99-FaceId-0_align.webp,0.025003,1.0,0.1414259079967244
database3/database3/m.012h65/109-FaceId-0_align.webp,0.210562,1.0,0.3054949257778576
database3/database3/m.012hqb/33-FaceId-0_align.webp,0.004406,1.0,0.1539713205783102
database3/database3/m.012hr4/21-FaceId-0_align.webp,0.126033,1.0,0.1301345584117487
database3/database3/m.012hr4/67-FaceId-0_align.webp,0.183915,1.0,0.1264688234743834
database3/database3/m.012hr4/74-FaceId-0_align.webp,0.037244,1.0,0.1304715105354502
database3/database3/m.012hsb/101-FaceId-0_align.webp,0.192286,1.0,0.1249407691823953
database3/database3/m.012hsb/74-FaceId-0_align.webp,0.057902,1.0,0.136351587241408
database3/database3/m.012hz4/77-FaceId-0_align.webp,0.118119,0.0,0.179938409220421
database3/database3/m.012j2r/108-FaceId-0_align.webp,0.027644,1.0,0.1104043209334003
database3/database3/m.012j2r/38-FaceId-0_align.webp,0.010758,1.0,0.1300153734444376
database3/database3/m.012j2r/9-FaceId-0_align.webp,0.029992,1.0,0.1119480638838398
database3/database3/m.012kdb/7-FaceId-0_align.webp,0.154185,0.0,0.1313832612206653
database3/database3/m.012kk4/31-FaceId-1_align.webp,0.026924,1.0,0.1491777994745156
database3/database3/m.012l22/20-FaceId-0_align.webp,0.182682,1.0,0.2611827890472004
database3/database3/m.012l22/56-FaceId-0_align.webp,0.079127,1.0,0.2204622550815102
database3/database3/m.012lyg/82-FaceId-0_align.webp,0.015571,1.0,0.108610396486267
database3/database3/m.012m1c/109-FaceId-0_align.webp,0.052592,0.0,0.1235529765430259
database3/database3/m.012m1c/113-FaceId-0_align.webp,0.018979,0.0,0.1271280273415253
database3/database3/m.012m1c/56-FaceId-0_align.webp,0.076711,0.0,0.0987264374184707
database3/database3/m.012m7r/99-FaceId-0_align.webp,0.002972,1.0,0.2062695119106093
database3/database3/m.012mh_/3-FaceId-0_align.webp,0.065168,1.0,0.1197062812834094
database3/database3/m.012mh_/6-FaceId-0_align.webp,0.002681,1.0,0.105995345813373
database3/database3/m.012mk7/90-FaceId-0_align.webp,0.032433,1.0,0.1072671781211861
database3/database3/m.012ml0/96-FaceId-0_align.webp,0.031451,1.0,0.1175426741119818
database3/database3/m.012mmb/47-FaceId-0_align.webp,0.146313,0.0,0.1731390433233212
database3/database3/m.012mn4/43-FaceId-0_align.webp,0.005783,1.0,0.1325169235410415
database3/database3/m.012nry/108-FaceId-0_align.webp,0.006878,1.0,0.0928928326404823
database3/database3/m.012nry/28-FaceId-0_align.webp,0.006764,1.0,0.1694244063406376
database3/database3/m.012nry/3-FaceId-0_align.webp,0.008173,1.0,0.1288227643113879
database3/database3/m.012nry/57-FaceId-0_align.webp,0.00436,1.0,0.1376725353706582
database3/database3/m.012pjh/2-FaceId-0_align.webp,0.0,1.0,0.1303728927683363
database3/database3/m.012q4n/50-FaceId-0_align.webp,0.004622,1.0,0.265618301127615
database3/database3/m.012qfw/20-FaceId-1_align.webp,0.162552,0.0,0.1059682180969828
database3/database3/m.012qfw/41-FaceId-0_align.webp,0.211858,0.0,0.1084065980943896
database3/database3/m.012qgc/82-FaceId-0_align.webp,0.002042,1.0,0.1381734376466101
database3/database3/m.012rng/35-FaceId-0_align.webp,0.036379,1.0,0.1817800951742148
database3/database3/m.012rng/47-FaceId-0_align.webp,0.022161,1.0,0.3764622745065855
database3/database3/m.012rng/48-FaceId-0_align.webp,0.01786,1.0,0.124879725499493
database3/database3/m.012rth/93-FaceId-0_align.webp,0.046323,1.0,0.3187716727200206
database3/database3/m.012s1x/11-FaceId-0_align.webp,0.049377,1.0,0.1319341581930501
database3/database3/m.012s5j/122-FaceId-0_align.webp,0.205872,0.0,0.1668529404843309
database3/database3/m.012s9f/0-FaceId-0_align.webp,0.000412,1.0,0.1037594503143425
database3/database3/m.012st7/14-FaceId-0_align.webp,0.003821,1.0,0.1875430328450585
database3/database3/m.012t1d/17-FaceId-0_align.webp,0.167599,1.0,0.1196303724508459
database3/database3/m.012t1d/37-FaceId-0_align.webp,0.016467,1.0,0.1267047142822325
database3/database3/m.012t1d/80-FaceId-0_align.webp,0.014504,1.0,0.1692040263382723
database3/database3/m.012t3l/22-FaceId-0_align.webp,0.012766,1.0,0.0
database3/database3/m.012t7s/3-FaceId-0_align.webp,0.014581,1.0,0.1110868113304396
database3/database3/m.012tmz/123-FaceId-0_align.webp,0.001629,1.0,0.1062033607000642
database3/database3/m.012v1t/29-FaceId-0_align.webp,0.118114,0.0,0.1248403046939978
database3/database3/m.012v1t/67-FaceId-0_align.webp,0.072956,0.0,0.1210884544501516
database3/database3/m.012v1t/93-FaceId-0_align.webp,0.033657,0.0,0.1263918909150433
database3/database3/m.012vby/3-FaceId-0_align.webp,0.002151,1.0,0.164457976741864
database3/database3/m.012vby/36-FaceId-0_align.webp,0.0,1.0,0.2193148939921417
database3/database3/m.012vd6/49-FaceId-0_align.webp,0.124288,0.0,0.1517646926852106
database3/database3/m.012vd6/5-FaceId-0_align.webp,0.104381,0.0,0.1258317169630098
database3/database3/m.012vd6/75-FaceId-1_align.webp,0.054381,0.0,0.1604171324750392
database3/database3/m.012vf6/90-FaceId-0_align.webp,0.069167,0.0,0.1476080799560765
database3/database3/m.012vhn/10-FaceId-0_align.webp,0.009813,1.0,0.1088341129865281
database3/database3/m.012vhn/4-FaceId-0_align.webp,0.005793,1.0,0.0657799452209977
database3/database3/m.012vq0/30-FaceId-0_align.webp,0.028246,1.0,0.1222271165060819
database3/database3/m.012vq0/67-FaceId-0_align.webp,0.017872,1.0,0.1335926284641954
database3/database3/m.012vqh/80-FaceId-0_align.webp,0.078239,0.0,0.1776747543799586
database3/database3/m.012w05/52-FaceId-0_align.webp,0.000408,1.0,0.1318965299489204
database3/database3/m.012w3k/19-FaceId-0_align.webp,0.109411,1.0,0.1799380637386776
database3/database3/m.012w3k/33-FaceId-0_align.webp,0.07009,1.0,0.1312907145162642
database3/database3/m.012w3k/4-FaceId-0_align.webp,0.071086,1.0,0.1458322441308033
database3/database3/m.012wfh/73-FaceId-0_align.webp,0.055456,0.0,0.2053175075539189
database3/database3/m.012wfh/77-FaceId-0_align.webp,0.055,0.0,0.1295110237259975
database3/database3/m.012wgv/56-FaceId-0_align.webp,0.072911,1.0,0.1414714609835901
database3/database3/m.012x2b/18-FaceId-0_align.webp,0.0,1.0,0.1433957311995821
database3/database3/m.012x2b/46-FaceId-0_align.webp,0.039092,1.0,0.1331373875261423
database3/database3/m.012x2b/54-FaceId-0_align.webp,0.049838,1.0,0.1181111502004536
database3/database3/m.012x2b/72-FaceId-0_align.webp,0.008788,1.0,0.116545440352713
database3/database3/m.012x5/81-FaceId-0_align.webp,0.058123,0.0,0.1424148258176555
database3/database3/m.012xdy/81-FaceId-0_align.webp,0.012382,1.0,0.1513586677567144
database3/database3/m.012xls/57-FaceId-0_align.webp,0.114584,1.0,0.3998992997286423
database3/database3/m.012xls/70-FaceId-0_align.webp,0.126797,1.0,0.1003431377526259
database3/database3/m.012xls/74-FaceId-0_align.webp,0.018384,1.0,0.3196321521506864
database3/database3/m.012y1h/86-FaceId-0_align.webp,0.123838,1.0,0.1606601111260373
database3/database3/m.012ycy/16-FaceId-0_align.webp,0.002336,1.0,0.1513459303633961
database3/database3/m.012ycy/21-FaceId-0_align.webp,0.164069,1.0,0.1370138029069784
database3/database3/m.012ycy/73-FaceId-0_align.webp,0.017165,1.0,0.1441874793788755
database3/database3/m.012ycy/99-FaceId-0_align.webp,0.136797,1.0,0.0696509551487178
database3/database3/m.012yg1/19-FaceId-0_align.webp,0.003406,1.0,0.2128073374420926
database3/database3/m.012yg1/21-FaceId-0_align.webp,0.007301,1.0,0.1590430350647661
database3/database3/m.012yg1/66-FaceId-0_align.webp,0.007466,1.0,0.1786820395286739
database3/database3/m.012yhd/22-FaceId-0_align.webp,0.043044,1.0,0.1499522669429264
database3/database3/m.012yhd/41-FaceId-0_align.webp,0.014599,1.0,0.1493806626706733
database3/database3/m.012yhd/87-FaceId-0_align.webp,0.016417,1.0,0.1587918581841266
database3/database3/m.012ysy/40-FaceId-0_align.webp,0.005784,1.0,0.1337961940433061
database3/database3/m.012yxk/51-FaceId-0_align.webp,0.111796,1.0,0.1703095563200297
database3/database3/m.012z8_/39-FaceId-0_align.webp,0.076699,1.0,0.1054894960523413
database3/database3/m.012zrl/119-FaceId-0_align.webp,0.19435,0.0,0.1056026197320088
database3/database3/m.012zrl/22-FaceId-0_align.webp,0.184216,0.0,0.1391626112945457
database3/database3/m.012zrl/34-FaceId-0_align.webp,0.221002,0.0,0.1864565693218595
database3/database3/m.01300z/111-FaceId-0_align.webp,0.011168,1.0,0.1228225831501843
database3/database3/m.01300z/46-FaceId-0_align.webp,0.004916,1.0,0.1287766241442498
database3/database3/m.01306d/26-FaceId-0_align.webp,0.043181,1.0,0.1540112586097338
database3/database3/m.0130py/108-FaceId-0_align.webp,0.041408,1.0,0.2111072464525754
database3/database3/m.0130py/9-FaceId-0_align.webp,0.045214,1.0,0.1134733110891967
database3/database3/m.0130sy/65-FaceId-0_align.webp,0.067207,1.0,0.07408318860458
database3/database3/m.013107/34-FaceId-0_align.webp,0.131929,0.0,0.133673778025017
database3/database3/m.0131kb/28-FaceId-0_align.webp,0.0,1.0,0.074890552973445
database3/database3/m.0131kb/47-FaceId-0_align.webp,0.0,1.0,0.1148954449362726
database3/database3/m.0131kb/76-FaceId-0_align.webp,0.081559,1.0,0.2204180339778333
database3/database3/m.013267/23-FaceId-0_align.webp,0.049038,1.0,0.1380827070967788
database3/database3/m.0132k4/103-FaceId-0_align.webp,0.076004,1.0,0.1692908334352849
database3/database3/m.0132k4/97-FaceId-0_align.webp,0.101202,1.0,0.1535771992673701
database3/database3/m.0132kn/100-FaceId-0_align.webp,0.045478,1.0,0.1399827508990396
database3/database3/m.0132q1/29-FaceId-0_align.webp,0.017581,0.0,0.1309645578656725
database3/database3/m.013339/106-FaceId-0_align.webp,0.058305,1.0,0.1194741778084518
database3/database3/m.013339/23-FaceId-0_align.webp,0.255508,1.0,0.1559895564051465
database3/database3/m.013339/80-FaceId-0_align.webp,0.066481,1.0,0.1695409374506957
database3/database3/m.01338h/81-FaceId-0_align.webp,0.088482,0.0,0.1114704438542601
database3/database3/m.0133c4/15-FaceId-0_align.webp,0.207364,1.0,0.1299397977178188
database3/database3/m.0133x7/100-FaceId-0_align.webp,0.144974,0.0,0.1329353571200546
database3/database3/m.0133yt/45-FaceId-0_align.webp,0.102482,1.0,0.1823307027636536
database3/database3/m.01341q/51-FaceId-0_align.webp,0.043853,1.0,0.2141691561638555
database3/database3/m.013423/105-FaceId-0_align.webp,0.016474,0.0,0.2200119676779724
database3/database3/m.013423/43-FaceId-0_align.webp,0.10846,0.0,0.1272326773418204
database3/database3/m.0134cp/27-FaceId-0_align.webp,0.030912,1.0,0.1480716265039005
database3/database3/m.0134cp/34-FaceId-1_align.webp,0.031754,1.0,0.1471117687751476
database3/database3/m.0134cp/53-FaceId-0_align.webp,0.019724,1.0,0.1314969273404448
database3/database3/m.0134dc/38-FaceId-0_align.webp,0.000768,1.0,0.1438540967506889
database3/database3/m.0134dc/73-FaceId-0_align.webp,0.003398,1.0,0.2207539415070668
database3/database3/m.0134fr/66-FaceId-0_align.webp,0.01299,1.0,0.1376439574832651
database3/database3/m.0134fr/82-FaceId-0_align.webp,0.004786,1.0,0.156078852101116
database3/database3/m.0134wr/11-FaceId-2_align.webp,0.000566,1.0,0.1260900442472265
database3/database3/m.0134wr/30-FaceId-2_align.webp,0.080915,1.0,0.1277276764747468
database3/database3/m.0134wr/52-FaceId-2_align.webp,0.028557,1.0,0.084472520460203
database3/database3/m.0134wr/65-FaceId-1_align.webp,0.001253,1.0,0.1165982493817986
database3/database3/m.0134wr/69-FaceId-2_align.webp,0.064238,1.0,0.1299281922177276
database3/database3/m.0134wr/89-FaceId-1_align.webp,0.188914,1.0,0.1106047199664038
database3/database3/m.0135nb/89-FaceId-0_align.webp,0.051256,1.0,0.1348406111753867
database3/database3/m.01368v/100-FaceId-0_align.webp,0.078994,0.0,0.1196711265379218
database3/database3/m.01368v/58-FaceId-0_align.webp,0.186435,0.0,0.1214965892454047
database3/database3/m.01368v/59-FaceId-1_align.webp,0.101878,0.0,0.109909013085157
database3/database3/m.0136ms/38-FaceId-0_align.webp,0.015722,1.0,0.1120087580447323
database3/database3/m.0136p1/103-FaceId-0_align.webp,0.341015,0.0,0.177916205643477
database3/database3/m.0136p1/13-FaceId-0_align.webp,0.259257,0.0,0.1508061909720911
database3/database3/m.0136p1/66-FaceId-0_align.webp,0.075301,0.0,0.1313937999596822
database3/database3/m.0136pk/68-FaceId-0_align.webp,0.195786,1.0,0.1696408766475903
database3/database3/m.0136pk/87-FaceId-0_align.webp,0.172482,1.0,0.1522996085639607
database3/database3/m.0136tm/24-FaceId-0_align.webp,0.011359,1.0,0.1306305362623951
database3/database3/m.0137s4/92-FaceId-0_align.webp,0.014219,1.0,0.3434706005053332
database3/database3/m.01380_/30-FaceId-0_align.webp,0.062935,1.0,0.1923318082503655
database3/database3/m.01380_/84-FaceId-0_align.webp,0.019541,1.0,0.1402402366260499
database3/database3/m.013823/15-FaceId-0_align.webp,0.004502,1.0,0.095698262866171
database3/database3/m.013823/5-FaceId-0_align.webp,0.029677,1.0,0.0999170973932354
database3/database3/m.013846/35-FaceId-0_align.webp,0.005272,1.0,0.1372963796900141
database3/database3/m.013846/71-FaceId-0_align.webp,0.036782,1.0,0.1288574971958849
database3/database3/m.01386_/97-FaceId-0_align.webp,0.01382,1.0,0.109389287542226
database3/database3/m.01386m/93-FaceId-0_align.webp,0.049853,1.0,0.1348332625669976
database3/database3/m.01387g/36-FaceId-0_align.webp,0.020561,1.0,0.11213245775237
database3/database3/m.01387g/90-FaceId-0_align.webp,0.00159,1.0,0.0955357269003134
database3/database3/m.01387y/2-FaceId-0_align.webp,0.062856,1.0,0.1475499189899455
database3/database3/m.01387y/32-FaceId-0_align.webp,0.048091,1.0,0.1487007615272623
database3/database3/m.01387y/46-FaceId-0_align.webp,0.0006,1.0,0.1094802452935067
database3/database3/m.01388c/29-FaceId-0_align.webp,0.136546,1.0,0.1396974861706799
database3/database3/m.01388c/82-FaceId-0_align.webp,0.007483,1.0,0.1438030121469345
database3/database3/m.01388c/92-FaceId-0_align.webp,0.007604,1.0,0.1256276392286246
database3/database3/m.01389w/75-FaceId-1_align.webp,0.011085,1.0,0.1037815068467276
database3/database3/m.01389w/76-FaceId-0_align.webp,0.018887,1.0,0.1230174491703996
database3/database3/m.0138b7/49-FaceId-0_align.webp,0.173256,1.0,0.1120846254011578
database3/database3/m.0138b7/63-FaceId-0_align.webp,0.091583,1.0,0.190894386031079
database3/database3/m.0138m1/11-FaceId-0_align.webp,0.033355,1.0,0.1517722381557333
database3/database3/m.0138m1/60-FaceId-0_align.webp,0.027664,1.0,0.1126167109695333
database3/database3/m.0139rh/103-FaceId-0_align.webp,0.008771,1.0,0.1142835315516851
database3/database3/m.0139rh/5-FaceId-0_align.webp,0.009412,1.0,0.1008631713890754
database3/database3/m.013_4m/89-FaceId-0_align.webp,0.106225,1.0,0.1066214261915653
database3/database3/m.013_gz/96-FaceId-0_align.webp,0.14677,0.0,0.1387195518863359
database3/database3/m.013_tp/47-FaceId-0_align.webp,0.000171,1.0,0.1531932785104961
database3/database3/m.013b7z/45-FaceId-0_align.webp,0.025843,1.0,0.1365711484496574
database3/database3/m.013bym/61-FaceId-0_align.webp,0.110889,0.0,0.133644810857102
database3/database3/m.013bym/65-FaceId-0_align.webp,0.249006,0.0,0.1119921554033269
database3/database3/m.013bym/66-FaceId-0_align.webp,0.288548,0.0,0.1502258699251784
database3/database3/m.013bym/71-FaceId-0_align.webp,0.115164,0.0,0.1300746701725017
database3/database3/m.013m5y/73-FaceId-0_align.webp,0.0,1.0,0.1709048040788153
database3/database3/m.013p_0/60-FaceId-0_align.webp,0.015459,1.0,0.2368433232516181
database3/database3/m.013p_j/3-FaceId-0_align.webp,0.046784,1.0,0.1291665692999387
database3/database3/m.013p_j/43-FaceId-0_align.webp,0.026287,1.0,0.1262592114417566
database3/database3/m.013p_w/1-FaceId-0_align.webp,0.045903,0.0,0.1332323424482045
database3/database3/m.013p_w/90-FaceId-1_align.webp,0.028906,0.0,0.1214797089608347
database3/database3/m.013pp3/83-FaceId-0_align.webp,0.052247,1.0,0.1701519810184213
database3/database3/m.013ppl/76-FaceId-0_align.webp,0.018885,1.0,0.1094267930629178
database3/database3/m.013q78/86-FaceId-0_align.webp,0.03,1.0,0.132994807476723
database3/database3/m.013q8x/26-FaceId-0_align.webp,0.110943,1.0,0.1885074413309275
database3/database3/m.013q8x/42-FaceId-0_align.webp,0.056383,1.0,0.1247805464428286
database3/database3/m.013q8x/99-FaceId-0_align.webp,0.005069,1.0,0.1291287010021115
database3/database3/m.013qb0/82-FaceId-0_align.webp,0.080376,1.0,0.1377662891223228
database3/database3/m.013qb0/94-FaceId-0_align.webp,0.14541,1.0,0.1302516897819777
database3/database3/m.013qjp/42-FaceId-0_align.webp,0.027503,1.0,0.1271873352220456
database3/database3/m.013qjp/83-FaceId-0_align.webp,0.014,1.0,0.1323955217488929
database3/database3/m.013qpt/31-FaceId-0_align.webp,0.020067,1.0,0.1223560223288052
database3/database3/m.013qq4/70-FaceId-0_align.webp,0.020855,1.0,0.1168501016848097
database3/database3/m.013qwl/61-FaceId-0_align.webp,0.006336,1.0,0.1213898936048828
database3/database3/m.013qwy/18-FaceId-0_align.webp,0.050242,1.0,0.1304352945113498
database3/database3/m.013qy3/30-FaceId-0_align.webp,0.004735,1.0,0.1973305353691277
database3/database3/m.013qy3/92-FaceId-0_align.webp,0.026678,1.0,0.1164639297249789
database3/database3/m.013qyh/56-FaceId-1_align.webp,0.057576,1.0,0.3039577125081911
database3/database3/m.013r6h/27-FaceId-0_align.webp,0.054123,1.0,0.0937479191816394
database3/database3/m.013r6h/46-FaceId-0_align.webp,0.123792,1.0,0.3025320649408748
database3/database3/m.013s1b/47-FaceId-0_align.webp,0.148289,1.0,0.1872056589289261
database3/database3/m.013s1t/21-FaceId-0_align.webp,0.005317,1.0,0.1271709910636997
database3/database3/m.013s3/75-FaceId-0_align.webp,0.061568,1.0,0.1844564489404512
database3/database3/m.013s6x/6-FaceId-0_align.webp,0.031839,1.0,0.1284551031889319
database3/database3/m.013s8s/33-FaceId-0_align.webp,0.074629,0.0,0.1215281318324888
database3/database3/m.013sjh/7-FaceId-0_align.webp,0.189385,1.0,0.1747292025440632
database3/database3/m.013t9y/12-FaceId-0_align.webp,0.013435,1.0,0.1849457641987247
database3/database3/m.013tjc/54-FaceId-0_align.webp,0.0,1.0,0.1661799166377629
database3/database3/m.013tjc/56-FaceId-0_align.webp,0.015964,1.0,0.125956774683756
database3/database3/m.013v12/3-FaceId-0_align.webp,0.018587,1.0,0.1234577377438259
database3/database3/m.013v12/7-FaceId-0_align.webp,0.019979,1.0,0.1222379012961535
database3/database3/m.013v5j/57-FaceId-0_align.webp,0.119854,0.0,0.1208772848093979
database3/database3/m.013vdl/109-FaceId-0_align.webp,0.167747,0.0,0.102243716520445
database3/database3/m.013vdl/32-FaceId-0_align.webp,0.021263,0.0,0.118286914285018
database3/database3/m.013vtr/20-FaceId-0_align.webp,0.015954,1.0,0.1322452033926447
database3/database3/m.013w7j/20-FaceId-0_align.webp,0.009375,1.0,0.1940519741539481
database3/database3/m.013w7j/32-FaceId-0_align.webp,0.001151,1.0,0.1406132792624417
database3/database3/m.013w7j/64-FaceId-0_align.webp,0.008592,1.0,0.2115550793095472
database3/database3/m.013w8h/4-FaceId-0_align.webp,0.094597,1.0,0.1199237672923687
database3/database3/m.013wt0/40-FaceId-1_align.webp,0.123008,0.0,0.1379212969880419
database3/database3/m.013wz9/26-FaceId-0_align.webp,0.18678,0.0,0.1380884120189731
database3/database3/m.013wz9/73-FaceId-0_align.webp,0.219059,0.0,0.1431711615403629
database3/database3/m.013xhr/100-FaceId-0_align.webp,0.00219,1.0,0.1385000358517513
database3/database3/m.013xhr/23-FaceId-0_align.webp,0.015916,1.0,0.1369941426955718
database3/database3/m.013xhr/24-FaceId-0_align.webp,0.064866,1.0,0.1274464405737559
database3/database3/m.013xhr/33-FaceId-0_align.webp,0.013765,1.0,0.2249714575210242
database3/database3/m.013xhr/42-FaceId-0_align.webp,0.02596,1.0,0.1742170339369463
database3/database3/m.013xs1/10-FaceId-0_align.webp,0.059547,1.0,0.0987949190895085
database3/database3/m.013y2b/23-FaceId-0_align.webp,0.154363,0.0,0.1278737247691749
database3/database3/m.013y2b/32-FaceId-0_align.webp,0.092369,0.0,0.1210719460884511
database3/database3/m.013y2b/66-FaceId-0_align.webp,0.108782,0.0,0.1260310355195149
database3/database3/m.013y2s/40-FaceId-0_align.webp,0.026989,0.0,0.1183907340161078
database3/database3/m.013y2s/73-FaceId-0_align.webp,0.075667,0.0,0.1114727242121532
database3/database3/m.013yd0/51-FaceId-0_align.webp,0.167678,0.0,0.1319182109546259
database3/database3/m.013yd0/92-FaceId-0_align.webp,0.096098,0.0,0.1161212831145298
database3/database3/m.013ykk/37-FaceId-0_align.webp,0.042458,0.0,0.1415232982650676
database3/database3/m.013ykx/9-FaceId-0_align.webp,0.117351,0.0,0.1289395380299876
database3/database3/m.013ylm/42-FaceId-0_align.webp,0.120671,0.0,0.139687374207073
database3/database3/m.013ylm/97-FaceId-0_align.webp,0.133134,0.0,0.1452628336305444
database3/database3/m.013yvd/37-FaceId-0_align.webp,0.027946,1.0,0.1100472244503811
database3/database3/m.013yvd/75-FaceId-0_align.webp,0.027604,1.0,0.1175662211624592
database3/database3/m.013yyq/27-FaceId-0_align.webp,0.014857,1.0,0.1479247962181918
database3/database3/m.013yyq/44-FaceId-0_align.webp,0.06122,1.0,0.5605323674366116
database3/database3/m.013yyq/48-FaceId-0_align.webp,0.11735,1.0,0.1598799415063272
database3/database3/m.013zjz/16-FaceId-0_align.webp,0.071353,1.0,0.1562772973338027
database3/database3/m.013zm7/89-FaceId-0_align.webp,0.144683,1.0,0.1329590581214294
database3/database3/m.013zpf/72-FaceId-0_align.webp,0.0,0.0,0.2100513849064708
database3/database3/m.013zpf/88-FaceId-0_align.webp,0.169008,0.0,0.1324090402886576
database3/database3/m.013zr7/15-FaceId-0_align.webp,0.062795,1.0,0.1143637209209542
database3/database3/m.013zs9/83-FaceId-0_align.webp,0.33489,0.0,0.1647838957001488
database3/database3/m.013zyw/16-FaceId-0_align.webp,0.043076,1.0,0.1080700941207482
database3/database3/m.013zyw/19-FaceId-0_align.webp,0.020445,1.0,0.0983947881914484
database3/database3/m.013zyw/21-FaceId-0_align.webp,0.01715,1.0,0.1028896163431604
database3/database3/m.01400g/101-FaceId-0_align.webp,0.057026,0.0,0.1696134145315354
database3/database3/m.01400g/117-FaceId-0_align.webp,0.219786,0.0,0.1802199514748333
database3/database3/m.01400g/31-FaceId-0_align.webp,0.04717,0.0,0.1299090284631053
database3/database3/m.01400g/47-FaceId-0_align.webp,0.103943,0.0,0.1312489292633851
database3/database3/m.014029/72-FaceId-0_align.webp,0.164078,0.0,0.1118076950359488
database3/database3/m.0140ly/8-FaceId-0_align.webp,0.018837,1.0,0.1125212652945661
database3/database3/m.0140v2/84-FaceId-0_align.webp,0.185102,1.0,0.2443621705282905
database3/database3/m.0141qv/12-FaceId-0_align.webp,0.026897,1.0,0.1258594416670583
database3/database3/m.0142n8/3-FaceId-0_align.webp,0.193323,1.0,0.0934955775058128
database3/database3/m.0142n8/5-FaceId-0_align.webp,0.020679,1.0,0.1354986089820587
database3/database3/m.0142sv/3-FaceId-0_align.webp,0.0,1.0,0.0824958842989686
database3/database3/m.0142sv/32-FaceId-0_align.webp,0.0,1.0,0.0870550545926468
database3/database3/m.01433m/64-FaceId-0_align.webp,0.03742,0.0,0.1841129351298387
database3/database3/m.0143sn/66-FaceId-0_align.webp,0.02374,1.0,0.1331226515631257
database3/database3/m.0143wl/30-FaceId-0_align.webp,0.034923,1.0,0.1414039814735325
database3/database3/m.0143wl/81-FaceId-0_align.webp,0.051966,1.0,0.1501166755242793
database3/database3/m.014488/3-FaceId-0_align.webp,0.020128,1.0,0.1123117390345787
database3/database3/m.01449w/57-FaceId-0_align.webp,0.017199,1.0,0.2129864694615696
database3/database3/m.01449w/80-FaceId-0_align.webp,0.016942,1.0,0.1637077084775548
database3/database3/m.01449w/99-FaceId-0_align.webp,0.011762,1.0,0.1792946066168936
database3/database3/m.0144_b/77-FaceId-0_align.webp,0.037923,1.0,0.1016635882459843
database3/database3/m.0144_b/99-FaceId-0_align.webp,0.002226,1.0,0.1055334622485267
database3/database3/m.0144k5/45-FaceId-0_align.webp,0.060457,0.0,0.126877780723228
database3/database3/m.0144k5/53-FaceId-0_align.webp,0.099321,0.0,0.1458943670403019
database3/database3/m.0144k5/58-FaceId-0_align.webp,0.088277,0.0,0.1269087236947193
database3/database3/m.0144k5/85-FaceId-0_align.webp,0.078258,0.0,0.1402061115707424
database3/database3/m.014508/74-FaceId-0_align.webp,0.033711,1.0,0.130918765443234
database3/database3/m.0146fs/16-FaceId-0_align.webp,0.00871,1.0,0.1186777087791016
database3/database3/m.0147cn/44-FaceId-0_align.webp,0.171045,1.0,0.1366629733851949
database3/database3/m.0147cn/79-FaceId-0_align.webp,0.059428,1.0,0.1511703444416373
database3/database3/m.0147jt/99-FaceId-0_align.webp,0.019999,1.0,0.136887780103428
database3/database3/m.0147qz/78-FaceId-0_align.webp,0.010623,1.0,0.133632550446893
database3/database3/m.01480y/76-FaceId-0_align.webp,0.0,1.0,0.0904290604436981
database3/database3/m.0148_m/52-FaceId-0_align.webp,0.01178,1.0,0.1537197167587654
database3/database3/m.0148m9/58-FaceId-0_align.webp,0.040365,1.0,0.1084687207136841
database3/database3/m.0148qq/63-FaceId-1_align.webp,0.082134,1.0,0.1869874406327934
database3/database3/m.0148x0/17-FaceId-0_align.webp,0.195787,0.0,0.1482917788652458
database3/database3/m.014902/18-FaceId-0_align.webp,0.02167,1.0,0.140541522059774
database3/database3/m.01491d/96-FaceId-0_align.webp,0.018562,1.0,0.1085085987950658
database3/database3/m.014936/66-FaceId-0_align.webp,0.009581,0.0,0.1363278825579504
database3/database3/m.0149k5/29-FaceId-0_align.webp,0.022158,1.0,0.1288905979440752
database3/database3/m.0149k5/81-FaceId-0_align.webp,0.042078,1.0,0.1868321763676996
database3/database3/m.0149vp/23-FaceId-0_align.webp,0.153482,1.0,0.0379392922018144
database3/database3/m.0149vp/3-FaceId-0_align.webp,0.055794,1.0,0.1265223877359716
database3/database3/m.0149vp/63-FaceId-0_align.webp,0.126629,1.0,0.1434902091655461
database3/database3/m.0149wl/102-FaceId-0_align.webp,0.022928,1.0,0.1717475249888152
database3/database3/m.0149wl/45-FaceId-0_align.webp,0.024169,1.0,0.1969206004334396
database3/database3/m.0149xx/94-FaceId-0_align.webp,0.042337,1.0,0.1614292067749204
database3/database3/m.014_1g/72-FaceId-0_align.webp,0.019311,0.0,0.1341261497932377
database3/database3/m.014_1g/8-FaceId-0_align.webp,0.209769,0.0,0.1547825553896356
database3/database3/m.014_4y/6-FaceId-0_align.webp,0.048047,1.0,0.1302467263802982
database3/database3/m.014_sl/106-FaceId-0_align.webp,0.23715,0.0,0.1576583583482556
database3/database3/m.014_sl/74-FaceId-0_align.webp,0.390836,0.0,0.1285874176242424
database3/database3/m.014bn_/16-FaceId-0_align.webp,0.037637,1.0,0.1168806943416402
database3/database3/m.014bn_/85-FaceId-1_align.webp,0.012813,1.0,0.1209128347529173
database3/database3/m.014bps/75-FaceId-0_align.webp,0.000105,1.0,0.1418853409939613
database3/database3/m.014byr/85-FaceId-0_align.webp,0.140079,1.0,0.1588292088617147
database3/database3/m.014bz_/33-FaceId-0_align.webp,0.044503,1.0,0.1382218581419879
database3/database3/m.014c0y/76-FaceId-0_align.webp,0.175143,1.0,0.1364493415205336
database3/database3/m.014c40/62-FaceId-0_align.webp,0.041412,1.0,0.1818279589574522
database3/database3/m.014c40/70-FaceId-0_align.webp,0.059838,1.0,0.1256899470522743
database3/database3/m.014cq/6-FaceId-0_align.webp,0.092137,1.0,0.1205670557427741
database3/database3/m.014cq/86-FaceId-0_align.webp,0.009035,1.0,0.138655478314995
database3/database3/m.014cw2/26-FaceId-0_align.webp,0.010138,1.0,0.117541879456171
database3/database3/m.014cw2/50-FaceId-0_align.webp,0.006571,1.0,0.1190131950618126
database3/database3/m.014d0v/117-FaceId-0_align.webp,0.00171,1.0,0.114317900907606
database3/database3/m.014d0v/5-FaceId-0_align.webp,0.0,1.0,0.0829755563464827
database3/database3/m.014d0v/76-FaceId-0_align.webp,0.001899,1.0,0.1132600150943878
database3/database3/m.014d15/7-FaceId-0_align.webp,0.067756,1.0,0.1429652225382362
database3/database3/m.014d3/12-FaceId-0_align.webp,0.002261,1.0,0.1210639446371831
database3/database3/m.014d3/72-FaceId-0_align.webp,0.018566,1.0,0.1159158979955039
database3/database3/m.014d3y/82-FaceId-0_align.webp,0.033512,0.0,0.5194723049508393
database3/database3/m.014dg1/103-FaceId-0_align.webp,0.026524,1.0,0.1217178490868444
database3/database3/m.014dg1/51-FaceId-0_align.webp,0.001679,1.0,0.1408272799884919
database3/database3/m.014dg1/65-FaceId-0_align.webp,0.0,1.0,0.0858292961496928
database3/database3/m.014dg1/7-FaceId-0_align.webp,0.01106,1.0,0.1432070745194726
database3/database3/m.014dg1/86-FaceId-0_align.webp,0.019596,1.0,0.1323014123447239
database3/database3/m.014dm6/105-FaceId-0_align.webp,0.23153,1.0,0.1390747854289485
database3/database3/m.014dy_/50-FaceId-0_align.webp,0.069776,1.0,0.0859110792903368
database3/database3/m.014dy_/73-FaceId-0_align.webp,0.01239,1.0,0.1166828006638533
database3/database3/m.014f8k/25-FaceId-0_align.webp,0.24634,0.0,0.1278663527012435
database3/database3/m.014f8k/9-FaceId-0_align.webp,0.182534,0.0,0.1286405075399086
database3/database3/m.014fcb/0-FaceId-0_align.webp,0.028343,1.0,0.1304328949160272
database3/database3/m.014fd7/98-FaceId-0_align.webp,0.096652,1.0,0.1368100405603763
database3/database3/m.014g17/1-FaceId-0_align.webp,0.005705,1.0,0.1357530182707524
database3/database3/m.014g17/9-FaceId-0_align.webp,0.079641,1.0,0.1861401865219838
database3/database3/m.014g22/90-FaceId-0_align.webp,0.35161,0.0,0.1673908802271124
database3/database3/m.014g6c/86-FaceId-0_align.webp,0.02888,1.0,0.135904788362528
database3/database3/m.014g6v/43-FaceId-0_align.webp,0.001902,1.0,0.1156847716963802
database3/database3/m.014g79/86-FaceId-0_align.webp,0.049609,1.0,0.135446994050673
database3/database3/m.014g8p/48-FaceId-0_align.webp,0.000256,1.0,0.1643893553048558
database3/database3/m.014g9y/12-FaceId-0_align.webp,0.038159,0.0,0.1386158073598117
database3/database3/m.014g_f/26-FaceId-0_align.webp,0.000817,1.0,0.0695184743398012
database3/database3/m.014g_f/35-FaceId-0_align.webp,0.001771,1.0,0.1220365662464375
database3/database3/m.014gf8/102-FaceId-0_align.webp,0.00204,1.0,0.3505250120332663
database3/database3/m.014gf8/28-FaceId-0_align.webp,0.018311,1.0,0.1047479668409492
database3/database3/m.014gf8/69-FaceId-0_align.webp,0.050273,1.0,0.1252950830636707
database3/database3/m.014gf8/9-FaceId-0_align.webp,0.034223,1.0,0.1222502783894746
database3/database3/m.014gsd/79-FaceId-0_align.webp,0.118598,1.0,0.1496309801203574
database3/database3/m.014h_s/80-FaceId-0_align.webp,0.173494,0.0,0.1429983036594322
database3/database3/m.014hlm/54-FaceId-0_align.webp,0.078394,0.0,0.1272293482287253
database3/database3/m.014hmv/53-FaceId-1_align.webp,0.0,1.0,0.1245790663733427
database3/database3/m.014j8m/72-FaceId-0_align.webp,0.0057,1.0,0.1383642200054661
database3/database3/m.014jb8/10-FaceId-0_align.webp,0.009911,1.0,0.2144709143464313
database3/database3/m.014jk0/16-FaceId-0_align.webp,0.026202,1.0,0.1892907471601102
database3/database3/m.014jk0/61-FaceId-0_align.webp,0.011335,1.0,0.3839551956377429
database3/database3/m.014jk0/74-FaceId-0_align.webp,0.003357,1.0,0.2513374000164378
database3/database3/m.014jxq/20-FaceId-0_align.webp,0.165895,0.0,0.1459015861385649
database3/database3/m.014jxq/43-FaceId-0_align.webp,0.136492,0.0,0.1055548764034884
database3/database3/m.014jy6/23-FaceId-0_align.webp,0.150311,1.0,0.2254176827223726
database3/database3/m.014jy6/50-FaceId-0_align.webp,0.042148,1.0,0.1252855984805863
database3/database3/m.014jy6/97-FaceId-0_align.webp,0.061362,1.0,0.1903814353784627
database3/database3/m.014k1v/95-FaceId-3_align.webp,0.133686,1.0,0.172048939838871
database3/database3/m.014k2p/25-FaceId-0_align.webp,0.315824,1.0,0.1542949917147352
database3/database3/m.014kbz/16-FaceId-0_align.webp,0.028027,1.0,0.1280151852588906
database3/database3/m.014kbz/22-FaceId-0_align.webp,0.028933,1.0,0.1336040452403485
database3/database3/m.014kbz/81-FaceId-0_align.webp,0.006506,1.0,0.1357625280521719
database3/database3/m.014kxv/1-FaceId-0_align.webp,0.013313,1.0,0.1160251940022607
database3/database3/m.014kxv/11-FaceId-0_align.webp,0.053384,1.0,0.0987288854671239
database3/database3/m.014lb1/14-FaceId-2_align.webp,0.000111,0.0,0.1014809813804603
database3/database3/m.014lb1/47-FaceId-0_align.webp,0.167631,0.0,0.1282671864869501
database3/database3/m.014lb1/62-FaceId-1_align.webp,0.053145,0.0,0.1198799380081697
database3/database3/m.014lyb/65-FaceId-0_align.webp,0.056831,1.0,0.1229678540659104
database3/database3/m.014m_1/70-FaceId-0_align.webp,0.018552,1.0,0.1227274300651098
database3/database3/m.014mvy/17-FaceId-0_align.webp,0.196734,1.0,0.1872768248507914
database3/database3/m.014mvy/58-FaceId-0_align.webp,0.218895,1.0,0.1960370601754878
database3/database3/m.014n_k/48-FaceId-0_align.webp,0.006557,1.0,0.1308842611509663
database3/database3/m.014n_k/70-FaceId-0_align.webp,0.029858,1.0,0.1195473464987018
database3/database3/m.014nfw/87-FaceId-0_align.webp,0.123499,0.0,0.1285019769344012
database3/database3/m.014p33/83-FaceId-2_align.webp,0.084076,0.0,0.1156745610890689
database3/database3/m.014p33/87-FaceId-0_align.webp,0.07546,0.0,0.12619326516061
database3/database3/m.014ptb/14-FaceId-1_align.webp,0.016295,1.0,0.1550678465100763
database3/database3/m.014ptb/5-FaceId-0_align.webp,0.001038,1.0,0.191265471344391
database3/database3/m.014ptb/50-FaceId-0_align.webp,0.185526,1.0,0.1173676560651449
database3/database3/m.014pxk/118-FaceId-0_align.webp,0.227914,1.0,0.1751864548639447
database3/database3/m.014pys/19-FaceId-0_align.webp,0.047245,1.0,0.1971010855637845
database3/database3/m.014pzz/110-FaceId-0_align.webp,0.13041,0.0,0.1237384413337788
database3/database3/m.014qjt/47-FaceId-0_align.webp,0.002851,1.0,0.1344808965102412
database3/database3/m.014r6r/81-FaceId-0_align.webp,0.091441,0.0,0.1142806765847942
database3/database3/m.014s81/3-FaceId-0_align.webp,0.077926,1.0,0.1337027914864803
database3/database3/m.014sj7/7-FaceId-0_align.webp,0.074577,1.0,0.1554488674826102
database3/database3/m.014skb/4-FaceId-0_align.webp,0.096076,0.0,0.1298548012824176
database3/database3/m.014skb/53-FaceId-0_align.webp,0.075066,0.0,0.1231634132343643
database3/database3/m.014skb/55-FaceId-0_align.webp,0.080414,0.0,0.1324916601350595
database3/database3/m.014v1q/8-FaceId-1_align.webp,0.038359,1.0,0.1516084051387398
database3/database3/m.014v6x/16-FaceId-0_align.webp,0.159906,0.0,0.1249904635256844
database3/database3/m.014v6x/20-FaceId-0_align.webp,0.306955,0.0,0.1435220568275434
database3/database3/m.014v6x/88-FaceId-0_align.webp,0.075191,0.0,0.1110456675860659
database3/database3/m.014vbq/60-FaceId-0_align.webp,0.005701,1.0,0.2078648365573795
database3/database3/m.014vnb/46-FaceId-0_align.webp,0.027126,1.0,0.120478068752254
database3/database3/m.014vnb/51-FaceId-0_align.webp,0.043084,1.0,0.1146812808639879
database3/database3/m.014vtj/100-FaceId-0_align.webp,0.000679,1.0,0.1274197032376371
database3/database3/m.014wsb/38-FaceId-0_align.webp,0.106862,1.0,0.1278122630606566
database3/database3/m.014x0w/28-FaceId-0_align.webp,0.353028,0.0,0.2843802210809716
database3/database3/m.014x0w/74-FaceId-0_align.webp,0.177523,0.0,0.1327926526528031
database3/database3/m.014x0w/96-FaceId-0_align.webp,0.217684,0.0,0.146228096848659
database3/database3/m.014xn7/100-FaceId-0_align.webp,0.007084,1.0,0.0973797484061959
database3/database3/m.014xn7/42-FaceId-0_align.webp,0.003105,1.0,0.1084871694630501
database3/database3/m.014xr2/5-FaceId-0_align.webp,0.387134,0.0,0.2026015531902529
database3/database3/m.014xr2/87-FaceId-0_align.webp,0.341771,0.0,0.16716456066979
database3/database3/m.014xzx/93-FaceId-0_align.webp,0.351892,1.0,0.1694204719074739
database3/database3/m.014y6/74-FaceId-0_align.webp,0.012495,1.0,0.1268007081156014
database3/database3/m.014y6/95-FaceId-0_align.webp,0.006882,1.0,0.1403268450175477
database3/database3/m.014y7g/1-FaceId-0_align.webp,0.005692,1.0,0.115064988217256
database3/database3/m.014z8v/77-FaceId-0_align.webp,0.004141,1.0,0.1194951848646571
database3/database3/m.014zfs/76-FaceId-0_align.webp,0.024924,1.0,0.1165991047206762
database3/database3/m.014zxh/99-FaceId-0_align.webp,0.008633,1.0,0.2367617962021849
database3/database3/m.014zy/105-FaceId-0_align.webp,0.175949,1.0,0.1741791663078866
database3/database3/m.014zy/22-FaceId-0_align.webp,0.048224,1.0,0.1541332190407622
database3/database3/m.014zy/56-FaceId-0_align.webp,0.135716,1.0,0.2386582361510713
database3/database3/m.015076/99-FaceId-0_align.webp,0.0064,1.0,0.1902880207293262
database3/database3/m.01507p/0-FaceId-0_align.webp,0.067522,1.0,0.1405455949331324
database3/database3/m.01509x/60-FaceId-0_align.webp,0.015557,1.0,0.1341795346414474
database3/database3/m.0150bp/103-FaceId-0_align.webp,0.041675,0.0,0.1119337217176819
database3/database3/m.0150j5/31-FaceId-0_align.webp,0.003889,1.0,0.0971894547368564
database3/database3/m.0150j5/4-FaceId-0_align.webp,0.006229,1.0,0.1122903848429833
database3/database3/m.0150j5/71-FaceId-0_align.webp,0.062123,1.0,0.1188300012697062
database3/database3/m.0150j5/81-FaceId-0_align.webp,0.001136,1.0,0.0782172148111731
database3/database3/m.0150j5/86-FaceId-0_align.webp,0.002669,1.0,0.1064828160993702
database3/database3/m.0150m1/111-FaceId-0_align.webp,0.023781,1.0,0.1547822061744497
database3/database3/m.0150m1/13-FaceId-0_align.webp,0.071346,1.0,0.1347751356625625
database3/database3/m.0150mg/0-FaceId-0_align.webp,0.057671,1.0,0.2353275034928411
database3/database3/m.0150mg/69-FaceId-0_align.webp,0.220147,1.0,0.1524130606874823
database3/database3/m.0150mg/88-FaceId-0_align.webp,0.14546,1.0,0.1419955599288577
database3/database3/m.0150mg/97-FaceId-0_align.webp,0.078806,1.0,0.1427625289085911
database3/database3/m.0150rl/42-FaceId-0_align.webp,0.016396,0.0,0.1082616794657246
database3/database3/m.0150t6/36-FaceId-0_align.webp,0.017669,1.0,0.1150898373690227
database3/database3/m.0150t6/41-FaceId-0_align.webp,0.022058,1.0,0.1068971683251061
database3/database3/m.0150t6/63-FaceId-0_align.webp,0.015119,1.0,0.1285269657602349
database3/database3/m.01519n/21-FaceId-0_align.webp,0.389316,0.0,0.1963943730688426
database3/database3/m.01519n/69-FaceId-0_align.webp,0.017235,0.0,0.1405178865943149
database3/database3/m.0151fv/54-FaceId-0_align.webp,0.017876,0.0,0.1098083218434737
database3/database3/m.0151fv/90-FaceId-0_align.webp,0.296844,0.0,0.1520157489534822
database3/database3/m.0151fv/94-FaceId-0_align.webp,0.121468,0.0,0.1819431503366905
database3/database3/m.0151n1/16-FaceId-0_align.webp,0.044648,1.0,0.1330746944919571
database3/database3/m.0151n1/26-FaceId-0_align.webp,0.101903,1.0,0.1485630193314334
database3/database3/m.0151n1/29-FaceId-0_align.webp,0.049938,1.0,0.1609514676426364
database3/database3/m.0151n1/36-FaceId-0_align.webp,0.038201,1.0,0.1466696268597566
database3/database3/m.0151n1/53-FaceId-0_align.webp,0.021607,1.0,0.1656380402986233
database3/database3/m.0151p8/29-FaceId-0_align.webp,0.003452,1.0,0.0967178329048602
database3/database3/m.0151xv/30-FaceId-0_align.webp,0.007121,1.0,0.132170485060482
database3/database3/m.0151xv/44-FaceId-0_align.webp,0.021629,1.0,0.1325733253330727
database3/database3/m.0151xv/88-FaceId-0_align.webp,0.006779,1.0,0.145071419783468
database3/database3/m.0151zx/92-FaceId-0_align.webp,0.043036,1.0,0.1668515445087518
database3/database3/m.0152cw/42-FaceId-0_align.webp,0.083199,0.0,0.1263233166125812
database3/database3/m.0152xn/72-FaceId-0_align.webp,0.043462,1.0,0.1538768217564841
database3/database3/m.015302/4-FaceId-0_align.webp,0.000416,1.0,0.1004788521835426
database3/database3/m.0153dp/1-FaceId-0_align.webp,0.039324,1.0,0.1345506772870444
database3/database3/m.0153dp/88-FaceId-0_align.webp,0.057869,1.0,0.1104450184863522
database3/database3/m.0153vt/1-FaceId-0_align.webp,0.335303,1.0,0.1357679066250305
database3/database3/m.0153vt/81-FaceId-0_align.webp,0.087285,1.0,0.1506987100073148
database3/database3/m.0153y1/16-FaceId-0_align.webp,0.166114,0.0,0.1363904074916212
database3/database3/m.01541z/117-FaceId-0_align.webp,0.111734,0.0,0.1255988390897155
database3/database3/m.01547g/3-FaceId-0_align.webp,0.153164,0.0,0.1331174873101395
database3/database3/m.01547g/73-FaceId-0_align.webp,0.246081,0.0,0.13085622119002
database3/database3/m.0154d7/52-FaceId-0_align.webp,0.115018,1.0,0.1487860093243074
database3/database3/m.0154ff/10-FaceId-0_align.webp,0.121913,0.0,0.1208130633286454
database3/database3/m.0154hr/101-FaceId-0_align.webp,0.090433,0.0,0.1450985900374078
database3/database3/m.0154hr/109-FaceId-0_align.webp,0.038439,0.0,0.1525284635349778
database3/database3/m.0154hr/18-FaceId-0_align.webp,0.07836,0.0,0.1657726165257922
database3/database3/m.0154hr/28-FaceId-0_align.webp,0.045785,0.0,0.1283065603117073
database3/database3/m.0154s9/24-FaceId-0_align.webp,0.052837,1.0,0.1143242503520224
database3/database3/m.0154x6/57-FaceId-0_align.webp,0.061779,0.0,0.1227590116010449
database3/database3/m.01552j/40-FaceId-0_align.webp,0.017747,1.0,0.1159327390577995
database3/database3/m.01558d/79-FaceId-0_align.webp,0.014812,1.0,0.0841110459674182
database3/database3/m.01558d/8-FaceId-0_align.webp,0.124089,1.0,0.1112446540593494
database3/database3/m.0155zp/26-FaceId-0_align.webp,0.000547,1.0,0.1151269989360705
database3/database3/m.0155zp/7-FaceId-0_align.webp,0.015991,1.0,0.1201423579197339
database3/database3/m.0155zp/79-FaceId-0_align.webp,0.02849,1.0,0.1645739380464702
database3/database3/m.0155zp/88-FaceId-0_align.webp,0.072148,1.0,0.12762585460442
database3/database3/m.0156dg/11-FaceId-0_align.webp,0.153809,0.0,0.1610701690639303
database3/database3/m.0156dg/2-FaceId-0_align.webp,0.144571,0.0,0.1700210647538597
database3/database3/m.0156y1/31-FaceId-0_align.webp,0.047284,1.0,0.1266048585117066
database3/database3/m.01574b/45-FaceId-0_align.webp,0.070647,0.0,0.140070959490226
database3/database3/m.015796/86-FaceId-0_align.webp,0.081944,0.0,0.134105194835632
database3/database3/m.0157m/20-FaceId-0_align.webp,0.028257,1.0,0.1005950697724414
database3/database3/m.0157m/24-FaceId-0_align.webp,0.028454,1.0,0.1143870225225188
database3/database3/m.0157m/25-FaceId-0_align.webp,0.020124,1.0,0.1133537122051617
database3/database3/m.0157m/73-FaceId-0_align.webp,0.033963,1.0,0.1302226588529816
database3/database3/m.0157r6/22-FaceId-1_align.webp,0.0,1.0,0.1737349631654161
database3/database3/m.0157ry/29-FaceId-0_align.webp,0.027582,1.0,0.1314524582295319
database3/database3/m.015882/17-FaceId-0_align.webp,0.396178,0.0,0.1486500080955439
database3/database3/m.015882/20-FaceId-0_align.webp,0.380878,0.0,0.1651322135418737
database3/database3/m.015882/75-FaceId-0_align.webp,0.386665,0.0,0.1701495256752317
database3/database3/m.0158r2/73-FaceId-0_align.webp,0.173377,0.0,0.1316072090502307
database3/database3/m.01598m/79-FaceId-0_align.webp,0.475474,0.0,0.1630808971420817
database3/database3/m.0159wm/104-FaceId-0_align.webp,0.007308,1.0,0.087079478528723
database3/database3/m.0159wm/9-FaceId-0_align.webp,0.002891,1.0,0.0742756164984448
database3/database3/m.015_44/31-FaceId-0_align.webp,0.062168,0.0,0.119024411481935
database3/database3/m.015_44/64-FaceId-0_align.webp,0.356589,0.0,0.1797378536087255
database3/database3/m.015_44/84-FaceId-0_align.webp,0.3229,0.0,0.1804695914715676
database3/database3/m.015b67/34-FaceId-0_align.webp,0.034996,1.0,0.1211507046753464
database3/database3/m.015bhj/103-FaceId-1_align.webp,0.041754,1.0,0.0
database3/database3/m.015bhj/70-FaceId-0_align.webp,0.00385,1.0,0.1175745863946403
database3/database3/m.015bnf/68-FaceId-0_align.webp,0.066968,0.0,0.1268725666664155
database3/database3/m.015brk/18-FaceId-0_align.webp,0.023166,1.0,0.1340328629301163
database3/database3/m.015bw2/110-FaceId-0_align.webp,0.01319,1.0,0.1276410382758191
database3/database3/m.015bw2/40-FaceId-0_align.webp,0.013047,1.0,0.1448254284223943
database3/database3/m.015bw2/68-FaceId-0_align.webp,0.00956,1.0,0.1451783642956189
database3/database3/m.015c2f/3-FaceId-0_align.webp,0.072717,0.0,0.1219754328765826
database3/database3/m.015c2f/47-FaceId-0_align.webp,0.01548,0.0,0.1385561022380319
database3/database3/m.015c2f/49-FaceId-0_align.webp,0.031524,0.0,0.1326442843070627
database3/database3/m.015c2f/8-FaceId-0_align.webp,0.126031,0.0,0.1368053175866479
database3/database3/m.015c4g/7-FaceId-0_align.webp,0.000573,1.0,0.1189136882396236
database3/database3/m.015c4g/83-FaceId-0_align.webp,0.000391,1.0,0.1027151408710802
database3/database3/m.015cyn/17-FaceId-0_align.webp,0.046212,1.0,0.1229866777359209
database3/database3/m.015cyn/5-FaceId-0_align.webp,0.152464,1.0,0.1024621024291683
database3/database3/m.015czg/24-FaceId-0_align.webp,0.141052,1.0,0.134849422514874
database3/database3/m.015d2r/66-FaceId-0_align.webp,0.064087,1.0,0.2548389283277785
database3/database3/m.015d2r/86-FaceId-0_align.webp,0.029999,1.0,0.128695452142325
database3/database3/m.015dcj/83-FaceId-0_align.webp,0.023385,1.0,0.1361795079232335
database3/database3/m.015dgg/80-FaceId-0_align.webp,0.001775,1.0,0.1451067389907054
database3/database3/m.015djp/24-FaceId-0_align.webp,0.0,1.0,0.0973327858109667
database3/database3/m.015djp/27-FaceId-0_align.webp,0.037685,1.0,0.1342739607574439
database3/database3/m.015dk3/22-FaceId-0_align.webp,0.027592,1.0,0.1037584009310606
database3/database3/m.015dnt/38-FaceId-0_align.webp,0.001692,1.0,0.1445173948651741
database3/database3/m.015dnt/42-FaceId-1_align.webp,0.102539,1.0,0.0788972800576244
database3/database3/m.015dqj/29-FaceId-0_align.webp,0.034796,1.0,0.1310421462960628
database3/database3/m.015dsz/54-FaceId-1_align.webp,0.002756,1.0,0.105688601483631
database3/database3/m.015dx/106-FaceId-0_align.webp,0.065832,0.0,0.1280404636054065
database3/database3/m.015dx/112-FaceId-0_align.webp,0.282009,0.0,0.1406305828831472
database3/database3/m.015dx/117-FaceId-0_align.webp,0.154935,0.0,0.1131933595287913
database3/database3/m.015dx/16-FaceId-0_align.webp,0.065933,0.0,0.1405278920706402
database3/database3/m.015dx/75-FaceId-0_align.webp,0.127561,0.0,0.1500992352550633
database3/database3/m.015dz8/51-FaceId-0_align.webp,0.051527,1.0,0.1286597573979191
database3/database3/m.015f6_/9-FaceId-0_align.webp,0.050822,1.0,0.1344317770860867
database3/database3/m.015fxn/110-FaceId-1_align.webp,0.050721,0.0,0.1227794607307966
database3/database3/m.015fyd/19-FaceId-0_align.webp,0.055834,0.0,0.1295361020845912
database3/database3/m.015g36/86-FaceId-0_align.webp,0.010069,0.0,0.1222251168177295
database3/database3/m.015g98/4-FaceId-0_align.webp,0.031227,1.0,0.1466636317070497
database3/database3/m.015g_7/108-FaceId-0_align.webp,0.075445,1.0,0.126812970818031
database3/database3/m.015ghl/29-FaceId-0_align.webp,0.035495,0.0,0.1221026078277787
database3/database3/m.015ghl/58-FaceId-0_align.webp,0.114793,0.0,0.097486048955035
database3/database3/m.015ghl/7-FaceId-0_align.webp,0.022651,0.0,0.1085946607022871
database3/database3/m.015gjr/36-FaceId-0_align.webp,0.054888,1.0,0.1273574216714116
database3/database3/m.015gjr/40-FaceId-0_align.webp,0.045893,1.0,0.104372812933568
database3/database3/m.015gjr/84-FaceId-0_align.webp,0.042274,1.0,0.2250206121623048
database3/database3/m.015gqm/96-FaceId-1_align.webp,0.236979,1.0,0.1591907763802866
database3/database3/m.015grj/83-FaceId-0_align.webp,0.0,1.0,0.1012909769782147
database3/database3/m.015grj/95-FaceId-0_align.webp,0.006074,1.0,0.0946956766330461
database3/database3/m.015grj/98-FaceId-0_align.webp,0.00126,1.0,0.0786060323336886
database3/database3/m.015gsv/100-FaceId-0_align.webp,0.087077,1.0,0.1469081391396769
database3/database3/m.015gsv/72-FaceId-0_align.webp,0.017745,1.0,0.1259785239097998
database3/database3/m.015gx1/70-FaceId-0_align.webp,0.056653,1.0,0.127532914238845
database3/database3/m.015gy7/28-FaceId-0_align.webp,0.011386,1.0,0.1395029153896571
database3/database3/m.015gzc/94-FaceId-0_align.webp,0.077714,1.0,0.1269740408100695
database3/database3/m.015h25/3-FaceId-0_align.webp,0.001481,1.0,0.0954574812016472
database3/database3/m.015h7y/30-FaceId-0_align.webp,0.014431,1.0,0.1362666554915833
database3/database3/m.015htz/46-FaceId-0_align.webp,0.135648,0.0,0.1268013986982055
database3/database3/m.015j58/58-FaceId-0_align.webp,0.016994,1.0,0.1266301328727684
database3/database3/m.015j6h/20-FaceId-0_align.webp,0.005265,1.0,0.1351822065044163
database3/database3/m.015j6h/37-FaceId-0_align.webp,0.094841,1.0,0.1592846937644997
database3/database3/m.015j6y/47-FaceId-0_align.webp,0.10488,0.0,0.1585252945118071
database3/database3/m.015j6y/5-FaceId-0_align.webp,0.085053,0.0,0.1217778092382088
database3/database3/m.015j6y/73-FaceId-1_align.webp,0.12413,0.0,0.1307749036037773
database3/database3/m.015j8x/17-FaceId-0_align.webp,0.049084,1.0,0.1407633788611294
database3/database3/m.015j8x/42-FaceId-0_align.webp,0.021866,1.0,0.1912078462661443
database3/database3/m.015jjw/46-FaceId-0_align.webp,0.068702,1.0,0.174913524467215
database3/database3/m.015jjw/69-FaceId-0_align.webp,0.113403,1.0,0.1843243609124452
database3/database3/m.015jvm/105-FaceId-0_align.webp,0.006549,1.0,0.1097076498396
database3/database3/m.015jvm/32-FaceId-0_align.webp,0.01088,1.0,0.1048349261645248
database3/database3/m.015jvm/85-FaceId-0_align.webp,0.111985,1.0,0.1578111573773253
database3/database3/m.015k04/104-FaceId-0_align.webp,0.087765,0.0,0.1093226092191842
database3/database3/m.015k04/33-FaceId-0_align.webp,0.019732,0.0,0.1343914046452693
database3/database3/m.015k04/68-FaceId-0_align.webp,0.032064,0.0,0.129873274007932
database3/database3/m.015k9x/19-FaceId-0_align.webp,0.079615,0.0,0.1272440094148593
database3/database3/m.015k9x/84-FaceId-0_align.webp,0.154994,0.0,0.5459355593480962
database3/database3/m.015kbd/21-FaceId-0_align.webp,0.030994,1.0,0.1059628703193333
database3/database3/m.015kbd/80-FaceId-0_align.webp,0.061754,1.0,0.2849386948649869
database3/database3/m.015khm/4-FaceId-0_align.webp,0.027803,1.0,0.0839106946477704
database3/database3/m.015klf/75-FaceId-0_align.webp,0.0,1.0,0.0874871496658062
database3/database3/m.015ksl/24-FaceId-0_align.webp,0.23069,1.0,0.1270548018142121
database3/database3/m.015ksl/26-FaceId-1_align.webp,0.043132,1.0,0.2705814298935339
database3/database3/m.015ksl/31-FaceId-0_align.webp,0.096817,1.0,0.1290180901930895
database3/database3/m.015ksl/72-FaceId-0_align.webp,0.014945,1.0,0.1280102298908502
database3/database3/m.015ksy/70-FaceId-0_align.webp,0.064697,1.0,0.119812616846837
database3/database3/m.015ksy/90-FaceId-0_align.webp,0.039383,1.0,0.1199430420177482
database3/database3/m.015kt_/7-FaceId-0_align.webp,0.084368,1.0,0.1103742983110701
database3/database3/m.015l1l/126-FaceId-0_align.webp,0.0,1.0,0.0768603480431949
database3/database3/m.015l51/58-FaceId-0_align.webp,0.077217,1.0,0.1105679911958565
database3/database3/m.015lg2/3-FaceId-0_align.webp,0.081487,1.0,0.228609103908071
database3/database3/m.015m2c/35-FaceId-0_align.webp,0.111821,0.0,0.212590011185287
database3/database3/m.015m2c/62-FaceId-0_align.webp,0.107098,0.0,0.19923119323088
database3/database3/m.015m2c/96-FaceId-0_align.webp,0.077293,0.0,0.2141172083561162
database3/database3/m.015m2v/50-FaceId-0_align.webp,0.014038,1.0,0.1135800454083605
database3/database3/m.015m_9/103-FaceId-0_align.webp,0.203457,0.0,0.1667977053060386
database3/database3/m.015m_9/23-FaceId-0_align.webp,0.194385,0.0,0.1278595816170627
database3/database3/m.015mfy/124-FaceId-0_align.webp,0.011509,1.0,0.2001272994555681
database3/database3/m.015mfy/44-FaceId-0_align.webp,0.015486,1.0,0.2120613500367802
database3/database3/m.015ncq/12-FaceId-0_align.webp,0.097302,0.0,0.1307666088113014
database3/database3/m.015ncq/15-FaceId-0_align.webp,0.108176,0.0,0.1316717522230328
database3/database3/m.015ncq/43-FaceId-0_align.webp,0.173231,0.0,0.1848261988936498
database3/database3/m.015nr6/10-FaceId-0_align.webp,0.135309,0.0,0.1139840945103808
database3/database3/m.015nxw/46-FaceId-0_align.webp,0.033616,1.0,0.1299596345190318
database3/database3/m.015nz8/33-FaceId-0_align.webp,0.258768,1.0,0.1284180543414905
database3/database3/m.015p0c/3-FaceId-0_align.webp,0.047687,1.0,0.1075427215813702
database3/database3/m.015p37/5-FaceId-0_align.webp,0.024022,0.0,0.2298053990641413
database3/database3/m.015p3p/83-FaceId-3_align.webp,0.095309,1.0,0.1808968102051547
database3/database3/m.015p_p/4-FaceId-0_align.webp,0.041582,1.0,0.2298534116405438
database3/database3/m.015ph6/52-FaceId-0_align.webp,0.019715,1.0,0.1177136123470976
database3/database3/m.015ph6/9-FaceId-0_align.webp,0.017184,1.0,0.0954706460119312
database3/database3/m.015phm/91-FaceId-0_align.webp,0.017375,1.0,0.0927967990872272
database3/database3/m.015pqq/24-FaceId-0_align.webp,0.179784,0.0,0.1329891895078069
database3/database3/m.015pqq/66-FaceId-0_align.webp,0.136121,0.0,0.2016139522224661
database3/database3/m.015pqq/87-FaceId-0_align.webp,0.018013,0.0,0.1378151262938451
database3/database3/m.015pt7/51-FaceId-0_align.webp,0.127322,1.0,0.1573167430187189
database3/database3/m.015pt7/58-FaceId-0_align.webp,0.035197,1.0,0.1197129682456452
database3/database3/m.015pt7/60-FaceId-0_align.webp,0.049196,1.0,0.1810624989762305
database3/database3/m.015pvh/112-FaceId-0_align.webp,0.330281,0.0,0.1536664222283258
database3/database3/m.015px7/44-FaceId-0_align.webp,0.034165,1.0,0.1197127996176152
database3/database3/m.015px7/91-FaceId-0_align.webp,0.015722,1.0,0.1446833154069332
database3/database3/m.015pxr/76-FaceId-0_align.webp,0.013737,1.0,0.1218546807970913
database3/database3/m.015pxr/85-FaceId-0_align.webp,0.04711,1.0,0.139812108118378
database3/database3/m.015pz3/26-FaceId-0_align.webp,0.029214,1.0,0.1350734946608925
database3/database3/m.015q3m/88-FaceId-0_align.webp,0.02977,1.0,0.0989027913329422
database3/database3/m.015q43/44-FaceId-0_align.webp,0.14431,0.0,0.142943646229968
database3/database3/m.015q43/83-FaceId-0_align.webp,0.202776,0.0,0.1606875939391124
database3/database3/m.015q7v/66-FaceId-0_align.webp,0.123951,1.0,0.1387986765074982
database3/database3/m.015q7v/70-FaceId-0_align.webp,0.084162,1.0,0.1381481446147371
database3/database3/m.015q7v/74-FaceId-0_align.webp,0.166774,1.0,0.2349466210564241
database3/database3/m.015q7v/95-FaceId-0_align.webp,0.114436,1.0,0.1198953855024845
database3/database3/m.015q9_/38-FaceId-0_align.webp,0.073529,1.0,0.1445454931255211
database3/database3/m.015q9_/55-FaceId-0_align.webp,0.228226,1.0,0.1441697542834434
database3/database3/m.015qgb/80-FaceId-0_align.webp,0.240744,0.0,0.1730568937300592
database3/database3/m.015ql4/49-FaceId-0_align.webp,0.010843,1.0,0.122207985817455
database3/database3/m.015ql_/79-FaceId-0_align.webp,0.076307,0.0,0.1454478237107923
database3/database3/m.015qlm/10-FaceId-0_align.webp,0.050821,0.0,0.1369527756346804
database3/database3/m.015qlm/70-FaceId-0_align.webp,0.030997,0.0,0.1367377546917153
database3/database3/m.015qpn/63-FaceId-0_align.webp,0.366396,1.0,0.1043696791514728
database3/database3/m.015qq1/36-FaceId-0_align.webp,0.022633,1.0,0.1096004251966502
database3/database3/m.015qty/73-FaceId-0_align.webp,0.019129,1.0,0.1044604871589539
database3/database3/m.015qty/74-FaceId-0_align.webp,0.007618,1.0,0.1221557751140048
database3/database3/m.015qv9/29-FaceId-0_align.webp,0.006101,1.0,0.1273112247521801
database3/database3/m.015qxn/75-FaceId-0_align.webp,0.029389,1.0,0.100906170605207
database3/database3/m.015qxn/81-FaceId-0_align.webp,0.000968,1.0,0.1702078277782688
database3/database3/m.015qyf/14-FaceId-0_align.webp,0.032701,1.0,0.1324052466434783
database3/database3/m.015qzv/12-FaceId-0_align.webp,0.03298,1.0,0.2216204020181226
database3/database3/m.015qzv/45-FaceId-0_align.webp,0.048204,1.0,0.2041764489285678
database3/database3/m.015qzv/55-FaceId-0_align.webp,0.094832,1.0,0.2613504612515205
database3/database3/m.015qzv/57-FaceId-0_align.webp,0.068867,1.0,0.1501619027704271
database3/database3/m.015r3q/35-FaceId-0_align.webp,0.001755,1.0,0.2097674477809069
database3/database3/m.015r4v/28-FaceId-0_align.webp,0.015627,1.0,0.1417205992963557
database3/database3/m.015rhv/21-FaceId-0_align.webp,0.274759,1.0,0.1929257220116493
database3/database3/m.015rmq/88-FaceId-0_align.webp,0.016982,1.0,0.116020200258734
database3/database3/m.015t_m/31-FaceId-0_align.webp,0.0851,1.0,0.0772444934041425
database3/database3/m.015thk/1-FaceId-0_align.webp,0.117609,1.0,0.123708068426281
database3/database3/m.015thk/47-FaceId-0_align.webp,0.223814,1.0,0.1894902334549828
database3/database3/m.015thk/89-FaceId-0_align.webp,0.010677,1.0,0.2107356809897311
database3/database3/m.015tp7/25-FaceId-0_align.webp,0.089928,1.0,0.1329117419199235
database3/database3/m.015tp7/4-FaceId-0_align.webp,0.078982,1.0,0.1382757226122243
database3/database3/m.015tv5/22-FaceId-0_align.webp,0.009031,1.0,0.1259160974543101
database3/database3/m.015tv5/54-FaceId-0_align.webp,0.027498,1.0,0.1267458967432742
database3/database3/m.015tyq/50-FaceId-0_align.webp,0.029346,1.0,0.161108024272492
database3/database3/m.015tyq/63-FaceId-0_align.webp,0.05956,1.0,0.227137963599989
database3/database3/m.015v98/49-FaceId-0_align.webp,0.062142,0.0,0.1414779950175292
database3/database3/m.015v98/79-FaceId-0_align.webp,0.070144,0.0,0.1393667196266925
database3/database3/m.015vql/63-FaceId-0_align.webp,0.02634,1.0,0.1416010367754512
database3/database3/m.015vyh/54-FaceId-0_align.webp,0.020372,1.0,0.1219152609114912
database3/database3/m.015wfg/59-FaceId-0_align.webp,0.021245,1.0,0.1344981362992247
database3/database3/m.015wfy/41-FaceId-0_align.webp,0.10115,1.0,0.1171996509736757
database3/database3/m.015wfy/43-FaceId-0_align.webp,0.000923,1.0,0.1877291829747948
database3/database3/m.015wfy/78-FaceId-0_align.webp,0.064575,1.0,0.213819470005056
database3/database3/m.015wfy/91-FaceId-0_align.webp,0.156,1.0,0.198398000156967
database3/database3/m.015wgw/16-FaceId-0_align.webp,0.030553,1.0,0.1166942053373133
database3/database3/m.015wgw/5-FaceId-0_align.webp,0.079937,1.0,0.134681077447319
database3/database3/m.015wkb/94-FaceId-0_align.webp,0.010721,1.0,0.1151749368241955
database3/database3/m.015x3n/93-FaceId-0_align.webp,0.0,0.0,0.4365376576657943
database3/database3/m.015x63/126-FaceId-0_align.webp,0.077609,0.0,0.1388982939899865
database3/database3/m.015xnd/46-FaceId-0_align.webp,0.021854,1.0,0.1710764157033877
database3/database3/m.015xnd/72-FaceId-0_align.webp,0.171432,1.0,0.2469478428149147
database3/database3/m.015xsn/17-FaceId-0_align.webp,0.021828,1.0,0.1705334573404982
database3/database3/m.015xww/31-FaceId-0_align.webp,0.075773,1.0,0.113299709285501
database3/database3/m.015xys/54-FaceId-0_align.webp,0.054138,1.0,0.1052909338791541
database3/database3/m.015y4c/42-FaceId-0_align.webp,0.097688,1.0,0.0982203416238041
database3/database3/m.015y4c/72-FaceId-0_align.webp,0.027368,1.0,0.1199328900738939
database3/database3/m.015y4c/79-FaceId-0_align.webp,0.010835,1.0,0.1026679580577587
database3/database3/m.015yb0/108-FaceId-0_align.webp,0.073526,1.0,0.1086366224255113
database3/database3/m.015ybz/5-FaceId-0_align.webp,0.004767,1.0,0.2785104850224071
database3/database3/m.015yg9/69-FaceId-0_align.webp,0.021682,1.0,0.164155023112176
database3/database3/m.015ykr/19-FaceId-0_align.webp,0.078311,0.0,0.1276969292757291
database3/database3/m.015ykr/9-FaceId-0_align.webp,0.026904,0.0,0.1030105912754133
database3/database3/m.015z4j/106-FaceId-1_align.webp,0.203863,0.0,0.1481429558031463
database3/database3/m.015z4j/30-FaceId-0_align.webp,0.022438,0.0,0.1226894081539344
database3/database3/m.015zj4/3-FaceId-0_align.webp,0.026859,1.0,0.1788140169875377
database3/database3/m.015zjx/34-FaceId-0_align.webp,0.188292,1.0,0.1382609495768076
database3/database3/m.015zm4/92-FaceId-0_align.webp,0.019768,1.0,0.1931562127983958
database3/database3/m.015zmm/35-FaceId-0_align.webp,0.071991,0.0,0.1244859766609647
database3/database3/m.016077/95-FaceId-0_align.webp,0.023638,1.0,0.1421654124483493
database3/database3/m.0160pf/102-FaceId-0_align.webp,0.037457,1.0,0.1300146005718568
database3/database3/m.016194/12-FaceId-0_align.webp,0.028771,1.0,0.1298951367636363
database3/database3/m.016194/6-FaceId-0_align.webp,0.025295,1.0,0.1052123690797161
database3/database3/m.0161h5/105-FaceId-0_align.webp,0.042175,0.0,0.1294686830079496
database3/database3/m.0161hn/33-FaceId-0_align.webp,0.010683,1.0,0.1495609740403388
database3/database3/m.0162c8/22-FaceId-0_align.webp,0.021055,1.0,0.1387053436795234
database3/database3/m.0162c8/71-FaceId-0_align.webp,0.041746,1.0,0.133053377112765
database3/database3/m.0162c8/72-FaceId-0_align.webp,0.034776,1.0,0.1346461724892187
database3/database3/m.0162lw/68-FaceId-0_align.webp,0.026272,1.0,0.1265702902301053
database3/database3/m.0162n1/16-FaceId-0_align.webp,0.013549,1.0,0.2131869575949252
database3/database3/m.0162n1/17-FaceId-0_align.webp,0.15524,1.0,0.215477505081817
database3/database3/m.01635v/83-FaceId-0_align.webp,0.001023,1.0,0.0920180157777826
database3/database3/m.0163bt/91-FaceId-0_align.webp,0.100672,1.0,0.1418764149772772
database3/database3/m.0163kf/72-FaceId-0_align.webp,0.120095,0.0,0.1253114527212151
database3/database3/m.0163kf/83-FaceId-0_align.webp,0.098981,0.0,0.1555410266739018
database3/database3/m.0163rk/30-FaceId-0_align.webp,0.022552,1.0,0.1275706061641543
database3/database3/m.0163s9/24-FaceId-0_align.webp,0.074147,1.0,0.1295965177879781
database3/database3/m.0163s9/74-FaceId-0_align.webp,0.166715,1.0,0.1373007894954318
database3/database3/m.0163t3/106-FaceId-0_align.webp,0.195337,0.0,0.1389859586393431
database3/database3/m.0163t3/9-FaceId-0_align.webp,0.08181,0.0,0.1307525892003437
database3/database3/m.0163y8/74-FaceId-0_align.webp,0.077227,1.0,0.1396874685282796
database3/database3/m.0164c4/60-FaceId-0_align.webp,0.111711,0.0,0.1206522396609385
database3/database3/m.0164lp/69-FaceId-0_align.webp,0.064522,1.0,0.1020295721710945
database3/database3/m.0164lp/92-FaceId-0_align.webp,0.151037,1.0,0.2160772940305891
database3/database3/m.0164nb/3-FaceId-0_align.webp,0.089532,1.0,0.1279421963595509
database3/database3/m.0164y7/34-FaceId-0_align.webp,0.005214,1.0,0.1232422576779456
database3/database3/m.0165cp/26-FaceId-0_align.webp,0.006703,0.0,0.1111938771666779
database3/database3/m.0165cp/52-FaceId-0_align.webp,0.057554,0.0,0.1022710207078152
database3/database3/m.0165gc/85-FaceId-0_align.webp,0.006716,1.0,0.1117693413537665
database3/database3/m.0165gc/99-FaceId-0_align.webp,0.120842,1.0,0.1348063686022994
database3/database3/m.0165ky/57-FaceId-0_align.webp,0.015031,1.0,0.176608848518822
database3/database3/m.0165n5/59-FaceId-0_align.webp,0.014306,0.0,0.0940678074923699
database3/database3/m.01666h/59-FaceId-0_align.webp,0.366126,0.0,0.1521832428403718
database3/database3/m.01666h/65-FaceId-0_align.webp,0.324656,0.0,0.165130657213235
database3/database3/m.0166rp/41-FaceId-0_align.webp,0.108225,1.0,0.1301662589002415
database3/database3/m.0166rp/55-FaceId-0_align.webp,0.058677,1.0,0.1618688271589542
database3/database3/m.0166w_/52-FaceId-0_align.webp,0.055626,1.0,0.1154659191511985
database3/database3/m.0166w_/7-FaceId-0_align.webp,0.051227,1.0,0.0959155806319789
database3/database3/m.0166yl/4-FaceId-0_align.webp,0.128426,1.0,0.1082286874979752
database3/database3/m.0166yl/42-FaceId-0_align.webp,0.00821,1.0,0.1165132085325363
database3/database3/m.0166zk/13-FaceId-0_align.webp,0.040817,1.0,0.2388414285792629
database3/database3/m.0166zk/42-FaceId-0_align.webp,0.020069,1.0,0.1895171343432496
database3/database3/m.0166zk/72-FaceId-0_align.webp,0.015452,1.0,0.1285857035835865
database3/database3/m.01678_/78-FaceId-0_align.webp,0.014927,1.0,0.1037078214928046
database3/database3/m.0167h6/35-FaceId-0_align.webp,0.000892,1.0,0.1072237963895925
database3/database3/m.0167xk/87-FaceId-0_align.webp,0.035118,1.0,0.1390185708024995
database3/database3/m.016883/25-FaceId-0_align.webp,0.021581,1.0,0.1283155246800976
database3/database3/m.016883/35-FaceId-0_align.webp,0.016967,1.0,0.1487975660055426
database3/database3/m.016883/79-FaceId-0_align.webp,0.042662,1.0,0.1293654200507111
database3/database3/m.0168cl/73-FaceId-0_align.webp,0.16573,1.0,0.1206906934830346
database3/database3/m.0168ql/60-FaceId-0_align.webp,0.01118,1.0,0.0821353303084212
database3/database3/m.0168vx/9-FaceId-0_align.webp,0.182986,0.0,0.1164812195864407
database3/database3/m.01693z/106-FaceId-0_align.webp,0.308514,1.0,0.1686596548209989
database3/database3/m.01693z/67-FaceId-0_align.webp,0.053019,1.0,0.1143826400102251
database3/database3/m.016959/105-FaceId-0_align.webp,0.10109,1.0,0.1646948286803725
database3/database3/m.016959/51-FaceId-0_align.webp,0.067755,1.0,0.1424934919103095
database3/database3/m.0169ff/102-FaceId-0_align.webp,0.033338,1.0,0.1550728594741016
database3/database3/m.0169ff/36-FaceId-0_align.webp,0.024259,1.0,0.1326985567737107
database3/database3/m.0169ff/79-FaceId-0_align.webp,0.137366,1.0,0.1362212273926801
database3/database3/m.0169mh/14-FaceId-0_align.webp,0.084985,0.0,0.163138800772536
database3/database3/m.0169r6/43-FaceId-0_align.webp,0.109367,0.0,0.1472124217782233
database3/database3/m.0169v2/37-FaceId-0_align.webp,0.237432,0.0,0.1511149692367825
database3/database3/m.0169v2/60-FaceId-0_align.webp,0.294775,0.0,0.1581395097246685
database3/database3/m.0169x_/12-FaceId-0_align.webp,0.169443,1.0,0.109357067864705
database3/database3/m.016_js/82-FaceId-0_align.webp,0.00161,0.0,0.111581940692456
database3/database3/m.016_js/90-FaceId-0_align.webp,0.074161,0.0,0.134358354295599
database3/database3/m.016_mj/9-FaceId-0_align.webp,0.005546,1.0,0.1328336812526734
database3/database3/m.016b6z/92-FaceId-0_align.webp,0.053278,1.0,0.1540819688841451
database3/database3/m.016b90/0-FaceId-0_align.webp,0.006801,1.0,0.114346870332864
database3/database3/m.016b90/79-FaceId-0_align.webp,0.0,1.0,0.0636192976165263
database3/database3/m.016b90/8-FaceId-0_align.webp,0.046454,1.0,0.0931619519401272
database3/database3/m.016b90/93-FaceId-0_align.webp,0.01334,1.0,0.1148217590212169
database3/database3/m.016cn6/6-FaceId-0_align.webp,0.062721,1.0,0.1650394263857087
database3/database3/m.016cn6/90-FaceId-0_align.webp,0.090699,1.0,0.124607934354744
database3/database3/m.016cz6/23-FaceId-1_align.webp,0.213677,1.0,0.3797887307210232
database3/database3/m.016db7/11-FaceId-0_align.webp,0.00104,1.0,0.1517373443862422
database3/database3/m.016dbr/42-FaceId-0_align.webp,0.02227,1.0,0.1307570339418207
database3/database3/m.016fjj/77-FaceId-0_align.webp,0.012807,1.0,0.127454641624294
database3/database3/m.016fnv/40-FaceId-0_align.webp,0.049743,1.0,0.1266359112820372
database3/database3/m.016g29/40-FaceId-0_align.webp,0.003894,1.0,0.1509266747275602
database3/database3/m.016g29/95-FaceId-0_align.webp,0.017798,1.0,0.0932802963088996
database3/database3/m.016ggh/74-FaceId-0_align.webp,0.004674,1.0,0.1111299388019847
database3/database3/m.016ghw/12-FaceId-0_align.webp,0.035794,1.0,0.181920774015328
database3/database3/m.016gkf/85-FaceId-0_align.webp,0.159983,1.0,0.1344250083968433
database3/database3/m.016gnp/45-FaceId-0_align.webp,0.027576,1.0,0.1191013803175604
database3/database3/m.016gnp/48-FaceId-0_align.webp,0.0,1.0,0.133633656551328
database3/database3/m.016gr2/107-FaceId-0_align.webp,0.0,1.0,0.1558975019825136
database3/database3/m.016gr2/38-FaceId-0_align.webp,0.0,1.0,0.0949523452356204
database3/database3/m.016hgp/12-FaceId-0_align.webp,0.055372,0.0,0.1255356744407003
database3/database3/m.016hgp/32-FaceId-12_align.webp,0.159452,0.0,0.2751967697212812
database3/database3/m.016hgp/77-FaceId-4_align.webp,0.110387,0.0,0.121510793655719
database3/database3/m.016hgp/77-FaceId-7_align.webp,0.08977,0.0,0.1248525599577093
database3/database3/m.016hgp/77-FaceId-9_align.webp,0.121788,0.0,0.1269650265437683
database3/database3/m.016hj7/88-FaceId-0_align.webp,0.028831,1.0,0.1036623742851761
database3/database3/m.016hk4/98-FaceId-0_align.webp,0.002253,1.0,0.1225812929120467
database3/database3/m.016hmf/90-FaceId-0_align.webp,0.168251,1.0,0.1499437397656789
database3/database3/m.016hrc/46-FaceId-0_align.webp,0.064797,0.0,0.1427908173752169
database3/database3/m.016htr/23-FaceId-0_align.webp,0.041326,1.0,0.125238954168439
database3/database3/m.016htr/80-FaceId-0_align.webp,0.0,1.0,0.2435516742756642
database3/database3/m.016hvl/14-FaceId-0_align.webp,0.018608,1.0,0.1529624363377785
database3/database3/m.016hvl/79-FaceId-0_align.webp,0.027134,1.0,0.136859512100791
database3/database3/m.016hzm/79-FaceId-0_align.webp,0.040554,1.0,0.1935571376378925
database3/database3/m.016j4q/17-FaceId-0_align.webp,0.014713,1.0,0.5760907543149955
database3/database3/m.016j4q/73-FaceId-0_align.webp,0.027874,1.0,0.283862031322721
database3/database3/m.016j55/23-FaceId-0_align.webp,0.003044,1.0,0.1533751580065054
database3/database3/m.016j_c/80-FaceId-0_align.webp,0.167359,0.0,0.1459793188324475
database3/database3/m.016k0j/73-FaceId-0_align.webp,0.021214,0.0,0.1319498756329498
database3/database3/m.016k38/76-FaceId-0_align.webp,0.03171,1.0,0.1737225320789569
database3/database3/m.016k38/86-FaceId-0_align.webp,0.0969,1.0,0.2089312570964385
database3/database3/m.016k58/57-FaceId-0_align.webp,0.285077,0.0,0.1522712897772781
database3/database3/m.016k6x/11-FaceId-0_align.webp,0.0,1.0,0.1010940131435825
database3/database3/m.016k6x/19-FaceId-0_align.webp,0.0,1.0,0.0906349473400432
database3/database3/m.016k92/3-FaceId-0_align.webp,0.164786,1.0,0.1545252593744809
database3/database3/m.016k92/39-FaceId-0_align.webp,0.115077,1.0,0.151999924458892
database3/database3/m.016k92/53-FaceId-0_align.webp,0.124335,1.0,0.1525298084873575
database3/database3/m.016k_v/117-FaceId-0_align.webp,0.172292,0.0,0.1258958478337517
database3/database3/m.016k_v/31-FaceId-0_align.webp,0.103765,0.0,0.1331609662516976
database3/database3/m.016k_v/6-FaceId-0_align.webp,0.102662,0.0,0.1287514920343723
database3/database3/m.016kdv/96-FaceId-0_align.webp,0.10171,1.0,0.1173099720022536
database3/database3/m.016kft/30-FaceId-0_align.webp,0.094506,1.0,0.1463573981206118
database3/database3/m.016khd/116-FaceId-0_align.webp,0.014365,1.0,0.2212242973512855
database3/database3/m.016khd/18-FaceId-0_align.webp,0.045446,1.0,0.1610048608747069
database3/database3/m.016khd/77-FaceId-0_align.webp,0.016363,1.0,0.1129700593938816
database3/database3/m.016kjs/51-FaceId-0_align.webp,0.103247,1.0,0.1311635673998391
database3/database3/m.016kqk/22-FaceId-0_align.webp,0.109366,1.0,0.1596155644950452
database3/database3/m.016kqk/57-FaceId-0_align.webp,0.028005,1.0,0.16520622115494
database3/database3/m.016ksk/77-FaceId-0_align.webp,0.033554,1.0,0.1796867860250708
database3/database3/m.016l53/34-FaceId-0_align.webp,0.004644,1.0,0.2215488064761283
database3/database3/m.016l_5/13-FaceId-1_align.webp,0.028409,0.0,0.2259502222725536
database3/database3/m.016l_5/23-FaceId-0_align.webp,0.13632,0.0,0.1319092926271244
database3/database3/m.016l_5/69-FaceId-0_align.webp,0.067658,0.0,0.1245977997197812
database3/database3/m.016lb3/2-FaceId-0_align.webp,0.005513,1.0,0.1182420911599016
database3/database3/m.016lh0/74-FaceId-0_align.webp,0.000336,1.0,0.1191052496176077
database3/database3/m.016m0v/15-FaceId-0_align.webp,0.003574,1.0,0.1891465634817037
database3/database3/m.016m0v/47-FaceId-0_align.webp,0.010823,1.0,0.207346466918632
database3/database3/m.016m0v/48-FaceId-0_align.webp,0.006305,1.0,0.1557708282558285
database3/database3/m.016mgj/22-FaceId-0_align.webp,0.177659,0.0,0.1345590741549301
database3/database3/m.016mgj/72-FaceId-0_align.webp,0.141048,0.0,0.2313727990746936
database3/database3/m.016ntp/45-FaceId-0_align.webp,0.056576,0.0,0.3011885637568651
database3/database3/m.016ntp/58-FaceId-0_align.webp,0.194583,0.0,0.2256383162958612
database3/database3/m.016ntp/78-FaceId-0_align.webp,0.262576,0.0,0.1712393061534184
database3/database3/m.016ntp/85-FaceId-0_align.webp,0.141759,0.0,0.1529218647307736
database3/database3/m.016nvh/2-FaceId-0_align.webp,0.143526,1.0,0.1491977136118303
database3/database3/m.016nvy/82-FaceId-0_align.webp,0.14288,0.0,0.1319496955038245
database3/database3/m.016nws/82-FaceId-0_align.webp,0.154826,1.0,0.1506090306843587
database3/database3/m.016pns/55-FaceId-0_align.webp,0.055966,1.0,0.1464729089100194
database3/database3/m.016q0w/27-FaceId-0_align.webp,0.009996,1.0,0.1337059374306073
database3/database3/m.016q2n/25-FaceId-0_align.webp,0.030179,0.0,0.1283923285792674
database3/database3/m.016q2n/89-FaceId-0_align.webp,0.007529,0.0,0.1382202694204715
database3/database3/m.016q4_/99-FaceId-1_align.webp,0.000294,0.0,0.1100237226199024
database3/database3/m.016qrb/16-FaceId-0_align.webp,0.039165,0.0,0.1324426493700782
database3/database3/m.016qrb/78-FaceId-0_align.webp,0.145711,0.0,0.117828257412586
database3/database3/m.016qtt/15-FaceId-0_align.webp,0.187503,1.0,0.1367965296111318
database3/database3/m.016qtt/25-FaceId-0_align.webp,0.283035,1.0,0.1342337513483682
database3/database3/m.016r3x/42-FaceId-0_align.webp,0.001242,1.0,0.0839411623025952
database3/database3/m.016r3x/44-FaceId-0_align.webp,0.007495,1.0,0.1307118400818177
database3/database3/m.016sff/35-FaceId-0_align.webp,0.025858,1.0,0.2912994559035518
database3/database3/m.016sp_/9-FaceId-0_align.webp,0.355835,1.0,0.119282136112421
database3/database3/m.016swh/38-FaceId-0_align.webp,0.0,1.0,0.1094814178602433
database3/database3/m.016sz1/68-FaceId-0_align.webp,0.00381,1.0,0.1431294717420407
database3/database3/m.016szr/0-FaceId-0_align.webp,0.081751,1.0,0.230291703105186
database3/database3/m.016szr/31-FaceId-0_align.webp,0.150774,1.0,0.2157028829369234
database3/database3/m.016t00/27-FaceId-0_align.webp,0.010723,1.0,0.1523148784576212
database3/database3/m.016t00/29-FaceId-0_align.webp,0.026052,1.0,0.1408236811810622
database3/database3/m.016t00/49-FaceId-0_align.webp,0.061342,1.0,0.1580451088143731
database3/database3/m.016tb7/64-FaceId-0_align.webp,0.020212,0.0,0.1256203340407455
database3/database3/m.016tbr/53-FaceId-0_align.webp,0.052696,1.0,0.1443622781667433
database3/database3/m.016tbr/91-FaceId-0_align.webp,0.278026,1.0,0.1696521737458544
database3/database3/m.016tbr/97-FaceId-0_align.webp,0.035531,1.0,0.1529835539867053
database3/database3/m.016tcm/7-FaceId-0_align.webp,0.0,1.0,0.1243196806697598
database3/database3/m.016tqw/18-FaceId-0_align.webp,0.009857,1.0,0.1270830752926116
database3/database3/m.016vqk/91-FaceId-0_align.webp,0.041054,1.0,0.1271090765372207
database3/database3/m.016vxj/34-FaceId-0_align.webp,0.081238,1.0,0.1158595399784268
database3/database3/m.016vy9/16-FaceId-0_align.webp,0.135759,0.0,0.1377163546121071
database3/database3/m.016vy9/41-FaceId-0_align.webp,0.023537,0.0,0.1223918477968763
database3/database3/m.016vyp/28-FaceId-0_align.webp,0.086364,1.0,0.1308094344584612
database3/database3/m.016vyp/92-FaceId-0_align.webp,0.043472,1.0,0.1228840580119255
database3/database3/m.016wdq/47-FaceId-0_align.webp,0.021942,1.0,0.2955330579691647
database3/database3/m.016wvy/16-FaceId-0_align.webp,0.016451,1.0,0.1278472757491705
database3/database3/m.016wvy/70-FaceId-0_align.webp,0.279688,1.0,0.1613926301701435
database3/database3/m.016wvy/90-FaceId-0_align.webp,0.0652,1.0,0.2373881083098256
database3/database3/m.016xk5/94-FaceId-0_align.webp,0.039665,1.0,0.120503309798643
database3/database3/m.016yr0/49-FaceId-0_align.webp,0.028821,1.0,0.1224246173110395
database3/database3/m.016yr0/53-FaceId-0_align.webp,0.03224,1.0,0.1178106828627498
database3/database3/m.016yr0/98-FaceId-0_align.webp,0.103354,1.0,0.1390976707810325
database3/database3/m.016ywr/2-FaceId-0_align.webp,0.022088,1.0,0.158108878338011
database3/database3/m.016ywr/21-FaceId-0_align.webp,0.053813,1.0,0.141532011560632
database3/database3/m.016ywr/76-FaceId-0_align.webp,0.0,1.0,0.1083140972455003
database3/database3/m.016z3d/40-FaceId-0_align.webp,0.041987,1.0,0.1238057546059298
database3/database3/m.016z3d/43-FaceId-0_align.webp,0.184794,1.0,0.1365029433065297
database3/database3/m.016z3d/48-FaceId-0_align.webp,0.181018,1.0,0.1316443046889115
database3/database3/m.016z68/21-FaceId-0_align.webp,0.185954,1.0,0.1521158548529889
database3/database3/m.016z68/89-FaceId-0_align.webp,0.268667,1.0,0.1493612350566818
database3/database3/m.016zp5/13-FaceId-0_align.webp,0.016071,1.0,0.1083376687022493
database3/database3/m.016zp5/31-FaceId-0_align.webp,0.101464,1.0,0.235149782133199
database3/database3/m.016zp5/64-FaceId-0_align.webp,0.006697,1.0,0.1241098648164189
database3/database3/m.016zp5/68-FaceId-0_align.webp,0.014376,1.0,0.1307881547193248
database3/database3/m.016zvk/22-FaceId-0_align.webp,0.104809,0.0,0.1378374121352438
database3/database3/m.016zvk/81-FaceId-0_align.webp,0.147393,0.0,0.1368801525130882
database3/database3/m.016zvk/88-FaceId-0_align.webp,0.080384,0.0,0.10223062832003
database3/database3/m.016zvk/91-FaceId-0_align.webp,0.084334,0.0,0.1286467490500901
database3/database3/m.0170pk/112-FaceId-0_align.webp,0.029113,1.0,0.188068686775838
database3/database3/m.0170pk/32-FaceId-0_align.webp,0.0,1.0,0.1883721257404635
database3/database3/m.0170pk/71-FaceId-0_align.webp,0.003334,1.0,0.1384104309470053
database3/database3/m.0170pk/93-FaceId-0_align.webp,0.020024,1.0,0.2111242058784216
database3/database3/m.0170q1/39-FaceId-0_align.webp,0.098023,0.0,0.1822113378491425
database3/database3/m.0170qf/10-FaceId-0_align.webp,0.012168,1.0,0.1198482398173173
database3/database3/m.0170qf/66-FaceId-0_align.webp,0.173717,1.0,0.1480974978909077
database3/database3/m.0170s4/35-FaceId-0_align.webp,0.00841,1.0,0.1385361783127386
database3/database3/m.0170s4/44-FaceId-0_align.webp,0.007374,1.0,0.0879447841743694
database3/database3/m.0170s4/48-FaceId-0_align.webp,0.0,1.0,0.0928307907724086
database3/database3/m.0170s4/85-FaceId-0_align.webp,0.00918,1.0,0.1179227292751058
database3/database3/m.0170s4/86-FaceId-0_align.webp,0.00659,1.0,0.1113103756842968
database3/database3/m.0170zz/7-FaceId-0_align.webp,0.0033,1.0,0.1742272355884281
database3/database3/m.017115/2-FaceId-0_align.webp,0.178391,1.0,0.1760946098582856
database3/database3/m.0171cm/52-FaceId-0_align.webp,0.078391,1.0,0.2322218875275868
database3/database3/m.0171cm/9-FaceId-0_align.webp,0.020679,1.0,0.224037935460884
database3/database3/m.0171dv/105-FaceId-0_align.webp,0.019879,1.0,0.1035047368361747
database3/database3/m.0171dv/106-FaceId-0_align.webp,0.079343,1.0,0.1222724957239285
database3/database3/m.0171z8/39-FaceId-0_align.webp,0.1172,0.0,0.3623591589317828
database3/database3/m.01721f/98-FaceId-0_align.webp,0.00066,1.0,0.084875863181375
database3/database3/m.01728m/45-FaceId-0_align.webp,0.026608,1.0,0.1863178390446779
database3/database3/m.01734j/10-FaceId-0_align.webp,0.107434,1.0,0.2112079253625005
database3/database3/m.01737y/7-FaceId-0_align.webp,0.023524,1.0,0.113029392687089
database3/database3/m.0173cq/55-FaceId-0_align.webp,0.0687,0.0,0.1387949463032101
database3/database3/m.0173cq/82-FaceId-0_align.webp,0.052898,0.0,0.1040696761316
database3/database3/m.0173p_/66-FaceId-0_align.webp,0.12779,0.0,0.1696994623268351
database3/database3/m.0173p_/82-FaceId-0_align.webp,0.039784,0.0,0.1246157759861316
database3/database3/m.0173p_/97-FaceId-0_align.webp,0.06989,0.0,0.1336436091468659
database3/database3/m.0173s_/56-FaceId-0_align.webp,0.320216,0.0,0.1359286805199301
database3/database3/m.01741h/75-FaceId-0_align.webp,0.057681,1.0,0.2452815929177891
database3/database3/m.01742l/53-FaceId-0_align.webp,0.210558,0.0,0.1701270024263367
database3/database3/m.01744d/24-FaceId-0_align.webp,0.021138,1.0,0.1304676665675883
database3/database3/m.01744d/66-FaceId-0_align.webp,0.069833,1.0,0.1388221813173045
database3/database3/m.017458/60-FaceId-0_align.webp,0.031087,1.0,0.2875223214357761
database3/database3/m.0174z2/31-FaceId-0_align.webp,0.019356,1.0,0.1226710963066914
database3/database3/m.0175m_/104-FaceId-0_align.webp,0.011519,1.0,0.1681354981346176
database3/database3/m.0175m_/106-FaceId-0_align.webp,0.008092,1.0,0.1171553591017522
database3/database3/m.0175s7/91-FaceId-0_align.webp,0.271553,1.0,0.168641738661374
database3/database3/m.0175w3/23-FaceId-0_align.webp,0.084707,1.0,0.2125197430356506
database3/database3/m.0175w3/40-FaceId-0_align.webp,0.14122,1.0,0.2697076880980336
database3/database3/m.0175w3/8-FaceId-0_align.webp,0.022898,1.0,0.3074918221661262
database3/database3/m.01762z/69-FaceId-0_align.webp,0.001793,1.0,0.1129624347952985
database3/database3/m.017729/106-FaceId-0_align.webp,0.004005,1.0,0.131922487152056
database3/database3/m.01772q/118-FaceId-0_align.webp,0.005376,1.0,0.0988841208637887
database3/database3/m.01778_/1-FaceId-0_align.webp,0.151831,0.0,0.232186283702164
database3/database3/m.01778_/5-FaceId-0_align.webp,0.080886,0.0,0.2097470395433974
database3/database3/m.0177s6/54-FaceId-0_align.webp,0.003871,1.0,0.2555874735372816
database3/database3/m.0177s6/83-FaceId-0_align.webp,0.194958,1.0,0.2189701965994734
database3/database3/m.0178_j/46-FaceId-0_align.webp,0.038586,1.0,0.2032187420512197
database3/database3/m.0178d6/53-FaceId-0_align.webp,0.019408,1.0,0.118846186048365
database3/database3/m.0178d6/9-FaceId-0_align.webp,0.038126,1.0,0.1361282762085442
database3/database3/m.0178sb/20-FaceId-0_align.webp,0.025953,1.0,0.1147978223373875
database3/database3/m.01791s/104-FaceId-0_align.webp,0.057011,1.0,0.3476564651931913
database3/database3/m.01793l/15-FaceId-0_align.webp,0.11519,1.0,0.255054126918088
database3/database3/m.01793l/3-FaceId-0_align.webp,0.021997,1.0,0.2096601212546035
database3/database3/m.01793l/48-FaceId-0_align.webp,0.070141,1.0,0.2822791595046453
database3/database3/m.01793l/77-FaceId-0_align.webp,0.068916,1.0,0.2527854801020778
database3/database3/m.01794d/22-FaceId-0_align.webp,0.132698,1.0,0.1266569994361867
database3/database3/m.0179n7/47-FaceId-0_align.webp,0.025063,1.0,0.1267485645884176
database3/database3/m.0179ys/22-FaceId-0_align.webp,0.03888,1.0,0.1518573168891565
database3/database3/m.017_65/24-FaceId-0_align.webp,0.104039,1.0,0.1894759033669079
database3/database3/m.017__g/2-FaceId-0_align.webp,0.026314,1.0,0.1203854674284682
database3/database3/m.017__g/30-FaceId-0_align.webp,0.064708,1.0,0.1450140938803737
database3/database3/m.017_dr/0-FaceId-1_align.webp,0.037641,1.0,0.2067285376375395
database3/database3/m.017_dr/14-FaceId-0_align.webp,0.005491,1.0,0.1476085433251554
database3/database3/m.017_dr/47-FaceId-0_align.webp,0.191478,1.0,0.1451607341657623
database3/database3/m.017_dr/57-FaceId-0_align.webp,0.038308,1.0,0.2398122894697489
database3/database3/m.017_j4/45-FaceId-0_align.webp,0.032452,1.0,0.2053135369515639
database3/database3/m.017_j4/54-FaceId-0_align.webp,0.009302,1.0,0.2075148917923706
database3/database3/m.017_j4/93-FaceId-0_align.webp,0.05205,1.0,0.3034003281886064
database3/database3/m.017_l1/23-FaceId-0_align.webp,0.033635,1.0,0.1110744699361792
database3/database3/m.017_l1/5-FaceId-0_align.webp,0.0,1.0,0.1073672619767826
database3/database3/m.017_xx/84-FaceId-0_align.webp,0.180042,0.0,0.1368553511326122
database3/database3/m.017bd/83-FaceId-0_align.webp,0.002036,1.0,0.1879788260539764
database3/database3/m.017bd/85-FaceId-0_align.webp,0.002715,1.0,0.2168049573356958
database3/database3/m.017bk6/90-FaceId-2_align.webp,0.056904,0.0,0.1181934022895936
database3/database3/m.017bxq/72-FaceId-0_align.webp,0.032315,1.0,0.1778203806231549
database3/database3/m.017c87/108-FaceId-0_align.webp,0.012746,1.0,0.1990285343912701
database3/database3/m.017c87/7-FaceId-0_align.webp,0.008884,1.0,0.0945562814571684
database3/database3/m.017cgg/62-FaceId-0_align.webp,0.009893,1.0,0.2193896946707365
database3/database3/m.017d3v/21-FaceId-0_align.webp,0.000486,1.0,0.0687179350381992
database3/database3/m.017dpj/104-FaceId-0_align.webp,0.159674,1.0,0.2211590331294757
database3/database3/m.017dpj/116-FaceId-0_align.webp,0.004563,1.0,0.1813659707938656
database3/database3/m.017dpj/14-FaceId-0_align.webp,0.012759,1.0,0.1748515903388416
database3/database3/m.017dpj/6-FaceId-0_align.webp,0.157516,1.0,0.2245309540306452
database3/database3/m.017dpj/81-FaceId-0_align.webp,0.117413,1.0,0.286920822360645
database3/database3/m.017dpj/98-FaceId-0_align.webp,0.093515,1.0,0.2097358567816351
database3/database3/m.017f4y/21-FaceId-0_align.webp,0.009046,1.0,0.1344972791202421
database3/database3/m.017fgp/17-FaceId-0_align.webp,0.004873,1.0,0.1905580602551124
database3/database3/m.017fhk/5-FaceId-0_align.webp,0.05945,1.0,0.19907112273617
database3/database3/m.017fhk/70-FaceId-0_align.webp,0.025921,1.0,0.1026731963752002
database3/database3/m.017fhk/87-FaceId-0_align.webp,0.146412,1.0,0.1959086007962121
database3/database3/m.017fj_/2-FaceId-0_align.webp,0.022486,1.0,0.1234839315549281
database3/database3/m.017fj_/97-FaceId-0_align.webp,0.013264,1.0,0.2324291523147424
database3/database3/m.017fks/21-FaceId-0_align.webp,0.013755,1.0,0.1231682592883521
database3/database3/m.017fks/34-FaceId-0_align.webp,0.010024,1.0,0.2067860833227741
database3/database3/m.017fl5/7-FaceId-0_align.webp,0.088967,1.0,0.1394781111816774
database3/database3/m.017fl5/89-FaceId-0_align.webp,0.156395,1.0,0.1825811551598943
database3/database3/m.017fl_/0-FaceId-0_align.webp,0.016489,1.0,0.2482163238812892
database3/database3/m.017fp0/26-FaceId-0_align.webp,0.014762,1.0,0.1086822202132217
database3/database3/m.017fp0/70-FaceId-0_align.webp,0.102621,1.0,0.1375179679920348
database3/database3/m.017fp0/85-FaceId-0_align.webp,0.016216,1.0,0.1363010010058751
database3/database3/m.017fp0/92-FaceId-0_align.webp,0.03683,1.0,0.2303682051312152
database3/database3/m.017frf/2-FaceId-0_align.webp,0.239226,1.0,0.1160337123783012
database3/database3/m.017frf/48-FaceId-0_align.webp,0.242631,1.0,0.1307287344612786
database3/database3/m.017ft0/4-FaceId-0_align.webp,0.025186,0.0,0.1187872378810274
database3/database3/m.017fxp/62-FaceId-0_align.webp,0.006207,1.0,0.1766057213070006
database3/database3/m.017fzy/33-FaceId-0_align.webp,0.135665,1.0,0.116141120811063
database3/database3/m.017fzy/38-FaceId-0_align.webp,0.020138,1.0,0.1375616719058162
database3/database3/m.017fzy/44-FaceId-0_align.webp,0.119262,1.0,0.1489517468051001
database3/database3/m.017fzy/7-FaceId-0_align.webp,0.042513,1.0,0.1254610249385919
database3/database3/m.017fzy/84-FaceId-0_align.webp,0.1089,1.0,0.1396157464729933
database3/database3/m.017fzy/88-FaceId-0_align.webp,0.093437,1.0,0.1226382165246266
database3/database3/m.017g21/51-FaceId-0_align.webp,0.121234,1.0,0.1503583817677605
database3/database3/m.017g2y/13-FaceId-0_align.webp,0.026164,1.0,0.1256930112962924
database3/database3/m.017gd_/53-FaceId-0_align.webp,0.006889,1.0,0.2306955642590472
database3/database3/m.017gd_/59-FaceId-0_align.webp,0.012556,1.0,0.1849575582372591
database3/database3/m.017gxw/53-FaceId-0_align.webp,0.064935,0.0,0.1300307564755253
database3/database3/m.017h4c/0-FaceId-0_align.webp,0.049628,1.0,0.2144280997936516
database3/database3/m.017h_2/23-FaceId-0_align.webp,0.06887,1.0,0.2349360661737223
database3/database3/m.017hgl/21-FaceId-0_align.webp,0.089799,1.0,0.1483125078985109
database3/database3/m.017hgl/42-FaceId-0_align.webp,0.004642,1.0,0.1392276533899739
database3/database3/m.017hjk/57-FaceId-0_align.webp,0.009431,1.0,0.1515074085853431
database3/database3/m.017hm9/3-FaceId-0_align.webp,0.001744,1.0,0.1760454240960464
database3/database3/m.017hm9/36-FaceId-0_align.webp,0.002432,1.0,0.1354460245605726
database3/database3/m.017hw4/23-FaceId-0_align.webp,0.000412,1.0,0.1341148155809349
database3/database3/m.017hwl/3-FaceId-0_align.webp,0.014017,1.0,0.232656570341163
database3/database3/m.017j1w/26-FaceId-0_align.webp,0.021211,1.0,0.1088072328777495
database3/database3/m.017j1w/35-FaceId-0_align.webp,0.039099,1.0,0.2709231069429353
database3/database3/m.017j1w/8-FaceId-0_align.webp,0.052854,1.0,0.1100380769169729
database3/database3/m.017j2b/85-FaceId-0_align.webp,0.008707,1.0,0.1627624014414765
database3/database3/m.017jwg/17-FaceId-0_align.webp,0.002376,1.0,0.144681227461775
database3/database3/m.017jwg/53-FaceId-0_align.webp,0.066995,0.0,0.1405426918042643
database3/database3/m.017jwg/82-FaceId-0_align.webp,0.035246,1.0,0.1445504632279821
database3/database3/m.017kb5/32-FaceId-0_align.webp,0.006182,1.0,0.131451106239448
database3/database3/m.017kgm/108-FaceId-1_align.webp,0.015319,1.0,0.0833504197879317
database3/database3/m.017kgm/94-FaceId-0_align.webp,0.003416,1.0,0.0989230585892019
database3/database3/m.017kq/37-FaceId-0_align.webp,0.040762,1.0,0.2161080649337038
database3/database3/m.017kq/48-FaceId-0_align.webp,0.009092,1.0,0.2034636327013536
database3/database3/m.017l4/11-FaceId-0_align.webp,0.001488,1.0,0.1163674300127032
database3/database3/m.017l4/73-FaceId-0_align.webp,0.09873,1.0,0.1392972217075051
database3/database3/m.017l4/80-FaceId-0_align.webp,0.025497,1.0,0.2120005702696507
database3/database3/m.017l7y/97-FaceId-0_align.webp,0.002424,1.0,0.1156079710190786
database3/database3/m.017lcg/63-FaceId-0_align.webp,0.136168,1.0,0.1350013291680812
database3/database3/m.017m2y/105-FaceId-0_align.webp,0.084072,0.0,0.1314428913539298
database3/database3/m.017m2y/30-FaceId-0_align.webp,0.20052,0.0,0.1420462589251338
database3/database3/m.017mrb/26-FaceId-0_align.webp,0.125876,1.0,0.1274921817084625
database3/database3/m.017q3j/27-FaceId-0_align.webp,0.040475,1.0,0.1219228302880224
database3/database3/m.017q3j/87-FaceId-1_align.webp,0.137407,1.0,0.1626189657065039
database3/database3/m.017qkp/105-FaceId-0_align.webp,0.016276,1.0,0.1120302691981365
database3/database3/m.017qkp/8-FaceId-0_align.webp,0.006413,1.0,0.1205557243175491
database3/database3/m.017r13/15-FaceId-0_align.webp,0.004576,1.0,0.1145242602326853
database3/database3/m.017r13/32-FaceId-0_align.webp,0.001926,1.0,0.1093225817392251
database3/database3/m.017r13/71-FaceId-0_align.webp,0.149849,1.0,0.1309977339277264
database3/database3/m.017r5g/69-FaceId-0_align.webp,0.246362,0.0,0.1618313649693722
database3/database3/m.017rh4/92-FaceId-0_align.webp,0.059749,1.0,0.1354311193877214
database3/database3/m.017rjs/94-FaceId-0_align.webp,0.227853,1.0,0.1237570033793364
database3/database3/m.017tk3/113-FaceId-0_align.webp,0.041074,1.0,0.1453807067477646
database3/database3/m.017tk3/5-FaceId-0_align.webp,0.023981,1.0,0.1463275511167402
database3/database3/m.017tk3/61-FaceId-0_align.webp,0.058875,1.0,0.1628170679228157
database3/database3/m.017tk3/83-FaceId-0_align.webp,0.016266,1.0,0.1345408794609517
database3/database3/m.017tkv/15-FaceId-0_align.webp,0.09519,0.0,0.1204293127015676
database3/database3/m.017tkv/5-FaceId-0_align.webp,0.108291,0.0,0.1305624860446468
database3/database3/m.017tlt/70-FaceId-0_align.webp,0.079127,1.0,0.0926336508112908
database3/database3/m.017tn4/17-FaceId-0_align.webp,0.026983,1.0,0.2079062802717795
database3/database3/m.017tn4/54-FaceId-2_align.webp,0.042656,1.0,0.1721233716941275
database3/database3/m.017tnz/116-FaceId-0_align.webp,0.135035,1.0,0.1392078428975434
database3/database3/m.017vfn/43-FaceId-0_align.webp,0.036126,1.0,0.1299329447912288
database3/database3/m.017vkk/88-FaceId-0_align.webp,0.022172,0.0,0.131617510402324
database3/database3/m.017vkx/34-FaceId-1_align.webp,0.050784,1.0,0.2372320480819385
database3/database3/m.017wbg/77-FaceId-0_align.webp,0.079706,1.0,0.1223890711491728
database3/database3/m.017x_s/36-FaceId-0_align.webp,0.021378,1.0,0.2277458949822057
database3/database3/m.017xm3/52-FaceId-0_align.webp,0.225925,0.0,0.1403297815193512
database3/database3/m.017yfz/93-FaceId-0_align.webp,0.237267,1.0,0.0
database3/database3/m.017yvm/5-FaceId-0_align.webp,0.011632,1.0,0.1280885436013727
database3/database3/m.017yvm/93-FaceId-0_align.webp,0.007487,1.0,0.1839386319461185
database3/database3/m.017yzt/119-FaceId-0_align.webp,0.299381,0.0,0.1478900022623731
database3/database3/m.017yzt/55-FaceId-0_align.webp,0.055778,0.0,0.1146974885372266
database3/database3/m.017yzt/61-FaceId-0_align.webp,0.0,0.0,0.1049714307380065
database3/database3/m.017z_/91-FaceId-0_align.webp,0.06531,1.0,0.2101296453176115
database3/database3/m.017zng/39-FaceId-0_align.webp,0.114304,1.0,0.1188250938416254
database3/database3/m.017zng/73-FaceId-0_align.webp,0.087005,1.0,0.1489749451818329
database3/database3/m.017zng/97-FaceId-0_align.webp,0.096418,1.0,0.1048653061719056
database3/database3/m.01804k/55-FaceId-0_align.webp,0.104401,0.0,0.1296106218790486
database3/database3/m.01807/65-FaceId-0_align.webp,0.087681,1.0,0.2440537387490715
database3/database3/m.01807/73-FaceId-0_align.webp,0.147607,1.0,0.2632801743046856
database3/database3/m.018144/31-FaceId-0_align.webp,0.317719,1.0,0.119999870414047
database3/database3/m.018144/55-FaceId-0_align.webp,0.076827,1.0,0.1294866309830448
database3/database3/m.01815s/106-FaceId-0_align.webp,0.234236,0.0,0.1402350253690896
database3/database3/m.01815s/50-FaceId-0_align.webp,0.243106,0.0,0.1342048961519693
database3/database3/m.01815s/64-FaceId-0_align.webp,0.173641,0.0,0.1368618972041428
database3/database3/m.0181gp/6-FaceId-0_align.webp,0.043543,1.0,0.1326050036732644
database3/database3/m.0181j_/107-FaceId-0_align.webp,0.027129,0.0,0.1287933995930203
database3/database3/m.0181kg/14-FaceId-0_align.webp,0.119867,1.0,0.2300471025675679
database3/database3/m.0181lj/18-FaceId-0_align.webp,0.190172,1.0,0.093143472460976
database3/database3/m.0181p_/19-FaceId-0_align.webp,0.041166,1.0,0.1976328627805689
database3/database3/m.0181p_/99-FaceId-0_align.webp,0.035046,1.0,0.1366150049609923
database3/database3/m.0181ph/4-FaceId-0_align.webp,0.019163,1.0,0.1867696561623671
database3/database3/m.0181ph/8-FaceId-0_align.webp,0.037384,1.0,0.0
database3/database3/m.0181x9/43-FaceId-0_align.webp,0.029481,1.0,0.1334511818004755
database3/database3/m.0181xq/13-FaceId-0_align.webp,0.002527,0.0,0.1504566321608239
database3/database3/m.0182hg/59-FaceId-0_align.webp,0.003662,1.0,0.1184530946144901
database3/database3/m.0182q2/111-FaceId-0_align.webp,0.014398,1.0,0.1341972744125795
database3/database3/m.0182q2/47-FaceId-0_align.webp,0.020684,1.0,0.1372181300721179
database3/database3/m.0182q2/58-FaceId-0_align.webp,0.034155,1.0,0.1131329975815428
database3/database3/m.0182vk/101-FaceId-0_align.webp,0.185784,1.0,0.2707181738808532
database3/database3/m.0182vk/97-FaceId-0_align.webp,0.113244,1.0,0.1461345808810084
database3/database3/m.01830j/15-FaceId-0_align.webp,0.208446,0.0,0.1616454323781334
database3/database3/m.01833g/76-FaceId-0_align.webp,0.008544,1.0,0.148585592075825
database3/database3/m.018348/1-FaceId-0_align.webp,0.029671,1.0,0.1650165912960813
database3/database3/m.0183f9/72-FaceId-0_align.webp,0.028848,1.0,0.219483225066776
database3/database3/m.018417/7-FaceId-0_align.webp,0.270045,0.0,0.1429712973989046
database3/database3/m.018493/45-FaceId-0_align.webp,0.059135,0.0,0.1449433771773017
database3/database3/m.0184cd/37-FaceId-0_align.webp,0.012663,0.0,0.1324574474763835
database3/database3/m.0184cd/69-FaceId-0_align.webp,0.041234,0.0,0.133104480914525
database3/database3/m.0184jc/9-FaceId-0_align.webp,0.061679,1.0,0.1603883627660319
database3/database3/m.0184xq/86-FaceId-0_align.webp,0.010468,1.0,0.1709109349640638
database3/database3/m.0185gs/107-FaceId-0_align.webp,0.133885,1.0,0.1249153960443023
database3/database3/m.0187y5/50-FaceId-0_align.webp,0.011259,1.0,0.3404030860684719
database3/database3/m.0187y5/55-FaceId-0_align.webp,0.018906,1.0,0.1407505482560083
database3/database3/m.0188n0/16-FaceId-0_align.webp,0.119925,1.0,0.148811087529116
database3/database3/m.0188n0/81-FaceId-0_align.webp,0.437819,1.0,0.1661172065117132
database3/database3/m.0188n0/93-FaceId-0_align.webp,0.241643,1.0,0.1849564003323488
database3/database3/m.0188nj/68-FaceId-0_align.webp,0.036499,1.0,0.1155396471417352
database3/database3/m.018_3q/101-FaceId-0_align.webp,0.001235,1.0,0.4491332208022056
database3/database3/m.018_3q/89-FaceId-0_align.webp,0.024563,1.0,0.111167722237374
database3/database3/m.018_lb/81-FaceId-0_align.webp,0.104704,0.0,0.1010451241413737
database3/database3/m.018c42/45-FaceId-1_align.webp,0.268912,1.0,0.1333038691057987
database3/database3/m.018c42/5-FaceId-0_align.webp,0.033426,1.0,0.1324807582634123
database3/database3/m.018cx_/16-FaceId-0_align.webp,0.128439,0.0,0.1267913165223311
database3/database3/m.018dnt/83-FaceId-0_align.webp,0.012334,1.0,0.1274617152729482
database3/database3/m.018dpq/74-FaceId-0_align.webp,0.08469,1.0,0.1268103530390931
database3/database3/m.018dpq/9-FaceId-0_align.webp,0.06436,1.0,0.1735105548586825
database3/database3/m.018dq3/21-FaceId-0_align.webp,0.264271,0.0,0.148080696622994
database3/database3/m.018dq3/43-FaceId-0_align.webp,0.005771,0.0,0.1295325607631359
database3/database3/m.018dqg/14-FaceId-0_align.webp,0.002005,1.0,0.1140069785214021
database3/database3/m.018dyl/57-FaceId-0_align.webp,0.066796,1.0,0.098300124649267
database3/database3/m.018f07/77-FaceId-0_align.webp,0.067893,1.0,0.1597087096971517
database3/database3/m.018f07/88-FaceId-0_align.webp,0.019681,1.0,0.1181257124175376
database3/database3/m.018f_y/78-FaceId-0_align.webp,0.005574,1.0,0.3350479437257897
database3/database3/m.018fkc/18-FaceId-0_align.webp,0.048624,0.0,0.1685075325034115
database3/database3/m.018fkc/51-FaceId-0_align.webp,0.004824,1.0,0.1273829082773303
database3/database3/m.018fmr/107-FaceId-0_align.webp,0.087037,0.0,0.1407496963027216
database3/database3/m.018fmr/38-FaceId-0_align.webp,0.082888,0.0,0.2038216689863697
database3/database3/m.018fmr/39-FaceId-0_align.webp,0.154489,0.0,0.1321609785836421
database3/database3/m.018fmr/77-FaceId-0_align.webp,0.094029,0.0,0.1239294357333981
database3/database3/m.018fmr/96-FaceId-0_align.webp,0.118151,0.0,0.1561778146033727
database3/database3/m.018fvy/74-FaceId-0_align.webp,0.006913,1.0,0.1215454154818312
database3/database3/m.018fwb/106-FaceId-0_align.webp,0.105164,0.0,0.1541925971247416
database3/database3/m.018fyy/5-FaceId-0_align.webp,0.161114,0.0,0.1293994582550654
database3/database3/m.018fzs/56-FaceId-0_align.webp,0.057952,1.0,0.2095055513177844
database3/database3/m.018fzs/60-FaceId-0_align.webp,0.058021,1.0,0.1140088031309609
database3/database3/m.018fzs/89-FaceId-0_align.webp,0.00707,1.0,0.1127452964820946
database3/database3/m.018g4z/59-FaceId-0_align.webp,0.266921,0.0,0.227280844304443
database3/database3/m.018gcf/20-FaceId-0_align.webp,0.017916,1.0,0.1197006513078607
database3/database3/m.018gcf/28-FaceId-0_align.webp,0.0,1.0,0.1397733434434548
database3/database3/m.018gjx/0-FaceId-0_align.webp,0.03658,1.0,0.1272210465966204
database3/database3/m.018gjx/88-FaceId-1_align.webp,0.040357,1.0,0.1281930567271248
database3/database3/m.018gkb/31-FaceId-0_align.webp,0.133832,1.0,0.1888689084568258
database3/database3/m.018gkb/69-FaceId-0_align.webp,0.119964,1.0,0.1278129115761191
database3/database3/m.018gl5/55-FaceId-0_align.webp,0.0,1.0,0.1208529454738099
database3/database3/m.018gn4/7-FaceId-0_align.webp,0.045659,1.0,0.1395871710719891
database3/database3/m.018gn4/95-FaceId-0_align.webp,0.084694,1.0,0.1375706170037625
database3/database3/m.018gqj/17-FaceId-0_align.webp,0.18042,1.0,0.132065017257092
database3/database3/m.018gqj/45-FaceId-0_align.webp,0.048033,1.0,0.1322961351394772
database3/database3/m.018gqj/51-FaceId-0_align.webp,0.113401,1.0,0.1432801996097108
database3/database3/m.018gqj/9-FaceId-0_align.webp,0.182644,1.0,0.1497707918342974
database3/database3/m.018gsl/54-FaceId-0_align.webp,0.015144,1.0,0.2865879140415166
database3/database3/m.018gw3/19-FaceId-0_align.webp,0.042889,1.0,0.2411668603139874
database3/database3/m.018h84/20-FaceId-0_align.webp,0.006714,1.0,0.1355605862444308
database3/database3/m.018h84/4-FaceId-0_align.webp,0.077047,1.0,0.0980400592357509
database3/database3/m.018hhw/26-FaceId-0_align.webp,0.058762,0.0,0.1348255410447143
database3/database3/m.018hwl/22-FaceId-0_align.webp,0.105538,1.0,0.1691058598147476
database3/database3/m.018j3w/52-FaceId-0_align.webp,0.03127,1.0,0.1000610501331779
database3/database3/m.018j4c/21-FaceId-0_align.webp,0.159984,1.0,0.1251707522801852
database3/database3/m.018j4c/60-FaceId-0_align.webp,0.116911,1.0,0.1698465139978449
database3/database3/m.018j4c/72-FaceId-0_align.webp,0.050298,1.0,0.132412608555958
database3/database3/m.018j5m/87-FaceId-0_align.webp,0.119486,0.0,0.1629845970001666
database3/database3/m.018jnn/6-FaceId-0_align.webp,0.046059,1.0,0.1032274570279069
database3/database3/m.018jnn/60-FaceId-0_align.webp,0.021036,1.0,0.1004304289691072
database3/database3/m.018jz8/4-FaceId-0_align.webp,0.129694,1.0,0.1294075525968652
database3/database3/m.018kd0/56-FaceId-0_align.webp,0.078738,1.0,0.1364674469469251
database3/database3/m.018kjc/45-FaceId-0_align.webp,0.336481,1.0,0.1681896505376087
database3/database3/m.018kjc/74-FaceId-0_align.webp,0.359873,1.0,0.162421802196633
database3/database3/m.018lb1/1-FaceId-0_align.webp,0.066363,0.0,0.1293577208105948
database3/database3/m.018lb1/113-FaceId-0_align.webp,0.174767,0.0,0.1375821504924541
database3/database3/m.018lb1/45-FaceId-0_align.webp,0.011283,0.0,0.11798405729022
database3/database3/m.018lb1/60-FaceId-0_align.webp,0.101898,0.0,0.1265590437503065
database3/database3/m.018lb1/67-FaceId-0_align.webp,0.058712,0.0,0.1443493207394714
database3/database3/m.018lp7/31-FaceId-0_align.webp,0.068826,0.0,0.1420052420105697
database3/database3/m.018lp7/5-FaceId-0_align.webp,0.037973,0.0,0.1312287292208573
database3/database3/m.018lpm/41-FaceId-0_align.webp,0.03151,1.0,0.1999606859032431
database3/database3/m.018lx_/11-FaceId-0_align.webp,0.157239,1.0,0.1687282366349033
database3/database3/m.018lxn/67-FaceId-0_align.webp,0.041223,0.0,0.1233747258089982
database3/database3/m.018m5c/31-FaceId-0_align.webp,0.012538,1.0,0.1010987928854707
database3/database3/m.018m5c/6-FaceId-0_align.webp,0.013236,1.0,0.1088887503223293
database3/database3/m.018m5c/74-FaceId-0_align.webp,0.007729,1.0,0.1358320618285117
database3/database3/m.018mfl/68-FaceId-0_align.webp,0.01486,1.0,0.1593719587979328
database3/database3/m.018n52/37-FaceId-0_align.webp,0.024108,1.0,0.1100007365578397
database3/database3/m.018n7d/44-FaceId-0_align.webp,0.002157,1.0,0.1099226007085723
database3/database3/m.018n9d/58-FaceId-0_align.webp,0.182622,1.0,0.1208686232546921
database3/database3/m.018nqq/25-FaceId-0_align.webp,0.02666,1.0,0.1042999395837435
database3/database3/m.018nqq/56-FaceId-0_align.webp,0.002557,1.0,0.156184230244671
database3/database3/m.018nwp/42-FaceId-0_align.webp,0.023176,1.0,0.2264913668741854
database3/database3/m.018p19/2-FaceId-0_align.webp,0.029409,1.0,0.1699743816868341
database3/database3/m.018pj3/21-FaceId-0_align.webp,0.206243,0.0,0.1070276441257376
database3/database3/m.018pkl/117-FaceId-0_align.webp,0.00271,1.0,0.1609682948595058
database3/database3/m.018ptf/125-FaceId-1_align.webp,0.193842,0.0,0.1872917597184646
database3/database3/m.018ptf/6-FaceId-0_align.webp,0.184452,1.0,0.1268653877317557
database3/database3/m.018ptf/69-FaceId-0_align.webp,0.264398,1.0,0.18841668511557
database3/database3/m.018ptf/87-FaceId-0_align.webp,0.284614,1.0,0.1572527354518075
database3/database3/m.018pyg/114-FaceId-0_align.webp,0.004286,0.0,0.1094868748098925
database3/database3/m.018pyg/50-FaceId-0_align.webp,0.094308,0.0,0.1061671237201887
database3/database3/m.018q7p/61-FaceId-0_align.webp,0.113962,1.0,0.1376387391904446
database3/database3/m.018qkz/35-FaceId-0_align.webp,0.11651,0.0,0.1419301008679136
database3/database3/m.018qkz/48-FaceId-0_align.webp,0.078768,0.0,0.1471883554975265
database3/database3/m.018qlp/1-FaceId-0_align.webp,0.057596,0.0,0.1475322520074262
database3/database3/m.018qlp/2-FaceId-0_align.webp,0.201501,0.0,0.167968002449084
database3/database3/m.018qlp/67-FaceId-0_align.webp,0.023725,0.0,0.1212631142073025
database3/database3/m.018qlp/73-FaceId-0_align.webp,0.048836,0.0,0.1331972621051063
database3/database3/m.018qlp/81-FaceId-0_align.webp,0.220874,0.0,0.1451623176967253
database3/database3/m.018qlp/99-FaceId-0_align.webp,0.098556,0.0,0.1403087333866429
database3/database3/m.018qn8/16-FaceId-0_align.webp,0.180079,0.0,0.1408790614195807
database3/database3/m.018qn8/24-FaceId-0_align.webp,0.067297,0.0,0.1400033368407587
database3/database3/m.018qn8/3-FaceId-0_align.webp,0.144663,0.0,0.1417116082498528
database3/database3/m.018qpb/20-FaceId-0_align.webp,0.030827,0.0,0.0953429405052576
database3/database3/m.018qpb/42-FaceId-0_align.webp,0.04676,0.0,0.1194827158487811
database3/database3/m.018qr9/59-FaceId-0_align.webp,0.041718,0.0,0.1246584930961768
database3/database3/m.018qwf/0-FaceId-0_align.webp,0.034965,1.0,0.0935149394447724
database3/database3/m.018qx5/48-FaceId-0_align.webp,0.145397,0.0,0.2202288104883423
database3/database3/m.018r3g/1-FaceId-0_align.webp,0.015575,1.0,0.2895943095406426
database3/database3/m.018rsq/63-FaceId-0_align.webp,0.05182,1.0,0.1145977361344395
database3/database3/m.018rsq/82-FaceId-0_align.webp,0.021029,1.0,0.1269261348479949
database3/database3/m.018ry5/78-FaceId-0_align.webp,0.052713,1.0,0.137758582215172
database3/database3/m.018s7v/75-FaceId-0_align.webp,0.055964,0.0,0.1432510682961613
database3/database3/m.018slq/19-FaceId-0_align.webp,0.164016,1.0,0.141182085874454
database3/database3/m.018swb/94-FaceId-0_align.webp,0.035612,1.0,0.143573922674705
database3/database3/m.018t67/2-FaceId-0_align.webp,0.002151,1.0,0.0934141786961173
database3/database3/m.018t67/75-FaceId-0_align.webp,0.002161,1.0,0.100773080726558
database3/database3/m.018t67/76-FaceId-0_align.webp,0.014984,1.0,0.1069416486782899
database3/database3/m.018tfd/63-FaceId-0_align.webp,0.039426,1.0,0.0966797425253937
database3/database3/m.018tvs/4-FaceId-0_align.webp,0.186437,1.0,0.1471605142480742
database3/database3/m.018v8c/66-FaceId-0_align.webp,0.031012,1.0,0.1039764476837534
database3/database3/m.018v_8/56-FaceId-0_align.webp,0.065146,1.0,0.1065998782987258
database3/database3/m.018vhw/41-FaceId-2_align.webp,0.017996,1.0,0.3005276201340409
database3/database3/m.018vhw/84-FaceId-1_align.webp,0.010037,1.0,0.1446461057781781
database3/database3/m.018vhw/94-FaceId-0_align.webp,0.022504,1.0,0.1160869677287056
database3/database3/m.018w6s/30-FaceId-0_align.webp,0.009687,1.0,0.3127380033051973
database3/database3/m.018wh0/34-FaceId-0_align.webp,0.038341,1.0,0.1061738880899354
database3/database3/m.018wqb/36-FaceId-1_align.webp,0.061601,1.0,0.1927230041134985
database3/database3/m.018x3/82-FaceId-0_align.webp,0.000249,1.0,0.1062677008308383
database3/database3/m.018x3/89-FaceId-0_align.webp,0.006661,1.0,0.1584187311702151
database3/database3/m.018xrz/49-FaceId-0_align.webp,0.084464,1.0,0.1376613039481045
database3/database3/m.018y0w/54-FaceId-0_align.webp,0.014612,1.0,0.1241478626574703
database3/database3/m.018y2s/21-FaceId-0_align.webp,0.010478,1.0,0.1313713035913572
database3/database3/m.018y4x/104-FaceId-0_align.webp,0.014664,1.0,0.1203118094145604
database3/database3/m.018y4x/94-FaceId-0_align.webp,0.083805,1.0,0.0976951449794868
database3/database3/m.018ycp/32-FaceId-0_align.webp,0.169605,1.0,0.1190961991021629
database3/database3/m.018ycp/64-FaceId-0_align.webp,0.011204,1.0,0.1153712195032375
