filename,target,gender,pred
database1/img00000154.webp,0.036749,1.0,0.0666506814710836
database1/img00000271.webp,0.229724,1.0,0.1518139830385351
database1/img00000323.webp,0.120628,0.0,0.0790525469216452
database1/img00000364.webp,0.00341,1.0,0.0430244013377445
database1/img00000371.webp,0.000249,1.0,0.0531849248537312
database1/img00000438.webp,0.102267,0.0,0.1775156690463419
database1/img00000448.webp,0.032257,0.0,0.089966591650744
database1/img00000477.webp,0.158779,0.0,0.0560730448973269
database1/img00000491.webp,0.333523,0.0,0.2090104040878584
database1/img00000679.webp,0.022454,0.0,0.0580829256741645
database1/img00000766.webp,0.241328,0.0,0.1721354688227259
database1/img00000781.webp,0.01402,1.0,0.050134938509597
database1/img00000793.webp,0.308688,0.0,0.1782944082365259
database1/img00000806.webp,0.083687,1.0,0.0629430945507476
database1/img00000857.webp,0.167176,0.0,0.1199665093321744
database1/img00000882.webp,0.118298,0.0,0.0985603360811988
database1/img00000903.webp,0.006576,1.0,0.0589351218841906
database1/img00000929.webp,0.021546,1.0,0.1626196954837308
database1/img00000941.webp,0.232414,0.0,0.1882051123266023
database1/img00001032.webp,0.044127,1.0,0.0637168974664382
database1/img00001145.webp,0.022379,1.0,0.0888446966617271
database1/img00001291.webp,0.022322,0.0,0.0626191323953181
database1/img00001371.webp,0.148865,0.0,0.219581351241108
database1/img00001491.webp,0.264813,0.0,0.2181849598728886
database1/img00001551.webp,0.054068,1.0,0.1016148557313227
database1/img00001573.webp,0.095382,0.0,0.1261407141103841
database1/img00001650.webp,0.088325,0.0,0.0778471526226612
database1/img00001652.webp,0.074782,1.0,0.0781895751043676
database1/img00001674.webp,0.188753,0.0,0.2032983256048798
database1/img00001701.webp,0.002942,1.0,0.0543402881945663
database1/img00001779.webp,0.009358,1.0,0.0951989188941099
database1/img00001812.webp,0.017934,0.0,0.1477382236784337
database1/img00001859.webp,0.006232,1.0,0.0942447892460268
database1/img00001872.webp,0.094988,0.0,0.0929372787276559
database1/img00001883.webp,0.015755,0.0,0.0874936174068334
database1/img00001978.webp,0.02291,1.0,0.0655292749470355
database1/img00002013.webp,0.068771,1.0,0.0461312513377164
database1/img00002073.webp,0.265663,0.0,0.2275629809487801
database1/img00002136.webp,0.083835,0.0,0.1627864964557402
database1/img00002187.webp,0.062593,1.0,0.071666949318195
database1/img00002221.webp,0.024328,1.0,0.0558422557957412
database1/img00002227.webp,0.172367,0.0,0.1175766574923372
database1/img00002414.webp,0.290565,0.0,0.1972722360745481
database1/img00002415.webp,0.370759,0.0,0.2264127528672442
database1/img00002527.webp,0.008082,0.0,0.1389332577353701
database1/img00002649.webp,0.108227,0.0,0.1750990727727467
database1/img00002695.webp,0.191496,0.0,0.1206400778924511
database1/img00002698.webp,0.019352,0.0,0.1065700723676013
database1/img00002713.webp,0.025594,1.0,0.121129026324745
database1/img00002737.webp,0.01324,1.0,0.0749676072489163
database1/img00002813.webp,0.015997,0.0,0.1409970754533236
database1/img00002915.webp,0.059948,0.0,0.1491418309524806
database1/img00002916.webp,0.061003,0.0,0.1417996082210408
database1/img00003052.webp,0.34648,0.0,0.2291494666769538
database1/img00003146.webp,0.130163,0.0,0.0553363462036925
database1/img00003162.webp,0.193332,0.0,0.1412602154495439
database1/img00003199.webp,0.314562,0.0,0.1528363425253179
database1/img00003273.webp,0.126445,0.0,0.0902167067351891
database1/img00003300.webp,0.007141,1.0,0.1745923333070828
database1/img00003360.webp,0.008946,1.0,0.1218499424569812
database1/img00003390.webp,0.054933,0.0,0.1554033494147995
database1/img00003437.webp,0.01322,1.0,0.0447182471912279
database1/img00003452.webp,0.040754,0.0,0.0737900245119239
database1/img00003584.webp,0.23463,0.0,0.2501567243175923
database1/img00003713.webp,0.000555,1.0,0.156814276485513
database1/img00003746.webp,0.099051,1.0,0.0731200887438997
database1/img00003877.webp,0.01258,0.0,0.0634744607301026
database1/img00003884.webp,0.091278,0.0,0.1166397397117207
database1/img00003887.webp,0.010493,1.0,0.1445142320120552
database1/img00003978.webp,0.178955,0.0,0.0915661762258072
database1/img00004026.webp,0.365443,0.0,0.2050413884806765
database1/img00004041.webp,0.094007,0.0,0.0588480147619991
database1/img00004164.webp,0.026259,1.0,0.0498907242896307
database1/img00004216.webp,0.034337,0.0,0.0756539930053668
database1/img00004261.webp,0.165876,0.0,0.1670611765290695
database1/img00004273.webp,0.156777,0.0,0.0850224749979573
database1/img00004308.webp,0.126358,0.0,0.086295808040882
database1/img00004416.webp,0.13739,1.0,0.0968349921809225
database1/img00004426.webp,0.364242,1.0,0.2463554513502346
database1/img00004540.webp,0.140347,0.0,0.051279320856807
database1/img00004621.webp,0.130906,0.0,0.0858655789361029
database1/img00004701.webp,0.060368,0.0,0.0853745592226529
database1/img00004841.webp,0.021785,1.0,0.0642925165747772
database1/img00004851.webp,0.058337,1.0,0.1284443802134706
database1/img00004895.webp,0.001337,1.0,0.1196443986966536
database1/img00005027.webp,0.095752,1.0,0.1438735517657968
database1/img00005030.webp,0.114344,0.0,0.1151097090389648
database1/img00005095.webp,0.018419,0.0,0.1207034421277674
database1/img00005116.webp,0.107525,0.0,0.1907908443783856
database1/img00005179.webp,0.058586,1.0,0.0768126314772914
database1/img00005208.webp,0.021009,1.0,0.1366515532823753
database1/img00005271.webp,0.408256,0.0,0.2521712420002234
database1/img00005293.webp,0.043233,0.0,0.1209242826499449
database1/img00005339.webp,0.173984,0.0,0.0706597200540406
database1/img00005347.webp,0.002911,0.0,0.0503905248529006
database1/img00005361.webp,0.189098,0.0,0.1338747613106928
database1/img00005501.webp,0.145725,0.0,0.1379245828893568
database1/img00005507.webp,0.232343,0.0,0.2575873412093654
database1/img00005509.webp,0.003247,1.0,0.141207674067902
database1/img00005522.webp,0.185571,0.0,0.0875795204283459
database1/img00005579.webp,0.037795,1.0,0.0596958175967827
database1/img00005689.webp,0.281579,0.0,0.1437427191942322
database1/img00005696.webp,0.366924,0.0,0.2317758809531591
database1/img00005723.webp,0.013358,0.0,0.0756760556870693
database1/img00005726.webp,0.041346,1.0,0.1013947028621399
database1/img00005753.webp,0.009879,0.0,0.1690598400382515
database1/img00005766.webp,0.177714,0.0,0.2083412350064197
database1/img00005768.webp,0.024309,1.0,0.0659706409398648
database1/img00005822.webp,0.022373,0.0,0.0619546650502244
database1/img00005851.webp,0.375359,0.0,0.1813148569394643
database1/img00005896.webp,0.063671,0.0,0.0658307395516143
database1/img00005910.webp,0.374925,0.0,0.1726029641378018
database1/img00006003.webp,0.020291,1.0,0.0786130126324079
database1/img00006021.webp,0.018409,1.0,0.1327262083943705
database1/img00006047.webp,0.105454,0.0,0.1179159601161295
database1/img00006101.webp,0.326093,0.0,0.2061133979602626
database1/img00006168.webp,0.00248,1.0,0.1264658328096933
database1/img00006196.webp,0.0412,1.0,0.068367907037564
database1/img00006204.webp,0.331116,1.0,0.2421393530609175
database1/img00006269.webp,0.011789,1.0,0.0639376681113427
database1/img00006334.webp,0.003849,1.0,0.1773613584590981
database1/img00006414.webp,0.208227,0.0,0.1166246769720598
database1/img00006420.webp,0.026323,1.0,0.1414433524965995
database1/img00006436.webp,0.008945,1.0,0.1192538802680845
database1/img00006571.webp,0.06176,0.0,0.14893726857655
database1/img00006576.webp,0.028441,1.0,0.1583348497384376
database1/img00006629.webp,0.000814,1.0,0.0530237957886994
database1/img00006690.webp,0.119839,0.0,0.0953306232764475
database1/img00006694.webp,0.019638,1.0,0.0524043234719072
database1/img00006722.webp,0.383369,0.0,0.2067152776035174
database1/img00006757.webp,0.169654,1.0,0.1205755505067581
database1/img00007032.webp,0.079705,0.0,0.2451857601249795
database1/img00007152.webp,0.296672,0.0,0.2541916480620894
database1/img00007289.webp,0.004896,1.0,0.1016528716901601
database1/img00007329.webp,0.096683,0.0,0.1253061041789862
database1/img00007335.webp,0.012784,1.0,0.0669084458773697
database1/img00007354.webp,0.047242,0.0,0.0653030300099795
database1/img00007383.webp,0.020362,1.0,0.0759308822240955
database1/img00007416.webp,0.105824,1.0,0.1865788046107525
database1/img00007435.webp,0.275659,0.0,0.2540445142462024
database1/img00007452.webp,0.091268,0.0,0.0591038106234642
database1/img00007454.webp,0.052407,1.0,0.0758770231421418
database1/img00007468.webp,0.289625,0.0,0.1326227674027817
database1/img00007470.webp,0.024029,1.0,0.1312306877419887
database1/img00007537.webp,0.023879,0.0,0.1001011003899941
database1/img00007538.webp,0.239526,0.0,0.21422330593111
database1/img00007592.webp,0.092299,0.0,0.1965023357695976
database1/img00007663.webp,0.000453,1.0,0.0607524661867115
database1/img00007675.webp,0.145663,0.0,0.0972571142752853
database1/img00007764.webp,0.212475,0.0,0.2071713057883915
database1/img00007790.webp,0.273678,0.0,0.1925527137167706
database1/img00007837.webp,0.07434,0.0,0.1293509841220243
database1/img00007851.webp,0.187909,0.0,0.160256367166909
database1/img00007897.webp,0.021438,1.0,0.0959030689670101
database1/img00007955.webp,0.100119,0.0,0.1286512117961638
database1/img00007965.webp,0.126287,0.0,0.0600533683281956
database1/img00008054.webp,0.125876,0.0,0.0480813606788454
database1/img00008062.webp,0.192134,0.0,0.128793363698813
database1/img00008079.webp,0.010384,1.0,0.0464723003391949
database1/img00008191.webp,0.127108,1.0,0.1474671376529776
database1/img00008233.webp,0.03355,1.0,0.1634288704990329
database1/img00008333.webp,0.123145,0.0,0.1038126087038734
database1/img00008350.webp,0.003002,0.0,0.0471884755238167
database1/img00008419.webp,0.136366,0.0,0.2383282466375192
database1/img00008444.webp,0.19563,0.0,0.2195990970552429
database1/img00008485.webp,0.153649,0.0,0.0565978204838285
database1/img00008500.webp,0.243166,1.0,0.1465518085112624
database1/img00008540.webp,0.020411,1.0,0.0725458200230047
database1/img00008619.webp,0.172849,1.0,0.1921300970053078
database1/img00008684.webp,0.116788,1.0,0.1635950659652228
database1/img00008694.webp,0.257404,1.0,0.0798652784248189
database1/img00008702.webp,0.150713,0.0,0.1850861187358027
database1/img00008778.webp,0.047436,1.0,0.0661774287029569
database1/img00008864.webp,0.142253,1.0,0.1419941204591428
database1/img00008929.webp,0.025151,1.0,0.0489935508478057
database1/img00009119.webp,0.134423,0.0,0.0968576866492227
database1/img00009131.webp,0.11769,0.0,0.0784743720057074
database1/img00009180.webp,0.22272,0.0,0.1332511442864844
database1/img00009210.webp,0.133618,1.0,0.1365043864804345
database1/img00009215.webp,0.015083,1.0,0.1542376239219705
database1/img00009309.webp,0.232271,0.0,0.1573400478453215
database1/img00009310.webp,0.032707,1.0,0.1613804977842495
database1/img00009395.webp,0.188981,0.0,0.0789352390710344
database1/img00009397.webp,0.022474,0.0,0.0737097249191405
database1/img00009399.webp,0.009987,1.0,0.0415193076918262
database1/img00009423.webp,0.205953,0.0,0.1751942427828755
database1/img00009521.webp,0.096612,0.0,0.186921645304122
database1/img00009606.webp,0.062144,1.0,0.0574640453978019
database1/img00009643.webp,0.076471,0.0,0.0586730756606318
database1/img00009666.webp,0.249637,0.0,0.1615457026241341
database1/img00009740.webp,0.056754,0.0,0.0600407148474355
database1/img00009804.webp,0.00402,1.0,0.1367933154457992
database1/img00009898.webp,0.123271,0.0,0.1305106228269238
database1/img00009952.webp,0.220282,0.0,0.1933507074918245
database1/img00009963.webp,0.081114,1.0,0.069151469397506
database1/img00010009.webp,0.161796,0.0,0.1523867236786811
database1/img00010196.webp,0.131846,0.0,0.1956153077496101
database1/img00010250.webp,0.119697,0.0,0.126183141663398
database1/img00010353.webp,0.145055,0.0,0.1182562649733518
database1/img00010363.webp,0.133258,0.0,0.1643313768988338
database1/img00010383.webp,0.010398,1.0,0.1591107737941457
database1/img00010445.webp,0.356323,0.0,0.1852975294884728
database1/img00010509.webp,0.056891,1.0,0.1540417183511307
database1/img00010530.webp,0.091729,0.0,0.1819077067193132
database1/img00010535.webp,0.304853,0.0,0.2400132101527251
database1/img00010537.webp,0.013696,0.0,0.1148983220899181
database1/img00010580.webp,0.154987,1.0,0.089149469243523
database1/img00010612.webp,0.334599,0.0,0.1782598907040787
database1/img00010629.webp,0.060911,0.0,0.1556531739751414
database1/img00010643.webp,0.114721,1.0,0.0730693321324265
database1/img00010674.webp,0.023709,0.0,0.1127331975766462
database1/img00010757.webp,0.206361,0.0,0.13826603090733
database1/img00010780.webp,0.013969,0.0,0.0945830037899075
database1/img00010790.webp,0.031334,0.0,0.0924787743285786
database1/img00010806.webp,0.065196,0.0,0.13304856338671
database1/img00010887.webp,0.081617,0.0,0.0927472727535149
database1/img00010888.webp,0.233141,1.0,0.1280582787486631
database1/img00010982.webp,0.00745,1.0,0.0958088832983527
database1/img00010983.webp,0.20866,0.0,0.1315051287770828
database1/img00011118.webp,0.178597,1.0,0.1567601613666549
database1/img00011128.webp,0.27358,1.0,0.2453197837969295
database1/img00011142.webp,0.28074,1.0,0.1739730624043002
database1/img00011296.webp,0.108452,1.0,0.1527489294901879
database1/img00011507.webp,0.092578,0.0,0.1381835220792954
database1/img00011516.webp,0.087323,0.0,0.1572011800465155
database1/img00011597.webp,0.091441,0.0,0.0698599081864887
database1/img00011619.webp,0.253533,0.0,0.1956843293002475
database1/img00011623.webp,0.079619,0.0,0.1040172163280442
database1/img00011711.webp,0.412517,0.0,0.1995827688937236
database1/img00011737.webp,0.360567,0.0,0.235041285622337
database1/img00011787.webp,0.009168,1.0,0.048647225989372
database1/img00011827.webp,0.096535,0.0,0.1489835779990114
database1/img00011910.webp,0.153312,0.0,0.1264015633708623
database1/img00011946.webp,0.118833,0.0,0.1389096805480908
database1/img00011981.webp,0.044401,1.0,0.0566648208729773
database1/img00011982.webp,0.064973,1.0,0.0537301702056436
database1/img00012046.webp,0.013245,1.0,0.0775834413555933
database1/img00012050.webp,0.169118,0.0,0.194493811250863
database1/img00012055.webp,0.118938,0.0,0.1252370393317395
database1/img00012083.webp,0.105677,1.0,0.1458835656203436
database1/img00012173.webp,0.148639,0.0,0.1235912353476601
database1/img00012174.webp,0.13274,0.0,0.0865407863864931
database1/img00012175.webp,0.161502,0.0,0.2140923374019572
database1/img00012194.webp,0.057599,0.0,0.1119729410442315
database1/img00012259.webp,0.022948,1.0,0.1037913022551866
database1/img00012293.webp,0.081765,0.0,0.1426229975802501
database1/img00012367.webp,0.265563,0.0,0.2493484409911524
database1/img00012402.webp,0.08769,0.0,0.1336634147871764
database1/img00012413.webp,0.178087,0.0,0.175640635618153
database1/img00012417.webp,0.047864,1.0,0.1255207815054613
database1/img00012444.webp,0.279593,0.0,0.1624761857007621
database1/img00012509.webp,0.14518,0.0,0.0634117083509598
database1/img00012555.webp,0.159567,0.0,0.1656207825144146
database1/img00012681.webp,0.00788,1.0,0.1316681669018673
database1/img00012805.webp,0.03627,0.0,0.1639326210178008
database1/img00012844.webp,0.027729,1.0,0.0582633087258304
database1/img00012874.webp,0.002528,1.0,0.1137185429669492
database1/img00012883.webp,0.105193,1.0,0.0776979418748745
database1/img00012980.webp,0.021348,1.0,0.0779034637837896
database1/img00013033.webp,0.378744,0.0,0.207100845285085
database1/img00013074.webp,0.20406,0.0,0.1068110939524541
database1/img00013089.webp,0.0,1.0,0.0730982336329078
database1/img00013099.webp,0.124905,0.0,0.1055893000976285
database1/img00013109.webp,0.255454,0.0,0.2609476321919085
database1/img00013151.webp,0.003784,1.0,0.0932950141079178
database1/img00013182.webp,0.112701,0.0,0.2045284640147397
database1/img00013213.webp,0.208104,1.0,0.1005500807348601
database1/img00013311.webp,0.021686,1.0,0.0551358511279229
database1/img00013313.webp,0.096531,0.0,0.1655582276690403
database1/img00013345.webp,0.111239,1.0,0.1212533962504271
database1/img00013392.webp,0.234015,0.0,0.1700761106202986
database1/img00013433.webp,0.013693,1.0,0.1249206493332688
database1/img00013450.webp,0.007936,1.0,0.0840843858915535
database1/img00013515.webp,0.055869,0.0,0.0878677928109523
database1/img00013591.webp,0.097683,0.0,0.0641884888703971
database1/img00013659.webp,0.005492,0.0,0.1289556292335856
database1/img00013777.webp,0.039118,0.0,0.1260946692681257
database1/img00013856.webp,0.08085,0.0,0.1059283060447894
database1/img00013896.webp,0.155239,0.0,0.1908052129856768
database1/img00013978.webp,0.216187,1.0,0.1562101705108687
database1/img00014030.webp,0.009111,0.0,0.1143227936293354
database1/img00014146.webp,0.019737,0.0,0.1053345711782497
database1/img00014277.webp,0.009327,1.0,0.1152640570717065
database1/img00014440.webp,0.313716,0.0,0.2093221802497372
database1/img00014506.webp,0.002933,0.0,0.189384364646573
database1/img00014634.webp,0.124116,1.0,0.0889374083547015
database1/img00014645.webp,0.294956,1.0,0.1779762366792761
database1/img00014657.webp,0.009173,1.0,0.0400419296528173
database1/img00014808.webp,0.222577,0.0,0.1266343992109525
database1/img00014845.webp,0.184098,0.0,0.1932029694712623
database1/img00014912.webp,0.085464,0.0,0.1461172630691003
database1/img00014924.webp,0.071344,1.0,0.0731674646909902
database1/img00015038.webp,0.222266,1.0,0.1502816332199773
database1/img00015081.webp,0.134204,0.0,0.1861810430269123
database1/img00015348.webp,0.225921,0.0,0.1650902649480846
database1/img00015359.webp,0.033386,0.0,0.0957695161452122
database1/img00015476.webp,0.164199,0.0,0.1283888290932193
database1/img00015498.webp,0.128891,0.0,0.0522770435732798
database1/img00015505.webp,0.086803,0.0,0.0985024926181361
database1/img00015509.webp,0.096299,1.0,0.0940037248426531
database1/img00015766.webp,0.128287,0.0,0.1485483001276125
database1/img00015784.webp,0.198335,0.0,0.141406335388636
database1/img00015947.webp,0.126497,0.0,0.1665460758059791
database1/img00016004.webp,0.076385,0.0,0.0857315759266244
database1/img00016096.webp,0.018479,1.0,0.0418422492084525
database1/img00016164.webp,0.009807,1.0,0.0514082056481733
database1/img00016181.webp,0.000908,1.0,0.0613261620791717
database1/img00016288.webp,0.368142,0.0,0.2166634273367255
database1/img00016296.webp,0.233928,0.0,0.1692678027136455
database1/img00016398.webp,0.070727,0.0,0.2200841940279736
database1/img00016442.webp,0.050167,0.0,0.1284013592391783
database1/img00016457.webp,0.145227,1.0,0.2511048922094541
database1/img00016490.webp,0.091022,0.0,0.1158175155791714
database1/img00016497.webp,0.144198,0.0,0.1703303761963089
database1/img00016611.webp,0.10049,0.0,0.0740607828505984
database1/img00016679.webp,0.001846,0.0,0.1806304589739689
database1/img00016886.webp,0.012909,1.0,0.0908237929487283
database1/img00016934.webp,0.076123,1.0,0.0570189996169739
database1/img00016955.webp,0.030027,1.0,0.0659727737435428
database1/img00017135.webp,0.137474,0.0,0.1002251745445556
database1/img00017144.webp,0.291437,0.0,0.1499145520721193
database1/img00017157.webp,0.097188,0.0,0.0732504821087281
database1/img00017237.webp,0.019539,0.0,0.0730799550495979
database1/img00017467.webp,0.193369,0.0,0.2252933984145286
database1/img00017485.webp,0.231654,0.0,0.1423037975728077
database1/img00017623.webp,0.273226,0.0,0.1646722258716265
database1/img00017648.webp,0.013591,1.0,0.0479044802884371
database1/img00017737.webp,0.0127,1.0,0.0811938964686888
database1/img00017893.webp,0.369649,0.0,0.1507291243544693
database1/img00018025.webp,0.125656,0.0,0.0601653410042102
database1/img00018042.webp,0.016056,1.0,0.1882640898300426
database1/img00018045.webp,0.096288,0.0,0.0678321697231657
database1/img00018076.webp,0.184672,1.0,0.0967730721348701
database1/img00018117.webp,0.020611,0.0,0.1259113925427941
database1/img00018133.webp,0.049189,0.0,0.1879147049401721
database1/img00018173.webp,0.28192,0.0,0.1343151711116711
database1/img00018225.webp,0.130293,0.0,0.0781554897268714
database1/img00018284.webp,0.238474,0.0,0.1372588122179922
database1/img00018380.webp,0.182421,0.0,0.0896341568564719
database1/img00018422.webp,0.021826,0.0,0.0895425402222236
database1/img00018465.webp,0.041569,1.0,0.0699803473817452
database1/img00018500.webp,0.147015,0.0,0.1152704950262507
database1/img00018591.webp,0.11045,0.0,0.2269320543426826
database1/img00018619.webp,0.026771,1.0,0.1124377999602434
database1/img00018643.webp,0.14475,0.0,0.1871455784279437
database1/img00018689.webp,0.008002,0.0,0.1306291525557952
database1/img00018779.webp,0.045676,1.0,0.0534936768777919
database1/img00018873.webp,0.099329,0.0,0.0748599529239377
database1/img00018963.webp,0.0236,1.0,0.1733247303293971
database1/img00019125.webp,0.039224,1.0,0.0626642892088975
database1/img00019151.webp,0.151887,0.0,0.2091945895567022
database1/img00019162.webp,0.357571,0.0,0.2409744787861169
database1/img00019165.webp,0.070241,1.0,0.0809079294100976
database1/img00019172.webp,0.017685,0.0,0.1392778541152609
database1/img00019200.webp,0.017214,1.0,0.0488722537184214
database1/img00019353.webp,0.013152,0.0,0.0792229661290742
database1/img00019360.webp,0.02429,1.0,0.074933024446676
database1/img00019362.webp,0.226958,0.0,0.1173879448535581
database1/img00019406.webp,0.122785,0.0,0.0739474298948734
database1/img00019511.webp,0.00639,1.0,0.1551915963041579
database1/img00019553.webp,0.097165,0.0,0.1076351252045263
database1/img00019616.webp,0.008603,1.0,0.0567160347199409
database1/img00019625.webp,0.044642,1.0,0.0684731284748138
database1/img00019811.webp,0.135181,0.0,0.1143955422545155
database1/img00019846.webp,0.085115,0.0,0.1548676933742118
database1/img00019883.webp,0.295134,0.0,0.2215012969879096
database1/img00019956.webp,0.121542,0.0,0.0768220423469534
database1/img00020019.webp,0.245216,0.0,0.1716252211914126
database1/img00020092.webp,0.229511,0.0,0.19917975948791
database1/img00020095.webp,0.369647,0.0,0.1814850058514107
database1/img00020106.webp,0.016139,1.0,0.05145585731058
database1/img00020280.webp,0.093764,0.0,0.1155791333039051
database1/img00020383.webp,0.174486,0.0,0.2061334629031313
database1/img00020425.webp,0.105022,0.0,0.0604189918463109
database1/img00020495.webp,0.101841,0.0,0.1294084377996261
database1/img00020506.webp,0.143822,0.0,0.1898167172754435
database1/img00020690.webp,0.113169,0.0,0.0812004121453674
database1/img00020757.webp,0.123725,0.0,0.1216016739525864
database1/img00020765.webp,0.148549,0.0,0.0683701170802029
database1/img00020799.webp,0.406729,0.0,0.2384650131310657
database1/img00020831.webp,0.0,1.0,0.0435034092852261
database1/img00020839.webp,0.164052,0.0,0.1115048919315492
database1/img00020840.webp,0.164657,0.0,0.1304524667676033
database1/img00020876.webp,0.039848,0.0,0.062081819887701
database1/img00020958.webp,0.18413,1.0,0.0937429123886009
database1/img00021024.webp,0.011248,1.0,0.0869261035410095
database1/img00021028.webp,0.079159,0.0,0.1761273573311862
database1/img00021119.webp,0.231027,0.0,0.1505640013701382
database1/img00021174.webp,0.029653,1.0,0.0525485691867198
database1/img00021203.webp,0.100309,1.0,0.1736617465077848
database1/img00021240.webp,0.12352,0.0,0.1350384633028747
database1/img00021256.webp,0.115372,0.0,0.1126741303179855
database1/img00021294.webp,0.230757,0.0,0.1864414008209353
database1/img00021336.webp,0.216002,0.0,0.1604509707892498
database1/img00021374.webp,0.038864,0.0,0.0755559951595809
database1/img00021382.webp,0.023478,1.0,0.1082906162273625
database1/img00021398.webp,0.118902,0.0,0.1706347176250113
database1/img00021523.webp,0.125539,0.0,0.1627755265639375
database1/img00021529.webp,0.020743,0.0,0.0987043678324809
database1/img00021585.webp,0.323915,0.0,0.1504874498388446
database1/img00021592.webp,0.053661,1.0,0.0597164554229615
database1/img00021620.webp,0.012103,1.0,0.0910760202453273
database1/img00021622.webp,0.258145,0.0,0.1665739836672551
database1/img00021629.webp,0.347567,0.0,0.1584754505868029
database1/img00021724.webp,0.117861,0.0,0.1580848736559566
database1/img00021737.webp,0.042247,1.0,0.0557564683897278
database1/img00021763.webp,0.319156,0.0,0.2428313535288159
database1/img00021881.webp,0.200485,0.0,0.171412503378224
database1/img00021891.webp,0.158308,0.0,0.2018459774825813
database1/img00022037.webp,0.280548,0.0,0.1841611637482333
database1/img00022062.webp,0.084716,1.0,0.0939580019195023
database1/img00022089.webp,0.105552,0.0,0.101274807937018
database1/img00022098.webp,0.019455,1.0,0.0605193872139523
database1/img00022099.webp,0.017022,1.0,0.0583093844766971
database1/img00022106.webp,0.009696,1.0,0.0599233687007668
database1/img00022110.webp,0.247685,0.0,0.1770527242960669
database1/img00022174.webp,0.246505,1.0,0.2319002379953524
database1/img00022220.webp,0.197348,0.0,0.1443573802078854
database1/img00022367.webp,0.130304,0.0,0.1966706023356551
database1/img00022458.webp,0.178211,1.0,0.0880570316470484
database1/img00022462.webp,0.147091,1.0,0.0714839906515794
database1/img00022521.webp,0.025301,1.0,0.0607853428022099
database1/img00022669.webp,0.094607,1.0,0.2054248307702084
database1/img00022715.webp,0.056654,0.0,0.219478428792587
database1/img00022789.webp,0.207616,0.0,0.1475561683269349
database1/img00022833.webp,0.037262,1.0,0.1079737932113184
database1/img00022848.webp,0.082086,0.0,0.0862121607099049
database1/img00022964.webp,0.170935,0.0,0.2147216598240128
database1/img00023014.webp,0.001544,1.0,0.202452805524273
database1/img00023146.webp,0.103648,1.0,0.2030103684268138
database1/img00023176.webp,0.028973,1.0,0.1219247475097933
database1/img00023181.webp,0.102577,0.0,0.0887200335985954
database1/img00023337.webp,0.089515,0.0,0.1497975664415672
database1/img00023439.webp,0.005019,1.0,0.1322923738169488
database1/img00023478.webp,0.105124,0.0,0.0859191254094813
database1/img00023517.webp,0.050744,0.0,0.1119617153291211
database1/img00023568.webp,0.010958,1.0,0.0730842682154073
database1/img00023725.webp,0.203847,0.0,0.0930999128008341
database1/img00023876.webp,0.079286,0.0,0.0757933166284618
database1/img00023903.webp,0.124474,0.0,0.0425775714725155
database1/img00024004.webp,0.151347,0.0,0.1518502895760813
database1/img00024033.webp,0.008003,1.0,0.0707562355344606
database1/img00024054.webp,0.158105,0.0,0.1772889176055679
database1/img00024075.webp,0.098827,0.0,0.1557236427097869
database1/img00024097.webp,0.056329,1.0,0.0650712369876843
database1/img00024151.webp,0.223931,0.0,0.0808534005633214
database1/img00024251.webp,0.125194,0.0,0.1764915222913875
database1/img00024286.webp,0.203387,0.0,0.2349406230148009
database1/img00024330.webp,0.039351,0.0,0.1323811062239153
database1/img00024429.webp,0.001011,1.0,0.0545945744349804
database1/img00024472.webp,0.231978,0.0,0.1219042202134924
database1/img00024480.webp,0.229159,0.0,0.1820025494137106
database1/img00024496.webp,0.010786,0.0,0.0983466228246584
database1/img00024553.webp,0.040348,1.0,0.1691566414869054
database1/img00024607.webp,0.016616,1.0,0.2158418505859687
database1/img00024687.webp,0.27365,0.0,0.1882108121412092
database1/img00024753.webp,0.192923,0.0,0.1461940957745227
database1/img00024774.webp,0.053221,0.0,0.0890696372324299
database1/img00025064.webp,0.015037,0.0,0.1861887802630348
database1/img00025075.webp,0.298755,0.0,0.1964703954145474
database1/img00025133.webp,0.155681,1.0,0.0948587953703746
database1/img00025166.webp,0.014644,0.0,0.062332820819364
database1/img00025308.webp,0.026547,1.0,0.0725061075628698
database1/img00025347.webp,0.003317,1.0,0.1071928299513443
database1/img00025392.webp,0.084647,0.0,0.1647755656980535
database1/img00025465.webp,0.083236,0.0,0.1930618822040904
database1/img00025509.webp,0.003962,0.0,0.0883909696204286
database1/img00025534.webp,0.073372,0.0,0.1309059947579544
database1/img00025566.webp,0.059194,1.0,0.1686169337095727
database1/img00025641.webp,0.045629,1.0,0.0789139918674966
database1/img00025678.webp,0.113275,0.0,0.1913807187529181
database1/img00025969.webp,0.033245,1.0,0.0700409928885043
database1/img00026052.webp,0.217685,0.0,0.1300981941940536
database1/img00026073.webp,0.052874,0.0,0.0761849295141685
database1/img00026088.webp,0.15625,0.0,0.1304265659900307
database1/img00026103.webp,0.013345,1.0,0.0997905437114368
database1/img00026169.webp,0.063574,1.0,0.0768606277346046
database1/img00026178.webp,0.317092,0.0,0.1751369215923737
database1/img00026249.webp,0.008453,1.0,0.0579131860481388
database1/img00026281.webp,0.219012,1.0,0.1840497725431217
database1/img00026282.webp,0.011198,1.0,0.0624394653510507
database1/img00026305.webp,0.138547,1.0,0.0829253628727722
database1/img00026333.webp,0.154155,0.0,0.0995852058881351
database1/img00026341.webp,0.145098,0.0,0.1951984883190334
database1/img00026380.webp,0.102089,0.0,0.114494885666742
database1/img00026418.webp,0.030072,1.0,0.0649186386577919
database1/img00026462.webp,0.007743,0.0,0.0712905134913501
database1/img00026473.webp,0.0,1.0,0.0598912000550198
database1/img00026493.webp,0.222605,0.0,0.1433020330250932
database1/img00026505.webp,0.024604,1.0,0.0792612965520275
database1/img00026554.webp,0.005176,1.0,0.1502518010881382
database1/img00026653.webp,0.0,0.0,0.0689643462035122
database1/img00026673.webp,0.305916,0.0,0.1504401652714801
database1/img00026714.webp,0.210407,0.0,0.1745627107837049
database1/img00026908.webp,0.046474,0.0,0.0754950147840982
database1/img00027013.webp,0.003769,0.0,0.0995069682014543
database1/img00027032.webp,0.007456,0.0,0.0802876551977003
database1/img00027062.webp,0.046983,1.0,0.054908344536982
database1/img00027147.webp,0.083316,1.0,0.0633811270219464
database1/img00027201.webp,0.173566,0.0,0.1747178039563021
database1/img00027213.webp,0.102301,0.0,0.1005881908632875
database1/img00027267.webp,0.025949,0.0,0.0727988958243944
database1/img00027278.webp,0.04282,0.0,0.1597817187221386
database1/img00027291.webp,0.037481,1.0,0.0581227562057523
database1/img00027300.webp,0.162757,0.0,0.1608779356745971
database1/img00027329.webp,0.120534,0.0,0.0485311562818167
database1/img00027355.webp,0.012954,0.0,0.0638068908343716
database1/img00027400.webp,0.093064,1.0,0.1418193936519572
database1/img00027672.webp,0.024684,0.0,0.1619196064009067
database1/img00027691.webp,0.263468,1.0,0.1642107664067036
database1/img00027708.webp,0.011879,1.0,0.1155548805790775
database1/img00027826.webp,0.008279,1.0,0.0545016223362408
database1/img00027870.webp,0.156292,0.0,0.2097391479404811
database1/img00027888.webp,0.010368,1.0,0.0801517528428795
database1/img00027943.webp,0.005057,1.0,0.1369365933912809
database1/img00027980.webp,0.1488,0.0,0.122453585720168
database1/img00028069.webp,0.00506,1.0,0.0797179103578365
database1/img00028087.webp,0.001205,1.0,0.0582842974267658
database1/img00028101.webp,0.0173,1.0,0.0737441859161549
database1/img00028174.webp,0.122309,0.0,0.2141112557617902
database1/img00028222.webp,0.107143,0.0,0.1450661810333754
database1/img00028224.webp,0.146398,0.0,0.1420438228629747
database1/img00028300.webp,0.012183,0.0,0.0698970043900186
database1/img00028356.webp,0.152613,0.0,0.0756993056932848
database1/img00028517.webp,0.382837,0.0,0.2000855972358957
database1/img00028551.webp,0.203166,0.0,0.1562149115834688
database1/img00028578.webp,0.061325,0.0,0.1106016029463526
database1/img00028581.webp,0.020189,1.0,0.0528731600867375
database1/img00028723.webp,0.12276,0.0,0.2006773942794545
database1/img00028742.webp,0.061928,0.0,0.1009668900270132
database1/img00028757.webp,0.031527,1.0,0.0617278191696777
database1/img00028784.webp,0.01652,0.0,0.0792042805204071
database1/img00028843.webp,0.045216,1.0,0.1613250465265912
database1/img00028942.webp,0.085705,0.0,0.0847671422521996
database1/img00029059.webp,0.201976,0.0,0.1885635199333272
database1/img00029154.webp,0.027398,0.0,0.1424405575293948
database1/img00029252.webp,0.011317,1.0,0.0883327811378369
database1/img00029315.webp,0.223811,0.0,0.1596061525536649
database1/img00029326.webp,0.073163,0.0,0.0619430249971581
database1/img00029393.webp,0.181547,0.0,0.2334616870244506
database1/img00029479.webp,0.172507,1.0,0.1064528641733106
database1/img00029527.webp,9.6e-05,1.0,0.0649408464463276
database1/img00029586.webp,0.049823,0.0,0.1427501955530381
database1/img00029691.webp,0.030185,1.0,0.0902527032452694
database1/img00029706.webp,0.21533,1.0,0.2151538496768902
database1/img00029758.webp,0.113217,0.0,0.194227631466999
database1/img00029778.webp,0.154551,0.0,0.1994812583571156
database1/img00029960.webp,0.383842,0.0,0.2377946926569821
database2/database2/test/148.webp,0.048036,1.0,0.0765554983076126
database2/database2/test/190.webp,0.086509,1.0,0.2661709504290573
database2/database2/test/216.webp,0.245817,0.0,0.0564512160338614
database2/database2/test/232.webp,0.275174,0.0,0.1004911168999528
database2/database2/test/239.webp,0.175156,0.0,0.237721816713564
database2/database2/test/266.webp,0.213241,0.0,0.0866770717113684
database2/database2/test/34.webp,0.050154,0.0,0.0379797242466582
database2/database2/test/453.webp,0.089504,1.0,0.0390991610295471
database2/database2/test/472.webp,0.226614,1.0,0.0696094175435821
database2/database2/test/91.webp,0.465517,1.0,0.2141819733197198
database2/database2/train/1009.webp,0.104761,1.0,0.1915573736014967
database2/database2/train/1240.webp,0.146101,0.0,0.1562502426309984
database2/database2/train/1258.webp,0.246853,0.0,0.2635403307651428
database2/database2/train/127.webp,0.075508,0.0,0.0398022329117134
database2/database2/train/1279.webp,0.000502,1.0,0.1580703642158772
database2/database2/train/1311.webp,0.172932,1.0,0.1808071328154633
database2/database2/train/174.webp,0.051776,1.0,0.2156572962787535
database2/database2/train/203.webp,0.050641,1.0,0.0710183623013523
database2/database2/train/219.webp,0.142928,0.0,0.1988934757242681
database2/database2/train/233.webp,0.281943,1.0,0.2033593505849318
database2/database2/train/26.webp,0.011878,0.0,0.0836889852554585
database2/database2/train/34.webp,0.095641,0.0,0.076069999388789
database2/database2/train/433.webp,0.036418,1.0,0.1822919660812325
database2/database2/train/436.webp,0.026337,1.0,0.1882846607552822
database2/database2/train/515.webp,0.012181,1.0,0.0665251006116283
database2/database2/train/547.webp,0.0,1.0,0.0425812695605704
database2/database2/train/613.webp,0.048432,0.0,0.1518218882937586
database2/database2/train/624.webp,0.123039,1.0,0.2491285650386654
database2/database2/train/650.webp,0.113219,0.0,0.1591960751384886
database2/database2/train/766.webp,0.167917,0.0,0.2102053920030988
database2/database2/train/814.webp,0.3,0.0,0.2138010789929384
database2/database2/train/846.webp,0.020085,1.0,0.1079814357218247
database2/database2/train/900.webp,0.417188,1.0,0.2029224043705333
database2/database2/train/928.webp,0.09983,0.0,0.1965698402644337
database2/database2/train/97.webp,0.048559,1.0,0.0602701842092649
database2/database2/train/992.webp,0.32608,0.0,0.2045313491290026
database3/database3/m.0109kg/59-FaceId-0_align.webp,0.264823,0.0,0.2380840872030162
database3/database3/m.010bk0/59-FaceId-0_align.webp,0.021845,1.0,0.2007736743555267
database3/database3/m.010ngb/60-FaceId-0_align.webp,0.012915,1.0,0.1811524131243128
database3/database3/m.010p3/45-FaceId-0_align.webp,0.01465,1.0,0.067812132159239
database3/database3/m.010p3/69-FaceId-0_align.webp,0.027584,1.0,0.0853610191432955
database3/database3/m.010p3/82-FaceId-0_align.webp,0.013896,1.0,0.113553227428418
database3/database3/m.010wty2t/83-FaceId-1_align.webp,0.168202,1.0,0.2619817351978057
database3/database3/m.0112yl/20-FaceId-0_align.webp,0.035573,1.0,0.1841109974819428
database3/database3/m.01167d3z/34-FaceId-0_align.webp,0.37993,1.0,0.1848784829853439
database3/database3/m.01167d3z/74-FaceId-0_align.webp,0.319357,1.0,0.1882311563521364
database3/database3/m.011_0k/17-FaceId-0_align.webp,0.022011,1.0,0.111949425482254
database3/database3/m.011_0k/3-FaceId-0_align.webp,0.017225,1.0,0.1483592314524074
database3/database3/m.011_0k/43-FaceId-0_align.webp,0.025252,1.0,0.0673252632632979
database3/database3/m.011_0k/77-FaceId-0_align.webp,0.126436,1.0,0.0893667683296555
database3/database3/m.011_2h/101-FaceId-0_align.webp,0.183945,0.0,0.2309015913758104
database3/database3/m.011_2h/18-FaceId-0_align.webp,0.139464,0.0,0.1662687510808959
database3/database3/m.011_2h/21-FaceId-0_align.webp,0.028243,0.0,0.0660093522775582
database3/database3/m.011_3d/107-FaceId-0_align.webp,0.091414,1.0,0.0819605452634454
database3/database3/m.011_3d/31-FaceId-0_align.webp,0.156269,1.0,0.1215422489822049
database3/database3/m.011_3d/35-FaceId-0_align.webp,0.154662,1.0,0.2912977822353372
database3/database3/m.011_3s/106-FaceId-0_align.webp,0.132155,0.0,0.1567035729698178
database3/database3/m.011_3s/93-FaceId-0_align.webp,0.255275,0.0,0.162012537087619
database3/database3/m.011_8/14-FaceId-0_align.webp,0.108434,1.0,0.107313796713618
database3/database3/m.011_nf/83-FaceId-0_align.webp,0.036792,1.0,0.0696794797024873
database3/database3/m.011_pk/73-FaceId-0_align.webp,0.106935,1.0,0.066736195825605
database3/database3/m.011_pk/98-FaceId-0_align.webp,0.021278,1.0,0.1094513965325181
database3/database3/m.011_r9/15-FaceId-0_align.webp,0.000453,1.0,0.153946790356233
database3/database3/m.011_r9/35-FaceId-0_align.webp,0.0,1.0,0.0844790620942862
database3/database3/m.011h_w/16-FaceId-0_align.webp,0.023388,1.0,0.1397219267349351
database3/database3/m.011h_w/57-FaceId-0_align.webp,0.034974,1.0,0.1075559555768459
database3/database3/m.011hdn/3-FaceId-0_align.webp,0.144586,1.0,0.096622087268099
database3/database3/m.011hm1/28-FaceId-0_align.webp,0.045589,0.0,0.1305558842207414
database3/database3/m.011hm1/59-FaceId-0_align.webp,0.308314,0.0,0.13684512575898
database3/database3/m.011hmd/24-FaceId-0_align.webp,0.029049,1.0,0.1340537113370805
database3/database3/m.011jfg/102-FaceId-0_align.webp,0.016853,0.0,0.0566262247293905
database3/database3/m.011jfg/64-FaceId-0_align.webp,0.014724,0.0,0.0494652077642399
database3/database3/m.011kd9/42-FaceId-0_align.webp,0.092666,1.0,0.0408013792112635
database3/database3/m.011kd9/48-FaceId-0_align.webp,0.021031,1.0,0.0876937831601869
database3/database3/m.011l17/115-FaceId-0_align.webp,0.008147,1.0,0.2291848863479698
database3/database3/m.011l17/73-FaceId-0_align.webp,0.013848,1.0,0.1256117756350728
database3/database3/m.011l17/78-FaceId-0_align.webp,0.000371,1.0,0.1759120123452031
database3/database3/m.011lf5/30-FaceId-0_align.webp,0.003745,1.0,0.1144076515587151
database3/database3/m.011lhy/14-FaceId-0_align.webp,0.06605,1.0,0.0605838900510881
database3/database3/m.011m1y/65-FaceId-0_align.webp,0.010331,1.0,0.1853787864397461
database3/database3/m.011m1y/93-FaceId-0_align.webp,0.010174,1.0,0.1739835856010232
database3/database3/m.011m33/35-FaceId-0_align.webp,0.10764,0.0,0.0507729180883206
database3/database3/m.011m33/96-FaceId-0_align.webp,0.077455,0.0,0.2028741963110757
database3/database3/m.011m33/98-FaceId-0_align.webp,0.093352,0.0,0.1165304563287061
database3/database3/m.011p3/100-FaceId-0_align.webp,0.261068,0.0,0.2229969041183147
database3/database3/m.011p3/38-FaceId-0_align.webp,0.260325,0.0,0.1110051425022591
database3/database3/m.011qm2/8-FaceId-0_align.webp,0.02115,1.0,0.0517457487520076
database3/database3/m.011w1b/4-FaceId-0_align.webp,0.011173,0.0,0.0606775663255471
database3/database3/m.011w1b/5-FaceId-0_align.webp,0.149673,0.0,0.1457200494665681
database3/database3/m.011w1b/65-FaceId-0_align.webp,0.028609,0.0,0.1438465503285449
database3/database3/m.011w1b/75-FaceId-0_align.webp,0.102741,0.0,0.2170682305081728
database3/database3/m.011xgp/24-FaceId-0_align.webp,0.060348,1.0,0.1201354489347779
database3/database3/m.011xgp/72-FaceId-0_align.webp,0.024118,1.0,0.1370150152217823
database3/database3/m.011xjd/62-FaceId-0_align.webp,0.025855,1.0,0.0680584600203089
database3/database3/m.011xl3/35-FaceId-0_align.webp,0.101991,1.0,0.1144965883677943
database3/database3/m.011xl3/86-FaceId-0_align.webp,0.095741,1.0,0.1560407566142565
database3/database3/m.011xl3/92-FaceId-0_align.webp,0.15032,1.0,0.0911064731223719
database3/database3/m.011xl3/99-FaceId-0_align.webp,0.04585,1.0,0.0585971412550561
database3/database3/m.011xll/89-FaceId-0_align.webp,0.057752,1.0,0.1474518245880079
database3/database3/m.011ybj/52-FaceId-0_align.webp,0.042728,1.0,0.098449816185878
database3/database3/m.011ybj/61-FaceId-0_align.webp,0.033422,1.0,0.0440814134149537
database3/database3/m.011yx0/17-FaceId-0_align.webp,0.03676,1.0,0.1316398963578289
database3/database3/m.011yx0/7-FaceId-0_align.webp,0.025923,1.0,0.189482242478936
database3/database3/m.011z69/22-FaceId-0_align.webp,0.003956,1.0,0.1186687810129941
database3/database3/m.011z69/27-FaceId-0_align.webp,0.057013,1.0,0.2083811954844545
database3/database3/m.011z69/67-FaceId-0_align.webp,0.026898,1.0,0.0485552158842335
database3/database3/m.011zfk/22-FaceId-0_align.webp,0.214757,1.0,0.1115276167291852
database3/database3/m.011zfz/75-FaceId-0_align.webp,0.159958,0.0,0.1312252101810168
database3/database3/m.011zg9/22-FaceId-0_align.webp,0.107141,0.0,0.0621801536757736
database3/database3/m.011zg9/39-FaceId-0_align.webp,0.053582,0.0,0.0520934259140389
database3/database3/m.011zgs/52-FaceId-0_align.webp,0.127677,0.0,0.2438519468932963
database3/database3/m.011zkh/84-FaceId-0_align.webp,0.008351,1.0,0.043540406081266
database3/database3/m.011zwl/37-FaceId-0_align.webp,0.073722,1.0,0.0393546191465617
database3/database3/m.01200d/24-FaceId-0_align.webp,0.036817,1.0,0.13978266013379
database3/database3/m.01200d/80-FaceId-0_align.webp,0.017066,1.0,0.0692813788883083
database3/database3/m.012052/1-FaceId-0_align.webp,0.109494,1.0,0.0696392132130763
database3/database3/m.012052/30-FaceId-0_align.webp,0.193814,1.0,0.1931254997206257
database3/database3/m.012052/63-FaceId-0_align.webp,0.135953,1.0,0.0991819363352419
database3/database3/m.0122lq/12-FaceId-0_align.webp,0.034174,1.0,0.0468279145582414
database3/database3/m.0122lq/62-FaceId-0_align.webp,0.002899,1.0,0.2044717986028681
database3/database3/m.0122lq/73-FaceId-0_align.webp,0.026793,1.0,0.1445227435969145
database3/database3/m.0122m5/94-FaceId-0_align.webp,0.003731,1.0,0.1962831365247833
database3/database3/m.01233w/1-FaceId-0_align.webp,0.049894,1.0,0.0513460570888973
database3/database3/m.01233w/25-FaceId-0_align.webp,0.043404,1.0,0.0525271079672905
database3/database3/m.01239/57-FaceId-0_align.webp,0.01656,1.0,0.1385099012995231
database3/database3/m.01239/68-FaceId-0_align.webp,0.012855,1.0,0.0910917201303762
database3/database3/m.0123x2/101-FaceId-0_align.webp,0.244668,1.0,0.1932101218206275
database3/database3/m.01241v/54-FaceId-0_align.webp,0.010871,1.0,0.0448552886406433
database3/database3/m.0124t/70-FaceId-0_align.webp,0.066352,0.0,0.2420551823755877
database3/database3/m.01257s/41-FaceId-1_align.webp,0.025408,1.0,0.2368951913969121
database3/database3/m.0126rp/46-FaceId-0_align.webp,0.064149,1.0,0.0575143956321635
database3/database3/m.0126rp/48-FaceId-0_align.webp,0.020111,1.0,0.0562790678685396
database3/database3/m.0126y2/49-FaceId-0_align.webp,0.042913,1.0,0.1312405772785507
database3/database3/m.0126y2/81-FaceId-0_align.webp,0.011658,1.0,0.2615878082641197
database3/database3/m.0126y2/92-FaceId-0_align.webp,0.2594,1.0,0.2223051211797569
database3/database3/m.01270s/15-FaceId-0_align.webp,0.00523,1.0,0.1321575281208235
database3/database3/m.01270s/43-FaceId-0_align.webp,0.024273,1.0,0.0773334644286832
database3/database3/m.01271_/40-FaceId-0_align.webp,0.046844,0.0,0.225075413239663
database3/database3/m.01271_/42-FaceId-0_align.webp,0.082785,0.0,0.058944997027744
database3/database3/m.01271_/92-FaceId-0_align.webp,0.131196,0.0,0.1274661779181859
database3/database3/m.0127fx/6-FaceId-0_align.webp,0.010653,1.0,0.0569960068101311
database3/database3/m.0127gn/12-FaceId-0_align.webp,0.02417,1.0,0.0696716618392677
database3/database3/m.0127tk/114-FaceId-0_align.webp,0.088119,1.0,0.1112339835427078
database3/database3/m.0127tk/121-FaceId-0_align.webp,0.110272,1.0,0.0959535858842114
database3/database3/m.0127tk/32-FaceId-0_align.webp,0.044592,1.0,0.0847131795052801
database3/database3/m.0127tk/61-FaceId-0_align.webp,0.157887,1.0,0.0876351446929937
database3/database3/m.0127tk/75-FaceId-0_align.webp,0.118857,1.0,0.108825204221733
database3/database3/m.0127tk/83-FaceId-0_align.webp,0.180049,1.0,0.1141433613576309
database3/database3/m.0127zt/62-FaceId-0_align.webp,0.099007,0.0,0.1324955020003769
database3/database3/m.012801/76-FaceId-0_align.webp,0.060329,1.0,0.0696208119330882
database3/database3/m.012981/36-FaceId-0_align.webp,0.038673,1.0,0.0598964373016175
database3/database3/m.012_53/112-FaceId-0_align.webp,0.081654,0.0,0.1553597525177604
database3/database3/m.012_53/73-FaceId-0_align.webp,0.056783,0.0,0.1738441374448321
database3/database3/m.012_jj/10-FaceId-0_align.webp,0.005143,1.0,0.1212892787281671
database3/database3/m.012_jj/103-FaceId-0_align.webp,0.04174,1.0,0.1592004104695885
database3/database3/m.012_jj/83-FaceId-0_align.webp,0.123978,1.0,0.1563150623582143
database3/database3/m.012c6j/57-FaceId-0_align.webp,0.0,1.0,0.0682805611492001
database3/database3/m.012c6x/43-FaceId-0_align.webp,0.000386,1.0,0.1396484257477174
database3/database3/m.012c8f/13-FaceId-0_align.webp,0.010098,1.0,0.0837977714552453
database3/database3/m.012c8f/85-FaceId-0_align.webp,0.121074,1.0,0.1915135809819915
database3/database3/m.012ck8/1-FaceId-0_align.webp,0.250793,0.0,0.1338998853973941
database3/database3/m.012cm5/19-FaceId-0_align.webp,0.050828,1.0,0.1394795561898907
database3/database3/m.012cm5/75-FaceId-0_align.webp,0.032775,1.0,0.2110402897976439
database3/database3/m.012cm5/90-FaceId-0_align.webp,0.082057,1.0,0.1877040459900737
database3/database3/m.012cnn/11-FaceId-0_align.webp,0.107545,0.0,0.1989966197904222
database3/database3/m.012cph/108-FaceId-0_align.webp,0.01551,1.0,0.0600172794930156
database3/database3/m.012cph/17-FaceId-0_align.webp,0.005549,1.0,0.0470026144695762
database3/database3/m.012cph/68-FaceId-0_align.webp,0.017584,1.0,0.0889946494511135
database3/database3/m.012cyp/33-FaceId-0_align.webp,0.012748,0.0,0.1197609964429881
database3/database3/m.012cyp/43-FaceId-0_align.webp,0.207358,0.0,0.2038243979448074
database3/database3/m.012cyp/7-FaceId-0_align.webp,0.030272,0.0,0.0635841750547716
database3/database3/m.012czd/35-FaceId-0_align.webp,0.035058,0.0,0.1372406953457765
database3/database3/m.012czd/90-FaceId-0_align.webp,0.001711,0.0,0.1765545267089401
database3/database3/m.012dtw/86-FaceId-0_align.webp,0.075626,1.0,0.2054753859813766
database3/database3/m.012fgx/58-FaceId-0_align.webp,0.039289,1.0,0.0415232731436255
database3/database3/m.012g8l/75-FaceId-0_align.webp,0.015517,1.0,0.0880296628122857
database3/database3/m.012gbb/1-FaceId-0_align.webp,0.057132,0.0,0.1420765580517378
database3/database3/m.012gbb/104-FaceId-0_align.webp,0.023381,0.0,0.0625920089753016
database3/database3/m.012gbb/86-FaceId-0_align.webp,0.070682,0.0,0.2017381806391988
database3/database3/m.012gdw/54-FaceId-0_align.webp,0.06697,1.0,0.0855309769942972
database3/database3/m.012gl8/17-FaceId-0_align.webp,0.06567,0.0,0.0734831835843963
database3/database3/m.012gl8/38-FaceId-0_align.webp,0.063039,0.0,0.0886329978188502
database3/database3/m.012gq6/33-FaceId-0_align.webp,0.016946,1.0,0.2016292356683006
database3/database3/m.012gr9/29-FaceId-0_align.webp,0.156273,0.0,0.2021013352130758
database3/database3/m.012gx2/64-FaceId-0_align.webp,0.000577,1.0,0.0436805094626988
database3/database3/m.012gx2/77-FaceId-0_align.webp,0.126437,1.0,0.1656215442868724
database3/database3/m.012gx2/8-FaceId-0_align.webp,0.019361,1.0,0.0458269443623292
database3/database3/m.012gx2/99-FaceId-0_align.webp,0.025003,1.0,0.0690229653582984
database3/database3/m.012h65/109-FaceId-0_align.webp,0.210562,1.0,0.1400343265794353
database3/database3/m.012hqb/33-FaceId-0_align.webp,0.004406,1.0,0.1425504816742972
database3/database3/m.012hr4/21-FaceId-0_align.webp,0.126033,1.0,0.0867706764041583
database3/database3/m.012hr4/67-FaceId-0_align.webp,0.183915,1.0,0.1565097742193684
database3/database3/m.012hr4/74-FaceId-0_align.webp,0.037244,1.0,0.0949680654654355
database3/database3/m.012hsb/101-FaceId-0_align.webp,0.192286,1.0,0.0884994833076337
database3/database3/m.012hsb/74-FaceId-0_align.webp,0.057902,1.0,0.0795928913925597
database3/database3/m.012hz4/77-FaceId-0_align.webp,0.118119,0.0,0.1562483078686926
database3/database3/m.012j2r/108-FaceId-0_align.webp,0.027644,1.0,0.0726554883411396
database3/database3/m.012j2r/38-FaceId-0_align.webp,0.010758,1.0,0.0407924993951362
database3/database3/m.012j2r/9-FaceId-0_align.webp,0.029992,1.0,0.056084390696789
database3/database3/m.012kdb/7-FaceId-0_align.webp,0.154185,0.0,0.0775399479675392
database3/database3/m.012kk4/31-FaceId-1_align.webp,0.026924,1.0,0.0636611482477141
database3/database3/m.012l22/20-FaceId-0_align.webp,0.182682,1.0,0.1793445451371579
database3/database3/m.012l22/56-FaceId-0_align.webp,0.079127,1.0,0.2076097326804264
database3/database3/m.012lyg/82-FaceId-0_align.webp,0.015571,1.0,0.0896305966445879
database3/database3/m.012m1c/109-FaceId-0_align.webp,0.052592,0.0,0.0807486004952019
database3/database3/m.012m1c/113-FaceId-0_align.webp,0.018979,0.0,0.0729014088757424
database3/database3/m.012m1c/56-FaceId-0_align.webp,0.076711,0.0,0.0422946607952403
database3/database3/m.012m7r/99-FaceId-0_align.webp,0.002972,1.0,0.1494745152561952
database3/database3/m.012mh_/3-FaceId-0_align.webp,0.065168,1.0,0.132001031838873
database3/database3/m.012mh_/6-FaceId-0_align.webp,0.002681,1.0,0.0676428398267813
database3/database3/m.012mk7/90-FaceId-0_align.webp,0.032433,1.0,0.0938292968893015
database3/database3/m.012ml0/96-FaceId-0_align.webp,0.031451,1.0,0.070951674837085
database3/database3/m.012mmb/47-FaceId-0_align.webp,0.146313,0.0,0.1503544703050899
database3/database3/m.012mn4/43-FaceId-0_align.webp,0.005783,1.0,0.0868871135527226
database3/database3/m.012nry/108-FaceId-0_align.webp,0.006878,1.0,0.0370384148767001
database3/database3/m.012nry/28-FaceId-0_align.webp,0.006764,1.0,0.1294223116768627
database3/database3/m.012nry/3-FaceId-0_align.webp,0.008173,1.0,0.1295021969451324
database3/database3/m.012nry/57-FaceId-0_align.webp,0.00436,1.0,0.0972466679783044
database3/database3/m.012pjh/2-FaceId-0_align.webp,0.0,1.0,0.1027544993212922
database3/database3/m.012q4n/50-FaceId-0_align.webp,0.004622,1.0,0.2221267304510163
database3/database3/m.012qfw/20-FaceId-1_align.webp,0.162552,0.0,0.088234089120252
database3/database3/m.012qfw/41-FaceId-0_align.webp,0.211858,0.0,0.0823082563747591
database3/database3/m.012qgc/82-FaceId-0_align.webp,0.002042,1.0,0.0834984352697411
database3/database3/m.012rng/35-FaceId-0_align.webp,0.036379,1.0,0.1062926418527793
database3/database3/m.012rng/47-FaceId-0_align.webp,0.022161,1.0,0.1793016215794478
database3/database3/m.012rng/48-FaceId-0_align.webp,0.01786,1.0,0.0527770695766258
database3/database3/m.012rth/93-FaceId-0_align.webp,0.046323,1.0,0.1507728676238554
database3/database3/m.012s1x/11-FaceId-0_align.webp,0.049377,1.0,0.0482138799077313
database3/database3/m.012s5j/122-FaceId-0_align.webp,0.205872,0.0,0.154786894650408
database3/database3/m.012s9f/0-FaceId-0_align.webp,0.000412,1.0,0.0885916735420286
database3/database3/m.012st7/14-FaceId-0_align.webp,0.003821,1.0,0.1714151840269863
database3/database3/m.012t1d/17-FaceId-0_align.webp,0.167599,1.0,0.0766281961842055
database3/database3/m.012t1d/37-FaceId-0_align.webp,0.016467,1.0,0.0529052979646199
database3/database3/m.012t1d/80-FaceId-0_align.webp,0.014504,1.0,0.0863627054693075
database3/database3/m.012t3l/22-FaceId-0_align.webp,0.012766,1.0,0.0
database3/database3/m.012t7s/3-FaceId-0_align.webp,0.014581,1.0,0.170968350135547
database3/database3/m.012tmz/123-FaceId-0_align.webp,0.001629,1.0,0.1405626494583722
database3/database3/m.012v1t/29-FaceId-0_align.webp,0.118114,0.0,0.098202345218888
database3/database3/m.012v1t/67-FaceId-0_align.webp,0.072956,0.0,0.0802009179517162
database3/database3/m.012v1t/93-FaceId-0_align.webp,0.033657,0.0,0.0808601356171339
database3/database3/m.012vby/3-FaceId-0_align.webp,0.002151,1.0,0.0752569555788562
database3/database3/m.012vby/36-FaceId-0_align.webp,0.0,1.0,0.1082248384102487
database3/database3/m.012vd6/49-FaceId-0_align.webp,0.124288,0.0,0.0931166472744756
database3/database3/m.012vd6/5-FaceId-0_align.webp,0.104381,0.0,0.1401053468832376
database3/database3/m.012vd6/75-FaceId-1_align.webp,0.054381,0.0,0.1693522705646064
database3/database3/m.012vf6/90-FaceId-0_align.webp,0.069167,0.0,0.1795498593575885
database3/database3/m.012vhn/10-FaceId-0_align.webp,0.009813,1.0,0.1560266071447014
database3/database3/m.012vhn/4-FaceId-0_align.webp,0.005793,1.0,0.1638430280526243
database3/database3/m.012vq0/30-FaceId-0_align.webp,0.028246,1.0,0.0352649790984512
database3/database3/m.012vq0/67-FaceId-0_align.webp,0.017872,1.0,0.1037111395356285
database3/database3/m.012vqh/80-FaceId-0_align.webp,0.078239,0.0,0.1278672958527685
database3/database3/m.012w05/52-FaceId-0_align.webp,0.000408,1.0,0.1095942365942851
database3/database3/m.012w3k/19-FaceId-0_align.webp,0.109411,1.0,0.1815973606766504
database3/database3/m.012w3k/33-FaceId-0_align.webp,0.07009,1.0,0.0575027703509145
database3/database3/m.012w3k/4-FaceId-0_align.webp,0.071086,1.0,0.1470827575045082
database3/database3/m.012wfh/73-FaceId-0_align.webp,0.055456,0.0,0.2468931653372993
database3/database3/m.012wfh/77-FaceId-0_align.webp,0.055,0.0,0.1671607469870097
database3/database3/m.012wgv/56-FaceId-0_align.webp,0.072911,1.0,0.1122480632311384
database3/database3/m.012x2b/18-FaceId-0_align.webp,0.0,1.0,0.1153990929247768
database3/database3/m.012x2b/46-FaceId-0_align.webp,0.039092,1.0,0.0542933000513991
database3/database3/m.012x2b/54-FaceId-0_align.webp,0.049838,1.0,0.0475083504236949
database3/database3/m.012x2b/72-FaceId-0_align.webp,0.008788,1.0,0.0437519994518831
database3/database3/m.012x5/81-FaceId-0_align.webp,0.058123,0.0,0.1453275053200342
database3/database3/m.012xdy/81-FaceId-0_align.webp,0.012382,1.0,0.0567816336889196
database3/database3/m.012xls/57-FaceId-0_align.webp,0.114584,1.0,0.2239166234688974
database3/database3/m.012xls/70-FaceId-0_align.webp,0.126797,1.0,0.1337506013470839
database3/database3/m.012xls/74-FaceId-0_align.webp,0.018384,1.0,0.0809444624802039
database3/database3/m.012y1h/86-FaceId-0_align.webp,0.123838,1.0,0.0836174754788223
database3/database3/m.012ycy/16-FaceId-0_align.webp,0.002336,1.0,0.0433240536192958
database3/database3/m.012ycy/21-FaceId-0_align.webp,0.164069,1.0,0.0600860590153666
database3/database3/m.012ycy/73-FaceId-0_align.webp,0.017165,1.0,0.2454537647171772
database3/database3/m.012ycy/99-FaceId-0_align.webp,0.136797,1.0,0.0959377675057241
database3/database3/m.012yg1/19-FaceId-0_align.webp,0.003406,1.0,0.2417653934804385
database3/database3/m.012yg1/21-FaceId-0_align.webp,0.007301,1.0,0.1566634254121554
database3/database3/m.012yg1/66-FaceId-0_align.webp,0.007466,1.0,0.1150061192800063
database3/database3/m.012yhd/22-FaceId-0_align.webp,0.043044,1.0,0.1434751585354083
database3/database3/m.012yhd/41-FaceId-0_align.webp,0.014599,1.0,0.1287305328792944
database3/database3/m.012yhd/87-FaceId-0_align.webp,0.016417,1.0,0.0790546357363024
database3/database3/m.012ysy/40-FaceId-0_align.webp,0.005784,1.0,0.1208228379105301
database3/database3/m.012yxk/51-FaceId-0_align.webp,0.111796,1.0,0.1337195596426159
database3/database3/m.012z8_/39-FaceId-0_align.webp,0.076699,1.0,0.1397278865789802
database3/database3/m.012zrl/119-FaceId-0_align.webp,0.19435,0.0,0.0598028327201253
database3/database3/m.012zrl/22-FaceId-0_align.webp,0.184216,0.0,0.2139346360846147
database3/database3/m.012zrl/34-FaceId-0_align.webp,0.221002,0.0,0.1378621762786747
database3/database3/m.01300z/111-FaceId-0_align.webp,0.011168,1.0,0.0587334049286452
database3/database3/m.01300z/46-FaceId-0_align.webp,0.004916,1.0,0.0588240932779222
database3/database3/m.01306d/26-FaceId-0_align.webp,0.043181,1.0,0.0571035276456456
database3/database3/m.0130py/108-FaceId-0_align.webp,0.041408,1.0,0.2559646801925728
database3/database3/m.0130py/9-FaceId-0_align.webp,0.045214,1.0,0.2392218304291533
database3/database3/m.0130sy/65-FaceId-0_align.webp,0.067207,1.0,0.1668325025053459
database3/database3/m.013107/34-FaceId-0_align.webp,0.131929,0.0,0.1686756580314148
database3/database3/m.0131kb/28-FaceId-0_align.webp,0.0,1.0,0.0431600987563413
database3/database3/m.0131kb/47-FaceId-0_align.webp,0.0,1.0,0.2231906146881994
database3/database3/m.0131kb/76-FaceId-0_align.webp,0.081559,1.0,0.2662408017519021
database3/database3/m.013267/23-FaceId-0_align.webp,0.049038,1.0,0.0636845177912465
database3/database3/m.0132k4/103-FaceId-0_align.webp,0.076004,1.0,0.0848572993727575
database3/database3/m.0132k4/97-FaceId-0_align.webp,0.101202,1.0,0.0878413998731493
database3/database3/m.0132kn/100-FaceId-0_align.webp,0.045478,1.0,0.1082023351007631
database3/database3/m.0132q1/29-FaceId-0_align.webp,0.017581,0.0,0.0615770679227424
database3/database3/m.013339/106-FaceId-0_align.webp,0.058305,1.0,0.069254851035877
database3/database3/m.013339/23-FaceId-0_align.webp,0.255508,1.0,0.1967560813364864
database3/database3/m.013339/80-FaceId-0_align.webp,0.066481,1.0,0.0833771308298723
database3/database3/m.01338h/81-FaceId-0_align.webp,0.088482,0.0,0.0622590481938772
database3/database3/m.0133c4/15-FaceId-0_align.webp,0.207364,1.0,0.0938179314373105
database3/database3/m.0133x7/100-FaceId-0_align.webp,0.144974,0.0,0.1372303645169416
database3/database3/m.0133yt/45-FaceId-0_align.webp,0.102482,1.0,0.0914633270673495
database3/database3/m.01341q/51-FaceId-0_align.webp,0.043853,1.0,0.1139475012136094
database3/database3/m.013423/105-FaceId-0_align.webp,0.016474,0.0,0.0942197730058313
database3/database3/m.013423/43-FaceId-0_align.webp,0.10846,0.0,0.1852418779196583
database3/database3/m.0134cp/27-FaceId-0_align.webp,0.030912,1.0,0.0596188920214926
database3/database3/m.0134cp/34-FaceId-1_align.webp,0.031754,1.0,0.0788478002911876
database3/database3/m.0134cp/53-FaceId-0_align.webp,0.019724,1.0,0.0536088100323623
database3/database3/m.0134dc/38-FaceId-0_align.webp,0.000768,1.0,0.2323492254596548
database3/database3/m.0134dc/73-FaceId-0_align.webp,0.003398,1.0,0.2769912162445767
database3/database3/m.0134fr/66-FaceId-0_align.webp,0.01299,1.0,0.215185930002995
database3/database3/m.0134fr/82-FaceId-0_align.webp,0.004786,1.0,0.082490979950552
database3/database3/m.0134wr/11-FaceId-2_align.webp,0.000566,1.0,0.161783858674696
database3/database3/m.0134wr/30-FaceId-2_align.webp,0.080915,1.0,0.0472768842238492
database3/database3/m.0134wr/52-FaceId-2_align.webp,0.028557,1.0,0.0774804285089094
database3/database3/m.0134wr/65-FaceId-1_align.webp,0.001253,1.0,0.1646121152985697
database3/database3/m.0134wr/69-FaceId-2_align.webp,0.064238,1.0,0.1956142350215498
database3/database3/m.0134wr/89-FaceId-1_align.webp,0.188914,1.0,0.0738331268690406
database3/database3/m.0135nb/89-FaceId-0_align.webp,0.051256,1.0,0.0603563781334615
database3/database3/m.01368v/100-FaceId-0_align.webp,0.078994,0.0,0.0735035086026198
database3/database3/m.01368v/58-FaceId-0_align.webp,0.186435,0.0,0.1020222651371925
database3/database3/m.01368v/59-FaceId-1_align.webp,0.101878,0.0,0.0525977629354972
database3/database3/m.0136ms/38-FaceId-0_align.webp,0.015722,1.0,0.1472501191341236
database3/database3/m.0136p1/103-FaceId-0_align.webp,0.341015,0.0,0.1905332744514145
database3/database3/m.0136p1/13-FaceId-0_align.webp,0.259257,0.0,0.1826433393316416
database3/database3/m.0136p1/66-FaceId-0_align.webp,0.075301,0.0,0.1226829728963501
database3/database3/m.0136pk/68-FaceId-0_align.webp,0.195786,1.0,0.1238023025163061
database3/database3/m.0136pk/87-FaceId-0_align.webp,0.172482,1.0,0.2161489508993969
database3/database3/m.0136tm/24-FaceId-0_align.webp,0.011359,1.0,0.0544106644043024
database3/database3/m.0137s4/92-FaceId-0_align.webp,0.014219,1.0,0.2731967025103404
database3/database3/m.01380_/30-FaceId-0_align.webp,0.062935,1.0,0.0724875369734465
database3/database3/m.01380_/84-FaceId-0_align.webp,0.019541,1.0,0.0901172955665653
database3/database3/m.013823/15-FaceId-0_align.webp,0.004502,1.0,0.1503226438019118
database3/database3/m.013823/5-FaceId-0_align.webp,0.029677,1.0,0.1923563494870086
database3/database3/m.013846/35-FaceId-0_align.webp,0.005272,1.0,0.0550801970864548
database3/database3/m.013846/71-FaceId-0_align.webp,0.036782,1.0,0.0659460469880846
database3/database3/m.01386_/97-FaceId-0_align.webp,0.01382,1.0,0.05397144758291
database3/database3/m.01386m/93-FaceId-0_align.webp,0.049853,1.0,0.1731531837976226
database3/database3/m.01387g/36-FaceId-0_align.webp,0.020561,1.0,0.2334357605122673
database3/database3/m.01387g/90-FaceId-0_align.webp,0.00159,1.0,0.0645559239404428
database3/database3/m.01387y/2-FaceId-0_align.webp,0.062856,1.0,0.1185945628944336
database3/database3/m.01387y/32-FaceId-0_align.webp,0.048091,1.0,0.1340687765063619
database3/database3/m.01387y/46-FaceId-0_align.webp,0.0006,1.0,0.0951119010940275
database3/database3/m.01388c/29-FaceId-0_align.webp,0.136546,1.0,0.1318514239460655
database3/database3/m.01388c/82-FaceId-0_align.webp,0.007483,1.0,0.064683593818594
database3/database3/m.01388c/92-FaceId-0_align.webp,0.007604,1.0,0.1157625859864417
database3/database3/m.01389w/75-FaceId-1_align.webp,0.011085,1.0,0.0736814185940095
database3/database3/m.01389w/76-FaceId-0_align.webp,0.018887,1.0,0.0521011951509164
database3/database3/m.0138b7/49-FaceId-0_align.webp,0.173256,1.0,0.0761308368695619
database3/database3/m.0138b7/63-FaceId-0_align.webp,0.091583,1.0,0.0977366578069719
database3/database3/m.0138m1/11-FaceId-0_align.webp,0.033355,1.0,0.0692702872807415
database3/database3/m.0138m1/60-FaceId-0_align.webp,0.027664,1.0,0.0462863033916834
database3/database3/m.0139rh/103-FaceId-0_align.webp,0.008771,1.0,0.2001123960949104
database3/database3/m.0139rh/5-FaceId-0_align.webp,0.009412,1.0,0.1149619883243585
database3/database3/m.013_4m/89-FaceId-0_align.webp,0.106225,1.0,0.0680628584683186
database3/database3/m.013_gz/96-FaceId-0_align.webp,0.14677,0.0,0.1002275081781467
database3/database3/m.013_tp/47-FaceId-0_align.webp,0.000171,1.0,0.2304763981070504
database3/database3/m.013b7z/45-FaceId-0_align.webp,0.025843,1.0,0.1994283984490893
database3/database3/m.013bym/61-FaceId-0_align.webp,0.110889,0.0,0.1137353446368841
database3/database3/m.013bym/65-FaceId-0_align.webp,0.249006,0.0,0.1297070665333171
database3/database3/m.013bym/66-FaceId-0_align.webp,0.288548,0.0,0.2131516691737686
database3/database3/m.013bym/71-FaceId-0_align.webp,0.115164,0.0,0.1550211038860768
database3/database3/m.013m5y/73-FaceId-0_align.webp,0.0,1.0,0.1150867840853874
database3/database3/m.013p_0/60-FaceId-0_align.webp,0.015459,1.0,0.2600307768733566
database3/database3/m.013p_j/3-FaceId-0_align.webp,0.046784,1.0,0.0608369300348725
database3/database3/m.013p_j/43-FaceId-0_align.webp,0.026287,1.0,0.1564684375195312
database3/database3/m.013p_w/1-FaceId-0_align.webp,0.045903,0.0,0.052110318532037
database3/database3/m.013p_w/90-FaceId-1_align.webp,0.028906,0.0,0.0469024060045246
database3/database3/m.013pp3/83-FaceId-0_align.webp,0.052247,1.0,0.0950896110266352
database3/database3/m.013ppl/76-FaceId-0_align.webp,0.018885,1.0,0.1640499247280128
database3/database3/m.013q78/86-FaceId-0_align.webp,0.03,1.0,0.1217556415501563
database3/database3/m.013q8x/26-FaceId-0_align.webp,0.110943,1.0,0.1390113714609112
database3/database3/m.013q8x/42-FaceId-0_align.webp,0.056383,1.0,0.0831803566788086
database3/database3/m.013q8x/99-FaceId-0_align.webp,0.005069,1.0,0.2252787633705017
database3/database3/m.013qb0/82-FaceId-0_align.webp,0.080376,1.0,0.0890109329145792
database3/database3/m.013qb0/94-FaceId-0_align.webp,0.14541,1.0,0.1070865566642058
database3/database3/m.013qjp/42-FaceId-0_align.webp,0.027503,1.0,0.0997365531950012
database3/database3/m.013qjp/83-FaceId-0_align.webp,0.014,1.0,0.0665873828613506
database3/database3/m.013qpt/31-FaceId-0_align.webp,0.020067,1.0,0.0545292372899793
database3/database3/m.013qq4/70-FaceId-0_align.webp,0.020855,1.0,0.1468351861312351
database3/database3/m.013qwl/61-FaceId-0_align.webp,0.006336,1.0,0.0420606168204715
database3/database3/m.013qwy/18-FaceId-0_align.webp,0.050242,1.0,0.1218731116166163
database3/database3/m.013qy3/30-FaceId-0_align.webp,0.004735,1.0,0.0963083650085924
database3/database3/m.013qy3/92-FaceId-0_align.webp,0.026678,1.0,0.0847786302376256
database3/database3/m.013qyh/56-FaceId-1_align.webp,0.057576,1.0,0.0830733409839715
database3/database3/m.013r6h/27-FaceId-0_align.webp,0.054123,1.0,0.0430571538658417
database3/database3/m.013r6h/46-FaceId-0_align.webp,0.123792,1.0,0.2222205407008635
database3/database3/m.013s1b/47-FaceId-0_align.webp,0.148289,1.0,0.0940681355847073
database3/database3/m.013s1t/21-FaceId-0_align.webp,0.005317,1.0,0.1687887008990079
database3/database3/m.013s3/75-FaceId-0_align.webp,0.061568,1.0,0.2278316908159194
database3/database3/m.013s6x/6-FaceId-0_align.webp,0.031839,1.0,0.0506394390301936
database3/database3/m.013s8s/33-FaceId-0_align.webp,0.074629,0.0,0.1002901121593094
database3/database3/m.013sjh/7-FaceId-0_align.webp,0.189385,1.0,0.1127507567436164
database3/database3/m.013t9y/12-FaceId-0_align.webp,0.013435,1.0,0.2022203874085559
database3/database3/m.013tjc/54-FaceId-0_align.webp,0.0,1.0,0.0797683614790983
database3/database3/m.013tjc/56-FaceId-0_align.webp,0.015964,1.0,0.0781053460543376
database3/database3/m.013v12/3-FaceId-0_align.webp,0.018587,1.0,0.1098897563970432
database3/database3/m.013v12/7-FaceId-0_align.webp,0.019979,1.0,0.1089880568401167
database3/database3/m.013v5j/57-FaceId-0_align.webp,0.119854,0.0,0.0793255290028593
database3/database3/m.013vdl/109-FaceId-0_align.webp,0.167747,0.0,0.1066611848231006
database3/database3/m.013vdl/32-FaceId-0_align.webp,0.021263,0.0,0.0860201094003274
database3/database3/m.013vtr/20-FaceId-0_align.webp,0.015954,1.0,0.0540149445864006
database3/database3/m.013w7j/20-FaceId-0_align.webp,0.009375,1.0,0.1882386668805805
database3/database3/m.013w7j/32-FaceId-0_align.webp,0.001151,1.0,0.0885698678208929
database3/database3/m.013w7j/64-FaceId-0_align.webp,0.008592,1.0,0.1969900757613514
database3/database3/m.013w8h/4-FaceId-0_align.webp,0.094597,1.0,0.0694663907437043
database3/database3/m.013wt0/40-FaceId-1_align.webp,0.123008,0.0,0.0925525121900201
database3/database3/m.013wz9/26-FaceId-0_align.webp,0.18678,0.0,0.0978545946545505
database3/database3/m.013wz9/73-FaceId-0_align.webp,0.219059,0.0,0.1038062068484175
database3/database3/m.013xhr/100-FaceId-0_align.webp,0.00219,1.0,0.1059832419842827
database3/database3/m.013xhr/23-FaceId-0_align.webp,0.015916,1.0,0.0837870786198777
database3/database3/m.013xhr/24-FaceId-0_align.webp,0.064866,1.0,0.1356657379786278
database3/database3/m.013xhr/33-FaceId-0_align.webp,0.013765,1.0,0.135392679533727
database3/database3/m.013xhr/42-FaceId-0_align.webp,0.02596,1.0,0.110362794800646
database3/database3/m.013xs1/10-FaceId-0_align.webp,0.059547,1.0,0.0423774395612998
database3/database3/m.013y2b/23-FaceId-0_align.webp,0.154363,0.0,0.1638927793564164
database3/database3/m.013y2b/32-FaceId-0_align.webp,0.092369,0.0,0.1400360230784615
database3/database3/m.013y2b/66-FaceId-0_align.webp,0.108782,0.0,0.158341291495801
database3/database3/m.013y2s/40-FaceId-0_align.webp,0.026989,0.0,0.0600324097011445
database3/database3/m.013y2s/73-FaceId-0_align.webp,0.075667,0.0,0.0662667788083543
database3/database3/m.013yd0/51-FaceId-0_align.webp,0.167678,0.0,0.07691877961595
database3/database3/m.013yd0/92-FaceId-0_align.webp,0.096098,0.0,0.061628003774826
database3/database3/m.013ykk/37-FaceId-0_align.webp,0.042458,0.0,0.0595003945143137
database3/database3/m.013ykx/9-FaceId-0_align.webp,0.117351,0.0,0.2160874122572811
database3/database3/m.013ylm/42-FaceId-0_align.webp,0.120671,0.0,0.1229925513281954
database3/database3/m.013ylm/97-FaceId-0_align.webp,0.133134,0.0,0.1119286817853208
database3/database3/m.013yvd/37-FaceId-0_align.webp,0.027946,1.0,0.0557281918617786
database3/database3/m.013yvd/75-FaceId-0_align.webp,0.027604,1.0,0.0568642109103877
database3/database3/m.013yyq/27-FaceId-0_align.webp,0.014857,1.0,0.1250539451587158
database3/database3/m.013yyq/44-FaceId-0_align.webp,0.06122,1.0,0.1860549562168543
database3/database3/m.013yyq/48-FaceId-0_align.webp,0.11735,1.0,0.0950876062111741
database3/database3/m.013zjz/16-FaceId-0_align.webp,0.071353,1.0,0.0836584312375594
database3/database3/m.013zm7/89-FaceId-0_align.webp,0.144683,1.0,0.084325556105392
database3/database3/m.013zpf/72-FaceId-0_align.webp,0.0,0.0,0.1044394112175809
database3/database3/m.013zpf/88-FaceId-0_align.webp,0.169008,0.0,0.2047354999529971
database3/database3/m.013zr7/15-FaceId-0_align.webp,0.062795,1.0,0.0776849817288395
database3/database3/m.013zs9/83-FaceId-0_align.webp,0.33489,0.0,0.1520453147465989
database3/database3/m.013zyw/16-FaceId-0_align.webp,0.043076,1.0,0.0778044140621902
database3/database3/m.013zyw/19-FaceId-0_align.webp,0.020445,1.0,0.0424645957070039
database3/database3/m.013zyw/21-FaceId-0_align.webp,0.01715,1.0,0.1061911519785073
database3/database3/m.01400g/101-FaceId-0_align.webp,0.057026,0.0,0.2114807208449069
database3/database3/m.01400g/117-FaceId-0_align.webp,0.219786,0.0,0.1254338884267503
database3/database3/m.01400g/31-FaceId-0_align.webp,0.04717,0.0,0.1463485491381408
database3/database3/m.01400g/47-FaceId-0_align.webp,0.103943,0.0,0.0693092408514769
database3/database3/m.014029/72-FaceId-0_align.webp,0.164078,0.0,0.0421449057356464
database3/database3/m.0140ly/8-FaceId-0_align.webp,0.018837,1.0,0.1624580981327932
database3/database3/m.0140v2/84-FaceId-0_align.webp,0.185102,1.0,0.2913334765719555
database3/database3/m.0141qv/12-FaceId-0_align.webp,0.026897,1.0,0.0382194689142885
database3/database3/m.0142n8/3-FaceId-0_align.webp,0.193323,1.0,0.0599443522560071
database3/database3/m.0142n8/5-FaceId-0_align.webp,0.020679,1.0,0.0551697715641346
database3/database3/m.0142sv/3-FaceId-0_align.webp,0.0,1.0,0.1100412716089079
database3/database3/m.0142sv/32-FaceId-0_align.webp,0.0,1.0,0.0398175766879569
database3/database3/m.01433m/64-FaceId-0_align.webp,0.03742,0.0,0.172435899775889
database3/database3/m.0143sn/66-FaceId-0_align.webp,0.02374,1.0,0.0558178684346581
database3/database3/m.0143wl/30-FaceId-0_align.webp,0.034923,1.0,0.1020196439129731
database3/database3/m.0143wl/81-FaceId-0_align.webp,0.051966,1.0,0.0664135238371543
database3/database3/m.014488/3-FaceId-0_align.webp,0.020128,1.0,0.1026385240193098
database3/database3/m.01449w/57-FaceId-0_align.webp,0.017199,1.0,0.1926508767447876
database3/database3/m.01449w/80-FaceId-0_align.webp,0.016942,1.0,0.162072822932945
database3/database3/m.01449w/99-FaceId-0_align.webp,0.011762,1.0,0.2101367929703539
database3/database3/m.0144_b/77-FaceId-0_align.webp,0.037923,1.0,0.2255679750508733
database3/database3/m.0144_b/99-FaceId-0_align.webp,0.002226,1.0,0.0781934757918438
database3/database3/m.0144k5/45-FaceId-0_align.webp,0.060457,0.0,0.0503669001486597
database3/database3/m.0144k5/53-FaceId-0_align.webp,0.099321,0.0,0.1438389587956322
database3/database3/m.0144k5/58-FaceId-0_align.webp,0.088277,0.0,0.1766017836280064
database3/database3/m.0144k5/85-FaceId-0_align.webp,0.078258,0.0,0.1792338899494465
database3/database3/m.014508/74-FaceId-0_align.webp,0.033711,1.0,0.0642770210825362
database3/database3/m.0146fs/16-FaceId-0_align.webp,0.00871,1.0,0.0939579727746193
database3/database3/m.0147cn/44-FaceId-0_align.webp,0.171045,1.0,0.1752643288542495
database3/database3/m.0147cn/79-FaceId-0_align.webp,0.059428,1.0,0.1097232710263922
database3/database3/m.0147jt/99-FaceId-0_align.webp,0.019999,1.0,0.1405759781648753
database3/database3/m.0147qz/78-FaceId-0_align.webp,0.010623,1.0,0.1897828181268197
database3/database3/m.01480y/76-FaceId-0_align.webp,0.0,1.0,0.0344157858065442
database3/database3/m.0148_m/52-FaceId-0_align.webp,0.01178,1.0,0.0756090308599852
database3/database3/m.0148m9/58-FaceId-0_align.webp,0.040365,1.0,0.2227481889021029
database3/database3/m.0148qq/63-FaceId-1_align.webp,0.082134,1.0,0.0861015798632554
database3/database3/m.0148x0/17-FaceId-0_align.webp,0.195787,0.0,0.0882740838691585
database3/database3/m.014902/18-FaceId-0_align.webp,0.02167,1.0,0.0587023803985079
database3/database3/m.01491d/96-FaceId-0_align.webp,0.018562,1.0,0.139929372599136
database3/database3/m.014936/66-FaceId-0_align.webp,0.009581,0.0,0.0801593781691124
database3/database3/m.0149k5/29-FaceId-0_align.webp,0.022158,1.0,0.1026254144401295
database3/database3/m.0149k5/81-FaceId-0_align.webp,0.042078,1.0,0.1724639449207142
database3/database3/m.0149vp/23-FaceId-0_align.webp,0.153482,1.0,0.0523690049293737
database3/database3/m.0149vp/3-FaceId-0_align.webp,0.055794,1.0,0.1002087998171794
database3/database3/m.0149vp/63-FaceId-0_align.webp,0.126629,1.0,0.2190998854543725
database3/database3/m.0149wl/102-FaceId-0_align.webp,0.022928,1.0,0.1044427006431383
database3/database3/m.0149wl/45-FaceId-0_align.webp,0.024169,1.0,0.1297130045170254
database3/database3/m.0149xx/94-FaceId-0_align.webp,0.042337,1.0,0.2027472116149863
database3/database3/m.014_1g/72-FaceId-0_align.webp,0.019311,0.0,0.0733642668377858
database3/database3/m.014_1g/8-FaceId-0_align.webp,0.209769,0.0,0.1662790310520744
database3/database3/m.014_4y/6-FaceId-0_align.webp,0.048047,1.0,0.0685078733648106
database3/database3/m.014_sl/106-FaceId-0_align.webp,0.23715,0.0,0.1986099481755893
database3/database3/m.014_sl/74-FaceId-0_align.webp,0.390836,0.0,0.1468097298541001
database3/database3/m.014bn_/16-FaceId-0_align.webp,0.037637,1.0,0.0575093156883552
database3/database3/m.014bn_/85-FaceId-1_align.webp,0.012813,1.0,0.0506159908105001
database3/database3/m.014bps/75-FaceId-0_align.webp,0.000105,1.0,0.046005107194365
database3/database3/m.014byr/85-FaceId-0_align.webp,0.140079,1.0,0.2546327557101084
database3/database3/m.014bz_/33-FaceId-0_align.webp,0.044503,1.0,0.0775335951885473
database3/database3/m.014c0y/76-FaceId-0_align.webp,0.175143,1.0,0.2381152187315611
database3/database3/m.014c40/62-FaceId-0_align.webp,0.041412,1.0,0.127537514284687
database3/database3/m.014c40/70-FaceId-0_align.webp,0.059838,1.0,0.1051806349781283
database3/database3/m.014cq/6-FaceId-0_align.webp,0.092137,1.0,0.1487892917601858
database3/database3/m.014cq/86-FaceId-0_align.webp,0.009035,1.0,0.220288455040939
database3/database3/m.014cw2/26-FaceId-0_align.webp,0.010138,1.0,0.0548535690221635
database3/database3/m.014cw2/50-FaceId-0_align.webp,0.006571,1.0,0.0693542880739046
database3/database3/m.014d0v/117-FaceId-0_align.webp,0.00171,1.0,0.221935080349234
database3/database3/m.014d0v/5-FaceId-0_align.webp,0.0,1.0,0.1052517834834114
database3/database3/m.014d0v/76-FaceId-0_align.webp,0.001899,1.0,0.1243798597056366
database3/database3/m.014d15/7-FaceId-0_align.webp,0.067756,1.0,0.2409346775654898
database3/database3/m.014d3/12-FaceId-0_align.webp,0.002261,1.0,0.1323697133707852
database3/database3/m.014d3/72-FaceId-0_align.webp,0.018566,1.0,0.2151794937676821
database3/database3/m.014d3y/82-FaceId-0_align.webp,0.033512,0.0,0.1252441831147809
database3/database3/m.014dg1/103-FaceId-0_align.webp,0.026524,1.0,0.0612762419444084
database3/database3/m.014dg1/51-FaceId-0_align.webp,0.001679,1.0,0.228049533686457
database3/database3/m.014dg1/65-FaceId-0_align.webp,0.0,1.0,0.0446933306669928
database3/database3/m.014dg1/7-FaceId-0_align.webp,0.01106,1.0,0.0615191176907162
database3/database3/m.014dg1/86-FaceId-0_align.webp,0.019596,1.0,0.0844659892273086
database3/database3/m.014dm6/105-FaceId-0_align.webp,0.23153,1.0,0.1079048214653483
database3/database3/m.014dy_/50-FaceId-0_align.webp,0.069776,1.0,0.0280788950218035
database3/database3/m.014dy_/73-FaceId-0_align.webp,0.01239,1.0,0.082933118247083
database3/database3/m.014f8k/25-FaceId-0_align.webp,0.24634,0.0,0.1531841399583421
database3/database3/m.014f8k/9-FaceId-0_align.webp,0.182534,0.0,0.0905483460363028
database3/database3/m.014fcb/0-FaceId-0_align.webp,0.028343,1.0,0.0655936380410865
database3/database3/m.014fd7/98-FaceId-0_align.webp,0.096652,1.0,0.068599021182223
database3/database3/m.014g17/1-FaceId-0_align.webp,0.005705,1.0,0.0748516190489448
database3/database3/m.014g17/9-FaceId-0_align.webp,0.079641,1.0,0.0559573798665174
database3/database3/m.014g22/90-FaceId-0_align.webp,0.35161,0.0,0.160723238653214
database3/database3/m.014g6c/86-FaceId-0_align.webp,0.02888,1.0,0.1066277431372825
database3/database3/m.014g6v/43-FaceId-0_align.webp,0.001902,1.0,0.0484758467995448
database3/database3/m.014g79/86-FaceId-0_align.webp,0.049609,1.0,0.2552334755972387
database3/database3/m.014g8p/48-FaceId-0_align.webp,0.000256,1.0,0.0668512322369642
database3/database3/m.014g9y/12-FaceId-0_align.webp,0.038159,0.0,0.2176731827018919
database3/database3/m.014g_f/26-FaceId-0_align.webp,0.000817,1.0,0.0431545690232133
database3/database3/m.014g_f/35-FaceId-0_align.webp,0.001771,1.0,0.1016962405320203
database3/database3/m.014gf8/102-FaceId-0_align.webp,0.00204,1.0,0.2321622377001638
database3/database3/m.014gf8/28-FaceId-0_align.webp,0.018311,1.0,0.0752555938545193
database3/database3/m.014gf8/69-FaceId-0_align.webp,0.050273,1.0,0.0538686145823718
database3/database3/m.014gf8/9-FaceId-0_align.webp,0.034223,1.0,0.1190537800981187
database3/database3/m.014gsd/79-FaceId-0_align.webp,0.118598,1.0,0.0667224785020696
database3/database3/m.014h_s/80-FaceId-0_align.webp,0.173494,0.0,0.1811403980898163
database3/database3/m.014hlm/54-FaceId-0_align.webp,0.078394,0.0,0.0674182757007116
database3/database3/m.014hmv/53-FaceId-1_align.webp,0.0,1.0,0.1093759475043399
database3/database3/m.014j8m/72-FaceId-0_align.webp,0.0057,1.0,0.0477329295388246
database3/database3/m.014jb8/10-FaceId-0_align.webp,0.009911,1.0,0.1094456106583417
database3/database3/m.014jk0/16-FaceId-0_align.webp,0.026202,1.0,0.2295413615534273
database3/database3/m.014jk0/61-FaceId-0_align.webp,0.011335,1.0,0.3260034646714091
database3/database3/m.014jk0/74-FaceId-0_align.webp,0.003357,1.0,0.144230999290893
database3/database3/m.014jxq/20-FaceId-0_align.webp,0.165895,0.0,0.1662932624028238
database3/database3/m.014jxq/43-FaceId-0_align.webp,0.136492,0.0,0.0480599595779339
database3/database3/m.014jy6/23-FaceId-0_align.webp,0.150311,1.0,0.1067031767862605
database3/database3/m.014jy6/50-FaceId-0_align.webp,0.042148,1.0,0.069174026788397
database3/database3/m.014jy6/97-FaceId-0_align.webp,0.061362,1.0,0.0795685864423975
database3/database3/m.014k1v/95-FaceId-3_align.webp,0.133686,1.0,0.2143849195619183
database3/database3/m.014k2p/25-FaceId-0_align.webp,0.315824,1.0,0.1598722730663148
database3/database3/m.014kbz/16-FaceId-0_align.webp,0.028027,1.0,0.0688676535527726
database3/database3/m.014kbz/22-FaceId-0_align.webp,0.028933,1.0,0.0848111008350801
database3/database3/m.014kbz/81-FaceId-0_align.webp,0.006506,1.0,0.2228885288975698
database3/database3/m.014kxv/1-FaceId-0_align.webp,0.013313,1.0,0.0422280352695414
database3/database3/m.014kxv/11-FaceId-0_align.webp,0.053384,1.0,0.1207552589844639
database3/database3/m.014lb1/14-FaceId-2_align.webp,0.000111,0.0,0.0529281883490936
database3/database3/m.014lb1/47-FaceId-0_align.webp,0.167631,0.0,0.1910327321825927
database3/database3/m.014lb1/62-FaceId-1_align.webp,0.053145,0.0,0.0521583436626015
database3/database3/m.014lyb/65-FaceId-0_align.webp,0.056831,1.0,0.0562546256708678
database3/database3/m.014m_1/70-FaceId-0_align.webp,0.018552,1.0,0.063895097514693
database3/database3/m.014mvy/17-FaceId-0_align.webp,0.196734,1.0,0.25478283732846
database3/database3/m.014mvy/58-FaceId-0_align.webp,0.218895,1.0,0.158526548083397
database3/database3/m.014n_k/48-FaceId-0_align.webp,0.006557,1.0,0.0508045942220913
database3/database3/m.014n_k/70-FaceId-0_align.webp,0.029858,1.0,0.0777474039831568
database3/database3/m.014nfw/87-FaceId-0_align.webp,0.123499,0.0,0.2186287643648674
database3/database3/m.014p33/83-FaceId-2_align.webp,0.084076,0.0,0.09828365471758
database3/database3/m.014p33/87-FaceId-0_align.webp,0.07546,0.0,0.078624253283093
database3/database3/m.014ptb/14-FaceId-1_align.webp,0.016295,1.0,0.0531899474301667
database3/database3/m.014ptb/5-FaceId-0_align.webp,0.001038,1.0,0.2017854752150918
database3/database3/m.014ptb/50-FaceId-0_align.webp,0.185526,1.0,0.1031024909889164
database3/database3/m.014pxk/118-FaceId-0_align.webp,0.227914,1.0,0.1097965830426977
database3/database3/m.014pys/19-FaceId-0_align.webp,0.047245,1.0,0.1158265503563902
database3/database3/m.014pzz/110-FaceId-0_align.webp,0.13041,0.0,0.0849116885341792
database3/database3/m.014qjt/47-FaceId-0_align.webp,0.002851,1.0,0.0696713315505482
database3/database3/m.014r6r/81-FaceId-0_align.webp,0.091441,0.0,0.0803825405370522
database3/database3/m.014s81/3-FaceId-0_align.webp,0.077926,1.0,0.1629377188511836
database3/database3/m.014sj7/7-FaceId-0_align.webp,0.074577,1.0,0.1892301127777543
database3/database3/m.014skb/4-FaceId-0_align.webp,0.096076,0.0,0.1179261219949571
database3/database3/m.014skb/53-FaceId-0_align.webp,0.075066,0.0,0.0827681939611544
database3/database3/m.014skb/55-FaceId-0_align.webp,0.080414,0.0,0.0838193010702645
database3/database3/m.014v1q/8-FaceId-1_align.webp,0.038359,1.0,0.0612835946858681
database3/database3/m.014v6x/16-FaceId-0_align.webp,0.159906,0.0,0.2183185613007037
database3/database3/m.014v6x/20-FaceId-0_align.webp,0.306955,0.0,0.1483395410064601
database3/database3/m.014v6x/88-FaceId-0_align.webp,0.075191,0.0,0.0661416508199772
database3/database3/m.014vbq/60-FaceId-0_align.webp,0.005701,1.0,0.1841020537042167
database3/database3/m.014vnb/46-FaceId-0_align.webp,0.027126,1.0,0.0937375096330991
database3/database3/m.014vnb/51-FaceId-0_align.webp,0.043084,1.0,0.241723883404304
database3/database3/m.014vtj/100-FaceId-0_align.webp,0.000679,1.0,0.1243677376117894
database3/database3/m.014wsb/38-FaceId-0_align.webp,0.106862,1.0,0.0721858259651981
database3/database3/m.014x0w/28-FaceId-0_align.webp,0.353028,0.0,0.2162373226053421
database3/database3/m.014x0w/74-FaceId-0_align.webp,0.177523,0.0,0.1385087434179612
database3/database3/m.014x0w/96-FaceId-0_align.webp,0.217684,0.0,0.1479231644624747
database3/database3/m.014xn7/100-FaceId-0_align.webp,0.007084,1.0,0.0543674813751001
database3/database3/m.014xn7/42-FaceId-0_align.webp,0.003105,1.0,0.0627335676504975
database3/database3/m.014xr2/5-FaceId-0_align.webp,0.387134,0.0,0.2124724781956801
database3/database3/m.014xr2/87-FaceId-0_align.webp,0.341771,0.0,0.1632926543118744
database3/database3/m.014xzx/93-FaceId-0_align.webp,0.351892,1.0,0.1624829114791643
database3/database3/m.014y6/74-FaceId-0_align.webp,0.012495,1.0,0.0823696471596985
database3/database3/m.014y6/95-FaceId-0_align.webp,0.006882,1.0,0.1793646633225244
database3/database3/m.014y7g/1-FaceId-0_align.webp,0.005692,1.0,0.0591771436515064
database3/database3/m.014z8v/77-FaceId-0_align.webp,0.004141,1.0,0.1558409389934552
database3/database3/m.014zfs/76-FaceId-0_align.webp,0.024924,1.0,0.1478314148283741
database3/database3/m.014zxh/99-FaceId-0_align.webp,0.008633,1.0,0.2391933635275605
database3/database3/m.014zy/105-FaceId-0_align.webp,0.175949,1.0,0.1703311526424095
database3/database3/m.014zy/22-FaceId-0_align.webp,0.048224,1.0,0.0624948465282297
database3/database3/m.014zy/56-FaceId-0_align.webp,0.135716,1.0,0.1266497714038582
database3/database3/m.015076/99-FaceId-0_align.webp,0.0064,1.0,0.0832912123878641
database3/database3/m.01507p/0-FaceId-0_align.webp,0.067522,1.0,0.0604942037504838
database3/database3/m.01509x/60-FaceId-0_align.webp,0.015557,1.0,0.1639967424701812
database3/database3/m.0150bp/103-FaceId-0_align.webp,0.041675,0.0,0.0846275195376439
database3/database3/m.0150j5/31-FaceId-0_align.webp,0.003889,1.0,0.1249752983109503
database3/database3/m.0150j5/4-FaceId-0_align.webp,0.006229,1.0,0.12360825071487
database3/database3/m.0150j5/71-FaceId-0_align.webp,0.062123,1.0,0.1231521798069074
database3/database3/m.0150j5/81-FaceId-0_align.webp,0.001136,1.0,0.1075542818429654
database3/database3/m.0150j5/86-FaceId-0_align.webp,0.002669,1.0,0.1096658269822396
database3/database3/m.0150m1/111-FaceId-0_align.webp,0.023781,1.0,0.1363537572969871
database3/database3/m.0150m1/13-FaceId-0_align.webp,0.071346,1.0,0.1731434188587585
database3/database3/m.0150mg/0-FaceId-0_align.webp,0.057671,1.0,0.1006360162897065
database3/database3/m.0150mg/69-FaceId-0_align.webp,0.220147,1.0,0.1852339538940075
database3/database3/m.0150mg/88-FaceId-0_align.webp,0.14546,1.0,0.1359141189035171
database3/database3/m.0150mg/97-FaceId-0_align.webp,0.078806,1.0,0.0756905658359725
database3/database3/m.0150rl/42-FaceId-0_align.webp,0.016396,0.0,0.0822781350650637
database3/database3/m.0150t6/36-FaceId-0_align.webp,0.017669,1.0,0.0606557973349554
database3/database3/m.0150t6/41-FaceId-0_align.webp,0.022058,1.0,0.1041919321630983
database3/database3/m.0150t6/63-FaceId-0_align.webp,0.015119,1.0,0.0777475392445959
database3/database3/m.01519n/21-FaceId-0_align.webp,0.389316,0.0,0.1857289649648674
database3/database3/m.01519n/69-FaceId-0_align.webp,0.017235,0.0,0.1135680805584537
database3/database3/m.0151fv/54-FaceId-0_align.webp,0.017876,0.0,0.0512616212392612
database3/database3/m.0151fv/90-FaceId-0_align.webp,0.296844,0.0,0.1334501804450947
database3/database3/m.0151fv/94-FaceId-0_align.webp,0.121468,0.0,0.1826984230939264
database3/database3/m.0151n1/16-FaceId-0_align.webp,0.044648,1.0,0.055327706271599
database3/database3/m.0151n1/26-FaceId-0_align.webp,0.101903,1.0,0.1305962663826513
database3/database3/m.0151n1/29-FaceId-0_align.webp,0.049938,1.0,0.0757562984140968
database3/database3/m.0151n1/36-FaceId-0_align.webp,0.038201,1.0,0.1761617728478716
database3/database3/m.0151n1/53-FaceId-0_align.webp,0.021607,1.0,0.1083208602328714
database3/database3/m.0151p8/29-FaceId-0_align.webp,0.003452,1.0,0.1759241642173638
database3/database3/m.0151xv/30-FaceId-0_align.webp,0.007121,1.0,0.0680480052612491
database3/database3/m.0151xv/44-FaceId-0_align.webp,0.021629,1.0,0.0681669571495617
database3/database3/m.0151xv/88-FaceId-0_align.webp,0.006779,1.0,0.0879929646312463
database3/database3/m.0151zx/92-FaceId-0_align.webp,0.043036,1.0,0.2521221229846783
database3/database3/m.0152cw/42-FaceId-0_align.webp,0.083199,0.0,0.1648267465880999
database3/database3/m.0152xn/72-FaceId-0_align.webp,0.043462,1.0,0.0676595537835361
database3/database3/m.015302/4-FaceId-0_align.webp,0.000416,1.0,0.0688142044731888
database3/database3/m.0153dp/1-FaceId-0_align.webp,0.039324,1.0,0.1354627976478381
database3/database3/m.0153dp/88-FaceId-0_align.webp,0.057869,1.0,0.1453811662708481
database3/database3/m.0153vt/1-FaceId-0_align.webp,0.335303,1.0,0.1562477846265746
database3/database3/m.0153vt/81-FaceId-0_align.webp,0.087285,1.0,0.1342195216203618
database3/database3/m.0153y1/16-FaceId-0_align.webp,0.166114,0.0,0.163660397171771
database3/database3/m.01541z/117-FaceId-0_align.webp,0.111734,0.0,0.2304902034535177
database3/database3/m.01547g/3-FaceId-0_align.webp,0.153164,0.0,0.2014515206520589
database3/database3/m.01547g/73-FaceId-0_align.webp,0.246081,0.0,0.1345644802394074
database3/database3/m.0154d7/52-FaceId-0_align.webp,0.115018,1.0,0.0927008117832529
database3/database3/m.0154ff/10-FaceId-0_align.webp,0.121913,0.0,0.0655723036424533
database3/database3/m.0154hr/101-FaceId-0_align.webp,0.090433,0.0,0.0655887753116914
database3/database3/m.0154hr/109-FaceId-0_align.webp,0.038439,0.0,0.0834533071347879
database3/database3/m.0154hr/18-FaceId-0_align.webp,0.07836,0.0,0.057183804774928
database3/database3/m.0154hr/28-FaceId-0_align.webp,0.045785,0.0,0.0597685429657431
database3/database3/m.0154s9/24-FaceId-0_align.webp,0.052837,1.0,0.0654566650576843
database3/database3/m.0154x6/57-FaceId-0_align.webp,0.061779,0.0,0.1589318624999901
database3/database3/m.01552j/40-FaceId-0_align.webp,0.017747,1.0,0.1282582946320231
database3/database3/m.01558d/79-FaceId-0_align.webp,0.014812,1.0,0.0475997799146931
database3/database3/m.01558d/8-FaceId-0_align.webp,0.124089,1.0,0.1296436839026207
database3/database3/m.0155zp/26-FaceId-0_align.webp,0.000547,1.0,0.150839288818622
database3/database3/m.0155zp/7-FaceId-0_align.webp,0.015991,1.0,0.0698477674453574
database3/database3/m.0155zp/79-FaceId-0_align.webp,0.02849,1.0,0.0825550367862901
database3/database3/m.0155zp/88-FaceId-0_align.webp,0.072148,1.0,0.063698924375579
database3/database3/m.0156dg/11-FaceId-0_align.webp,0.153809,0.0,0.2340857185730441
database3/database3/m.0156dg/2-FaceId-0_align.webp,0.144571,0.0,0.0821650255656294
database3/database3/m.0156y1/31-FaceId-0_align.webp,0.047284,1.0,0.0681578402010709
database3/database3/m.01574b/45-FaceId-0_align.webp,0.070647,0.0,0.1112625005101325
database3/database3/m.015796/86-FaceId-0_align.webp,0.081944,0.0,0.0510520767950951
database3/database3/m.0157m/20-FaceId-0_align.webp,0.028257,1.0,0.0568042917498495
database3/database3/m.0157m/24-FaceId-0_align.webp,0.028454,1.0,0.0623711866145213
database3/database3/m.0157m/25-FaceId-0_align.webp,0.020124,1.0,0.0867304795563249
database3/database3/m.0157m/73-FaceId-0_align.webp,0.033963,1.0,0.0823271193590144
database3/database3/m.0157r6/22-FaceId-1_align.webp,0.0,1.0,0.2472995650201596
database3/database3/m.0157ry/29-FaceId-0_align.webp,0.027582,1.0,0.1666765512611122
database3/database3/m.015882/17-FaceId-0_align.webp,0.396178,0.0,0.1828082891998829
database3/database3/m.015882/20-FaceId-0_align.webp,0.380878,0.0,0.1968721033912077
database3/database3/m.015882/75-FaceId-0_align.webp,0.386665,0.0,0.1681914852890313
database3/database3/m.0158r2/73-FaceId-0_align.webp,0.173377,0.0,0.0917770365904856
database3/database3/m.01598m/79-FaceId-0_align.webp,0.475474,0.0,0.1905816531064349
database3/database3/m.0159wm/104-FaceId-0_align.webp,0.007308,1.0,0.0336726298744157
database3/database3/m.0159wm/9-FaceId-0_align.webp,0.002891,1.0,0.0225928173705314
database3/database3/m.015_44/31-FaceId-0_align.webp,0.062168,0.0,0.0589330973623185
database3/database3/m.015_44/64-FaceId-0_align.webp,0.356589,0.0,0.1687033441658204
database3/database3/m.015_44/84-FaceId-0_align.webp,0.3229,0.0,0.1552608891721289
database3/database3/m.015b67/34-FaceId-0_align.webp,0.034996,1.0,0.0548384988678051
database3/database3/m.015bhj/103-FaceId-1_align.webp,0.041754,1.0,0.0
database3/database3/m.015bhj/70-FaceId-0_align.webp,0.00385,1.0,0.0484630132710089
database3/database3/m.015bnf/68-FaceId-0_align.webp,0.066968,0.0,0.0505944828184669
database3/database3/m.015brk/18-FaceId-0_align.webp,0.023166,1.0,0.130034998545319
database3/database3/m.015bw2/110-FaceId-0_align.webp,0.01319,1.0,0.0665684092711379
database3/database3/m.015bw2/40-FaceId-0_align.webp,0.013047,1.0,0.0992562601838037
database3/database3/m.015bw2/68-FaceId-0_align.webp,0.00956,1.0,0.0705606271595571
database3/database3/m.015c2f/3-FaceId-0_align.webp,0.072717,0.0,0.1145383115812805
database3/database3/m.015c2f/47-FaceId-0_align.webp,0.01548,0.0,0.1844376891341727
database3/database3/m.015c2f/49-FaceId-0_align.webp,0.031524,0.0,0.1451440565317745
database3/database3/m.015c2f/8-FaceId-0_align.webp,0.126031,0.0,0.2125376338922554
database3/database3/m.015c4g/7-FaceId-0_align.webp,0.000573,1.0,0.1388146118356587
database3/database3/m.015c4g/83-FaceId-0_align.webp,0.000391,1.0,0.1878563444813139
database3/database3/m.015cyn/17-FaceId-0_align.webp,0.046212,1.0,0.0754939798063075
database3/database3/m.015cyn/5-FaceId-0_align.webp,0.152464,1.0,0.0347299761638397
database3/database3/m.015czg/24-FaceId-0_align.webp,0.141052,1.0,0.0977751682352084
database3/database3/m.015d2r/66-FaceId-0_align.webp,0.064087,1.0,0.0715129346098949
database3/database3/m.015d2r/86-FaceId-0_align.webp,0.029999,1.0,0.0418245240709734
database3/database3/m.015dcj/83-FaceId-0_align.webp,0.023385,1.0,0.1201695389914943
database3/database3/m.015dgg/80-FaceId-0_align.webp,0.001775,1.0,0.102521250158156
database3/database3/m.015djp/24-FaceId-0_align.webp,0.0,1.0,0.0891406418473745
database3/database3/m.015djp/27-FaceId-0_align.webp,0.037685,1.0,0.070817043678376
database3/database3/m.015dk3/22-FaceId-0_align.webp,0.027592,1.0,0.2425456523861917
database3/database3/m.015dnt/38-FaceId-0_align.webp,0.001692,1.0,0.0474024003674226
database3/database3/m.015dnt/42-FaceId-1_align.webp,0.102539,1.0,0.0693712347888338
database3/database3/m.015dqj/29-FaceId-0_align.webp,0.034796,1.0,0.0627795594115508
database3/database3/m.015dsz/54-FaceId-1_align.webp,0.002756,1.0,0.1240146342906563
database3/database3/m.015dx/106-FaceId-0_align.webp,0.065832,0.0,0.1554328450921779
database3/database3/m.015dx/112-FaceId-0_align.webp,0.282009,0.0,0.1509967578017111
database3/database3/m.015dx/117-FaceId-0_align.webp,0.154935,0.0,0.0937555264236714
database3/database3/m.015dx/16-FaceId-0_align.webp,0.065933,0.0,0.1640660314897873
database3/database3/m.015dx/75-FaceId-0_align.webp,0.127561,0.0,0.1212202857114347
database3/database3/m.015dz8/51-FaceId-0_align.webp,0.051527,1.0,0.067925033322131
database3/database3/m.015f6_/9-FaceId-0_align.webp,0.050822,1.0,0.0600310118800731
database3/database3/m.015fxn/110-FaceId-1_align.webp,0.050721,0.0,0.081321071256657
database3/database3/m.015fyd/19-FaceId-0_align.webp,0.055834,0.0,0.0569362460477243
database3/database3/m.015g36/86-FaceId-0_align.webp,0.010069,0.0,0.0909175449855534
database3/database3/m.015g98/4-FaceId-0_align.webp,0.031227,1.0,0.0462702009513078
database3/database3/m.015g_7/108-FaceId-0_align.webp,0.075445,1.0,0.0975195902898652
database3/database3/m.015ghl/29-FaceId-0_align.webp,0.035495,0.0,0.0794416472637778
database3/database3/m.015ghl/58-FaceId-0_align.webp,0.114793,0.0,0.0554152415503469
database3/database3/m.015ghl/7-FaceId-0_align.webp,0.022651,0.0,0.0481916509518986
database3/database3/m.015gjr/36-FaceId-0_align.webp,0.054888,1.0,0.056897726423982
database3/database3/m.015gjr/40-FaceId-0_align.webp,0.045893,1.0,0.0640530919188034
database3/database3/m.015gjr/84-FaceId-0_align.webp,0.042274,1.0,0.146796026806722
database3/database3/m.015gqm/96-FaceId-1_align.webp,0.236979,1.0,0.2002981683529117
database3/database3/m.015grj/83-FaceId-0_align.webp,0.0,1.0,0.1469269163167835
database3/database3/m.015grj/95-FaceId-0_align.webp,0.006074,1.0,0.148280841703949
database3/database3/m.015grj/98-FaceId-0_align.webp,0.00126,1.0,0.034818187887003
database3/database3/m.015gsv/100-FaceId-0_align.webp,0.087077,1.0,0.1897992327370714
database3/database3/m.015gsv/72-FaceId-0_align.webp,0.017745,1.0,0.0510455357510922
database3/database3/m.015gx1/70-FaceId-0_align.webp,0.056653,1.0,0.0857524109148181
database3/database3/m.015gy7/28-FaceId-0_align.webp,0.011386,1.0,0.0865133432895287
database3/database3/m.015gzc/94-FaceId-0_align.webp,0.077714,1.0,0.0562751667680203
database3/database3/m.015h25/3-FaceId-0_align.webp,0.001481,1.0,0.1467969354639655
database3/database3/m.015h7y/30-FaceId-0_align.webp,0.014431,1.0,0.0726502124677894
database3/database3/m.015htz/46-FaceId-0_align.webp,0.135648,0.0,0.1808940860457745
database3/database3/m.015j58/58-FaceId-0_align.webp,0.016994,1.0,0.0532066892521837
database3/database3/m.015j6h/20-FaceId-0_align.webp,0.005265,1.0,0.0788499926333901
database3/database3/m.015j6h/37-FaceId-0_align.webp,0.094841,1.0,0.0824515948545328
database3/database3/m.015j6y/47-FaceId-0_align.webp,0.10488,0.0,0.0848432295705376
database3/database3/m.015j6y/5-FaceId-0_align.webp,0.085053,0.0,0.0617043999671241
database3/database3/m.015j6y/73-FaceId-1_align.webp,0.12413,0.0,0.1344516118572203
database3/database3/m.015j8x/17-FaceId-0_align.webp,0.049084,1.0,0.1977246372837295
database3/database3/m.015j8x/42-FaceId-0_align.webp,0.021866,1.0,0.0825304027623923
database3/database3/m.015jjw/46-FaceId-0_align.webp,0.068702,1.0,0.0984779808886944
database3/database3/m.015jjw/69-FaceId-0_align.webp,0.113403,1.0,0.108684792701932
database3/database3/m.015jvm/105-FaceId-0_align.webp,0.006549,1.0,0.044815695461321
database3/database3/m.015jvm/32-FaceId-0_align.webp,0.01088,1.0,0.1097499936470123
database3/database3/m.015jvm/85-FaceId-0_align.webp,0.111985,1.0,0.0721451067134291
database3/database3/m.015k04/104-FaceId-0_align.webp,0.087765,0.0,0.0474299130959832
database3/database3/m.015k04/33-FaceId-0_align.webp,0.019732,0.0,0.0904499514756588
database3/database3/m.015k04/68-FaceId-0_align.webp,0.032064,0.0,0.2431598101979598
database3/database3/m.015k9x/19-FaceId-0_align.webp,0.079615,0.0,0.0970603416370063
database3/database3/m.015k9x/84-FaceId-0_align.webp,0.154994,0.0,0.2835850092478192
database3/database3/m.015kbd/21-FaceId-0_align.webp,0.030994,1.0,0.0828050249358733
database3/database3/m.015kbd/80-FaceId-0_align.webp,0.061754,1.0,0.143225284710813
database3/database3/m.015khm/4-FaceId-0_align.webp,0.027803,1.0,0.087031223431398
database3/database3/m.015klf/75-FaceId-0_align.webp,0.0,1.0,0.0411055357794869
database3/database3/m.015ksl/24-FaceId-0_align.webp,0.23069,1.0,0.1644059431275405
database3/database3/m.015ksl/26-FaceId-1_align.webp,0.043132,1.0,0.3184828249215516
database3/database3/m.015ksl/31-FaceId-0_align.webp,0.096817,1.0,0.1789666341604167
database3/database3/m.015ksl/72-FaceId-0_align.webp,0.014945,1.0,0.0499647726226186
database3/database3/m.015ksy/70-FaceId-0_align.webp,0.064697,1.0,0.1667993341146668
database3/database3/m.015ksy/90-FaceId-0_align.webp,0.039383,1.0,0.060493273918429
database3/database3/m.015kt_/7-FaceId-0_align.webp,0.084368,1.0,0.0646721425950499
database3/database3/m.015l1l/126-FaceId-0_align.webp,0.0,1.0,0.0253199034789224
database3/database3/m.015l51/58-FaceId-0_align.webp,0.077217,1.0,0.0531489239950366
database3/database3/m.015lg2/3-FaceId-0_align.webp,0.081487,1.0,0.110892724142987
database3/database3/m.015m2c/35-FaceId-0_align.webp,0.111821,0.0,0.1521722548564144
database3/database3/m.015m2c/62-FaceId-0_align.webp,0.107098,0.0,0.1041289954070884
database3/database3/m.015m2c/96-FaceId-0_align.webp,0.077293,0.0,0.2531447153425607
database3/database3/m.015m2v/50-FaceId-0_align.webp,0.014038,1.0,0.0584731139973743
database3/database3/m.015m_9/103-FaceId-0_align.webp,0.203457,0.0,0.2084694612862759
database3/database3/m.015m_9/23-FaceId-0_align.webp,0.194385,0.0,0.0980167810113977
database3/database3/m.015mfy/124-FaceId-0_align.webp,0.011509,1.0,0.1443719817640502
database3/database3/m.015mfy/44-FaceId-0_align.webp,0.015486,1.0,0.1837189681940309
database3/database3/m.015ncq/12-FaceId-0_align.webp,0.097302,0.0,0.1108464530461019
database3/database3/m.015ncq/15-FaceId-0_align.webp,0.108176,0.0,0.0708800712985756
database3/database3/m.015ncq/43-FaceId-0_align.webp,0.173231,0.0,0.0717264966134646
database3/database3/m.015nr6/10-FaceId-0_align.webp,0.135309,0.0,0.0576732886604833
database3/database3/m.015nxw/46-FaceId-0_align.webp,0.033616,1.0,0.0771633278188883
database3/database3/m.015nz8/33-FaceId-0_align.webp,0.258768,1.0,0.2078806329974969
database3/database3/m.015p0c/3-FaceId-0_align.webp,0.047687,1.0,0.0399996882168988
database3/database3/m.015p37/5-FaceId-0_align.webp,0.024022,0.0,0.1374742531707372
database3/database3/m.015p3p/83-FaceId-3_align.webp,0.095309,1.0,0.0866608068906963
database3/database3/m.015p_p/4-FaceId-0_align.webp,0.041582,1.0,0.1204825756435611
database3/database3/m.015ph6/52-FaceId-0_align.webp,0.019715,1.0,0.14013333593371
database3/database3/m.015ph6/9-FaceId-0_align.webp,0.017184,1.0,0.0517938626245478
database3/database3/m.015phm/91-FaceId-0_align.webp,0.017375,1.0,0.0777875913839313
database3/database3/m.015pqq/24-FaceId-0_align.webp,0.179784,0.0,0.2001076564349123
database3/database3/m.015pqq/66-FaceId-0_align.webp,0.136121,0.0,0.2356726242973063
database3/database3/m.015pqq/87-FaceId-0_align.webp,0.018013,0.0,0.0427776798814486
database3/database3/m.015pt7/51-FaceId-0_align.webp,0.127322,1.0,0.1003477061788955
database3/database3/m.015pt7/58-FaceId-0_align.webp,0.035197,1.0,0.2120835744017867
database3/database3/m.015pt7/60-FaceId-0_align.webp,0.049196,1.0,0.0765194864130433
database3/database3/m.015pvh/112-FaceId-0_align.webp,0.330281,0.0,0.2285170144051093
database3/database3/m.015px7/44-FaceId-0_align.webp,0.034165,1.0,0.0515821985107359
database3/database3/m.015px7/91-FaceId-0_align.webp,0.015722,1.0,0.0666196317530364
database3/database3/m.015pxr/76-FaceId-0_align.webp,0.013737,1.0,0.0445021822843435
database3/database3/m.015pxr/85-FaceId-0_align.webp,0.04711,1.0,0.0901087808425586
database3/database3/m.015pz3/26-FaceId-0_align.webp,0.029214,1.0,0.0530673035968502
database3/database3/m.015q3m/88-FaceId-0_align.webp,0.02977,1.0,0.1956216053866773
database3/database3/m.015q43/44-FaceId-0_align.webp,0.14431,0.0,0.1751203349759951
database3/database3/m.015q43/83-FaceId-0_align.webp,0.202776,0.0,0.1797908287121835
database3/database3/m.015q7v/66-FaceId-0_align.webp,0.123951,1.0,0.1775691556226978
database3/database3/m.015q7v/70-FaceId-0_align.webp,0.084162,1.0,0.08495405248176
database3/database3/m.015q7v/74-FaceId-0_align.webp,0.166774,1.0,0.1626737167380142
database3/database3/m.015q7v/95-FaceId-0_align.webp,0.114436,1.0,0.1562474775155272
database3/database3/m.015q9_/38-FaceId-0_align.webp,0.073529,1.0,0.1650018117499564
database3/database3/m.015q9_/55-FaceId-0_align.webp,0.228226,1.0,0.0591298306020774
database3/database3/m.015qgb/80-FaceId-0_align.webp,0.240744,0.0,0.1881389193085406
database3/database3/m.015ql4/49-FaceId-0_align.webp,0.010843,1.0,0.1097991047160769
database3/database3/m.015ql_/79-FaceId-0_align.webp,0.076307,0.0,0.069214382926879
database3/database3/m.015qlm/10-FaceId-0_align.webp,0.050821,0.0,0.0633609753056378
database3/database3/m.015qlm/70-FaceId-0_align.webp,0.030997,0.0,0.0858600488016976
database3/database3/m.015qpn/63-FaceId-0_align.webp,0.366396,1.0,0.1179472262777408
database3/database3/m.015qq1/36-FaceId-0_align.webp,0.022633,1.0,0.0530477675615919
database3/database3/m.015qty/73-FaceId-0_align.webp,0.019129,1.0,0.0882252387344121
database3/database3/m.015qty/74-FaceId-0_align.webp,0.007618,1.0,0.1497369613126958
database3/database3/m.015qv9/29-FaceId-0_align.webp,0.006101,1.0,0.1646972472503496
database3/database3/m.015qxn/75-FaceId-0_align.webp,0.029389,1.0,0.0717754433775787
database3/database3/m.015qxn/81-FaceId-0_align.webp,0.000968,1.0,0.2082304211921268
database3/database3/m.015qyf/14-FaceId-0_align.webp,0.032701,1.0,0.0576377461640006
database3/database3/m.015qzv/12-FaceId-0_align.webp,0.03298,1.0,0.0788911564734148
database3/database3/m.015qzv/45-FaceId-0_align.webp,0.048204,1.0,0.1091396554555274
database3/database3/m.015qzv/55-FaceId-0_align.webp,0.094832,1.0,0.1737500361437253
database3/database3/m.015qzv/57-FaceId-0_align.webp,0.068867,1.0,0.0815261659915847
database3/database3/m.015r3q/35-FaceId-0_align.webp,0.001755,1.0,0.0948953588544499
database3/database3/m.015r4v/28-FaceId-0_align.webp,0.015627,1.0,0.1706289445571707
database3/database3/m.015rhv/21-FaceId-0_align.webp,0.274759,1.0,0.1782491315176241
database3/database3/m.015rmq/88-FaceId-0_align.webp,0.016982,1.0,0.0724434393389624
database3/database3/m.015t_m/31-FaceId-0_align.webp,0.0851,1.0,0.1169669166913254
database3/database3/m.015thk/1-FaceId-0_align.webp,0.117609,1.0,0.0709222920836237
database3/database3/m.015thk/47-FaceId-0_align.webp,0.223814,1.0,0.1879048605830877
database3/database3/m.015thk/89-FaceId-0_align.webp,0.010677,1.0,0.1166311269311258
database3/database3/m.015tp7/25-FaceId-0_align.webp,0.089928,1.0,0.1046078388899384
database3/database3/m.015tp7/4-FaceId-0_align.webp,0.078982,1.0,0.0863192579578232
database3/database3/m.015tv5/22-FaceId-0_align.webp,0.009031,1.0,0.0516225390687427
database3/database3/m.015tv5/54-FaceId-0_align.webp,0.027498,1.0,0.0707807337793656
database3/database3/m.015tyq/50-FaceId-0_align.webp,0.029346,1.0,0.0726565004344091
database3/database3/m.015tyq/63-FaceId-0_align.webp,0.05956,1.0,0.1245893194559413
database3/database3/m.015v98/49-FaceId-0_align.webp,0.062142,0.0,0.1535586443149623
database3/database3/m.015v98/79-FaceId-0_align.webp,0.070144,0.0,0.2136819520400016
database3/database3/m.015vql/63-FaceId-0_align.webp,0.02634,1.0,0.1227261774604227
database3/database3/m.015vyh/54-FaceId-0_align.webp,0.020372,1.0,0.0486711639517688
database3/database3/m.015wfg/59-FaceId-0_align.webp,0.021245,1.0,0.048174392137233
database3/database3/m.015wfy/41-FaceId-0_align.webp,0.10115,1.0,0.0826985513650568
database3/database3/m.015wfy/43-FaceId-0_align.webp,0.000923,1.0,0.0645856593720676
database3/database3/m.015wfy/78-FaceId-0_align.webp,0.064575,1.0,0.1562738458348696
database3/database3/m.015wfy/91-FaceId-0_align.webp,0.156,1.0,0.088847268702702
database3/database3/m.015wgw/16-FaceId-0_align.webp,0.030553,1.0,0.0416970749491478
database3/database3/m.015wgw/5-FaceId-0_align.webp,0.079937,1.0,0.0919170126869451
database3/database3/m.015wkb/94-FaceId-0_align.webp,0.010721,1.0,0.059019969812511
database3/database3/m.015x3n/93-FaceId-0_align.webp,0.0,0.0,0.3806269864201098
database3/database3/m.015x63/126-FaceId-0_align.webp,0.077609,0.0,0.1003306587564834
database3/database3/m.015xnd/46-FaceId-0_align.webp,0.021854,1.0,0.0569862824186291
database3/database3/m.015xnd/72-FaceId-0_align.webp,0.171432,1.0,0.1022668787004835
database3/database3/m.015xsn/17-FaceId-0_align.webp,0.021828,1.0,0.2190475704008264
database3/database3/m.015xww/31-FaceId-0_align.webp,0.075773,1.0,0.1007799091824837
database3/database3/m.015xys/54-FaceId-0_align.webp,0.054138,1.0,0.0952173952176043
database3/database3/m.015y4c/42-FaceId-0_align.webp,0.097688,1.0,0.0375830055922355
database3/database3/m.015y4c/72-FaceId-0_align.webp,0.027368,1.0,0.087880211250039
database3/database3/m.015y4c/79-FaceId-0_align.webp,0.010835,1.0,0.1239933794256636
database3/database3/m.015yb0/108-FaceId-0_align.webp,0.073526,1.0,0.0559839780806913
database3/database3/m.015ybz/5-FaceId-0_align.webp,0.004767,1.0,0.1536612339385656
database3/database3/m.015yg9/69-FaceId-0_align.webp,0.021682,1.0,0.205747657308565
database3/database3/m.015ykr/19-FaceId-0_align.webp,0.078311,0.0,0.1286818171031066
database3/database3/m.015ykr/9-FaceId-0_align.webp,0.026904,0.0,0.0663426330890193
database3/database3/m.015z4j/106-FaceId-1_align.webp,0.203863,0.0,0.1554083373667573
database3/database3/m.015z4j/30-FaceId-0_align.webp,0.022438,0.0,0.2236587279554109
database3/database3/m.015zj4/3-FaceId-0_align.webp,0.026859,1.0,0.1256288021419754
database3/database3/m.015zjx/34-FaceId-0_align.webp,0.188292,1.0,0.2276925719165972
database3/database3/m.015zm4/92-FaceId-0_align.webp,0.019768,1.0,0.0630933709846064
database3/database3/m.015zmm/35-FaceId-0_align.webp,0.071991,0.0,0.047398791643564
database3/database3/m.016077/95-FaceId-0_align.webp,0.023638,1.0,0.0622350003937853
database3/database3/m.0160pf/102-FaceId-0_align.webp,0.037457,1.0,0.060269095274964
database3/database3/m.016194/12-FaceId-0_align.webp,0.028771,1.0,0.0539269671555761
database3/database3/m.016194/6-FaceId-0_align.webp,0.025295,1.0,0.065677801939677
database3/database3/m.0161h5/105-FaceId-0_align.webp,0.042175,0.0,0.054761997267054
database3/database3/m.0161hn/33-FaceId-0_align.webp,0.010683,1.0,0.1241964752496545
database3/database3/m.0162c8/22-FaceId-0_align.webp,0.021055,1.0,0.0795072335543922
database3/database3/m.0162c8/71-FaceId-0_align.webp,0.041746,1.0,0.064025708181406
database3/database3/m.0162c8/72-FaceId-0_align.webp,0.034776,1.0,0.0975236979057991
database3/database3/m.0162lw/68-FaceId-0_align.webp,0.026272,1.0,0.0520968458396763
database3/database3/m.0162n1/16-FaceId-0_align.webp,0.013549,1.0,0.1200008714440432
database3/database3/m.0162n1/17-FaceId-0_align.webp,0.15524,1.0,0.1416504518556857
database3/database3/m.01635v/83-FaceId-0_align.webp,0.001023,1.0,0.0569824168802852
database3/database3/m.0163bt/91-FaceId-0_align.webp,0.100672,1.0,0.1588955072772519
database3/database3/m.0163kf/72-FaceId-0_align.webp,0.120095,0.0,0.0738295654588895
database3/database3/m.0163kf/83-FaceId-0_align.webp,0.098981,0.0,0.1415413122831395
database3/database3/m.0163rk/30-FaceId-0_align.webp,0.022552,1.0,0.1072811141794351
database3/database3/m.0163s9/24-FaceId-0_align.webp,0.074147,1.0,0.1290037191928967
database3/database3/m.0163s9/74-FaceId-0_align.webp,0.166715,1.0,0.0966121117385069
database3/database3/m.0163t3/106-FaceId-0_align.webp,0.195337,0.0,0.1178249517405199
database3/database3/m.0163t3/9-FaceId-0_align.webp,0.08181,0.0,0.1480149234387025
database3/database3/m.0163y8/74-FaceId-0_align.webp,0.077227,1.0,0.0472352977925404
database3/database3/m.0164c4/60-FaceId-0_align.webp,0.111711,0.0,0.0673271938411348
database3/database3/m.0164lp/69-FaceId-0_align.webp,0.064522,1.0,0.1460854270604837
database3/database3/m.0164lp/92-FaceId-0_align.webp,0.151037,1.0,0.2616669900853168
database3/database3/m.0164nb/3-FaceId-0_align.webp,0.089532,1.0,0.0765835908374487
database3/database3/m.0164y7/34-FaceId-0_align.webp,0.005214,1.0,0.1387362071466197
database3/database3/m.0165cp/26-FaceId-0_align.webp,0.006703,0.0,0.0856581883720733
database3/database3/m.0165cp/52-FaceId-0_align.webp,0.057554,0.0,0.0465729913504218
database3/database3/m.0165gc/85-FaceId-0_align.webp,0.006716,1.0,0.0444438177519904
database3/database3/m.0165gc/99-FaceId-0_align.webp,0.120842,1.0,0.1393704608431743
database3/database3/m.0165ky/57-FaceId-0_align.webp,0.015031,1.0,0.0568944618426242
database3/database3/m.0165n5/59-FaceId-0_align.webp,0.014306,0.0,0.1212889954688551
database3/database3/m.01666h/59-FaceId-0_align.webp,0.366126,0.0,0.1912962397560277
database3/database3/m.01666h/65-FaceId-0_align.webp,0.324656,0.0,0.2068218564219529
database3/database3/m.0166rp/41-FaceId-0_align.webp,0.108225,1.0,0.1343649819666246
database3/database3/m.0166rp/55-FaceId-0_align.webp,0.058677,1.0,0.0807028727248116
database3/database3/m.0166w_/52-FaceId-0_align.webp,0.055626,1.0,0.1115256975243169
database3/database3/m.0166w_/7-FaceId-0_align.webp,0.051227,1.0,0.0548344293593584
database3/database3/m.0166yl/4-FaceId-0_align.webp,0.128426,1.0,0.0419871664141757
database3/database3/m.0166yl/42-FaceId-0_align.webp,0.00821,1.0,0.0437434844888801
database3/database3/m.0166zk/13-FaceId-0_align.webp,0.040817,1.0,0.0807892297641694
database3/database3/m.0166zk/42-FaceId-0_align.webp,0.020069,1.0,0.1602666370951027
database3/database3/m.0166zk/72-FaceId-0_align.webp,0.015452,1.0,0.0540130883825723
database3/database3/m.01678_/78-FaceId-0_align.webp,0.014927,1.0,0.0756268562025146
database3/database3/m.0167h6/35-FaceId-0_align.webp,0.000892,1.0,0.089937970111202
database3/database3/m.0167xk/87-FaceId-0_align.webp,0.035118,1.0,0.0624043410080717
database3/database3/m.016883/25-FaceId-0_align.webp,0.021581,1.0,0.0531222397757068
database3/database3/m.016883/35-FaceId-0_align.webp,0.016967,1.0,0.085208933114354
database3/database3/m.016883/79-FaceId-0_align.webp,0.042662,1.0,0.0655396971398872
database3/database3/m.0168cl/73-FaceId-0_align.webp,0.16573,1.0,0.0743229466367606
database3/database3/m.0168ql/60-FaceId-0_align.webp,0.01118,1.0,0.0332689846417619
database3/database3/m.0168vx/9-FaceId-0_align.webp,0.182986,0.0,0.0784610843445887
database3/database3/m.01693z/106-FaceId-0_align.webp,0.308514,1.0,0.2437583704393308
database3/database3/m.01693z/67-FaceId-0_align.webp,0.053019,1.0,0.0474967993061975
database3/database3/m.016959/105-FaceId-0_align.webp,0.10109,1.0,0.2237121472369514
database3/database3/m.016959/51-FaceId-0_align.webp,0.067755,1.0,0.0818236028349087
database3/database3/m.0169ff/102-FaceId-0_align.webp,0.033338,1.0,0.0957987778863066
database3/database3/m.0169ff/36-FaceId-0_align.webp,0.024259,1.0,0.1305298259132069
database3/database3/m.0169ff/79-FaceId-0_align.webp,0.137366,1.0,0.191955620717059
database3/database3/m.0169mh/14-FaceId-0_align.webp,0.084985,0.0,0.1251044548661538
database3/database3/m.0169r6/43-FaceId-0_align.webp,0.109367,0.0,0.1001920572231213
database3/database3/m.0169v2/37-FaceId-0_align.webp,0.237432,0.0,0.1501230938312407
database3/database3/m.0169v2/60-FaceId-0_align.webp,0.294775,0.0,0.1533904903319272
database3/database3/m.0169x_/12-FaceId-0_align.webp,0.169443,1.0,0.0647922937950514
database3/database3/m.016_js/82-FaceId-0_align.webp,0.00161,0.0,0.0436109388167497
database3/database3/m.016_js/90-FaceId-0_align.webp,0.074161,0.0,0.1055828225292438
database3/database3/m.016_mj/9-FaceId-0_align.webp,0.005546,1.0,0.0973144943006714
database3/database3/m.016b6z/92-FaceId-0_align.webp,0.053278,1.0,0.1107586330040575
database3/database3/m.016b90/0-FaceId-0_align.webp,0.006801,1.0,0.1499492725466993
database3/database3/m.016b90/79-FaceId-0_align.webp,0.0,1.0,0.1424993806942219
database3/database3/m.016b90/8-FaceId-0_align.webp,0.046454,1.0,0.1504106566101717
database3/database3/m.016b90/93-FaceId-0_align.webp,0.01334,1.0,0.0387666053489286
database3/database3/m.016cn6/6-FaceId-0_align.webp,0.062721,1.0,0.1864089875311644
database3/database3/m.016cn6/90-FaceId-0_align.webp,0.090699,1.0,0.0754923746948822
database3/database3/m.016cz6/23-FaceId-1_align.webp,0.213677,1.0,0.3371794871794872
database3/database3/m.016db7/11-FaceId-0_align.webp,0.00104,1.0,0.1917157296689423
database3/database3/m.016dbr/42-FaceId-0_align.webp,0.02227,1.0,0.053718023420163
database3/database3/m.016fjj/77-FaceId-0_align.webp,0.012807,1.0,0.056576358889955
database3/database3/m.016fnv/40-FaceId-0_align.webp,0.049743,1.0,0.2282291057541917
database3/database3/m.016g29/40-FaceId-0_align.webp,0.003894,1.0,0.1179692658621024
database3/database3/m.016g29/95-FaceId-0_align.webp,0.017798,1.0,0.0421575295770886
database3/database3/m.016ggh/74-FaceId-0_align.webp,0.004674,1.0,0.0470426066590478
database3/database3/m.016ghw/12-FaceId-0_align.webp,0.035794,1.0,0.1380638108049313
database3/database3/m.016gkf/85-FaceId-0_align.webp,0.159983,1.0,0.1061206681190473
database3/database3/m.016gnp/45-FaceId-0_align.webp,0.027576,1.0,0.0470776615365608
database3/database3/m.016gnp/48-FaceId-0_align.webp,0.0,1.0,0.146413267720485
database3/database3/m.016gr2/107-FaceId-0_align.webp,0.0,1.0,0.0566903638324405
database3/database3/m.016gr2/38-FaceId-0_align.webp,0.0,1.0,0.1741659334421814
database3/database3/m.016hgp/12-FaceId-0_align.webp,0.055372,0.0,0.0595153427379437
database3/database3/m.016hgp/32-FaceId-12_align.webp,0.159452,0.0,0.0943099471272656
database3/database3/m.016hgp/77-FaceId-4_align.webp,0.110387,0.0,0.0976717630976822
database3/database3/m.016hgp/77-FaceId-7_align.webp,0.08977,0.0,0.1518990388881731
database3/database3/m.016hgp/77-FaceId-9_align.webp,0.121788,0.0,0.2410940872158528
database3/database3/m.016hj7/88-FaceId-0_align.webp,0.028831,1.0,0.0328852631950895
database3/database3/m.016hk4/98-FaceId-0_align.webp,0.002253,1.0,0.1513234468673139
database3/database3/m.016hmf/90-FaceId-0_align.webp,0.168251,1.0,0.1612789575472263
database3/database3/m.016hrc/46-FaceId-0_align.webp,0.064797,0.0,0.1556228392666194
database3/database3/m.016htr/23-FaceId-0_align.webp,0.041326,1.0,0.0560819476685495
database3/database3/m.016htr/80-FaceId-0_align.webp,0.0,1.0,0.0849055506727684
database3/database3/m.016hvl/14-FaceId-0_align.webp,0.018608,1.0,0.1841341400464528
database3/database3/m.016hvl/79-FaceId-0_align.webp,0.027134,1.0,0.0643405275725989
database3/database3/m.016hzm/79-FaceId-0_align.webp,0.040554,1.0,0.1384192021753633
database3/database3/m.016j4q/17-FaceId-0_align.webp,0.014713,1.0,0.304664605901897
database3/database3/m.016j4q/73-FaceId-0_align.webp,0.027874,1.0,0.1450142358297012
database3/database3/m.016j55/23-FaceId-0_align.webp,0.003044,1.0,0.0659089669834527
database3/database3/m.016j_c/80-FaceId-0_align.webp,0.167359,0.0,0.2314264419443096
database3/database3/m.016k0j/73-FaceId-0_align.webp,0.021214,0.0,0.2131997716385063
database3/database3/m.016k38/76-FaceId-0_align.webp,0.03171,1.0,0.1594288596014204
database3/database3/m.016k38/86-FaceId-0_align.webp,0.0969,1.0,0.1804946820019253
database3/database3/m.016k58/57-FaceId-0_align.webp,0.285077,0.0,0.2254621435492572
database3/database3/m.016k6x/11-FaceId-0_align.webp,0.0,1.0,0.1743032133658472
database3/database3/m.016k6x/19-FaceId-0_align.webp,0.0,1.0,0.1180191241385074
database3/database3/m.016k92/3-FaceId-0_align.webp,0.164786,1.0,0.1333485443782616
database3/database3/m.016k92/39-FaceId-0_align.webp,0.115077,1.0,0.0872153762620918
database3/database3/m.016k92/53-FaceId-0_align.webp,0.124335,1.0,0.1122838829347406
database3/database3/m.016k_v/117-FaceId-0_align.webp,0.172292,0.0,0.1348769811610778
database3/database3/m.016k_v/31-FaceId-0_align.webp,0.103765,0.0,0.2129698922371323
database3/database3/m.016k_v/6-FaceId-0_align.webp,0.102662,0.0,0.0719060711255092
database3/database3/m.016kdv/96-FaceId-0_align.webp,0.10171,1.0,0.1570716427434895
database3/database3/m.016kft/30-FaceId-0_align.webp,0.094506,1.0,0.1331299971462269
database3/database3/m.016khd/116-FaceId-0_align.webp,0.014365,1.0,0.2240269571142
database3/database3/m.016khd/18-FaceId-0_align.webp,0.045446,1.0,0.1694059234824511
database3/database3/m.016khd/77-FaceId-0_align.webp,0.016363,1.0,0.1649377968518364
database3/database3/m.016kjs/51-FaceId-0_align.webp,0.103247,1.0,0.1030508714070672
database3/database3/m.016kqk/22-FaceId-0_align.webp,0.109366,1.0,0.1804541579542881
database3/database3/m.016kqk/57-FaceId-0_align.webp,0.028005,1.0,0.1905225940156069
database3/database3/m.016ksk/77-FaceId-0_align.webp,0.033554,1.0,0.1539917341706181
database3/database3/m.016l53/34-FaceId-0_align.webp,0.004644,1.0,0.1232197343111091
database3/database3/m.016l_5/13-FaceId-1_align.webp,0.028409,0.0,0.1062719228743297
database3/database3/m.016l_5/23-FaceId-0_align.webp,0.13632,0.0,0.1840812891438718
database3/database3/m.016l_5/69-FaceId-0_align.webp,0.067658,0.0,0.0766600825836956
database3/database3/m.016lb3/2-FaceId-0_align.webp,0.005513,1.0,0.0601426124428498
database3/database3/m.016lh0/74-FaceId-0_align.webp,0.000336,1.0,0.0700416357517802
database3/database3/m.016m0v/15-FaceId-0_align.webp,0.003574,1.0,0.2192159915111036
database3/database3/m.016m0v/47-FaceId-0_align.webp,0.010823,1.0,0.251469534020748
database3/database3/m.016m0v/48-FaceId-0_align.webp,0.006305,1.0,0.1054498439869141
database3/database3/m.016mgj/22-FaceId-0_align.webp,0.177659,0.0,0.1345306124989178
database3/database3/m.016mgj/72-FaceId-0_align.webp,0.141048,0.0,0.2611979577122171
database3/database3/m.016ntp/45-FaceId-0_align.webp,0.056576,0.0,0.0809631704707553
database3/database3/m.016ntp/58-FaceId-0_align.webp,0.194583,0.0,0.1860381402890215
database3/database3/m.016ntp/78-FaceId-0_align.webp,0.262576,0.0,0.1309295867322648
database3/database3/m.016ntp/85-FaceId-0_align.webp,0.141759,0.0,0.2548044223896396
database3/database3/m.016nvh/2-FaceId-0_align.webp,0.143526,1.0,0.1491182493635929
database3/database3/m.016nvy/82-FaceId-0_align.webp,0.14288,0.0,0.0734636133240425
database3/database3/m.016nws/82-FaceId-0_align.webp,0.154826,1.0,0.1908154480379083
database3/database3/m.016pns/55-FaceId-0_align.webp,0.055966,1.0,0.0667062463424991
database3/database3/m.016q0w/27-FaceId-0_align.webp,0.009996,1.0,0.0885292856855691
database3/database3/m.016q2n/25-FaceId-0_align.webp,0.030179,0.0,0.0832454112275804
database3/database3/m.016q2n/89-FaceId-0_align.webp,0.007529,0.0,0.1502715374692599
database3/database3/m.016q4_/99-FaceId-1_align.webp,0.000294,0.0,0.0401980180650331
database3/database3/m.016qrb/16-FaceId-0_align.webp,0.039165,0.0,0.0585547769649646
database3/database3/m.016qrb/78-FaceId-0_align.webp,0.145711,0.0,0.0869835776128886
database3/database3/m.016qtt/15-FaceId-0_align.webp,0.187503,1.0,0.1527640849582237
database3/database3/m.016qtt/25-FaceId-0_align.webp,0.283035,1.0,0.2402395970579914
database3/database3/m.016r3x/42-FaceId-0_align.webp,0.001242,1.0,0.0913996645051336
database3/database3/m.016r3x/44-FaceId-0_align.webp,0.007495,1.0,0.2270997822378423
database3/database3/m.016sff/35-FaceId-0_align.webp,0.025858,1.0,0.0856634217200177
database3/database3/m.016sp_/9-FaceId-0_align.webp,0.355835,1.0,0.1829053639460604
database3/database3/m.016swh/38-FaceId-0_align.webp,0.0,1.0,0.1484715810161297
database3/database3/m.016sz1/68-FaceId-0_align.webp,0.00381,1.0,0.0596634722637731
database3/database3/m.016szr/0-FaceId-0_align.webp,0.081751,1.0,0.2766814187610683
database3/database3/m.016szr/31-FaceId-0_align.webp,0.150774,1.0,0.2564694179860628
database3/database3/m.016t00/27-FaceId-0_align.webp,0.010723,1.0,0.1025649080525004
database3/database3/m.016t00/29-FaceId-0_align.webp,0.026052,1.0,0.0489769193709867
database3/database3/m.016t00/49-FaceId-0_align.webp,0.061342,1.0,0.0815424128639522
database3/database3/m.016tb7/64-FaceId-0_align.webp,0.020212,0.0,0.1103920704940842
database3/database3/m.016tbr/53-FaceId-0_align.webp,0.052696,1.0,0.0733473259065027
database3/database3/m.016tbr/91-FaceId-0_align.webp,0.278026,1.0,0.25854531443446
database3/database3/m.016tbr/97-FaceId-0_align.webp,0.035531,1.0,0.0779877246871952
database3/database3/m.016tcm/7-FaceId-0_align.webp,0.0,1.0,0.0505877100341421
database3/database3/m.016tqw/18-FaceId-0_align.webp,0.009857,1.0,0.1667104945674634
database3/database3/m.016vqk/91-FaceId-0_align.webp,0.041054,1.0,0.106199776487502
database3/database3/m.016vxj/34-FaceId-0_align.webp,0.081238,1.0,0.2205259174673764
database3/database3/m.016vy9/16-FaceId-0_align.webp,0.135759,0.0,0.2172079309882824
database3/database3/m.016vy9/41-FaceId-0_align.webp,0.023537,0.0,0.1905472059388622
database3/database3/m.016vyp/28-FaceId-0_align.webp,0.086364,1.0,0.0585216095877067
database3/database3/m.016vyp/92-FaceId-0_align.webp,0.043472,1.0,0.0602522820527941
database3/database3/m.016wdq/47-FaceId-0_align.webp,0.021942,1.0,0.1493752887743915
database3/database3/m.016wvy/16-FaceId-0_align.webp,0.016451,1.0,0.0507743827505012
database3/database3/m.016wvy/70-FaceId-0_align.webp,0.279688,1.0,0.1337006110797669
database3/database3/m.016wvy/90-FaceId-0_align.webp,0.0652,1.0,0.284136212483999
database3/database3/m.016xk5/94-FaceId-0_align.webp,0.039665,1.0,0.118487354044798
database3/database3/m.016yr0/49-FaceId-0_align.webp,0.028821,1.0,0.1037540482076177
database3/database3/m.016yr0/53-FaceId-0_align.webp,0.03224,1.0,0.0473356789021889
database3/database3/m.016yr0/98-FaceId-0_align.webp,0.103354,1.0,0.1678794507009949
database3/database3/m.016ywr/2-FaceId-0_align.webp,0.022088,1.0,0.193652886212493
database3/database3/m.016ywr/21-FaceId-0_align.webp,0.053813,1.0,0.1596943085651745
database3/database3/m.016ywr/76-FaceId-0_align.webp,0.0,1.0,0.1076187050102075
database3/database3/m.016z3d/40-FaceId-0_align.webp,0.041987,1.0,0.0735102329641344
database3/database3/m.016z3d/43-FaceId-0_align.webp,0.184794,1.0,0.2195359424581342
database3/database3/m.016z3d/48-FaceId-0_align.webp,0.181018,1.0,0.195566541111717
database3/database3/m.016z68/21-FaceId-0_align.webp,0.185954,1.0,0.103182743704181
database3/database3/m.016z68/89-FaceId-0_align.webp,0.268667,1.0,0.1302962051547217
database3/database3/m.016zp5/13-FaceId-0_align.webp,0.016071,1.0,0.0747199712576158
database3/database3/m.016zp5/31-FaceId-0_align.webp,0.101464,1.0,0.2366414337633321
database3/database3/m.016zp5/64-FaceId-0_align.webp,0.006697,1.0,0.1095013638639315
database3/database3/m.016zp5/68-FaceId-0_align.webp,0.014376,1.0,0.115718172849479
database3/database3/m.016zvk/22-FaceId-0_align.webp,0.104809,0.0,0.1875507572703686
database3/database3/m.016zvk/81-FaceId-0_align.webp,0.147393,0.0,0.1563886824022314
database3/database3/m.016zvk/88-FaceId-0_align.webp,0.080384,0.0,0.1561222248041636
database3/database3/m.016zvk/91-FaceId-0_align.webp,0.084334,0.0,0.1347971064309429
database3/database3/m.0170pk/112-FaceId-0_align.webp,0.029113,1.0,0.165682848948032
database3/database3/m.0170pk/32-FaceId-0_align.webp,0.0,1.0,0.0708237907793727
database3/database3/m.0170pk/71-FaceId-0_align.webp,0.003334,1.0,0.1582207139275927
database3/database3/m.0170pk/93-FaceId-0_align.webp,0.020024,1.0,0.0757299895444604
database3/database3/m.0170q1/39-FaceId-0_align.webp,0.098023,0.0,0.1457021783917345
database3/database3/m.0170qf/10-FaceId-0_align.webp,0.012168,1.0,0.1317553769630301
database3/database3/m.0170qf/66-FaceId-0_align.webp,0.173717,1.0,0.0666891084041883
database3/database3/m.0170s4/35-FaceId-0_align.webp,0.00841,1.0,0.1121318295826749
database3/database3/m.0170s4/44-FaceId-0_align.webp,0.007374,1.0,0.1478818101478644
database3/database3/m.0170s4/48-FaceId-0_align.webp,0.0,1.0,0.1467739563646578
database3/database3/m.0170s4/85-FaceId-0_align.webp,0.00918,1.0,0.1352898451788171
database3/database3/m.0170s4/86-FaceId-0_align.webp,0.00659,1.0,0.172936759855488
database3/database3/m.0170zz/7-FaceId-0_align.webp,0.0033,1.0,0.1096206425682034
database3/database3/m.017115/2-FaceId-0_align.webp,0.178391,1.0,0.135477777709504
database3/database3/m.0171cm/52-FaceId-0_align.webp,0.078391,1.0,0.1448093309102457
database3/database3/m.0171cm/9-FaceId-0_align.webp,0.020679,1.0,0.1406452433965442
database3/database3/m.0171dv/105-FaceId-0_align.webp,0.019879,1.0,0.0498557145260245
database3/database3/m.0171dv/106-FaceId-0_align.webp,0.079343,1.0,0.0778901596440965
database3/database3/m.0171z8/39-FaceId-0_align.webp,0.1172,0.0,0.2977207171360501
database3/database3/m.01721f/98-FaceId-0_align.webp,0.00066,1.0,0.1397402757029909
database3/database3/m.01728m/45-FaceId-0_align.webp,0.026608,1.0,0.227778973677947
database3/database3/m.01734j/10-FaceId-0_align.webp,0.107434,1.0,0.1821088660378301
database3/database3/m.01737y/7-FaceId-0_align.webp,0.023524,1.0,0.0585840701694623
database3/database3/m.0173cq/55-FaceId-0_align.webp,0.0687,0.0,0.0797195724963645
database3/database3/m.0173cq/82-FaceId-0_align.webp,0.052898,0.0,0.0585403301223918
database3/database3/m.0173p_/66-FaceId-0_align.webp,0.12779,0.0,0.2423084193468705
database3/database3/m.0173p_/82-FaceId-0_align.webp,0.039784,0.0,0.0472223201783633
database3/database3/m.0173p_/97-FaceId-0_align.webp,0.06989,0.0,0.0671393625712187
database3/database3/m.0173s_/56-FaceId-0_align.webp,0.320216,0.0,0.2540638982300807
database3/database3/m.01741h/75-FaceId-0_align.webp,0.057681,1.0,0.1538667291337864
database3/database3/m.01742l/53-FaceId-0_align.webp,0.210558,0.0,0.2456651966475056
database3/database3/m.01744d/24-FaceId-0_align.webp,0.021138,1.0,0.1572896081343315
database3/database3/m.01744d/66-FaceId-0_align.webp,0.069833,1.0,0.164846442684084
database3/database3/m.017458/60-FaceId-0_align.webp,0.031087,1.0,0.3359373800845553
database3/database3/m.0174z2/31-FaceId-0_align.webp,0.019356,1.0,0.094427383200778
database3/database3/m.0175m_/104-FaceId-0_align.webp,0.011519,1.0,0.0742854851073633
database3/database3/m.0175m_/106-FaceId-0_align.webp,0.008092,1.0,0.045198093788736
database3/database3/m.0175s7/91-FaceId-0_align.webp,0.271553,1.0,0.2161679125166757
database3/database3/m.0175w3/23-FaceId-0_align.webp,0.084707,1.0,0.1368076579471163
database3/database3/m.0175w3/40-FaceId-0_align.webp,0.14122,1.0,0.1872779082680219
database3/database3/m.0175w3/8-FaceId-0_align.webp,0.022898,1.0,0.1224005324728647
database3/database3/m.01762z/69-FaceId-0_align.webp,0.001793,1.0,0.2161432413500069
database3/database3/m.017729/106-FaceId-0_align.webp,0.004005,1.0,0.118111627743445
database3/database3/m.01772q/118-FaceId-0_align.webp,0.005376,1.0,0.0748617740932315
database3/database3/m.01778_/1-FaceId-0_align.webp,0.151831,0.0,0.1494483882745343
database3/database3/m.01778_/5-FaceId-0_align.webp,0.080886,0.0,0.1635805692978975
database3/database3/m.0177s6/54-FaceId-0_align.webp,0.003871,1.0,0.0792655040007087
database3/database3/m.0177s6/83-FaceId-0_align.webp,0.194958,1.0,0.1860509865361907
database3/database3/m.0178_j/46-FaceId-0_align.webp,0.038586,1.0,0.1368029198720901
database3/database3/m.0178d6/53-FaceId-0_align.webp,0.019408,1.0,0.0476090077861589
database3/database3/m.0178d6/9-FaceId-0_align.webp,0.038126,1.0,0.1431685748402364
database3/database3/m.0178sb/20-FaceId-0_align.webp,0.025953,1.0,0.0507485214702961
database3/database3/m.01791s/104-FaceId-0_align.webp,0.057011,1.0,0.210330537738803
database3/database3/m.01793l/15-FaceId-0_align.webp,0.11519,1.0,0.1064008354319309
database3/database3/m.01793l/3-FaceId-0_align.webp,0.021997,1.0,0.1172465056896562
database3/database3/m.01793l/48-FaceId-0_align.webp,0.070141,1.0,0.1195224485715095
database3/database3/m.01793l/77-FaceId-0_align.webp,0.068916,1.0,0.1450144828641421
database3/database3/m.01794d/22-FaceId-0_align.webp,0.132698,1.0,0.1270398729543006
database3/database3/m.0179n7/47-FaceId-0_align.webp,0.025063,1.0,0.0538326271786678
database3/database3/m.0179ys/22-FaceId-0_align.webp,0.03888,1.0,0.1015928945291035
database3/database3/m.017_65/24-FaceId-0_align.webp,0.104039,1.0,0.12323719035484
database3/database3/m.017__g/2-FaceId-0_align.webp,0.026314,1.0,0.0475439167310698
database3/database3/m.017__g/30-FaceId-0_align.webp,0.064708,1.0,0.0747588351392734
database3/database3/m.017_dr/0-FaceId-1_align.webp,0.037641,1.0,0.1522809667246633
database3/database3/m.017_dr/14-FaceId-0_align.webp,0.005491,1.0,0.0561934309168719
database3/database3/m.017_dr/47-FaceId-0_align.webp,0.191478,1.0,0.1177427758110051
database3/database3/m.017_dr/57-FaceId-0_align.webp,0.038308,1.0,0.1323050398695195
database3/database3/m.017_j4/45-FaceId-0_align.webp,0.032452,1.0,0.22465961448914
database3/database3/m.017_j4/54-FaceId-0_align.webp,0.009302,1.0,0.1997471816490345
database3/database3/m.017_j4/93-FaceId-0_align.webp,0.05205,1.0,0.2614540612429224
database3/database3/m.017_l1/23-FaceId-0_align.webp,0.033635,1.0,0.0591369591584823
database3/database3/m.017_l1/5-FaceId-0_align.webp,0.0,1.0,0.0590784446876544
database3/database3/m.017_xx/84-FaceId-0_align.webp,0.180042,0.0,0.0864999926436616
database3/database3/m.017bd/83-FaceId-0_align.webp,0.002036,1.0,0.20118456157154
database3/database3/m.017bd/85-FaceId-0_align.webp,0.002715,1.0,0.1393961153036249
database3/database3/m.017bk6/90-FaceId-2_align.webp,0.056904,0.0,0.0617911227989937
database3/database3/m.017bxq/72-FaceId-0_align.webp,0.032315,1.0,0.0807529075599673
database3/database3/m.017c87/108-FaceId-0_align.webp,0.012746,1.0,0.139925835636166
database3/database3/m.017c87/7-FaceId-0_align.webp,0.008884,1.0,0.193919445256774
database3/database3/m.017cgg/62-FaceId-0_align.webp,0.009893,1.0,0.1116602222342826
database3/database3/m.017d3v/21-FaceId-0_align.webp,0.000486,1.0,0.1312407020736445
database3/database3/m.017dpj/104-FaceId-0_align.webp,0.159674,1.0,0.1628019717290056
database3/database3/m.017dpj/116-FaceId-0_align.webp,0.004563,1.0,0.0959552976864703
database3/database3/m.017dpj/14-FaceId-0_align.webp,0.012759,1.0,0.0985742366108268
database3/database3/m.017dpj/6-FaceId-0_align.webp,0.157516,1.0,0.2548774914141196
database3/database3/m.017dpj/81-FaceId-0_align.webp,0.117413,1.0,0.3353410178268825
database3/database3/m.017dpj/98-FaceId-0_align.webp,0.093515,1.0,0.1073729075415442
database3/database3/m.017f4y/21-FaceId-0_align.webp,0.009046,1.0,0.141841055832894
database3/database3/m.017fgp/17-FaceId-0_align.webp,0.004873,1.0,0.228403108393911
database3/database3/m.017fhk/5-FaceId-0_align.webp,0.05945,1.0,0.1520045533954614
database3/database3/m.017fhk/70-FaceId-0_align.webp,0.025921,1.0,0.1050628649422843
database3/database3/m.017fhk/87-FaceId-0_align.webp,0.146412,1.0,0.1600191193563823
database3/database3/m.017fj_/2-FaceId-0_align.webp,0.022486,1.0,0.0504889037165053
database3/database3/m.017fj_/97-FaceId-0_align.webp,0.013264,1.0,0.1427249242418585
database3/database3/m.017fks/21-FaceId-0_align.webp,0.013755,1.0,0.168911927647845
database3/database3/m.017fks/34-FaceId-0_align.webp,0.010024,1.0,0.0899404249667077
database3/database3/m.017fl5/7-FaceId-0_align.webp,0.088967,1.0,0.0752855358911732
database3/database3/m.017fl5/89-FaceId-0_align.webp,0.156395,1.0,0.1460968262491057
database3/database3/m.017fl_/0-FaceId-0_align.webp,0.016489,1.0,0.1203384280414073
database3/database3/m.017fp0/26-FaceId-0_align.webp,0.014762,1.0,0.0498224479197769
database3/database3/m.017fp0/70-FaceId-0_align.webp,0.102621,1.0,0.1845033277605352
database3/database3/m.017fp0/85-FaceId-0_align.webp,0.016216,1.0,0.1815394950551017
database3/database3/m.017fp0/92-FaceId-0_align.webp,0.03683,1.0,0.0745522485424578
database3/database3/m.017frf/2-FaceId-0_align.webp,0.239226,1.0,0.12507263395395
database3/database3/m.017frf/48-FaceId-0_align.webp,0.242631,1.0,0.1989531573583693
database3/database3/m.017ft0/4-FaceId-0_align.webp,0.025186,0.0,0.0919648083596713
database3/database3/m.017fxp/62-FaceId-0_align.webp,0.006207,1.0,0.1374402043628456
database3/database3/m.017fzy/33-FaceId-0_align.webp,0.135665,1.0,0.0988649218836882
database3/database3/m.017fzy/38-FaceId-0_align.webp,0.020138,1.0,0.0991397069692379
database3/database3/m.017fzy/44-FaceId-0_align.webp,0.119262,1.0,0.087381100124945
database3/database3/m.017fzy/7-FaceId-0_align.webp,0.042513,1.0,0.0492417539948113
database3/database3/m.017fzy/84-FaceId-0_align.webp,0.1089,1.0,0.1785352083712803
database3/database3/m.017fzy/88-FaceId-0_align.webp,0.093437,1.0,0.0452273565195516
database3/database3/m.017g21/51-FaceId-0_align.webp,0.121234,1.0,0.0998820950197922
database3/database3/m.017g2y/13-FaceId-0_align.webp,0.026164,1.0,0.086050388650316
database3/database3/m.017gd_/53-FaceId-0_align.webp,0.006889,1.0,0.0707452088671917
database3/database3/m.017gd_/59-FaceId-0_align.webp,0.012556,1.0,0.1516936802022097
database3/database3/m.017gxw/53-FaceId-0_align.webp,0.064935,0.0,0.0942892612531884
database3/database3/m.017h4c/0-FaceId-0_align.webp,0.049628,1.0,0.1019423744297819
database3/database3/m.017h_2/23-FaceId-0_align.webp,0.06887,1.0,0.091348288025463
database3/database3/m.017hgl/21-FaceId-0_align.webp,0.089799,1.0,0.1880937485510819
database3/database3/m.017hgl/42-FaceId-0_align.webp,0.004642,1.0,0.229789327797988
database3/database3/m.017hjk/57-FaceId-0_align.webp,0.009431,1.0,0.2362041674795144
database3/database3/m.017hm9/3-FaceId-0_align.webp,0.001744,1.0,0.1769460803341094
database3/database3/m.017hm9/36-FaceId-0_align.webp,0.002432,1.0,0.0435623171775301
database3/database3/m.017hw4/23-FaceId-0_align.webp,0.000412,1.0,0.0570094555062972
database3/database3/m.017hwl/3-FaceId-0_align.webp,0.014017,1.0,0.1502488102446987
database3/database3/m.017j1w/26-FaceId-0_align.webp,0.021211,1.0,0.1873105842615832
database3/database3/m.017j1w/35-FaceId-0_align.webp,0.039099,1.0,0.2780242690940876
database3/database3/m.017j1w/8-FaceId-0_align.webp,0.052854,1.0,0.0679685461057078
database3/database3/m.017j2b/85-FaceId-0_align.webp,0.008707,1.0,0.1524663353255732
database3/database3/m.017jwg/17-FaceId-0_align.webp,0.002376,1.0,0.0618343694312699
database3/database3/m.017jwg/53-FaceId-0_align.webp,0.066995,0.0,0.1706787023059863
database3/database3/m.017jwg/82-FaceId-0_align.webp,0.035246,1.0,0.1028469251758544
database3/database3/m.017kb5/32-FaceId-0_align.webp,0.006182,1.0,0.0579072324897085
database3/database3/m.017kgm/108-FaceId-1_align.webp,0.015319,1.0,0.044418934434114
database3/database3/m.017kgm/94-FaceId-0_align.webp,0.003416,1.0,0.0576333585964072
database3/database3/m.017kq/37-FaceId-0_align.webp,0.040762,1.0,0.115815500597229
database3/database3/m.017kq/48-FaceId-0_align.webp,0.009092,1.0,0.1221880736810649
database3/database3/m.017l4/11-FaceId-0_align.webp,0.001488,1.0,0.1535127267547775
database3/database3/m.017l4/73-FaceId-0_align.webp,0.09873,1.0,0.1588567079572191
database3/database3/m.017l4/80-FaceId-0_align.webp,0.025497,1.0,0.1681431647773322
database3/database3/m.017l7y/97-FaceId-0_align.webp,0.002424,1.0,0.1494037198560587
database3/database3/m.017lcg/63-FaceId-0_align.webp,0.136168,1.0,0.1401534580194291
database3/database3/m.017m2y/105-FaceId-0_align.webp,0.084072,0.0,0.1254661931690293
database3/database3/m.017m2y/30-FaceId-0_align.webp,0.20052,0.0,0.1766493344274728
database3/database3/m.017mrb/26-FaceId-0_align.webp,0.125876,1.0,0.0697357914799116
database3/database3/m.017q3j/27-FaceId-0_align.webp,0.040475,1.0,0.1448279819120568
database3/database3/m.017q3j/87-FaceId-1_align.webp,0.137407,1.0,0.2252949907092799
database3/database3/m.017qkp/105-FaceId-0_align.webp,0.016276,1.0,0.099706358828451
database3/database3/m.017qkp/8-FaceId-0_align.webp,0.006413,1.0,0.1608695157878441
database3/database3/m.017r13/15-FaceId-0_align.webp,0.004576,1.0,0.1501462620898327
database3/database3/m.017r13/32-FaceId-0_align.webp,0.001926,1.0,0.1886525263700192
database3/database3/m.017r13/71-FaceId-0_align.webp,0.149849,1.0,0.1034754155563447
database3/database3/m.017r5g/69-FaceId-0_align.webp,0.246362,0.0,0.1913427489301093
database3/database3/m.017rh4/92-FaceId-0_align.webp,0.059749,1.0,0.1779441107096861
database3/database3/m.017rjs/94-FaceId-0_align.webp,0.227853,1.0,0.1606935806960761
database3/database3/m.017tk3/113-FaceId-0_align.webp,0.041074,1.0,0.0655467965738996
database3/database3/m.017tk3/5-FaceId-0_align.webp,0.023981,1.0,0.0788199269724296
database3/database3/m.017tk3/61-FaceId-0_align.webp,0.058875,1.0,0.0733025885471604
database3/database3/m.017tk3/83-FaceId-0_align.webp,0.016266,1.0,0.0602899258204136
database3/database3/m.017tkv/15-FaceId-0_align.webp,0.09519,0.0,0.0589162349492823
database3/database3/m.017tkv/5-FaceId-0_align.webp,0.108291,0.0,0.0735046373243347
database3/database3/m.017tlt/70-FaceId-0_align.webp,0.079127,1.0,0.1088218680085067
database3/database3/m.017tn4/17-FaceId-0_align.webp,0.026983,1.0,0.1918878982309093
database3/database3/m.017tn4/54-FaceId-2_align.webp,0.042656,1.0,0.071825491803836
database3/database3/m.017tnz/116-FaceId-0_align.webp,0.135035,1.0,0.1923341673892259
database3/database3/m.017vfn/43-FaceId-0_align.webp,0.036126,1.0,0.0527717474728174
database3/database3/m.017vkk/88-FaceId-0_align.webp,0.022172,0.0,0.1626415432314445
database3/database3/m.017vkx/34-FaceId-1_align.webp,0.050784,1.0,0.1386094571423463
database3/database3/m.017wbg/77-FaceId-0_align.webp,0.079706,1.0,0.1843450285818592
database3/database3/m.017x_s/36-FaceId-0_align.webp,0.021378,1.0,0.0653928469587219
database3/database3/m.017xm3/52-FaceId-0_align.webp,0.225925,0.0,0.1238655211533835
database3/database3/m.017yfz/93-FaceId-0_align.webp,0.237267,1.0,0.12876526458616
database3/database3/m.017yvm/5-FaceId-0_align.webp,0.011632,1.0,0.0564217457981533
database3/database3/m.017yvm/93-FaceId-0_align.webp,0.007487,1.0,0.144398594065349
database3/database3/m.017yzt/119-FaceId-0_align.webp,0.299381,0.0,0.1190659209479383
database3/database3/m.017yzt/55-FaceId-0_align.webp,0.055778,0.0,0.0498171137675944
database3/database3/m.017yzt/61-FaceId-0_align.webp,0.0,0.0,0.0507205305928774
database3/database3/m.017z_/91-FaceId-0_align.webp,0.06531,1.0,0.1568174974563863
database3/database3/m.017zng/39-FaceId-0_align.webp,0.114304,1.0,0.047647668229566
database3/database3/m.017zng/73-FaceId-0_align.webp,0.087005,1.0,0.0636389260035747
database3/database3/m.017zng/97-FaceId-0_align.webp,0.096418,1.0,0.0580700226633726
database3/database3/m.01804k/55-FaceId-0_align.webp,0.104401,0.0,0.1516091032402083
database3/database3/m.01807/65-FaceId-0_align.webp,0.087681,1.0,0.1612436995245261
database3/database3/m.01807/73-FaceId-0_align.webp,0.147607,1.0,0.2184429230799947
database3/database3/m.018144/31-FaceId-0_align.webp,0.317719,1.0,0.1844752409956136
database3/database3/m.018144/55-FaceId-0_align.webp,0.076827,1.0,0.1630167445588916
database3/database3/m.01815s/106-FaceId-0_align.webp,0.234236,0.0,0.18559837362644
database3/database3/m.01815s/50-FaceId-0_align.webp,0.243106,0.0,0.1725032361116769
database3/database3/m.01815s/64-FaceId-0_align.webp,0.173641,0.0,0.0827252046147459
database3/database3/m.0181gp/6-FaceId-0_align.webp,0.043543,1.0,0.0503700554833354
database3/database3/m.0181j_/107-FaceId-0_align.webp,0.027129,0.0,0.0677314264471267
database3/database3/m.0181kg/14-FaceId-0_align.webp,0.119867,1.0,0.0619086134304976
database3/database3/m.0181lj/18-FaceId-0_align.webp,0.190172,1.0,0.0664304592270291
database3/database3/m.0181p_/19-FaceId-0_align.webp,0.041166,1.0,0.1964921688882238
database3/database3/m.0181p_/99-FaceId-0_align.webp,0.035046,1.0,0.1575995639011815
database3/database3/m.0181ph/4-FaceId-0_align.webp,0.019163,1.0,0.0708359413025902
database3/database3/m.0181ph/8-FaceId-0_align.webp,0.037384,1.0,0.0
database3/database3/m.0181x9/43-FaceId-0_align.webp,0.029481,1.0,0.052276725422363
database3/database3/m.0181xq/13-FaceId-0_align.webp,0.002527,0.0,0.0925914940155348
database3/database3/m.0182hg/59-FaceId-0_align.webp,0.003662,1.0,0.0665149902427003
database3/database3/m.0182q2/111-FaceId-0_align.webp,0.014398,1.0,0.0954368902652373
database3/database3/m.0182q2/47-FaceId-0_align.webp,0.020684,1.0,0.1094200106675192
database3/database3/m.0182q2/58-FaceId-0_align.webp,0.034155,1.0,0.0424356745385817
database3/database3/m.0182vk/101-FaceId-0_align.webp,0.185784,1.0,0.1741064437331902
database3/database3/m.0182vk/97-FaceId-0_align.webp,0.113244,1.0,0.2289898451268904
database3/database3/m.01830j/15-FaceId-0_align.webp,0.208446,0.0,0.1365560662038633
database3/database3/m.01833g/76-FaceId-0_align.webp,0.008544,1.0,0.1170644775916687
database3/database3/m.018348/1-FaceId-0_align.webp,0.029671,1.0,0.1954716074860148
database3/database3/m.0183f9/72-FaceId-0_align.webp,0.028848,1.0,0.210990588729439
database3/database3/m.018417/7-FaceId-0_align.webp,0.270045,0.0,0.1615272708625494
database3/database3/m.018493/45-FaceId-0_align.webp,0.059135,0.0,0.1538357611518718
database3/database3/m.0184cd/37-FaceId-0_align.webp,0.012663,0.0,0.1098360624833112
database3/database3/m.0184cd/69-FaceId-0_align.webp,0.041234,0.0,0.0642712992438959
database3/database3/m.0184jc/9-FaceId-0_align.webp,0.061679,1.0,0.0809238775957394
database3/database3/m.0184xq/86-FaceId-0_align.webp,0.010468,1.0,0.1272583171590043
database3/database3/m.0185gs/107-FaceId-0_align.webp,0.133885,1.0,0.1017153269430247
database3/database3/m.0187y5/50-FaceId-0_align.webp,0.011259,1.0,0.1073450780129494
database3/database3/m.0187y5/55-FaceId-0_align.webp,0.018906,1.0,0.0915106356782596
database3/database3/m.0188n0/16-FaceId-0_align.webp,0.119925,1.0,0.1034151907108083
database3/database3/m.0188n0/81-FaceId-0_align.webp,0.437819,1.0,0.2486456353426023
database3/database3/m.0188n0/93-FaceId-0_align.webp,0.241643,1.0,0.1326714083386522
database3/database3/m.0188nj/68-FaceId-0_align.webp,0.036499,1.0,0.1075928905107811
database3/database3/m.018_3q/101-FaceId-0_align.webp,0.001235,1.0,0.3695951733641205
database3/database3/m.018_3q/89-FaceId-0_align.webp,0.024563,1.0,0.0483366160270545
database3/database3/m.018_lb/81-FaceId-0_align.webp,0.104704,0.0,0.0460254430053558
database3/database3/m.018c42/45-FaceId-1_align.webp,0.268912,1.0,0.131011366427078
database3/database3/m.018c42/5-FaceId-0_align.webp,0.033426,1.0,0.2114756655960695
database3/database3/m.018cx_/16-FaceId-0_align.webp,0.128439,0.0,0.0568301673763434
database3/database3/m.018dnt/83-FaceId-0_align.webp,0.012334,1.0,0.0496790511736819
database3/database3/m.018dpq/74-FaceId-0_align.webp,0.08469,1.0,0.0660635922499365
database3/database3/m.018dpq/9-FaceId-0_align.webp,0.06436,1.0,0.1578559605524997
database3/database3/m.018dq3/21-FaceId-0_align.webp,0.264271,0.0,0.1880122308968185
database3/database3/m.018dq3/43-FaceId-0_align.webp,0.005771,0.0,0.2303493577421801
database3/database3/m.018dqg/14-FaceId-0_align.webp,0.002005,1.0,0.0524120509033768
database3/database3/m.018dyl/57-FaceId-0_align.webp,0.066796,1.0,0.0773275743102189
database3/database3/m.018f07/77-FaceId-0_align.webp,0.067893,1.0,0.0794593649032526
database3/database3/m.018f07/88-FaceId-0_align.webp,0.019681,1.0,0.0897924909045591
database3/database3/m.018f_y/78-FaceId-0_align.webp,0.005574,1.0,0.1173982951299156
database3/database3/m.018fkc/18-FaceId-0_align.webp,0.048624,0.0,0.0875284495416439
database3/database3/m.018fkc/51-FaceId-0_align.webp,0.004824,1.0,0.1201421440049163
database3/database3/m.018fmr/107-FaceId-0_align.webp,0.087037,0.0,0.0703419475513134
database3/database3/m.018fmr/38-FaceId-0_align.webp,0.082888,0.0,0.0806326631374707
database3/database3/m.018fmr/39-FaceId-0_align.webp,0.154489,0.0,0.1059926687391689
database3/database3/m.018fmr/77-FaceId-0_align.webp,0.094029,0.0,0.0703517295106517
database3/database3/m.018fmr/96-FaceId-0_align.webp,0.118151,0.0,0.0783651720023756
database3/database3/m.018fvy/74-FaceId-0_align.webp,0.006913,1.0,0.1104047581386817
database3/database3/m.018fwb/106-FaceId-0_align.webp,0.105164,0.0,0.1952582093930058
database3/database3/m.018fyy/5-FaceId-0_align.webp,0.161114,0.0,0.1801111761501714
database3/database3/m.018fzs/56-FaceId-0_align.webp,0.057952,1.0,0.167837619719836
database3/database3/m.018fzs/60-FaceId-0_align.webp,0.058021,1.0,0.12007913535482
database3/database3/m.018fzs/89-FaceId-0_align.webp,0.00707,1.0,0.0633533841029384
database3/database3/m.018g4z/59-FaceId-0_align.webp,0.266921,0.0,0.1842926429121476
database3/database3/m.018gcf/20-FaceId-0_align.webp,0.017916,1.0,0.1260093086511913
database3/database3/m.018gcf/28-FaceId-0_align.webp,0.0,1.0,0.1306088107494239
database3/database3/m.018gjx/0-FaceId-0_align.webp,0.03658,1.0,0.1308880215195466
database3/database3/m.018gjx/88-FaceId-1_align.webp,0.040357,1.0,0.0680680531517002
database3/database3/m.018gkb/31-FaceId-0_align.webp,0.133832,1.0,0.0579481426934588
database3/database3/m.018gkb/69-FaceId-0_align.webp,0.119964,1.0,0.0513418604895453
database3/database3/m.018gl5/55-FaceId-0_align.webp,0.0,1.0,0.0414252923993102
database3/database3/m.018gn4/7-FaceId-0_align.webp,0.045659,1.0,0.060151687144683
database3/database3/m.018gn4/95-FaceId-0_align.webp,0.084694,1.0,0.0431114453586049
database3/database3/m.018gqj/17-FaceId-0_align.webp,0.18042,1.0,0.235002690444361
database3/database3/m.018gqj/45-FaceId-0_align.webp,0.048033,1.0,0.0513813647157143
database3/database3/m.018gqj/51-FaceId-0_align.webp,0.113401,1.0,0.0684089627057658
database3/database3/m.018gqj/9-FaceId-0_align.webp,0.182644,1.0,0.1752476514688705
database3/database3/m.018gsl/54-FaceId-0_align.webp,0.015144,1.0,0.2579177841556288
database3/database3/m.018gw3/19-FaceId-0_align.webp,0.042889,1.0,0.28788756145342
database3/database3/m.018h84/20-FaceId-0_align.webp,0.006714,1.0,0.1224105945391712
database3/database3/m.018h84/4-FaceId-0_align.webp,0.077047,1.0,0.0380964872966124
database3/database3/m.018hhw/26-FaceId-0_align.webp,0.058762,0.0,0.055302435748301
database3/database3/m.018hwl/22-FaceId-0_align.webp,0.105538,1.0,0.0586357957318493
database3/database3/m.018j3w/52-FaceId-0_align.webp,0.03127,1.0,0.0517627832661416
database3/database3/m.018j4c/21-FaceId-0_align.webp,0.159984,1.0,0.0517591542036235
database3/database3/m.018j4c/60-FaceId-0_align.webp,0.116911,1.0,0.0491591856578884
database3/database3/m.018j4c/72-FaceId-0_align.webp,0.050298,1.0,0.0569410411150258
database3/database3/m.018j5m/87-FaceId-0_align.webp,0.119486,0.0,0.0872126511896764
database3/database3/m.018jnn/6-FaceId-0_align.webp,0.046059,1.0,0.0449042629999888
database3/database3/m.018jnn/60-FaceId-0_align.webp,0.021036,1.0,0.1338511624726301
database3/database3/m.018jz8/4-FaceId-0_align.webp,0.129694,1.0,0.0705079431007779
database3/database3/m.018kd0/56-FaceId-0_align.webp,0.078738,1.0,0.1750418776218886
database3/database3/m.018kjc/45-FaceId-0_align.webp,0.336481,1.0,0.1196628272774872
database3/database3/m.018kjc/74-FaceId-0_align.webp,0.359873,1.0,0.1513327802723557
database3/database3/m.018lb1/1-FaceId-0_align.webp,0.066363,0.0,0.1093762769016163
database3/database3/m.018lb1/113-FaceId-0_align.webp,0.174767,0.0,0.1417044357251417
database3/database3/m.018lb1/45-FaceId-0_align.webp,0.011283,0.0,0.0840100262003595
database3/database3/m.018lb1/60-FaceId-0_align.webp,0.101898,0.0,0.148213383397095
database3/database3/m.018lb1/67-FaceId-0_align.webp,0.058712,0.0,0.0770187506981541
database3/database3/m.018lp7/31-FaceId-0_align.webp,0.068826,0.0,0.1155802269754067
database3/database3/m.018lp7/5-FaceId-0_align.webp,0.037973,0.0,0.1434258165295907
database3/database3/m.018lpm/41-FaceId-0_align.webp,0.03151,1.0,0.2451644180398099
database3/database3/m.018lx_/11-FaceId-0_align.webp,0.157239,1.0,0.1163533761911595
database3/database3/m.018lxn/67-FaceId-0_align.webp,0.041223,0.0,0.0739877884808577
database3/database3/m.018m5c/31-FaceId-0_align.webp,0.012538,1.0,0.0810176627999146
database3/database3/m.018m5c/6-FaceId-0_align.webp,0.013236,1.0,0.1212467721139183
database3/database3/m.018m5c/74-FaceId-0_align.webp,0.007729,1.0,0.1748557641330384
database3/database3/m.018mfl/68-FaceId-0_align.webp,0.01486,1.0,0.04943799822049
database3/database3/m.018n52/37-FaceId-0_align.webp,0.024108,1.0,0.1821791861747083
database3/database3/m.018n7d/44-FaceId-0_align.webp,0.002157,1.0,0.1032381251075
database3/database3/m.018n9d/58-FaceId-0_align.webp,0.182622,1.0,0.1000105283266219
database3/database3/m.018nqq/25-FaceId-0_align.webp,0.02666,1.0,0.051665377145512
database3/database3/m.018nqq/56-FaceId-0_align.webp,0.002557,1.0,0.1209823692429854
database3/database3/m.018nwp/42-FaceId-0_align.webp,0.023176,1.0,0.1401974407454891
database3/database3/m.018p19/2-FaceId-0_align.webp,0.029409,1.0,0.0758234048967306
database3/database3/m.018pj3/21-FaceId-0_align.webp,0.206243,0.0,0.0572596336444167
database3/database3/m.018pkl/117-FaceId-0_align.webp,0.00271,1.0,0.115902988426295
database3/database3/m.018ptf/125-FaceId-1_align.webp,0.193842,0.0,0.2290481817306272
database3/database3/m.018ptf/6-FaceId-0_align.webp,0.184452,1.0,0.1175620678854836
database3/database3/m.018ptf/69-FaceId-0_align.webp,0.264398,1.0,0.2321227899995724
database3/database3/m.018ptf/87-FaceId-0_align.webp,0.284614,1.0,0.2069577586462825
database3/database3/m.018pyg/114-FaceId-0_align.webp,0.004286,0.0,0.0403030873805407
database3/database3/m.018pyg/50-FaceId-0_align.webp,0.094308,0.0,0.0868867182516727
database3/database3/m.018q7p/61-FaceId-0_align.webp,0.113962,1.0,0.129823717095226
database3/database3/m.018qkz/35-FaceId-0_align.webp,0.11651,0.0,0.1150093276838928
database3/database3/m.018qkz/48-FaceId-0_align.webp,0.078768,0.0,0.1928979325674029
database3/database3/m.018qlp/1-FaceId-0_align.webp,0.057596,0.0,0.2116523637685815
database3/database3/m.018qlp/2-FaceId-0_align.webp,0.201501,0.0,0.151002740824693
database3/database3/m.018qlp/67-FaceId-0_align.webp,0.023725,0.0,0.0608655469796612
database3/database3/m.018qlp/73-FaceId-0_align.webp,0.048836,0.0,0.0688461602170354
database3/database3/m.018qlp/81-FaceId-0_align.webp,0.220874,0.0,0.1951903810026917
database3/database3/m.018qlp/99-FaceId-0_align.webp,0.098556,0.0,0.0660233889293255
database3/database3/m.018qn8/16-FaceId-0_align.webp,0.180079,0.0,0.1374816608816364
database3/database3/m.018qn8/24-FaceId-0_align.webp,0.067297,0.0,0.0972701225084965
database3/database3/m.018qn8/3-FaceId-0_align.webp,0.144663,0.0,0.0622719617964612
database3/database3/m.018qpb/20-FaceId-0_align.webp,0.030827,0.0,0.0456766243718753
database3/database3/m.018qpb/42-FaceId-0_align.webp,0.04676,0.0,0.0593736319703335
database3/database3/m.018qr9/59-FaceId-0_align.webp,0.041718,0.0,0.1671348269748117
database3/database3/m.018qwf/0-FaceId-0_align.webp,0.034965,1.0,0.0847774033136529
database3/database3/m.018qx5/48-FaceId-0_align.webp,0.145397,0.0,0.1255768920656848
database3/database3/m.018r3g/1-FaceId-0_align.webp,0.015575,1.0,0.1721325709614056
database3/database3/m.018rsq/63-FaceId-0_align.webp,0.05182,1.0,0.0851757781592926
database3/database3/m.018rsq/82-FaceId-0_align.webp,0.021029,1.0,0.041974281403658
database3/database3/m.018ry5/78-FaceId-0_align.webp,0.052713,1.0,0.2486335959664523
database3/database3/m.018s7v/75-FaceId-0_align.webp,0.055964,0.0,0.1491236498101109
database3/database3/m.018slq/19-FaceId-0_align.webp,0.164016,1.0,0.1293998926912293
database3/database3/m.018swb/94-FaceId-0_align.webp,0.035612,1.0,0.0685616904631569
database3/database3/m.018t67/2-FaceId-0_align.webp,0.002151,1.0,0.1063354048795015
database3/database3/m.018t67/75-FaceId-0_align.webp,0.002161,1.0,0.2122461615977446
database3/database3/m.018t67/76-FaceId-0_align.webp,0.014984,1.0,0.087041603821741
database3/database3/m.018tfd/63-FaceId-0_align.webp,0.039426,1.0,0.0815275511574395
database3/database3/m.018tvs/4-FaceId-0_align.webp,0.186437,1.0,0.1105185637433401
database3/database3/m.018v8c/66-FaceId-0_align.webp,0.031012,1.0,0.1399511726097612
database3/database3/m.018v_8/56-FaceId-0_align.webp,0.065146,1.0,0.04497220075447
database3/database3/m.018vhw/41-FaceId-2_align.webp,0.017996,1.0,0.2034289502721244
database3/database3/m.018vhw/84-FaceId-1_align.webp,0.010037,1.0,0.0529028073595083
database3/database3/m.018vhw/94-FaceId-0_align.webp,0.022504,1.0,0.0943324399163046
database3/database3/m.018w6s/30-FaceId-0_align.webp,0.009687,1.0,0.1284202658707952
database3/database3/m.018wh0/34-FaceId-0_align.webp,0.038341,1.0,0.1308951733138639
database3/database3/m.018wqb/36-FaceId-1_align.webp,0.061601,1.0,0.216775510622308
database3/database3/m.018x3/82-FaceId-0_align.webp,0.000249,1.0,0.1121722527344042
database3/database3/m.018x3/89-FaceId-0_align.webp,0.006661,1.0,0.2233780581097785
database3/database3/m.018xrz/49-FaceId-0_align.webp,0.084464,1.0,0.121317921816551
database3/database3/m.018y0w/54-FaceId-0_align.webp,0.014612,1.0,0.0683685690955337
database3/database3/m.018y2s/21-FaceId-0_align.webp,0.010478,1.0,0.1822873326676746
database3/database3/m.018y4x/104-FaceId-0_align.webp,0.014664,1.0,0.128380384101295
database3/database3/m.018y4x/94-FaceId-0_align.webp,0.083805,1.0,0.0705116599089417
database3/database3/m.018ycp/32-FaceId-0_align.webp,0.169605,1.0,0.0973528008124863
database3/database3/m.018ycp/64-FaceId-0_align.webp,0.011204,1.0,0.054480982437801
