filename,target,gender,pred
database1/img00000154.webp,0.036749,1.0,0.0750633027972627
database1/img00000271.webp,0.229724,1.0,0.1075686790053456
database1/img00000323.webp,0.120628,0.0,0.074272791716369
database1/img00000364.webp,0.00341,1.0,0.0676354398349172
database1/img00000371.webp,0.000249,1.0,0.0820317363115554
database1/img00000438.webp,0.102267,0.0,0.0810204178309359
database1/img00000448.webp,0.032257,0.0,0.0817377539688849
database1/img00000477.webp,0.158779,0.0,0.0560639782048054
database1/img00000491.webp,0.333523,0.0,0.0932450851854489
database1/img00000679.webp,0.022454,0.0,0.0732316626098843
database1/img00000766.webp,0.241328,0.0,0.0957583341037935
database1/img00000781.webp,0.01402,1.0,0.071674544459916
database1/img00000793.webp,0.308688,0.0,0.1132617978932947
database1/img00000806.webp,0.083687,1.0,0.0722380615131222
database1/img00000857.webp,0.167176,0.0,0.0824504320011367
database1/img00000882.webp,0.118298,0.0,0.0811551737572763
database1/img00000903.webp,0.006576,1.0,0.0892996591032961
database1/img00000929.webp,0.021546,1.0,0.0803815907045356
database1/img00000941.webp,0.232414,0.0,0.0919949425853367
database1/img00001032.webp,0.044127,1.0,0.0934942682725564
database1/img00001145.webp,0.022379,1.0,0.0636134764991991
database1/img00001291.webp,0.022322,0.0,0.0727002199119001
database1/img00001371.webp,0.148865,0.0,0.078480608969264
database1/img00001491.webp,0.264813,0.0,0.1136251814170094
database1/img00001551.webp,0.054068,1.0,0.0722966470512882
database1/img00001573.webp,0.095382,0.0,0.0602971103922234
database1/img00001650.webp,0.088325,0.0,0.0593688950296592
database1/img00001652.webp,0.074782,1.0,0.0779822953577245
database1/img00001674.webp,0.188753,0.0,0.1132148300661424
database1/img00001701.webp,0.002942,1.0,0.0797482575028587
database1/img00001779.webp,0.009358,1.0,0.153001471598721
database1/img00001812.webp,0.017934,0.0,0.0613433897494052
database1/img00001859.webp,0.006232,1.0,0.0910039479002391
database1/img00001872.webp,0.094988,0.0,0.0795854042522557
database1/img00001883.webp,0.015755,0.0,0.0832774210264161
database1/img00001978.webp,0.02291,1.0,0.0934091283599031
database1/img00002013.webp,0.068771,1.0,0.0680702986805064
database1/img00002073.webp,0.265663,0.0,0.0950199766889831
database1/img00002136.webp,0.083835,0.0,0.0806168242029406
database1/img00002187.webp,0.062593,1.0,0.08720366964039
database1/img00002221.webp,0.024328,1.0,0.081026787794234
database1/img00002227.webp,0.172367,0.0,0.0925068618195231
database1/img00002414.webp,0.290565,0.0,0.1676553995253852
database1/img00002415.webp,0.370759,0.0,0.1127918701720453
database1/img00002527.webp,0.008082,0.0,0.072895849747668
database1/img00002649.webp,0.108227,0.0,0.0766157329657012
database1/img00002695.webp,0.191496,0.0,0.0790539846803632
database1/img00002698.webp,0.019352,0.0,0.0802780171926681
database1/img00002713.webp,0.025594,1.0,0.0824632958049234
database1/img00002737.webp,0.01324,1.0,0.0792834507173743
database1/img00002813.webp,0.015997,0.0,0.0641997628363746
database1/img00002915.webp,0.059948,0.0,0.0734021639878023
database1/img00002916.webp,0.061003,0.0,0.0776822213222869
database1/img00003052.webp,0.34648,0.0,0.0960925974636336
database1/img00003146.webp,0.130163,0.0,0.0541572600415622
database1/img00003162.webp,0.193332,0.0,0.1040066873924998
database1/img00003199.webp,0.314562,0.0,0.0914300976811501
database1/img00003273.webp,0.126445,0.0,0.1044056901351447
database1/img00003300.webp,0.007141,1.0,0.0847028651609648
database1/img00003360.webp,0.008946,1.0,0.0758388223855275
database1/img00003390.webp,0.054933,0.0,0.0817303512659182
database1/img00003437.webp,0.01322,1.0,0.0660404228303403
database1/img00003452.webp,0.040754,0.0,0.0614321271604411
database1/img00003584.webp,0.23463,0.0,0.0969512521397381
database1/img00003713.webp,0.000555,1.0,0.051378291887514
database1/img00003746.webp,0.099051,1.0,0.0848230539889718
database1/img00003877.webp,0.01258,0.0,0.0801311346823498
database1/img00003884.webp,0.091278,0.0,0.0687162732699284
database1/img00003887.webp,0.010493,1.0,0.1214376737994262
database1/img00003978.webp,0.178955,0.0,0.0491874837491897
database1/img00004026.webp,0.365443,0.0,0.1039759491544591
database1/img00004041.webp,0.094007,0.0,0.0683048161637354
database1/img00004164.webp,0.026259,1.0,0.0707181292055397
database1/img00004216.webp,0.034337,0.0,0.0689813722078351
database1/img00004261.webp,0.165876,0.0,0.0968043045928668
database1/img00004273.webp,0.156777,0.0,0.0713652376419208
database1/img00004308.webp,0.126358,0.0,0.0786378700601614
database1/img00004416.webp,0.13739,1.0,0.0745860656503601
database1/img00004426.webp,0.364242,1.0,0.1159467863310117
database1/img00004540.webp,0.140347,0.0,0.0648798875808088
database1/img00004621.webp,0.130906,0.0,0.0835846261105482
database1/img00004701.webp,0.060368,0.0,0.0546813018841935
database1/img00004841.webp,0.021785,1.0,0.0720223434838726
database1/img00004851.webp,0.058337,1.0,0.0826118860601889
database1/img00004895.webp,0.001337,1.0,0.0679643742961072
database1/img00005027.webp,0.095752,1.0,0.1011801130537715
database1/img00005030.webp,0.114344,0.0,0.0849711012901432
database1/img00005095.webp,0.018419,0.0,0.0880110571251245
database1/img00005116.webp,0.107525,0.0,0.093804852121686
database1/img00005179.webp,0.058586,1.0,0.0824458111149761
database1/img00005208.webp,0.021009,1.0,0.1569747390933851
database1/img00005271.webp,0.408256,0.0,0.1163249552471424
database1/img00005293.webp,0.043233,0.0,0.0789596663523328
database1/img00005339.webp,0.173984,0.0,0.0596572012168736
database1/img00005347.webp,0.002911,0.0,0.0473825862503146
database1/img00005361.webp,0.189098,0.0,0.076845149413168
database1/img00005501.webp,0.145725,0.0,0.074242354520899
database1/img00005507.webp,0.232343,0.0,0.1399723654268434
database1/img00005509.webp,0.003247,1.0,0.1409050625542737
database1/img00005522.webp,0.185571,0.0,0.0661275542882457
database1/img00005579.webp,0.037795,1.0,0.0848973496493089
database1/img00005689.webp,0.281579,0.0,0.0816984744391904
database1/img00005696.webp,0.366924,0.0,0.131384447593222
database1/img00005723.webp,0.013358,0.0,0.0902233625958123
database1/img00005726.webp,0.041346,1.0,0.082642441893576
database1/img00005753.webp,0.009879,0.0,0.0813656099079788
database1/img00005766.webp,0.177714,0.0,0.0841434256847337
database1/img00005768.webp,0.024309,1.0,0.0952916033806879
database1/img00005822.webp,0.022373,0.0,0.0618549942746823
database1/img00005851.webp,0.375359,0.0,0.0939611507907104
database1/img00005896.webp,0.063671,0.0,0.0917373549621737
database1/img00005910.webp,0.374925,0.0,0.0888895910063007
database1/img00006003.webp,0.020291,1.0,0.0811530028092954
database1/img00006021.webp,0.018409,1.0,0.1539560296864964
database1/img00006047.webp,0.105454,0.0,0.0753748770549443
database1/img00006101.webp,0.326093,0.0,0.1023160270985445
database1/img00006168.webp,0.00248,1.0,0.0547213845649644
database1/img00006196.webp,0.0412,1.0,0.0775184855706213
database1/img00006204.webp,0.331116,1.0,0.0998389784989989
database1/img00006269.webp,0.011789,1.0,0.0813193284689298
database1/img00006334.webp,0.003849,1.0,0.0584110852236651
database1/img00006414.webp,0.208227,0.0,0.0865765810596761
database1/img00006420.webp,0.026323,1.0,0.0855912315217452
database1/img00006436.webp,0.008945,1.0,0.0950816952783232
database1/img00006571.webp,0.06176,0.0,0.0672983266589042
database1/img00006576.webp,0.028441,1.0,0.088394453903975
database1/img00006629.webp,0.000814,1.0,0.0467795002816167
database1/img00006690.webp,0.119839,0.0,0.0741997393993706
database1/img00006694.webp,0.019638,1.0,0.070802765163902
database1/img00006722.webp,0.383369,0.0,0.1224090852173683
database1/img00006757.webp,0.169654,1.0,0.1173744325518637
database1/img00007032.webp,0.079705,0.0,0.0824585405805958
database1/img00007152.webp,0.296672,0.0,0.1083921079280679
database1/img00007289.webp,0.004896,1.0,0.0895689494652674
database1/img00007329.webp,0.096683,0.0,0.084683212670914
database1/img00007335.webp,0.012784,1.0,0.0887211333925749
database1/img00007354.webp,0.047242,0.0,0.0692743283784063
database1/img00007383.webp,0.020362,1.0,0.0598214366328316
database1/img00007416.webp,0.105824,1.0,0.0908843012361211
database1/img00007435.webp,0.275659,0.0,0.1413818041408116
database1/img00007452.webp,0.091268,0.0,0.0730294084429764
database1/img00007454.webp,0.052407,1.0,0.0981224682832248
database1/img00007468.webp,0.289625,0.0,0.1351431764795901
database1/img00007470.webp,0.024029,1.0,0.1807669777233872
database1/img00007537.webp,0.023879,0.0,0.0747531475432413
database1/img00007538.webp,0.239526,0.0,0.0876840144243966
database1/img00007592.webp,0.092299,0.0,0.0790524946562165
database1/img00007663.webp,0.000453,1.0,0.0619058313997779
database1/img00007675.webp,0.145663,0.0,0.0716501558158092
database1/img00007764.webp,0.212475,0.0,0.079011540599395
database1/img00007790.webp,0.273678,0.0,0.1079371039857933
database1/img00007837.webp,0.07434,0.0,0.0731374979671653
database1/img00007851.webp,0.187909,0.0,0.0860533017940988
database1/img00007897.webp,0.021438,1.0,0.0775455782431064
database1/img00007955.webp,0.100119,0.0,0.076366634080541
database1/img00007965.webp,0.126287,0.0,0.0595660557480984
database1/img00008054.webp,0.125876,0.0,0.0634757770233085
database1/img00008062.webp,0.192134,0.0,0.1121376274671664
database1/img00008079.webp,0.010384,1.0,0.0760821290922369
database1/img00008191.webp,0.127108,1.0,0.1038331146130379
database1/img00008233.webp,0.03355,1.0,0.0846999400497644
database1/img00008333.webp,0.123145,0.0,0.0755020618105097
database1/img00008350.webp,0.003002,0.0,0.0571210133028128
database1/img00008419.webp,0.136366,0.0,0.0830181214097696
database1/img00008444.webp,0.19563,0.0,0.0814675709920706
database1/img00008485.webp,0.153649,0.0,0.0629790796939152
database1/img00008500.webp,0.243166,1.0,0.0935784835064349
database1/img00008540.webp,0.020411,1.0,0.0826953112111806
database1/img00008619.webp,0.172849,1.0,0.0859961629053007
database1/img00008684.webp,0.116788,1.0,0.1433077691007328
database1/img00008694.webp,0.257404,1.0,0.1131541140581448
database1/img00008702.webp,0.150713,0.0,0.0769463913952959
database1/img00008778.webp,0.047436,1.0,0.0907770051054267
database1/img00008864.webp,0.142253,1.0,0.0846098513263394
database1/img00008929.webp,0.025151,1.0,0.0639637452736905
database1/img00009119.webp,0.134423,0.0,0.0785042630905977
database1/img00009131.webp,0.11769,0.0,0.0691493169566556
database1/img00009180.webp,0.22272,0.0,0.1035918031504318
database1/img00009210.webp,0.133618,1.0,0.0778074417916384
database1/img00009215.webp,0.015083,1.0,0.1517132907650104
database1/img00009309.webp,0.232271,0.0,0.1348103337592878
database1/img00009310.webp,0.032707,1.0,0.0932910836448729
database1/img00009395.webp,0.188981,0.0,0.0669713603441696
database1/img00009397.webp,0.022474,0.0,0.0621275106886408
database1/img00009399.webp,0.009987,1.0,0.0670747528387369
database1/img00009423.webp,0.205953,0.0,0.0831489443515545
database1/img00009521.webp,0.096612,0.0,0.0674532164752786
database1/img00009606.webp,0.062144,1.0,0.0746128610051953
database1/img00009643.webp,0.076471,0.0,0.0761896293874994
database1/img00009666.webp,0.249637,0.0,0.0828109550276149
database1/img00009740.webp,0.056754,0.0,0.0809184604983373
database1/img00009804.webp,0.00402,1.0,0.1109621049917169
database1/img00009898.webp,0.123271,0.0,0.0735724069644179
database1/img00009952.webp,0.220282,0.0,0.0956090477043197
database1/img00009963.webp,0.081114,1.0,0.0851820170213037
database1/img00010009.webp,0.161796,0.0,0.0698436435501317
database1/img00010196.webp,0.131846,0.0,0.0732139206077783
database1/img00010250.webp,0.119697,0.0,0.1106478629218536
database1/img00010353.webp,0.145055,0.0,0.0807008229796635
database1/img00010363.webp,0.133258,0.0,0.0757881788104578
database1/img00010383.webp,0.010398,1.0,0.0441726630948678
database1/img00010445.webp,0.356323,0.0,0.0860134385491917
database1/img00010509.webp,0.056891,1.0,0.1110484964386467
database1/img00010530.webp,0.091729,0.0,0.0820915485403246
database1/img00010535.webp,0.304853,0.0,0.1167836617767912
database1/img00010537.webp,0.013696,0.0,0.0857880778807635
database1/img00010580.webp,0.154987,1.0,0.0766473697758546
database1/img00010612.webp,0.334599,0.0,0.0941762116206011
database1/img00010629.webp,0.060911,0.0,0.0658026347492614
database1/img00010643.webp,0.114721,1.0,0.0743335231343839
database1/img00010674.webp,0.023709,0.0,0.0649459982546112
database1/img00010757.webp,0.206361,0.0,0.0848838179371854
database1/img00010780.webp,0.013969,0.0,0.0788494364110344
database1/img00010790.webp,0.031334,0.0,0.0691110500494329
database1/img00010806.webp,0.065196,0.0,0.0761404086426745
database1/img00010887.webp,0.081617,0.0,0.0770704524958136
database1/img00010888.webp,0.233141,1.0,0.1173141858260743
database1/img00010982.webp,0.00745,1.0,0.0924834209053848
database1/img00010983.webp,0.20866,0.0,0.0820635796049113
database1/img00011118.webp,0.178597,1.0,0.1488554364875362
database1/img00011128.webp,0.27358,1.0,0.090084717209532
database1/img00011142.webp,0.28074,1.0,0.1053857948089262
database1/img00011296.webp,0.108452,1.0,0.1001867688529218
database1/img00011507.webp,0.092578,0.0,0.0656286055758768
database1/img00011516.webp,0.087323,0.0,0.0766451474687179
database1/img00011597.webp,0.091441,0.0,0.0772136712382438
database1/img00011619.webp,0.253533,0.0,0.1003381612323213
database1/img00011623.webp,0.079619,0.0,0.0691443156614576
database1/img00011711.webp,0.412517,0.0,0.1243477775793819
database1/img00011737.webp,0.360567,0.0,0.1039989567583623
database1/img00011787.webp,0.009168,1.0,0.0732257074028911
database1/img00011827.webp,0.096535,0.0,0.0810364941229982
database1/img00011910.webp,0.153312,0.0,0.0731523566577917
database1/img00011946.webp,0.118833,0.0,0.0788731990117109
database1/img00011981.webp,0.044401,1.0,0.0815744843594508
database1/img00011982.webp,0.064973,1.0,0.0707919685237425
database1/img00012046.webp,0.013245,1.0,0.0831992311416314
database1/img00012050.webp,0.169118,0.0,0.0745545831145847
database1/img00012055.webp,0.118938,0.0,0.0794904406474829
database1/img00012083.webp,0.105677,1.0,0.0744415353520979
database1/img00012173.webp,0.148639,0.0,0.0803814773133009
database1/img00012174.webp,0.13274,0.0,0.0777648469080587
database1/img00012175.webp,0.161502,0.0,0.0872740437698094
database1/img00012194.webp,0.057599,0.0,0.0790889973911032
database1/img00012259.webp,0.022948,1.0,0.1196937718839653
database1/img00012293.webp,0.081765,0.0,0.0808852298102279
database1/img00012367.webp,0.265563,0.0,0.1080629678050057
database1/img00012402.webp,0.08769,0.0,0.079936961237591
database1/img00012413.webp,0.178087,0.0,0.0827699709992202
database1/img00012417.webp,0.047864,1.0,0.0732434198155494
database1/img00012444.webp,0.279593,0.0,0.0931751790751009
database1/img00012509.webp,0.14518,0.0,0.0643861994390001
database1/img00012555.webp,0.159567,0.0,0.085860340712319
database1/img00012681.webp,0.00788,1.0,0.0697898258051339
database1/img00012805.webp,0.03627,0.0,0.0785383961712852
database1/img00012844.webp,0.027729,1.0,0.0823891508374818
database1/img00012874.webp,0.002528,1.0,0.1147655652579189
database1/img00012883.webp,0.105193,1.0,0.0735826809521783
database1/img00012980.webp,0.021348,1.0,0.0799658549906637
database1/img00013033.webp,0.378744,0.0,0.111831080266049
database1/img00013074.webp,0.20406,0.0,0.1097292370195592
database1/img00013089.webp,0.0,1.0,0.0559361501454519
database1/img00013099.webp,0.124905,0.0,0.111274153767256
database1/img00013109.webp,0.255454,0.0,0.1807771716484551
database1/img00013151.webp,0.003784,1.0,0.0673417881556648
database1/img00013182.webp,0.112701,0.0,0.0747176400057891
database1/img00013213.webp,0.208104,1.0,0.0913633972251449
database1/img00013311.webp,0.021686,1.0,0.0805007607442014
database1/img00013313.webp,0.096531,0.0,0.0884219717488938
database1/img00013345.webp,0.111239,1.0,0.0865825055612048
database1/img00013392.webp,0.234015,0.0,0.0810242080542534
database1/img00013433.webp,0.013693,1.0,0.0806058702890546
database1/img00013450.webp,0.007936,1.0,0.0713780220105099
database1/img00013515.webp,0.055869,0.0,0.0754742191649839
database1/img00013591.webp,0.097683,0.0,0.0728425270253261
database1/img00013659.webp,0.005492,0.0,0.0839821998436534
database1/img00013777.webp,0.039118,0.0,0.0730067498586565
database1/img00013856.webp,0.08085,0.0,0.0961264890911567
database1/img00013896.webp,0.155239,0.0,0.0848570695014198
database1/img00013978.webp,0.216187,1.0,0.0704951184404525
database1/img00014030.webp,0.009111,0.0,0.0919049587793509
database1/img00014146.webp,0.019737,0.0,0.0790434055947096
database1/img00014277.webp,0.009327,1.0,0.0908185419439985
database1/img00014440.webp,0.313716,0.0,0.1070924421323357
database1/img00014506.webp,0.002933,0.0,0.0823250075745789
database1/img00014634.webp,0.124116,1.0,0.0824291265599912
database1/img00014645.webp,0.294956,1.0,0.0998188561530388
database1/img00014657.webp,0.009173,1.0,0.0613935413147793
database1/img00014808.webp,0.222577,0.0,0.0975838960407888
database1/img00014845.webp,0.184098,0.0,0.0853600252286221
database1/img00014912.webp,0.085464,0.0,0.0812685475597458
database1/img00014924.webp,0.071344,1.0,0.0976143583991312
database1/img00015038.webp,0.222266,1.0,0.0955750333908533
database1/img00015081.webp,0.134204,0.0,0.1179208285249306
database1/img00015348.webp,0.225921,0.0,0.0973978190510244
database1/img00015359.webp,0.033386,0.0,0.0751014307182264
database1/img00015476.webp,0.164199,0.0,0.1140915224616139
database1/img00015498.webp,0.128891,0.0,0.0696191731494896
database1/img00015505.webp,0.086803,0.0,0.0775043733469558
database1/img00015509.webp,0.096299,1.0,0.0943781379983092
database1/img00015766.webp,0.128287,0.0,0.0739890873991388
database1/img00015784.webp,0.198335,0.0,0.0773744187534459
database1/img00015947.webp,0.126497,0.0,0.0772513886219349
database1/img00016004.webp,0.076385,0.0,0.0793153752527606
database1/img00016096.webp,0.018479,1.0,0.0714813229443026
database1/img00016164.webp,0.009807,1.0,0.0736498347965755
database1/img00016181.webp,0.000908,1.0,0.0632033791063008
database1/img00016288.webp,0.368142,0.0,0.1310871269022271
database1/img00016296.webp,0.233928,0.0,0.0818529305238713
database1/img00016398.webp,0.070727,0.0,0.0762489104723454
database1/img00016442.webp,0.050167,0.0,0.074217392565462
database1/img00016457.webp,0.145227,1.0,0.0814057120601684
database1/img00016490.webp,0.091022,0.0,0.0653920022123615
database1/img00016497.webp,0.144198,0.0,0.0845363472339061
database1/img00016611.webp,0.10049,0.0,0.0770885515971804
database1/img00016679.webp,0.001846,0.0,0.0796143164344292
database1/img00016886.webp,0.012909,1.0,0.0683769691184915
database1/img00016934.webp,0.076123,1.0,0.0702154956154761
database1/img00016955.webp,0.030027,1.0,0.0988921056656981
database1/img00017135.webp,0.137474,0.0,0.0779724579703185
database1/img00017144.webp,0.291437,0.0,0.0905559160761329
database1/img00017157.webp,0.097188,0.0,0.0753181882634521
database1/img00017237.webp,0.019539,0.0,0.0726500308480616
database1/img00017467.webp,0.193369,0.0,0.1005182207147775
database1/img00017485.webp,0.231654,0.0,0.1352995275240968
database1/img00017623.webp,0.273226,0.0,0.0877106849077739
database1/img00017648.webp,0.013591,1.0,0.0630570626216849
database1/img00017737.webp,0.0127,1.0,0.0781237866411013
database1/img00017893.webp,0.369649,0.0,0.0870111888305496
database1/img00018025.webp,0.125656,0.0,0.0707374633971126
database1/img00018042.webp,0.016056,1.0,0.0715424468687355
database1/img00018045.webp,0.096288,0.0,0.0747963870414405
database1/img00018076.webp,0.184672,1.0,0.0806362952833122
database1/img00018117.webp,0.020611,0.0,0.0869199931703323
database1/img00018133.webp,0.049189,0.0,0.0789697895766993
database1/img00018173.webp,0.28192,0.0,0.0979637310076771
database1/img00018225.webp,0.130293,0.0,0.0675859076922631
database1/img00018284.webp,0.238474,0.0,0.0897934098589358
database1/img00018380.webp,0.182421,0.0,0.0742962133177489
database1/img00018422.webp,0.021826,0.0,0.0785935655076836
database1/img00018465.webp,0.041569,1.0,0.0838542918087662
database1/img00018500.webp,0.147015,0.0,0.0745751399374788
database1/img00018591.webp,0.11045,0.0,0.0920971187122482
database1/img00018619.webp,0.026771,1.0,0.0834242793959109
database1/img00018643.webp,0.14475,0.0,0.0861077199809826
database1/img00018689.webp,0.008002,0.0,0.0790944052886631
database1/img00018779.webp,0.045676,1.0,0.0735530777755686
database1/img00018873.webp,0.099329,0.0,0.0713835977684916
database1/img00018963.webp,0.0236,1.0,0.1915478141828793
database1/img00019125.webp,0.039224,1.0,0.0878104411792103
database1/img00019151.webp,0.151887,0.0,0.107019412437316
database1/img00019162.webp,0.357571,0.0,0.1082608315626322
database1/img00019165.webp,0.070241,1.0,0.0958669307331726
database1/img00019172.webp,0.017685,0.0,0.0651835755699663
database1/img00019200.webp,0.017214,1.0,0.0734726470476302
database1/img00019353.webp,0.013152,0.0,0.0724170841857557
database1/img00019360.webp,0.02429,1.0,0.0715602556659085
database1/img00019362.webp,0.226958,0.0,0.0804298948085944
database1/img00019406.webp,0.122785,0.0,0.0738033565813965
database1/img00019511.webp,0.00639,1.0,0.0687052330461421
database1/img00019553.webp,0.097165,0.0,0.0729627490783232
database1/img00019616.webp,0.008603,1.0,0.0882642430860741
database1/img00019625.webp,0.044642,1.0,0.0961807525337221
database1/img00019811.webp,0.135181,0.0,0.0766929700994971
database1/img00019846.webp,0.085115,0.0,0.0789704610663028
database1/img00019883.webp,0.295134,0.0,0.1224352800838505
database1/img00019956.webp,0.121542,0.0,0.0765727638458151
database1/img00020019.webp,0.245216,0.0,0.0888924198475643
database1/img00020092.webp,0.229511,0.0,0.1012530888652701
database1/img00020095.webp,0.369647,0.0,0.0944784799775488
database1/img00020106.webp,0.016139,1.0,0.0633842884394082
database1/img00020280.webp,0.093764,0.0,0.0759432886910456
database1/img00020383.webp,0.174486,0.0,0.0822216966163625
database1/img00020425.webp,0.105022,0.0,0.0734263724530446
database1/img00020495.webp,0.101841,0.0,0.0773450092242948
database1/img00020506.webp,0.143822,0.0,0.0823845835520682
database1/img00020690.webp,0.113169,0.0,0.0681626596852265
database1/img00020757.webp,0.123725,0.0,0.0776936522030413
database1/img00020765.webp,0.148549,0.0,0.0767264284527445
database1/img00020799.webp,0.406729,0.0,0.1290053004741784
database1/img00020831.webp,0.0,1.0,0.0506851583896868
database1/img00020839.webp,0.164052,0.0,0.0722047858468316
database1/img00020840.webp,0.164657,0.0,0.0840700051540148
database1/img00020876.webp,0.039848,0.0,0.0779894062847638
database1/img00020958.webp,0.18413,1.0,0.0724531042491026
database1/img00021024.webp,0.011248,1.0,0.0827475278005404
database1/img00021028.webp,0.079159,0.0,0.0677784450306975
database1/img00021119.webp,0.231027,0.0,0.0645472294421312
database1/img00021174.webp,0.029653,1.0,0.0768225621511437
database1/img00021203.webp,0.100309,1.0,0.1358458561698915
database1/img00021240.webp,0.12352,0.0,0.0817647819389871
database1/img00021256.webp,0.115372,0.0,0.0740495770072072
database1/img00021294.webp,0.230757,0.0,0.1001083892795331
database1/img00021336.webp,0.216002,0.0,0.0829431283675999
database1/img00021374.webp,0.038864,0.0,0.0785609698389642
database1/img00021382.webp,0.023478,1.0,0.1444639518730241
database1/img00021398.webp,0.118902,0.0,0.1646035119621886
database1/img00021523.webp,0.125539,0.0,0.0801732603002086
database1/img00021529.webp,0.020743,0.0,0.0804950095416408
database1/img00021585.webp,0.323915,0.0,0.0847359775685995
database1/img00021592.webp,0.053661,1.0,0.0872045580743306
database1/img00021620.webp,0.012103,1.0,0.0856539218156905
database1/img00021622.webp,0.258145,0.0,0.0914902022971653
database1/img00021629.webp,0.347567,0.0,0.1064995516062946
database1/img00021724.webp,0.117861,0.0,0.0804021900576288
database1/img00021737.webp,0.042247,1.0,0.0778902136763512
database1/img00021763.webp,0.319156,0.0,0.1302845827977484
database1/img00021881.webp,0.200485,0.0,0.0741551434787753
database1/img00021891.webp,0.158308,0.0,0.0781620463456377
database1/img00022037.webp,0.280548,0.0,0.1039001902680692
database1/img00022062.webp,0.084716,1.0,0.0695607004042756
database1/img00022089.webp,0.105552,0.0,0.0770016128829677
database1/img00022098.webp,0.019455,1.0,0.0769051342996168
database1/img00022099.webp,0.017022,1.0,0.0902904927351199
database1/img00022106.webp,0.009696,1.0,0.0730489605212898
database1/img00022110.webp,0.247685,0.0,0.1238825914869583
database1/img00022174.webp,0.246505,1.0,0.0935441818283126
database1/img00022220.webp,0.197348,0.0,0.1448175557739048
database1/img00022367.webp,0.130304,0.0,0.0851537662200929
database1/img00022458.webp,0.178211,1.0,0.0585694835344545
database1/img00022462.webp,0.147091,1.0,0.0800681558616398
database1/img00022521.webp,0.025301,1.0,0.0708231687002901
database1/img00022669.webp,0.094607,1.0,0.1738102827688993
database1/img00022715.webp,0.056654,0.0,0.0621386258758777
database1/img00022789.webp,0.207616,0.0,0.13307561782276
database1/img00022833.webp,0.037262,1.0,0.0802132042313761
database1/img00022848.webp,0.082086,0.0,0.0768607500880663
database1/img00022964.webp,0.170935,0.0,0.0845161009426106
database1/img00023014.webp,0.001544,1.0,0.1645369398149341
database1/img00023146.webp,0.103648,1.0,0.0914482037850344
database1/img00023176.webp,0.028973,1.0,0.1139738564923646
database1/img00023181.webp,0.102577,0.0,0.0826673773011862
database1/img00023337.webp,0.089515,0.0,0.0716305389083583
database1/img00023439.webp,0.005019,1.0,0.0713808797966026
database1/img00023478.webp,0.105124,0.0,0.0686833924525445
database1/img00023517.webp,0.050744,0.0,0.0818624808769647
database1/img00023568.webp,0.010958,1.0,0.0877829265712408
database1/img00023725.webp,0.203847,0.0,0.0772577623148967
database1/img00023876.webp,0.079286,0.0,0.0726199492255799
database1/img00023903.webp,0.124474,0.0,0.0592901933979463
database1/img00024004.webp,0.151347,0.0,0.0813346281414576
database1/img00024033.webp,0.008003,1.0,0.0862837853368169
database1/img00024054.webp,0.158105,0.0,0.0775378160191806
database1/img00024075.webp,0.098827,0.0,0.0849140045052593
database1/img00024097.webp,0.056329,1.0,0.074348179580112
database1/img00024151.webp,0.223931,0.0,0.0703855559199833
database1/img00024251.webp,0.125194,0.0,0.0765278721853689
database1/img00024286.webp,0.203387,0.0,0.1244572185255752
database1/img00024330.webp,0.039351,0.0,0.0915967408381615
database1/img00024429.webp,0.001011,1.0,0.0569411478049581
database1/img00024472.webp,0.231978,0.0,0.0919331018071743
database1/img00024480.webp,0.229159,0.0,0.0791605328727179
database1/img00024496.webp,0.010786,0.0,0.0869175032363471
database1/img00024553.webp,0.040348,1.0,0.0827104192398786
database1/img00024607.webp,0.016616,1.0,0.0881278751221389
database1/img00024687.webp,0.27365,0.0,0.0962003911290451
database1/img00024753.webp,0.192923,0.0,0.0867881881565632
database1/img00024774.webp,0.053221,0.0,0.076377440800473
database1/img00025064.webp,0.015037,0.0,0.0653281580195181
database1/img00025075.webp,0.298755,0.0,0.1028973490338603
database1/img00025133.webp,0.155681,1.0,0.0833053929988637
database1/img00025166.webp,0.014644,0.0,0.0812081893132947
database1/img00025308.webp,0.026547,1.0,0.0800544264831656
database1/img00025347.webp,0.003317,1.0,0.0844539496325565
database1/img00025392.webp,0.084647,0.0,0.0786933752390904
database1/img00025465.webp,0.083236,0.0,0.1038882872846176
database1/img00025509.webp,0.003962,0.0,0.0866345176080396
database1/img00025534.webp,0.073372,0.0,0.0727579188000399
database1/img00025566.webp,0.059194,1.0,0.0865237062914454
database1/img00025641.webp,0.045629,1.0,0.0881199931504612
database1/img00025678.webp,0.113275,0.0,0.0803506896043992
database1/img00025969.webp,0.033245,1.0,0.078035620900908
database1/img00026052.webp,0.217685,0.0,0.0817199793073403
database1/img00026073.webp,0.052874,0.0,0.0723188522091405
database1/img00026088.webp,0.15625,0.0,0.0853250660411853
database1/img00026103.webp,0.013345,1.0,0.0917378170537229
database1/img00026169.webp,0.063574,1.0,0.1039554090288401
database1/img00026178.webp,0.317092,0.0,0.0986650581606309
database1/img00026249.webp,0.008453,1.0,0.0885928138209602
database1/img00026281.webp,0.219012,1.0,0.0891068825180481
database1/img00026282.webp,0.011198,1.0,0.0865513607447105
database1/img00026305.webp,0.138547,1.0,0.0875686909028892
database1/img00026333.webp,0.154155,0.0,0.0757112938465047
database1/img00026341.webp,0.145098,0.0,0.1564139498098086
database1/img00026380.webp,0.102089,0.0,0.0846052403649018
database1/img00026418.webp,0.030072,1.0,0.0749018633949358
database1/img00026462.webp,0.007743,0.0,0.0781211148902186
database1/img00026473.webp,0.0,1.0,0.07131447947891
database1/img00026493.webp,0.222605,0.0,0.0796508436025905
database1/img00026505.webp,0.024604,1.0,0.0917481197587789
database1/img00026554.webp,0.005176,1.0,0.0836687513831015
database1/img00026653.webp,0.0,0.0,0.0473258394052518
database1/img00026673.webp,0.305916,0.0,0.0882078824442111
database1/img00026714.webp,0.210407,0.0,0.0846343516140105
database1/img00026908.webp,0.046474,0.0,0.0765390331249244
database1/img00027013.webp,0.003769,0.0,0.0694360127942952
database1/img00027032.webp,0.007456,0.0,0.0883584022198647
database1/img00027062.webp,0.046983,1.0,0.0745864866999242
database1/img00027147.webp,0.083316,1.0,0.09568251141627
database1/img00027201.webp,0.173566,0.0,0.0800187496063717
database1/img00027213.webp,0.102301,0.0,0.0800169440381721
database1/img00027267.webp,0.025949,0.0,0.0777040956991338
database1/img00027278.webp,0.04282,0.0,0.0784706983258571
database1/img00027291.webp,0.037481,1.0,0.0884704224324549
database1/img00027300.webp,0.162757,0.0,0.0806392844888731
database1/img00027329.webp,0.120534,0.0,0.0535331816277644
database1/img00027355.webp,0.012954,0.0,0.0798185983980219
database1/img00027400.webp,0.093064,1.0,0.1987963995628105
database1/img00027672.webp,0.024684,0.0,0.0743441782292325
database1/img00027691.webp,0.263468,1.0,0.1039238275401694
database1/img00027708.webp,0.011879,1.0,0.1093901619358633
database1/img00027826.webp,0.008279,1.0,0.0772084368503533
database1/img00027870.webp,0.156292,0.0,0.0856126352462598
database1/img00027888.webp,0.010368,1.0,0.0851595439930689
database1/img00027943.webp,0.005057,1.0,0.0943285336693459
database1/img00027980.webp,0.1488,0.0,0.0806067647355096
database1/img00028069.webp,0.00506,1.0,0.0898590305903131
database1/img00028087.webp,0.001205,1.0,0.0511438398539325
database1/img00028101.webp,0.0173,1.0,0.0748800607793928
database1/img00028174.webp,0.122309,0.0,0.0775047625754427
database1/img00028222.webp,0.107143,0.0,0.0737339700986589
database1/img00028224.webp,0.146398,0.0,0.0918115163689436
database1/img00028300.webp,0.012183,0.0,0.076126950184065
database1/img00028356.webp,0.152613,0.0,0.0620556384223345
database1/img00028517.webp,0.382837,0.0,0.1059035991012633
database1/img00028551.webp,0.203166,0.0,0.1170299221273808
database1/img00028578.webp,0.061325,0.0,0.0727139575521872
database1/img00028581.webp,0.020189,1.0,0.0733692424112098
database1/img00028723.webp,0.12276,0.0,0.0845727439159454
database1/img00028742.webp,0.061928,0.0,0.0640841954502662
database1/img00028757.webp,0.031527,1.0,0.0846361719554099
database1/img00028784.webp,0.01652,0.0,0.0760560876920161
database1/img00028843.webp,0.045216,1.0,0.1052696634154937
database1/img00028942.webp,0.085705,0.0,0.0643098687597129
database1/img00029059.webp,0.201976,0.0,0.0835557193290236
database1/img00029154.webp,0.027398,0.0,0.1315525311071262
database1/img00029252.webp,0.011317,1.0,0.0857537521781576
database1/img00029315.webp,0.223811,0.0,0.0974854414731844
database1/img00029326.webp,0.073163,0.0,0.0678916333721605
database1/img00029393.webp,0.181547,0.0,0.0803118990825075
database1/img00029479.webp,0.172507,1.0,0.094737012461648
database1/img00029527.webp,9.6e-05,1.0,0.0511816658183605
database1/img00029586.webp,0.049823,0.0,0.0809671423649286
database1/img00029691.webp,0.030185,1.0,0.0918251622319485
database1/img00029706.webp,0.21533,1.0,0.2106803687333464
database1/img00029758.webp,0.113217,0.0,0.0755829229798014
database1/img00029778.webp,0.154551,0.0,0.1037779515235773
database1/img00029960.webp,0.383842,0.0,0.1045485562787319
database2/database2/test/148.webp,0.048036,1.0,0.077011947786194
database2/database2/test/190.webp,0.086509,1.0,0.1509388413182247
database2/database2/test/216.webp,0.245817,0.0,0.0738204466199282
database2/database2/test/232.webp,0.275174,0.0,0.0778818630997366
database2/database2/test/239.webp,0.175156,0.0,0.1000344913054794
database2/database2/test/266.webp,0.213241,0.0,0.0852820744644048
database2/database2/test/34.webp,0.050154,0.0,0.063623952619877
database2/database2/test/453.webp,0.089504,1.0,0.0465521584232445
database2/database2/test/472.webp,0.226614,1.0,0.1123707593664295
database2/database2/test/91.webp,0.465517,1.0,0.0896171844484615
database2/database2/train/1009.webp,0.104761,1.0,0.15
database2/database2/train/1240.webp,0.146101,0.0,0.0842966715315032
database2/database2/train/1258.webp,0.246853,0.0,0.2183629398947484
database2/database2/train/127.webp,0.075508,0.0,0.0605249496352618
database2/database2/train/1279.webp,0.000502,1.0,0.1521439998353934
database2/database2/train/1311.webp,0.172932,1.0,0.2297463842727272
database2/database2/train/174.webp,0.051776,1.0,0.2099475244804962
database2/database2/train/203.webp,0.050641,1.0,0.0867229273039887
database2/database2/train/219.webp,0.142928,0.0,0.0917064595569753
database2/database2/train/233.webp,0.281943,1.0,0.1027603963855725
database2/database2/train/26.webp,0.011878,0.0,0.0663890530690839
database2/database2/train/34.webp,0.095641,0.0,0.0785285566136982
database2/database2/train/433.webp,0.036418,1.0,0.0879003870711614
database2/database2/train/436.webp,0.026337,1.0,0.0638699212081905
database2/database2/train/515.webp,0.012181,1.0,0.078407932541355
database2/database2/train/547.webp,0.0,1.0,0.045882744663474
database2/database2/train/613.webp,0.048432,0.0,0.067683510381085
database2/database2/train/624.webp,0.123039,1.0,0.1373398499521548
database2/database2/train/650.webp,0.113219,0.0,0.0760332705649094
database2/database2/train/766.webp,0.167917,0.0,0.1077331511471913
database2/database2/train/814.webp,0.3,0.0,0.1103845018598534
database2/database2/train/846.webp,0.020085,1.0,0.0864651574591015
database2/database2/train/900.webp,0.417188,1.0,0.0953609225277684
database2/database2/train/928.webp,0.09983,0.0,0.0807815240586123
database2/database2/train/97.webp,0.048559,1.0,0.0897930604966211
database2/database2/train/992.webp,0.32608,0.0,0.1036179741427764
database3/database3/m.0109kg/59-FaceId-0_align.webp,0.264823,0.0,0.1035937060313832
database3/database3/m.010bk0/59-FaceId-0_align.webp,0.021845,1.0,0.153808789833308
database3/database3/m.010ngb/60-FaceId-0_align.webp,0.012915,1.0,0.0689193719251092
database3/database3/m.010p3/45-FaceId-0_align.webp,0.01465,1.0,0.0944428254966288
database3/database3/m.010p3/69-FaceId-0_align.webp,0.027584,1.0,0.086034627185045
database3/database3/m.010p3/82-FaceId-0_align.webp,0.013896,1.0,0.0724092009685229
database3/database3/m.010wty2t/83-FaceId-1_align.webp,0.168202,1.0,0.1394223313093078
database3/database3/m.0112yl/20-FaceId-0_align.webp,0.035573,1.0,0.1056682843945462
database3/database3/m.01167d3z/34-FaceId-0_align.webp,0.37993,1.0,0.1120259320765951
database3/database3/m.01167d3z/74-FaceId-0_align.webp,0.319357,1.0,0.1014701648721128
database3/database3/m.011_0k/17-FaceId-0_align.webp,0.022011,1.0,0.0785287417883541
database3/database3/m.011_0k/3-FaceId-0_align.webp,0.017225,1.0,0.0889531276884633
database3/database3/m.011_0k/43-FaceId-0_align.webp,0.025252,1.0,0.0840921471968181
database3/database3/m.011_0k/77-FaceId-0_align.webp,0.126436,1.0,0.1930024269179782
database3/database3/m.011_2h/101-FaceId-0_align.webp,0.183945,0.0,0.099113002322977
database3/database3/m.011_2h/18-FaceId-0_align.webp,0.139464,0.0,0.1418517376473313
database3/database3/m.011_2h/21-FaceId-0_align.webp,0.028243,0.0,0.084703856511326
database3/database3/m.011_3d/107-FaceId-0_align.webp,0.091414,1.0,0.0959352134546134
database3/database3/m.011_3d/31-FaceId-0_align.webp,0.156269,1.0,0.090822561123315
database3/database3/m.011_3d/35-FaceId-0_align.webp,0.154662,1.0,0.231089521165857
database3/database3/m.011_3s/106-FaceId-0_align.webp,0.132155,0.0,0.0909125410463709
database3/database3/m.011_3s/93-FaceId-0_align.webp,0.255275,0.0,0.1135624686642776
database3/database3/m.011_8/14-FaceId-0_align.webp,0.108434,1.0,0.082586529638791
database3/database3/m.011_nf/83-FaceId-0_align.webp,0.036792,1.0,0.0809011382359096
database3/database3/m.011_pk/73-FaceId-0_align.webp,0.106935,1.0,0.1026373095483856
database3/database3/m.011_pk/98-FaceId-0_align.webp,0.021278,1.0,0.0568475227631106
database3/database3/m.011_r9/15-FaceId-0_align.webp,0.000453,1.0,0.0670642115212086
database3/database3/m.011_r9/35-FaceId-0_align.webp,0.0,1.0,0.0431765089521213
database3/database3/m.011h_w/16-FaceId-0_align.webp,0.023388,1.0,0.1458561536859065
database3/database3/m.011h_w/57-FaceId-0_align.webp,0.034974,1.0,0.1099082848589195
database3/database3/m.011hdn/3-FaceId-0_align.webp,0.144586,1.0,0.1383734858065369
database3/database3/m.011hm1/28-FaceId-0_align.webp,0.045589,0.0,0.1049218174048591
database3/database3/m.011hm1/59-FaceId-0_align.webp,0.308314,0.0,0.082359816481078
database3/database3/m.011hmd/24-FaceId-0_align.webp,0.029049,1.0,0.1228472255169942
database3/database3/m.011jfg/102-FaceId-0_align.webp,0.016853,0.0,0.080040839860383
database3/database3/m.011jfg/64-FaceId-0_align.webp,0.014724,0.0,0.0852371936874056
database3/database3/m.011kd9/42-FaceId-0_align.webp,0.092666,1.0,0.0
database3/database3/m.011kd9/48-FaceId-0_align.webp,0.021031,1.0,0.1466766223313799
database3/database3/m.011l17/115-FaceId-0_align.webp,0.008147,1.0,0.0641308826750592
database3/database3/m.011l17/73-FaceId-0_align.webp,0.013848,1.0,0.0884684531679342
database3/database3/m.011l17/78-FaceId-0_align.webp,0.000371,1.0,0.0712339148244519
database3/database3/m.011lf5/30-FaceId-0_align.webp,0.003745,1.0,0.0768878819940657
database3/database3/m.011lhy/14-FaceId-0_align.webp,0.06605,1.0,0.0534808092836859
database3/database3/m.011m1y/65-FaceId-0_align.webp,0.010331,1.0,0.1303472144226376
database3/database3/m.011m1y/93-FaceId-0_align.webp,0.010174,1.0,0.0677885298650654
database3/database3/m.011m33/35-FaceId-0_align.webp,0.10764,0.0,0.0706621380604401
database3/database3/m.011m33/96-FaceId-0_align.webp,0.077455,0.0,0.0976893104425674
database3/database3/m.011m33/98-FaceId-0_align.webp,0.093352,0.0,0.1166903454209574
database3/database3/m.011p3/100-FaceId-0_align.webp,0.261068,0.0,0.1142277284602368
database3/database3/m.011p3/38-FaceId-0_align.webp,0.260325,0.0,0.0757049759374156
database3/database3/m.011qm2/8-FaceId-0_align.webp,0.02115,1.0,0.0735516638540743
database3/database3/m.011w1b/4-FaceId-0_align.webp,0.011173,0.0,0.0788325740790837
database3/database3/m.011w1b/5-FaceId-0_align.webp,0.149673,0.0,0.0806815038335134
database3/database3/m.011w1b/65-FaceId-0_align.webp,0.028609,0.0,0.0763095070898442
database3/database3/m.011w1b/75-FaceId-0_align.webp,0.102741,0.0,0.0937331978685912
database3/database3/m.011xgp/24-FaceId-0_align.webp,0.060348,1.0,0.0864522910721652
database3/database3/m.011xgp/72-FaceId-0_align.webp,0.024118,1.0,0.1089450532495396
database3/database3/m.011xjd/62-FaceId-0_align.webp,0.025855,1.0,0.0917029960382095
database3/database3/m.011xl3/35-FaceId-0_align.webp,0.101991,1.0,0.0959688113836305
database3/database3/m.011xl3/86-FaceId-0_align.webp,0.095741,1.0,0.1560764530703802
database3/database3/m.011xl3/92-FaceId-0_align.webp,0.15032,1.0,0.0972502137238396
database3/database3/m.011xl3/99-FaceId-0_align.webp,0.04585,1.0,0.0780172394390934
database3/database3/m.011xll/89-FaceId-0_align.webp,0.057752,1.0,0.1346856424038318
database3/database3/m.011ybj/52-FaceId-0_align.webp,0.042728,1.0,0.0755815777433795
database3/database3/m.011ybj/61-FaceId-0_align.webp,0.033422,1.0,0.0676350398877327
database3/database3/m.011yx0/17-FaceId-0_align.webp,0.03676,1.0,0.0808092141929165
database3/database3/m.011yx0/7-FaceId-0_align.webp,0.025923,1.0,0.0738750699760175
database3/database3/m.011z69/22-FaceId-0_align.webp,0.003956,1.0,0.0538309916303344
database3/database3/m.011z69/27-FaceId-0_align.webp,0.057013,1.0,0.0617014034388321
database3/database3/m.011z69/67-FaceId-0_align.webp,0.026898,1.0,0.0737768666721927
database3/database3/m.011zfk/22-FaceId-0_align.webp,0.214757,1.0,0.0579861011208609
database3/database3/m.011zfz/75-FaceId-0_align.webp,0.159958,0.0,0.0867946745986802
database3/database3/m.011zg9/22-FaceId-0_align.webp,0.107141,0.0,0.0699970288055879
database3/database3/m.011zg9/39-FaceId-0_align.webp,0.053582,0.0,0.0697380581193818
database3/database3/m.011zgs/52-FaceId-0_align.webp,0.127677,0.0,0.1928236627473164
database3/database3/m.011zkh/84-FaceId-0_align.webp,0.008351,1.0,0.0710968016744502
database3/database3/m.011zwl/37-FaceId-0_align.webp,0.073722,1.0,0.0721343176392167
database3/database3/m.01200d/24-FaceId-0_align.webp,0.036817,1.0,0.060156402218549
database3/database3/m.01200d/80-FaceId-0_align.webp,0.017066,1.0,0.0660122864566631
database3/database3/m.012052/1-FaceId-0_align.webp,0.109494,1.0,0.0766818302185536
database3/database3/m.012052/30-FaceId-0_align.webp,0.193814,1.0,0.2016260154704753
database3/database3/m.012052/63-FaceId-0_align.webp,0.135953,1.0,0.1030710794465732
database3/database3/m.0122lq/12-FaceId-0_align.webp,0.034174,1.0,0.0619814947301691
database3/database3/m.0122lq/62-FaceId-0_align.webp,0.002899,1.0,0.1196788501212291
database3/database3/m.0122lq/73-FaceId-0_align.webp,0.026793,1.0,0.0706990941790506
database3/database3/m.0122m5/94-FaceId-0_align.webp,0.003731,1.0,0.1205384541259337
database3/database3/m.01233w/1-FaceId-0_align.webp,0.049894,1.0,0.0656462896255287
database3/database3/m.01233w/25-FaceId-0_align.webp,0.043404,1.0,0.15
database3/database3/m.01239/57-FaceId-0_align.webp,0.01656,1.0,0.0911763342848221
database3/database3/m.01239/68-FaceId-0_align.webp,0.012855,1.0,0.0778645149319829
database3/database3/m.0123x2/101-FaceId-0_align.webp,0.244668,1.0,0.0955331416091213
database3/database3/m.01241v/54-FaceId-0_align.webp,0.010871,1.0,0.0660443023561864
database3/database3/m.0124t/70-FaceId-0_align.webp,0.066352,0.0,0.1507421805972786
database3/database3/m.01257s/41-FaceId-1_align.webp,0.025408,1.0,0.0776195187699784
database3/database3/m.0126rp/46-FaceId-0_align.webp,0.064149,1.0,0.0704607590672965
database3/database3/m.0126rp/48-FaceId-0_align.webp,0.020111,1.0,0.0722759328383473
database3/database3/m.0126y2/49-FaceId-0_align.webp,0.042913,1.0,0.0760623555900465
database3/database3/m.0126y2/81-FaceId-0_align.webp,0.011658,1.0,0.15
database3/database3/m.0126y2/92-FaceId-0_align.webp,0.2594,1.0,0.1167001210936645
database3/database3/m.01270s/15-FaceId-0_align.webp,0.00523,1.0,0.0555160140386374
database3/database3/m.01270s/43-FaceId-0_align.webp,0.024273,1.0,0.0770204662023428
database3/database3/m.01271_/40-FaceId-0_align.webp,0.046844,0.0,0.0835468016254538
database3/database3/m.01271_/42-FaceId-0_align.webp,0.082785,0.0,0.15
database3/database3/m.01271_/92-FaceId-0_align.webp,0.131196,0.0,0.0818628824760348
database3/database3/m.0127fx/6-FaceId-0_align.webp,0.010653,1.0,0.0750623705345141
database3/database3/m.0127gn/12-FaceId-0_align.webp,0.02417,1.0,0.0640485623160214
database3/database3/m.0127tk/114-FaceId-0_align.webp,0.088119,1.0,0.0689165594141304
database3/database3/m.0127tk/121-FaceId-0_align.webp,0.110272,1.0,0.0886911016562973
database3/database3/m.0127tk/32-FaceId-0_align.webp,0.044592,1.0,0.0777285427614912
database3/database3/m.0127tk/61-FaceId-0_align.webp,0.157887,1.0,0.0901575568362322
database3/database3/m.0127tk/75-FaceId-0_align.webp,0.118857,1.0,0.0883765437026176
database3/database3/m.0127tk/83-FaceId-0_align.webp,0.180049,1.0,0.0789200390277437
database3/database3/m.0127zt/62-FaceId-0_align.webp,0.099007,0.0,0.0838333029460235
database3/database3/m.012801/76-FaceId-0_align.webp,0.060329,1.0,0.0747673071102246
database3/database3/m.012981/36-FaceId-0_align.webp,0.038673,1.0,0.0687716898482481
database3/database3/m.012_53/112-FaceId-0_align.webp,0.081654,0.0,0.072269436877884
database3/database3/m.012_53/73-FaceId-0_align.webp,0.056783,0.0,0.0751177380798084
database3/database3/m.012_jj/10-FaceId-0_align.webp,0.005143,1.0,0.0678871166037992
database3/database3/m.012_jj/103-FaceId-0_align.webp,0.04174,1.0,0.0508431274203546
database3/database3/m.012_jj/83-FaceId-0_align.webp,0.123978,1.0,0.0705632060270792
database3/database3/m.012c6j/57-FaceId-0_align.webp,0.0,1.0,0.0367090847512176
database3/database3/m.012c6x/43-FaceId-0_align.webp,0.000386,1.0,0.1192565089842317
database3/database3/m.012c8f/13-FaceId-0_align.webp,0.010098,1.0,0.0844702221110364
database3/database3/m.012c8f/85-FaceId-0_align.webp,0.121074,1.0,0.1613952240186186
database3/database3/m.012ck8/1-FaceId-0_align.webp,0.250793,0.0,0.1399114073693534
database3/database3/m.012cm5/19-FaceId-0_align.webp,0.050828,1.0,0.0749364378921786
database3/database3/m.012cm5/75-FaceId-0_align.webp,0.032775,1.0,0.0412969604823858
database3/database3/m.012cm5/90-FaceId-0_align.webp,0.082057,1.0,0.087390122169249
database3/database3/m.012cnn/11-FaceId-0_align.webp,0.107545,0.0,0.0658608265794326
database3/database3/m.012cph/108-FaceId-0_align.webp,0.01551,1.0,0.0658355514743916
database3/database3/m.012cph/17-FaceId-0_align.webp,0.005549,1.0,0.0962326127268007
database3/database3/m.012cph/68-FaceId-0_align.webp,0.017584,1.0,0.0996670454196492
database3/database3/m.012cyp/33-FaceId-0_align.webp,0.012748,0.0,0.0633737667522205
database3/database3/m.012cyp/43-FaceId-0_align.webp,0.207358,0.0,0.077327556209667
database3/database3/m.012cyp/7-FaceId-0_align.webp,0.030272,0.0,0.0675101634450999
database3/database3/m.012czd/35-FaceId-0_align.webp,0.035058,0.0,0.0585912503399189
database3/database3/m.012czd/90-FaceId-0_align.webp,0.001711,0.0,0.0831249421877891
database3/database3/m.012dtw/86-FaceId-0_align.webp,0.075626,1.0,0.1050920149456423
database3/database3/m.012fgx/58-FaceId-0_align.webp,0.039289,1.0,0.0652661629712529
database3/database3/m.012g8l/75-FaceId-0_align.webp,0.015517,1.0,0.0974948258199694
database3/database3/m.012gbb/1-FaceId-0_align.webp,0.057132,0.0,0.0934820141728109
database3/database3/m.012gbb/104-FaceId-0_align.webp,0.023381,0.0,0.0724096288719036
database3/database3/m.012gbb/86-FaceId-0_align.webp,0.070682,0.0,0.0922649692092939
database3/database3/m.012gdw/54-FaceId-0_align.webp,0.06697,1.0,0.0607574929312181
database3/database3/m.012gl8/17-FaceId-0_align.webp,0.06567,0.0,0.078738392256672
database3/database3/m.012gl8/38-FaceId-0_align.webp,0.063039,0.0,0.0777328444899141
database3/database3/m.012gq6/33-FaceId-0_align.webp,0.016946,1.0,0.0619002285681031
database3/database3/m.012gr9/29-FaceId-0_align.webp,0.156273,0.0,0.1065928907754204
database3/database3/m.012gx2/64-FaceId-0_align.webp,0.000577,1.0,0.0666604813307648
database3/database3/m.012gx2/77-FaceId-0_align.webp,0.126437,1.0,0.0970033108557014
database3/database3/m.012gx2/8-FaceId-0_align.webp,0.019361,1.0,0.0574624601244645
database3/database3/m.012gx2/99-FaceId-0_align.webp,0.025003,1.0,0.0867287982761638
database3/database3/m.012h65/109-FaceId-0_align.webp,0.210562,1.0,0.2273195673890855
database3/database3/m.012hqb/33-FaceId-0_align.webp,0.004406,1.0,0.0964501779099306
database3/database3/m.012hr4/21-FaceId-0_align.webp,0.126033,1.0,0.0781611821706914
database3/database3/m.012hr4/67-FaceId-0_align.webp,0.183915,1.0,0.0754227929870301
database3/database3/m.012hr4/74-FaceId-0_align.webp,0.037244,1.0,0.0784159599044982
database3/database3/m.012hsb/101-FaceId-0_align.webp,0.192286,1.0,0.0742817541977354
database3/database3/m.012hsb/74-FaceId-0_align.webp,0.057902,1.0,0.0828563473906143
database3/database3/m.012hz4/77-FaceId-0_align.webp,0.118119,0.0,0.1172788819772684
database3/database3/m.012j2r/108-FaceId-0_align.webp,0.027644,1.0,0.0636629102521587
database3/database3/m.012j2r/38-FaceId-0_align.webp,0.010758,1.0,0.0780765962615113
database3/database3/m.012j2r/9-FaceId-0_align.webp,0.029992,1.0,0.064757078684463
database3/database3/m.012kdb/7-FaceId-0_align.webp,0.154185,0.0,0.0790998995242958
database3/database3/m.012kk4/31-FaceId-1_align.webp,0.026924,1.0,0.0932992869972957
database3/database3/m.012l22/20-FaceId-0_align.webp,0.182682,1.0,0.1867202982223638
database3/database3/m.012l22/56-FaceId-0_align.webp,0.079127,1.0,0.1511093189577804
database3/database3/m.012lyg/82-FaceId-0_align.webp,0.015571,1.0,0.0623572782277797
database3/database3/m.012m1c/109-FaceId-0_align.webp,0.052592,0.0,0.0732543486998984
database3/database3/m.012m1c/113-FaceId-0_align.webp,0.018979,0.0,0.0759104889961158
database3/database3/m.012m1c/56-FaceId-0_align.webp,0.076711,0.0,0.0553404813669488
database3/database3/m.012m7r/99-FaceId-0_align.webp,0.002972,1.0,0.1470078622905544
database3/database3/m.012mh_/3-FaceId-0_align.webp,0.065168,1.0,0.0704124901513635
database3/database3/m.012mh_/6-FaceId-0_align.webp,0.002681,1.0,0.0604814098121805
database3/database3/m.012mk7/90-FaceId-0_align.webp,0.032433,1.0,0.0613916591445306
database3/database3/m.012ml0/96-FaceId-0_align.webp,0.031451,1.0,0.0688426931317089
database3/database3/m.012mmb/47-FaceId-0_align.webp,0.146313,0.0,0.1116893919038025
database3/database3/m.012mn4/43-FaceId-0_align.webp,0.005783,1.0,0.0801159569966091
database3/database3/m.012nry/108-FaceId-0_align.webp,0.006878,1.0,0.0512836364943458
database3/database3/m.012nry/28-FaceId-0_align.webp,0.006764,1.0,0.1086976162738181
database3/database3/m.012nry/3-FaceId-0_align.webp,0.008173,1.0,0.0771775203016568
database3/database3/m.012nry/57-FaceId-0_align.webp,0.00436,1.0,0.0838613829814467
database3/database3/m.012pjh/2-FaceId-0_align.webp,0.0,1.0,0.0784940188228001
database3/database3/m.012q4n/50-FaceId-0_align.webp,0.004622,1.0,0.1930321945595353
database3/database3/m.012qfw/20-FaceId-1_align.webp,0.162552,0.0,0.0604606143103589
database3/database3/m.012qfw/41-FaceId-0_align.webp,0.211858,0.0,0.0622047680050074
database3/database3/m.012qgc/82-FaceId-0_align.webp,0.002042,1.0,0.0842457328386721
database3/database3/m.012rng/35-FaceId-0_align.webp,0.036379,1.0,0.1186956059323421
database3/database3/m.012rng/47-FaceId-0_align.webp,0.022161,1.0,0.2948899318069249
database3/database3/m.012rng/48-FaceId-0_align.webp,0.01786,1.0,0.0742409212850669
database3/database3/m.012rth/93-FaceId-0_align.webp,0.046323,1.0,0.2409448959735326
database3/database3/m.012s1x/11-FaceId-0_align.webp,0.049377,1.0,0.0795163287592251
database3/database3/m.012s5j/122-FaceId-0_align.webp,0.205872,0.0,0.1066423352248584
database3/database3/m.012s9f/0-FaceId-0_align.webp,0.000412,1.0,0.0589000506982359
database3/database3/m.012st7/14-FaceId-0_align.webp,0.003821,1.0,0.1249375629536521
database3/database3/m.012t1d/17-FaceId-0_align.webp,0.167599,1.0,0.0703561852254606
database3/database3/m.012t1d/37-FaceId-0_align.webp,0.016467,1.0,0.0755946420282588
database3/database3/m.012t1d/80-FaceId-0_align.webp,0.014504,1.0,0.1085439067051678
database3/database3/m.012t3l/22-FaceId-0_align.webp,0.012766,1.0,0.0
database3/database3/m.012t7s/3-FaceId-0_align.webp,0.014581,1.0,0.0641326222867806
database3/database3/m.012tmz/123-FaceId-0_align.webp,0.001629,1.0,0.060628357665391
database3/database3/m.012v1t/29-FaceId-0_align.webp,0.118114,0.0,0.0742111159983345
database3/database3/m.012v1t/67-FaceId-0_align.webp,0.072956,0.0,0.0714296457142084
database3/database3/m.012v1t/93-FaceId-0_align.webp,0.033657,0.0,0.0753629313459957
database3/database3/m.012vby/3-FaceId-0_align.webp,0.002151,1.0,0.1083843050100966
database3/database3/m.012vby/36-FaceId-0_align.webp,0.0,1.0,0.1576171959627617
database3/database3/m.012vd6/49-FaceId-0_align.webp,0.124288,0.0,0.0947249675714175
database3/database3/m.012vd6/5-FaceId-0_align.webp,0.104381,0.0,0.0749598067610756
database3/database3/m.012vd6/75-FaceId-1_align.webp,0.054381,0.0,0.1047917899138507
database3/database3/m.012vf6/90-FaceId-0_align.webp,0.069167,0.0,0.091515503353399
database3/database3/m.012vhn/10-FaceId-0_align.webp,0.009813,1.0,0.0625134546746097
database3/database3/m.012vhn/4-FaceId-0_align.webp,0.005793,1.0,0.0333146355739992
database3/database3/m.012vq0/30-FaceId-0_align.webp,0.028246,1.0,0.0722702691362918
database3/database3/m.012vq0/67-FaceId-0_align.webp,0.017872,1.0,0.0807667428839481
database3/database3/m.012vqh/80-FaceId-0_align.webp,0.078239,0.0,0.1159404449403765
database3/database3/m.012w05/52-FaceId-0_align.webp,0.000408,1.0,0.0812835070127591
database3/database3/m.012w3k/19-FaceId-0_align.webp,0.109411,1.0,0.1172621121971024
database3/database3/m.012w3k/33-FaceId-0_align.webp,0.07009,1.0,0.0790409092656096
database3/database3/m.012w3k/4-FaceId-0_align.webp,0.071086,1.0,0.090122978326358
database3/database3/m.012wfh/73-FaceId-0_align.webp,0.055456,0.0,0.1423285539844389
database3/database3/m.012wfh/77-FaceId-0_align.webp,0.055,0.0,0.0777617660751933
database3/database3/m.012wgv/56-FaceId-0_align.webp,0.072911,1.0,0.0868190085234914
database3/database3/m.012x2b/18-FaceId-0_align.webp,0.0,1.0,0.0882422668224293
database3/database3/m.012x2b/46-FaceId-0_align.webp,0.039092,1.0,0.0804252449766745
database3/database3/m.012x2b/54-FaceId-0_align.webp,0.049838,1.0,0.0692410670670792
database3/database3/m.012x2b/72-FaceId-0_align.webp,0.008788,1.0,0.0680976197415961
database3/database3/m.012x5/81-FaceId-0_align.webp,0.058123,0.0,0.0875278092915231
database3/database3/m.012xdy/81-FaceId-0_align.webp,0.012382,1.0,0.0944081213809079
database3/database3/m.012xls/57-FaceId-0_align.webp,0.114584,1.0,0.3235810548797959
database3/database3/m.012xls/70-FaceId-0_align.webp,0.126797,1.0,0.056477656237902
database3/database3/m.012xls/74-FaceId-0_align.webp,0.018384,1.0,0.2416000514480137
database3/database3/m.012y1h/86-FaceId-0_align.webp,0.123838,1.0,0.1017160268257445
database3/database3/m.012ycy/16-FaceId-0_align.webp,0.002336,1.0,0.0944023197262274
database3/database3/m.012ycy/21-FaceId-0_align.webp,0.164069,1.0,0.0833619547745447
database3/database3/m.012ycy/73-FaceId-0_align.webp,0.017165,1.0,0.0889783035118562
database3/database3/m.012ycy/99-FaceId-0_align.webp,0.136797,1.0,0.035781537590259
database3/database3/m.012yg1/19-FaceId-0_align.webp,0.003406,1.0,0.1446256942881991
database3/database3/m.012yg1/21-FaceId-0_align.webp,0.007301,1.0,0.1021303749352755
database3/database3/m.012yg1/66-FaceId-0_align.webp,0.007466,1.0,0.1163222271652353
database3/database3/m.012yhd/22-FaceId-0_align.webp,0.043044,1.0,0.0933128214645027
database3/database3/m.012yhd/41-FaceId-0_align.webp,0.014599,1.0,0.0928692033270045
database3/database3/m.012yhd/87-FaceId-0_align.webp,0.016417,1.0,0.1002398704955399
database3/database3/m.012ysy/40-FaceId-0_align.webp,0.005784,1.0,0.0809202439702473
database3/database3/m.012yxk/51-FaceId-0_align.webp,0.111796,1.0,0.1094082837572935
database3/database3/m.012z8_/39-FaceId-0_align.webp,0.076699,1.0,0.060128845439985
database3/database3/m.012zrl/119-FaceId-0_align.webp,0.19435,0.0,0.0602019078163134
database3/database3/m.012zrl/22-FaceId-0_align.webp,0.184216,0.0,0.0849970709870543
database3/database3/m.012zrl/34-FaceId-0_align.webp,0.221002,0.0,0.1225405125217636
database3/database3/m.01300z/111-FaceId-0_align.webp,0.011168,1.0,0.0727106999956603
database3/database3/m.01300z/46-FaceId-0_align.webp,0.004916,1.0,0.0771430553944202
database3/database3/m.01306d/26-FaceId-0_align.webp,0.043181,1.0,0.096487393357538
database3/database3/m.0130py/108-FaceId-0_align.webp,0.041408,1.0,0.1438094444120004
database3/database3/m.0130py/9-FaceId-0_align.webp,0.045214,1.0,0.0658601405397709
database3/database3/m.0130sy/65-FaceId-0_align.webp,0.067207,1.0,0.0459628639752426
database3/database3/m.013107/34-FaceId-0_align.webp,0.131929,0.0,0.0808277805898835
database3/database3/m.0131kb/28-FaceId-0_align.webp,0.0,1.0,0.0391833938397614
database3/database3/m.0131kb/47-FaceId-0_align.webp,0.0,1.0,0.066895494736869
database3/database3/m.0131kb/76-FaceId-0_align.webp,0.081559,1.0,0.1510946712393573
database3/database3/m.013267/23-FaceId-0_align.webp,0.049038,1.0,0.0843483972481828
database3/database3/m.0132k4/103-FaceId-0_align.webp,0.076004,1.0,0.123435285555598
database3/database3/m.0132k4/97-FaceId-0_align.webp,0.101202,1.0,0.0961453313212823
database3/database3/m.0132kn/100-FaceId-0_align.webp,0.045478,1.0,0.0856235608113465
database3/database3/m.0132q1/29-FaceId-0_align.webp,0.017581,0.0,0.078784776381615
database3/database3/m.013339/106-FaceId-0_align.webp,0.058305,1.0,0.0702413650523128
database3/database3/m.013339/23-FaceId-0_align.webp,0.255508,1.0,0.0980519627106644
database3/database3/m.013339/80-FaceId-0_align.webp,0.066481,1.0,0.108794543955
database3/database3/m.01338h/81-FaceId-0_align.webp,0.088482,0.0,0.0644117193821269
database3/database3/m.0133c4/15-FaceId-0_align.webp,0.207364,1.0,0.0780210634692175
database3/database3/m.0133x7/100-FaceId-0_align.webp,0.144974,0.0,0.0802695373398818
database3/database3/m.0133yt/45-FaceId-0_align.webp,0.102482,1.0,0.1191488324920539
database3/database3/m.01341q/51-FaceId-0_align.webp,0.043853,1.0,0.15
database3/database3/m.013423/105-FaceId-0_align.webp,0.016474,0.0,0.1508004395276271
database3/database3/m.013423/43-FaceId-0_align.webp,0.10846,0.0,0.0759928466061384
database3/database3/m.0134cp/27-FaceId-0_align.webp,0.030912,1.0,0.0919449488849093
database3/database3/m.0134cp/34-FaceId-1_align.webp,0.031754,1.0,0.0911142991072509
database3/database3/m.0134cp/53-FaceId-0_align.webp,0.019724,1.0,0.0791866080650909
database3/database3/m.0134dc/38-FaceId-0_align.webp,0.000768,1.0,0.0886893988644522
database3/database3/m.0134dc/73-FaceId-0_align.webp,0.003398,1.0,0.1513170040387232
database3/database3/m.0134fr/66-FaceId-0_align.webp,0.01299,1.0,0.083905181744624
database3/database3/m.0134fr/82-FaceId-0_align.webp,0.004786,1.0,0.0981063895131467
database3/database3/m.0134wr/11-FaceId-2_align.webp,0.000566,1.0,0.0771504059580347
database3/database3/m.0134wr/30-FaceId-2_align.webp,0.080915,1.0,0.0764045802387978
database3/database3/m.0134wr/52-FaceId-2_align.webp,0.028557,1.0,0.0541566528293641
database3/database3/m.0134wr/65-FaceId-1_align.webp,0.001253,1.0,0.068134261850499
database3/database3/m.0134wr/69-FaceId-2_align.webp,0.064238,1.0,0.0780132206682185
database3/database3/m.0134wr/89-FaceId-1_align.webp,0.188914,1.0,0.0642926037027647
database3/database3/m.0135nb/89-FaceId-0_align.webp,0.051256,1.0,0.081711469057824
database3/database3/m.01368v/100-FaceId-0_align.webp,0.078994,0.0,0.0703875320294702
database3/database3/m.01368v/58-FaceId-0_align.webp,0.186435,0.0,0.0717309625013577
database3/database3/m.01368v/59-FaceId-1_align.webp,0.101878,0.0,0.0632837425255299
database3/database3/m.0136ms/38-FaceId-0_align.webp,0.015722,1.0,0.0648154794323189
database3/database3/m.0136p1/103-FaceId-0_align.webp,0.341015,0.0,0.1155592235410014
database3/database3/m.0136p1/13-FaceId-0_align.webp,0.259257,0.0,0.0939776484289958
database3/database3/m.0136p1/66-FaceId-0_align.webp,0.075301,0.0,0.0791090809660972
database3/database3/m.0136pk/68-FaceId-0_align.webp,0.195786,1.0,0.108873562170966
database3/database3/m.0136pk/87-FaceId-0_align.webp,0.172482,1.0,0.0951431949857465
database3/database3/m.0136tm/24-FaceId-0_align.webp,0.011359,1.0,0.0785340043659301
database3/database3/m.0137s4/92-FaceId-0_align.webp,0.014219,1.0,0.274783457369493
database3/database3/m.01380_/30-FaceId-0_align.webp,0.062935,1.0,0.1397281418044214
database3/database3/m.01380_/84-FaceId-0_align.webp,0.019541,1.0,0.0858418749309062
database3/database3/m.013823/15-FaceId-0_align.webp,0.004502,1.0,0.0533692725378862
database3/database3/m.013823/5-FaceId-0_align.webp,0.029677,1.0,0.0561783744671049
database3/database3/m.013846/35-FaceId-0_align.webp,0.005272,1.0,0.0835800284400431
database3/database3/m.013846/71-FaceId-0_align.webp,0.036782,1.0,0.0772138459422346
database3/database3/m.01386_/97-FaceId-0_align.webp,0.01382,1.0,0.0629257937880447
database3/database3/m.01386m/93-FaceId-0_align.webp,0.049853,1.0,0.0817807990526529
database3/database3/m.01387g/36-FaceId-0_align.webp,0.020561,1.0,0.0648885420135661
database3/database3/m.01387g/90-FaceId-0_align.webp,0.00159,1.0,0.0531159489247107
database3/database3/m.01387y/2-FaceId-0_align.webp,0.062856,1.0,0.0914504770133151
database3/database3/m.01387y/32-FaceId-0_align.webp,0.048091,1.0,0.0923407738950498
database3/database3/m.01387y/46-FaceId-0_align.webp,0.0006,1.0,0.0629754852540246
database3/database3/m.01388c/29-FaceId-0_align.webp,0.136546,1.0,0.0854060075992653
database3/database3/m.01388c/82-FaceId-0_align.webp,0.007483,1.0,0.0885557453857875
database3/database3/m.01388c/92-FaceId-0_align.webp,0.007604,1.0,0.0747922717128062
database3/database3/m.01389w/75-FaceId-1_align.webp,0.011085,1.0,0.0589811989926078
database3/database3/m.01389w/76-FaceId-0_align.webp,0.018887,1.0,0.0728646723687946
database3/database3/m.0138b7/49-FaceId-0_align.webp,0.173256,1.0,0.0648554100813805
database3/database3/m.0138b7/63-FaceId-0_align.webp,0.091583,1.0,0.1281411125008713
database3/database3/m.0138m1/11-FaceId-0_align.webp,0.033355,1.0,0.0947309063999582
database3/database3/m.0138m1/60-FaceId-0_align.webp,0.027664,1.0,0.0652675374972536
database3/database3/m.0139rh/103-FaceId-0_align.webp,0.008771,1.0,0.0664539484298778
database3/database3/m.0139rh/5-FaceId-0_align.webp,0.009412,1.0,0.0568416972533958
database3/database3/m.013_4m/89-FaceId-0_align.webp,0.106225,1.0,0.060926612870397
database3/database3/m.013_gz/96-FaceId-0_align.webp,0.14677,0.0,0.0846592603238274
database3/database3/m.013_tp/47-FaceId-0_align.webp,0.000171,1.0,0.0958468937075234
database3/database3/m.013b7z/45-FaceId-0_align.webp,0.025843,1.0,0.0830373599948121
database3/database3/m.013bym/61-FaceId-0_align.webp,0.110889,0.0,0.0808054668353773
database3/database3/m.013bym/65-FaceId-0_align.webp,0.249006,0.0,0.064786572244054
database3/database3/m.013bym/66-FaceId-0_align.webp,0.288548,0.0,0.0935277074943584
database3/database3/m.013bym/71-FaceId-0_align.webp,0.115164,0.0,0.0781161702288453
database3/database3/m.013m5y/73-FaceId-0_align.webp,0.0,1.0,0.110488044745676
database3/database3/m.013p_0/60-FaceId-0_align.webp,0.015459,1.0,0.1964870497171777
database3/database3/m.013p_j/3-FaceId-0_align.webp,0.046784,1.0,0.0774351567240758
database3/database3/m.013p_j/43-FaceId-0_align.webp,0.026287,1.0,0.0752626996869489
database3/database3/m.013p_w/1-FaceId-0_align.webp,0.045903,0.0,0.0807270734043081
database3/database3/m.013p_w/90-FaceId-1_align.webp,0.028906,0.0,0.0729140314678694
database3/database3/m.013pp3/83-FaceId-0_align.webp,0.052247,1.0,0.1093893262672227
database3/database3/m.013ppl/76-FaceId-0_align.webp,0.018885,1.0,0.0629933221737699
database3/database3/m.013q78/86-FaceId-0_align.webp,0.03,1.0,0.0803172560512257
database3/database3/m.013q8x/26-FaceId-0_align.webp,0.110943,1.0,0.1256391205002222
database3/database3/m.013q8x/42-FaceId-0_align.webp,0.056383,1.0,0.0741633999055523
database3/database3/m.013q8x/99-FaceId-0_align.webp,0.005069,1.0,0.0774069163679241
database3/database3/m.013qb0/82-FaceId-0_align.webp,0.080376,1.0,0.0839326056181065
database3/database3/m.013qb0/94-FaceId-0_align.webp,0.14541,1.0,0.0782575071081625
database3/database3/m.013qjp/42-FaceId-0_align.webp,0.027503,1.0,0.0759550284962784
database3/database3/m.013qjp/83-FaceId-0_align.webp,0.014,1.0,0.0798633530680232
database3/database3/m.013qpt/31-FaceId-0_align.webp,0.020067,1.0,0.0723674975523552
database3/database3/m.013qq4/70-FaceId-0_align.webp,0.020855,1.0,0.0683200179867549
database3/database3/m.013qwl/61-FaceId-0_align.webp,0.006336,1.0,0.0716536274260932
database3/database3/m.013qwy/18-FaceId-0_align.webp,0.050242,1.0,0.0783873035346582
database3/database3/m.013qy3/30-FaceId-0_align.webp,0.004735,1.0,0.1315235755978764
database3/database3/m.013qy3/92-FaceId-0_align.webp,0.026678,1.0,0.0680373914471112
database3/database3/m.013qyh/56-FaceId-1_align.webp,0.057576,1.0,0.2269830414109515
database3/database3/m.013r6h/27-FaceId-0_align.webp,0.054123,1.0,0.0520354230067536
database3/database3/m.013r6h/46-FaceId-0_align.webp,0.123792,1.0,0.2301916285206239
database3/database3/m.013s1b/47-FaceId-0_align.webp,0.148289,1.0,0.1244223593292804
database3/database3/m.013s1t/21-FaceId-0_align.webp,0.005317,1.0,0.075942549402841
database3/database3/m.013s3/75-FaceId-0_align.webp,0.061568,1.0,0.1209177509583479
database3/database3/m.013s6x/6-FaceId-0_align.webp,0.031839,1.0,0.0769289502344253
database3/database3/m.013s8s/33-FaceId-0_align.webp,0.074629,0.0,0.0717539976263625
database3/database3/m.013sjh/7-FaceId-0_align.webp,0.189385,1.0,0.1129712699330289
database3/database3/m.013t9y/12-FaceId-0_align.webp,0.013435,1.0,0.1212856727995662
database3/database3/m.013tjc/54-FaceId-0_align.webp,0.0,1.0,0.1068152760944984
database3/database3/m.013tjc/56-FaceId-0_align.webp,0.015964,1.0,0.0750513214494498
database3/database3/m.013v12/3-FaceId-0_align.webp,0.018587,1.0,0.0731810794376488
database3/database3/m.013v12/7-FaceId-0_align.webp,0.019979,1.0,0.0724054380097189
database3/database3/m.013v5j/57-FaceId-0_align.webp,0.119854,0.0,0.0712739729274812
database3/database3/m.013vdl/109-FaceId-0_align.webp,0.167747,0.0,0.0578160340391877
database3/database3/m.013vdl/32-FaceId-0_align.webp,0.021263,0.0,0.0693698713545153
database3/database3/m.013vtr/20-FaceId-0_align.webp,0.015954,1.0,0.079762423053714
database3/database3/m.013w7j/20-FaceId-0_align.webp,0.009375,1.0,0.1287998748599703
database3/database3/m.013w7j/32-FaceId-0_align.webp,0.001151,1.0,0.0861101445312372
database3/database3/m.013w7j/64-FaceId-0_align.webp,0.008592,1.0,0.1511405148245688
database3/database3/m.013w8h/4-FaceId-0_align.webp,0.094597,1.0,0.0705718632090655
database3/database3/m.013wt0/40-FaceId-1_align.webp,0.123008,0.0,0.0840588074846475
database3/database3/m.013wz9/26-FaceId-0_align.webp,0.18678,0.0,0.0842550093375041
database3/database3/m.013wz9/73-FaceId-0_align.webp,0.219059,0.0,0.0883443064905964
database3/database3/m.013xhr/100-FaceId-0_align.webp,0.00219,1.0,0.0846777778339287
database3/database3/m.013xhr/23-FaceId-0_align.webp,0.015916,1.0,0.0833454276488478
database3/database3/m.013xhr/24-FaceId-0_align.webp,0.064866,1.0,0.0761482203437144
database3/database3/m.013xhr/33-FaceId-0_align.webp,0.013765,1.0,0.1549393193798361
database3/database3/m.013xhr/42-FaceId-0_align.webp,0.02596,1.0,0.1125553372454021
database3/database3/m.013xs1/10-FaceId-0_align.webp,0.059547,1.0,0.0554055995938249
database3/database3/m.013y2b/23-FaceId-0_align.webp,0.154363,0.0,0.0764707325053892
database3/database3/m.013y2b/32-FaceId-0_align.webp,0.092369,0.0,0.0714175606042425
database3/database3/m.013y2b/66-FaceId-0_align.webp,0.108782,0.0,0.0750926388063892
database3/database3/m.013y2s/40-FaceId-0_align.webp,0.026989,0.0,0.069446481015933
database3/database3/m.013y2s/73-FaceId-0_align.webp,0.075667,0.0,0.0644155776739064
database3/database3/m.013yd0/51-FaceId-0_align.webp,0.167678,0.0,0.0795055230766164
database3/database3/m.013yd0/92-FaceId-0_align.webp,0.096098,0.0,0.0677861293910857
database3/database3/m.013ykk/37-FaceId-0_align.webp,0.042458,0.0,0.0868030615388626
database3/database3/m.013ykx/9-FaceId-0_align.webp,0.117351,0.0,0.0772652865287286
database3/database3/m.013ylm/42-FaceId-0_align.webp,0.120671,0.0,0.0853986898495163
database3/database3/m.013ylm/97-FaceId-0_align.webp,0.133134,0.0,0.0896794931658372
database3/database3/m.013yvd/37-FaceId-0_align.webp,0.027946,1.0,0.0634013561938242
database3/database3/m.013yvd/75-FaceId-0_align.webp,0.027604,1.0,0.0688452712431645
database3/database3/m.013yyq/27-FaceId-0_align.webp,0.014857,1.0,0.0917432372611654
database3/database3/m.013yyq/44-FaceId-0_align.webp,0.06122,1.0,0.5357060717571297
database3/database3/m.013yyq/48-FaceId-0_align.webp,0.11735,1.0,0.1012134054137168
database3/database3/m.013zjz/16-FaceId-0_align.webp,0.071353,1.0,0.0982587933657387
database3/database3/m.013zm7/89-FaceId-0_align.webp,0.144683,1.0,0.0802874717252697
database3/database3/m.013zpf/72-FaceId-0_align.webp,0.0,0.0,0.1500918190061604
database3/database3/m.013zpf/88-FaceId-0_align.webp,0.169008,0.0,0.0798724686125356
database3/database3/m.013zr7/15-FaceId-0_align.webp,0.062795,1.0,0.0665066160487045
database3/database3/m.013zs9/83-FaceId-0_align.webp,0.33489,0.0,0.10499007724532
database3/database3/m.013zyw/16-FaceId-0_align.webp,0.043076,1.0,0.0619640731550543
database3/database3/m.013zyw/19-FaceId-0_align.webp,0.020445,1.0,0.0551080605796815
database3/database3/m.013zyw/21-FaceId-0_align.webp,0.01715,1.0,0.0582726619398444
database3/database3/m.01400g/101-FaceId-0_align.webp,0.057026,0.0,0.1092112758490506
database3/database3/m.01400g/117-FaceId-0_align.webp,0.219786,0.0,0.1174237017811194
database3/database3/m.01400g/31-FaceId-0_align.webp,0.04717,0.0,0.0779918746208935
database3/database3/m.01400g/47-FaceId-0_align.webp,0.103943,0.0,0.0789986952778756
database3/database3/m.014029/72-FaceId-0_align.webp,0.164078,0.0,0.0651988301783774
database3/database3/m.0140ly/8-FaceId-0_align.webp,0.018837,1.0,0.0651696790237274
database3/database3/m.0140v2/84-FaceId-0_align.webp,0.185102,1.0,0.1719650198467826
database3/database3/m.0141qv/12-FaceId-0_align.webp,0.026897,1.0,0.0749655355490841
database3/database3/m.0142n8/3-FaceId-0_align.webp,0.193323,1.0,0.0516998291468785
database3/database3/m.0142n8/5-FaceId-0_align.webp,0.020679,1.0,0.082210812699868
database3/database3/m.0142sv/3-FaceId-0_align.webp,0.0,1.0,0.0442228398775481
database3/database3/m.0142sv/32-FaceId-0_align.webp,0.0,1.0,0.047290808886015
database3/database3/m.01433m/64-FaceId-0_align.webp,0.03742,0.0,0.1206025747484523
database3/database3/m.0143sn/66-FaceId-0_align.webp,0.02374,1.0,0.080412298983909
database3/database3/m.0143wl/30-FaceId-0_align.webp,0.034923,1.0,0.0867116627749063
database3/database3/m.0143wl/81-FaceId-0_align.webp,0.051966,1.0,0.0934420233843128
database3/database3/m.014488/3-FaceId-0_align.webp,0.020128,1.0,0.0650230291276934
database3/database3/m.01449w/57-FaceId-0_align.webp,0.017199,1.0,0.1446910858676009
database3/database3/m.01449w/80-FaceId-0_align.webp,0.016942,1.0,0.1041328616589901
database3/database3/m.01449w/99-FaceId-0_align.webp,0.011762,1.0,0.116670956082714
database3/database3/m.0144_b/77-FaceId-0_align.webp,0.037923,1.0,0.0574083559923006
database3/database3/m.0144_b/99-FaceId-0_align.webp,0.002226,1.0,0.060151131205725
database3/database3/m.0144k5/45-FaceId-0_align.webp,0.060457,0.0,0.0757245937038534
database3/database3/m.0144k5/53-FaceId-0_align.webp,0.099321,0.0,0.0901676490363756
database3/database3/m.0144k5/58-FaceId-0_align.webp,0.088277,0.0,0.075747847335018
database3/database3/m.0144k5/85-FaceId-0_align.webp,0.078258,0.0,0.0857948827090508
database3/database3/m.014508/74-FaceId-0_align.webp,0.033711,1.0,0.0787958597456098
database3/database3/m.0146fs/16-FaceId-0_align.webp,0.00871,1.0,0.0696788564926438
database3/database3/m.0147cn/44-FaceId-0_align.webp,0.171045,1.0,0.0830933679563369
database3/database3/m.0147cn/79-FaceId-0_align.webp,0.059428,1.0,0.0942613090151676
database3/database3/m.0147jt/99-FaceId-0_align.webp,0.019999,1.0,0.0832648993703036
database3/database3/m.0147qz/78-FaceId-0_align.webp,0.010623,1.0,0.0809218244667994
database3/database3/m.01480y/76-FaceId-0_align.webp,0.0,1.0,0.0495945888758213
database3/database3/m.0148_m/52-FaceId-0_align.webp,0.01178,1.0,0.0966273256032542
database3/database3/m.0148m9/58-FaceId-0_align.webp,0.040365,1.0,0.0622560111612246
database3/database3/m.0148qq/63-FaceId-1_align.webp,0.082134,1.0,0.1257502601996437
database3/database3/m.0148x0/17-FaceId-0_align.webp,0.195787,0.0,0.092026290516592
database3/database3/m.014902/18-FaceId-0_align.webp,0.02167,1.0,0.086051014910214
database3/database3/m.01491d/96-FaceId-0_align.webp,0.018562,1.0,0.0622779220992799
database3/database3/m.014936/66-FaceId-0_align.webp,0.009581,0.0,0.0828383490750624
database3/database3/m.0149k5/29-FaceId-0_align.webp,0.022158,1.0,0.0772345658501793
database3/database3/m.0149k5/81-FaceId-0_align.webp,0.042078,1.0,0.1251278696511692
database3/database3/m.0149vp/23-FaceId-0_align.webp,0.153482,1.0,0.0199121900826446
database3/database3/m.0149vp/3-FaceId-0_align.webp,0.055794,1.0,0.0754590738824128
database3/database3/m.0149vp/63-FaceId-0_align.webp,0.126629,1.0,0.0883605098908155
database3/database3/m.0149wl/102-FaceId-0_align.webp,0.022928,1.0,0.1105672696222191
database3/database3/m.0149wl/45-FaceId-0_align.webp,0.024169,1.0,0.1311816865223269
database3/database3/m.0149xx/94-FaceId-0_align.webp,0.042337,1.0,0.1023438588594733
database3/database3/m.014_1g/72-FaceId-0_align.webp,0.019311,0.0,0.0811700359124804
database3/database3/m.014_1g/8-FaceId-0_align.webp,0.209769,0.0,0.0970854434439303
database3/database3/m.014_4y/6-FaceId-0_align.webp,0.048047,1.0,0.0782457296295843
database3/database3/m.014_sl/106-FaceId-0_align.webp,0.23715,0.0,0.0993459539257318
database3/database3/m.014_sl/74-FaceId-0_align.webp,0.390836,0.0,0.0770023021114241
database3/database3/m.014bn_/16-FaceId-0_align.webp,0.037637,1.0,0.0683487277079316
database3/database3/m.014bn_/85-FaceId-1_align.webp,0.012813,1.0,0.071300919141047
database3/database3/m.014bps/75-FaceId-0_align.webp,0.000105,1.0,0.0870869482934438
database3/database3/m.014byr/85-FaceId-0_align.webp,0.140079,1.0,0.1005758752505756
database3/database3/m.014bz_/33-FaceId-0_align.webp,0.044503,1.0,0.0842801961224136
database3/database3/m.014c0y/76-FaceId-0_align.webp,0.175143,1.0,0.0829394790223095
database3/database3/m.014c40/62-FaceId-0_align.webp,0.041412,1.0,0.118765515712046
database3/database3/m.014c40/70-FaceId-0_align.webp,0.059838,1.0,0.0748522310331899
database3/database3/m.014cq/6-FaceId-0_align.webp,0.092137,1.0,0.0711283079552752
database3/database3/m.014cq/86-FaceId-0_align.webp,0.009035,1.0,0.0856960811671071
database3/database3/m.014cw2/26-FaceId-0_align.webp,0.010138,1.0,0.0688241392896156
database3/database3/m.014cw2/50-FaceId-0_align.webp,0.006571,1.0,0.0699028701173053
database3/database3/m.014d0v/117-FaceId-0_align.webp,0.00171,1.0,0.0665031248695199
database3/database3/m.014d0v/5-FaceId-0_align.webp,0.0,1.0,0.04456115047376
database3/database3/m.014d0v/76-FaceId-0_align.webp,0.001899,1.0,0.0657094652498804
database3/database3/m.014d15/7-FaceId-0_align.webp,0.067756,1.0,0.087912121364273
database3/database3/m.014d3/12-FaceId-0_align.webp,0.002261,1.0,0.071411585019426
database3/database3/m.014d3/72-FaceId-0_align.webp,0.018566,1.0,0.0676400749898554
database3/database3/m.014d3y/82-FaceId-0_align.webp,0.033512,0.0,0.4795078564275625
database3/database3/m.014dg1/103-FaceId-0_align.webp,0.026524,1.0,0.0718957852023008
database3/database3/m.014dg1/51-FaceId-0_align.webp,0.001679,1.0,0.0862744965643548
database3/database3/m.014dg1/65-FaceId-0_align.webp,0.0,1.0,0.0464563158931032
database3/database3/m.014dg1/7-FaceId-0_align.webp,0.01106,1.0,0.0880987775737969
database3/database3/m.014dg1/86-FaceId-0_align.webp,0.019596,1.0,0.0797949499129107
database3/database3/m.014dm6/105-FaceId-0_align.webp,0.23153,1.0,0.0849379372195143
database3/database3/m.014dy_/50-FaceId-0_align.webp,0.069776,1.0,0.0465269684449849
database3/database3/m.014dy_/73-FaceId-0_align.webp,0.01239,1.0,0.0681966285744011
database3/database3/m.014f8k/25-FaceId-0_align.webp,0.24634,0.0,0.0764782798728737
database3/database3/m.014f8k/9-FaceId-0_align.webp,0.182534,0.0,0.0770412592937592
database3/database3/m.014fcb/0-FaceId-0_align.webp,0.028343,1.0,0.0783857795264823
database3/database3/m.014fd7/98-FaceId-0_align.webp,0.096652,1.0,0.0834264146157613
database3/database3/m.014g17/1-FaceId-0_align.webp,0.005705,1.0,0.0824149894544604
database3/database3/m.014g17/9-FaceId-0_align.webp,0.079641,1.0,0.1230197063369396
database3/database3/m.014g22/90-FaceId-0_align.webp,0.35161,0.0,0.1070699277783573
database3/database3/m.014g6c/86-FaceId-0_align.webp,0.02888,1.0,0.0825196276348469
database3/database3/m.014g6v/43-FaceId-0_align.webp,0.001902,1.0,0.0674684336856834
database3/database3/m.014g79/86-FaceId-0_align.webp,0.049609,1.0,0.0821753030757204
database3/database3/m.014g8p/48-FaceId-0_align.webp,0.000256,1.0,0.1047093982927031
database3/database3/m.014g9y/12-FaceId-0_align.webp,0.038159,0.0,0.0845797186074963
database3/database3/m.014g_f/26-FaceId-0_align.webp,0.000817,1.0,0.0356965575097797
database3/database3/m.014g_f/35-FaceId-0_align.webp,0.001771,1.0,0.072130848640387
database3/database3/m.014gf8/102-FaceId-0_align.webp,0.00204,1.0,0.2697156994260645
database3/database3/m.014gf8/28-FaceId-0_align.webp,0.018311,1.0,0.0595937854332943
database3/database3/m.014gf8/69-FaceId-0_align.webp,0.050273,1.0,0.0745483202423275
database3/database3/m.014gf8/9-FaceId-0_align.webp,0.034223,1.0,0.0722903654419328
database3/database3/m.014gsd/79-FaceId-0_align.webp,0.118598,1.0,0.0930919066154976
database3/database3/m.014h_s/80-FaceId-0_align.webp,0.173494,0.0,0.0879362759088859
database3/database3/m.014hlm/54-FaceId-0_align.webp,0.078394,0.0,0.0759904942443696
database3/database3/m.014hmv/53-FaceId-1_align.webp,0.0,1.0,0.0740205806100565
database3/database3/m.014j8m/72-FaceId-0_align.webp,0.0057,1.0,0.0843886805897512
database3/database3/m.014jb8/10-FaceId-0_align.webp,0.009911,1.0,0.1485349098046545
database3/database3/m.014jk0/16-FaceId-0_align.webp,0.026202,1.0,0.130119131165054
database3/database3/m.014jk0/61-FaceId-0_align.webp,0.011335,1.0,0.3594249201277955
database3/database3/m.014jk0/74-FaceId-0_align.webp,0.003357,1.0,0.18239447006518
database3/database3/m.014jxq/20-FaceId-0_align.webp,0.165895,0.0,0.0901727749429353
database3/database3/m.014jxq/43-FaceId-0_align.webp,0.136492,0.0,0.0601656056814392
database3/database3/m.014jy6/23-FaceId-0_align.webp,0.150311,1.0,0.1553237835089013
database3/database3/m.014jy6/50-FaceId-0_align.webp,0.042148,1.0,0.0745688594067251
database3/database3/m.014jy6/97-FaceId-0_align.webp,0.061362,1.0,0.1260730488144582
database3/database3/m.014k1v/95-FaceId-3_align.webp,0.133686,1.0,0.1108073641920479
database3/database3/m.014k2p/25-FaceId-0_align.webp,0.315824,1.0,0.096710962263454
database3/database3/m.014kbz/16-FaceId-0_align.webp,0.028027,1.0,0.0765732132586266
database3/database3/m.014kbz/22-FaceId-0_align.webp,0.028933,1.0,0.0807745493043014
database3/database3/m.014kbz/81-FaceId-0_align.webp,0.006506,1.0,0.0824090896526193
database3/database3/m.014kxv/1-FaceId-0_align.webp,0.013313,1.0,0.0677189902703589
database3/database3/m.014kxv/11-FaceId-0_align.webp,0.053384,1.0,0.0554210296557505
database3/database3/m.014lb1/14-FaceId-2_align.webp,0.000111,0.0,0.057497001570755
database3/database3/m.014lb1/47-FaceId-0_align.webp,0.167631,0.0,0.076761802074677
database3/database3/m.014lb1/62-FaceId-1_align.webp,0.053145,0.0,0.0705399048831669
database3/database3/m.014lyb/65-FaceId-0_align.webp,0.056831,1.0,0.0731050105991442
database3/database3/m.014m_1/70-FaceId-0_align.webp,0.018552,1.0,0.0726432084107157
database3/database3/m.014mvy/17-FaceId-0_align.webp,0.196734,1.0,0.1232057905582037
database3/database3/m.014mvy/58-FaceId-0_align.webp,0.218895,1.0,0.1304758125710884
database3/database3/m.014n_k/48-FaceId-0_align.webp,0.006557,1.0,0.0787244165169891
database3/database3/m.014n_k/70-FaceId-0_align.webp,0.029858,1.0,0.0703939962801507
database3/database3/m.014nfw/87-FaceId-0_align.webp,0.123499,0.0,0.0769374251702283
database3/database3/m.014p33/83-FaceId-2_align.webp,0.084076,0.0,0.0674613234495996
database3/database3/m.014p33/87-FaceId-0_align.webp,0.07546,0.0,0.0752153316990381
database3/database3/m.014ptb/14-FaceId-1_align.webp,0.016295,1.0,0.103609335600774
database3/database3/m.014ptb/5-FaceId-0_align.webp,0.001038,1.0,0.15
database3/database3/m.014ptb/50-FaceId-0_align.webp,0.185526,1.0,0.0687145345136497
database3/database3/m.014pxk/118-FaceId-0_align.webp,0.227914,1.0,0.1151904418615676
database3/database3/m.014pys/19-FaceId-0_align.webp,0.047245,1.0,0.1313304555214034
database3/database3/m.014pzz/110-FaceId-0_align.webp,0.13041,0.0,0.0733899794157052
database3/database3/m.014qjt/47-FaceId-0_align.webp,0.002851,1.0,0.0814377499472421
database3/database3/m.014r6r/81-FaceId-0_align.webp,0.091441,0.0,0.0664505529048129
database3/database3/m.014s81/3-FaceId-0_align.webp,0.077926,1.0,0.0808758522903386
database3/database3/m.014sj7/7-FaceId-0_align.webp,0.074577,1.0,0.0976079268681762
database3/database3/m.014skb/4-FaceId-0_align.webp,0.096076,0.0,0.0779511480344709
database3/database3/m.014skb/53-FaceId-0_align.webp,0.075066,0.0,0.0729636317465267
database3/database3/m.014skb/55-FaceId-0_align.webp,0.080414,0.0,0.0799347878281906
database3/database3/m.014v1q/8-FaceId-1_align.webp,0.038359,1.0,0.0946390273157427
database3/database3/m.014v6x/16-FaceId-0_align.webp,0.159906,0.0,0.0743183907492888
database3/database3/m.014v6x/20-FaceId-0_align.webp,0.306955,0.0,0.0883381662304168
database3/database3/m.014v6x/88-FaceId-0_align.webp,0.075191,0.0,0.0641028053918946
database3/database3/m.014vbq/60-FaceId-0_align.webp,0.005701,1.0,0.1669105484158289
database3/database3/m.014vnb/46-FaceId-0_align.webp,0.027126,1.0,0.0709851522057682
database3/database3/m.014vnb/51-FaceId-0_align.webp,0.043084,1.0,0.0668417267342568
database3/database3/m.014vtj/100-FaceId-0_align.webp,0.000679,1.0,0.0761306001668914
database3/database3/m.014wsb/38-FaceId-0_align.webp,0.106862,1.0,0.0764257060646287
database3/database3/m.014x0w/28-FaceId-0_align.webp,0.353028,0.0,0.2076768721347024
database3/database3/m.014x0w/74-FaceId-0_align.webp,0.177523,0.0,0.0801618329493127
database3/database3/m.014x0w/96-FaceId-0_align.webp,0.217684,0.0,0.090426656727672
database3/database3/m.014xn7/100-FaceId-0_align.webp,0.007084,1.0,0.0543984695734422
database3/database3/m.014xn7/42-FaceId-0_align.webp,0.003105,1.0,0.0622693600386997
database3/database3/m.014xr2/5-FaceId-0_align.webp,0.387134,0.0,0.1361242397443265
database3/database3/m.014xr2/87-FaceId-0_align.webp,0.341771,0.0,0.1068976883901342
database3/database3/m.014xzx/93-FaceId-0_align.webp,0.351892,1.0,0.1086947088644233
database3/database3/m.014y6/74-FaceId-0_align.webp,0.012495,1.0,0.075666252995108
database3/database3/m.014y6/95-FaceId-0_align.webp,0.006882,1.0,0.0858930797039883
database3/database3/m.014y7g/1-FaceId-0_align.webp,0.005692,1.0,0.0670711470536522
database3/database3/m.014z8v/77-FaceId-0_align.webp,0.004141,1.0,0.0702567644575236
database3/database3/m.014zfs/76-FaceId-0_align.webp,0.024924,1.0,0.0681348531651981
database3/database3/m.014zxh/99-FaceId-0_align.webp,0.008633,1.0,0.1651566423808625
database3/database3/m.014zy/105-FaceId-0_align.webp,0.175949,1.0,0.11252752334883
database3/database3/m.014zy/22-FaceId-0_align.webp,0.048224,1.0,0.0966619620887025
database3/database3/m.014zy/56-FaceId-0_align.webp,0.135716,1.0,0.1670882769172006
database3/database3/m.015076/99-FaceId-0_align.webp,0.0064,1.0,0.1257006736036314
database3/database3/m.01507p/0-FaceId-0_align.webp,0.067522,1.0,0.0860541981591581
database3/database3/m.01509x/60-FaceId-0_align.webp,0.015557,1.0,0.0812115858135736
database3/database3/m.0150bp/103-FaceId-0_align.webp,0.041675,0.0,0.0647445525625105
database3/database3/m.0150j5/31-FaceId-0_align.webp,0.003889,1.0,0.0542662380510312
database3/database3/m.0150j5/4-FaceId-0_align.webp,0.006229,1.0,0.06500600969761
database3/database3/m.0150j5/71-FaceId-0_align.webp,0.062123,1.0,0.0697797404067312
database3/database3/m.0150j5/81-FaceId-0_align.webp,0.001136,1.0,0.041367739097123
database3/database3/m.0150j5/86-FaceId-0_align.webp,0.002669,1.0,0.0608275340334645
database3/database3/m.0150m1/111-FaceId-0_align.webp,0.023781,1.0,0.0970848329010337
database3/database3/m.0150m1/13-FaceId-0_align.webp,0.071346,1.0,0.0816619141027924
database3/database3/m.0150mg/0-FaceId-0_align.webp,0.057671,1.0,0.1674305731353722
database3/database3/m.0150mg/69-FaceId-0_align.webp,0.220147,1.0,0.0952345306834883
database3/database3/m.0150mg/88-FaceId-0_align.webp,0.14546,1.0,0.0885098627624712
database3/database3/m.0150mg/97-FaceId-0_align.webp,0.078806,1.0,0.0877541979579526
database3/database3/m.0150rl/42-FaceId-0_align.webp,0.016396,0.0,0.0621017758672307
database3/database3/m.0150t6/36-FaceId-0_align.webp,0.017669,1.0,0.0670344386667669
database3/database3/m.0150t6/41-FaceId-0_align.webp,0.022058,1.0,0.0611252096034223
database3/database3/m.0150t6/63-FaceId-0_align.webp,0.015119,1.0,0.0769606355731483
database3/database3/m.01519n/21-FaceId-0_align.webp,0.389316,0.0,0.130908045638651
database3/database3/m.01519n/69-FaceId-0_align.webp,0.017235,0.0,0.0860331195870349
database3/database3/m.0151fv/54-FaceId-0_align.webp,0.017876,0.0,0.0632157773874016
database3/database3/m.0151fv/90-FaceId-0_align.webp,0.296844,0.0,0.0949332839107583
database3/database3/m.0151fv/94-FaceId-0_align.webp,0.121468,0.0,0.118828527741745
database3/database3/m.0151n1/16-FaceId-0_align.webp,0.044648,1.0,0.0803747100775905
database3/database3/m.0151n1/26-FaceId-0_align.webp,0.101903,1.0,0.0922368782020863
database3/database3/m.0151n1/29-FaceId-0_align.webp,0.049938,1.0,0.1019488349515539
database3/database3/m.0151n1/36-FaceId-0_align.webp,0.038201,1.0,0.090768187551662
database3/database3/m.0151n1/53-FaceId-0_align.webp,0.021607,1.0,0.1056696125668806
database3/database3/m.0151p8/29-FaceId-0_align.webp,0.003452,1.0,0.0539368055492211
database3/database3/m.0151xv/30-FaceId-0_align.webp,0.007121,1.0,0.0797467349898475
database3/database3/m.0151xv/44-FaceId-0_align.webp,0.021629,1.0,0.0799963866472718
database3/database3/m.0151xv/88-FaceId-0_align.webp,0.006779,1.0,0.0895318086890866
database3/database3/m.0151zx/92-FaceId-0_align.webp,0.043036,1.0,0.1067444079949759
database3/database3/m.0152cw/42-FaceId-0_align.webp,0.083199,0.0,0.0753127762642827
database3/database3/m.0152xn/72-FaceId-0_align.webp,0.043462,1.0,0.0964946216397163
database3/database3/m.015302/4-FaceId-0_align.webp,0.000416,1.0,0.0565862872559838
database3/database3/m.0153dp/1-FaceId-0_align.webp,0.039324,1.0,0.0815228285816007
database3/database3/m.0153dp/88-FaceId-0_align.webp,0.057869,1.0,0.0637720608183392
database3/database3/m.0153vt/1-FaceId-0_align.webp,0.335303,1.0,0.082413344612179
database3/database3/m.0153vt/81-FaceId-0_align.webp,0.087285,1.0,0.0938938085291899
database3/database3/m.0153y1/16-FaceId-0_align.webp,0.166114,0.0,0.0828857794671263
database3/database3/m.01541z/117-FaceId-0_align.webp,0.111734,0.0,0.0747709243541265
database3/database3/m.01547g/3-FaceId-0_align.webp,0.153164,0.0,0.0804076972560904
database3/database3/m.01547g/73-FaceId-0_align.webp,0.246081,0.0,0.0787034475864451
database3/database3/m.0154d7/52-FaceId-0_align.webp,0.115018,1.0,0.0924098056901014
database3/database3/m.0154ff/10-FaceId-0_align.webp,0.121913,0.0,0.0712266928438826
database3/database3/m.0154hr/101-FaceId-0_align.webp,0.090433,0.0,0.0901774557585819
database3/database3/m.0154hr/109-FaceId-0_align.webp,0.038439,0.0,0.0958810079227601
database3/database3/m.0154hr/18-FaceId-0_align.webp,0.07836,0.0,0.1057826245589938
database3/database3/m.0154hr/28-FaceId-0_align.webp,0.045785,0.0,0.0768036392941357
database3/database3/m.0154s9/24-FaceId-0_align.webp,0.052837,1.0,0.0664913094114122
database3/database3/m.0154x6/57-FaceId-0_align.webp,0.061779,0.0,0.0734744380464354
database3/database3/m.01552j/40-FaceId-0_align.webp,0.017747,1.0,0.0677287453967876
database3/database3/m.01558d/79-FaceId-0_align.webp,0.014812,1.0,0.0453299714813391
database3/database3/m.01558d/8-FaceId-0_align.webp,0.124089,1.0,0.0642795943827741
database3/database3/m.0155zp/26-FaceId-0_align.webp,0.000547,1.0,0.0670680887951105
database3/database3/m.0155zp/7-FaceId-0_align.webp,0.015991,1.0,0.0707366762664783
database3/database3/m.0155zp/79-FaceId-0_align.webp,0.02849,1.0,0.1048228526108871
database3/database3/m.0155zp/88-FaceId-0_align.webp,0.072148,1.0,0.0762822772632701
database3/database3/m.0156dg/11-FaceId-0_align.webp,0.153809,0.0,0.1020528664486405
database3/database3/m.0156dg/2-FaceId-0_align.webp,0.144571,0.0,0.1092422839789738
database3/database3/m.0156y1/31-FaceId-0_align.webp,0.047284,1.0,0.0755201839697865
database3/database3/m.01574b/45-FaceId-0_align.webp,0.070647,0.0,0.0856947020649643
database3/database3/m.015796/86-FaceId-0_align.webp,0.081944,0.0,0.0811585165466567
database3/database3/m.0157m/20-FaceId-0_align.webp,0.028257,1.0,0.0566531655016167
database3/database3/m.0157m/24-FaceId-0_align.webp,0.028454,1.0,0.06652307610918
database3/database3/m.0157m/25-FaceId-0_align.webp,0.020124,1.0,0.0657727368456242
database3/database3/m.0157m/73-FaceId-0_align.webp,0.033963,1.0,0.0782374321755481
database3/database3/m.0157r6/22-FaceId-1_align.webp,0.0,1.0,0.1194357433791218
database3/database3/m.0157ry/29-FaceId-0_align.webp,0.027582,1.0,0.0796795352334996
database3/database3/m.015882/17-FaceId-0_align.webp,0.396178,0.0,0.0923012673932571
database3/database3/m.015882/20-FaceId-0_align.webp,0.380878,0.0,0.1052694970317453
database3/database3/m.015882/75-FaceId-0_align.webp,0.386665,0.0,0.1092887505103744
database3/database3/m.0158r2/73-FaceId-0_align.webp,0.173377,0.0,0.0792684142136452
database3/database3/m.01598m/79-FaceId-0_align.webp,0.475474,0.0,0.1036359411520986
database3/database3/m.0159wm/104-FaceId-0_align.webp,0.007308,1.0,0.0473085358804853
database3/database3/m.0159wm/9-FaceId-0_align.webp,0.002891,1.0,0.038888240533442
database3/database3/m.015_44/31-FaceId-0_align.webp,0.062168,0.0,0.0699133559544121
database3/database3/m.015_44/64-FaceId-0_align.webp,0.356589,0.0,0.1170306426902341
database3/database3/m.015_44/84-FaceId-0_align.webp,0.3229,0.0,0.1176327240895173
database3/database3/m.015b67/34-FaceId-0_align.webp,0.034996,1.0,0.0714775084489691
database3/database3/m.015bhj/103-FaceId-1_align.webp,0.041754,1.0,0.0
database3/database3/m.015bhj/70-FaceId-0_align.webp,0.00385,1.0,0.0688671503118666
database3/database3/m.015bnf/68-FaceId-0_align.webp,0.066968,0.0,0.0757208785719264
database3/database3/m.015brk/18-FaceId-0_align.webp,0.023166,1.0,0.08109920441041
database3/database3/m.015bw2/110-FaceId-0_align.webp,0.01319,1.0,0.0762936283909568
database3/database3/m.015bw2/40-FaceId-0_align.webp,0.013047,1.0,0.0893420926863675
database3/database3/m.015bw2/68-FaceId-0_align.webp,0.00956,1.0,0.0896143366212901
database3/database3/m.015c2f/3-FaceId-0_align.webp,0.072717,0.0,0.0720842762151191
database3/database3/m.015c2f/47-FaceId-0_align.webp,0.01548,0.0,0.0845440788961575
database3/database3/m.015c2f/49-FaceId-0_align.webp,0.031524,0.0,0.0800508573721525
database3/database3/m.015c2f/8-FaceId-0_align.webp,0.126031,0.0,0.0832022594187865
database3/database3/m.015c4g/7-FaceId-0_align.webp,0.000573,1.0,0.0698306549805075
database3/database3/m.015c4g/83-FaceId-0_align.webp,0.000391,1.0,0.0581492977486242
database3/database3/m.015cyn/17-FaceId-0_align.webp,0.046212,1.0,0.0728345770273403
database3/database3/m.015cyn/5-FaceId-0_align.webp,0.152464,1.0,0.0580429730127894
database3/database3/m.015czg/24-FaceId-0_align.webp,0.141052,1.0,0.0817168027550106
database3/database3/m.015d2r/66-FaceId-0_align.webp,0.064087,1.0,0.1810798797892815
database3/database3/m.015d2r/86-FaceId-0_align.webp,0.029999,1.0,0.0771020626740449
database3/database3/m.015dcj/83-FaceId-0_align.webp,0.023385,1.0,0.0827524494060141
database3/database3/m.015dgg/80-FaceId-0_align.webp,0.001775,1.0,0.0895948843615812
database3/database3/m.015djp/24-FaceId-0_align.webp,0.0,1.0,0.0543666157305144
database3/database3/m.015djp/27-FaceId-0_align.webp,0.037685,1.0,0.0812811474538428
database3/database3/m.015dk3/22-FaceId-0_align.webp,0.027592,1.0,0.0588888234881698
database3/database3/m.015dnt/38-FaceId-0_align.webp,0.001692,1.0,0.0892903022540178
database3/database3/m.015dnt/42-FaceId-1_align.webp,0.102539,1.0,0.0418175447650117
database3/database3/m.015dqj/29-FaceId-0_align.webp,0.034796,1.0,0.0788473249630133
database3/database3/m.015dsz/54-FaceId-1_align.webp,0.002756,1.0,0.0602865189785151
database3/database3/m.015dx/106-FaceId-0_align.webp,0.065832,0.0,0.0765921125975472
database3/database3/m.015dx/112-FaceId-0_align.webp,0.282009,0.0,0.0861198026126008
database3/database3/m.015dx/117-FaceId-0_align.webp,0.154935,0.0,0.0656569822635916
database3/database3/m.015dx/16-FaceId-0_align.webp,0.065933,0.0,0.0860414255580625
database3/database3/m.015dx/75-FaceId-0_align.webp,0.127561,0.0,0.0934271921214453
database3/database3/m.015dz8/51-FaceId-0_align.webp,0.051527,1.0,0.0770554801449543
database3/database3/m.015f6_/9-FaceId-0_align.webp,0.050822,1.0,0.0814046423166812
database3/database3/m.015fxn/110-FaceId-1_align.webp,0.050721,0.0,0.072678719120935
database3/database3/m.015fyd/19-FaceId-0_align.webp,0.055834,0.0,0.0777162851831346
database3/database3/m.015g36/86-FaceId-0_align.webp,0.010069,0.0,0.0722737897722315
database3/database3/m.015g98/4-FaceId-0_align.webp,0.031227,1.0,0.0907910466053234
database3/database3/m.015g_7/108-FaceId-0_align.webp,0.075445,1.0,0.0756768474149841
database3/database3/m.015ghl/29-FaceId-0_align.webp,0.035495,0.0,0.072178223529109
database3/database3/m.015ghl/58-FaceId-0_align.webp,0.114793,0.0,0.0544727112682889
database3/database3/m.015ghl/7-FaceId-0_align.webp,0.022651,0.0,0.0623391794701812
database3/database3/m.015gjr/36-FaceId-0_align.webp,0.054888,1.0,0.0760817232112427
database3/database3/m.015gjr/40-FaceId-0_align.webp,0.045893,1.0,0.0593313512066763
database3/database3/m.015gjr/84-FaceId-0_align.webp,0.042274,1.0,0.154995797105325
database3/database3/m.015gqm/96-FaceId-1_align.webp,0.236979,1.0,0.1005543267815376
database3/database3/m.015grj/83-FaceId-0_align.webp,0.0,1.0,0.0571430543697464
database3/database3/m.015grj/95-FaceId-0_align.webp,0.006074,1.0,0.0525308200302459
database3/database3/m.015grj/98-FaceId-0_align.webp,0.00126,1.0,0.0416224281824822
database3/database3/m.015gsv/100-FaceId-0_align.webp,0.087077,1.0,0.0909860627448541
database3/database3/m.015gsv/72-FaceId-0_align.webp,0.017745,1.0,0.0750559801944372
database3/database3/m.015gx1/70-FaceId-0_align.webp,0.056653,1.0,0.0762961867553645
database3/database3/m.015gy7/28-FaceId-0_align.webp,0.011386,1.0,0.0852568427406186
database3/database3/m.015gzc/94-FaceId-0_align.webp,0.077714,1.0,0.0758077875071313
database3/database3/m.015h25/3-FaceId-0_align.webp,0.001481,1.0,0.0530595153256562
database3/database3/m.015h7y/30-FaceId-0_align.webp,0.014431,1.0,0.0827921158469614
database3/database3/m.015htz/46-FaceId-0_align.webp,0.135648,0.0,0.0756668907927363
database3/database3/m.015j58/58-FaceId-0_align.webp,0.016994,1.0,0.0755390219568733
database3/database3/m.015j6h/20-FaceId-0_align.webp,0.005265,1.0,0.0819694613193975
database3/database3/m.015j6h/37-FaceId-0_align.webp,0.094841,1.0,0.1006277941732688
database3/database3/m.015j6y/47-FaceId-0_align.webp,0.10488,0.0,0.1000320287720886
database3/database3/m.015j6y/5-FaceId-0_align.webp,0.085053,0.0,0.0719395173617487
database3/database3/m.015j6y/73-FaceId-1_align.webp,0.12413,0.0,0.0786444718078833
database3/database3/m.015j8x/17-FaceId-0_align.webp,0.049084,1.0,0.0862209326642229
database3/database3/m.015j8x/42-FaceId-0_align.webp,0.021866,1.0,0.1269389730356757
database3/database3/m.015jjw/46-FaceId-0_align.webp,0.068702,1.0,0.113535365697603
database3/database3/m.015jjw/69-FaceId-0_align.webp,0.113403,1.0,0.1215195204281424
database3/database3/m.015jvm/105-FaceId-0_align.webp,0.006549,1.0,0.0631390350735759
database3/database3/m.015jvm/32-FaceId-0_align.webp,0.01088,1.0,0.0596535575496048
database3/database3/m.015jvm/85-FaceId-0_align.webp,0.111985,1.0,0.1047745148108961
database3/database3/m.015k04/104-FaceId-0_align.webp,0.087765,0.0,0.0628651080130388
database3/database3/m.015k04/33-FaceId-0_align.webp,0.019732,0.0,0.0813700485254144
database3/database3/m.015k04/68-FaceId-0_align.webp,0.032064,0.0,0.0779673754968449
database3/database3/m.015k9x/19-FaceId-0_align.webp,0.079615,0.0,0.0760633963816439
database3/database3/m.015k9x/84-FaceId-0_align.webp,0.154994,0.0,0.4700414932759202
database3/database3/m.015kbd/21-FaceId-0_align.webp,0.030994,1.0,0.0604596556589902
database3/database3/m.015kbd/80-FaceId-0_align.webp,0.061754,1.0,0.2083254862541151
database3/database3/m.015khm/4-FaceId-0_align.webp,0.027803,1.0,0.0451618418478209
database3/database3/m.015klf/75-FaceId-0_align.webp,0.0,1.0,0.0475854368890918
database3/database3/m.015ksl/24-FaceId-0_align.webp,0.23069,1.0,0.0758930677421068
database3/database3/m.015ksl/26-FaceId-1_align.webp,0.043132,1.0,0.1953758921562309
database3/database3/m.015ksl/31-FaceId-0_align.webp,0.096817,1.0,0.077331167041264
database3/database3/m.015ksl/72-FaceId-0_align.webp,0.014945,1.0,0.076569699581398
database3/database3/m.015ksy/70-FaceId-0_align.webp,0.064697,1.0,0.0704955193365901
database3/database3/m.015ksy/90-FaceId-0_align.webp,0.039383,1.0,0.0705866904012006
database3/database3/m.015kt_/7-FaceId-0_align.webp,0.084368,1.0,0.0636242446929657
database3/database3/m.015l1l/126-FaceId-0_align.webp,0.0,1.0,0.0404697107564358
database3/database3/m.015l51/58-FaceId-0_align.webp,0.077217,1.0,0.0637683589424071
database3/database3/m.015lg2/3-FaceId-0_align.webp,0.081487,1.0,0.1583026233526974
database3/database3/m.015m2c/35-FaceId-0_align.webp,0.111821,0.0,0.1443624406434283
database3/database3/m.015m2c/62-FaceId-0_align.webp,0.107098,0.0,0.1331057483406228
database3/database3/m.015m2c/96-FaceId-0_align.webp,0.077293,0.0,0.1456521291415768
database3/database3/m.015m2v/50-FaceId-0_align.webp,0.014038,1.0,0.065936861671902
database3/database3/m.015m_9/103-FaceId-0_align.webp,0.203457,0.0,0.1068568841237784
database3/database3/m.015m_9/23-FaceId-0_align.webp,0.194385,0.0,0.0764644591426188
database3/database3/m.015mfy/124-FaceId-0_align.webp,0.011509,1.0,0.1347246974652104
database3/database3/m.015mfy/44-FaceId-0_align.webp,0.015486,1.0,0.1439566778180316
database3/database3/m.015ncq/12-FaceId-0_align.webp,0.097302,0.0,0.0791596116679629
database3/database3/m.015ncq/15-FaceId-0_align.webp,0.108176,0.0,0.0793269054346628
database3/database3/m.015ncq/43-FaceId-0_align.webp,0.173231,0.0,0.1213412339400673
database3/database3/m.015nr6/10-FaceId-0_align.webp,0.135309,0.0,0.0667480186828713
database3/database3/m.015nxw/46-FaceId-0_align.webp,0.033616,1.0,0.078034353432916
database3/database3/m.015nz8/33-FaceId-0_align.webp,0.258768,1.0,0.0768976453255989
database3/database3/m.015p0c/3-FaceId-0_align.webp,0.047687,1.0,0.0615853242580357
database3/database3/m.015p37/5-FaceId-0_align.webp,0.024022,0.0,0.1591162008685863
database3/database3/m.015p3p/83-FaceId-3_align.webp,0.095309,1.0,0.1180416180897135
database3/database3/m.015p_p/4-FaceId-0_align.webp,0.041582,1.0,0.1591565853197219
database3/database3/m.015ph6/52-FaceId-0_align.webp,0.019715,1.0,0.0689545491278488
database3/database3/m.015ph6/9-FaceId-0_align.webp,0.017184,1.0,0.0530871151719466
database3/database3/m.015phm/91-FaceId-0_align.webp,0.017375,1.0,0.0512221030619256
database3/database3/m.015pqq/24-FaceId-0_align.webp,0.179784,0.0,0.0803302657988389
database3/database3/m.015pqq/66-FaceId-0_align.webp,0.136121,0.0,0.15
database3/database3/m.015pqq/87-FaceId-0_align.webp,0.018013,0.0,0.0839756243879853
database3/database3/m.015pt7/51-FaceId-0_align.webp,0.127322,1.0,0.0990800622178699
database3/database3/m.015pt7/58-FaceId-0_align.webp,0.035197,1.0,0.0704432464544666
database3/database3/m.015pt7/60-FaceId-0_align.webp,0.049196,1.0,0.1181397057037551
database3/database3/m.015pvh/112-FaceId-0_align.webp,0.330281,0.0,0.0962110251935784
database3/database3/m.015px7/44-FaceId-0_align.webp,0.034165,1.0,0.070430288444661
database3/database3/m.015px7/91-FaceId-0_align.webp,0.015722,1.0,0.0920246874033548
database3/database3/m.015pxr/76-FaceId-0_align.webp,0.013737,1.0,0.0719968011628285
database3/database3/m.015pxr/85-FaceId-0_align.webp,0.04711,1.0,0.0855014315554312
database3/database3/m.015pz3/26-FaceId-0_align.webp,0.029214,1.0,0.0826605574962234
database3/database3/m.015q3m/88-FaceId-0_align.webp,0.02977,1.0,0.0554717991925662
database3/database3/m.015q43/44-FaceId-0_align.webp,0.14431,0.0,0.0878972628828912
database3/database3/m.015q43/83-FaceId-0_align.webp,0.202776,0.0,0.1017372681702089
database3/database3/m.015q7v/66-FaceId-0_align.webp,0.123951,1.0,0.0847212776474199
database3/database3/m.015q7v/70-FaceId-0_align.webp,0.084162,1.0,0.0842261026578358
database3/database3/m.015q7v/74-FaceId-0_align.webp,0.166774,1.0,0.1635746238694649
database3/database3/m.015q7v/95-FaceId-0_align.webp,0.114436,1.0,0.0706155243650076
database3/database3/m.015q9_/38-FaceId-0_align.webp,0.073529,1.0,0.0891308331010801
database3/database3/m.015q9_/55-FaceId-0_align.webp,0.228226,1.0,0.0888526127064048
database3/database3/m.015qgb/80-FaceId-0_align.webp,0.240744,0.0,0.1116268390702624
database3/database3/m.015ql4/49-FaceId-0_align.webp,0.010843,1.0,0.072259493532518
database3/database3/m.015ql_/79-FaceId-0_align.webp,0.076307,0.0,0.0898551849148996
database3/database3/m.015qlm/10-FaceId-0_align.webp,0.050821,0.0,0.0833131824433605
database3/database3/m.015qlm/70-FaceId-0_align.webp,0.030997,0.0,0.0831497042531347
database3/database3/m.015qpn/63-FaceId-0_align.webp,0.366396,1.0,0.0593226958463247
database3/database3/m.015qq1/36-FaceId-0_align.webp,0.022633,1.0,0.0630627360222294
database3/database3/m.015qty/73-FaceId-0_align.webp,0.019129,1.0,0.0593898990197457
database3/database3/m.015qty/74-FaceId-0_align.webp,0.007618,1.0,0.0722555900460525
database3/database3/m.015qv9/29-FaceId-0_align.webp,0.006101,1.0,0.0760832430291602
database3/database3/m.015qxn/75-FaceId-0_align.webp,0.029389,1.0,0.0575247790029858
database3/database3/m.015qxn/81-FaceId-0_align.webp,0.000968,1.0,0.1093266558502451
database3/database3/m.015qyf/14-FaceId-0_align.webp,0.032701,1.0,0.0798940858980144
database3/database3/m.015qzv/12-FaceId-0_align.webp,0.03298,1.0,0.1520616579971015
database3/database3/m.015qzv/45-FaceId-0_align.webp,0.048204,1.0,0.1372483265264664
database3/database3/m.015qzv/55-FaceId-0_align.webp,0.094832,1.0,0.1868682675685282
database3/database3/m.015qzv/57-FaceId-0_align.webp,0.068867,1.0,0.0934768059514665
database3/database3/m.015r3q/35-FaceId-0_align.webp,0.001755,1.0,0.1419639373471947
database3/database3/m.015r4v/28-FaceId-0_align.webp,0.015627,1.0,0.086954489766177
database3/database3/m.015rhv/21-FaceId-0_align.webp,0.274759,1.0,0.1278704897560005
database3/database3/m.015rmq/88-FaceId-0_align.webp,0.016982,1.0,0.0677324316853074
database3/database3/m.015t_m/31-FaceId-0_align.webp,0.0851,1.0,0.0407439930149722
database3/database3/m.015thk/1-FaceId-0_align.webp,0.117609,1.0,0.0733666018702665
database3/database3/m.015thk/47-FaceId-0_align.webp,0.223814,1.0,0.1250455038475487
database3/database3/m.015thk/89-FaceId-0_align.webp,0.010677,1.0,0.1428515463244919
database3/database3/m.015tp7/25-FaceId-0_align.webp,0.089928,1.0,0.0802523441868933
database3/database3/m.015tp7/4-FaceId-0_align.webp,0.078982,1.0,0.0843225438612353
database3/database3/m.015tv5/22-FaceId-0_align.webp,0.009031,1.0,0.0753352703408847
database3/database3/m.015tv5/54-FaceId-0_align.webp,0.027498,1.0,0.0756416665320361
database3/database3/m.015tyq/50-FaceId-0_align.webp,0.029346,1.0,0.1021546640777798
database3/database3/m.015tyq/63-FaceId-0_align.webp,0.05956,1.0,0.1576474316067013
database3/database3/m.015v98/49-FaceId-0_align.webp,0.062142,0.0,0.0867696648598262
database3/database3/m.015v98/79-FaceId-0_align.webp,0.070144,0.0,0.0851660923275455
database3/database3/m.015vql/63-FaceId-0_align.webp,0.02634,1.0,0.0869036262968087
database3/database3/m.015vyh/54-FaceId-0_align.webp,0.020372,1.0,0.0720405958167433
database3/database3/m.015wfg/59-FaceId-0_align.webp,0.021245,1.0,0.0814513577815285
database3/database3/m.015wfy/41-FaceId-0_align.webp,0.10115,1.0,0.0686004227511991
database3/database3/m.015wfy/43-FaceId-0_align.webp,0.000923,1.0,0.130458329391732
database3/database3/m.015wfy/78-FaceId-0_align.webp,0.064575,1.0,0.1454051289105654
database3/database3/m.015wfy/91-FaceId-0_align.webp,0.156,1.0,0.1325445726671597
database3/database3/m.015wgw/16-FaceId-0_align.webp,0.030553,1.0,0.0682044457716051
database3/database3/m.015wgw/5-FaceId-0_align.webp,0.079937,1.0,0.0815894475937154
database3/database3/m.015wkb/94-FaceId-0_align.webp,0.010721,1.0,0.0671539313215311
database3/database3/m.015x3n/93-FaceId-0_align.webp,0.0,0.0,0.373884984457359
database3/database3/m.015x63/126-FaceId-0_align.webp,0.077609,0.0,0.0848007245823951
database3/database3/m.015xnd/46-FaceId-0_align.webp,0.021854,1.0,0.1112863414603725
database3/database3/m.015xnd/72-FaceId-0_align.webp,0.171432,1.0,0.1741155129527004
database3/database3/m.015xsn/17-FaceId-0_align.webp,0.021828,1.0,0.1095878919450349
database3/database3/m.015xww/31-FaceId-0_align.webp,0.075773,1.0,0.0657336015461124
database3/database3/m.015xys/54-FaceId-0_align.webp,0.054138,1.0,0.0599784568752159
database3/database3/m.015y4c/42-FaceId-0_align.webp,0.097688,1.0,0.0551043396228953
database3/database3/m.015y4c/72-FaceId-0_align.webp,0.027368,1.0,0.0705826387532608
database3/database3/m.015y4c/79-FaceId-0_align.webp,0.010835,1.0,0.0581331280023576
database3/database3/m.015yb0/108-FaceId-0_align.webp,0.073526,1.0,0.0623795090276292
database3/database3/m.015ybz/5-FaceId-0_align.webp,0.004767,1.0,0.202406743383684
database3/database3/m.015yg9/69-FaceId-0_align.webp,0.021682,1.0,0.1044969097319397
database3/database3/m.015ykr/19-FaceId-0_align.webp,0.078311,0.0,0.0763357412102987
database3/database3/m.015ykr/9-FaceId-0_align.webp,0.026904,0.0,0.0583591740002594
database3/database3/m.015z4j/106-FaceId-1_align.webp,0.203863,0.0,0.0919170726193699
database3/database3/m.015z4j/30-FaceId-0_align.webp,0.022438,0.0,0.0726164471651654
database3/database3/m.015zj4/3-FaceId-0_align.webp,0.026859,1.0,0.1163112580704461
database3/database3/m.015zjx/34-FaceId-0_align.webp,0.188292,1.0,0.0843098869421506
database3/database3/m.015zm4/92-FaceId-0_align.webp,0.019768,1.0,0.1285390289613751
database3/database3/m.015zmm/35-FaceId-0_align.webp,0.071991,0.0,0.0739476701483185
database3/database3/m.016077/95-FaceId-0_align.webp,0.023638,1.0,0.0873329762292414
database3/database3/m.0160pf/102-FaceId-0_align.webp,0.037457,1.0,0.078171243841461
database3/database3/m.016194/12-FaceId-0_align.webp,0.028771,1.0,0.0779815726671288
database3/database3/m.016194/6-FaceId-0_align.webp,0.025295,1.0,0.0599226648194611
database3/database3/m.0161h5/105-FaceId-0_align.webp,0.042175,0.0,0.0776679970049773
database3/database3/m.0161hn/33-FaceId-0_align.webp,0.010683,1.0,0.0930635510554611
database3/database3/m.0162c8/22-FaceId-0_align.webp,0.021055,1.0,0.0846479835310584
database3/database3/m.0162c8/71-FaceId-0_align.webp,0.041746,1.0,0.0803588595481204
database3/database3/m.0162c8/72-FaceId-0_align.webp,0.034776,1.0,0.0815669467956477
database3/database3/m.0162lw/68-FaceId-0_align.webp,0.026272,1.0,0.0755186506984124
database3/database3/m.0162n1/16-FaceId-0_align.webp,0.013549,1.0,0.1448610133185238
database3/database3/m.0162n1/17-FaceId-0_align.webp,0.15524,1.0,0.1485211267605633
database3/database3/m.01635v/83-FaceId-0_align.webp,0.001023,1.0,0.0506809759371448
database3/database3/m.0163bt/91-FaceId-0_align.webp,0.100672,1.0,0.0870806321546374
database3/database3/m.0163kf/72-FaceId-0_align.webp,0.120095,0.0,0.0745573245376938
database3/database3/m.0163kf/83-FaceId-0_align.webp,0.098981,0.0,0.0976801839821462
database3/database3/m.0163rk/30-FaceId-0_align.webp,0.022552,1.0,0.0762470266909274
database3/database3/m.0163s9/24-FaceId-0_align.webp,0.074147,1.0,0.0777682046072414
database3/database3/m.0163s9/74-FaceId-0_align.webp,0.166715,1.0,0.0835779869519814
database3/database3/m.0163t3/106-FaceId-0_align.webp,0.195337,0.0,0.0848622108846303
database3/database3/m.0163t3/9-FaceId-0_align.webp,0.08181,0.0,0.0786254486592548
database3/database3/m.0163y8/74-FaceId-0_align.webp,0.077227,1.0,0.0856027481779221
database3/database3/m.0164c4/60-FaceId-0_align.webp,0.111711,0.0,0.0711081313216458
database3/database3/m.0164lp/69-FaceId-0_align.webp,0.064522,1.0,0.0582471977890926
database3/database3/m.0164lp/92-FaceId-0_align.webp,0.151037,1.0,0.1473528974962918
database3/database3/m.0164nb/3-FaceId-0_align.webp,0.089532,1.0,0.0765186821506161
database3/database3/m.0164y7/34-FaceId-0_align.webp,0.005214,1.0,0.0732193711705111
database3/database3/m.0165cp/26-FaceId-0_align.webp,0.006703,0.0,0.0642107526239848
database3/database3/m.0165cp/52-FaceId-0_align.webp,0.057554,0.0,0.0578350018483087
database3/database3/m.0165gc/85-FaceId-0_align.webp,0.006716,1.0,0.0646254620946521
database3/database3/m.0165gc/99-FaceId-0_align.webp,0.120842,1.0,0.0816842178632565
database3/database3/m.0165ky/57-FaceId-0_align.webp,0.015031,1.0,0.1162109508881231
database3/database3/m.0165n5/59-FaceId-0_align.webp,0.014306,0.0,0.0520967345536541
database3/database3/m.01666h/59-FaceId-0_align.webp,0.366126,0.0,0.0950545260718491
database3/database3/m.01666h/65-FaceId-0_align.webp,0.324656,0.0,0.1052671041014779
database3/database3/m.0166rp/41-FaceId-0_align.webp,0.108225,1.0,0.0781852204684523
database3/database3/m.0166rp/55-FaceId-0_align.webp,0.058677,1.0,0.1026795457953907
database3/database3/m.0166w_/52-FaceId-0_align.webp,0.055626,1.0,0.0673083974323821
database3/database3/m.0166w_/7-FaceId-0_align.webp,0.051227,1.0,0.0534000978200687
database3/database3/m.0166yl/4-FaceId-0_align.webp,0.128426,1.0,0.0620853030191054
database3/database3/m.0166yl/42-FaceId-0_align.webp,0.00821,1.0,0.068078518221376
database3/database3/m.0166zk/13-FaceId-0_align.webp,0.040817,1.0,0.1673495369507349
database3/database3/m.0166zk/42-FaceId-0_align.webp,0.020069,1.0,0.1250524723400581
database3/database3/m.0166zk/72-FaceId-0_align.webp,0.015452,1.0,0.0770000684576731
database3/database3/m.01678_/78-FaceId-0_align.webp,0.014927,1.0,0.0588592273889817
database3/database3/m.0167h6/35-FaceId-0_align.webp,0.000892,1.0,0.0613701524116656
database3/database3/m.0167xk/87-FaceId-0_align.webp,0.035118,1.0,0.0848870080555949
database3/database3/m.016883/25-FaceId-0_align.webp,0.021581,1.0,0.0767981729482842
database3/database3/m.016883/35-FaceId-0_align.webp,0.016967,1.0,0.0924157226345854
database3/database3/m.016883/79-FaceId-0_align.webp,0.042662,1.0,0.0775867707993381
database3/database3/m.0168cl/73-FaceId-0_align.webp,0.16573,1.0,0.0711436375410335
database3/database3/m.0168ql/60-FaceId-0_align.webp,0.01118,1.0,0.0442321705515526
database3/database3/m.0168vx/9-FaceId-0_align.webp,0.182986,0.0,0.0680508859141281
database3/database3/m.01693z/106-FaceId-0_align.webp,0.308514,1.0,0.1080852817756473
database3/database3/m.01693z/67-FaceId-0_align.webp,0.053019,1.0,0.0665197408723385
database3/database3/m.016959/105-FaceId-0_align.webp,0.10109,1.0,0.1049222473203331
database3/database3/m.016959/51-FaceId-0_align.webp,0.067755,1.0,0.0875498634390969
database3/database3/m.0169ff/102-FaceId-0_align.webp,0.033338,1.0,0.0973837320992405
database3/database3/m.0169ff/36-FaceId-0_align.webp,0.024259,1.0,0.0800918879594411
database3/database3/m.0169ff/79-FaceId-0_align.webp,0.137366,1.0,0.0827572377288867
database3/database3/m.0169mh/14-FaceId-0_align.webp,0.084985,0.0,0.1037197494728409
database3/database3/m.0169r6/43-FaceId-0_align.webp,0.109367,0.0,0.091189855872513
database3/database3/m.0169v2/37-FaceId-0_align.webp,0.237432,0.0,0.0942181083491181
database3/database3/m.0169v2/60-FaceId-0_align.webp,0.294775,0.0,0.0997242186405475
database3/database3/m.0169x_/12-FaceId-0_align.webp,0.169443,1.0,0.0628943306784273
database3/database3/m.016_js/82-FaceId-0_align.webp,0.00161,0.0,0.0644950297620553
database3/database3/m.016_js/90-FaceId-0_align.webp,0.074161,0.0,0.0813450976385799
database3/database3/m.016_mj/9-FaceId-0_align.webp,0.005546,1.0,0.0801928558684936
database3/database3/m.016b6z/92-FaceId-0_align.webp,0.053278,1.0,0.0965488721215424
database3/database3/m.016b90/0-FaceId-0_align.webp,0.006801,1.0,0.0664945017022433
database3/database3/m.016b90/79-FaceId-0_align.webp,0.0,1.0,0.031953307778496
database3/database3/m.016b90/8-FaceId-0_align.webp,0.046454,1.0,0.0514730895342883
database3/database3/m.016b90/93-FaceId-0_align.webp,0.01334,1.0,0.0668393195036459
database3/database3/m.016cn6/6-FaceId-0_align.webp,0.062721,1.0,0.15
database3/database3/m.016cn6/90-FaceId-0_align.webp,0.090699,1.0,0.0741583365422067
database3/database3/m.016cz6/23-FaceId-1_align.webp,0.213677,1.0,0.3175749750476018
database3/database3/m.016db7/11-FaceId-0_align.webp,0.00104,1.0,0.0951987339169469
database3/database3/m.016dbr/42-FaceId-0_align.webp,0.02227,1.0,0.0786287435692938
database3/database3/m.016fjj/77-FaceId-0_align.webp,0.012807,1.0,0.0761555638990236
database3/database3/m.016fnv/40-FaceId-0_align.webp,0.049743,1.0,0.075547253086623
database3/database3/m.016g29/40-FaceId-0_align.webp,0.003894,1.0,0.0940724961887481
database3/database3/m.016g29/95-FaceId-0_align.webp,0.017798,1.0,0.0515510614583521
database3/database3/m.016ggh/74-FaceId-0_align.webp,0.004674,1.0,0.0641646449306378
database3/database3/m.016ghw/12-FaceId-0_align.webp,0.035794,1.0,0.1188370084875443
database3/database3/m.016gkf/85-FaceId-0_align.webp,0.159983,1.0,0.0814001522165256
database3/database3/m.016gnp/45-FaceId-0_align.webp,0.027576,1.0,0.0700286688098265
database3/database3/m.016gnp/48-FaceId-0_align.webp,0.0,1.0,0.080801817569791
database3/database3/m.016gr2/107-FaceId-0_align.webp,0.0,1.0,0.1016446732856195
database3/database3/m.016gr2/38-FaceId-0_align.webp,0.0,1.0,0.0527196521252397
database3/database3/m.016hgp/12-FaceId-0_align.webp,0.055372,0.0,0.074723803528402
database3/database3/m.016hgp/32-FaceId-12_align.webp,0.159452,0.0,0.202554702775306
database3/database3/m.016hgp/77-FaceId-4_align.webp,0.110387,0.0,0.0717432961083867
database3/database3/m.016hgp/77-FaceId-7_align.webp,0.08977,0.0,0.074215878165788
database3/database3/m.016hgp/77-FaceId-9_align.webp,0.121788,0.0,0.0757890490577609
database3/database3/m.016hj7/88-FaceId-0_align.webp,0.028831,1.0,0.0588314240658662
database3/database3/m.016hk4/98-FaceId-0_align.webp,0.002253,1.0,0.0725577363703676
database3/database3/m.016hmf/90-FaceId-0_align.webp,0.168251,1.0,0.0933061839340647
database3/database3/m.016hrc/46-FaceId-0_align.webp,0.064797,0.0,0.0877956967760751
database3/database3/m.016htr/23-FaceId-0_align.webp,0.041326,1.0,0.0745035637847124
database3/database3/m.016htr/80-FaceId-0_align.webp,0.0,1.0,0.1716176358976298
database3/database3/m.016hvl/14-FaceId-0_align.webp,0.018608,1.0,0.0956622592726422
database3/database3/m.016hvl/79-FaceId-0_align.webp,0.027134,1.0,0.0832422530681078
database3/database3/m.016hzm/79-FaceId-0_align.webp,0.040554,1.0,0.1283900176363083
database3/database3/m.016j4q/17-FaceId-0_align.webp,0.014713,1.0,0.5113584822799877
database3/database3/m.016j4q/73-FaceId-0_align.webp,0.027874,1.0,0.2082929537333677
database3/database3/m.016j55/23-FaceId-0_align.webp,0.003044,1.0,0.0963644111715972
database3/database3/m.016j_c/80-FaceId-0_align.webp,0.167359,0.0,0.0902327900270895
database3/database3/m.016k0j/73-FaceId-0_align.webp,0.021214,0.0,0.0795322822784048
database3/database3/m.016k38/76-FaceId-0_align.webp,0.03171,1.0,0.1121570666655231
database3/database3/m.016k38/86-FaceId-0_align.webp,0.0969,1.0,0.1412888496112332
database3/database3/m.016k58/57-FaceId-0_align.webp,0.285077,0.0,0.0951205647826839
database3/database3/m.016k6x/11-FaceId-0_align.webp,0.0,1.0,0.0570041928215977
database3/database3/m.016k6x/19-FaceId-0_align.webp,0.0,1.0,0.0497302823958423
database3/database3/m.016k92/3-FaceId-0_align.webp,0.164786,1.0,0.0968834655353918
database3/database3/m.016k92/39-FaceId-0_align.webp,0.115077,1.0,0.0949085316641668
database3/database3/m.016k92/53-FaceId-0_align.webp,0.124335,1.0,0.0955045452685566
database3/database3/m.016k_v/117-FaceId-0_align.webp,0.172292,0.0,0.074992198910568
database3/database3/m.016k_v/31-FaceId-0_align.webp,0.103765,0.0,0.0804399191178807
database3/database3/m.016k_v/6-FaceId-0_align.webp,0.102662,0.0,0.0771241451928001
database3/database3/m.016kdv/96-FaceId-0_align.webp,0.10171,1.0,0.0686568627238199
database3/database3/m.016kft/30-FaceId-0_align.webp,0.094506,1.0,0.0905312144032792
database3/database3/m.016khd/116-FaceId-0_align.webp,0.014365,1.0,0.15246386999855
database3/database3/m.016khd/18-FaceId-0_align.webp,0.045446,1.0,0.1020124860247954
database3/database3/m.016khd/77-FaceId-0_align.webp,0.016363,1.0,0.0655001609242973
database3/database3/m.016kjs/51-FaceId-0_align.webp,0.103247,1.0,0.078936037979674
database3/database3/m.016kqk/22-FaceId-0_align.webp,0.109366,1.0,0.1011175202325097
database3/database3/m.016kqk/57-FaceId-0_align.webp,0.028005,1.0,0.1053271398249145
database3/database3/m.016ksk/77-FaceId-0_align.webp,0.033554,1.0,0.1191992824054557
database3/database3/m.016l53/34-FaceId-0_align.webp,0.004644,1.0,0.1519978203606
database3/database3/m.016l_5/13-FaceId-1_align.webp,0.028409,0.0,0.155976142833838
database3/database3/m.016l_5/23-FaceId-0_align.webp,0.13632,0.0,0.0794966874584723
database3/database3/m.016l_5/69-FaceId-0_align.webp,0.067658,0.0,0.0740267653462267
database3/database3/m.016lb3/2-FaceId-0_align.webp,0.005513,1.0,0.0693370130940029
database3/database3/m.016lh0/74-FaceId-0_align.webp,0.000336,1.0,0.0699768296774032
database3/database3/m.016m0v/15-FaceId-0_align.webp,0.003574,1.0,0.124841310981643
database3/database3/m.016m0v/47-FaceId-0_align.webp,0.010823,1.0,0.1414001132140408
database3/database3/m.016m0v/48-FaceId-0_align.webp,0.006305,1.0,0.0980019312049506
database3/database3/m.016mgj/22-FaceId-0_align.webp,0.177659,0.0,0.0814969704228672
database3/database3/m.016mgj/72-FaceId-0_align.webp,0.141048,0.0,0.1604735800087408
database3/database3/m.016ntp/45-FaceId-0_align.webp,0.056576,0.0,0.2238782240043685
database3/database3/m.016ntp/58-FaceId-0_align.webp,0.194583,0.0,0.1555207201658803
database3/database3/m.016ntp/78-FaceId-0_align.webp,0.262576,0.0,0.1102827366462091
database3/database3/m.016ntp/85-FaceId-0_align.webp,0.141759,0.0,0.095628445426157
database3/database3/m.016nvh/2-FaceId-0_align.webp,0.143526,1.0,0.0927271410452844
database3/database3/m.016nvy/82-FaceId-0_align.webp,0.14288,0.0,0.0795262610157474
database3/database3/m.016nws/82-FaceId-0_align.webp,0.154826,1.0,0.0938277300614729
database3/database3/m.016pns/55-FaceId-0_align.webp,0.055966,1.0,0.0906243226000489
database3/database3/m.016q0w/27-FaceId-0_align.webp,0.009996,1.0,0.0808517545454177
database3/database3/m.016q2n/25-FaceId-0_align.webp,0.030179,0.0,0.0768874212339402
database3/database3/m.016q2n/89-FaceId-0_align.webp,0.007529,0.0,0.0842789200341283
database3/database3/m.016q4_/99-FaceId-1_align.webp,0.000294,0.0,0.0634316815415517
database3/database3/m.016qrb/16-FaceId-0_align.webp,0.039165,0.0,0.0798979493493707
database3/database3/m.016qrb/78-FaceId-0_align.webp,0.145711,0.0,0.0690340440465257
database3/database3/m.016qtt/15-FaceId-0_align.webp,0.187503,1.0,0.0831943710859836
database3/database3/m.016qtt/25-FaceId-0_align.webp,0.283035,1.0,0.0812678263852489
database3/database3/m.016r3x/42-FaceId-0_align.webp,0.001242,1.0,0.0452484806950974
database3/database3/m.016r3x/44-FaceId-0_align.webp,0.007495,1.0,0.0785947830690345
database3/database3/m.016sff/35-FaceId-0_align.webp,0.025858,1.0,0.2141058870713781
database3/database3/m.016sp_/9-FaceId-0_align.webp,0.355835,1.0,0.0701005112754347
database3/database3/m.016swh/38-FaceId-0_align.webp,0.0,1.0,0.0629943955502517
database3/database3/m.016sz1/68-FaceId-0_align.webp,0.00381,1.0,0.0880371480364977
database3/database3/m.016szr/0-FaceId-0_align.webp,0.081751,1.0,0.1595461995191376
database3/database3/m.016szr/31-FaceId-0_align.webp,0.150774,1.0,0.1504853095487932
database3/database3/m.016t00/27-FaceId-0_align.webp,0.010723,1.0,0.0951551200822691
database3/database3/m.016t00/29-FaceId-0_align.webp,0.026052,1.0,0.0862698991160538
database3/database3/m.016t00/49-FaceId-0_align.webp,0.061342,1.0,0.0996541147347401
database3/database3/m.016tb7/64-FaceId-0_align.webp,0.020212,0.0,0.0747867967139766
database3/database3/m.016tbr/53-FaceId-0_align.webp,0.052696,1.0,0.0889851446691039
database3/database3/m.016tbr/91-FaceId-0_align.webp,0.278026,1.0,0.1088843946525822
database3/database3/m.016tbr/97-FaceId-0_align.webp,0.035531,1.0,0.0956770110486493
database3/database3/m.016tcm/7-FaceId-0_align.webp,0.0,1.0,0.0738576864245441
database3/database3/m.016tqw/18-FaceId-0_align.webp,0.009857,1.0,0.0759833435220583
database3/database3/m.016vqk/91-FaceId-0_align.webp,0.041054,1.0,0.0758966438410826
database3/database3/m.016vxj/34-FaceId-0_align.webp,0.081238,1.0,0.0676019878565782
database3/database3/m.016vy9/16-FaceId-0_align.webp,0.135759,0.0,0.083895737951149
database3/database3/m.016vy9/41-FaceId-0_align.webp,0.023537,0.0,0.0723920545227741
database3/database3/m.016vyp/28-FaceId-0_align.webp,0.086364,1.0,0.0786681815115174
database3/database3/m.016vyp/92-FaceId-0_align.webp,0.043472,1.0,0.0727562108468477
database3/database3/m.016wdq/47-FaceId-0_align.webp,0.021942,1.0,0.2199806077991305
database3/database3/m.016wvy/16-FaceId-0_align.webp,0.016451,1.0,0.0764480276029339
database3/database3/m.016wvy/70-FaceId-0_align.webp,0.279688,1.0,0.1022965809853011
database3/database3/m.016wvy/90-FaceId-0_align.webp,0.0652,1.0,0.1657004573798834
database3/database3/m.016xk5/94-FaceId-0_align.webp,0.039665,1.0,0.0710023408582336
database3/database3/m.016yr0/49-FaceId-0_align.webp,0.028821,1.0,0.0724194240789669
database3/database3/m.016yr0/53-FaceId-0_align.webp,0.03224,1.0,0.0690209360262735
database3/database3/m.016yr0/98-FaceId-0_align.webp,0.103354,1.0,0.0849475663385531
database3/database3/m.016ywr/2-FaceId-0_align.webp,0.022088,1.0,0.0997812140555982
database3/database3/m.016ywr/21-FaceId-0_align.webp,0.053813,1.0,0.0868097803176571
database3/database3/m.016ywr/76-FaceId-0_align.webp,0.0,1.0,0.0621384203754435
database3/database3/m.016z3d/40-FaceId-0_align.webp,0.041987,1.0,0.0734412945409569
database3/database3/m.016z3d/43-FaceId-0_align.webp,0.184794,1.0,0.0829713217685621
database3/database3/m.016z3d/48-FaceId-0_align.webp,0.181018,1.0,0.0792962666550961
database3/database3/m.016z68/21-FaceId-0_align.webp,0.185954,1.0,0.0949988555627047
database3/database3/m.016z68/89-FaceId-0_align.webp,0.268667,1.0,0.092853452259606
database3/database3/m.016zp5/13-FaceId-0_align.webp,0.016071,1.0,0.0621557900429991
database3/database3/m.016zp5/31-FaceId-0_align.webp,0.101464,1.0,0.1643185768191499
database3/database3/m.016zp5/64-FaceId-0_align.webp,0.006697,1.0,0.0736907044081527
database3/database3/m.016zp5/68-FaceId-0_align.webp,0.014376,1.0,0.0786522706280396
database3/database3/m.016zvk/22-FaceId-0_align.webp,0.104809,0.0,0.0839864241964649
database3/database3/m.016zvk/81-FaceId-0_align.webp,0.147393,0.0,0.0832892173006311
database3/database3/m.016zvk/88-FaceId-0_align.webp,0.080384,0.0,0.0578069350028673
database3/database3/m.016zvk/91-FaceId-0_align.webp,0.084334,0.0,0.0770457385044652
database3/database3/m.0170pk/112-FaceId-0_align.webp,0.029113,1.0,0.1258020482660277
database3/database3/m.0170pk/32-FaceId-0_align.webp,0.0,1.0,0.1241255723660433
database3/database3/m.0170pk/71-FaceId-0_align.webp,0.003334,1.0,0.0844233461299285
database3/database3/m.0170pk/93-FaceId-0_align.webp,0.020024,1.0,0.1431120390845638
database3/database3/m.0170q1/39-FaceId-0_align.webp,0.098023,0.0,0.1190546539451825
database3/database3/m.0170qf/10-FaceId-0_align.webp,0.012168,1.0,0.0705163201048936
database3/database3/m.0170qf/66-FaceId-0_align.webp,0.173717,1.0,0.0918826164751232
database3/database3/m.0170s4/35-FaceId-0_align.webp,0.00841,1.0,0.0845189335935304
database3/database3/m.0170s4/44-FaceId-0_align.webp,0.007374,1.0,0.0479183518419439
database3/database3/m.0170s4/48-FaceId-0_align.webp,0.0,1.0,0.0512408214030448
database3/database3/m.0170s4/85-FaceId-0_align.webp,0.00918,1.0,0.0693361887226089
database3/database3/m.0170s4/86-FaceId-0_align.webp,0.00659,1.0,0.0642949835558071
database3/database3/m.0170zz/7-FaceId-0_align.webp,0.0033,1.0,0.1127141282821064
database3/database3/m.017115/2-FaceId-0_align.webp,0.178391,1.0,0.1140764317553105
database3/database3/m.0171cm/52-FaceId-0_align.webp,0.078391,1.0,0.1612448766212277
database3/database3/m.0171cm/9-FaceId-0_align.webp,0.020679,1.0,0.1541361729337282
database3/database3/m.0171dv/105-FaceId-0_align.webp,0.019879,1.0,0.0587084142642363
database3/database3/m.0171dv/106-FaceId-0_align.webp,0.079343,1.0,0.0723175625460256
database3/database3/m.0171z8/39-FaceId-0_align.webp,0.1172,0.0,0.2813084742016044
database3/database3/m.01721f/98-FaceId-0_align.webp,0.00066,1.0,0.0462629681570267
database3/database3/m.01728m/45-FaceId-0_align.webp,0.026608,1.0,0.1224103560344807
database3/database3/m.01734j/10-FaceId-0_align.webp,0.107434,1.0,0.1436276510894503
database3/database3/m.01737y/7-FaceId-0_align.webp,0.023524,1.0,0.0655391767159349
database3/database3/m.0173cq/55-FaceId-0_align.webp,0.0687,0.0,0.0847280762243067
database3/database3/m.0173cq/82-FaceId-0_align.webp,0.052898,0.0,0.0591237918248947
database3/database3/m.0173p_/66-FaceId-0_align.webp,0.12779,0.0,0.1089285538309927
database3/database3/m.0173p_/82-FaceId-0_align.webp,0.039784,0.0,0.074039997542761
database3/database3/m.0173p_/97-FaceId-0_align.webp,0.06989,0.0,0.0808047600898346
database3/database3/m.0173s_/56-FaceId-0_align.webp,0.320216,0.0,0.0825354289864002
database3/database3/m.01741h/75-FaceId-0_align.webp,0.057681,1.0,0.1726185863260281
database3/database3/m.01742l/53-FaceId-0_align.webp,0.210558,0.0,0.1094217160904922
database3/database3/m.01744d/24-FaceId-0_align.webp,0.021138,1.0,0.0784136844928218
database3/database3/m.01744d/66-FaceId-0_align.webp,0.069833,1.0,0.0847414750153213
database3/database3/m.017458/60-FaceId-0_align.webp,0.031087,1.0,0.2106521284929685
database3/database3/m.0174z2/31-FaceId-0_align.webp,0.019356,1.0,0.0725985375464092
database3/database3/m.0175m_/104-FaceId-0_align.webp,0.011519,1.0,0.1077817632483703
database3/database3/m.0175m_/106-FaceId-0_align.webp,0.008092,1.0,0.0685413957025622
database3/database3/m.0175s7/91-FaceId-0_align.webp,0.271553,1.0,0.1080709254401817
database3/database3/m.0175w3/23-FaceId-0_align.webp,0.084707,1.0,0.15
database3/database3/m.0175w3/40-FaceId-0_align.webp,0.14122,1.0,0.1943736959163921
database3/database3/m.0175w3/8-FaceId-0_align.webp,0.022898,1.0,0.2289998602648717
database3/database3/m.01762z/69-FaceId-0_align.webp,0.001793,1.0,0.06553144448976
database3/database3/m.017729/106-FaceId-0_align.webp,0.004005,1.0,0.0795119033987097
database3/database3/m.01772q/118-FaceId-0_align.webp,0.005376,1.0,0.0555714511294328
database3/database3/m.01778_/1-FaceId-0_align.webp,0.151831,0.0,0.1611790989660667
database3/database3/m.01778_/5-FaceId-0_align.webp,0.080886,0.0,0.1419480583757595
database3/database3/m.0177s6/54-FaceId-0_align.webp,0.003871,1.0,0.1817292167796535
database3/database3/m.0177s6/83-FaceId-0_align.webp,0.194958,1.0,0.1551100628930817
database3/database3/m.0178_j/46-FaceId-0_align.webp,0.038586,1.0,0.1365039177541618
database3/database3/m.0178d6/53-FaceId-0_align.webp,0.019408,1.0,0.069782972852941
database3/database3/m.0178d6/9-FaceId-0_align.webp,0.038126,1.0,0.082687370802615
database3/database3/m.0178sb/20-FaceId-0_align.webp,0.025953,1.0,0.0668620690831937
database3/database3/m.01791s/104-FaceId-0_align.webp,0.057011,1.0,0.2796411856474258
database3/database3/m.01793l/15-FaceId-0_align.webp,0.11519,1.0,0.1812669828775995
database3/database3/m.01793l/3-FaceId-0_align.webp,0.021997,1.0,0.1418732531812123
database3/database3/m.01793l/48-FaceId-0_align.webp,0.070141,1.0,0.2058318837271332
database3/database3/m.01793l/77-FaceId-0_align.webp,0.068916,1.0,0.1796582155354296
database3/database3/m.01794d/22-FaceId-0_align.webp,0.132698,1.0,0.0757210043730169
database3/database3/m.0179n7/47-FaceId-0_align.webp,0.025063,1.0,0.075629138886485
database3/database3/m.0179ys/22-FaceId-0_align.webp,0.03888,1.0,0.0948436238614848
database3/database3/m.017_65/24-FaceId-0_align.webp,0.104039,1.0,0.1255677376485302
database3/database3/m.017__g/2-FaceId-0_align.webp,0.026314,1.0,0.0709365375172659
database3/database3/m.017__g/30-FaceId-0_align.webp,0.064708,1.0,0.0894896771617299
database3/database3/m.017_dr/0-FaceId-1_align.webp,0.037641,1.0,0.1404550067164748
database3/database3/m.017_dr/14-FaceId-0_align.webp,0.005491,1.0,0.0914937989314061
database3/database3/m.017_dr/47-FaceId-0_align.webp,0.191478,1.0,0.0896425103324849
database3/database3/m.017_dr/57-FaceId-0_align.webp,0.038308,1.0,0.1678212690992839
database3/database3/m.017_j4/45-FaceId-0_align.webp,0.032452,1.0,0.1382045605312667
database3/database3/m.017_j4/54-FaceId-0_align.webp,0.009302,1.0,0.1400624906122581
database3/database3/m.017_j4/93-FaceId-0_align.webp,0.05205,1.0,0.2251756418831614
database3/database3/m.017_l1/23-FaceId-0_align.webp,0.033635,1.0,0.0641245074203736
database3/database3/m.017_l1/5-FaceId-0_align.webp,0.0,1.0,0.0615478383464438
database3/database3/m.017_xx/84-FaceId-0_align.webp,0.180042,0.0,0.083239076391658
database3/database3/m.017bd/83-FaceId-0_align.webp,0.002036,1.0,0.1237799432794344
database3/database3/m.017bd/85-FaceId-0_align.webp,0.002715,1.0,0.1489864432791916
database3/database3/m.017bk6/90-FaceId-2_align.webp,0.056904,0.0,0.0693013508369519
database3/database3/m.017bxq/72-FaceId-0_align.webp,0.032315,1.0,0.1173744558740921
database3/database3/m.017c87/108-FaceId-0_align.webp,0.012746,1.0,0.1329370228475012
database3/database3/m.017c87/7-FaceId-0_align.webp,0.008884,1.0,0.0524340288652834
database3/database3/m.017cgg/62-FaceId-0_align.webp,0.009893,1.0,0.151188915741613
database3/database3/m.017d3v/21-FaceId-0_align.webp,0.000486,1.0,0.0351936170161763
database3/database3/m.017dpj/104-FaceId-0_align.webp,0.159674,1.0,0.1528503417968749
database3/database3/m.017dpj/116-FaceId-0_align.webp,0.004563,1.0,0.1187444282030557
database3/database3/m.017dpj/14-FaceId-0_align.webp,0.012759,1.0,0.1130895394475615
database3/database3/m.017dpj/6-FaceId-0_align.webp,0.157516,1.0,0.1545727709882302
database3/database3/m.017dpj/81-FaceId-0_align.webp,0.117413,1.0,0.2100680614216424
database3/database3/m.017dpj/98-FaceId-0_align.webp,0.093515,1.0,0.15
database3/database3/m.017f4y/21-FaceId-0_align.webp,0.009046,1.0,0.0814539633565036
database3/database3/m.017fgp/17-FaceId-0_align.webp,0.004873,1.0,0.1347387457589026
database3/database3/m.017fhk/5-FaceId-0_align.webp,0.05945,1.0,0.1330141878995466
database3/database3/m.017fhk/70-FaceId-0_align.webp,0.025921,1.0,0.0581194337331504
database3/database3/m.017fhk/87-FaceId-0_align.webp,0.146412,1.0,0.1303377097019094
database3/database3/m.017fj_/2-FaceId-0_align.webp,0.022486,1.0,0.0732309409041092
database3/database3/m.017fj_/97-FaceId-0_align.webp,0.013264,1.0,0.1619496622930809
database3/database3/m.017fks/21-FaceId-0_align.webp,0.013755,1.0,0.0729666481744884
database3/database3/m.017fks/34-FaceId-0_align.webp,0.010024,1.0,0.1423913428986114
database3/database3/m.017fl5/7-FaceId-0_align.webp,0.088967,1.0,0.0852382553265077
database3/database3/m.017fl5/89-FaceId-0_align.webp,0.156395,1.0,0.1193990277177118
database3/database3/m.017fl_/0-FaceId-0_align.webp,0.016489,1.0,0.175208050652321
database3/database3/m.017fp0/26-FaceId-0_align.webp,0.014762,1.0,0.0625585668726342
database3/database3/m.017fp0/70-FaceId-0_align.webp,0.102621,1.0,0.0837521267503539
database3/database3/m.017fp0/85-FaceId-0_align.webp,0.016216,1.0,0.0828184040370636
database3/database3/m.017fp0/92-FaceId-0_align.webp,0.03683,1.0,0.1596782983122324
database3/database3/m.017frf/2-FaceId-0_align.webp,0.239226,1.0,0.0677220830964779
database3/database3/m.017frf/48-FaceId-0_align.webp,0.242631,1.0,0.0786307932192428
database3/database3/m.017ft0/4-FaceId-0_align.webp,0.025186,0.0,0.0697864425599499
database3/database3/m.017fxp/62-FaceId-0_align.webp,0.006207,1.0,0.1144869505536531
database3/database3/m.017fzy/33-FaceId-0_align.webp,0.135665,1.0,0.0678011985701751
database3/database3/m.017fzy/38-FaceId-0_align.webp,0.020138,1.0,0.0837783343071253
database3/database3/m.017fzy/44-FaceId-0_align.webp,0.119262,1.0,0.0925356500831584
database3/database3/m.017fzy/7-FaceId-0_align.webp,0.042513,1.0,0.074675184130212
database3/database3/m.017fzy/84-FaceId-0_align.webp,0.1089,1.0,0.0853956188456496
database3/database3/m.017fzy/88-FaceId-0_align.webp,0.093437,1.0,0.0726001483036672
database3/database3/m.017g21/51-FaceId-0_align.webp,0.121234,1.0,0.0936310978615016
database3/database3/m.017g2y/13-FaceId-0_align.webp,0.026164,1.0,0.074840950830535
database3/database3/m.017gd_/53-FaceId-0_align.webp,0.006889,1.0,0.1602720753518975
database3/database3/m.017gd_/59-FaceId-0_align.webp,0.012556,1.0,0.1212944877733269
database3/database3/m.017gxw/53-FaceId-0_align.webp,0.064935,0.0,0.0780834927638988
database3/database3/m.017h4c/0-FaceId-0_align.webp,0.049628,1.0,0.1459207569095277
database3/database3/m.017h_2/23-FaceId-0_align.webp,0.06887,1.0,0.1635822642217436
database3/database3/m.017hgl/21-FaceId-0_align.webp,0.089799,1.0,0.0922845310369909
database3/database3/m.017hgl/42-FaceId-0_align.webp,0.004642,1.0,0.0850488868446251
database3/database3/m.017hjk/57-FaceId-0_align.webp,0.009431,1.0,0.1142986051633426
database3/database3/m.017hm9/3-FaceId-0_align.webp,0.001744,1.0,0.1214285585498682
database3/database3/m.017hm9/36-FaceId-0_align.webp,0.002432,1.0,0.0822116159294424
database3/database3/m.017hw4/23-FaceId-0_align.webp,0.000412,1.0,0.0811641065134609
database3/database3/m.017hwl/3-FaceId-0_align.webp,0.014017,1.0,0.1615849353860329
database3/database3/m.017j1w/26-FaceId-0_align.webp,0.021211,1.0,0.0624930382409279
database3/database3/m.017j1w/35-FaceId-0_align.webp,0.039099,1.0,0.2063569613509773
database3/database3/m.017j1w/8-FaceId-0_align.webp,0.052854,1.0,0.0633780072790862
database3/database3/m.017j2b/85-FaceId-0_align.webp,0.008707,1.0,0.1034017152092619
database3/database3/m.017jwg/17-FaceId-0_align.webp,0.002376,1.0,0.0892735068656028
database3/database3/m.017jwg/53-FaceId-0_align.webp,0.066995,0.0,0.0860762965219194
database3/database3/m.017jwg/82-FaceId-0_align.webp,0.035246,1.0,0.0891440376980895
database3/database3/m.017kb5/32-FaceId-0_align.webp,0.006182,1.0,0.0791509085568854
database3/database3/m.017kgm/108-FaceId-1_align.webp,0.015319,1.0,0.044788790623664
database3/database3/m.017kgm/94-FaceId-0_align.webp,0.003416,1.0,0.055486637426871
database3/database3/m.017kq/37-FaceId-0_align.webp,0.040762,1.0,0.1473562621728003
database3/database3/m.017kq/48-FaceId-0_align.webp,0.009092,1.0,0.1366497878701121
database3/database3/m.017l4/11-FaceId-0_align.webp,0.001488,1.0,0.0679665891380311
database3/database3/m.017l4/73-FaceId-0_align.webp,0.09873,1.0,0.0851020182901793
database3/database3/m.017l4/80-FaceId-0_align.webp,0.025497,1.0,0.1450581104702817
database3/database3/m.017l7y/97-FaceId-0_align.webp,0.002424,1.0,0.0681087517234388
database3/database3/m.017lcg/63-FaceId-0_align.webp,0.136168,1.0,0.0818321647602548
database3/database3/m.017m2y/105-FaceId-0_align.webp,0.084072,0.0,0.0791446271259263
database3/database3/m.017m2y/30-FaceId-0_align.webp,0.20052,0.0,0.0872065936420937
database3/database3/m.017mrb/26-FaceId-0_align.webp,0.125876,1.0,0.0762059966231548
database3/database3/m.017q3j/27-FaceId-0_align.webp,0.040475,1.0,0.0720632104972911
database3/database3/m.017q3j/87-FaceId-1_align.webp,0.137407,1.0,0.1258269087291718
database3/database3/m.017qkp/105-FaceId-0_align.webp,0.016276,1.0,0.0648473294406372
database3/database3/m.017qkp/8-FaceId-0_align.webp,0.006413,1.0,0.0710819762648252
database3/database3/m.017r13/15-FaceId-0_align.webp,0.004576,1.0,0.0666317531115786
database3/database3/m.017r13/32-FaceId-0_align.webp,0.001926,1.0,0.0628637583182762
database3/database3/m.017r13/71-FaceId-0_align.webp,0.149849,1.0,0.0788099262318801
database3/database3/m.017r5g/69-FaceId-0_align.webp,0.246362,0.0,0.1026478293083196
database3/database3/m.017rh4/92-FaceId-0_align.webp,0.059749,1.0,0.0821586542011455
database3/database3/m.017rjs/94-FaceId-0_align.webp,0.227853,1.0,0.0734027494059482
database3/database3/m.017tk3/113-FaceId-0_align.webp,0.041074,1.0,0.0897849975755906
database3/database3/m.017tk3/5-FaceId-0_align.webp,0.023981,1.0,0.0905041828271991
database3/database3/m.017tk3/61-FaceId-0_align.webp,0.058875,1.0,0.1034288957833352
database3/database3/m.017tk3/83-FaceId-0_align.webp,0.016266,1.0,0.0814839202837749
database3/database3/m.017tkv/15-FaceId-0_align.webp,0.09519,0.0,0.0709441940733112
database3/database3/m.017tkv/5-FaceId-0_align.webp,0.108291,0.0,0.0784862181387076
database3/database3/m.017tlt/70-FaceId-0_align.webp,0.079127,1.0,0.0511098600279462
database3/database3/m.017tn4/17-FaceId-0_align.webp,0.026983,1.0,0.140389468897887
database3/database3/m.017tn4/54-FaceId-2_align.webp,0.042656,1.0,0.1108793726662605
database3/database3/m.017tnz/116-FaceId-0_align.webp,0.135035,1.0,0.0850314930790946
database3/database3/m.017vfn/43-FaceId-0_align.webp,0.036126,1.0,0.0780277236116524
database3/database3/m.017vkk/88-FaceId-0_align.webp,0.022172,0.0,0.0792790363635057
database3/database3/m.017vkx/34-FaceId-1_align.webp,0.050784,1.0,0.1655645274272949
database3/database3/m.017wbg/77-FaceId-0_align.webp,0.079706,1.0,0.0723939077364925
database3/database3/m.017x_s/36-FaceId-0_align.webp,0.021378,1.0,0.1606242718230474
database3/database3/m.017xm3/52-FaceId-0_align.webp,0.225925,0.0,0.085896068848095
database3/database3/m.017yfz/93-FaceId-0_align.webp,0.237267,1.0,0.0
database3/database3/m.017yvm/5-FaceId-0_align.webp,0.011632,1.0,0.0767060934684823
database3/database3/m.017yvm/93-FaceId-0_align.webp,0.007487,1.0,0.1205074530383103
database3/database3/m.017yzt/119-FaceId-0_align.webp,0.299381,0.0,0.0917546775504087
database3/database3/m.017yzt/55-FaceId-0_align.webp,0.055778,0.0,0.0667486739688086
database3/database3/m.017yzt/61-FaceId-0_align.webp,0.0,0.0,0.0597501996269541
database3/database3/m.017z_/91-FaceId-0_align.webp,0.06531,1.0,0.1423146198162858
database3/database3/m.017zng/39-FaceId-0_align.webp,0.114304,1.0,0.0697646633316086
database3/database3/m.017zng/73-FaceId-0_align.webp,0.087005,1.0,0.1166978248853919
database3/database3/m.017zng/97-FaceId-0_align.webp,0.096418,1.0,0.0596771809096868
database3/database3/m.01804k/55-FaceId-0_align.webp,0.104401,0.0,0.0777694238822774
database3/database3/m.01807/65-FaceId-0_align.webp,0.087681,1.0,0.171536826132701
database3/database3/m.01807/73-FaceId-0_align.webp,0.147607,1.0,0.1885917524034632
database3/database3/m.018144/31-FaceId-0_align.webp,0.317719,1.0,0.0706282860747179
database3/database3/m.018144/55-FaceId-0_align.webp,0.076827,1.0,0.0776765411497302
database3/database3/m.01815s/106-FaceId-0_align.webp,0.234236,0.0,0.0858165766758023
database3/database3/m.01815s/50-FaceId-0_align.webp,0.243106,0.0,0.0812289138926631
database3/database3/m.01815s/64-FaceId-0_align.webp,0.173641,0.0,0.0832837745007895
database3/database3/m.0181gp/6-FaceId-0_align.webp,0.043543,1.0,0.0800254387035239
database3/database3/m.0181j_/107-FaceId-0_align.webp,0.027129,0.0,0.0771556919213554
database3/database3/m.0181kg/14-FaceId-0_align.webp,0.119867,1.0,0.1593574650284868
database3/database3/m.0181lj/18-FaceId-0_align.webp,0.190172,1.0,0.0514567928363565
database3/database3/m.0181p_/19-FaceId-0_align.webp,0.041166,1.0,0.131774246568588
database3/database3/m.0181p_/99-FaceId-0_align.webp,0.035046,1.0,0.0831218755673134
database3/database3/m.0181ph/4-FaceId-0_align.webp,0.019163,1.0,0.1229225503915701
database3/database3/m.0181ph/8-FaceId-0_align.webp,0.037384,1.0,0.0
database3/database3/m.0181x9/43-FaceId-0_align.webp,0.029481,1.0,0.0806926403627523
database3/database3/m.0181xq/13-FaceId-0_align.webp,0.002527,0.0,0.0943493739204657
database3/database3/m.0182hg/59-FaceId-0_align.webp,0.003662,1.0,0.0694995268439163
database3/database3/m.0182q2/111-FaceId-0_align.webp,0.014398,1.0,0.0812290018912112
database3/database3/m.0182q2/47-FaceId-0_align.webp,0.020684,1.0,0.0835351521598472
database3/database3/m.0182q2/58-FaceId-0_align.webp,0.034155,1.0,0.0656127479995013
database3/database3/m.0182vk/101-FaceId-0_align.webp,0.185784,1.0,0.1952821475555195
database3/database3/m.0182vk/97-FaceId-0_align.webp,0.113244,1.0,0.0903530588476437
database3/database3/m.01830j/15-FaceId-0_align.webp,0.208446,0.0,0.1024987787184173
database3/database3/m.01833g/76-FaceId-0_align.webp,0.008544,1.0,0.0926527429493516
database3/database3/m.018348/1-FaceId-0_align.webp,0.029671,1.0,0.1075962041789713
database3/database3/m.0183f9/72-FaceId-0_align.webp,0.028848,1.0,0.1502706572917763
database3/database3/m.018417/7-FaceId-0_align.webp,0.270045,0.0,0.0879173445750711
database3/database3/m.018493/45-FaceId-0_align.webp,0.059135,0.0,0.0894389645555437
database3/database3/m.0184cd/37-FaceId-0_align.webp,0.012663,0.0,0.0799091153940831
database3/database3/m.0184cd/69-FaceId-0_align.webp,0.041234,0.0,0.0803974024761881
database3/database3/m.0184jc/9-FaceId-0_align.webp,0.061679,1.0,0.1015404788728992
database3/database3/m.0184xq/86-FaceId-0_align.webp,0.010468,1.0,0.1100251821888397
database3/database3/m.0185gs/107-FaceId-0_align.webp,0.133885,1.0,0.0744507282728381
database3/database3/m.0187y5/50-FaceId-0_align.webp,0.011259,1.0,0.2600942807481202
database3/database3/m.0187y5/55-FaceId-0_align.webp,0.018906,1.0,0.086211002756829
database3/database3/m.0188n0/16-FaceId-0_align.webp,0.119925,1.0,0.092429540246164
database3/database3/m.0188n0/81-FaceId-0_align.webp,0.437819,1.0,0.1060518685506917
database3/database3/m.0188n0/93-FaceId-0_align.webp,0.241643,1.0,0.1215276579683581
database3/database3/m.0188nj/68-FaceId-0_align.webp,0.036499,1.0,0.0673841555322818
database3/database3/m.018_3q/101-FaceId-0_align.webp,0.001235,1.0,0.3890867518579337
database3/database3/m.018_3q/89-FaceId-0_align.webp,0.024563,1.0,0.0641943523831356
database3/database3/m.018_lb/81-FaceId-0_align.webp,0.104704,0.0,0.0569701434955482
database3/database3/m.018c42/45-FaceId-1_align.webp,0.268912,1.0,0.0805479161454308
database3/database3/m.018c42/5-FaceId-0_align.webp,0.033426,1.0,0.0799266247379454
database3/database3/m.018cx_/16-FaceId-0_align.webp,0.128439,0.0,0.0757195292995993
database3/database3/m.018dnt/83-FaceId-0_align.webp,0.012334,1.0,0.0761633231271644
database3/database3/m.018dpq/74-FaceId-0_align.webp,0.08469,1.0,0.0756771930257931
database3/database3/m.018dpq/9-FaceId-0_align.webp,0.06436,1.0,0.1130443471031343
database3/database3/m.018dq3/21-FaceId-0_align.webp,0.264271,0.0,0.0918593092784543
database3/database3/m.018dq3/43-FaceId-0_align.webp,0.005771,0.0,0.0777118160089721
database3/database3/m.018dqg/14-FaceId-0_align.webp,0.002005,1.0,0.0663536217435466
database3/database3/m.018dyl/57-FaceId-0_align.webp,0.066796,1.0,0.0550441825072745
database3/database3/m.018f07/77-FaceId-0_align.webp,0.067893,1.0,0.1009634628491687
database3/database3/m.018f07/88-FaceId-0_align.webp,0.019681,1.0,0.0692899756451935
database3/database3/m.018f_y/78-FaceId-0_align.webp,0.005574,1.0,0.2550315518409012
database3/database3/m.018fkc/18-FaceId-0_align.webp,0.048624,0.0,0.1079628023940812
database3/database3/m.018fkc/51-FaceId-0_align.webp,0.004824,1.0,0.0761114840841481
database3/database3/m.018fmr/107-FaceId-0_align.webp,0.087037,0.0,0.0862121443702214
database3/database3/m.018fmr/38-FaceId-0_align.webp,0.082888,0.0,0.1372746453301063
database3/database3/m.018fmr/39-FaceId-0_align.webp,0.154489,0.0,0.0796864943094144
database3/database3/m.018fmr/77-FaceId-0_align.webp,0.094029,0.0,0.073534079647446
database3/database3/m.018fmr/96-FaceId-0_align.webp,0.118151,0.0,0.0981804173186457
database3/database3/m.018fvy/74-FaceId-0_align.webp,0.006913,1.0,0.0717673838949783
database3/database3/m.018fwb/106-FaceId-0_align.webp,0.105164,0.0,0.0966487107158887
database3/database3/m.018fyy/5-FaceId-0_align.webp,0.161114,0.0,0.077609722396254
database3/database3/m.018fzs/56-FaceId-0_align.webp,0.057952,1.0,0.1417432521982881
database3/database3/m.018fzs/60-FaceId-0_align.webp,0.058021,1.0,0.0662480961442803
database3/database3/m.018fzs/89-FaceId-0_align.webp,0.00707,1.0,0.0653318193453125
database3/database3/m.018g4z/59-FaceId-0_align.webp,0.266921,0.0,0.1569489596750196
database3/database3/m.018gcf/20-FaceId-0_align.webp,0.017916,1.0,0.0704082681482913
database3/database3/m.018gcf/28-FaceId-0_align.webp,0.0,1.0,0.0854716648454289
database3/database3/m.018gjx/0-FaceId-0_align.webp,0.03658,1.0,0.0759799262774457
database3/database3/m.018gjx/88-FaceId-1_align.webp,0.040357,1.0,0.0767173261285506
database3/database3/m.018gkb/31-FaceId-0_align.webp,0.133832,1.0,0.1288225653414947
database3/database3/m.018gkb/69-FaceId-0_align.webp,0.119964,1.0,0.0764225466540845
database3/database3/m.018gl5/55-FaceId-0_align.webp,0.0,1.0,0.071258790186099
database3/database3/m.018gn4/7-FaceId-0_align.webp,0.045659,1.0,0.0853215398546637
database3/database3/m.018gn4/95-FaceId-0_align.webp,0.084694,1.0,0.0838103292400942
database3/database3/m.018gqj/17-FaceId-0_align.webp,0.18042,1.0,0.0796149545776455
database3/database3/m.018gqj/45-FaceId-0_align.webp,0.048033,1.0,0.0798071567058393
database3/database3/m.018gqj/51-FaceId-0_align.webp,0.113401,1.0,0.0881521498864134
database3/database3/m.018gqj/9-FaceId-0_align.webp,0.182644,1.0,0.093171866210401
database3/database3/m.018gsl/54-FaceId-0_align.webp,0.015144,1.0,0.2097609625018019
database3/database3/m.018gw3/19-FaceId-0_align.webp,0.042889,1.0,0.1693426504575207
database3/database3/m.018h84/20-FaceId-0_align.webp,0.006714,1.0,0.0822558889380152
database3/database3/m.018h84/4-FaceId-0_align.webp,0.077047,1.0,0.0549611251255947
database3/database3/m.018hhw/26-FaceId-0_align.webp,0.058762,0.0,0.0817227796470881
database3/database3/m.018hwl/22-FaceId-0_align.webp,0.105538,1.0,0.1085307559221726
database3/database3/m.018j3w/52-FaceId-0_align.webp,0.03127,1.0,0.0562774663687304
database3/database3/m.018j4c/21-FaceId-0_align.webp,0.159984,1.0,0.0744546251160775
database3/database3/m.018j4c/60-FaceId-0_align.webp,0.116911,1.0,0.1090452155006332
database3/database3/m.018j4c/72-FaceId-0_align.webp,0.050298,1.0,0.0798780900835968
database3/database3/m.018j5m/87-FaceId-0_align.webp,0.119486,0.0,0.103557892562916
database3/database3/m.018jnn/6-FaceId-0_align.webp,0.046059,1.0,0.0585401540647901
database3/database3/m.018jnn/60-FaceId-0_align.webp,0.021036,1.0,0.0565405765129772
database3/database3/m.018jz8/4-FaceId-0_align.webp,0.129694,1.0,0.0776158115543041
database3/database3/m.018kd0/56-FaceId-0_align.webp,0.078738,1.0,0.0829488811372237
database3/database3/m.018kjc/45-FaceId-0_align.webp,0.336481,1.0,0.1077083723794478
database3/database3/m.018kjc/74-FaceId-0_align.webp,0.359873,1.0,0.1031171168723651
database3/database3/m.018lb1/1-FaceId-0_align.webp,0.066363,0.0,0.0775783780862168
database3/database3/m.018lb1/113-FaceId-0_align.webp,0.174767,0.0,0.0837945694360667
database3/database3/m.018lb1/45-FaceId-0_align.webp,0.011283,0.0,0.0691488326443326
database3/database3/m.018lb1/60-FaceId-0_align.webp,0.101898,0.0,0.075486057320724
database3/database3/m.018lb1/67-FaceId-0_align.webp,0.058712,0.0,0.0897260747087819
database3/database3/m.018lp7/31-FaceId-0_align.webp,0.068826,0.0,0.087172927083562
database3/database3/m.018lp7/5-FaceId-0_align.webp,0.037973,0.0,0.0789834623334624
database3/database3/m.018lpm/41-FaceId-0_align.webp,0.03151,1.0,0.1337168166157748
database3/database3/m.018lx_/11-FaceId-0_align.webp,0.157239,1.0,0.1081405862796113
database3/database3/m.018lxn/67-FaceId-0_align.webp,0.041223,0.0,0.0731205874381457
database3/database3/m.018m5c/31-FaceId-0_align.webp,0.012538,1.0,0.0570254860646707
database3/database3/m.018m5c/6-FaceId-0_align.webp,0.013236,1.0,0.062557693829266
database3/database3/m.018m5c/74-FaceId-0_align.webp,0.007729,1.0,0.0824738298874913
database3/database3/m.018mfl/68-FaceId-0_align.webp,0.01486,1.0,0.1007949387175071
database3/database3/m.018n52/37-FaceId-0_align.webp,0.024108,1.0,0.0633504725085434
database3/database3/m.018n7d/44-FaceId-0_align.webp,0.002157,1.0,0.0633173882486511
database3/database3/m.018n9d/58-FaceId-0_align.webp,0.182622,1.0,0.0712682980165171
database3/database3/m.018nqq/25-FaceId-0_align.webp,0.02666,1.0,0.0592728028830835
database3/database3/m.018nqq/56-FaceId-0_align.webp,0.002557,1.0,0.0987613920567782
database3/database3/m.018nwp/42-FaceId-0_align.webp,0.023176,1.0,0.1664027149321266
database3/database3/m.018p19/2-FaceId-0_align.webp,0.029409,1.0,0.1096271742596708
database3/database3/m.018pj3/21-FaceId-0_align.webp,0.206243,0.0,0.0612174844620672
database3/database3/m.018pkl/117-FaceId-0_align.webp,0.00271,1.0,0.1021422248295528
database3/database3/m.018ptf/125-FaceId-1_align.webp,0.193842,0.0,0.123217380575209
database3/database3/m.018ptf/6-FaceId-0_align.webp,0.184452,1.0,0.0757145217202129
database3/database3/m.018ptf/69-FaceId-0_align.webp,0.264398,1.0,0.15
database3/database3/m.018ptf/87-FaceId-0_align.webp,0.284614,1.0,0.0990277578294895
database3/database3/m.018pyg/114-FaceId-0_align.webp,0.004286,0.0,0.0629801282519934
database3/database3/m.018pyg/50-FaceId-0_align.webp,0.094308,0.0,0.0606032046447005
database3/database3/m.018q7p/61-FaceId-0_align.webp,0.113962,1.0,0.0838593661990718
database3/database3/m.018qkz/35-FaceId-0_align.webp,0.11651,0.0,0.0871150398523522
database3/database3/m.018qkz/48-FaceId-0_align.webp,0.078768,0.0,0.0912052910465205
database3/database3/m.018qlp/1-FaceId-0_align.webp,0.057596,0.0,0.0914342143075421
database3/database3/m.018qlp/2-FaceId-0_align.webp,0.201501,0.0,0.1075417141580955
database3/database3/m.018qlp/67-FaceId-0_align.webp,0.023725,0.0,0.0715584883885418
database3/database3/m.018qlp/73-FaceId-0_align.webp,0.048836,0.0,0.0804673183769829
database3/database3/m.018qlp/81-FaceId-0_align.webp,0.220874,0.0,0.089601996386758
database3/database3/m.018qlp/99-FaceId-0_align.webp,0.098556,0.0,0.0859210067015338
database3/database3/m.018qn8/16-FaceId-0_align.webp,0.180079,0.0,0.0863094225880587
database3/database3/m.018qn8/24-FaceId-0_align.webp,0.067297,0.0,0.0856395478539894
database3/database3/m.018qn8/3-FaceId-0_align.webp,0.144663,0.0,0.0869483467543727
database3/database3/m.018qpb/20-FaceId-0_align.webp,0.030827,0.0,0.0529803536301306
database3/database3/m.018qpb/42-FaceId-0_align.webp,0.04676,0.0,0.07024773737353
database3/database3/m.018qr9/59-FaceId-0_align.webp,0.041718,0.0,0.0740717887637817
database3/database3/m.018qwf/0-FaceId-0_align.webp,0.034965,1.0,0.05171354101998
database3/database3/m.018qx5/48-FaceId-0_align.webp,0.145397,0.0,0.151287284233559
database3/database3/m.018r3g/1-FaceId-0_align.webp,0.015575,1.0,0.2130704611243831
database3/database3/m.018rsq/63-FaceId-0_align.webp,0.05182,1.0,0.0666823514701012
database3/database3/m.018rsq/82-FaceId-0_align.webp,0.021029,1.0,0.0765830725288093
database3/database3/m.018ry5/78-FaceId-0_align.webp,0.052713,1.0,0.0839270354638783
database3/database3/m.018s7v/75-FaceId-0_align.webp,0.055964,0.0,0.0881300930487787
database3/database3/m.018slq/19-FaceId-0_align.webp,0.164016,1.0,0.0865420322295717
database3/database3/m.018swb/94-FaceId-0_align.webp,0.035612,1.0,0.0883782552521005
database3/database3/m.018t67/2-FaceId-0_align.webp,0.002151,1.0,0.0516582672948695
database3/database3/m.018t67/75-FaceId-0_align.webp,0.002161,1.0,0.0567780792070975
database3/database3/m.018t67/76-FaceId-0_align.webp,0.014984,1.0,0.0611554133888333
database3/database3/m.018tfd/63-FaceId-0_align.webp,0.039426,1.0,0.0539225887665525
database3/database3/m.018tvs/4-FaceId-0_align.webp,0.186437,1.0,0.091146509970795
database3/database3/m.018v8c/66-FaceId-0_align.webp,0.031012,1.0,0.0590441451942941
database3/database3/m.018v_8/56-FaceId-0_align.webp,0.065146,1.0,0.0609141041588158
database3/database3/m.018vhw/41-FaceId-2_align.webp,0.017996,1.0,0.264614104431038
database3/database3/m.018vhw/84-FaceId-1_align.webp,0.010037,1.0,0.0892460640619283
database3/database3/m.018vhw/94-FaceId-0_align.webp,0.022504,1.0,0.067761356917688
database3/database3/m.018w6s/30-FaceId-0_align.webp,0.009687,1.0,0.2348671434117766
database3/database3/m.018wh0/34-FaceId-0_align.webp,0.038341,1.0,0.06062352236147
database3/database3/m.018wqb/36-FaceId-1_align.webp,0.061601,1.0,0.1280203932143817
database3/database3/m.018x3/82-FaceId-0_align.webp,0.000249,1.0,0.0606738815501745
database3/database3/m.018x3/89-FaceId-0_align.webp,0.006661,1.0,0.1000058988847535
database3/database3/m.018xrz/49-FaceId-0_align.webp,0.084464,1.0,0.0838523688772737
database3/database3/m.018y0w/54-FaceId-0_align.webp,0.014612,1.0,0.0736926458814317
database3/database3/m.018y2s/21-FaceId-0_align.webp,0.010478,1.0,0.0791030431182552
database3/database3/m.018y4x/104-FaceId-0_align.webp,0.014664,1.0,0.0708582587590442
database3/database3/m.018y4x/94-FaceId-0_align.webp,0.083805,1.0,0.0546198381871909
database3/database3/m.018ycp/32-FaceId-0_align.webp,0.169605,1.0,0.0699650346426645
database3/database3/m.018ycp/64-FaceId-0_align.webp,0.011204,1.0,0.0672435431754417
