filename,target,gender,pred
database1/img00000154.webp,0.036749,1.0,0.0335305295884609
database1/img00000271.webp,0.229724,1.0,0.2030756473541259
database1/img00000323.webp,0.120628,0.0,0.1345933079719543
database1/img00000364.webp,0.00341,1.0,0.0151497554033994
database1/img00000371.webp,0.000249,1.0,0.0096213808283209
database1/img00000438.webp,0.102267,0.0,0.0979858636856079
database1/img00000448.webp,0.032257,0.0,0.0579024888575077
database1/img00000477.webp,0.158779,0.0,0.1606972962617874
database1/img00000491.webp,0.333523,0.0,0.2949919104576111
database1/img00000679.webp,0.022454,0.0,0.0412188209593296
database1/img00000766.webp,0.241328,0.0,0.2268846035003662
database1/img00000781.webp,0.01402,1.0,0.0102557959035038
database1/img00000793.webp,0.308688,0.0,0.3107648193836212
database1/img00000806.webp,0.083687,1.0,0.0994514524936676
database1/img00000857.webp,0.167176,0.0,0.1352143138647079
database1/img00000882.webp,0.118298,0.0,0.1021579653024673
database1/img00000903.webp,0.006576,1.0,0.0239027608186006
database1/img00000929.webp,0.021546,1.0,0.0292784869670867
database1/img00000941.webp,0.232414,0.0,0.2282727211713791
database1/img00001032.webp,0.044127,1.0,0.0593578033149242
database1/img00001145.webp,0.022379,1.0,0.0224821325391531
database1/img00001291.webp,0.022322,0.0,0.0353578776121139
database1/img00001371.webp,0.148865,0.0,0.1607481688261032
database1/img00001491.webp,0.264813,0.0,0.2262963354587555
database1/img00001551.webp,0.054068,1.0,0.0602988079190254
database1/img00001573.webp,0.095382,0.0,0.1049498096108436
database1/img00001650.webp,0.088325,0.0,0.0842010676860809
database1/img00001652.webp,0.074782,1.0,0.0620768889784812
database1/img00001674.webp,0.188753,0.0,0.2035549879074096
database1/img00001701.webp,0.002942,1.0,0.0149163296446204
database1/img00001779.webp,0.009358,1.0,0.0256521012634038
database1/img00001812.webp,0.017934,0.0,0.0256408173590898
database1/img00001859.webp,0.006232,1.0,0.0322414636611938
database1/img00001872.webp,0.094988,0.0,0.0997757539153099
database1/img00001883.webp,0.015755,0.0,0.0272439792752265
database1/img00001978.webp,0.02291,1.0,0.029836680740118
database1/img00002013.webp,0.068771,1.0,0.0384089760482311
database1/img00002073.webp,0.265663,0.0,0.2520820796489715
database1/img00002136.webp,0.083835,0.0,0.06510491669178
database1/img00002187.webp,0.062593,1.0,0.0468335561454296
database1/img00002221.webp,0.024328,1.0,0.0210712198168039
database1/img00002227.webp,0.172367,0.0,0.1723649352788925
database1/img00002414.webp,0.290565,0.0,0.2716474533081054
database1/img00002415.webp,0.370759,0.0,0.3643665313720703
database1/img00002527.webp,0.008082,0.0,0.0208383165299892
database1/img00002649.webp,0.108227,0.0,0.1188850775361061
database1/img00002695.webp,0.191496,0.0,0.1825407892465591
database1/img00002698.webp,0.019352,0.0,0.0248304978013038
database1/img00002713.webp,0.025594,1.0,0.0492414087057113
database1/img00002737.webp,0.01324,1.0,0.0227408148348331
database1/img00002813.webp,0.015997,0.0,0.0268476586788892
database1/img00002915.webp,0.059948,0.0,0.0756155773997306
database1/img00002916.webp,0.061003,0.0,0.0803361535072326
database1/img00003052.webp,0.34648,0.0,0.3172160983085632
database1/img00003146.webp,0.130163,0.0,0.1344064623117447
database1/img00003162.webp,0.193332,0.0,0.204867884516716
database1/img00003199.webp,0.314562,0.0,0.3009445071220398
database1/img00003273.webp,0.126445,0.0,0.1396401673555374
database1/img00003300.webp,0.007141,1.0,0.0182425528764724
database1/img00003360.webp,0.008946,1.0,0.0183815043419599
database1/img00003390.webp,0.054933,0.0,0.0443472936749458
database1/img00003437.webp,0.01322,1.0,0.023122077807784
database1/img00003452.webp,0.040754,0.0,0.022476490586996
database1/img00003584.webp,0.23463,0.0,0.1931155771017074
database1/img00003713.webp,0.000555,1.0,0.0129660340026021
database1/img00003746.webp,0.099051,1.0,0.0769364312291145
database1/img00003877.webp,0.01258,0.0,0.0211460143327713
database1/img00003884.webp,0.091278,0.0,0.1146193146705627
database1/img00003887.webp,0.010493,1.0,0.0470868274569511
database1/img00003978.webp,0.178955,0.0,0.1636517494916916
database1/img00004026.webp,0.365443,0.0,0.3588827550411224
database1/img00004041.webp,0.094007,0.0,0.0889372453093528
database1/img00004164.webp,0.026259,1.0,0.0189874358475208
database1/img00004216.webp,0.034337,0.0,0.0315900556743145
database1/img00004261.webp,0.165876,0.0,0.1618089526891708
database1/img00004273.webp,0.156777,0.0,0.1605213284492492
database1/img00004308.webp,0.126358,0.0,0.123331643640995
database1/img00004416.webp,0.13739,1.0,0.1560424119234085
database1/img00004426.webp,0.364242,1.0,0.3357727527618408
database1/img00004540.webp,0.140347,0.0,0.1485038995742797
database1/img00004621.webp,0.130906,0.0,0.1476283818483352
database1/img00004701.webp,0.060368,0.0,0.0494284704327583
database1/img00004841.webp,0.021785,1.0,0.0258346665650606
database1/img00004851.webp,0.058337,1.0,0.0653583258390426
database1/img00004895.webp,0.001337,1.0,0.0117412842810153
database1/img00005027.webp,0.095752,1.0,0.0919420719146728
database1/img00005030.webp,0.114344,0.0,0.1036439388990402
database1/img00005095.webp,0.018419,0.0,0.0274428743869066
database1/img00005116.webp,0.107525,0.0,0.1260855048894882
database1/img00005179.webp,0.058586,1.0,0.0559532009065151
database1/img00005208.webp,0.021009,1.0,0.0314738824963569
database1/img00005271.webp,0.408256,0.0,0.4585721492767334
database1/img00005293.webp,0.043233,0.0,0.0750078037381172
database1/img00005339.webp,0.173984,0.0,0.1589700132608413
database1/img00005347.webp,0.002911,0.0,0.0080047845840454
database1/img00005361.webp,0.189098,0.0,0.1751909554004669
database1/img00005501.webp,0.145725,0.0,0.1590162217617035
database1/img00005507.webp,0.232343,0.0,0.2392299622297287
database1/img00005509.webp,0.003247,1.0,0.0135251935571432
database1/img00005522.webp,0.185571,0.0,0.2129129767417907
database1/img00005579.webp,0.037795,1.0,0.05335558578372
database1/img00005689.webp,0.281579,0.0,0.2615638971328735
database1/img00005696.webp,0.366924,0.0,0.3974747061729431
database1/img00005723.webp,0.013358,0.0,0.0319028086960315
database1/img00005726.webp,0.041346,1.0,0.0435922406613826
database1/img00005753.webp,0.009879,0.0,0.0232988018542528
database1/img00005766.webp,0.177714,0.0,0.1645619422197342
database1/img00005768.webp,0.024309,1.0,0.0461655929684639
database1/img00005822.webp,0.022373,0.0,0.0284094139933586
database1/img00005851.webp,0.375359,0.0,0.3787432610988617
database1/img00005896.webp,0.063671,0.0,0.0815177708864212
database1/img00005910.webp,0.374925,0.0,0.2950640916824341
database1/img00006003.webp,0.020291,1.0,0.020411904901266
database1/img00006021.webp,0.018409,1.0,0.0239270702004432
database1/img00006047.webp,0.105454,0.0,0.1129617840051651
database1/img00006101.webp,0.326093,0.0,0.3226374983787536
database1/img00006168.webp,0.00248,1.0,0.0125500485301017
database1/img00006196.webp,0.0412,1.0,0.0285840090364217
database1/img00006204.webp,0.331116,1.0,0.3311410844326019
database1/img00006269.webp,0.011789,1.0,0.0141656454652547
database1/img00006334.webp,0.003849,1.0,0.0111744264140725
database1/img00006414.webp,0.208227,0.0,0.1820170730352401
database1/img00006420.webp,0.026323,1.0,0.0363070033490657
database1/img00006436.webp,0.008945,1.0,0.0233230404555797
database1/img00006571.webp,0.06176,0.0,0.0501723624765872
database1/img00006576.webp,0.028441,1.0,0.051701683551073
database1/img00006629.webp,0.000814,1.0,0.0562880374491214
database1/img00006690.webp,0.119839,0.0,0.1170778721570968
database1/img00006694.webp,0.019638,1.0,0.0272057354450225
database1/img00006722.webp,0.383369,0.0,0.3736119866371155
database1/img00006757.webp,0.169654,1.0,0.1595252156257629
database1/img00007032.webp,0.079705,0.0,0.1232631132006645
database1/img00007152.webp,0.296672,0.0,0.3085682690143585
database1/img00007289.webp,0.004896,1.0,0.0060173068195581
database1/img00007329.webp,0.096683,0.0,0.1131225228309631
database1/img00007335.webp,0.012784,1.0,0.0283033903688192
database1/img00007354.webp,0.047242,0.0,0.0443592518568038
database1/img00007383.webp,0.020362,1.0,0.018898757174611
database1/img00007416.webp,0.105824,1.0,0.1301356852054596
database1/img00007435.webp,0.275659,0.0,0.2593016028404236
database1/img00007452.webp,0.091268,0.0,0.0975436419248581
database1/img00007454.webp,0.052407,1.0,0.0548040531575679
database1/img00007468.webp,0.289625,0.0,0.2942751348018646
database1/img00007470.webp,0.024029,1.0,0.0357615984976291
database1/img00007537.webp,0.023879,0.0,0.0387942194938659
database1/img00007538.webp,0.239526,0.0,0.2452849745750427
database1/img00007592.webp,0.092299,0.0,0.0830771103501319
database1/img00007663.webp,0.000453,1.0,0.0356297828257083
database1/img00007675.webp,0.145663,0.0,0.1457656472921371
database1/img00007764.webp,0.212475,0.0,0.2124618887901306
database1/img00007790.webp,0.273678,0.0,0.2400045990943908
database1/img00007837.webp,0.07434,0.0,0.0741052776575088
database1/img00007851.webp,0.187909,0.0,0.1860914528369903
database1/img00007897.webp,0.021438,1.0,0.0173705872148275
database1/img00007955.webp,0.100119,0.0,0.0959259644150734
database1/img00007965.webp,0.126287,0.0,0.1238298416137695
database1/img00008054.webp,0.125876,0.0,0.1453978717327118
database1/img00008062.webp,0.192134,0.0,0.1744728982448578
database1/img00008079.webp,0.010384,1.0,0.0140285100787878
database1/img00008191.webp,0.127108,1.0,0.1379855722188949
database1/img00008233.webp,0.03355,1.0,0.0316607765853405
database1/img00008333.webp,0.123145,0.0,0.1068508923053741
database1/img00008350.webp,0.003002,0.0,0.0486684702336788
database1/img00008419.webp,0.136366,0.0,0.1051901802420616
database1/img00008444.webp,0.19563,0.0,0.1947291493415832
database1/img00008485.webp,0.153649,0.0,0.1554615050554275
database1/img00008500.webp,0.243166,1.0,0.2436641454696655
database1/img00008540.webp,0.020411,1.0,0.0137167191132903
database1/img00008619.webp,0.172849,1.0,0.1864098012447357
database1/img00008684.webp,0.116788,1.0,0.1452884227037429
database1/img00008694.webp,0.257404,1.0,0.2270662933588028
database1/img00008702.webp,0.150713,0.0,0.1376817524433136
database1/img00008778.webp,0.047436,1.0,0.0294573511928319
database1/img00008864.webp,0.142253,1.0,0.1574620753526687
database1/img00008929.webp,0.025151,1.0,0.0138583751395344
database1/img00009119.webp,0.134423,0.0,0.1362287253141403
database1/img00009131.webp,0.11769,0.0,0.1218711510300636
database1/img00009180.webp,0.22272,0.0,0.2085868269205093
database1/img00009210.webp,0.133618,1.0,0.1384229212999344
database1/img00009215.webp,0.015083,1.0,0.0134166674688458
database1/img00009309.webp,0.232271,0.0,0.1950432360172271
database1/img00009310.webp,0.032707,1.0,0.0671186298131942
database1/img00009395.webp,0.188981,0.0,0.1934349238872528
database1/img00009397.webp,0.022474,0.0,0.0192173235118389
database1/img00009399.webp,0.009987,1.0,0.019458508118987
database1/img00009423.webp,0.205953,0.0,0.1840737760066986
database1/img00009521.webp,0.096612,0.0,0.1050422713160514
database1/img00009606.webp,0.062144,1.0,0.0612882152199745
database1/img00009643.webp,0.076471,0.0,0.0637600794434547
database1/img00009666.webp,0.249637,0.0,0.2341882437467575
database1/img00009740.webp,0.056754,0.0,0.0508482828736305
database1/img00009804.webp,0.00402,1.0,0.0339328721165657
database1/img00009898.webp,0.123271,0.0,0.1242952644824981
database1/img00009952.webp,0.220282,0.0,0.2153664976358413
database1/img00009963.webp,0.081114,1.0,0.0732963532209396
database1/img00010009.webp,0.161796,0.0,0.1745922714471817
database1/img00010196.webp,0.131846,0.0,0.1296794861555099
database1/img00010250.webp,0.119697,0.0,0.135136529803276
database1/img00010353.webp,0.145055,0.0,0.1392393559217453
database1/img00010363.webp,0.133258,0.0,0.1295790672302246
database1/img00010383.webp,0.010398,1.0,0.0254391990602016
database1/img00010445.webp,0.356323,0.0,0.367359459400177
database1/img00010509.webp,0.056891,1.0,0.0826985910534858
database1/img00010530.webp,0.091729,0.0,0.122638314962387
database1/img00010535.webp,0.304853,0.0,0.3400722742080688
database1/img00010537.webp,0.013696,0.0,0.0120947612449526
database1/img00010580.webp,0.154987,1.0,0.1914700269699096
database1/img00010612.webp,0.334599,0.0,0.3189491331577301
database1/img00010629.webp,0.060911,0.0,0.0498677231371402
database1/img00010643.webp,0.114721,1.0,0.1181063950061798
database1/img00010674.webp,0.023709,0.0,0.1182394698262214
database1/img00010757.webp,0.206361,0.0,0.2049688845872879
database1/img00010780.webp,0.013969,0.0,0.0221393052488565
database1/img00010790.webp,0.031334,0.0,0.0311366636306047
database1/img00010806.webp,0.065196,0.0,0.0544508881866931
database1/img00010887.webp,0.081617,0.0,0.0542399697005748
database1/img00010888.webp,0.233141,1.0,0.2461087852716446
database1/img00010982.webp,0.00745,1.0,0.0083684148266911
database1/img00010983.webp,0.20866,0.0,0.2130695581436157
database1/img00011118.webp,0.178597,1.0,0.1895416676998138
database1/img00011128.webp,0.27358,1.0,0.2823765575885772
database1/img00011142.webp,0.28074,1.0,0.29024338722229
database1/img00011296.webp,0.108452,1.0,0.0846283882856369
database1/img00011507.webp,0.092578,0.0,0.0870815366506576
database1/img00011516.webp,0.087323,0.0,0.0921937078237533
database1/img00011597.webp,0.091441,0.0,0.0947015359997749
database1/img00011619.webp,0.253533,0.0,0.2458083480596542
database1/img00011623.webp,0.079619,0.0,0.0588001422584056
database1/img00011711.webp,0.412517,0.0,0.3983692824840545
database1/img00011737.webp,0.360567,0.0,0.3633532226085663
database1/img00011787.webp,0.009168,1.0,0.0177229698747396
database1/img00011827.webp,0.096535,0.0,0.0704493597149849
database1/img00011910.webp,0.153312,0.0,0.132871463894844
database1/img00011946.webp,0.118833,0.0,0.1274811625480651
database1/img00011981.webp,0.044401,1.0,0.0450083687901496
database1/img00011982.webp,0.064973,1.0,0.0703942403197288
database1/img00012046.webp,0.013245,1.0,0.0139472410082817
database1/img00012050.webp,0.169118,0.0,0.1547458916902542
database1/img00012055.webp,0.118938,0.0,0.1200770288705825
database1/img00012083.webp,0.105677,1.0,0.0894192904233932
database1/img00012173.webp,0.148639,0.0,0.1375879496335983
database1/img00012174.webp,0.13274,0.0,0.1399397104978561
database1/img00012175.webp,0.161502,0.0,0.1713900119066238
database1/img00012194.webp,0.057599,0.0,0.0610652044415473
database1/img00012259.webp,0.022948,1.0,0.0152912754565477
database1/img00012293.webp,0.081765,0.0,0.0900657325983047
database1/img00012367.webp,0.265563,0.0,0.2463157474994659
database1/img00012402.webp,0.08769,0.0,0.1205799207091331
database1/img00012413.webp,0.178087,0.0,0.1890939027070999
database1/img00012417.webp,0.047864,1.0,0.0584212690591812
database1/img00012444.webp,0.279593,0.0,0.2934864461421966
database1/img00012509.webp,0.14518,0.0,0.1439122259616851
database1/img00012555.webp,0.159567,0.0,0.1571950018405914
database1/img00012681.webp,0.00788,1.0,0.0114722568541765
database1/img00012805.webp,0.03627,0.0,0.0432184748351573
database1/img00012844.webp,0.027729,1.0,0.042524728924036
database1/img00012874.webp,0.002528,1.0,0.0179697275161743
database1/img00012883.webp,0.105193,1.0,0.0802441090345382
database1/img00012980.webp,0.021348,1.0,0.0161832273006439
database1/img00013033.webp,0.378744,0.0,0.3621890842914581
database1/img00013074.webp,0.20406,0.0,0.1941003203392028
database1/img00013089.webp,0.0,1.0,0.0160944163799285
database1/img00013099.webp,0.124905,0.0,0.1392104029655456
database1/img00013109.webp,0.255454,0.0,0.2337215542793274
database1/img00013151.webp,0.003784,1.0,0.0068261944688856
database1/img00013182.webp,0.112701,0.0,0.097455158829689
database1/img00013213.webp,0.208104,1.0,0.2240911424160003
database1/img00013311.webp,0.021686,1.0,0.0188422203063964
database1/img00013313.webp,0.096531,0.0,0.0966027677059173
database1/img00013345.webp,0.111239,1.0,0.1131435334682464
database1/img00013392.webp,0.234015,0.0,0.2339128851890564
database1/img00013433.webp,0.013693,1.0,0.0072544110007584
database1/img00013450.webp,0.007936,1.0,0.010734736919403
database1/img00013515.webp,0.055869,0.0,0.0388676151633262
database1/img00013591.webp,0.097683,0.0,0.0839151442050933
database1/img00013659.webp,0.005492,0.0,0.0147274164482951
database1/img00013777.webp,0.039118,0.0,0.0543748550117015
database1/img00013856.webp,0.08085,0.0,0.0921017006039619
database1/img00013896.webp,0.155239,0.0,0.1550032496452331
database1/img00013978.webp,0.216187,1.0,0.2141047269105911
database1/img00014030.webp,0.009111,0.0,0.0379868037998676
database1/img00014146.webp,0.019737,0.0,0.0303129851818084
database1/img00014277.webp,0.009327,1.0,0.0208909586071968
database1/img00014440.webp,0.313716,0.0,0.2832545638084411
database1/img00014506.webp,0.002933,0.0,0.0144896758720278
database1/img00014634.webp,0.124116,1.0,0.1344021409749984
database1/img00014645.webp,0.294956,1.0,0.3090088069438934
database1/img00014657.webp,0.009173,1.0,0.0130836581811308
database1/img00014808.webp,0.222577,0.0,0.1816264241933822
database1/img00014845.webp,0.184098,0.0,0.1893954128026962
database1/img00014912.webp,0.085464,0.0,0.0745225995779037
database1/img00014924.webp,0.071344,1.0,0.0823449715971946
database1/img00015038.webp,0.222266,1.0,0.2166123539209365
database1/img00015081.webp,0.134204,0.0,0.1529616415500641
database1/img00015348.webp,0.225921,0.0,0.2580795586109161
database1/img00015359.webp,0.033386,0.0,0.0453810282051563
database1/img00015476.webp,0.164199,0.0,0.172196552157402
database1/img00015498.webp,0.128891,0.0,0.1128797009587287
database1/img00015505.webp,0.086803,0.0,0.0830670446157455
database1/img00015509.webp,0.096299,1.0,0.0908400416374206
database1/img00015766.webp,0.128287,0.0,0.1419828832149505
database1/img00015784.webp,0.198335,0.0,0.1732246875762939
database1/img00015947.webp,0.126497,0.0,0.1404657661914825
database1/img00016004.webp,0.076385,0.0,0.074028767645359
database1/img00016096.webp,0.018479,1.0,0.0415880344808101
database1/img00016164.webp,0.009807,1.0,0.0248460322618484
database1/img00016181.webp,0.000908,1.0,0.0242866240441799
database1/img00016288.webp,0.368142,0.0,0.3204108476638794
database1/img00016296.webp,0.233928,0.0,0.2306134402751922
database1/img00016398.webp,0.070727,0.0,0.1031714081764221
database1/img00016442.webp,0.050167,0.0,0.0772082507610321
database1/img00016457.webp,0.145227,1.0,0.1616142839193344
database1/img00016490.webp,0.091022,0.0,0.0766135901212692
database1/img00016497.webp,0.144198,0.0,0.1530824601650238
database1/img00016611.webp,0.10049,0.0,0.0751239880919456
database1/img00016679.webp,0.001846,0.0,0.0312201548367738
database1/img00016886.webp,0.012909,1.0,0.0145575143396854
database1/img00016934.webp,0.076123,1.0,0.0785539448261261
database1/img00016955.webp,0.030027,1.0,0.0452473238110542
database1/img00017135.webp,0.137474,0.0,0.1134259775280952
database1/img00017144.webp,0.291437,0.0,0.2709715068340301
database1/img00017157.webp,0.097188,0.0,0.0939162448048591
database1/img00017237.webp,0.019539,0.0,0.0254104677587747
database1/img00017467.webp,0.193369,0.0,0.2000528872013092
database1/img00017485.webp,0.231654,0.0,0.2903637290000915
database1/img00017623.webp,0.273226,0.0,0.2569660246372223
database1/img00017648.webp,0.013591,1.0,0.0262637361884117
database1/img00017737.webp,0.0127,1.0,0.0122223896905779
database1/img00017893.webp,0.369649,0.0,0.3547362685203552
database1/img00018025.webp,0.125656,0.0,0.1105048656463623
database1/img00018042.webp,0.016056,1.0,0.0231746807694435
database1/img00018045.webp,0.096288,0.0,0.082870177924633
database1/img00018076.webp,0.184672,1.0,0.1869197636842727
database1/img00018117.webp,0.020611,0.0,0.0261543132364749
database1/img00018133.webp,0.049189,0.0,0.0609555542469024
database1/img00018173.webp,0.28192,0.0,0.2751734852790832
database1/img00018225.webp,0.130293,0.0,0.1295363157987594
database1/img00018284.webp,0.238474,0.0,0.2441139817237854
database1/img00018380.webp,0.182421,0.0,0.1625767350196838
database1/img00018422.webp,0.021826,0.0,0.0266233347356319
database1/img00018465.webp,0.041569,1.0,0.0418607927858829
database1/img00018500.webp,0.147015,0.0,0.1624433696269989
database1/img00018591.webp,0.11045,0.0,0.1029940024018287
database1/img00018619.webp,0.026771,1.0,0.0357422344386577
database1/img00018643.webp,0.14475,0.0,0.1675397306680679
database1/img00018689.webp,0.008002,0.0,0.027852239087224
database1/img00018779.webp,0.045676,1.0,0.0582635439932346
database1/img00018873.webp,0.099329,0.0,0.1136694476008415
database1/img00018963.webp,0.0236,1.0,0.0181660689413547
database1/img00019125.webp,0.039224,1.0,0.0522763505578041
database1/img00019151.webp,0.151887,0.0,0.1593524068593979
database1/img00019162.webp,0.357571,0.0,0.3386689722537994
database1/img00019165.webp,0.070241,1.0,0.0987199917435646
database1/img00019172.webp,0.017685,0.0,0.0301832668483257
database1/img00019200.webp,0.017214,1.0,0.0232758428901433
database1/img00019353.webp,0.013152,0.0,0.0190687347203493
database1/img00019360.webp,0.02429,1.0,0.0259759351611137
database1/img00019362.webp,0.226958,0.0,0.2137158066034317
database1/img00019406.webp,0.122785,0.0,0.1083363592624664
database1/img00019511.webp,0.00639,1.0,0.0184637513011693
database1/img00019553.webp,0.097165,0.0,0.0724247694015502
database1/img00019616.webp,0.008603,1.0,0.0125044947490096
database1/img00019625.webp,0.044642,1.0,0.0383220613002777
database1/img00019811.webp,0.135181,0.0,0.1568767130374908
database1/img00019846.webp,0.085115,0.0,0.0874720886349678
database1/img00019883.webp,0.295134,0.0,0.2952843606472015
database1/img00019956.webp,0.121542,0.0,0.1171386763453483
database1/img00020019.webp,0.245216,0.0,0.2186145782470703
database1/img00020092.webp,0.229511,0.0,0.2314215749502182
database1/img00020095.webp,0.369647,0.0,0.3525645434856415
database1/img00020106.webp,0.016139,1.0,0.0240583159029483
database1/img00020280.webp,0.093764,0.0,0.1298409551382064
database1/img00020383.webp,0.174486,0.0,0.1521992683410644
database1/img00020425.webp,0.105022,0.0,0.0990760922431945
database1/img00020495.webp,0.101841,0.0,0.107357233762741
database1/img00020506.webp,0.143822,0.0,0.1459567844867706
database1/img00020690.webp,0.113169,0.0,0.1101002767682075
database1/img00020757.webp,0.123725,0.0,0.1406817436218261
database1/img00020765.webp,0.148549,0.0,0.1464021950960159
database1/img00020799.webp,0.406729,0.0,0.3925312757492065
database1/img00020831.webp,0.0,1.0,0.0136971725150942
database1/img00020839.webp,0.164052,0.0,0.160105288028717
database1/img00020840.webp,0.164657,0.0,0.167094200849533
database1/img00020876.webp,0.039848,0.0,0.0308154635131359
database1/img00020958.webp,0.18413,1.0,0.2094307094812393
database1/img00021024.webp,0.011248,1.0,0.0117931757122278
database1/img00021028.webp,0.079159,0.0,0.0638801231980323
database1/img00021119.webp,0.231027,0.0,0.234002873301506
database1/img00021174.webp,0.029653,1.0,0.031282901763916
database1/img00021203.webp,0.100309,1.0,0.108878269791603
database1/img00021240.webp,0.12352,0.0,0.1381137520074844
database1/img00021256.webp,0.115372,0.0,0.10227832198143
database1/img00021294.webp,0.230757,0.0,0.2507901787757873
database1/img00021336.webp,0.216002,0.0,0.2097599804401397
database1/img00021374.webp,0.038864,0.0,0.0385937392711639
database1/img00021382.webp,0.023478,1.0,0.0322299897670745
database1/img00021398.webp,0.118902,0.0,0.0946871265769004
database1/img00021523.webp,0.125539,0.0,0.1158352643251419
database1/img00021529.webp,0.020743,0.0,0.0390142276883125
database1/img00021585.webp,0.323915,0.0,0.2965178787708282
database1/img00021592.webp,0.053661,1.0,0.0365395098924636
database1/img00021620.webp,0.012103,1.0,0.0153664024546742
database1/img00021622.webp,0.258145,0.0,0.2437168657779693
database1/img00021629.webp,0.347567,0.0,0.3451160192489624
database1/img00021724.webp,0.117861,0.0,0.1428788304328918
database1/img00021737.webp,0.042247,1.0,0.049996368587017
database1/img00021763.webp,0.319156,0.0,0.260392427444458
database1/img00021881.webp,0.200485,0.0,0.1772024929523468
database1/img00021891.webp,0.158308,0.0,0.1653657555580139
database1/img00022037.webp,0.280548,0.0,0.2602522075176239
database1/img00022062.webp,0.084716,1.0,0.0577506311237812
database1/img00022089.webp,0.105552,0.0,0.1047230586409568
database1/img00022098.webp,0.019455,1.0,0.0196354296058416
database1/img00022099.webp,0.017022,1.0,0.0181725658476352
database1/img00022106.webp,0.009696,1.0,0.0775900408625602
database1/img00022110.webp,0.247685,0.0,0.2993396520614624
database1/img00022174.webp,0.246505,1.0,0.2242651134729385
database1/img00022220.webp,0.197348,0.0,0.2361960858106613
database1/img00022367.webp,0.130304,0.0,0.100313477218151
database1/img00022458.webp,0.178211,1.0,0.1279158443212509
database1/img00022462.webp,0.147091,1.0,0.1277654320001602
database1/img00022521.webp,0.025301,1.0,0.0244404729455709
database1/img00022669.webp,0.094607,1.0,0.142427459359169
database1/img00022715.webp,0.056654,0.0,0.0668008923530578
database1/img00022789.webp,0.207616,0.0,0.1790115237236023
database1/img00022833.webp,0.037262,1.0,0.0410532504320144
database1/img00022848.webp,0.082086,0.0,0.0901291370391845
database1/img00022964.webp,0.170935,0.0,0.1748869568109512
database1/img00023014.webp,0.001544,1.0,0.0152953546494245
database1/img00023146.webp,0.103648,1.0,0.0690092965960502
database1/img00023176.webp,0.028973,1.0,0.0231774896383285
database1/img00023181.webp,0.102577,0.0,0.0995334088802337
database1/img00023337.webp,0.089515,0.0,0.1038926169276237
database1/img00023439.webp,0.005019,1.0,0.0124145746231079
database1/img00023478.webp,0.105124,0.0,0.0885223373770713
database1/img00023517.webp,0.050744,0.0,0.0700888186693191
database1/img00023568.webp,0.010958,1.0,0.0101186037063598
database1/img00023725.webp,0.203847,0.0,0.1995438933372497
database1/img00023876.webp,0.079286,0.0,0.0790157839655876
database1/img00023903.webp,0.124474,0.0,0.1258557438850402
database1/img00024004.webp,0.151347,0.0,0.1565008610486984
database1/img00024033.webp,0.008003,1.0,0.0332245044410228
database1/img00024054.webp,0.158105,0.0,0.1814895719289779
database1/img00024075.webp,0.098827,0.0,0.1321662664413452
database1/img00024097.webp,0.056329,1.0,0.0932910963892936
database1/img00024151.webp,0.223931,0.0,0.2185581922531128
database1/img00024251.webp,0.125194,0.0,0.1359788328409195
database1/img00024286.webp,0.203387,0.0,0.2041290253400802
database1/img00024330.webp,0.039351,0.0,0.0471625737845897
database1/img00024429.webp,0.001011,1.0,0.0160544887185096
database1/img00024472.webp,0.231978,0.0,0.2032050788402557
database1/img00024480.webp,0.229159,0.0,0.2187125086784362
database1/img00024496.webp,0.010786,0.0,0.0116581628099083
database1/img00024553.webp,0.040348,1.0,0.0302807111293077
database1/img00024607.webp,0.016616,1.0,0.0131945358589291
database1/img00024687.webp,0.27365,0.0,0.2700199484825134
database1/img00024753.webp,0.192923,0.0,0.1893851608037948
database1/img00024774.webp,0.053221,0.0,0.0401868447661399
database1/img00025064.webp,0.015037,0.0,0.0180001761764287
database1/img00025075.webp,0.298755,0.0,0.2925150990486145
database1/img00025133.webp,0.155681,1.0,0.1703612953424453
database1/img00025166.webp,0.014644,0.0,0.0340077169239521
database1/img00025308.webp,0.026547,1.0,0.0746119394898414
database1/img00025347.webp,0.003317,1.0,0.0086451545357704
database1/img00025392.webp,0.084647,0.0,0.1141824498772621
database1/img00025465.webp,0.083236,0.0,0.1544996052980423
database1/img00025509.webp,0.003962,0.0,0.016298372298479
database1/img00025534.webp,0.073372,0.0,0.0788349360227584
database1/img00025566.webp,0.059194,1.0,0.0499292239546775
database1/img00025641.webp,0.045629,1.0,0.0372164063155651
database1/img00025678.webp,0.113275,0.0,0.1299832165241241
database1/img00025969.webp,0.033245,1.0,0.0307544022798538
database1/img00026052.webp,0.217685,0.0,0.2676483690738678
database1/img00026073.webp,0.052874,0.0,0.0827806293964386
database1/img00026088.webp,0.15625,0.0,0.1434867531061172
database1/img00026103.webp,0.013345,1.0,0.0183867234736681
database1/img00026169.webp,0.063574,1.0,0.0588891133666038
database1/img00026178.webp,0.317092,0.0,0.3046878576278686
database1/img00026249.webp,0.008453,1.0,0.0282399617135524
database1/img00026281.webp,0.219012,1.0,0.2504605948925018
database1/img00026282.webp,0.011198,1.0,0.014240875840187
database1/img00026305.webp,0.138547,1.0,0.1603584885597229
database1/img00026333.webp,0.154155,0.0,0.1622258722782135
database1/img00026341.webp,0.145098,0.0,0.1732390969991684
database1/img00026380.webp,0.102089,0.0,0.0897343084216117
database1/img00026418.webp,0.030072,1.0,0.0451430529356002
database1/img00026462.webp,0.007743,0.0,0.021206559613347
database1/img00026473.webp,0.0,1.0,0.0197639781981706
database1/img00026493.webp,0.222605,0.0,0.2095639854669571
database1/img00026505.webp,0.024604,1.0,0.0181980449706316
database1/img00026554.webp,0.005176,1.0,0.0075564472936093
database1/img00026653.webp,0.0,0.0,0.0082795582711696
database1/img00026673.webp,0.305916,0.0,0.2932024300098419
database1/img00026714.webp,0.210407,0.0,0.228606104850769
database1/img00026908.webp,0.046474,0.0,0.0374642610549926
database1/img00027013.webp,0.003769,0.0,0.0232662353664636
database1/img00027032.webp,0.007456,0.0,0.0147625161334872
database1/img00027062.webp,0.046983,1.0,0.0547687672078609
database1/img00027147.webp,0.083316,1.0,0.0885626077651977
database1/img00027201.webp,0.173566,0.0,0.1666149199008941
database1/img00027213.webp,0.102301,0.0,0.1006982699036598
database1/img00027267.webp,0.025949,0.0,0.0249252542853355
database1/img00027278.webp,0.04282,0.0,0.0492295436561107
database1/img00027291.webp,0.037481,1.0,0.0314098410308361
database1/img00027300.webp,0.162757,0.0,0.1708163470029831
database1/img00027329.webp,0.120534,0.0,0.1363540291786193
database1/img00027355.webp,0.012954,0.0,0.0175625272095203
database1/img00027400.webp,0.093064,1.0,0.0874158516526222
database1/img00027672.webp,0.024684,0.0,0.0298906676471233
database1/img00027691.webp,0.263468,1.0,0.2561505436897278
database1/img00027708.webp,0.011879,1.0,0.0418850816786289
database1/img00027826.webp,0.008279,1.0,0.0159922987222671
database1/img00027870.webp,0.156292,0.0,0.1779882907867431
database1/img00027888.webp,0.010368,1.0,0.0144600588828325
database1/img00027943.webp,0.005057,1.0,0.0175577569752931
database1/img00027980.webp,0.1488,0.0,0.1596423834562301
database1/img00028069.webp,0.00506,1.0,0.0165075417608022
database1/img00028087.webp,0.001205,1.0,0.0126548893749713
database1/img00028101.webp,0.0173,1.0,0.0191340446472167
database1/img00028174.webp,0.122309,0.0,0.2326116859912872
database1/img00028222.webp,0.107143,0.0,0.0977953225374221
database1/img00028224.webp,0.146398,0.0,0.1505129337310791
database1/img00028300.webp,0.012183,0.0,0.0135875176638364
database1/img00028356.webp,0.152613,0.0,0.1325444430112838
database1/img00028517.webp,0.382837,0.0,0.3785399198532104
database1/img00028551.webp,0.203166,0.0,0.2291132062673568
database1/img00028578.webp,0.061325,0.0,0.0577295757830143
database1/img00028581.webp,0.020189,1.0,0.0317318476736545
database1/img00028723.webp,0.12276,0.0,0.1237517595291137
database1/img00028742.webp,0.061928,0.0,0.0648539438843727
database1/img00028757.webp,0.031527,1.0,0.0229958798736333
database1/img00028784.webp,0.01652,0.0,0.02815224789083
database1/img00028843.webp,0.045216,1.0,0.0571548864245414
database1/img00028942.webp,0.085705,0.0,0.075422778725624
database1/img00029059.webp,0.201976,0.0,0.1828548312187194
database1/img00029154.webp,0.027398,0.0,0.0392641089856624
database1/img00029252.webp,0.011317,1.0,0.0227441042661666
database1/img00029315.webp,0.223811,0.0,0.2098314613103866
database1/img00029326.webp,0.073163,0.0,0.0857123434543609
database1/img00029393.webp,0.181547,0.0,0.184743270277977
database1/img00029479.webp,0.172507,1.0,0.1729219555854797
database1/img00029527.webp,9.6e-05,1.0,0.0051160585135221
database1/img00029586.webp,0.049823,0.0,0.046153649687767
database1/img00029691.webp,0.030185,1.0,0.0250540468841791
database1/img00029706.webp,0.21533,1.0,0.2269311547279358
database1/img00029758.webp,0.113217,0.0,0.1068520992994308
database1/img00029778.webp,0.154551,0.0,0.2122265994548797
database1/img00029960.webp,0.383842,0.0,0.4042376279830932
database2/database2/test/148.webp,0.048036,1.0,0.0330640412867069
database2/database2/test/190.webp,0.086509,1.0,0.1618885993957519
database2/database2/test/216.webp,0.245817,0.0,0.2224742323160171
database2/database2/test/232.webp,0.275174,0.0,0.1630169600248336
database2/database2/test/239.webp,0.175156,0.0,0.1933515518903732
database2/database2/test/266.webp,0.213241,0.0,0.2074310183525085
database2/database2/test/34.webp,0.050154,0.0,0.0433864444494247
database2/database2/test/453.webp,0.089504,1.0,0.1035234928131103
database2/database2/test/472.webp,0.226614,1.0,0.2139148563146591
database2/database2/test/91.webp,0.465517,1.0,0.4489982724189758
database2/database2/train/1009.webp,0.104761,1.0,0.1118054091930389
database2/database2/train/1240.webp,0.146101,0.0,0.1516840159893036
database2/database2/train/1258.webp,0.246853,0.0,0.2544297277927398
database2/database2/train/127.webp,0.075508,0.0,0.0835308730602264
database2/database2/train/1279.webp,0.000502,1.0,0.0263277813792228
database2/database2/train/1311.webp,0.172932,1.0,0.2073644995689392
database2/database2/train/174.webp,0.051776,1.0,0.0466133952140808
database2/database2/train/203.webp,0.050641,1.0,0.1088202893733978
database2/database2/train/219.webp,0.142928,0.0,0.1484041959047317
database2/database2/train/233.webp,0.281943,1.0,0.2547771334648132
database2/database2/train/26.webp,0.011878,0.0,0.0265163760632276
database2/database2/train/34.webp,0.095641,0.0,0.1188637390732765
database2/database2/train/433.webp,0.036418,1.0,0.0698721259832382
database2/database2/train/436.webp,0.026337,1.0,0.0563225410878658
database2/database2/train/515.webp,0.012181,1.0,0.016386030241847
database2/database2/train/547.webp,0.0,1.0,0.0156420040875673
database2/database2/train/613.webp,0.048432,0.0,0.0560695827007293
database2/database2/train/624.webp,0.123039,1.0,0.1718842089176178
database2/database2/train/650.webp,0.113219,0.0,0.1148809790611267
database2/database2/train/766.webp,0.167917,0.0,0.1279723048210144
database2/database2/train/814.webp,0.3,0.0,0.3101706802845001
database2/database2/train/846.webp,0.020085,1.0,0.0443007759749889
database2/database2/train/900.webp,0.417188,1.0,0.4255138039588928
database2/database2/train/928.webp,0.09983,0.0,0.1581650078296661
database2/database2/train/97.webp,0.048559,1.0,0.0394877083599567
database2/database2/train/992.webp,0.32608,0.0,0.321258544921875
database3/database3/m.0109kg/59-FaceId-0_align.webp,0.264823,0.0,0.3149015307426452
database3/database3/m.010bk0/59-FaceId-0_align.webp,0.021845,1.0,0.017358373850584
database3/database3/m.010ngb/60-FaceId-0_align.webp,0.012915,1.0,0.0218986831605434
database3/database3/m.010p3/45-FaceId-0_align.webp,0.01465,1.0,0.0164884850382804
database3/database3/m.010p3/69-FaceId-0_align.webp,0.027584,1.0,0.0146932266652584
database3/database3/m.010p3/82-FaceId-0_align.webp,0.013896,1.0,0.0402403362095356
database3/database3/m.010wty2t/83-FaceId-1_align.webp,0.168202,1.0,0.2300394624471664
database3/database3/m.0112yl/20-FaceId-0_align.webp,0.035573,1.0,0.049750629812479
database3/database3/m.01167d3z/34-FaceId-0_align.webp,0.37993,1.0,0.330577403306961
database3/database3/m.01167d3z/74-FaceId-0_align.webp,0.319357,1.0,0.3259525001049042
database3/database3/m.011_0k/17-FaceId-0_align.webp,0.022011,1.0,0.0315444245934486
database3/database3/m.011_0k/3-FaceId-0_align.webp,0.017225,1.0,0.0231799408793449
database3/database3/m.011_0k/43-FaceId-0_align.webp,0.025252,1.0,0.0274457912892103
database3/database3/m.011_0k/77-FaceId-0_align.webp,0.126436,1.0,0.1176117360591888
database3/database3/m.011_2h/101-FaceId-0_align.webp,0.183945,0.0,0.2179408073425293
database3/database3/m.011_2h/18-FaceId-0_align.webp,0.139464,0.0,0.1426356434822082
database3/database3/m.011_2h/21-FaceId-0_align.webp,0.028243,0.0,0.0367496870458126
database3/database3/m.011_3d/107-FaceId-0_align.webp,0.091414,1.0,0.0507054813206195
database3/database3/m.011_3d/31-FaceId-0_align.webp,0.156269,1.0,0.1551147401332855
database3/database3/m.011_3d/35-FaceId-0_align.webp,0.154662,1.0,0.1056015193462371
database3/database3/m.011_3s/106-FaceId-0_align.webp,0.132155,0.0,0.1599005162715912
database3/database3/m.011_3s/93-FaceId-0_align.webp,0.255275,0.0,0.2519674599170685
database3/database3/m.011_8/14-FaceId-0_align.webp,0.108434,1.0,0.1122317090630531
database3/database3/m.011_nf/83-FaceId-0_align.webp,0.036792,1.0,0.028538629412651
database3/database3/m.011_pk/73-FaceId-0_align.webp,0.106935,1.0,0.0886812061071395
database3/database3/m.011_pk/98-FaceId-0_align.webp,0.021278,1.0,0.0315638519823551
database3/database3/m.011_r9/15-FaceId-0_align.webp,0.000453,1.0,0.0087343296036124
database3/database3/m.011_r9/35-FaceId-0_align.webp,0.0,1.0,0.0172187071293592
database3/database3/m.011h_w/16-FaceId-0_align.webp,0.023388,1.0,0.0261457804590463
database3/database3/m.011h_w/57-FaceId-0_align.webp,0.034974,1.0,0.0287733171135187
database3/database3/m.011hdn/3-FaceId-0_align.webp,0.144586,1.0,0.1485530585050583
database3/database3/m.011hm1/28-FaceId-0_align.webp,0.045589,0.0,0.1251966059207916
database3/database3/m.011hm1/59-FaceId-0_align.webp,0.308314,0.0,0.3041603863239288
database3/database3/m.011hmd/24-FaceId-0_align.webp,0.029049,1.0,0.0208442043513059
database3/database3/m.011jfg/102-FaceId-0_align.webp,0.016853,0.0,0.0152603480964899
database3/database3/m.011jfg/64-FaceId-0_align.webp,0.014724,0.0,0.0096971048042178
database3/database3/m.011kd9/42-FaceId-0_align.webp,0.092666,1.0,0.0826032161712646
database3/database3/m.011kd9/48-FaceId-0_align.webp,0.021031,1.0,0.0338577181100845
database3/database3/m.011l17/115-FaceId-0_align.webp,0.008147,1.0,0.0434780493378639
database3/database3/m.011l17/73-FaceId-0_align.webp,0.013848,1.0,0.0145658003166317
database3/database3/m.011l17/78-FaceId-0_align.webp,0.000371,1.0,0.0536680780351161
database3/database3/m.011lf5/30-FaceId-0_align.webp,0.003745,1.0,0.0186369661241769
database3/database3/m.011lhy/14-FaceId-0_align.webp,0.06605,1.0,0.0621475018560886
database3/database3/m.011m1y/65-FaceId-0_align.webp,0.010331,1.0,0.0222857352346181
database3/database3/m.011m1y/93-FaceId-0_align.webp,0.010174,1.0,0.0087396688759326
database3/database3/m.011m33/35-FaceId-0_align.webp,0.10764,0.0,0.0981867089867591
database3/database3/m.011m33/96-FaceId-0_align.webp,0.077455,0.0,0.0608915910124778
database3/database3/m.011m33/98-FaceId-0_align.webp,0.093352,0.0,0.1323243826627731
database3/database3/m.011p3/100-FaceId-0_align.webp,0.261068,0.0,0.2653857171535492
database3/database3/m.011p3/38-FaceId-0_align.webp,0.260325,0.0,0.245097666978836
database3/database3/m.011qm2/8-FaceId-0_align.webp,0.02115,1.0,0.0126344868913292
database3/database3/m.011w1b/4-FaceId-0_align.webp,0.011173,0.0,0.0182986855506896
database3/database3/m.011w1b/5-FaceId-0_align.webp,0.149673,0.0,0.1333924084901809
database3/database3/m.011w1b/65-FaceId-0_align.webp,0.028609,0.0,0.0488578341901302
database3/database3/m.011w1b/75-FaceId-0_align.webp,0.102741,0.0,0.1058185175061225
database3/database3/m.011xgp/24-FaceId-0_align.webp,0.060348,1.0,0.0773072764277458
database3/database3/m.011xgp/72-FaceId-0_align.webp,0.024118,1.0,0.0344111733138561
database3/database3/m.011xjd/62-FaceId-0_align.webp,0.025855,1.0,0.0350190475583076
database3/database3/m.011xl3/35-FaceId-0_align.webp,0.101991,1.0,0.123117946088314
database3/database3/m.011xl3/86-FaceId-0_align.webp,0.095741,1.0,0.1196790337562561
database3/database3/m.011xl3/92-FaceId-0_align.webp,0.15032,1.0,0.1218264698982238
database3/database3/m.011xl3/99-FaceId-0_align.webp,0.04585,1.0,0.063062235713005
database3/database3/m.011xll/89-FaceId-0_align.webp,0.057752,1.0,0.045768242329359
database3/database3/m.011ybj/52-FaceId-0_align.webp,0.042728,1.0,0.0516951084136962
database3/database3/m.011ybj/61-FaceId-0_align.webp,0.033422,1.0,0.0331305116415023
database3/database3/m.011yx0/17-FaceId-0_align.webp,0.03676,1.0,0.0467536300420761
database3/database3/m.011yx0/7-FaceId-0_align.webp,0.025923,1.0,0.0413876958191394
database3/database3/m.011z69/22-FaceId-0_align.webp,0.003956,1.0,0.0429329685866832
database3/database3/m.011z69/27-FaceId-0_align.webp,0.057013,1.0,0.0710624456405639
database3/database3/m.011z69/67-FaceId-0_align.webp,0.026898,1.0,0.0178064238280057
database3/database3/m.011zfk/22-FaceId-0_align.webp,0.214757,1.0,0.2108763307332992
database3/database3/m.011zfz/75-FaceId-0_align.webp,0.159958,0.0,0.1491366475820541
database3/database3/m.011zg9/22-FaceId-0_align.webp,0.107141,0.0,0.1073924899101257
database3/database3/m.011zg9/39-FaceId-0_align.webp,0.053582,0.0,0.0314354933798313
database3/database3/m.011zgs/52-FaceId-0_align.webp,0.127677,0.0,0.1282957345247268
database3/database3/m.011zkh/84-FaceId-0_align.webp,0.008351,1.0,0.0220656339079141
database3/database3/m.011zwl/37-FaceId-0_align.webp,0.073722,1.0,0.0274471212178468
database3/database3/m.01200d/24-FaceId-0_align.webp,0.036817,1.0,0.0542212836444377
database3/database3/m.01200d/80-FaceId-0_align.webp,0.017066,1.0,0.0158153772354125
database3/database3/m.012052/1-FaceId-0_align.webp,0.109494,1.0,0.1021817177534103
database3/database3/m.012052/30-FaceId-0_align.webp,0.193814,1.0,0.1720960736274719
database3/database3/m.012052/63-FaceId-0_align.webp,0.135953,1.0,0.1438000351190567
database3/database3/m.0122lq/12-FaceId-0_align.webp,0.034174,1.0,0.0403618477284908
database3/database3/m.0122lq/62-FaceId-0_align.webp,0.002899,1.0,0.0179214738309383
database3/database3/m.0122lq/73-FaceId-0_align.webp,0.026793,1.0,0.0268999375402927
database3/database3/m.0122m5/94-FaceId-0_align.webp,0.003731,1.0,0.0492147840559482
database3/database3/m.01233w/1-FaceId-0_align.webp,0.049894,1.0,0.0217334758490324
database3/database3/m.01233w/25-FaceId-0_align.webp,0.043404,1.0,0.0549206100404262
database3/database3/m.01239/57-FaceId-0_align.webp,0.01656,1.0,0.0180207062512636
database3/database3/m.01239/68-FaceId-0_align.webp,0.012855,1.0,0.0404994785785675
database3/database3/m.0123x2/101-FaceId-0_align.webp,0.244668,1.0,0.2569455206394195
database3/database3/m.01241v/54-FaceId-0_align.webp,0.010871,1.0,0.0242478717118501
database3/database3/m.0124t/70-FaceId-0_align.webp,0.066352,0.0,0.0837005227804184
database3/database3/m.01257s/41-FaceId-1_align.webp,0.025408,1.0,0.0281100701540708
database3/database3/m.0126rp/46-FaceId-0_align.webp,0.064149,1.0,0.0629501044750213
database3/database3/m.0126rp/48-FaceId-0_align.webp,0.020111,1.0,0.0207702703773975
database3/database3/m.0126y2/49-FaceId-0_align.webp,0.042913,1.0,0.0520696230232715
database3/database3/m.0126y2/81-FaceId-0_align.webp,0.011658,1.0,0.0418661199510097
database3/database3/m.0126y2/92-FaceId-0_align.webp,0.2594,1.0,0.2911575138568878
database3/database3/m.01270s/15-FaceId-0_align.webp,0.00523,1.0,0.0230510216206312
database3/database3/m.01270s/43-FaceId-0_align.webp,0.024273,1.0,0.0350542403757572
database3/database3/m.01271_/40-FaceId-0_align.webp,0.046844,0.0,0.1254237592220306
database3/database3/m.01271_/42-FaceId-0_align.webp,0.082785,0.0,0.0966216400265693
database3/database3/m.01271_/92-FaceId-0_align.webp,0.131196,0.0,0.1355989426374435
database3/database3/m.0127fx/6-FaceId-0_align.webp,0.010653,1.0,0.0117794908583164
database3/database3/m.0127gn/12-FaceId-0_align.webp,0.02417,1.0,0.032646145671606
database3/database3/m.0127tk/114-FaceId-0_align.webp,0.088119,1.0,0.1147004067897796
database3/database3/m.0127tk/121-FaceId-0_align.webp,0.110272,1.0,0.1380808055400848
database3/database3/m.0127tk/32-FaceId-0_align.webp,0.044592,1.0,0.0997783243656158
database3/database3/m.0127tk/61-FaceId-0_align.webp,0.157887,1.0,0.2013795375823974
database3/database3/m.0127tk/75-FaceId-0_align.webp,0.118857,1.0,0.1737492978572845
database3/database3/m.0127tk/83-FaceId-0_align.webp,0.180049,1.0,0.1558681279420852
database3/database3/m.0127zt/62-FaceId-0_align.webp,0.099007,0.0,0.107982113957405
database3/database3/m.012801/76-FaceId-0_align.webp,0.060329,1.0,0.0453532673418521
database3/database3/m.012981/36-FaceId-0_align.webp,0.038673,1.0,0.0331044197082519
database3/database3/m.012_53/112-FaceId-0_align.webp,0.081654,0.0,0.0571849904954433
database3/database3/m.012_53/73-FaceId-0_align.webp,0.056783,0.0,0.0810810849070549
database3/database3/m.012_jj/10-FaceId-0_align.webp,0.005143,1.0,0.0106621999293565
database3/database3/m.012_jj/103-FaceId-0_align.webp,0.04174,1.0,0.0392269045114517
database3/database3/m.012_jj/83-FaceId-0_align.webp,0.123978,1.0,0.0972370281815528
database3/database3/m.012c6j/57-FaceId-0_align.webp,0.0,1.0,0.0241995081305503
database3/database3/m.012c6x/43-FaceId-0_align.webp,0.000386,1.0,0.0451889149844646
database3/database3/m.012c8f/13-FaceId-0_align.webp,0.010098,1.0,0.01355074159801
database3/database3/m.012c8f/85-FaceId-0_align.webp,0.121074,1.0,0.1199820563197135
database3/database3/m.012ck8/1-FaceId-0_align.webp,0.250793,0.0,0.2538869380950928
database3/database3/m.012cm5/19-FaceId-0_align.webp,0.050828,1.0,0.0387409254908561
database3/database3/m.012cm5/75-FaceId-0_align.webp,0.032775,1.0,0.0144746070727705
database3/database3/m.012cm5/90-FaceId-0_align.webp,0.082057,1.0,0.0735397413372993
database3/database3/m.012cnn/11-FaceId-0_align.webp,0.107545,0.0,0.0888634994626045
database3/database3/m.012cph/108-FaceId-0_align.webp,0.01551,1.0,0.0295219980180263
database3/database3/m.012cph/17-FaceId-0_align.webp,0.005549,1.0,0.0398998521268367
database3/database3/m.012cph/68-FaceId-0_align.webp,0.017584,1.0,0.0136946225538849
database3/database3/m.012cyp/33-FaceId-0_align.webp,0.012748,0.0,0.0100651364773511
database3/database3/m.012cyp/43-FaceId-0_align.webp,0.207358,0.0,0.2400971949100494
database3/database3/m.012cyp/7-FaceId-0_align.webp,0.030272,0.0,0.0254056099802255
database3/database3/m.012czd/35-FaceId-0_align.webp,0.035058,0.0,0.0692445635795593
database3/database3/m.012czd/90-FaceId-0_align.webp,0.001711,0.0,0.0121535062789917
database3/database3/m.012dtw/86-FaceId-0_align.webp,0.075626,1.0,0.0654477626085281
database3/database3/m.012fgx/58-FaceId-0_align.webp,0.039289,1.0,0.0254666563123464
database3/database3/m.012g8l/75-FaceId-0_align.webp,0.015517,1.0,0.0720618590712547
database3/database3/m.012gbb/1-FaceId-0_align.webp,0.057132,0.0,0.0865850076079368
database3/database3/m.012gbb/104-FaceId-0_align.webp,0.023381,0.0,0.0420962534844875
database3/database3/m.012gbb/86-FaceId-0_align.webp,0.070682,0.0,0.0438183955848217
database3/database3/m.012gdw/54-FaceId-0_align.webp,0.06697,1.0,0.0734318196773529
database3/database3/m.012gl8/17-FaceId-0_align.webp,0.06567,0.0,0.0695490092039108
database3/database3/m.012gl8/38-FaceId-0_align.webp,0.063039,0.0,0.0839759036898613
database3/database3/m.012gq6/33-FaceId-0_align.webp,0.016946,1.0,0.0474473237991333
database3/database3/m.012gr9/29-FaceId-0_align.webp,0.156273,0.0,0.1584248840808868
database3/database3/m.012gx2/64-FaceId-0_align.webp,0.000577,1.0,0.0155803421512246
database3/database3/m.012gx2/77-FaceId-0_align.webp,0.126437,1.0,0.1242113560438156
database3/database3/m.012gx2/8-FaceId-0_align.webp,0.019361,1.0,0.0195687636733055
database3/database3/m.012gx2/99-FaceId-0_align.webp,0.025003,1.0,0.0182179305702447
database3/database3/m.012h65/109-FaceId-0_align.webp,0.210562,1.0,0.1896598935127258
database3/database3/m.012hqb/33-FaceId-0_align.webp,0.004406,1.0,0.0272191539406776
database3/database3/m.012hr4/21-FaceId-0_align.webp,0.126033,1.0,0.1258886754512787
database3/database3/m.012hr4/67-FaceId-0_align.webp,0.183915,1.0,0.1178865134716034
database3/database3/m.012hr4/74-FaceId-0_align.webp,0.037244,1.0,0.0732446685433387
database3/database3/m.012hsb/101-FaceId-0_align.webp,0.192286,1.0,0.1776268482208252
database3/database3/m.012hsb/74-FaceId-0_align.webp,0.057902,1.0,0.0807448998093605
database3/database3/m.012hz4/77-FaceId-0_align.webp,0.118119,0.0,0.1774594783782959
database3/database3/m.012j2r/108-FaceId-0_align.webp,0.027644,1.0,0.0267389435321092
database3/database3/m.012j2r/38-FaceId-0_align.webp,0.010758,1.0,0.0281978566199541
database3/database3/m.012j2r/9-FaceId-0_align.webp,0.029992,1.0,0.0309917833656072
database3/database3/m.012kdb/7-FaceId-0_align.webp,0.154185,0.0,0.1320100575685501
database3/database3/m.012kk4/31-FaceId-1_align.webp,0.026924,1.0,0.0613385848701
database3/database3/m.012l22/20-FaceId-0_align.webp,0.182682,1.0,0.1655586808919906
database3/database3/m.012l22/56-FaceId-0_align.webp,0.079127,1.0,0.0815353095531463
database3/database3/m.012lyg/82-FaceId-0_align.webp,0.015571,1.0,0.0196527484804391
database3/database3/m.012m1c/109-FaceId-0_align.webp,0.052592,0.0,0.0501714572310447
database3/database3/m.012m1c/113-FaceId-0_align.webp,0.018979,0.0,0.0220451839268207
database3/database3/m.012m1c/56-FaceId-0_align.webp,0.076711,0.0,0.0656860843300819
database3/database3/m.012m7r/99-FaceId-0_align.webp,0.002972,1.0,0.0416325069963932
database3/database3/m.012mh_/3-FaceId-0_align.webp,0.065168,1.0,0.0664147660136222
database3/database3/m.012mh_/6-FaceId-0_align.webp,0.002681,1.0,0.0250767450779676
database3/database3/m.012mk7/90-FaceId-0_align.webp,0.032433,1.0,0.0596581101417541
database3/database3/m.012ml0/96-FaceId-0_align.webp,0.031451,1.0,0.0204224716871976
database3/database3/m.012mmb/47-FaceId-0_align.webp,0.146313,0.0,0.1416096091270446
database3/database3/m.012mn4/43-FaceId-0_align.webp,0.005783,1.0,0.0090296231210231
database3/database3/m.012nry/108-FaceId-0_align.webp,0.006878,1.0,0.0303627327084541
database3/database3/m.012nry/28-FaceId-0_align.webp,0.006764,1.0,0.0227161105722188
database3/database3/m.012nry/3-FaceId-0_align.webp,0.008173,1.0,0.0132331904023885
database3/database3/m.012nry/57-FaceId-0_align.webp,0.00436,1.0,0.0128864673897624
database3/database3/m.012pjh/2-FaceId-0_align.webp,0.0,1.0,0.0683071538805961
database3/database3/m.012q4n/50-FaceId-0_align.webp,0.004622,1.0,0.0358030721545219
database3/database3/m.012qfw/20-FaceId-1_align.webp,0.162552,0.0,0.1717521250247955
database3/database3/m.012qfw/41-FaceId-0_align.webp,0.211858,0.0,0.1897555291652679
database3/database3/m.012qgc/82-FaceId-0_align.webp,0.002042,1.0,0.0155205568298697
database3/database3/m.012rng/35-FaceId-0_align.webp,0.036379,1.0,0.0312929414212703
database3/database3/m.012rng/47-FaceId-0_align.webp,0.022161,1.0,0.0295507106930017
database3/database3/m.012rng/48-FaceId-0_align.webp,0.01786,1.0,0.0472831577062606
database3/database3/m.012rth/93-FaceId-0_align.webp,0.046323,1.0,0.0488331727683544
database3/database3/m.012s1x/11-FaceId-0_align.webp,0.049377,1.0,0.0494072921574115
database3/database3/m.012s5j/122-FaceId-0_align.webp,0.205872,0.0,0.2140839695930481
database3/database3/m.012s9f/0-FaceId-0_align.webp,0.000412,1.0,0.0175441000610589
database3/database3/m.012st7/14-FaceId-0_align.webp,0.003821,1.0,0.0266078319400548
database3/database3/m.012t1d/17-FaceId-0_align.webp,0.167599,1.0,0.1479049772024154
database3/database3/m.012t1d/37-FaceId-0_align.webp,0.016467,1.0,0.0300753638148307
database3/database3/m.012t1d/80-FaceId-0_align.webp,0.014504,1.0,0.0271812845021486
database3/database3/m.012t3l/22-FaceId-0_align.webp,0.012766,1.0,0.0478389672935009
database3/database3/m.012t7s/3-FaceId-0_align.webp,0.014581,1.0,0.0470523945987224
database3/database3/m.012tmz/123-FaceId-0_align.webp,0.001629,1.0,0.0241456534713506
database3/database3/m.012v1t/29-FaceId-0_align.webp,0.118114,0.0,0.1178064122796058
database3/database3/m.012v1t/67-FaceId-0_align.webp,0.072956,0.0,0.0783534049987793
database3/database3/m.012v1t/93-FaceId-0_align.webp,0.033657,0.0,0.0472358167171478
database3/database3/m.012vby/3-FaceId-0_align.webp,0.002151,1.0,0.0229117833077907
database3/database3/m.012vby/36-FaceId-0_align.webp,0.0,1.0,0.0367680452764034
database3/database3/m.012vd6/49-FaceId-0_align.webp,0.124288,0.0,0.1786061525344848
database3/database3/m.012vd6/5-FaceId-0_align.webp,0.104381,0.0,0.1117926314473152
database3/database3/m.012vd6/75-FaceId-1_align.webp,0.054381,0.0,0.0991380736231803
database3/database3/m.012vf6/90-FaceId-0_align.webp,0.069167,0.0,0.0816210806369781
database3/database3/m.012vhn/10-FaceId-0_align.webp,0.009813,1.0,0.0123744346201419
database3/database3/m.012vhn/4-FaceId-0_align.webp,0.005793,1.0,0.02073266915977
database3/database3/m.012vq0/30-FaceId-0_align.webp,0.028246,1.0,0.0316603444516658
database3/database3/m.012vq0/67-FaceId-0_align.webp,0.017872,1.0,0.0211444422602653
database3/database3/m.012vqh/80-FaceId-0_align.webp,0.078239,0.0,0.0849993750452995
database3/database3/m.012w05/52-FaceId-0_align.webp,0.000408,1.0,0.0219121351838111
database3/database3/m.012w3k/19-FaceId-0_align.webp,0.109411,1.0,0.1243230924010276
database3/database3/m.012w3k/33-FaceId-0_align.webp,0.07009,1.0,0.083121158182621
database3/database3/m.012w3k/4-FaceId-0_align.webp,0.071086,1.0,0.1073346585035324
database3/database3/m.012wfh/73-FaceId-0_align.webp,0.055456,0.0,0.0566363744437694
database3/database3/m.012wfh/77-FaceId-0_align.webp,0.055,0.0,0.0525339320302009
database3/database3/m.012wgv/56-FaceId-0_align.webp,0.072911,1.0,0.0630507990717887
database3/database3/m.012x2b/18-FaceId-0_align.webp,0.0,1.0,0.0088000586256384
database3/database3/m.012x2b/46-FaceId-0_align.webp,0.039092,1.0,0.0531999766826629
database3/database3/m.012x2b/54-FaceId-0_align.webp,0.049838,1.0,0.0577018558979034
database3/database3/m.012x2b/72-FaceId-0_align.webp,0.008788,1.0,0.0191203337162733
database3/database3/m.012x5/81-FaceId-0_align.webp,0.058123,0.0,0.0761587917804718
database3/database3/m.012xdy/81-FaceId-0_align.webp,0.012382,1.0,0.0221568439155817
database3/database3/m.012xls/57-FaceId-0_align.webp,0.114584,1.0,0.1221058592200279
database3/database3/m.012xls/70-FaceId-0_align.webp,0.126797,1.0,0.1418332308530807
database3/database3/m.012xls/74-FaceId-0_align.webp,0.018384,1.0,0.1233080178499221
database3/database3/m.012y1h/86-FaceId-0_align.webp,0.123838,1.0,0.1343615502119064
database3/database3/m.012ycy/16-FaceId-0_align.webp,0.002336,1.0,0.0676187053322792
database3/database3/m.012ycy/21-FaceId-0_align.webp,0.164069,1.0,0.1117811724543571
database3/database3/m.012ycy/73-FaceId-0_align.webp,0.017165,1.0,0.0334772728383541
database3/database3/m.012ycy/99-FaceId-0_align.webp,0.136797,1.0,0.116865374147892
database3/database3/m.012yg1/19-FaceId-0_align.webp,0.003406,1.0,0.0229548998177051
database3/database3/m.012yg1/21-FaceId-0_align.webp,0.007301,1.0,0.027191050350666
database3/database3/m.012yg1/66-FaceId-0_align.webp,0.007466,1.0,0.0115224290639162
database3/database3/m.012yhd/22-FaceId-0_align.webp,0.043044,1.0,0.0450142212212085
database3/database3/m.012yhd/41-FaceId-0_align.webp,0.014599,1.0,0.0148130850866436
database3/database3/m.012yhd/87-FaceId-0_align.webp,0.016417,1.0,0.0279510226100683
database3/database3/m.012ysy/40-FaceId-0_align.webp,0.005784,1.0,0.0090579474344849
database3/database3/m.012yxk/51-FaceId-0_align.webp,0.111796,1.0,0.1062136963009834
database3/database3/m.012z8_/39-FaceId-0_align.webp,0.076699,1.0,0.0786089524626731
database3/database3/m.012zrl/119-FaceId-0_align.webp,0.19435,0.0,0.1773163825273513
database3/database3/m.012zrl/22-FaceId-0_align.webp,0.184216,0.0,0.1733923256397247
database3/database3/m.012zrl/34-FaceId-0_align.webp,0.221002,0.0,0.2055664211511612
database3/database3/m.01300z/111-FaceId-0_align.webp,0.011168,1.0,0.0181460082530975
database3/database3/m.01300z/46-FaceId-0_align.webp,0.004916,1.0,0.0131901036947965
database3/database3/m.01306d/26-FaceId-0_align.webp,0.043181,1.0,0.0330185815691947
database3/database3/m.0130py/108-FaceId-0_align.webp,0.041408,1.0,0.0918339639902114
database3/database3/m.0130py/9-FaceId-0_align.webp,0.045214,1.0,0.0346110388636589
database3/database3/m.0130sy/65-FaceId-0_align.webp,0.067207,1.0,0.1047212705016136
database3/database3/m.013107/34-FaceId-0_align.webp,0.131929,0.0,0.1023759320378303
database3/database3/m.0131kb/28-FaceId-0_align.webp,0.0,1.0,0.0200019739568233
database3/database3/m.0131kb/47-FaceId-0_align.webp,0.0,1.0,0.0164634566754102
database3/database3/m.0131kb/76-FaceId-0_align.webp,0.081559,1.0,0.0478078424930572
database3/database3/m.013267/23-FaceId-0_align.webp,0.049038,1.0,0.0553132705390453
database3/database3/m.0132k4/103-FaceId-0_align.webp,0.076004,1.0,0.0908725038170814
database3/database3/m.0132k4/97-FaceId-0_align.webp,0.101202,1.0,0.1055402755737304
database3/database3/m.0132kn/100-FaceId-0_align.webp,0.045478,1.0,0.0493197552859783
database3/database3/m.0132q1/29-FaceId-0_align.webp,0.017581,0.0,0.0355624370276927
database3/database3/m.013339/106-FaceId-0_align.webp,0.058305,1.0,0.0556200630962848
database3/database3/m.013339/23-FaceId-0_align.webp,0.255508,1.0,0.2516415119171142
database3/database3/m.013339/80-FaceId-0_align.webp,0.066481,1.0,0.0900915265083313
database3/database3/m.01338h/81-FaceId-0_align.webp,0.088482,0.0,0.0679190754890441
database3/database3/m.0133c4/15-FaceId-0_align.webp,0.207364,1.0,0.1785898357629776
database3/database3/m.0133x7/100-FaceId-0_align.webp,0.144974,0.0,0.1258712857961654
database3/database3/m.0133yt/45-FaceId-0_align.webp,0.102482,1.0,0.0891405493021011
database3/database3/m.01341q/51-FaceId-0_align.webp,0.043853,1.0,0.0331521034240722
database3/database3/m.013423/105-FaceId-0_align.webp,0.016474,0.0,0.0259468052536249
database3/database3/m.013423/43-FaceId-0_align.webp,0.10846,0.0,0.1034702211618423
database3/database3/m.0134cp/27-FaceId-0_align.webp,0.030912,1.0,0.0283942837268114
database3/database3/m.0134cp/34-FaceId-1_align.webp,0.031754,1.0,0.0566642843186855
database3/database3/m.0134cp/53-FaceId-0_align.webp,0.019724,1.0,0.0485196262598037
database3/database3/m.0134dc/38-FaceId-0_align.webp,0.000768,1.0,0.0178965143859386
database3/database3/m.0134dc/73-FaceId-0_align.webp,0.003398,1.0,0.0190989412367343
database3/database3/m.0134fr/66-FaceId-0_align.webp,0.01299,1.0,0.0376247242093086
database3/database3/m.0134fr/82-FaceId-0_align.webp,0.004786,1.0,0.0227053891867399
database3/database3/m.0134wr/11-FaceId-2_align.webp,0.000566,1.0,0.0326963365077972
database3/database3/m.0134wr/30-FaceId-2_align.webp,0.080915,1.0,0.0866449177265167
database3/database3/m.0134wr/52-FaceId-2_align.webp,0.028557,1.0,0.197981983423233
database3/database3/m.0134wr/65-FaceId-1_align.webp,0.001253,1.0,0.0164417438209056
database3/database3/m.0134wr/69-FaceId-2_align.webp,0.064238,1.0,0.0695052668452262
database3/database3/m.0134wr/89-FaceId-1_align.webp,0.188914,1.0,0.1494871824979782
database3/database3/m.0135nb/89-FaceId-0_align.webp,0.051256,1.0,0.0661405697464943
database3/database3/m.01368v/100-FaceId-0_align.webp,0.078994,0.0,0.0906533598899841
database3/database3/m.01368v/58-FaceId-0_align.webp,0.186435,0.0,0.1724921464920044
database3/database3/m.01368v/59-FaceId-1_align.webp,0.101878,0.0,0.0934635922312736
database3/database3/m.0136ms/38-FaceId-0_align.webp,0.015722,1.0,0.0227006003260612
database3/database3/m.0136p1/103-FaceId-0_align.webp,0.341015,0.0,0.3138538897037506
database3/database3/m.0136p1/13-FaceId-0_align.webp,0.259257,0.0,0.2535440027713775
database3/database3/m.0136p1/66-FaceId-0_align.webp,0.075301,0.0,0.0694686397910118
database3/database3/m.0136pk/68-FaceId-0_align.webp,0.195786,1.0,0.181782990694046
database3/database3/m.0136pk/87-FaceId-0_align.webp,0.172482,1.0,0.1910146027803421
database3/database3/m.0136tm/24-FaceId-0_align.webp,0.011359,1.0,0.0244211889803409
database3/database3/m.0137s4/92-FaceId-0_align.webp,0.014219,1.0,0.0999398231506347
database3/database3/m.01380_/30-FaceId-0_align.webp,0.062935,1.0,0.0712413191795349
database3/database3/m.01380_/84-FaceId-0_align.webp,0.019541,1.0,0.0341245122253894
database3/database3/m.013823/15-FaceId-0_align.webp,0.004502,1.0,0.0185777321457862
database3/database3/m.013823/5-FaceId-0_align.webp,0.029677,1.0,0.0250652078539133
database3/database3/m.013846/35-FaceId-0_align.webp,0.005272,1.0,0.0212988127022981
database3/database3/m.013846/71-FaceId-0_align.webp,0.036782,1.0,0.0576237849891185
database3/database3/m.01386_/97-FaceId-0_align.webp,0.01382,1.0,0.0335580669343471
database3/database3/m.01386m/93-FaceId-0_align.webp,0.049853,1.0,0.0827117040753364
database3/database3/m.01387g/36-FaceId-0_align.webp,0.020561,1.0,0.0368467681109905
database3/database3/m.01387g/90-FaceId-0_align.webp,0.00159,1.0,0.0365897491574287
database3/database3/m.01387y/2-FaceId-0_align.webp,0.062856,1.0,0.0491598322987556
database3/database3/m.01387y/32-FaceId-0_align.webp,0.048091,1.0,0.04655297473073
database3/database3/m.01387y/46-FaceId-0_align.webp,0.0006,1.0,0.0186729039996862
database3/database3/m.01388c/29-FaceId-0_align.webp,0.136546,1.0,0.1479893922805786
database3/database3/m.01388c/82-FaceId-0_align.webp,0.007483,1.0,0.0242615491151809
database3/database3/m.01388c/92-FaceId-0_align.webp,0.007604,1.0,0.0211109388619661
database3/database3/m.01389w/75-FaceId-1_align.webp,0.011085,1.0,0.0389058403670787
database3/database3/m.01389w/76-FaceId-0_align.webp,0.018887,1.0,0.0453817807137966
database3/database3/m.0138b7/49-FaceId-0_align.webp,0.173256,1.0,0.1447628438472747
database3/database3/m.0138b7/63-FaceId-0_align.webp,0.091583,1.0,0.1182085871696472
database3/database3/m.0138m1/11-FaceId-0_align.webp,0.033355,1.0,0.0328768007457256
database3/database3/m.0138m1/60-FaceId-0_align.webp,0.027664,1.0,0.029784370213747
database3/database3/m.0139rh/103-FaceId-0_align.webp,0.008771,1.0,0.0113669205456972
database3/database3/m.0139rh/5-FaceId-0_align.webp,0.009412,1.0,0.0141692012548446
database3/database3/m.013_4m/89-FaceId-0_align.webp,0.106225,1.0,0.0709870681166648
database3/database3/m.013_gz/96-FaceId-0_align.webp,0.14677,0.0,0.1482895016670227
database3/database3/m.013_tp/47-FaceId-0_align.webp,0.000171,1.0,0.0240408014506101
database3/database3/m.013b7z/45-FaceId-0_align.webp,0.025843,1.0,0.029231509193778
database3/database3/m.013bym/61-FaceId-0_align.webp,0.110889,0.0,0.1255392879247665
database3/database3/m.013bym/65-FaceId-0_align.webp,0.249006,0.0,0.258806049823761
database3/database3/m.013bym/66-FaceId-0_align.webp,0.288548,0.0,0.2869893014431
database3/database3/m.013bym/71-FaceId-0_align.webp,0.115164,0.0,0.1174535304307937
database3/database3/m.013m5y/73-FaceId-0_align.webp,0.0,1.0,0.0183036923408508
database3/database3/m.013p_0/60-FaceId-0_align.webp,0.015459,1.0,0.0520497485995292
database3/database3/m.013p_j/3-FaceId-0_align.webp,0.046784,1.0,0.0520679727196693
database3/database3/m.013p_j/43-FaceId-0_align.webp,0.026287,1.0,0.1468487232923507
database3/database3/m.013p_w/1-FaceId-0_align.webp,0.045903,0.0,0.0399099998176097
database3/database3/m.013p_w/90-FaceId-1_align.webp,0.028906,0.0,0.0536596961319446
database3/database3/m.013pp3/83-FaceId-0_align.webp,0.052247,1.0,0.0697463601827621
database3/database3/m.013ppl/76-FaceId-0_align.webp,0.018885,1.0,0.0491485334932804
database3/database3/m.013q78/86-FaceId-0_align.webp,0.03,1.0,0.0414411202073097
database3/database3/m.013q8x/26-FaceId-0_align.webp,0.110943,1.0,0.0798965469002723
database3/database3/m.013q8x/42-FaceId-0_align.webp,0.056383,1.0,0.0666310042142868
database3/database3/m.013q8x/99-FaceId-0_align.webp,0.005069,1.0,0.0308873206377029
database3/database3/m.013qb0/82-FaceId-0_align.webp,0.080376,1.0,0.1164853051304817
database3/database3/m.013qb0/94-FaceId-0_align.webp,0.14541,1.0,0.1771384179592132
database3/database3/m.013qjp/42-FaceId-0_align.webp,0.027503,1.0,0.0249800886958837
database3/database3/m.013qjp/83-FaceId-0_align.webp,0.014,1.0,0.0203853975981473
database3/database3/m.013qpt/31-FaceId-0_align.webp,0.020067,1.0,0.0556376278400421
database3/database3/m.013qq4/70-FaceId-0_align.webp,0.020855,1.0,0.0380101911723613
database3/database3/m.013qwl/61-FaceId-0_align.webp,0.006336,1.0,0.0135660860687494
database3/database3/m.013qwy/18-FaceId-0_align.webp,0.050242,1.0,0.0371322743594646
database3/database3/m.013qy3/30-FaceId-0_align.webp,0.004735,1.0,0.019964050501585
database3/database3/m.013qy3/92-FaceId-0_align.webp,0.026678,1.0,0.0304401330649852
database3/database3/m.013qyh/56-FaceId-1_align.webp,0.057576,1.0,0.098566859960556
database3/database3/m.013r6h/27-FaceId-0_align.webp,0.054123,1.0,0.0784376487135887
database3/database3/m.013r6h/46-FaceId-0_align.webp,0.123792,1.0,0.142758160829544
database3/database3/m.013s1b/47-FaceId-0_align.webp,0.148289,1.0,0.1752596944570541
database3/database3/m.013s1t/21-FaceId-0_align.webp,0.005317,1.0,0.0555663257837295
database3/database3/m.013s3/75-FaceId-0_align.webp,0.061568,1.0,0.1238488554954528
database3/database3/m.013s6x/6-FaceId-0_align.webp,0.031839,1.0,0.0202955845743417
database3/database3/m.013s8s/33-FaceId-0_align.webp,0.074629,0.0,0.0733144134283065
database3/database3/m.013sjh/7-FaceId-0_align.webp,0.189385,1.0,0.135509580373764
database3/database3/m.013t9y/12-FaceId-0_align.webp,0.013435,1.0,0.0455603301525116
database3/database3/m.013tjc/54-FaceId-0_align.webp,0.0,1.0,0.0311547890305519
database3/database3/m.013tjc/56-FaceId-0_align.webp,0.015964,1.0,0.0156654063612222
database3/database3/m.013v12/3-FaceId-0_align.webp,0.018587,1.0,0.0696087256073951
database3/database3/m.013v12/7-FaceId-0_align.webp,0.019979,1.0,0.0288963411003351
database3/database3/m.013v5j/57-FaceId-0_align.webp,0.119854,0.0,0.119889847934246
database3/database3/m.013vdl/109-FaceId-0_align.webp,0.167747,0.0,0.1566834449768066
database3/database3/m.013vdl/32-FaceId-0_align.webp,0.021263,0.0,0.0379574075341224
database3/database3/m.013vtr/20-FaceId-0_align.webp,0.015954,1.0,0.0342123880982399
database3/database3/m.013w7j/20-FaceId-0_align.webp,0.009375,1.0,0.028292391449213
database3/database3/m.013w7j/32-FaceId-0_align.webp,0.001151,1.0,0.0120592433959245
database3/database3/m.013w7j/64-FaceId-0_align.webp,0.008592,1.0,0.028065051883459
database3/database3/m.013w8h/4-FaceId-0_align.webp,0.094597,1.0,0.1115503534674644
database3/database3/m.013wt0/40-FaceId-1_align.webp,0.123008,0.0,0.1116601377725601
database3/database3/m.013wz9/26-FaceId-0_align.webp,0.18678,0.0,0.1475645154714584
database3/database3/m.013wz9/73-FaceId-0_align.webp,0.219059,0.0,0.202917605638504
database3/database3/m.013xhr/100-FaceId-0_align.webp,0.00219,1.0,0.0192713886499404
database3/database3/m.013xhr/23-FaceId-0_align.webp,0.015916,1.0,0.0411422215402126
database3/database3/m.013xhr/24-FaceId-0_align.webp,0.064866,1.0,0.0544925145804882
database3/database3/m.013xhr/33-FaceId-0_align.webp,0.013765,1.0,0.017791761085391
database3/database3/m.013xhr/42-FaceId-0_align.webp,0.02596,1.0,0.0234195571392774
database3/database3/m.013xs1/10-FaceId-0_align.webp,0.059547,1.0,0.0529500469565391
database3/database3/m.013y2b/23-FaceId-0_align.webp,0.154363,0.0,0.1589675694704055
database3/database3/m.013y2b/32-FaceId-0_align.webp,0.092369,0.0,0.0971274226903915
database3/database3/m.013y2b/66-FaceId-0_align.webp,0.108782,0.0,0.1164357885718345
database3/database3/m.013y2s/40-FaceId-0_align.webp,0.026989,0.0,0.0331698656082153
database3/database3/m.013y2s/73-FaceId-0_align.webp,0.075667,0.0,0.0824612453579902
database3/database3/m.013yd0/51-FaceId-0_align.webp,0.167678,0.0,0.1599181741476059
database3/database3/m.013yd0/92-FaceId-0_align.webp,0.096098,0.0,0.0800715088844299
database3/database3/m.013ykk/37-FaceId-0_align.webp,0.042458,0.0,0.0494454018771648
database3/database3/m.013ykx/9-FaceId-0_align.webp,0.117351,0.0,0.1415492892265319
database3/database3/m.013ylm/42-FaceId-0_align.webp,0.120671,0.0,0.1081383749842643
database3/database3/m.013ylm/97-FaceId-0_align.webp,0.133134,0.0,0.1404783129692077
database3/database3/m.013yvd/37-FaceId-0_align.webp,0.027946,1.0,0.028081938624382
database3/database3/m.013yvd/75-FaceId-0_align.webp,0.027604,1.0,0.0473449937999248
database3/database3/m.013yyq/27-FaceId-0_align.webp,0.014857,1.0,0.0580810829997062
database3/database3/m.013yyq/44-FaceId-0_align.webp,0.06122,1.0,0.0395829118788242
database3/database3/m.013yyq/48-FaceId-0_align.webp,0.11735,1.0,0.0891903191804885
database3/database3/m.013zjz/16-FaceId-0_align.webp,0.071353,1.0,0.0618755295872688
database3/database3/m.013zm7/89-FaceId-0_align.webp,0.144683,1.0,0.148354947566986
database3/database3/m.013zpf/72-FaceId-0_align.webp,0.0,0.0,0.0419089645147323
database3/database3/m.013zpf/88-FaceId-0_align.webp,0.169008,0.0,0.1736877709627151
database3/database3/m.013zr7/15-FaceId-0_align.webp,0.062795,1.0,0.0697284862399101
database3/database3/m.013zs9/83-FaceId-0_align.webp,0.33489,0.0,0.3265698552131653
database3/database3/m.013zyw/16-FaceId-0_align.webp,0.043076,1.0,0.0294736102223396
database3/database3/m.013zyw/19-FaceId-0_align.webp,0.020445,1.0,0.0240966286510229
database3/database3/m.013zyw/21-FaceId-0_align.webp,0.01715,1.0,0.017574643716216
database3/database3/m.01400g/101-FaceId-0_align.webp,0.057026,0.0,0.0760546550154686
database3/database3/m.01400g/117-FaceId-0_align.webp,0.219786,0.0,0.1926956176757812
database3/database3/m.01400g/31-FaceId-0_align.webp,0.04717,0.0,0.060643158853054
database3/database3/m.01400g/47-FaceId-0_align.webp,0.103943,0.0,0.1036096811294555
database3/database3/m.014029/72-FaceId-0_align.webp,0.164078,0.0,0.1382270604372024
database3/database3/m.0140ly/8-FaceId-0_align.webp,0.018837,1.0,0.0368835069239139
database3/database3/m.0140v2/84-FaceId-0_align.webp,0.185102,1.0,0.1812150329351425
database3/database3/m.0141qv/12-FaceId-0_align.webp,0.026897,1.0,0.0238337088376283
database3/database3/m.0142n8/3-FaceId-0_align.webp,0.193323,1.0,0.1952092945575714
database3/database3/m.0142n8/5-FaceId-0_align.webp,0.020679,1.0,0.0239510238170623
database3/database3/m.0142sv/3-FaceId-0_align.webp,0.0,1.0,0.0092169474810361
database3/database3/m.0142sv/32-FaceId-0_align.webp,0.0,1.0,0.0212815012782812
database3/database3/m.01433m/64-FaceId-0_align.webp,0.03742,0.0,0.0682525634765625
database3/database3/m.0143sn/66-FaceId-0_align.webp,0.02374,1.0,0.034735769033432
database3/database3/m.0143wl/30-FaceId-0_align.webp,0.034923,1.0,0.0441530160605907
database3/database3/m.0143wl/81-FaceId-0_align.webp,0.051966,1.0,0.0471894852817058
database3/database3/m.014488/3-FaceId-0_align.webp,0.020128,1.0,0.0209564082324504
database3/database3/m.01449w/57-FaceId-0_align.webp,0.017199,1.0,0.0230980366468429
database3/database3/m.01449w/80-FaceId-0_align.webp,0.016942,1.0,0.0151258911937475
database3/database3/m.01449w/99-FaceId-0_align.webp,0.011762,1.0,0.026398317888379
database3/database3/m.0144_b/77-FaceId-0_align.webp,0.037923,1.0,0.0602326020598411
database3/database3/m.0144_b/99-FaceId-0_align.webp,0.002226,1.0,0.0167917944490909
database3/database3/m.0144k5/45-FaceId-0_align.webp,0.060457,0.0,0.069285936653614
database3/database3/m.0144k5/53-FaceId-0_align.webp,0.099321,0.0,0.1019510701298713
database3/database3/m.0144k5/58-FaceId-0_align.webp,0.088277,0.0,0.0743267983198165
database3/database3/m.0144k5/85-FaceId-0_align.webp,0.078258,0.0,0.098910391330719
database3/database3/m.014508/74-FaceId-0_align.webp,0.033711,1.0,0.023789670318365
database3/database3/m.0146fs/16-FaceId-0_align.webp,0.00871,1.0,0.0120059875771403
database3/database3/m.0147cn/44-FaceId-0_align.webp,0.171045,1.0,0.1576353907585144
database3/database3/m.0147cn/79-FaceId-0_align.webp,0.059428,1.0,0.0805894955992698
database3/database3/m.0147jt/99-FaceId-0_align.webp,0.019999,1.0,0.0199519135057926
database3/database3/m.0147qz/78-FaceId-0_align.webp,0.010623,1.0,0.1494405567646026
database3/database3/m.01480y/76-FaceId-0_align.webp,0.0,1.0,0.0084784738719463
database3/database3/m.0148_m/52-FaceId-0_align.webp,0.01178,1.0,0.0287885926663875
database3/database3/m.0148m9/58-FaceId-0_align.webp,0.040365,1.0,0.093378260731697
database3/database3/m.0148qq/63-FaceId-1_align.webp,0.082134,1.0,0.1088873147964477
database3/database3/m.0148x0/17-FaceId-0_align.webp,0.195787,0.0,0.1967060267925262
database3/database3/m.014902/18-FaceId-0_align.webp,0.02167,1.0,0.0317031480371952
database3/database3/m.01491d/96-FaceId-0_align.webp,0.018562,1.0,0.0141699472442269
database3/database3/m.014936/66-FaceId-0_align.webp,0.009581,0.0,0.0184642653912305
database3/database3/m.0149k5/29-FaceId-0_align.webp,0.022158,1.0,0.033389389514923
database3/database3/m.0149k5/81-FaceId-0_align.webp,0.042078,1.0,0.0625132247805595
database3/database3/m.0149vp/23-FaceId-0_align.webp,0.153482,1.0,0.1197798177599906
database3/database3/m.0149vp/3-FaceId-0_align.webp,0.055794,1.0,0.0170261152088642
database3/database3/m.0149vp/63-FaceId-0_align.webp,0.126629,1.0,0.1142944321036338
database3/database3/m.0149wl/102-FaceId-0_align.webp,0.022928,1.0,0.0248776376247406
database3/database3/m.0149wl/45-FaceId-0_align.webp,0.024169,1.0,0.0143299233168363
database3/database3/m.0149xx/94-FaceId-0_align.webp,0.042337,1.0,0.0543053485453128
database3/database3/m.014_1g/72-FaceId-0_align.webp,0.019311,0.0,0.0618668049573898
database3/database3/m.014_1g/8-FaceId-0_align.webp,0.209769,0.0,0.1900603026151657
database3/database3/m.014_4y/6-FaceId-0_align.webp,0.048047,1.0,0.0416914336383342
database3/database3/m.014_sl/106-FaceId-0_align.webp,0.23715,0.0,0.2509666979312897
database3/database3/m.014_sl/74-FaceId-0_align.webp,0.390836,0.0,0.3713193535804748
database3/database3/m.014bn_/16-FaceId-0_align.webp,0.037637,1.0,0.04505530372262
database3/database3/m.014bn_/85-FaceId-1_align.webp,0.012813,1.0,0.0163067150861024
database3/database3/m.014bps/75-FaceId-0_align.webp,0.000105,1.0,0.0160677079111337
database3/database3/m.014byr/85-FaceId-0_align.webp,0.140079,1.0,0.0453792512416839
database3/database3/m.014bz_/33-FaceId-0_align.webp,0.044503,1.0,0.079298160970211
database3/database3/m.014c0y/76-FaceId-0_align.webp,0.175143,1.0,0.1697278022766113
database3/database3/m.014c40/62-FaceId-0_align.webp,0.041412,1.0,0.0583594776690006
database3/database3/m.014c40/70-FaceId-0_align.webp,0.059838,1.0,0.0717001259326934
database3/database3/m.014cq/6-FaceId-0_align.webp,0.092137,1.0,0.1022576168179512
database3/database3/m.014cq/86-FaceId-0_align.webp,0.009035,1.0,0.0204283818602561
database3/database3/m.014cw2/26-FaceId-0_align.webp,0.010138,1.0,0.0113309901207685
database3/database3/m.014cw2/50-FaceId-0_align.webp,0.006571,1.0,0.0344508849084377
database3/database3/m.014d0v/117-FaceId-0_align.webp,0.00171,1.0,0.0093011856079101
database3/database3/m.014d0v/5-FaceId-0_align.webp,0.0,1.0,0.0203252080827951
database3/database3/m.014d0v/76-FaceId-0_align.webp,0.001899,1.0,0.0062935333698987
database3/database3/m.014d15/7-FaceId-0_align.webp,0.067756,1.0,0.1011989340186119
database3/database3/m.014d3/12-FaceId-0_align.webp,0.002261,1.0,0.0241607800126075
database3/database3/m.014d3/72-FaceId-0_align.webp,0.018566,1.0,0.0372578538954257
database3/database3/m.014d3y/82-FaceId-0_align.webp,0.033512,0.0,0.1430884152650833
database3/database3/m.014dg1/103-FaceId-0_align.webp,0.026524,1.0,0.0314699634909629
database3/database3/m.014dg1/51-FaceId-0_align.webp,0.001679,1.0,0.0084356693550944
database3/database3/m.014dg1/65-FaceId-0_align.webp,0.0,1.0,0.0086611974984407
database3/database3/m.014dg1/7-FaceId-0_align.webp,0.01106,1.0,0.016264371573925
database3/database3/m.014dg1/86-FaceId-0_align.webp,0.019596,1.0,0.0158676318824291
database3/database3/m.014dm6/105-FaceId-0_align.webp,0.23153,1.0,0.2579124867916107
database3/database3/m.014dy_/50-FaceId-0_align.webp,0.069776,1.0,0.0359607078135013
database3/database3/m.014dy_/73-FaceId-0_align.webp,0.01239,1.0,0.0136707089841365
database3/database3/m.014f8k/25-FaceId-0_align.webp,0.24634,0.0,0.2485402077436447
database3/database3/m.014f8k/9-FaceId-0_align.webp,0.182534,0.0,0.1958421915769577
database3/database3/m.014fcb/0-FaceId-0_align.webp,0.028343,1.0,0.0383898131549358
database3/database3/m.014fd7/98-FaceId-0_align.webp,0.096652,1.0,0.102059006690979
database3/database3/m.014g17/1-FaceId-0_align.webp,0.005705,1.0,0.0284583773463964
database3/database3/m.014g17/9-FaceId-0_align.webp,0.079641,1.0,0.0684832260012626
database3/database3/m.014g22/90-FaceId-0_align.webp,0.35161,0.0,0.3412132561206817
database3/database3/m.014g6c/86-FaceId-0_align.webp,0.02888,1.0,0.0423817485570907
database3/database3/m.014g6v/43-FaceId-0_align.webp,0.001902,1.0,0.0300703309476375
database3/database3/m.014g79/86-FaceId-0_align.webp,0.049609,1.0,0.0530694425106048
database3/database3/m.014g8p/48-FaceId-0_align.webp,0.000256,1.0,0.0188489574939012
database3/database3/m.014g9y/12-FaceId-0_align.webp,0.038159,0.0,0.0534600280225276
database3/database3/m.014g_f/26-FaceId-0_align.webp,0.000817,1.0,0.0148462448269128
database3/database3/m.014g_f/35-FaceId-0_align.webp,0.001771,1.0,0.075536161661148
database3/database3/m.014gf8/102-FaceId-0_align.webp,0.00204,1.0,0.0145721612498164
database3/database3/m.014gf8/28-FaceId-0_align.webp,0.018311,1.0,0.0271018221974372
database3/database3/m.014gf8/69-FaceId-0_align.webp,0.050273,1.0,0.0472048893570899
database3/database3/m.014gf8/9-FaceId-0_align.webp,0.034223,1.0,0.0280578453093767
database3/database3/m.014gsd/79-FaceId-0_align.webp,0.118598,1.0,0.105830542743206
database3/database3/m.014h_s/80-FaceId-0_align.webp,0.173494,0.0,0.1417085081338882
database3/database3/m.014hlm/54-FaceId-0_align.webp,0.078394,0.0,0.0707339942455291
database3/database3/m.014hmv/53-FaceId-1_align.webp,0.0,1.0,0.0342410132288932
database3/database3/m.014j8m/72-FaceId-0_align.webp,0.0057,1.0,0.0313097275793552
database3/database3/m.014jb8/10-FaceId-0_align.webp,0.009911,1.0,0.0755012258887291
database3/database3/m.014jk0/16-FaceId-0_align.webp,0.026202,1.0,0.0916654616594314
database3/database3/m.014jk0/61-FaceId-0_align.webp,0.011335,1.0,0.0547414049506187
database3/database3/m.014jk0/74-FaceId-0_align.webp,0.003357,1.0,0.040909044444561
database3/database3/m.014jxq/20-FaceId-0_align.webp,0.165895,0.0,0.1594027727842331
database3/database3/m.014jxq/43-FaceId-0_align.webp,0.136492,0.0,0.1067415028810501
database3/database3/m.014jy6/23-FaceId-0_align.webp,0.150311,1.0,0.1287062168121338
database3/database3/m.014jy6/50-FaceId-0_align.webp,0.042148,1.0,0.0730537772178649
database3/database3/m.014jy6/97-FaceId-0_align.webp,0.061362,1.0,0.0662061274051666
database3/database3/m.014k1v/95-FaceId-3_align.webp,0.133686,1.0,0.1890727132558822
database3/database3/m.014k2p/25-FaceId-0_align.webp,0.315824,1.0,0.3191045820713043
database3/database3/m.014kbz/16-FaceId-0_align.webp,0.028027,1.0,0.0229261014610528
database3/database3/m.014kbz/22-FaceId-0_align.webp,0.028933,1.0,0.0324982032179832
database3/database3/m.014kbz/81-FaceId-0_align.webp,0.006506,1.0,0.0246030781418085
database3/database3/m.014kxv/1-FaceId-0_align.webp,0.013313,1.0,0.0120762698352336
database3/database3/m.014kxv/11-FaceId-0_align.webp,0.053384,1.0,0.058012381196022
database3/database3/m.014lb1/14-FaceId-2_align.webp,0.000111,0.0,0.0108087724074721
database3/database3/m.014lb1/47-FaceId-0_align.webp,0.167631,0.0,0.14795583486557
database3/database3/m.014lb1/62-FaceId-1_align.webp,0.053145,0.0,0.0327042937278747
database3/database3/m.014lyb/65-FaceId-0_align.webp,0.056831,1.0,0.0778176188468933
database3/database3/m.014m_1/70-FaceId-0_align.webp,0.018552,1.0,0.0201710220426321
database3/database3/m.014mvy/17-FaceId-0_align.webp,0.196734,1.0,0.1801816374063491
database3/database3/m.014mvy/58-FaceId-0_align.webp,0.218895,1.0,0.2035852223634719
database3/database3/m.014n_k/48-FaceId-0_align.webp,0.006557,1.0,0.0177115444093942
database3/database3/m.014n_k/70-FaceId-0_align.webp,0.029858,1.0,0.0312500111758708
database3/database3/m.014nfw/87-FaceId-0_align.webp,0.123499,0.0,0.1328498572111129
database3/database3/m.014p33/83-FaceId-2_align.webp,0.084076,0.0,0.1041959002614021
database3/database3/m.014p33/87-FaceId-0_align.webp,0.07546,0.0,0.0878475233912468
database3/database3/m.014ptb/14-FaceId-1_align.webp,0.016295,1.0,0.0242690332233905
database3/database3/m.014ptb/5-FaceId-0_align.webp,0.001038,1.0,0.022297104820609
database3/database3/m.014ptb/50-FaceId-0_align.webp,0.185526,1.0,0.1727364659309387
database3/database3/m.014pxk/118-FaceId-0_align.webp,0.227914,1.0,0.2409829795360565
database3/database3/m.014pys/19-FaceId-0_align.webp,0.047245,1.0,0.0604391582310199
database3/database3/m.014pzz/110-FaceId-0_align.webp,0.13041,0.0,0.1447010934352874
database3/database3/m.014qjt/47-FaceId-0_align.webp,0.002851,1.0,0.0292157586663961
database3/database3/m.014r6r/81-FaceId-0_align.webp,0.091441,0.0,0.1317023187875747
database3/database3/m.014s81/3-FaceId-0_align.webp,0.077926,1.0,0.0866598188877105
database3/database3/m.014sj7/7-FaceId-0_align.webp,0.074577,1.0,0.1151372268795967
database3/database3/m.014skb/4-FaceId-0_align.webp,0.096076,0.0,0.0747120529413223
database3/database3/m.014skb/53-FaceId-0_align.webp,0.075066,0.0,0.1027287095785141
database3/database3/m.014skb/55-FaceId-0_align.webp,0.080414,0.0,0.0914801359176635
database3/database3/m.014v1q/8-FaceId-1_align.webp,0.038359,1.0,0.0422136336565017
database3/database3/m.014v6x/16-FaceId-0_align.webp,0.159906,0.0,0.1301531195640564
database3/database3/m.014v6x/20-FaceId-0_align.webp,0.306955,0.0,0.2772386074066162
database3/database3/m.014v6x/88-FaceId-0_align.webp,0.075191,0.0,0.0766709595918655
database3/database3/m.014vbq/60-FaceId-0_align.webp,0.005701,1.0,0.0243239589035511
database3/database3/m.014vnb/46-FaceId-0_align.webp,0.027126,1.0,0.0693568289279937
database3/database3/m.014vnb/51-FaceId-0_align.webp,0.043084,1.0,0.0714266449213028
database3/database3/m.014vtj/100-FaceId-0_align.webp,0.000679,1.0,0.0125931752845644
database3/database3/m.014wsb/38-FaceId-0_align.webp,0.106862,1.0,0.1180567070841789
database3/database3/m.014x0w/28-FaceId-0_align.webp,0.353028,0.0,0.3265518546104431
database3/database3/m.014x0w/74-FaceId-0_align.webp,0.177523,0.0,0.1850121170282364
database3/database3/m.014x0w/96-FaceId-0_align.webp,0.217684,0.0,0.2178307473659515
database3/database3/m.014xn7/100-FaceId-0_align.webp,0.007084,1.0,0.0624914914369583
database3/database3/m.014xn7/42-FaceId-0_align.webp,0.003105,1.0,0.0432626865804195
database3/database3/m.014xr2/5-FaceId-0_align.webp,0.387134,0.0,0.3717307448387146
database3/database3/m.014xr2/87-FaceId-0_align.webp,0.341771,0.0,0.3084405958652496
database3/database3/m.014xzx/93-FaceId-0_align.webp,0.351892,1.0,0.3537681400775909
database3/database3/m.014y6/74-FaceId-0_align.webp,0.012495,1.0,0.0129512874409556
database3/database3/m.014y6/95-FaceId-0_align.webp,0.006882,1.0,0.0163744464516639
database3/database3/m.014y7g/1-FaceId-0_align.webp,0.005692,1.0,0.0308583676815032
database3/database3/m.014z8v/77-FaceId-0_align.webp,0.004141,1.0,0.0179038662463426
database3/database3/m.014zfs/76-FaceId-0_align.webp,0.024924,1.0,0.0292814280837774
database3/database3/m.014zxh/99-FaceId-0_align.webp,0.008633,1.0,0.0112865576520562
database3/database3/m.014zy/105-FaceId-0_align.webp,0.175949,1.0,0.21107217669487
database3/database3/m.014zy/22-FaceId-0_align.webp,0.048224,1.0,0.0348199121654033
database3/database3/m.014zy/56-FaceId-0_align.webp,0.135716,1.0,0.1191012784838676
database3/database3/m.015076/99-FaceId-0_align.webp,0.0064,1.0,0.0512070208787918
database3/database3/m.01507p/0-FaceId-0_align.webp,0.067522,1.0,0.0795543864369392
database3/database3/m.01509x/60-FaceId-0_align.webp,0.015557,1.0,0.0214763917028903
database3/database3/m.0150bp/103-FaceId-0_align.webp,0.041675,0.0,0.0476823635399341
database3/database3/m.0150j5/31-FaceId-0_align.webp,0.003889,1.0,0.0209538340568542
database3/database3/m.0150j5/4-FaceId-0_align.webp,0.006229,1.0,0.0180295817553997
database3/database3/m.0150j5/71-FaceId-0_align.webp,0.062123,1.0,0.0603873953223228
database3/database3/m.0150j5/81-FaceId-0_align.webp,0.001136,1.0,0.0306680258363485
database3/database3/m.0150j5/86-FaceId-0_align.webp,0.002669,1.0,0.0190943945199251
database3/database3/m.0150m1/111-FaceId-0_align.webp,0.023781,1.0,0.0179264843463897
database3/database3/m.0150m1/13-FaceId-0_align.webp,0.071346,1.0,0.0707888305187225
database3/database3/m.0150mg/0-FaceId-0_align.webp,0.057671,1.0,0.1013567000627517
database3/database3/m.0150mg/69-FaceId-0_align.webp,0.220147,1.0,0.2422039210796356
database3/database3/m.0150mg/88-FaceId-0_align.webp,0.14546,1.0,0.1361867189407348
database3/database3/m.0150mg/97-FaceId-0_align.webp,0.078806,1.0,0.106791615486145
database3/database3/m.0150rl/42-FaceId-0_align.webp,0.016396,0.0,0.1164835542440414
database3/database3/m.0150t6/36-FaceId-0_align.webp,0.017669,1.0,0.0234632510691881
database3/database3/m.0150t6/41-FaceId-0_align.webp,0.022058,1.0,0.0297052208334207
database3/database3/m.0150t6/63-FaceId-0_align.webp,0.015119,1.0,0.0147790387272834
database3/database3/m.01519n/21-FaceId-0_align.webp,0.389316,0.0,0.3670837581157684
database3/database3/m.01519n/69-FaceId-0_align.webp,0.017235,0.0,0.0249886140227317
database3/database3/m.0151fv/54-FaceId-0_align.webp,0.017876,0.0,0.0303373001515865
database3/database3/m.0151fv/90-FaceId-0_align.webp,0.296844,0.0,0.3169529438018799
database3/database3/m.0151fv/94-FaceId-0_align.webp,0.121468,0.0,0.1317776590585708
database3/database3/m.0151n1/16-FaceId-0_align.webp,0.044648,1.0,0.0399307459592819
database3/database3/m.0151n1/26-FaceId-0_align.webp,0.101903,1.0,0.1064307615160942
database3/database3/m.0151n1/29-FaceId-0_align.webp,0.049938,1.0,0.0772500187158584
database3/database3/m.0151n1/36-FaceId-0_align.webp,0.038201,1.0,0.0396399199962616
database3/database3/m.0151n1/53-FaceId-0_align.webp,0.021607,1.0,0.037089567631483
database3/database3/m.0151p8/29-FaceId-0_align.webp,0.003452,1.0,0.0100773395970463
database3/database3/m.0151xv/30-FaceId-0_align.webp,0.007121,1.0,0.0333911627531051
database3/database3/m.0151xv/44-FaceId-0_align.webp,0.021629,1.0,0.0320365950465202
database3/database3/m.0151xv/88-FaceId-0_align.webp,0.006779,1.0,0.0239534433931112
database3/database3/m.0151zx/92-FaceId-0_align.webp,0.043036,1.0,0.1034686267375946
database3/database3/m.0152cw/42-FaceId-0_align.webp,0.083199,0.0,0.0760814771056175
database3/database3/m.0152xn/72-FaceId-0_align.webp,0.043462,1.0,0.0406097657978534
database3/database3/m.015302/4-FaceId-0_align.webp,0.000416,1.0,0.0131640620529651
database3/database3/m.0153dp/1-FaceId-0_align.webp,0.039324,1.0,0.0394358299672603
database3/database3/m.0153dp/88-FaceId-0_align.webp,0.057869,1.0,0.0621848441660404
database3/database3/m.0153vt/1-FaceId-0_align.webp,0.335303,1.0,0.3611279428005218
database3/database3/m.0153vt/81-FaceId-0_align.webp,0.087285,1.0,0.0821416154503822
database3/database3/m.0153y1/16-FaceId-0_align.webp,0.166114,0.0,0.1568595618009567
database3/database3/m.01541z/117-FaceId-0_align.webp,0.111734,0.0,0.1202298551797866
database3/database3/m.01547g/3-FaceId-0_align.webp,0.153164,0.0,0.1488933265209198
database3/database3/m.01547g/73-FaceId-0_align.webp,0.246081,0.0,0.2275902330875396
database3/database3/m.0154d7/52-FaceId-0_align.webp,0.115018,1.0,0.157258927822113
database3/database3/m.0154ff/10-FaceId-0_align.webp,0.121913,0.0,0.1043680906295776
database3/database3/m.0154hr/101-FaceId-0_align.webp,0.090433,0.0,0.0362997464835643
database3/database3/m.0154hr/109-FaceId-0_align.webp,0.038439,0.0,0.0272938441485166
database3/database3/m.0154hr/18-FaceId-0_align.webp,0.07836,0.0,0.0278011448681354
database3/database3/m.0154hr/28-FaceId-0_align.webp,0.045785,0.0,0.0353831090033054
database3/database3/m.0154s9/24-FaceId-0_align.webp,0.052837,1.0,0.0541746020317077
database3/database3/m.0154x6/57-FaceId-0_align.webp,0.061779,0.0,0.0250638350844383
database3/database3/m.01552j/40-FaceId-0_align.webp,0.017747,1.0,0.02676965855062
database3/database3/m.01558d/79-FaceId-0_align.webp,0.014812,1.0,0.0410654544830322
database3/database3/m.01558d/8-FaceId-0_align.webp,0.124089,1.0,0.1193985790014267
database3/database3/m.0155zp/26-FaceId-0_align.webp,0.000547,1.0,0.0233653839677572
database3/database3/m.0155zp/7-FaceId-0_align.webp,0.015991,1.0,0.0191331841051578
database3/database3/m.0155zp/79-FaceId-0_align.webp,0.02849,1.0,0.0328104794025421
database3/database3/m.0155zp/88-FaceId-0_align.webp,0.072148,1.0,0.0697061419486999
database3/database3/m.0156dg/11-FaceId-0_align.webp,0.153809,0.0,0.1686041951179504
database3/database3/m.0156dg/2-FaceId-0_align.webp,0.144571,0.0,0.117482766509056
database3/database3/m.0156y1/31-FaceId-0_align.webp,0.047284,1.0,0.0267902351915836
database3/database3/m.01574b/45-FaceId-0_align.webp,0.070647,0.0,0.0886274650692939
database3/database3/m.015796/86-FaceId-0_align.webp,0.081944,0.0,0.0982717871665954
database3/database3/m.0157m/20-FaceId-0_align.webp,0.028257,1.0,0.0517253614962101
database3/database3/m.0157m/24-FaceId-0_align.webp,0.028454,1.0,0.0446813479065895
database3/database3/m.0157m/25-FaceId-0_align.webp,0.020124,1.0,0.0287602934986352
database3/database3/m.0157m/73-FaceId-0_align.webp,0.033963,1.0,0.0478728637099266
database3/database3/m.0157r6/22-FaceId-1_align.webp,0.0,1.0,0.0254897195845842
database3/database3/m.0157ry/29-FaceId-0_align.webp,0.027582,1.0,0.0169628169387578
database3/database3/m.015882/17-FaceId-0_align.webp,0.396178,0.0,0.3902643918991089
database3/database3/m.015882/20-FaceId-0_align.webp,0.380878,0.0,0.4083896577358246
database3/database3/m.015882/75-FaceId-0_align.webp,0.386665,0.0,0.3604164719581604
database3/database3/m.0158r2/73-FaceId-0_align.webp,0.173377,0.0,0.1974916458129882
database3/database3/m.01598m/79-FaceId-0_align.webp,0.475474,0.0,0.4271636009216308
database3/database3/m.0159wm/104-FaceId-0_align.webp,0.007308,1.0,0.0110686421394348
database3/database3/m.0159wm/9-FaceId-0_align.webp,0.002891,1.0,0.013931406661868
database3/database3/m.015_44/31-FaceId-0_align.webp,0.062168,0.0,0.0424298904836177
database3/database3/m.015_44/64-FaceId-0_align.webp,0.356589,0.0,0.3743518590927124
database3/database3/m.015_44/84-FaceId-0_align.webp,0.3229,0.0,0.3320485353469848
database3/database3/m.015b67/34-FaceId-0_align.webp,0.034996,1.0,0.086699828505516
database3/database3/m.015bhj/103-FaceId-1_align.webp,0.041754,1.0,0.1442280113697052
database3/database3/m.015bhj/70-FaceId-0_align.webp,0.00385,1.0,0.0350746363401412
database3/database3/m.015bnf/68-FaceId-0_align.webp,0.066968,0.0,0.0925003811717033
database3/database3/m.015brk/18-FaceId-0_align.webp,0.023166,1.0,0.0278162788599729
database3/database3/m.015bw2/110-FaceId-0_align.webp,0.01319,1.0,0.0259524751454591
database3/database3/m.015bw2/40-FaceId-0_align.webp,0.013047,1.0,0.0105333151295781
database3/database3/m.015bw2/68-FaceId-0_align.webp,0.00956,1.0,0.019940860569477
database3/database3/m.015c2f/3-FaceId-0_align.webp,0.072717,0.0,0.0618089064955711
database3/database3/m.015c2f/47-FaceId-0_align.webp,0.01548,0.0,0.0210987869650125
database3/database3/m.015c2f/49-FaceId-0_align.webp,0.031524,0.0,0.0318640135228633
database3/database3/m.015c2f/8-FaceId-0_align.webp,0.126031,0.0,0.131983071565628
database3/database3/m.015c4g/7-FaceId-0_align.webp,0.000573,1.0,0.0095360269770026
database3/database3/m.015c4g/83-FaceId-0_align.webp,0.000391,1.0,0.0243363268673419
database3/database3/m.015cyn/17-FaceId-0_align.webp,0.046212,1.0,0.0604405291378498
database3/database3/m.015cyn/5-FaceId-0_align.webp,0.152464,1.0,0.127788171172142
database3/database3/m.015czg/24-FaceId-0_align.webp,0.141052,1.0,0.1439439356327057
database3/database3/m.015d2r/66-FaceId-0_align.webp,0.064087,1.0,0.0569251142442226
database3/database3/m.015d2r/86-FaceId-0_align.webp,0.029999,1.0,0.0249478910118341
database3/database3/m.015dcj/83-FaceId-0_align.webp,0.023385,1.0,0.0168051198124885
database3/database3/m.015dgg/80-FaceId-0_align.webp,0.001775,1.0,0.0129941971972584
database3/database3/m.015djp/24-FaceId-0_align.webp,0.0,1.0,0.009980596601963
database3/database3/m.015djp/27-FaceId-0_align.webp,0.037685,1.0,0.0463816337287426
database3/database3/m.015dk3/22-FaceId-0_align.webp,0.027592,1.0,0.0369065329432487
database3/database3/m.015dnt/38-FaceId-0_align.webp,0.001692,1.0,0.0595786832273006
database3/database3/m.015dnt/42-FaceId-1_align.webp,0.102539,1.0,0.0924316346645355
database3/database3/m.015dqj/29-FaceId-0_align.webp,0.034796,1.0,0.0340125299990177
database3/database3/m.015dsz/54-FaceId-1_align.webp,0.002756,1.0,0.0132447844371199
database3/database3/m.015dx/106-FaceId-0_align.webp,0.065832,0.0,0.0562352091073989
database3/database3/m.015dx/112-FaceId-0_align.webp,0.282009,0.0,0.3015354871749878
database3/database3/m.015dx/117-FaceId-0_align.webp,0.154935,0.0,0.1466125696897506
database3/database3/m.015dx/16-FaceId-0_align.webp,0.065933,0.0,0.0454771593213081
database3/database3/m.015dx/75-FaceId-0_align.webp,0.127561,0.0,0.137320339679718
database3/database3/m.015dz8/51-FaceId-0_align.webp,0.051527,1.0,0.059605423361063
database3/database3/m.015f6_/9-FaceId-0_align.webp,0.050822,1.0,0.0584360174834728
database3/database3/m.015fxn/110-FaceId-1_align.webp,0.050721,0.0,0.0546403676271438
database3/database3/m.015fyd/19-FaceId-0_align.webp,0.055834,0.0,0.0765152424573898
database3/database3/m.015g36/86-FaceId-0_align.webp,0.010069,0.0,0.0185699071735143
database3/database3/m.015g98/4-FaceId-0_align.webp,0.031227,1.0,0.0341417789459228
database3/database3/m.015g_7/108-FaceId-0_align.webp,0.075445,1.0,0.09208395332098
database3/database3/m.015ghl/29-FaceId-0_align.webp,0.035495,0.0,0.0352918729186058
database3/database3/m.015ghl/58-FaceId-0_align.webp,0.114793,0.0,0.1128327026963234
database3/database3/m.015ghl/7-FaceId-0_align.webp,0.022651,0.0,0.0205062702298164
database3/database3/m.015gjr/36-FaceId-0_align.webp,0.054888,1.0,0.0347705110907554
database3/database3/m.015gjr/40-FaceId-0_align.webp,0.045893,1.0,0.0763039886951446
database3/database3/m.015gjr/84-FaceId-0_align.webp,0.042274,1.0,0.0459458753466606
database3/database3/m.015gqm/96-FaceId-1_align.webp,0.236979,1.0,0.2686548233032226
database3/database3/m.015grj/83-FaceId-0_align.webp,0.0,1.0,0.0126320300623774
database3/database3/m.015grj/95-FaceId-0_align.webp,0.006074,1.0,0.0191782265901565
database3/database3/m.015grj/98-FaceId-0_align.webp,0.00126,1.0,0.0143505064770579
database3/database3/m.015gsv/100-FaceId-0_align.webp,0.087077,1.0,0.1114932298660278
database3/database3/m.015gsv/72-FaceId-0_align.webp,0.017745,1.0,0.015030475333333
database3/database3/m.015gx1/70-FaceId-0_align.webp,0.056653,1.0,0.0614593848586082
database3/database3/m.015gy7/28-FaceId-0_align.webp,0.011386,1.0,0.0160421878099441
database3/database3/m.015gzc/94-FaceId-0_align.webp,0.077714,1.0,0.0819150879979133
database3/database3/m.015h25/3-FaceId-0_align.webp,0.001481,1.0,0.0333915576338768
database3/database3/m.015h7y/30-FaceId-0_align.webp,0.014431,1.0,0.0176153443753719
database3/database3/m.015htz/46-FaceId-0_align.webp,0.135648,0.0,0.133271262049675
database3/database3/m.015j58/58-FaceId-0_align.webp,0.016994,1.0,0.0165542643517255
database3/database3/m.015j6h/20-FaceId-0_align.webp,0.005265,1.0,0.0102370921522378
database3/database3/m.015j6h/37-FaceId-0_align.webp,0.094841,1.0,0.0972127988934516
database3/database3/m.015j6y/47-FaceId-0_align.webp,0.10488,0.0,0.1589540094137191
database3/database3/m.015j6y/5-FaceId-0_align.webp,0.085053,0.0,0.0772914290428161
database3/database3/m.015j6y/73-FaceId-1_align.webp,0.12413,0.0,0.1293250024318695
database3/database3/m.015j8x/17-FaceId-0_align.webp,0.049084,1.0,0.0209969878196716
database3/database3/m.015j8x/42-FaceId-0_align.webp,0.021866,1.0,0.0512361750006675
database3/database3/m.015jjw/46-FaceId-0_align.webp,0.068702,1.0,0.0506021082401275
database3/database3/m.015jjw/69-FaceId-0_align.webp,0.113403,1.0,0.1113282442092895
database3/database3/m.015jvm/105-FaceId-0_align.webp,0.006549,1.0,0.0075085908174514
database3/database3/m.015jvm/32-FaceId-0_align.webp,0.01088,1.0,0.0122464541345834
database3/database3/m.015jvm/85-FaceId-0_align.webp,0.111985,1.0,0.0640075951814651
database3/database3/m.015k04/104-FaceId-0_align.webp,0.087765,0.0,0.0810741186141967
database3/database3/m.015k04/33-FaceId-0_align.webp,0.019732,0.0,0.0384586788713932
database3/database3/m.015k04/68-FaceId-0_align.webp,0.032064,0.0,0.0704366639256477
database3/database3/m.015k9x/19-FaceId-0_align.webp,0.079615,0.0,0.0769930928945541
database3/database3/m.015k9x/84-FaceId-0_align.webp,0.154994,0.0,0.1190263032913208
database3/database3/m.015kbd/21-FaceId-0_align.webp,0.030994,1.0,0.0321679264307022
database3/database3/m.015kbd/80-FaceId-0_align.webp,0.061754,1.0,0.0561045743525028
database3/database3/m.015khm/4-FaceId-0_align.webp,0.027803,1.0,0.034825786948204
database3/database3/m.015klf/75-FaceId-0_align.webp,0.0,1.0,0.019795598462224
database3/database3/m.015ksl/24-FaceId-0_align.webp,0.23069,1.0,0.252405971288681
database3/database3/m.015ksl/26-FaceId-1_align.webp,0.043132,1.0,0.0493681617081165
database3/database3/m.015ksl/31-FaceId-0_align.webp,0.096817,1.0,0.1018691658973693
database3/database3/m.015ksl/72-FaceId-0_align.webp,0.014945,1.0,0.0201838482171297
database3/database3/m.015ksy/70-FaceId-0_align.webp,0.064697,1.0,0.0776779800653457
database3/database3/m.015ksy/90-FaceId-0_align.webp,0.039383,1.0,0.0746740996837616
database3/database3/m.015kt_/7-FaceId-0_align.webp,0.084368,1.0,0.1319425702095031
database3/database3/m.015l1l/126-FaceId-0_align.webp,0.0,1.0,0.0199353415518999
database3/database3/m.015l51/58-FaceId-0_align.webp,0.077217,1.0,0.1063079237937927
database3/database3/m.015lg2/3-FaceId-0_align.webp,0.081487,1.0,0.0862816125154495
database3/database3/m.015m2c/35-FaceId-0_align.webp,0.111821,0.0,0.0740904733538627
database3/database3/m.015m2c/62-FaceId-0_align.webp,0.107098,0.0,0.0896650478243827
database3/database3/m.015m2c/96-FaceId-0_align.webp,0.077293,0.0,0.070057988166809
database3/database3/m.015m2v/50-FaceId-0_align.webp,0.014038,1.0,0.0227604657411575
database3/database3/m.015m_9/103-FaceId-0_align.webp,0.203457,0.0,0.1517829895019531
database3/database3/m.015m_9/23-FaceId-0_align.webp,0.194385,0.0,0.2142709046602249
database3/database3/m.015mfy/124-FaceId-0_align.webp,0.011509,1.0,0.033419419080019
database3/database3/m.015mfy/44-FaceId-0_align.webp,0.015486,1.0,0.0203908775001764
database3/database3/m.015ncq/12-FaceId-0_align.webp,0.097302,0.0,0.1475284099578857
database3/database3/m.015ncq/15-FaceId-0_align.webp,0.108176,0.0,0.1617094725370407
database3/database3/m.015ncq/43-FaceId-0_align.webp,0.173231,0.0,0.1818580031394958
database3/database3/m.015nr6/10-FaceId-0_align.webp,0.135309,0.0,0.1064711734652519
database3/database3/m.015nxw/46-FaceId-0_align.webp,0.033616,1.0,0.0466514304280281
database3/database3/m.015nz8/33-FaceId-0_align.webp,0.258768,1.0,0.2317976653575897
database3/database3/m.015p0c/3-FaceId-0_align.webp,0.047687,1.0,0.0796010196208953
database3/database3/m.015p37/5-FaceId-0_align.webp,0.024022,0.0,0.0517139844596385
database3/database3/m.015p3p/83-FaceId-3_align.webp,0.095309,1.0,0.1520202755928039
database3/database3/m.015p_p/4-FaceId-0_align.webp,0.041582,1.0,0.0465074107050895
database3/database3/m.015ph6/52-FaceId-0_align.webp,0.019715,1.0,0.0171133670955896
database3/database3/m.015ph6/9-FaceId-0_align.webp,0.017184,1.0,0.0140400892123579
database3/database3/m.015phm/91-FaceId-0_align.webp,0.017375,1.0,0.0167053695768117
database3/database3/m.015pqq/24-FaceId-0_align.webp,0.179784,0.0,0.1691237092018127
database3/database3/m.015pqq/66-FaceId-0_align.webp,0.136121,0.0,0.1548153609037399
database3/database3/m.015pqq/87-FaceId-0_align.webp,0.018013,0.0,0.0448350980877876
database3/database3/m.015pt7/51-FaceId-0_align.webp,0.127322,1.0,0.1687786877155304
database3/database3/m.015pt7/58-FaceId-0_align.webp,0.035197,1.0,0.0481676161289215
database3/database3/m.015pt7/60-FaceId-0_align.webp,0.049196,1.0,0.0432840064167976
database3/database3/m.015pvh/112-FaceId-0_align.webp,0.330281,0.0,0.3313573598861694
database3/database3/m.015px7/44-FaceId-0_align.webp,0.034165,1.0,0.0277760121971368
database3/database3/m.015px7/91-FaceId-0_align.webp,0.015722,1.0,0.0501233413815498
database3/database3/m.015pxr/76-FaceId-0_align.webp,0.013737,1.0,0.0159734152257442
database3/database3/m.015pxr/85-FaceId-0_align.webp,0.04711,1.0,0.0456797145307064
database3/database3/m.015pz3/26-FaceId-0_align.webp,0.029214,1.0,0.0297754406929016
database3/database3/m.015q3m/88-FaceId-0_align.webp,0.02977,1.0,0.1033888906240463
database3/database3/m.015q43/44-FaceId-0_align.webp,0.14431,0.0,0.147744208574295
database3/database3/m.015q43/83-FaceId-0_align.webp,0.202776,0.0,0.2001776695251464
database3/database3/m.015q7v/66-FaceId-0_align.webp,0.123951,1.0,0.1302690804004669
database3/database3/m.015q7v/70-FaceId-0_align.webp,0.084162,1.0,0.0872516334056854
database3/database3/m.015q7v/74-FaceId-0_align.webp,0.166774,1.0,0.1663628369569778
database3/database3/m.015q7v/95-FaceId-0_align.webp,0.114436,1.0,0.1398645341396331
database3/database3/m.015q9_/38-FaceId-0_align.webp,0.073529,1.0,0.0628133714199066
database3/database3/m.015q9_/55-FaceId-0_align.webp,0.228226,1.0,0.2243216335773468
database3/database3/m.015qgb/80-FaceId-0_align.webp,0.240744,0.0,0.2234540432691574
database3/database3/m.015ql4/49-FaceId-0_align.webp,0.010843,1.0,0.0158497486263513
database3/database3/m.015ql_/79-FaceId-0_align.webp,0.076307,0.0,0.06624236702919
database3/database3/m.015qlm/10-FaceId-0_align.webp,0.050821,0.0,0.0341920852661132
database3/database3/m.015qlm/70-FaceId-0_align.webp,0.030997,0.0,0.0311706438660621
database3/database3/m.015qpn/63-FaceId-0_align.webp,0.366396,1.0,0.3175473213195801
database3/database3/m.015qq1/36-FaceId-0_align.webp,0.022633,1.0,0.036070916801691
database3/database3/m.015qty/73-FaceId-0_align.webp,0.019129,1.0,0.0164123363792896
database3/database3/m.015qty/74-FaceId-0_align.webp,0.007618,1.0,0.0404242649674415
database3/database3/m.015qv9/29-FaceId-0_align.webp,0.006101,1.0,0.0387319289147853
database3/database3/m.015qxn/75-FaceId-0_align.webp,0.029389,1.0,0.0476189404726028
database3/database3/m.015qxn/81-FaceId-0_align.webp,0.000968,1.0,0.0213505178689956
database3/database3/m.015qyf/14-FaceId-0_align.webp,0.032701,1.0,0.0727560445666313
database3/database3/m.015qzv/12-FaceId-0_align.webp,0.03298,1.0,0.0269123669713735
database3/database3/m.015qzv/45-FaceId-0_align.webp,0.048204,1.0,0.0417437218129634
database3/database3/m.015qzv/55-FaceId-0_align.webp,0.094832,1.0,0.1013251692056655
database3/database3/m.015qzv/57-FaceId-0_align.webp,0.068867,1.0,0.0879810079932212
database3/database3/m.015r3q/35-FaceId-0_align.webp,0.001755,1.0,0.0094282301142811
database3/database3/m.015r4v/28-FaceId-0_align.webp,0.015627,1.0,0.0273262467235326
database3/database3/m.015rhv/21-FaceId-0_align.webp,0.274759,1.0,0.2627784013748169
database3/database3/m.015rmq/88-FaceId-0_align.webp,0.016982,1.0,0.0526559837162494
database3/database3/m.015t_m/31-FaceId-0_align.webp,0.0851,1.0,0.0920713767409324
database3/database3/m.015thk/1-FaceId-0_align.webp,0.117609,1.0,0.1351221352815628
database3/database3/m.015thk/47-FaceId-0_align.webp,0.223814,1.0,0.2197494655847549
database3/database3/m.015thk/89-FaceId-0_align.webp,0.010677,1.0,0.0591116026043891
database3/database3/m.015tp7/25-FaceId-0_align.webp,0.089928,1.0,0.0889895409345626
database3/database3/m.015tp7/4-FaceId-0_align.webp,0.078982,1.0,0.0899536907672882
database3/database3/m.015tv5/22-FaceId-0_align.webp,0.009031,1.0,0.110134482383728
database3/database3/m.015tv5/54-FaceId-0_align.webp,0.027498,1.0,0.025782935321331
database3/database3/m.015tyq/50-FaceId-0_align.webp,0.029346,1.0,0.0230413023382425
database3/database3/m.015tyq/63-FaceId-0_align.webp,0.05956,1.0,0.055547185242176
database3/database3/m.015v98/49-FaceId-0_align.webp,0.062142,0.0,0.080677606165409
database3/database3/m.015v98/79-FaceId-0_align.webp,0.070144,0.0,0.1003026962280273
database3/database3/m.015vql/63-FaceId-0_align.webp,0.02634,1.0,0.0267540048807859
database3/database3/m.015vyh/54-FaceId-0_align.webp,0.020372,1.0,0.0181070491671562
database3/database3/m.015wfg/59-FaceId-0_align.webp,0.021245,1.0,0.0541123151779174
database3/database3/m.015wfy/41-FaceId-0_align.webp,0.10115,1.0,0.0947112813591957
database3/database3/m.015wfy/43-FaceId-0_align.webp,0.000923,1.0,0.0270037539303302
database3/database3/m.015wfy/78-FaceId-0_align.webp,0.064575,1.0,0.075232446193695
database3/database3/m.015wfy/91-FaceId-0_align.webp,0.156,1.0,0.1252945214509964
database3/database3/m.015wgw/16-FaceId-0_align.webp,0.030553,1.0,0.0386302359402179
database3/database3/m.015wgw/5-FaceId-0_align.webp,0.079937,1.0,0.0933146178722381
database3/database3/m.015wkb/94-FaceId-0_align.webp,0.010721,1.0,0.0119618522003293
database3/database3/m.015x3n/93-FaceId-0_align.webp,0.0,0.0,0.0519883446395397
database3/database3/m.015x63/126-FaceId-0_align.webp,0.077609,0.0,0.0707187876105308
database3/database3/m.015xnd/46-FaceId-0_align.webp,0.021854,1.0,0.0614149942994117
database3/database3/m.015xnd/72-FaceId-0_align.webp,0.171432,1.0,0.2126696556806564
database3/database3/m.015xsn/17-FaceId-0_align.webp,0.021828,1.0,0.0320854857563972
database3/database3/m.015xww/31-FaceId-0_align.webp,0.075773,1.0,0.1105049699544906
database3/database3/m.015xys/54-FaceId-0_align.webp,0.054138,1.0,0.0800569951534271
database3/database3/m.015y4c/42-FaceId-0_align.webp,0.097688,1.0,0.0801355168223381
database3/database3/m.015y4c/72-FaceId-0_align.webp,0.027368,1.0,0.0300199780613183
database3/database3/m.015y4c/79-FaceId-0_align.webp,0.010835,1.0,0.02483138628304
database3/database3/m.015yb0/108-FaceId-0_align.webp,0.073526,1.0,0.0627134516835212
database3/database3/m.015ybz/5-FaceId-0_align.webp,0.004767,1.0,0.0156029788777232
database3/database3/m.015yg9/69-FaceId-0_align.webp,0.021682,1.0,0.0649531930685043
database3/database3/m.015ykr/19-FaceId-0_align.webp,0.078311,0.0,0.1016596257686615
database3/database3/m.015ykr/9-FaceId-0_align.webp,0.026904,0.0,0.0437395088374614
database3/database3/m.015z4j/106-FaceId-1_align.webp,0.203863,0.0,0.2255369275808334
database3/database3/m.015z4j/30-FaceId-0_align.webp,0.022438,0.0,0.0314385928213596
database3/database3/m.015zj4/3-FaceId-0_align.webp,0.026859,1.0,0.0270810835063457
database3/database3/m.015zjx/34-FaceId-0_align.webp,0.188292,1.0,0.1648825407028198
database3/database3/m.015zm4/92-FaceId-0_align.webp,0.019768,1.0,0.0626814290881156
database3/database3/m.015zmm/35-FaceId-0_align.webp,0.071991,0.0,0.0619232952594757
database3/database3/m.016077/95-FaceId-0_align.webp,0.023638,1.0,0.0242394004017114
database3/database3/m.0160pf/102-FaceId-0_align.webp,0.037457,1.0,0.0535168200731277
database3/database3/m.016194/12-FaceId-0_align.webp,0.028771,1.0,0.0271273124963045
database3/database3/m.016194/6-FaceId-0_align.webp,0.025295,1.0,0.0330380722880363
database3/database3/m.0161h5/105-FaceId-0_align.webp,0.042175,0.0,0.0695949122309684
database3/database3/m.0161hn/33-FaceId-0_align.webp,0.010683,1.0,0.0510734096169471
database3/database3/m.0162c8/22-FaceId-0_align.webp,0.021055,1.0,0.0225589275360107
database3/database3/m.0162c8/71-FaceId-0_align.webp,0.041746,1.0,0.030032604932785
database3/database3/m.0162c8/72-FaceId-0_align.webp,0.034776,1.0,0.0361615940928459
database3/database3/m.0162lw/68-FaceId-0_align.webp,0.026272,1.0,0.0168594904243946
database3/database3/m.0162n1/16-FaceId-0_align.webp,0.013549,1.0,0.0223683416843414
database3/database3/m.0162n1/17-FaceId-0_align.webp,0.15524,1.0,0.1557004749774933
database3/database3/m.01635v/83-FaceId-0_align.webp,0.001023,1.0,0.0136214829981327
database3/database3/m.0163bt/91-FaceId-0_align.webp,0.100672,1.0,0.1341663002967834
database3/database3/m.0163kf/72-FaceId-0_align.webp,0.120095,0.0,0.1132886782288551
database3/database3/m.0163kf/83-FaceId-0_align.webp,0.098981,0.0,0.0916405469179153
database3/database3/m.0163rk/30-FaceId-0_align.webp,0.022552,1.0,0.0471339114010334
database3/database3/m.0163s9/24-FaceId-0_align.webp,0.074147,1.0,0.1082940101623535
database3/database3/m.0163s9/74-FaceId-0_align.webp,0.166715,1.0,0.168337807059288
database3/database3/m.0163t3/106-FaceId-0_align.webp,0.195337,0.0,0.1801662445068359
database3/database3/m.0163t3/9-FaceId-0_align.webp,0.08181,0.0,0.0809231400489807
database3/database3/m.0163y8/74-FaceId-0_align.webp,0.077227,1.0,0.0823856592178344
database3/database3/m.0164c4/60-FaceId-0_align.webp,0.111711,0.0,0.1236334964632988
database3/database3/m.0164lp/69-FaceId-0_align.webp,0.064522,1.0,0.1064267754554748
database3/database3/m.0164lp/92-FaceId-0_align.webp,0.151037,1.0,0.1001079231500625
database3/database3/m.0164nb/3-FaceId-0_align.webp,0.089532,1.0,0.097193993628025
database3/database3/m.0164y7/34-FaceId-0_align.webp,0.005214,1.0,0.0516274496912956
database3/database3/m.0165cp/26-FaceId-0_align.webp,0.006703,0.0,0.0217101909220218
database3/database3/m.0165cp/52-FaceId-0_align.webp,0.057554,0.0,0.0886073634028434
database3/database3/m.0165gc/85-FaceId-0_align.webp,0.006716,1.0,0.0190716590732336
database3/database3/m.0165gc/99-FaceId-0_align.webp,0.120842,1.0,0.1403557807207107
database3/database3/m.0165ky/57-FaceId-0_align.webp,0.015031,1.0,0.0262132436037063
database3/database3/m.0165n5/59-FaceId-0_align.webp,0.014306,0.0,0.0319888070225715
database3/database3/m.01666h/59-FaceId-0_align.webp,0.366126,0.0,0.3521151542663574
database3/database3/m.01666h/65-FaceId-0_align.webp,0.324656,0.0,0.3308694064617157
database3/database3/m.0166rp/41-FaceId-0_align.webp,0.108225,1.0,0.1251840591430664
database3/database3/m.0166rp/55-FaceId-0_align.webp,0.058677,1.0,0.0683576241135597
database3/database3/m.0166w_/52-FaceId-0_align.webp,0.055626,1.0,0.0534070990979671
database3/database3/m.0166w_/7-FaceId-0_align.webp,0.051227,1.0,0.0488888546824455
database3/database3/m.0166yl/4-FaceId-0_align.webp,0.128426,1.0,0.132975086569786
database3/database3/m.0166yl/42-FaceId-0_align.webp,0.00821,1.0,0.0126048913225531
database3/database3/m.0166zk/13-FaceId-0_align.webp,0.040817,1.0,0.0461809895932674
database3/database3/m.0166zk/42-FaceId-0_align.webp,0.020069,1.0,0.0252131093293428
database3/database3/m.0166zk/72-FaceId-0_align.webp,0.015452,1.0,0.0195345506072044
database3/database3/m.01678_/78-FaceId-0_align.webp,0.014927,1.0,0.0550490655004978
database3/database3/m.0167h6/35-FaceId-0_align.webp,0.000892,1.0,0.0324935503304004
database3/database3/m.0167xk/87-FaceId-0_align.webp,0.035118,1.0,0.0484038814902305
database3/database3/m.016883/25-FaceId-0_align.webp,0.021581,1.0,0.0361356511712074
database3/database3/m.016883/35-FaceId-0_align.webp,0.016967,1.0,0.0154897244647145
database3/database3/m.016883/79-FaceId-0_align.webp,0.042662,1.0,0.0403475426137447
database3/database3/m.0168cl/73-FaceId-0_align.webp,0.16573,1.0,0.1441860944032669
database3/database3/m.0168ql/60-FaceId-0_align.webp,0.01118,1.0,0.0163505319505929
database3/database3/m.0168vx/9-FaceId-0_align.webp,0.182986,0.0,0.2034089267253875
database3/database3/m.01693z/106-FaceId-0_align.webp,0.308514,1.0,0.2861101329326629
database3/database3/m.01693z/67-FaceId-0_align.webp,0.053019,1.0,0.0425803065299987
database3/database3/m.016959/105-FaceId-0_align.webp,0.10109,1.0,0.1027523577213287
database3/database3/m.016959/51-FaceId-0_align.webp,0.067755,1.0,0.0727910473942756
database3/database3/m.0169ff/102-FaceId-0_align.webp,0.033338,1.0,0.081013835966587
database3/database3/m.0169ff/36-FaceId-0_align.webp,0.024259,1.0,0.0325435027480125
database3/database3/m.0169ff/79-FaceId-0_align.webp,0.137366,1.0,0.1499120891094207
database3/database3/m.0169mh/14-FaceId-0_align.webp,0.084985,0.0,0.0815062820911407
database3/database3/m.0169r6/43-FaceId-0_align.webp,0.109367,0.0,0.1499028354883194
database3/database3/m.0169v2/37-FaceId-0_align.webp,0.237432,0.0,0.2063668519258499
database3/database3/m.0169v2/60-FaceId-0_align.webp,0.294775,0.0,0.3054221868515014
database3/database3/m.0169x_/12-FaceId-0_align.webp,0.169443,1.0,0.1774061024188995
database3/database3/m.016_js/82-FaceId-0_align.webp,0.00161,0.0,0.0082289148122072
database3/database3/m.016_js/90-FaceId-0_align.webp,0.074161,0.0,0.0552256666123867
database3/database3/m.016_mj/9-FaceId-0_align.webp,0.005546,1.0,0.0107899447903037
database3/database3/m.016b6z/92-FaceId-0_align.webp,0.053278,1.0,0.0474607609212398
database3/database3/m.016b90/0-FaceId-0_align.webp,0.006801,1.0,0.0208984166383743
database3/database3/m.016b90/79-FaceId-0_align.webp,0.0,1.0,0.0180669371038675
database3/database3/m.016b90/8-FaceId-0_align.webp,0.046454,1.0,0.015828900039196
database3/database3/m.016b90/93-FaceId-0_align.webp,0.01334,1.0,0.046645600348711
database3/database3/m.016cn6/6-FaceId-0_align.webp,0.062721,1.0,0.0656841844320297
database3/database3/m.016cn6/90-FaceId-0_align.webp,0.090699,1.0,0.1235156208276748
database3/database3/m.016cz6/23-FaceId-1_align.webp,0.213677,1.0,0.1141339242458343
database3/database3/m.016db7/11-FaceId-0_align.webp,0.00104,1.0,0.0257763415575027
database3/database3/m.016dbr/42-FaceId-0_align.webp,0.02227,1.0,0.056198988109827
database3/database3/m.016fjj/77-FaceId-0_align.webp,0.012807,1.0,0.0231015030294656
database3/database3/m.016fnv/40-FaceId-0_align.webp,0.049743,1.0,0.0300890263170003
database3/database3/m.016g29/40-FaceId-0_align.webp,0.003894,1.0,0.0184805486351251
database3/database3/m.016g29/95-FaceId-0_align.webp,0.017798,1.0,0.0188238155096769
database3/database3/m.016ggh/74-FaceId-0_align.webp,0.004674,1.0,0.0224321167916059
database3/database3/m.016ghw/12-FaceId-0_align.webp,0.035794,1.0,0.0329548642039299
database3/database3/m.016gkf/85-FaceId-0_align.webp,0.159983,1.0,0.1664317995309829
database3/database3/m.016gnp/45-FaceId-0_align.webp,0.027576,1.0,0.0275274571031332
database3/database3/m.016gnp/48-FaceId-0_align.webp,0.0,1.0,0.016319416463375
database3/database3/m.016gr2/107-FaceId-0_align.webp,0.0,1.0,0.0443642102181911
database3/database3/m.016gr2/38-FaceId-0_align.webp,0.0,1.0,0.0167899522930383
database3/database3/m.016hgp/12-FaceId-0_align.webp,0.055372,0.0,0.0653577744960784
database3/database3/m.016hgp/32-FaceId-12_align.webp,0.159452,0.0,0.0968735143542289
database3/database3/m.016hgp/77-FaceId-4_align.webp,0.110387,0.0,0.1299582570791244
database3/database3/m.016hgp/77-FaceId-7_align.webp,0.08977,0.0,0.0769491866230964
database3/database3/m.016hgp/77-FaceId-9_align.webp,0.121788,0.0,0.0867087468504905
database3/database3/m.016hj7/88-FaceId-0_align.webp,0.028831,1.0,0.0549612082540988
database3/database3/m.016hk4/98-FaceId-0_align.webp,0.002253,1.0,0.0207286290824413
database3/database3/m.016hmf/90-FaceId-0_align.webp,0.168251,1.0,0.1621212810277938
database3/database3/m.016hrc/46-FaceId-0_align.webp,0.064797,0.0,0.1023419797420501
database3/database3/m.016htr/23-FaceId-0_align.webp,0.041326,1.0,0.0310165826231241
database3/database3/m.016htr/80-FaceId-0_align.webp,0.0,1.0,0.0341999381780624
database3/database3/m.016hvl/14-FaceId-0_align.webp,0.018608,1.0,0.0191931370645761
database3/database3/m.016hvl/79-FaceId-0_align.webp,0.027134,1.0,0.033392284065485
database3/database3/m.016hzm/79-FaceId-0_align.webp,0.040554,1.0,0.0576268211007118
database3/database3/m.016j4q/17-FaceId-0_align.webp,0.014713,1.0,0.0405831262469291
database3/database3/m.016j4q/73-FaceId-0_align.webp,0.027874,1.0,0.0213689822703599
database3/database3/m.016j55/23-FaceId-0_align.webp,0.003044,1.0,0.0163266137242317
database3/database3/m.016j_c/80-FaceId-0_align.webp,0.167359,0.0,0.192494660615921
database3/database3/m.016k0j/73-FaceId-0_align.webp,0.021214,0.0,0.0308046862483024
database3/database3/m.016k38/76-FaceId-0_align.webp,0.03171,1.0,0.035805657505989
database3/database3/m.016k38/86-FaceId-0_align.webp,0.0969,1.0,0.1693882346153259
database3/database3/m.016k58/57-FaceId-0_align.webp,0.285077,0.0,0.2599451541900635
database3/database3/m.016k6x/11-FaceId-0_align.webp,0.0,1.0,0.0092784445732831
database3/database3/m.016k6x/19-FaceId-0_align.webp,0.0,1.0,0.0147667126730084
database3/database3/m.016k92/3-FaceId-0_align.webp,0.164786,1.0,0.1681093424558639
database3/database3/m.016k92/39-FaceId-0_align.webp,0.115077,1.0,0.1348147839307785
database3/database3/m.016k92/53-FaceId-0_align.webp,0.124335,1.0,0.104751318693161
database3/database3/m.016k_v/117-FaceId-0_align.webp,0.172292,0.0,0.160734161734581
database3/database3/m.016k_v/31-FaceId-0_align.webp,0.103765,0.0,0.0896988660097122
database3/database3/m.016k_v/6-FaceId-0_align.webp,0.102662,0.0,0.079326719045639
database3/database3/m.016kdv/96-FaceId-0_align.webp,0.10171,1.0,0.1036935448646545
database3/database3/m.016kft/30-FaceId-0_align.webp,0.094506,1.0,0.0912293866276741
database3/database3/m.016khd/116-FaceId-0_align.webp,0.014365,1.0,0.0171778853982687
database3/database3/m.016khd/18-FaceId-0_align.webp,0.045446,1.0,0.0526685826480388
database3/database3/m.016khd/77-FaceId-0_align.webp,0.016363,1.0,0.0190936792641878
database3/database3/m.016kjs/51-FaceId-0_align.webp,0.103247,1.0,0.100809060037136
database3/database3/m.016kqk/22-FaceId-0_align.webp,0.109366,1.0,0.1161511614918708
database3/database3/m.016kqk/57-FaceId-0_align.webp,0.028005,1.0,0.0655327215790748
database3/database3/m.016ksk/77-FaceId-0_align.webp,0.033554,1.0,0.0664149075746536
database3/database3/m.016l53/34-FaceId-0_align.webp,0.004644,1.0,0.0450251810252666
database3/database3/m.016l_5/13-FaceId-1_align.webp,0.028409,0.0,0.1176281049847602
database3/database3/m.016l_5/23-FaceId-0_align.webp,0.13632,0.0,0.0923801735043525
database3/database3/m.016l_5/69-FaceId-0_align.webp,0.067658,0.0,0.0559826269745826
database3/database3/m.016lb3/2-FaceId-0_align.webp,0.005513,1.0,0.0148064335808157
database3/database3/m.016lh0/74-FaceId-0_align.webp,0.000336,1.0,0.0200183372944593
database3/database3/m.016m0v/15-FaceId-0_align.webp,0.003574,1.0,0.0347211435437202
database3/database3/m.016m0v/47-FaceId-0_align.webp,0.010823,1.0,0.01696596480906
database3/database3/m.016m0v/48-FaceId-0_align.webp,0.006305,1.0,0.0212317835539579
database3/database3/m.016mgj/22-FaceId-0_align.webp,0.177659,0.0,0.2039776593446731
database3/database3/m.016mgj/72-FaceId-0_align.webp,0.141048,0.0,0.1585038155317306
database3/database3/m.016ntp/45-FaceId-0_align.webp,0.056576,0.0,0.0503776632249355
database3/database3/m.016ntp/58-FaceId-0_align.webp,0.194583,0.0,0.2265048176050186
database3/database3/m.016ntp/78-FaceId-0_align.webp,0.262576,0.0,0.2319630831480026
database3/database3/m.016ntp/85-FaceId-0_align.webp,0.141759,0.0,0.1284008920192718
database3/database3/m.016nvh/2-FaceId-0_align.webp,0.143526,1.0,0.1236185133457183
database3/database3/m.016nvy/82-FaceId-0_align.webp,0.14288,0.0,0.1096877306699752
database3/database3/m.016nws/82-FaceId-0_align.webp,0.154826,1.0,0.1530092805624008
database3/database3/m.016pns/55-FaceId-0_align.webp,0.055966,1.0,0.077891781926155
database3/database3/m.016q0w/27-FaceId-0_align.webp,0.009996,1.0,0.027882382273674
database3/database3/m.016q2n/25-FaceId-0_align.webp,0.030179,0.0,0.018241710960865
database3/database3/m.016q2n/89-FaceId-0_align.webp,0.007529,0.0,0.0341146737337112
database3/database3/m.016q4_/99-FaceId-1_align.webp,0.000294,0.0,0.0158674232661724
database3/database3/m.016qrb/16-FaceId-0_align.webp,0.039165,0.0,0.0560162588953971
database3/database3/m.016qrb/78-FaceId-0_align.webp,0.145711,0.0,0.1262569576501846
database3/database3/m.016qtt/15-FaceId-0_align.webp,0.187503,1.0,0.1555359661579132
database3/database3/m.016qtt/25-FaceId-0_align.webp,0.283035,1.0,0.2683712840080261
database3/database3/m.016r3x/42-FaceId-0_align.webp,0.001242,1.0,0.0275570340454578
database3/database3/m.016r3x/44-FaceId-0_align.webp,0.007495,1.0,0.0350859872996807
database3/database3/m.016sff/35-FaceId-0_align.webp,0.025858,1.0,0.0738445818424224
database3/database3/m.016sp_/9-FaceId-0_align.webp,0.355835,1.0,0.3719132840633392
database3/database3/m.016swh/38-FaceId-0_align.webp,0.0,1.0,0.0352183878421783
database3/database3/m.016sz1/68-FaceId-0_align.webp,0.00381,1.0,0.0112272007390856
database3/database3/m.016szr/0-FaceId-0_align.webp,0.081751,1.0,0.084244892001152
database3/database3/m.016szr/31-FaceId-0_align.webp,0.150774,1.0,0.1439838856458664
database3/database3/m.016t00/27-FaceId-0_align.webp,0.010723,1.0,0.0225986037403345
database3/database3/m.016t00/29-FaceId-0_align.webp,0.026052,1.0,0.0257190708070993
database3/database3/m.016t00/49-FaceId-0_align.webp,0.061342,1.0,0.0624174661934375
database3/database3/m.016tb7/64-FaceId-0_align.webp,0.020212,0.0,0.0199446976184844
database3/database3/m.016tbr/53-FaceId-0_align.webp,0.052696,1.0,0.0715031400322914
database3/database3/m.016tbr/91-FaceId-0_align.webp,0.278026,1.0,0.2654952108860016
database3/database3/m.016tbr/97-FaceId-0_align.webp,0.035531,1.0,0.0355544611811637
database3/database3/m.016tcm/7-FaceId-0_align.webp,0.0,1.0,0.0245903693139553
database3/database3/m.016tqw/18-FaceId-0_align.webp,0.009857,1.0,0.0175547562539577
database3/database3/m.016vqk/91-FaceId-0_align.webp,0.041054,1.0,0.0435353070497512
database3/database3/m.016vxj/34-FaceId-0_align.webp,0.081238,1.0,0.3348238468170166
database3/database3/m.016vy9/16-FaceId-0_align.webp,0.135759,0.0,0.1112862974405288
database3/database3/m.016vy9/41-FaceId-0_align.webp,0.023537,0.0,0.0325309783220291
database3/database3/m.016vyp/28-FaceId-0_align.webp,0.086364,1.0,0.0546241290867328
database3/database3/m.016vyp/92-FaceId-0_align.webp,0.043472,1.0,0.0351100265979766
database3/database3/m.016wdq/47-FaceId-0_align.webp,0.021942,1.0,0.0158026032149791
database3/database3/m.016wvy/16-FaceId-0_align.webp,0.016451,1.0,0.0255035944283008
database3/database3/m.016wvy/70-FaceId-0_align.webp,0.279688,1.0,0.268713116645813
database3/database3/m.016wvy/90-FaceId-0_align.webp,0.0652,1.0,0.1232160553336143
database3/database3/m.016xk5/94-FaceId-0_align.webp,0.039665,1.0,0.0359571054577827
database3/database3/m.016yr0/49-FaceId-0_align.webp,0.028821,1.0,0.0279175546020269
database3/database3/m.016yr0/53-FaceId-0_align.webp,0.03224,1.0,0.0469427369534969
database3/database3/m.016yr0/98-FaceId-0_align.webp,0.103354,1.0,0.108040764927864
database3/database3/m.016ywr/2-FaceId-0_align.webp,0.022088,1.0,0.0361996702849864
database3/database3/m.016ywr/21-FaceId-0_align.webp,0.053813,1.0,0.0526441186666488
database3/database3/m.016ywr/76-FaceId-0_align.webp,0.0,1.0,0.0229776743799448
database3/database3/m.016z3d/40-FaceId-0_align.webp,0.041987,1.0,0.0313018560409545
database3/database3/m.016z3d/43-FaceId-0_align.webp,0.184794,1.0,0.1860037297010421
database3/database3/m.016z3d/48-FaceId-0_align.webp,0.181018,1.0,0.1700992435216903
database3/database3/m.016z68/21-FaceId-0_align.webp,0.185954,1.0,0.1761404275894165
database3/database3/m.016z68/89-FaceId-0_align.webp,0.268667,1.0,0.244476169347763
database3/database3/m.016zp5/13-FaceId-0_align.webp,0.016071,1.0,0.0203123446553945
database3/database3/m.016zp5/31-FaceId-0_align.webp,0.101464,1.0,0.0962731540203094
database3/database3/m.016zp5/64-FaceId-0_align.webp,0.006697,1.0,0.0360516905784606
database3/database3/m.016zp5/68-FaceId-0_align.webp,0.014376,1.0,0.0151559319347143
database3/database3/m.016zvk/22-FaceId-0_align.webp,0.104809,0.0,0.0930958986282348
database3/database3/m.016zvk/81-FaceId-0_align.webp,0.147393,0.0,0.1404552310705185
database3/database3/m.016zvk/88-FaceId-0_align.webp,0.080384,0.0,0.0285279583185911
database3/database3/m.016zvk/91-FaceId-0_align.webp,0.084334,0.0,0.099796287715435
database3/database3/m.0170pk/112-FaceId-0_align.webp,0.029113,1.0,0.0215875543653965
database3/database3/m.0170pk/32-FaceId-0_align.webp,0.0,1.0,0.0134513322263956
database3/database3/m.0170pk/71-FaceId-0_align.webp,0.003334,1.0,0.0150212310254573
database3/database3/m.0170pk/93-FaceId-0_align.webp,0.020024,1.0,0.021304927766323
database3/database3/m.0170q1/39-FaceId-0_align.webp,0.098023,0.0,0.0885941609740257
database3/database3/m.0170qf/10-FaceId-0_align.webp,0.012168,1.0,0.0266061518341302
database3/database3/m.0170qf/66-FaceId-0_align.webp,0.173717,1.0,0.1407067775726318
database3/database3/m.0170s4/35-FaceId-0_align.webp,0.00841,1.0,0.0091190598905086
database3/database3/m.0170s4/44-FaceId-0_align.webp,0.007374,1.0,0.0105779767036437
database3/database3/m.0170s4/48-FaceId-0_align.webp,0.0,1.0,0.0210797488689422
database3/database3/m.0170s4/85-FaceId-0_align.webp,0.00918,1.0,0.0253261495381593
database3/database3/m.0170s4/86-FaceId-0_align.webp,0.00659,1.0,0.0102805644273757
database3/database3/m.0170zz/7-FaceId-0_align.webp,0.0033,1.0,0.0145739885047078
database3/database3/m.017115/2-FaceId-0_align.webp,0.178391,1.0,0.210793912410736
database3/database3/m.0171cm/52-FaceId-0_align.webp,0.078391,1.0,0.0628719702363014
database3/database3/m.0171cm/9-FaceId-0_align.webp,0.020679,1.0,0.0320194698870182
database3/database3/m.0171dv/105-FaceId-0_align.webp,0.019879,1.0,0.0660660937428474
database3/database3/m.0171dv/106-FaceId-0_align.webp,0.079343,1.0,0.1444261521100998
database3/database3/m.0171z8/39-FaceId-0_align.webp,0.1172,0.0,0.1500337123870849
database3/database3/m.01721f/98-FaceId-0_align.webp,0.00066,1.0,0.0182866025716066
database3/database3/m.01728m/45-FaceId-0_align.webp,0.026608,1.0,0.0158719383180141
database3/database3/m.01734j/10-FaceId-0_align.webp,0.107434,1.0,0.153515413403511
database3/database3/m.01737y/7-FaceId-0_align.webp,0.023524,1.0,0.0247291196137666
database3/database3/m.0173cq/55-FaceId-0_align.webp,0.0687,0.0,0.058876309543848
database3/database3/m.0173cq/82-FaceId-0_align.webp,0.052898,0.0,0.0723733976483345
database3/database3/m.0173p_/66-FaceId-0_align.webp,0.12779,0.0,0.1554459929466247
database3/database3/m.0173p_/82-FaceId-0_align.webp,0.039784,0.0,0.0507372915744781
database3/database3/m.0173p_/97-FaceId-0_align.webp,0.06989,0.0,0.0782507956027984
database3/database3/m.0173s_/56-FaceId-0_align.webp,0.320216,0.0,0.2814162671566009
database3/database3/m.01741h/75-FaceId-0_align.webp,0.057681,1.0,0.0805996879935264
database3/database3/m.01742l/53-FaceId-0_align.webp,0.210558,0.0,0.2661291360855102
database3/database3/m.01744d/24-FaceId-0_align.webp,0.021138,1.0,0.037156593054533
database3/database3/m.01744d/66-FaceId-0_align.webp,0.069833,1.0,0.0522807464003562
database3/database3/m.017458/60-FaceId-0_align.webp,0.031087,1.0,0.1089876890182495
database3/database3/m.0174z2/31-FaceId-0_align.webp,0.019356,1.0,0.0247805416584014
database3/database3/m.0175m_/104-FaceId-0_align.webp,0.011519,1.0,0.0225144531577825
database3/database3/m.0175m_/106-FaceId-0_align.webp,0.008092,1.0,0.0324330851435661
database3/database3/m.0175s7/91-FaceId-0_align.webp,0.271553,1.0,0.269140750169754
database3/database3/m.0175w3/23-FaceId-0_align.webp,0.084707,1.0,0.1499695777893066
database3/database3/m.0175w3/40-FaceId-0_align.webp,0.14122,1.0,0.1568166762590408
database3/database3/m.0175w3/8-FaceId-0_align.webp,0.022898,1.0,0.0273696649819612
database3/database3/m.01762z/69-FaceId-0_align.webp,0.001793,1.0,0.0125576797872781
database3/database3/m.017729/106-FaceId-0_align.webp,0.004005,1.0,0.0333333685994148
database3/database3/m.01772q/118-FaceId-0_align.webp,0.005376,1.0,0.0378311499953269
database3/database3/m.01778_/1-FaceId-0_align.webp,0.151831,0.0,0.1378620713949203
database3/database3/m.01778_/5-FaceId-0_align.webp,0.080886,0.0,0.0741286277770996
database3/database3/m.0177s6/54-FaceId-0_align.webp,0.003871,1.0,0.0162203777581453
database3/database3/m.0177s6/83-FaceId-0_align.webp,0.194958,1.0,0.1897752285003662
database3/database3/m.0178_j/46-FaceId-0_align.webp,0.038586,1.0,0.0230291783809661
database3/database3/m.0178d6/53-FaceId-0_align.webp,0.019408,1.0,0.0307985916733741
database3/database3/m.0178d6/9-FaceId-0_align.webp,0.038126,1.0,0.0531800687313079
database3/database3/m.0178sb/20-FaceId-0_align.webp,0.025953,1.0,0.0301589835435152
database3/database3/m.01791s/104-FaceId-0_align.webp,0.057011,1.0,0.0408242903649807
database3/database3/m.01793l/15-FaceId-0_align.webp,0.11519,1.0,0.1209255307912826
database3/database3/m.01793l/3-FaceId-0_align.webp,0.021997,1.0,0.0339817851781845
database3/database3/m.01793l/48-FaceId-0_align.webp,0.070141,1.0,0.0824729427695274
database3/database3/m.01793l/77-FaceId-0_align.webp,0.068916,1.0,0.068532757461071
database3/database3/m.01794d/22-FaceId-0_align.webp,0.132698,1.0,0.1088344454765319
database3/database3/m.0179n7/47-FaceId-0_align.webp,0.025063,1.0,0.0399976298213005
database3/database3/m.0179ys/22-FaceId-0_align.webp,0.03888,1.0,0.1172004491090774
database3/database3/m.017_65/24-FaceId-0_align.webp,0.104039,1.0,0.1297459453344345
database3/database3/m.017__g/2-FaceId-0_align.webp,0.026314,1.0,0.0288045667111873
database3/database3/m.017__g/30-FaceId-0_align.webp,0.064708,1.0,0.0573489181697368
database3/database3/m.017_dr/0-FaceId-1_align.webp,0.037641,1.0,0.0688071921467781
database3/database3/m.017_dr/14-FaceId-0_align.webp,0.005491,1.0,0.0260297544300556
database3/database3/m.017_dr/47-FaceId-0_align.webp,0.191478,1.0,0.2093690782785415
database3/database3/m.017_dr/57-FaceId-0_align.webp,0.038308,1.0,0.0468555726110935
database3/database3/m.017_j4/45-FaceId-0_align.webp,0.032452,1.0,0.0491005256772041
database3/database3/m.017_j4/54-FaceId-0_align.webp,0.009302,1.0,0.0343814380466938
database3/database3/m.017_j4/93-FaceId-0_align.webp,0.05205,1.0,0.0384554713964462
database3/database3/m.017_l1/23-FaceId-0_align.webp,0.033635,1.0,0.0207062810659408
database3/database3/m.017_l1/5-FaceId-0_align.webp,0.0,1.0,0.0110338609665632
database3/database3/m.017_xx/84-FaceId-0_align.webp,0.180042,0.0,0.155592992901802
database3/database3/m.017bd/83-FaceId-0_align.webp,0.002036,1.0,0.0247081257402896
database3/database3/m.017bd/85-FaceId-0_align.webp,0.002715,1.0,0.032000433653593
database3/database3/m.017bk6/90-FaceId-2_align.webp,0.056904,0.0,0.083397589623928
database3/database3/m.017bxq/72-FaceId-0_align.webp,0.032315,1.0,0.0339798778295517
database3/database3/m.017c87/108-FaceId-0_align.webp,0.012746,1.0,0.0200524255633354
database3/database3/m.017c87/7-FaceId-0_align.webp,0.008884,1.0,0.0111823584884405
database3/database3/m.017cgg/62-FaceId-0_align.webp,0.009893,1.0,0.032703161239624
database3/database3/m.017d3v/21-FaceId-0_align.webp,0.000486,1.0,0.0222371760755777
database3/database3/m.017dpj/104-FaceId-0_align.webp,0.159674,1.0,0.1655463129281997
database3/database3/m.017dpj/116-FaceId-0_align.webp,0.004563,1.0,0.0241882093250751
database3/database3/m.017dpj/14-FaceId-0_align.webp,0.012759,1.0,0.0279587469995021
database3/database3/m.017dpj/6-FaceId-0_align.webp,0.157516,1.0,0.192158043384552
database3/database3/m.017dpj/81-FaceId-0_align.webp,0.117413,1.0,0.2215311378240585
database3/database3/m.017dpj/98-FaceId-0_align.webp,0.093515,1.0,0.0989740565419197
database3/database3/m.017f4y/21-FaceId-0_align.webp,0.009046,1.0,0.0225810576230287
database3/database3/m.017fgp/17-FaceId-0_align.webp,0.004873,1.0,0.023092383518815
database3/database3/m.017fhk/5-FaceId-0_align.webp,0.05945,1.0,0.1156451404094696
database3/database3/m.017fhk/70-FaceId-0_align.webp,0.025921,1.0,0.0475980192422866
database3/database3/m.017fhk/87-FaceId-0_align.webp,0.146412,1.0,0.1432664692401886
database3/database3/m.017fj_/2-FaceId-0_align.webp,0.022486,1.0,0.0262643527239561
database3/database3/m.017fj_/97-FaceId-0_align.webp,0.013264,1.0,0.0520364455878734
database3/database3/m.017fks/21-FaceId-0_align.webp,0.013755,1.0,0.0187670327723026
database3/database3/m.017fks/34-FaceId-0_align.webp,0.010024,1.0,0.0408311001956462
database3/database3/m.017fl5/7-FaceId-0_align.webp,0.088967,1.0,0.0934391096234321
database3/database3/m.017fl5/89-FaceId-0_align.webp,0.156395,1.0,0.1352188438177108
database3/database3/m.017fl_/0-FaceId-0_align.webp,0.016489,1.0,0.02879592590034
database3/database3/m.017fp0/26-FaceId-0_align.webp,0.014762,1.0,0.0198355950415134
database3/database3/m.017fp0/70-FaceId-0_align.webp,0.102621,1.0,0.1364412456750869
database3/database3/m.017fp0/85-FaceId-0_align.webp,0.016216,1.0,0.021358449012041
database3/database3/m.017fp0/92-FaceId-0_align.webp,0.03683,1.0,0.0259204842150211
database3/database3/m.017frf/2-FaceId-0_align.webp,0.239226,1.0,0.2314845919609069
database3/database3/m.017frf/48-FaceId-0_align.webp,0.242631,1.0,0.2481623440980911
database3/database3/m.017ft0/4-FaceId-0_align.webp,0.025186,0.0,0.0273459684103727
database3/database3/m.017fxp/62-FaceId-0_align.webp,0.006207,1.0,0.0221855174750089
database3/database3/m.017fzy/33-FaceId-0_align.webp,0.135665,1.0,0.1402754783630371
database3/database3/m.017fzy/38-FaceId-0_align.webp,0.020138,1.0,0.022428311407566
database3/database3/m.017fzy/44-FaceId-0_align.webp,0.119262,1.0,0.1525764912366867
database3/database3/m.017fzy/7-FaceId-0_align.webp,0.042513,1.0,0.0396892502903938
database3/database3/m.017fzy/84-FaceId-0_align.webp,0.1089,1.0,0.1357171684503555
database3/database3/m.017fzy/88-FaceId-0_align.webp,0.093437,1.0,0.1185194328427314
database3/database3/m.017g21/51-FaceId-0_align.webp,0.121234,1.0,0.1027377024292945
database3/database3/m.017g2y/13-FaceId-0_align.webp,0.026164,1.0,0.0308130718767642
database3/database3/m.017gd_/53-FaceId-0_align.webp,0.006889,1.0,0.0475088097155094
database3/database3/m.017gd_/59-FaceId-0_align.webp,0.012556,1.0,0.0153359705582261
database3/database3/m.017gxw/53-FaceId-0_align.webp,0.064935,0.0,0.0663216188549995
database3/database3/m.017h4c/0-FaceId-0_align.webp,0.049628,1.0,0.0339685939252376
database3/database3/m.017h_2/23-FaceId-0_align.webp,0.06887,1.0,0.0353832617402076
database3/database3/m.017hgl/21-FaceId-0_align.webp,0.089799,1.0,0.0537462644279003
database3/database3/m.017hgl/42-FaceId-0_align.webp,0.004642,1.0,0.014633048325777
database3/database3/m.017hjk/57-FaceId-0_align.webp,0.009431,1.0,0.011467358097434
database3/database3/m.017hm9/3-FaceId-0_align.webp,0.001744,1.0,0.0119522595778107
database3/database3/m.017hm9/36-FaceId-0_align.webp,0.002432,1.0,0.0547663606703281
database3/database3/m.017hw4/23-FaceId-0_align.webp,0.000412,1.0,0.017094399780035
database3/database3/m.017hwl/3-FaceId-0_align.webp,0.014017,1.0,0.0331386625766754
database3/database3/m.017j1w/26-FaceId-0_align.webp,0.021211,1.0,0.0169350504875183
database3/database3/m.017j1w/35-FaceId-0_align.webp,0.039099,1.0,0.0556097850203514
database3/database3/m.017j1w/8-FaceId-0_align.webp,0.052854,1.0,0.0476956106722354
database3/database3/m.017j2b/85-FaceId-0_align.webp,0.008707,1.0,0.040699865669012
database3/database3/m.017jwg/17-FaceId-0_align.webp,0.002376,1.0,0.043378509581089
database3/database3/m.017jwg/53-FaceId-0_align.webp,0.066995,0.0,0.0637559667229652
database3/database3/m.017jwg/82-FaceId-0_align.webp,0.035246,1.0,0.0239852424710989
database3/database3/m.017kb5/32-FaceId-0_align.webp,0.006182,1.0,0.0327200293540954
database3/database3/m.017kgm/108-FaceId-1_align.webp,0.015319,1.0,0.0112505163997411
database3/database3/m.017kgm/94-FaceId-0_align.webp,0.003416,1.0,0.0209804791957139
database3/database3/m.017kq/37-FaceId-0_align.webp,0.040762,1.0,0.0558371320366859
database3/database3/m.017kq/48-FaceId-0_align.webp,0.009092,1.0,0.0226466339081525
database3/database3/m.017l4/11-FaceId-0_align.webp,0.001488,1.0,0.0126588623970747
database3/database3/m.017l4/73-FaceId-0_align.webp,0.09873,1.0,0.0914942249655723
database3/database3/m.017l4/80-FaceId-0_align.webp,0.025497,1.0,0.020594373345375
database3/database3/m.017l7y/97-FaceId-0_align.webp,0.002424,1.0,0.0356793366372585
database3/database3/m.017lcg/63-FaceId-0_align.webp,0.136168,1.0,0.1474501639604568
database3/database3/m.017m2y/105-FaceId-0_align.webp,0.084072,0.0,0.0801282227039337
database3/database3/m.017m2y/30-FaceId-0_align.webp,0.20052,0.0,0.1961862593889236
database3/database3/m.017mrb/26-FaceId-0_align.webp,0.125876,1.0,0.1411712914705276
database3/database3/m.017q3j/27-FaceId-0_align.webp,0.040475,1.0,0.0554039292037487
database3/database3/m.017q3j/87-FaceId-1_align.webp,0.137407,1.0,0.2724584937095642
database3/database3/m.017qkp/105-FaceId-0_align.webp,0.016276,1.0,0.0380341224372386
database3/database3/m.017qkp/8-FaceId-0_align.webp,0.006413,1.0,0.0116874454542994
database3/database3/m.017r13/15-FaceId-0_align.webp,0.004576,1.0,0.0153198149055242
database3/database3/m.017r13/32-FaceId-0_align.webp,0.001926,1.0,0.0108534032478928
database3/database3/m.017r13/71-FaceId-0_align.webp,0.149849,1.0,0.1306159496307373
database3/database3/m.017r5g/69-FaceId-0_align.webp,0.246362,0.0,0.2775836288928985
database3/database3/m.017rh4/92-FaceId-0_align.webp,0.059749,1.0,0.0540839545428752
database3/database3/m.017rjs/94-FaceId-0_align.webp,0.227853,1.0,0.1988785713911056
database3/database3/m.017tk3/113-FaceId-0_align.webp,0.041074,1.0,0.0548832230269908
database3/database3/m.017tk3/5-FaceId-0_align.webp,0.023981,1.0,0.0496752709150314
database3/database3/m.017tk3/61-FaceId-0_align.webp,0.058875,1.0,0.0621611177921295
database3/database3/m.017tk3/83-FaceId-0_align.webp,0.016266,1.0,0.0530613027513027
database3/database3/m.017tkv/15-FaceId-0_align.webp,0.09519,0.0,0.0944827571511268
database3/database3/m.017tkv/5-FaceId-0_align.webp,0.108291,0.0,0.1088041588664054
database3/database3/m.017tlt/70-FaceId-0_align.webp,0.079127,1.0,0.0831632688641548
database3/database3/m.017tn4/17-FaceId-0_align.webp,0.026983,1.0,0.0592591315507888
database3/database3/m.017tn4/54-FaceId-2_align.webp,0.042656,1.0,0.046508677303791
database3/database3/m.017tnz/116-FaceId-0_align.webp,0.135035,1.0,0.1523865461349487
database3/database3/m.017vfn/43-FaceId-0_align.webp,0.036126,1.0,0.0430588833987712
database3/database3/m.017vkk/88-FaceId-0_align.webp,0.022172,0.0,0.0437832809984684
database3/database3/m.017vkx/34-FaceId-1_align.webp,0.050784,1.0,0.0567557066679
database3/database3/m.017wbg/77-FaceId-0_align.webp,0.079706,1.0,0.0862085223197937
database3/database3/m.017x_s/36-FaceId-0_align.webp,0.021378,1.0,0.0796039551496505
database3/database3/m.017xm3/52-FaceId-0_align.webp,0.225925,0.0,0.1946735680103302
database3/database3/m.017yfz/93-FaceId-0_align.webp,0.237267,1.0,0.6021214127540588
database3/database3/m.017yvm/5-FaceId-0_align.webp,0.011632,1.0,0.0332517549395561
database3/database3/m.017yvm/93-FaceId-0_align.webp,0.007487,1.0,0.0376939550042152
database3/database3/m.017yzt/119-FaceId-0_align.webp,0.299381,0.0,0.2530055344104767
database3/database3/m.017yzt/55-FaceId-0_align.webp,0.055778,0.0,0.0518328212201595
database3/database3/m.017yzt/61-FaceId-0_align.webp,0.0,0.0,0.0261584501713514
database3/database3/m.017z_/91-FaceId-0_align.webp,0.06531,1.0,0.0490880571305751
database3/database3/m.017zng/39-FaceId-0_align.webp,0.114304,1.0,0.1234062388539314
database3/database3/m.017zng/73-FaceId-0_align.webp,0.087005,1.0,0.0987912714481353
database3/database3/m.017zng/97-FaceId-0_align.webp,0.096418,1.0,0.0942930430173873
database3/database3/m.01804k/55-FaceId-0_align.webp,0.104401,0.0,0.1136809960007667
database3/database3/m.01807/65-FaceId-0_align.webp,0.087681,1.0,0.1008300483226776
database3/database3/m.01807/73-FaceId-0_align.webp,0.147607,1.0,0.1484266817569732
database3/database3/m.018144/31-FaceId-0_align.webp,0.317719,1.0,0.240669846534729
database3/database3/m.018144/55-FaceId-0_align.webp,0.076827,1.0,0.0841280147433281
database3/database3/m.01815s/106-FaceId-0_align.webp,0.234236,0.0,0.2053997367620468
database3/database3/m.01815s/50-FaceId-0_align.webp,0.243106,0.0,0.2347568273544311
database3/database3/m.01815s/64-FaceId-0_align.webp,0.173641,0.0,0.1063567698001861
database3/database3/m.0181gp/6-FaceId-0_align.webp,0.043543,1.0,0.05515818297863
database3/database3/m.0181j_/107-FaceId-0_align.webp,0.027129,0.0,0.0226566419005393
database3/database3/m.0181kg/14-FaceId-0_align.webp,0.119867,1.0,0.0997571349143982
database3/database3/m.0181lj/18-FaceId-0_align.webp,0.190172,1.0,0.1957806646823883
database3/database3/m.0181p_/19-FaceId-0_align.webp,0.041166,1.0,0.0391585789620876
database3/database3/m.0181p_/99-FaceId-0_align.webp,0.035046,1.0,0.043062936514616
database3/database3/m.0181ph/4-FaceId-0_align.webp,0.019163,1.0,0.0118245193734765
database3/database3/m.0181ph/8-FaceId-0_align.webp,0.037384,1.0,0.0811035931110382
database3/database3/m.0181x9/43-FaceId-0_align.webp,0.029481,1.0,0.0224246401339769
database3/database3/m.0181xq/13-FaceId-0_align.webp,0.002527,0.0,0.0674803480505943
database3/database3/m.0182hg/59-FaceId-0_align.webp,0.003662,1.0,0.0187075901776552
database3/database3/m.0182q2/111-FaceId-0_align.webp,0.014398,1.0,0.020438639447093
database3/database3/m.0182q2/47-FaceId-0_align.webp,0.020684,1.0,0.0357626192271709
database3/database3/m.0182q2/58-FaceId-0_align.webp,0.034155,1.0,0.0349464416503906
database3/database3/m.0182vk/101-FaceId-0_align.webp,0.185784,1.0,0.1725801676511764
database3/database3/m.0182vk/97-FaceId-0_align.webp,0.113244,1.0,0.1118198633193969
database3/database3/m.01830j/15-FaceId-0_align.webp,0.208446,0.0,0.1856707781553268
database3/database3/m.01833g/76-FaceId-0_align.webp,0.008544,1.0,0.0242050699889659
database3/database3/m.018348/1-FaceId-0_align.webp,0.029671,1.0,0.048263993114233
database3/database3/m.0183f9/72-FaceId-0_align.webp,0.028848,1.0,0.0360081493854522
database3/database3/m.018417/7-FaceId-0_align.webp,0.270045,0.0,0.2376111298799514
database3/database3/m.018493/45-FaceId-0_align.webp,0.059135,0.0,0.0531412325799465
database3/database3/m.0184cd/37-FaceId-0_align.webp,0.012663,0.0,0.0337069444358348
database3/database3/m.0184cd/69-FaceId-0_align.webp,0.041234,0.0,0.0647804662585258
database3/database3/m.0184jc/9-FaceId-0_align.webp,0.061679,1.0,0.0470167025923728
database3/database3/m.0184xq/86-FaceId-0_align.webp,0.010468,1.0,0.0119235524907708
database3/database3/m.0185gs/107-FaceId-0_align.webp,0.133885,1.0,0.0834278836846351
database3/database3/m.0187y5/50-FaceId-0_align.webp,0.011259,1.0,0.0296132024377584
database3/database3/m.0187y5/55-FaceId-0_align.webp,0.018906,1.0,0.0257687103003263
database3/database3/m.0188n0/16-FaceId-0_align.webp,0.119925,1.0,0.1581374406814575
database3/database3/m.0188n0/81-FaceId-0_align.webp,0.437819,1.0,0.4199028313159942
database3/database3/m.0188n0/93-FaceId-0_align.webp,0.241643,1.0,0.2106139808893203
database3/database3/m.0188nj/68-FaceId-0_align.webp,0.036499,1.0,0.0519411712884902
database3/database3/m.018_3q/101-FaceId-0_align.webp,0.001235,1.0,0.1511839479207992
database3/database3/m.018_3q/89-FaceId-0_align.webp,0.024563,1.0,0.0348509214818477
database3/database3/m.018_lb/81-FaceId-0_align.webp,0.104704,0.0,0.1096327975392341
database3/database3/m.018c42/45-FaceId-1_align.webp,0.268912,1.0,0.2780779600143432
database3/database3/m.018c42/5-FaceId-0_align.webp,0.033426,1.0,0.0403550826013088
database3/database3/m.018cx_/16-FaceId-0_align.webp,0.128439,0.0,0.1102052330970764
database3/database3/m.018dnt/83-FaceId-0_align.webp,0.012334,1.0,0.0127259129658341
database3/database3/m.018dpq/74-FaceId-0_align.webp,0.08469,1.0,0.1091601550579071
database3/database3/m.018dpq/9-FaceId-0_align.webp,0.06436,1.0,0.0677123144268989
database3/database3/m.018dq3/21-FaceId-0_align.webp,0.264271,0.0,0.2476193904876709
database3/database3/m.018dq3/43-FaceId-0_align.webp,0.005771,0.0,0.0787380561232566
database3/database3/m.018dqg/14-FaceId-0_align.webp,0.002005,1.0,0.0082854405045509
database3/database3/m.018dyl/57-FaceId-0_align.webp,0.066796,1.0,0.0557479783892631
database3/database3/m.018f07/77-FaceId-0_align.webp,0.067893,1.0,0.0607058629393577
database3/database3/m.018f07/88-FaceId-0_align.webp,0.019681,1.0,0.0207778271287679
database3/database3/m.018f_y/78-FaceId-0_align.webp,0.005574,1.0,0.0187537334859371
database3/database3/m.018fkc/18-FaceId-0_align.webp,0.048624,0.0,0.0599845275282859
database3/database3/m.018fkc/51-FaceId-0_align.webp,0.004824,1.0,0.0551323629915714
database3/database3/m.018fmr/107-FaceId-0_align.webp,0.087037,0.0,0.0525452569127082
database3/database3/m.018fmr/38-FaceId-0_align.webp,0.082888,0.0,0.0876849517226219
database3/database3/m.018fmr/39-FaceId-0_align.webp,0.154489,0.0,0.1471171081066131
database3/database3/m.018fmr/77-FaceId-0_align.webp,0.094029,0.0,0.0810505151748657
database3/database3/m.018fmr/96-FaceId-0_align.webp,0.118151,0.0,0.138506680727005
database3/database3/m.018fvy/74-FaceId-0_align.webp,0.006913,1.0,0.0221284050494432
database3/database3/m.018fwb/106-FaceId-0_align.webp,0.105164,0.0,0.1485335081815719
database3/database3/m.018fyy/5-FaceId-0_align.webp,0.161114,0.0,0.1537046134471893
database3/database3/m.018fzs/56-FaceId-0_align.webp,0.057952,1.0,0.0732249468564987
database3/database3/m.018fzs/60-FaceId-0_align.webp,0.058021,1.0,0.080124408006668
database3/database3/m.018fzs/89-FaceId-0_align.webp,0.00707,1.0,0.0340962409973144
database3/database3/m.018g4z/59-FaceId-0_align.webp,0.266921,0.0,0.2605019211769104
database3/database3/m.018gcf/20-FaceId-0_align.webp,0.017916,1.0,0.0284015648066997
database3/database3/m.018gcf/28-FaceId-0_align.webp,0.0,1.0,0.011637139134109
database3/database3/m.018gjx/0-FaceId-0_align.webp,0.03658,1.0,0.0249564405530691
database3/database3/m.018gjx/88-FaceId-1_align.webp,0.040357,1.0,0.0328144691884517
database3/database3/m.018gkb/31-FaceId-0_align.webp,0.133832,1.0,0.0952490493655204
database3/database3/m.018gkb/69-FaceId-0_align.webp,0.119964,1.0,0.1449879556894302
database3/database3/m.018gl5/55-FaceId-0_align.webp,0.0,1.0,0.017291834577918
database3/database3/m.018gn4/7-FaceId-0_align.webp,0.045659,1.0,0.0373437777161598
database3/database3/m.018gn4/95-FaceId-0_align.webp,0.084694,1.0,0.0881614610552787
database3/database3/m.018gqj/17-FaceId-0_align.webp,0.18042,1.0,0.1624785512685775
database3/database3/m.018gqj/45-FaceId-0_align.webp,0.048033,1.0,0.0470368452370166
database3/database3/m.018gqj/51-FaceId-0_align.webp,0.113401,1.0,0.1576908826828003
database3/database3/m.018gqj/9-FaceId-0_align.webp,0.182644,1.0,0.1663249880075454
database3/database3/m.018gsl/54-FaceId-0_align.webp,0.015144,1.0,0.0688349977135658
database3/database3/m.018gw3/19-FaceId-0_align.webp,0.042889,1.0,0.1797902882099151
database3/database3/m.018h84/20-FaceId-0_align.webp,0.006714,1.0,0.0105134341865777
database3/database3/m.018h84/4-FaceId-0_align.webp,0.077047,1.0,0.0596112646162509
database3/database3/m.018hhw/26-FaceId-0_align.webp,0.058762,0.0,0.0751349851489067
database3/database3/m.018hwl/22-FaceId-0_align.webp,0.105538,1.0,0.0857616066932678
database3/database3/m.018j3w/52-FaceId-0_align.webp,0.03127,1.0,0.038961973041296
database3/database3/m.018j4c/21-FaceId-0_align.webp,0.159984,1.0,0.0928182899951934
database3/database3/m.018j4c/60-FaceId-0_align.webp,0.116911,1.0,0.1174935922026634
database3/database3/m.018j4c/72-FaceId-0_align.webp,0.050298,1.0,0.0383793301880359
database3/database3/m.018j5m/87-FaceId-0_align.webp,0.119486,0.0,0.119352713227272
database3/database3/m.018jnn/6-FaceId-0_align.webp,0.046059,1.0,0.0289162565022707
database3/database3/m.018jnn/60-FaceId-0_align.webp,0.021036,1.0,0.029262812808156
database3/database3/m.018jz8/4-FaceId-0_align.webp,0.129694,1.0,0.1264894902706146
database3/database3/m.018kd0/56-FaceId-0_align.webp,0.078738,1.0,0.1629804372787475
database3/database3/m.018kjc/45-FaceId-0_align.webp,0.336481,1.0,0.3298131823539734
database3/database3/m.018kjc/74-FaceId-0_align.webp,0.359873,1.0,0.3389089107513428
database3/database3/m.018lb1/1-FaceId-0_align.webp,0.066363,0.0,0.0673574060201644
database3/database3/m.018lb1/113-FaceId-0_align.webp,0.174767,0.0,0.173686146736145
database3/database3/m.018lb1/45-FaceId-0_align.webp,0.011283,0.0,0.0316503979265689
database3/database3/m.018lb1/60-FaceId-0_align.webp,0.101898,0.0,0.1018189191818237
database3/database3/m.018lb1/67-FaceId-0_align.webp,0.058712,0.0,0.1039346382021904
database3/database3/m.018lp7/31-FaceId-0_align.webp,0.068826,0.0,0.0637427866458892
database3/database3/m.018lp7/5-FaceId-0_align.webp,0.037973,0.0,0.0323220528662204
database3/database3/m.018lpm/41-FaceId-0_align.webp,0.03151,1.0,0.0621801167726516
database3/database3/m.018lx_/11-FaceId-0_align.webp,0.157239,1.0,0.1414028257131576
database3/database3/m.018lxn/67-FaceId-0_align.webp,0.041223,0.0,0.0468401238322258
database3/database3/m.018m5c/31-FaceId-0_align.webp,0.012538,1.0,0.0275727435946464
database3/database3/m.018m5c/6-FaceId-0_align.webp,0.013236,1.0,0.0214932728558778
database3/database3/m.018m5c/74-FaceId-0_align.webp,0.007729,1.0,0.0211138892918825
database3/database3/m.018mfl/68-FaceId-0_align.webp,0.01486,1.0,0.1650100648403167
database3/database3/m.018n52/37-FaceId-0_align.webp,0.024108,1.0,0.0612749420106411
database3/database3/m.018n7d/44-FaceId-0_align.webp,0.002157,1.0,0.0362994819879531
database3/database3/m.018n9d/58-FaceId-0_align.webp,0.182622,1.0,0.1864790916442871
database3/database3/m.018nqq/25-FaceId-0_align.webp,0.02666,1.0,0.0223639458417892
database3/database3/m.018nqq/56-FaceId-0_align.webp,0.002557,1.0,0.0294981244951486
database3/database3/m.018nwp/42-FaceId-0_align.webp,0.023176,1.0,0.064100369811058
database3/database3/m.018p19/2-FaceId-0_align.webp,0.029409,1.0,0.0468281097710132
database3/database3/m.018pj3/21-FaceId-0_align.webp,0.206243,0.0,0.1779306679964065
database3/database3/m.018pkl/117-FaceId-0_align.webp,0.00271,1.0,0.0266474802047014
database3/database3/m.018ptf/125-FaceId-1_align.webp,0.193842,0.0,0.2216967046260833
database3/database3/m.018ptf/6-FaceId-0_align.webp,0.184452,1.0,0.19137504696846
database3/database3/m.018ptf/69-FaceId-0_align.webp,0.264398,1.0,0.2477131634950637
database3/database3/m.018ptf/87-FaceId-0_align.webp,0.284614,1.0,0.2847368419170379
database3/database3/m.018pyg/114-FaceId-0_align.webp,0.004286,0.0,0.0346353612840175
database3/database3/m.018pyg/50-FaceId-0_align.webp,0.094308,0.0,0.1307308673858642
database3/database3/m.018q7p/61-FaceId-0_align.webp,0.113962,1.0,0.1614678800106048
database3/database3/m.018qkz/35-FaceId-0_align.webp,0.11651,0.0,0.1153432503342628
database3/database3/m.018qkz/48-FaceId-0_align.webp,0.078768,0.0,0.0758507028222084
database3/database3/m.018qlp/1-FaceId-0_align.webp,0.057596,0.0,0.0372293666005134
database3/database3/m.018qlp/2-FaceId-0_align.webp,0.201501,0.0,0.2116046547889709
database3/database3/m.018qlp/67-FaceId-0_align.webp,0.023725,0.0,0.0320894494652748
database3/database3/m.018qlp/73-FaceId-0_align.webp,0.048836,0.0,0.0364559814333915
database3/database3/m.018qlp/81-FaceId-0_align.webp,0.220874,0.0,0.2246687263250351
database3/database3/m.018qlp/99-FaceId-0_align.webp,0.098556,0.0,0.1012845709919929
database3/database3/m.018qn8/16-FaceId-0_align.webp,0.180079,0.0,0.148254856467247
database3/database3/m.018qn8/24-FaceId-0_align.webp,0.067297,0.0,0.0744903087615966
database3/database3/m.018qn8/3-FaceId-0_align.webp,0.144663,0.0,0.1522623747587204
database3/database3/m.018qpb/20-FaceId-0_align.webp,0.030827,0.0,0.0263337399810552
database3/database3/m.018qpb/42-FaceId-0_align.webp,0.04676,0.0,0.0535418391227722
database3/database3/m.018qr9/59-FaceId-0_align.webp,0.041718,0.0,0.0564572922885417
database3/database3/m.018qwf/0-FaceId-0_align.webp,0.034965,1.0,0.1572221517562866
database3/database3/m.018qx5/48-FaceId-0_align.webp,0.145397,0.0,0.0971116349101066
database3/database3/m.018r3g/1-FaceId-0_align.webp,0.015575,1.0,0.0091219088062644
database3/database3/m.018rsq/63-FaceId-0_align.webp,0.05182,1.0,0.0902604609727859
database3/database3/m.018rsq/82-FaceId-0_align.webp,0.021029,1.0,0.0314523167908191
database3/database3/m.018ry5/78-FaceId-0_align.webp,0.052713,1.0,0.0591902695596218
database3/database3/m.018s7v/75-FaceId-0_align.webp,0.055964,0.0,0.0622518435120582
database3/database3/m.018slq/19-FaceId-0_align.webp,0.164016,1.0,0.1786104887723922
database3/database3/m.018swb/94-FaceId-0_align.webp,0.035612,1.0,0.0245175622403621
database3/database3/m.018t67/2-FaceId-0_align.webp,0.002151,1.0,0.0115820886567235
database3/database3/m.018t67/75-FaceId-0_align.webp,0.002161,1.0,0.0147787891328334
database3/database3/m.018t67/76-FaceId-0_align.webp,0.014984,1.0,0.020103845745325
database3/database3/m.018tfd/63-FaceId-0_align.webp,0.039426,1.0,0.033782958984375
database3/database3/m.018tvs/4-FaceId-0_align.webp,0.186437,1.0,0.1898310780525207
database3/database3/m.018v8c/66-FaceId-0_align.webp,0.031012,1.0,0.023711135610938
database3/database3/m.018v_8/56-FaceId-0_align.webp,0.065146,1.0,0.0681901648640632
database3/database3/m.018vhw/41-FaceId-2_align.webp,0.017996,1.0,0.0390492863953113
database3/database3/m.018vhw/84-FaceId-1_align.webp,0.010037,1.0,0.0279121324419975
database3/database3/m.018vhw/94-FaceId-0_align.webp,0.022504,1.0,0.0326409637928009
database3/database3/m.018w6s/30-FaceId-0_align.webp,0.009687,1.0,0.0409330017864704
database3/database3/m.018wh0/34-FaceId-0_align.webp,0.038341,1.0,0.0270227566361427
database3/database3/m.018wqb/36-FaceId-1_align.webp,0.061601,1.0,0.1049705892801284
database3/database3/m.018x3/82-FaceId-0_align.webp,0.000249,1.0,0.0096749253571033
database3/database3/m.018x3/89-FaceId-0_align.webp,0.006661,1.0,0.0292942114174366
database3/database3/m.018xrz/49-FaceId-0_align.webp,0.084464,1.0,0.1109205409884452
database3/database3/m.018y0w/54-FaceId-0_align.webp,0.014612,1.0,0.0264724157750606
database3/database3/m.018y2s/21-FaceId-0_align.webp,0.010478,1.0,0.0153195625171065
database3/database3/m.018y4x/104-FaceId-0_align.webp,0.014664,1.0,0.0524172559380531
database3/database3/m.018y4x/94-FaceId-0_align.webp,0.083805,1.0,0.0524282604455947
database3/database3/m.018ycp/32-FaceId-0_align.webp,0.169605,1.0,0.1793811321258545
database3/database3/m.018ycp/64-FaceId-0_align.webp,0.011204,1.0,0.0103969601914286
