filename,target,gender,pred
database1/img00000154.webp,0.036749,1.0,0.0500422018648418
database1/img00000271.webp,0.229724,1.0,0.0717124526702304
database1/img00000323.webp,0.120628,0.0,0.0495151944775793
database1/img00000364.webp,0.00341,1.0,0.0450902932232781
database1/img00000371.webp,0.000249,1.0,0.0546878242077036
database1/img00000438.webp,0.102267,0.0,0.0540136118872906
database1/img00000448.webp,0.032257,0.0,0.0544918359792566
database1/img00000477.webp,0.158779,0.0,0.0373759854698702
database1/img00000491.webp,0.333523,0.0,0.0621633901236326
database1/img00000679.webp,0.022454,0.0,0.0488211084065895
database1/img00000766.webp,0.241328,0.0,0.0638388894025289
database1/img00000781.webp,0.01402,1.0,0.047783029639944
database1/img00000793.webp,0.308688,0.0,0.0755078652621965
database1/img00000806.webp,0.083687,1.0,0.0481587076754148
database1/img00000857.webp,0.167176,0.0,0.0549669546674245
database1/img00000882.webp,0.118298,0.0,0.0541034491715175
database1/img00000903.webp,0.006576,1.0,0.0595331060688641
database1/img00000929.webp,0.021546,1.0,0.0535877271363571
database1/img00000941.webp,0.232414,0.0,0.0613299617235578
database1/img00001032.webp,0.044127,1.0,0.0623295121817043
database1/img00001145.webp,0.022379,1.0,0.0424089843327993
database1/img00001291.webp,0.022322,0.0,0.0484668132746001
database1/img00001371.webp,0.148865,0.0,0.0523204059795093
database1/img00001491.webp,0.264813,0.0,0.0757501209446729
database1/img00001551.webp,0.054068,1.0,0.0481977647008588
database1/img00001573.webp,0.095382,0.0,0.0401980735948156
database1/img00001650.webp,0.088325,0.0,0.0395792633531062
database1/img00001652.webp,0.074782,1.0,0.0519881969051497
database1/img00001674.webp,0.188753,0.0,0.0754765533774283
database1/img00001701.webp,0.002942,1.0,0.0531655050019058
database1/img00001779.webp,0.009358,1.0,0.102000981065814
database1/img00001812.webp,0.017934,0.0,0.0408955931662701
database1/img00001859.webp,0.006232,1.0,0.0606692986001594
database1/img00001872.webp,0.094988,0.0,0.0530569361681705
database1/img00001883.webp,0.015755,0.0,0.0555182806842774
database1/img00001978.webp,0.02291,1.0,0.0622727522399354
database1/img00002013.webp,0.068771,1.0,0.0453801991203376
database1/img00002073.webp,0.265663,0.0,0.0633466511259887
database1/img00002136.webp,0.083835,0.0,0.0537445494686271
database1/img00002187.webp,0.062593,1.0,0.05813577976026
database1/img00002221.webp,0.024328,1.0,0.0540178585294893
database1/img00002227.webp,0.172367,0.0,0.0616712412130154
database1/img00002414.webp,0.290565,0.0,0.1117702663502568
database1/img00002415.webp,0.370759,0.0,0.0751945801146969
database1/img00002527.webp,0.008082,0.0,0.048597233165112
database1/img00002649.webp,0.108227,0.0,0.0510771553104675
database1/img00002695.webp,0.191496,0.0,0.0527026564535755
database1/img00002698.webp,0.019352,0.0,0.0535186781284454
database1/img00002713.webp,0.025594,1.0,0.0549755305366156
database1/img00002737.webp,0.01324,1.0,0.0528556338115829
database1/img00002813.webp,0.015997,0.0,0.0427998418909164
database1/img00002915.webp,0.059948,0.0,0.0489347759918682
database1/img00002916.webp,0.061003,0.0,0.0517881475481913
database1/img00003052.webp,0.34648,0.0,0.0640617316424224
database1/img00003146.webp,0.130163,0.0,0.0361048400277081
database1/img00003162.webp,0.193332,0.0,0.0693377915949998
database1/img00003199.webp,0.314562,0.0,0.0609533984541001
database1/img00003273.webp,0.126445,0.0,0.0696037934234298
database1/img00003300.webp,0.007141,1.0,0.0564685767739765
database1/img00003360.webp,0.008946,1.0,0.050559214923685
database1/img00003390.webp,0.054933,0.0,0.0544869008439455
database1/img00003437.webp,0.01322,1.0,0.0440269485535602
database1/img00003452.webp,0.040754,0.0,0.0409547514402941
database1/img00003584.webp,0.23463,0.0,0.0646341680931587
database1/img00003713.webp,0.000555,1.0,0.034252194591676
database1/img00003746.webp,0.099051,1.0,0.0565487026593145
database1/img00003877.webp,0.01258,0.0,0.0534207564548998
database1/img00003884.webp,0.091278,0.0,0.045810848846619
database1/img00003887.webp,0.010493,1.0,0.0809584491996175
database1/img00003978.webp,0.178955,0.0,0.0327916558327931
database1/img00004026.webp,0.365443,0.0,0.0693172994363061
database1/img00004041.webp,0.094007,0.0,0.045536544109157
database1/img00004164.webp,0.026259,1.0,0.0471454194703598
database1/img00004216.webp,0.034337,0.0,0.04598758147189
database1/img00004261.webp,0.165876,0.0,0.0645362030619112
database1/img00004273.webp,0.156777,0.0,0.0475768250946139
database1/img00004308.webp,0.126358,0.0,0.0524252467067743
database1/img00004416.webp,0.13739,1.0,0.0497240437669067
database1/img00004426.webp,0.364242,1.0,0.0772978575540078
database1/img00004540.webp,0.140347,0.0,0.0432532583872058
database1/img00004621.webp,0.130906,0.0,0.0557230840736988
database1/img00004701.webp,0.060368,0.0,0.036454201256129
database1/img00004841.webp,0.021785,1.0,0.0480148956559151
database1/img00004851.webp,0.058337,1.0,0.0550745907067926
database1/img00004895.webp,0.001337,1.0,0.0453095828640714
database1/img00005027.webp,0.095752,1.0,0.0674534087025143
database1/img00005030.webp,0.114344,0.0,0.0566474008600954
database1/img00005095.webp,0.018419,0.0,0.0586740380834163
database1/img00005116.webp,0.107525,0.0,0.062536568081124
database1/img00005179.webp,0.058586,1.0,0.0549638740766507
database1/img00005208.webp,0.021009,1.0,0.1046498260622567
database1/img00005271.webp,0.408256,0.0,0.0775499701647615
database1/img00005293.webp,0.043233,0.0,0.0526397775682219
database1/img00005339.webp,0.173984,0.0,0.0397714674779157
database1/img00005347.webp,0.002911,0.0,0.0315883908335431
database1/img00005361.webp,0.189098,0.0,0.0512300996087787
database1/img00005501.webp,0.145725,0.0,0.0494949030139326
database1/img00005507.webp,0.232343,0.0,0.0933149102845622
database1/img00005509.webp,0.003247,1.0,0.0939367083695158
database1/img00005522.webp,0.185571,0.0,0.0440850361921638
database1/img00005579.webp,0.037795,1.0,0.0565982330995393
database1/img00005689.webp,0.281579,0.0,0.0544656496261269
database1/img00005696.webp,0.366924,0.0,0.0875896317288147
database1/img00005723.webp,0.013358,0.0,0.0601489083972082
database1/img00005726.webp,0.041346,1.0,0.055094961262384
database1/img00005753.webp,0.009879,0.0,0.0542437399386525
database1/img00005766.webp,0.177714,0.0,0.0560956171231558
database1/img00005768.webp,0.024309,1.0,0.0635277355871253
database1/img00005822.webp,0.022373,0.0,0.0412366628497882
database1/img00005851.webp,0.375359,0.0,0.0626407671938069
database1/img00005896.webp,0.063671,0.0,0.0611582366414491
database1/img00005910.webp,0.374925,0.0,0.0592597273375338
database1/img00006003.webp,0.020291,1.0,0.0541020018728636
database1/img00006021.webp,0.018409,1.0,0.1026373531243309
database1/img00006047.webp,0.105454,0.0,0.0502499180366295
database1/img00006101.webp,0.326093,0.0,0.068210684732363
database1/img00006168.webp,0.00248,1.0,0.0364809230433096
database1/img00006196.webp,0.0412,1.0,0.0516789903804142
database1/img00006204.webp,0.331116,1.0,0.0665593189993326
database1/img00006269.webp,0.011789,1.0,0.0542128856459532
database1/img00006334.webp,0.003849,1.0,0.0389407234824434
database1/img00006414.webp,0.208227,0.0,0.0577177207064507
database1/img00006420.webp,0.026323,1.0,0.0570608210144968
database1/img00006436.webp,0.008945,1.0,0.0633877968522155
database1/img00006571.webp,0.06176,0.0,0.0448655511059361
database1/img00006576.webp,0.028441,1.0,0.0589296359359833
database1/img00006629.webp,0.000814,1.0,0.0311863335210778
database1/img00006690.webp,0.119839,0.0,0.0494664929329137
database1/img00006694.webp,0.019638,1.0,0.0472018434426013
database1/img00006722.webp,0.383369,0.0,0.0816060568115789
database1/img00006757.webp,0.169654,1.0,0.0782496217012425
database1/img00007032.webp,0.079705,0.0,0.0549723603870639
database1/img00007152.webp,0.296672,0.0,0.0722614052853786
database1/img00007289.webp,0.004896,1.0,0.0597126329768449
database1/img00007329.webp,0.096683,0.0,0.0564554751139427
database1/img00007335.webp,0.012784,1.0,0.0591474222617166
database1/img00007354.webp,0.047242,0.0,0.0461828855856042
database1/img00007383.webp,0.020362,1.0,0.0398809577552211
database1/img00007416.webp,0.105824,1.0,0.0605895341574141
database1/img00007435.webp,0.275659,0.0,0.0942545360938744
database1/img00007452.webp,0.091268,0.0,0.0486862722953176
database1/img00007454.webp,0.052407,1.0,0.0654149788554832
database1/img00007468.webp,0.289625,0.0,0.0900954509863934
database1/img00007470.webp,0.024029,1.0,0.1205113184822581
database1/img00007537.webp,0.023879,0.0,0.0498354316954942
database1/img00007538.webp,0.239526,0.0,0.0584560096162644
database1/img00007592.webp,0.092299,0.0,0.0527016631041443
database1/img00007663.webp,0.000453,1.0,0.0412705542665186
database1/img00007675.webp,0.145663,0.0,0.0477667705438728
database1/img00007764.webp,0.212475,0.0,0.0526743603995967
database1/img00007790.webp,0.273678,0.0,0.0719580693238622
database1/img00007837.webp,0.07434,0.0,0.0487583319781102
database1/img00007851.webp,0.187909,0.0,0.0573688678627325
database1/img00007897.webp,0.021438,1.0,0.0516970521620709
database1/img00007955.webp,0.100119,0.0,0.0509110893870273
database1/img00007965.webp,0.126287,0.0,0.0397107038320656
database1/img00008054.webp,0.125876,0.0,0.0423171846822057
database1/img00008062.webp,0.192134,0.0,0.0747584183114443
database1/img00008079.webp,0.010384,1.0,0.0507214193948246
database1/img00008191.webp,0.127108,1.0,0.0692220764086919
database1/img00008233.webp,0.03355,1.0,0.0564666266998429
database1/img00008333.webp,0.123145,0.0,0.0503347078736731
database1/img00008350.webp,0.003002,0.0,0.0380806755352085
database1/img00008419.webp,0.136366,0.0,0.0553454142731797
database1/img00008444.webp,0.19563,0.0,0.0543117139947137
database1/img00008485.webp,0.153649,0.0,0.0419860531292768
database1/img00008500.webp,0.243166,1.0,0.0623856556709566
database1/img00008540.webp,0.020411,1.0,0.0551302074741203
database1/img00008619.webp,0.172849,1.0,0.0573307752702005
database1/img00008684.webp,0.116788,1.0,0.0955385127338219
database1/img00008694.webp,0.257404,1.0,0.0754360760387632
database1/img00008702.webp,0.150713,0.0,0.0512975942635306
database1/img00008778.webp,0.047436,1.0,0.0605180034036178
database1/img00008864.webp,0.142253,1.0,0.0564065675508929
database1/img00008929.webp,0.025151,1.0,0.042642496849127
database1/img00009119.webp,0.134423,0.0,0.0523361753937318
database1/img00009131.webp,0.11769,0.0,0.0460995446377704
database1/img00009180.webp,0.22272,0.0,0.0690612021002879
database1/img00009210.webp,0.133618,1.0,0.0518716278610923
database1/img00009215.webp,0.015083,1.0,0.1011421938433402
database1/img00009309.webp,0.232271,0.0,0.0898735558395252
database1/img00009310.webp,0.032707,1.0,0.0621940557632486
database1/img00009395.webp,0.188981,0.0,0.0446475735627797
database1/img00009397.webp,0.022474,0.0,0.0414183404590939
database1/img00009399.webp,0.009987,1.0,0.0447165018924913
database1/img00009423.webp,0.205953,0.0,0.055432629567703
database1/img00009521.webp,0.096612,0.0,0.0449688109835191
database1/img00009606.webp,0.062144,1.0,0.0497419073367969
database1/img00009643.webp,0.076471,0.0,0.0507930862583329
database1/img00009666.webp,0.249637,0.0,0.0552073033517433
database1/img00009740.webp,0.056754,0.0,0.0539456403322249
database1/img00009804.webp,0.00402,1.0,0.0739747366611446
database1/img00009898.webp,0.123271,0.0,0.0490482713096119
database1/img00009952.webp,0.220282,0.0,0.0637393651362131
database1/img00009963.webp,0.081114,1.0,0.0567880113475358
database1/img00010009.webp,0.161796,0.0,0.0465624290334211
database1/img00010196.webp,0.131846,0.0,0.0488092804051855
database1/img00010250.webp,0.119697,0.0,0.0737652419479024
database1/img00010353.webp,0.145055,0.0,0.053800548653109
database1/img00010363.webp,0.133258,0.0,0.0505254525403052
database1/img00010383.webp,0.010398,1.0,0.0294484420632452
database1/img00010445.webp,0.356323,0.0,0.0573422923661278
database1/img00010509.webp,0.056891,1.0,0.0740323309590978
database1/img00010530.webp,0.091729,0.0,0.0547276990268831
database1/img00010535.webp,0.304853,0.0,0.0778557745178608
database1/img00010537.webp,0.013696,0.0,0.0571920519205089
database1/img00010580.webp,0.154987,1.0,0.0510982465172364
database1/img00010612.webp,0.334599,0.0,0.0627841410804008
database1/img00010629.webp,0.060911,0.0,0.0438684231661743
database1/img00010643.webp,0.114721,1.0,0.0495556820895893
database1/img00010674.webp,0.023709,0.0,0.0432973321697408
database1/img00010757.webp,0.206361,0.0,0.0565892119581236
database1/img00010780.webp,0.013969,0.0,0.0525662909406896
database1/img00010790.webp,0.031334,0.0,0.0460740333662886
database1/img00010806.webp,0.065196,0.0,0.0507602724284497
database1/img00010887.webp,0.081617,0.0,0.0513803016638757
database1/img00010888.webp,0.233141,1.0,0.0782094572173829
database1/img00010982.webp,0.00745,1.0,0.0616556139369232
database1/img00010983.webp,0.20866,0.0,0.0547090530699409
database1/img00011118.webp,0.178597,1.0,0.0992369576583575
database1/img00011128.webp,0.27358,1.0,0.0600564781396879
database1/img00011142.webp,0.28074,1.0,0.0702571965392841
database1/img00011296.webp,0.108452,1.0,0.0667911792352811
database1/img00011507.webp,0.092578,0.0,0.0437524037172512
database1/img00011516.webp,0.087323,0.0,0.0510967649791452
database1/img00011597.webp,0.091441,0.0,0.0514757808254959
database1/img00011619.webp,0.253533,0.0,0.0668921074882142
database1/img00011623.webp,0.079619,0.0,0.0460962104409717
database1/img00011711.webp,0.412517,0.0,0.0828985183862545
database1/img00011737.webp,0.360567,0.0,0.0693326378389082
database1/img00011787.webp,0.009168,1.0,0.0488171382685941
database1/img00011827.webp,0.096535,0.0,0.0540243294153321
database1/img00011910.webp,0.153312,0.0,0.0487682377718611
database1/img00011946.webp,0.118833,0.0,0.0525821326744739
database1/img00011981.webp,0.044401,1.0,0.0543829895729672
database1/img00011982.webp,0.064973,1.0,0.047194645682495
database1/img00012046.webp,0.013245,1.0,0.0554661540944209
database1/img00012050.webp,0.169118,0.0,0.0497030554097231
database1/img00012055.webp,0.118938,0.0,0.0529936270983219
database1/img00012083.webp,0.105677,1.0,0.049627690234732
database1/img00012173.webp,0.148639,0.0,0.0535876515422006
database1/img00012174.webp,0.13274,0.0,0.0518432312720391
database1/img00012175.webp,0.161502,0.0,0.0581826958465396
database1/img00012194.webp,0.057599,0.0,0.0527259982607355
database1/img00012259.webp,0.022948,1.0,0.0797958479226435
database1/img00012293.webp,0.081765,0.0,0.0539234865401519
database1/img00012367.webp,0.265563,0.0,0.0720419785366704
database1/img00012402.webp,0.08769,0.0,0.0532913074917273
database1/img00012413.webp,0.178087,0.0,0.0551799806661468
database1/img00012417.webp,0.047864,1.0,0.0488289465436996
database1/img00012444.webp,0.279593,0.0,0.0621167860500673
database1/img00012509.webp,0.14518,0.0,0.0429241329593334
database1/img00012555.webp,0.159567,0.0,0.057240227141546
database1/img00012681.webp,0.00788,1.0,0.046526550536756
database1/img00012805.webp,0.03627,0.0,0.0523589307808568
database1/img00012844.webp,0.027729,1.0,0.0549261005583212
database1/img00012874.webp,0.002528,1.0,0.0765103768386126
database1/img00012883.webp,0.105193,1.0,0.0490551206347855
database1/img00012980.webp,0.021348,1.0,0.0533105699937758
database1/img00013033.webp,0.378744,0.0,0.0745540535106993
database1/img00013074.webp,0.20406,0.0,0.0731528246797061
database1/img00013089.webp,0.0,1.0,0.0372907667636346
database1/img00013099.webp,0.124905,0.0,0.0741827691781707
database1/img00013109.webp,0.255454,0.0,0.1205181144323034
database1/img00013151.webp,0.003784,1.0,0.0448945254371098
database1/img00013182.webp,0.112701,0.0,0.0498117600038594
database1/img00013213.webp,0.208104,1.0,0.0609089314834299
database1/img00013311.webp,0.021686,1.0,0.0536671738294676
database1/img00013313.webp,0.096531,0.0,0.0589479811659292
database1/img00013345.webp,0.111239,1.0,0.0577216703741365
database1/img00013392.webp,0.234015,0.0,0.0540161387028356
database1/img00013433.webp,0.013693,1.0,0.0537372468593698
database1/img00013450.webp,0.007936,1.0,0.0475853480070066
database1/img00013515.webp,0.055869,0.0,0.0503161461099893
database1/img00013591.webp,0.097683,0.0,0.0485616846835507
database1/img00013659.webp,0.005492,0.0,0.0559881332291023
database1/img00013777.webp,0.039118,0.0,0.0486711665724376
database1/img00013856.webp,0.08085,0.0,0.0640843260607711
database1/img00013896.webp,0.155239,0.0,0.0565713796676132
database1/img00013978.webp,0.216187,1.0,0.0469967456269683
database1/img00014030.webp,0.009111,0.0,0.0612699725195673
database1/img00014146.webp,0.019737,0.0,0.0526956037298064
database1/img00014277.webp,0.009327,1.0,0.0605456946293323
database1/img00014440.webp,0.313716,0.0,0.0713949614215571
database1/img00014506.webp,0.002933,0.0,0.0548833383830526
database1/img00014634.webp,0.124116,1.0,0.0549527510399941
database1/img00014645.webp,0.294956,1.0,0.0665459041020259
database1/img00014657.webp,0.009173,1.0,0.0409290275431862
database1/img00014808.webp,0.222577,0.0,0.0650559306938592
database1/img00014845.webp,0.184098,0.0,0.0569066834857481
database1/img00014912.webp,0.085464,0.0,0.0541790317064972
database1/img00014924.webp,0.071344,1.0,0.0650762389327541
database1/img00015038.webp,0.222266,1.0,0.0637166889272355
database1/img00015081.webp,0.134204,0.0,0.0786138856832871
database1/img00015348.webp,0.225921,0.0,0.0649318793673496
database1/img00015359.webp,0.033386,0.0,0.0500676204788176
database1/img00015476.webp,0.164199,0.0,0.0760610149744093
database1/img00015498.webp,0.128891,0.0,0.0464127820996597
database1/img00015505.webp,0.086803,0.0,0.0516695822313039
database1/img00015509.webp,0.096299,1.0,0.0629187586655395
database1/img00015766.webp,0.128287,0.0,0.0493260582660925
database1/img00015784.webp,0.198335,0.0,0.0515829458356306
database1/img00015947.webp,0.126497,0.0,0.0515009257479566
database1/img00016004.webp,0.076385,0.0,0.0528769168351737
database1/img00016096.webp,0.018479,1.0,0.0476542152962017
database1/img00016164.webp,0.009807,1.0,0.0490998898643837
database1/img00016181.webp,0.000908,1.0,0.0421355860708672
database1/img00016288.webp,0.368142,0.0,0.0759449941113668
database1/img00016296.webp,0.233928,0.0,0.0545686203492475
database1/img00016398.webp,0.070727,0.0,0.0508326069815636
database1/img00016442.webp,0.050167,0.0,0.049478261710308
database1/img00016457.webp,0.145227,1.0,0.0542704747067789
database1/img00016490.webp,0.091022,0.0,0.0435946681415743
database1/img00016497.webp,0.144198,0.0,0.0563575648226041
database1/img00016611.webp,0.10049,0.0,0.0513923677314536
database1/img00016679.webp,0.001846,0.0,0.0530762109562861
database1/img00016886.webp,0.012909,1.0,0.0455846460789944
database1/img00016934.webp,0.076123,1.0,0.0468103304103174
database1/img00016955.webp,0.030027,1.0,0.0659280704437987
database1/img00017135.webp,0.137474,0.0,0.051981638646879
database1/img00017144.webp,0.291437,0.0,0.0603706107174219
database1/img00017157.webp,0.097188,0.0,0.0502121255089681
database1/img00017237.webp,0.019539,0.0,0.0484333538987077
database1/img00017467.webp,0.193369,0.0,0.067012147143185
database1/img00017485.webp,0.231654,0.0,0.0901996850160645
database1/img00017623.webp,0.273226,0.0,0.0584737899385159
database1/img00017648.webp,0.013591,1.0,0.0420380417477899
database1/img00017737.webp,0.0127,1.0,0.0520825244274009
database1/img00017893.webp,0.369649,0.0,0.0580074592203664
database1/img00018025.webp,0.125656,0.0,0.0471583089314084
database1/img00018042.webp,0.016056,1.0,0.047694964579157
database1/img00018045.webp,0.096288,0.0,0.049864258027627
database1/img00018076.webp,0.184672,1.0,0.0537575301888748
database1/img00018117.webp,0.020611,0.0,0.0579466621135549
database1/img00018133.webp,0.049189,0.0,0.0526465263844662
database1/img00018173.webp,0.28192,0.0,0.0653091540051181
database1/img00018225.webp,0.130293,0.0,0.0450572717948421
database1/img00018284.webp,0.238474,0.0,0.0598622732392905
database1/img00018380.webp,0.182421,0.0,0.0495308088784993
database1/img00018422.webp,0.021826,0.0,0.0523957103384557
database1/img00018465.webp,0.041569,1.0,0.0559028612058441
database1/img00018500.webp,0.147015,0.0,0.0497167599583192
database1/img00018591.webp,0.11045,0.0,0.0613980791414988
database1/img00018619.webp,0.026771,1.0,0.0556161862639406
database1/img00018643.webp,0.14475,0.0,0.0574051466539883
database1/img00018689.webp,0.008002,0.0,0.0527296035257753
database1/img00018779.webp,0.045676,1.0,0.0490353851837123
database1/img00018873.webp,0.099329,0.0,0.0475890651789944
database1/img00018963.webp,0.0236,1.0,0.1276985427885862
database1/img00019125.webp,0.039224,1.0,0.0585402941194735
database1/img00019151.webp,0.151887,0.0,0.0713462749582106
database1/img00019162.webp,0.357571,0.0,0.0721738877084215
database1/img00019165.webp,0.070241,1.0,0.0639112871554484
database1/img00019172.webp,0.017685,0.0,0.0434557170466442
database1/img00019200.webp,0.017214,1.0,0.0489817646984201
database1/img00019353.webp,0.013152,0.0,0.0482780561238371
database1/img00019360.webp,0.02429,1.0,0.0477068371106057
database1/img00019362.webp,0.226958,0.0,0.0536199298723963
database1/img00019406.webp,0.122785,0.0,0.049202237720931
database1/img00019511.webp,0.00639,1.0,0.0458034886974281
database1/img00019553.webp,0.097165,0.0,0.0486418327188821
database1/img00019616.webp,0.008603,1.0,0.0588428287240494
database1/img00019625.webp,0.044642,1.0,0.0641205016891481
database1/img00019811.webp,0.135181,0.0,0.0511286467329981
database1/img00019846.webp,0.085115,0.0,0.0526469740442019
database1/img00019883.webp,0.295134,0.0,0.0816235200559003
database1/img00019956.webp,0.121542,0.0,0.0510485092305434
database1/img00020019.webp,0.245216,0.0,0.0592616132317095
database1/img00020092.webp,0.229511,0.0,0.0675020592435134
database1/img00020095.webp,0.369647,0.0,0.0629856533183658
database1/img00020106.webp,0.016139,1.0,0.0422561922929387
database1/img00020280.webp,0.093764,0.0,0.0506288591273637
database1/img00020383.webp,0.174486,0.0,0.0548144644109083
database1/img00020425.webp,0.105022,0.0,0.0489509149686964
database1/img00020495.webp,0.101841,0.0,0.0515633394828632
database1/img00020506.webp,0.143822,0.0,0.0549230557013788
database1/img00020690.webp,0.113169,0.0,0.0454417731234843
database1/img00020757.webp,0.123725,0.0,0.0517957681353608
database1/img00020765.webp,0.148549,0.0,0.0511509523018297
database1/img00020799.webp,0.406729,0.0,0.0860035336494522
database1/img00020831.webp,0.0,1.0,0.0337901055931246
database1/img00020839.webp,0.164052,0.0,0.0481365238978877
database1/img00020840.webp,0.164657,0.0,0.0560466701026765
database1/img00020876.webp,0.039848,0.0,0.0519929375231759
database1/img00020958.webp,0.18413,1.0,0.0483020694994017
database1/img00021024.webp,0.011248,1.0,0.0551650185336936
database1/img00021028.webp,0.079159,0.0,0.045185630020465
database1/img00021119.webp,0.231027,0.0,0.0430314862947541
database1/img00021174.webp,0.029653,1.0,0.0512150414340958
database1/img00021203.webp,0.100309,1.0,0.090563904113261
database1/img00021240.webp,0.12352,0.0,0.0545098546259914
database1/img00021256.webp,0.115372,0.0,0.0493663846714715
database1/img00021294.webp,0.230757,0.0,0.0667389261863554
database1/img00021336.webp,0.216002,0.0,0.0552954189117333
database1/img00021374.webp,0.038864,0.0,0.0523739798926427
database1/img00021382.webp,0.023478,1.0,0.0963093012486827
database1/img00021398.webp,0.118902,0.0,0.109735674641459
database1/img00021523.webp,0.125539,0.0,0.0534488402001391
database1/img00021529.webp,0.020743,0.0,0.0536633396944272
database1/img00021585.webp,0.323915,0.0,0.0564906517123997
database1/img00021592.webp,0.053661,1.0,0.0581363720495537
database1/img00021620.webp,0.012103,1.0,0.0571026145437937
database1/img00021622.webp,0.258145,0.0,0.0609934681981102
database1/img00021629.webp,0.347567,0.0,0.070999701070863
database1/img00021724.webp,0.117861,0.0,0.0536014600384192
database1/img00021737.webp,0.042247,1.0,0.0519268091175675
database1/img00021763.webp,0.319156,0.0,0.0868563885318323
database1/img00021881.webp,0.200485,0.0,0.0494367623191835
database1/img00021891.webp,0.158308,0.0,0.0521080308970918
database1/img00022037.webp,0.280548,0.0,0.0692667935120462
database1/img00022062.webp,0.084716,1.0,0.046373800269517
database1/img00022089.webp,0.105552,0.0,0.0513344085886451
database1/img00022098.webp,0.019455,1.0,0.0512700895330779
database1/img00022099.webp,0.017022,1.0,0.0601936618234133
database1/img00022106.webp,0.009696,1.0,0.0486993070141932
database1/img00022110.webp,0.247685,0.0,0.0825883943246389
database1/img00022174.webp,0.246505,1.0,0.0623627878855417
database1/img00022220.webp,0.197348,0.0,0.0965450371826032
database1/img00022367.webp,0.130304,0.0,0.0567691774800619
database1/img00022458.webp,0.178211,1.0,0.0390463223563029
database1/img00022462.webp,0.147091,1.0,0.0533787705744265
database1/img00022521.webp,0.025301,1.0,0.0472154458001934
database1/img00022669.webp,0.094607,1.0,0.1158735218459329
database1/img00022715.webp,0.056654,0.0,0.0414257505839185
database1/img00022789.webp,0.207616,0.0,0.0887170785485067
database1/img00022833.webp,0.037262,1.0,0.053475469487584
database1/img00022848.webp,0.082086,0.0,0.0512405000587109
database1/img00022964.webp,0.170935,0.0,0.0563440672950737
database1/img00023014.webp,0.001544,1.0,0.1096912932099561
database1/img00023146.webp,0.103648,1.0,0.0609654691900229
database1/img00023176.webp,0.028973,1.0,0.0759825709949097
database1/img00023181.webp,0.102577,0.0,0.0551115848674575
database1/img00023337.webp,0.089515,0.0,0.0477536926055722
database1/img00023439.webp,0.005019,1.0,0.0475872531977351
database1/img00023478.webp,0.105124,0.0,0.0457889283016963
database1/img00023517.webp,0.050744,0.0,0.0545749872513098
database1/img00023568.webp,0.010958,1.0,0.0585219510474939
database1/img00023725.webp,0.203847,0.0,0.0515051748765977
database1/img00023876.webp,0.079286,0.0,0.04841329948372
database1/img00023903.webp,0.124474,0.0,0.0395267955986309
database1/img00024004.webp,0.151347,0.0,0.0542230854276384
database1/img00024033.webp,0.008003,1.0,0.0575225235578779
database1/img00024054.webp,0.158105,0.0,0.0516918773461204
database1/img00024075.webp,0.098827,0.0,0.0566093363368395
database1/img00024097.webp,0.056329,1.0,0.0495654530534079
database1/img00024151.webp,0.223931,0.0,0.0469237039466555
database1/img00024251.webp,0.125194,0.0,0.0510185814569126
database1/img00024286.webp,0.203387,0.0,0.0829714790170501
database1/img00024330.webp,0.039351,0.0,0.0610644938921077
database1/img00024429.webp,0.001011,1.0,0.0379607652033054
database1/img00024472.webp,0.231978,0.0,0.0612887345381162
database1/img00024480.webp,0.229159,0.0,0.0527736885818119
database1/img00024496.webp,0.010786,0.0,0.0579450021575647
database1/img00024553.webp,0.040348,1.0,0.0551402794932524
database1/img00024607.webp,0.016616,1.0,0.0587519167480926
database1/img00024687.webp,0.27365,0.0,0.0641335940860301
database1/img00024753.webp,0.192923,0.0,0.0578587921043755
database1/img00024774.webp,0.053221,0.0,0.050918293866982
database1/img00025064.webp,0.015037,0.0,0.0435521053463454
database1/img00025075.webp,0.298755,0.0,0.0685982326892402
database1/img00025133.webp,0.155681,1.0,0.0555369286659091
database1/img00025166.webp,0.014644,0.0,0.0541387928755298
database1/img00025308.webp,0.026547,1.0,0.0533696176554437
database1/img00025347.webp,0.003317,1.0,0.0563026330883709
database1/img00025392.webp,0.084647,0.0,0.0524622501593936
database1/img00025465.webp,0.083236,0.0,0.069258858189745
database1/img00025509.webp,0.003962,0.0,0.0577563450720264
database1/img00025534.webp,0.073372,0.0,0.0485052792000266
database1/img00025566.webp,0.059194,1.0,0.0576824708609636
database1/img00025641.webp,0.045629,1.0,0.0587466621003075
database1/img00025678.webp,0.113275,0.0,0.0535671264029328
database1/img00025969.webp,0.033245,1.0,0.052023747267272
database1/img00026052.webp,0.217685,0.0,0.0544799862048935
database1/img00026073.webp,0.052874,0.0,0.048212568139427
database1/img00026088.webp,0.15625,0.0,0.0568833773607902
database1/img00026103.webp,0.013345,1.0,0.0611585447024819
database1/img00026169.webp,0.063574,1.0,0.0693036060192267
database1/img00026178.webp,0.317092,0.0,0.0657767054404206
database1/img00026249.webp,0.008453,1.0,0.0590618758806402
database1/img00026281.webp,0.219012,1.0,0.0594045883453654
database1/img00026282.webp,0.011198,1.0,0.0577009071631404
database1/img00026305.webp,0.138547,1.0,0.0583791272685928
database1/img00026333.webp,0.154155,0.0,0.0504741958976698
database1/img00026341.webp,0.145098,0.0,0.1042759665398724
database1/img00026380.webp,0.102089,0.0,0.0564034935766012
database1/img00026418.webp,0.030072,1.0,0.0499345755966239
database1/img00026462.webp,0.007743,0.0,0.0520807432601457
database1/img00026473.webp,0.0,1.0,0.0475429863192733
database1/img00026493.webp,0.222605,0.0,0.053100562401727
database1/img00026505.webp,0.024604,1.0,0.0611654131725193
database1/img00026554.webp,0.005176,1.0,0.0557791675887343
database1/img00026653.webp,0.0,0.0,0.0315505596035012
database1/img00026673.webp,0.305916,0.0,0.0588052549628074
database1/img00026714.webp,0.210407,0.0,0.056422901076007
database1/img00026908.webp,0.046474,0.0,0.0510260220832829
database1/img00027013.webp,0.003769,0.0,0.0462906751961968
database1/img00027032.webp,0.007456,0.0,0.0589056014799098
database1/img00027062.webp,0.046983,1.0,0.0497243244666161
database1/img00027147.webp,0.083316,1.0,0.06378834094418
database1/img00027201.webp,0.173566,0.0,0.0533458330709145
database1/img00027213.webp,0.102301,0.0,0.0533446293587814
database1/img00027267.webp,0.025949,0.0,0.0518027304660892
database1/img00027278.webp,0.04282,0.0,0.0523137988839047
database1/img00027291.webp,0.037481,1.0,0.0589802816216366
database1/img00027300.webp,0.162757,0.0,0.0537595229925821
database1/img00027329.webp,0.120534,0.0,0.035688787751843
database1/img00027355.webp,0.012954,0.0,0.0532123989320146
database1/img00027400.webp,0.093064,1.0,0.1325309330418737
database1/img00027672.webp,0.024684,0.0,0.049562785486155
database1/img00027691.webp,0.263468,1.0,0.0692825516934463
database1/img00027708.webp,0.011879,1.0,0.0729267746239089
database1/img00027826.webp,0.008279,1.0,0.0514722912335689
database1/img00027870.webp,0.156292,0.0,0.0570750901641732
database1/img00027888.webp,0.010368,1.0,0.0567730293287126
database1/img00027943.webp,0.005057,1.0,0.0628856891128973
database1/img00027980.webp,0.1488,0.0,0.0537378431570064
database1/img00028069.webp,0.00506,1.0,0.0599060203935421
database1/img00028087.webp,0.001205,1.0,0.034095893235955
database1/img00028101.webp,0.0173,1.0,0.0499200405195952
database1/img00028174.webp,0.122309,0.0,0.0516698417169618
database1/img00028222.webp,0.107143,0.0,0.0491559800657726
database1/img00028224.webp,0.146398,0.0,0.0612076775792957
database1/img00028300.webp,0.012183,0.0,0.05075130012271
database1/img00028356.webp,0.152613,0.0,0.0413704256148897
database1/img00028517.webp,0.382837,0.0,0.0706023994008422
database1/img00028551.webp,0.203166,0.0,0.0780199480849206
database1/img00028578.webp,0.061325,0.0,0.0484759717014581
database1/img00028581.webp,0.020189,1.0,0.0489128282741399
database1/img00028723.webp,0.12276,0.0,0.0563818292772969
database1/img00028742.webp,0.061928,0.0,0.0427227969668441
database1/img00028757.webp,0.031527,1.0,0.0564241146369399
database1/img00028784.webp,0.01652,0.0,0.0507040584613441
database1/img00028843.webp,0.045216,1.0,0.0701797756103292
database1/img00028942.webp,0.085705,0.0,0.0428732458398086
database1/img00029059.webp,0.201976,0.0,0.0557038128860157
database1/img00029154.webp,0.027398,0.0,0.0877016874047508
database1/img00029252.webp,0.011317,1.0,0.0571691681187717
database1/img00029315.webp,0.223811,0.0,0.0649902943154563
database1/img00029326.webp,0.073163,0.0,0.0452610889147737
database1/img00029393.webp,0.181547,0.0,0.053541266055005
database1/img00029479.webp,0.172507,1.0,0.0631580083077653
database1/img00029527.webp,9.6e-05,1.0,0.0341211105455737
database1/img00029586.webp,0.049823,0.0,0.0539780949099523
database1/img00029691.webp,0.030185,1.0,0.061216774821299
database1/img00029706.webp,0.21533,1.0,0.1404535791555642
database1/img00029758.webp,0.113217,0.0,0.0503886153198676
database1/img00029778.webp,0.154551,0.0,0.0691853010157182
database1/img00029960.webp,0.383842,0.0,0.0696990375191546
database2/database2/test/148.webp,0.048036,1.0,0.0513412985241293
database2/database2/test/190.webp,0.086509,1.0,0.1006258942121497
database2/database2/test/216.webp,0.245817,0.0,0.0492136310799521
database2/database2/test/232.webp,0.275174,0.0,0.0519212420664911
database2/database2/test/239.webp,0.175156,0.0,0.0666896608703196
database2/database2/test/266.webp,0.213241,0.0,0.0568547163096032
database2/database2/test/34.webp,0.050154,0.0,0.0424159684132513
database2/database2/test/453.webp,0.089504,1.0,0.031034772282163
database2/database2/test/472.webp,0.226614,1.0,0.0749138395776197
database2/database2/test/91.webp,0.465517,1.0,0.0597447896323077
database2/database2/train/1009.webp,0.104761,1.0,0.062899661632461
database2/database2/train/1240.webp,0.146101,0.0,0.0561977810210021
database2/database2/train/1258.webp,0.246853,0.0,0.1455752932631656
database2/database2/train/127.webp,0.075508,0.0,0.0403499664235078
database2/database2/train/1279.webp,0.000502,1.0,0.1014293332235956
database2/database2/train/1311.webp,0.172932,1.0,0.1531642561818181
database2/database2/train/174.webp,0.051776,1.0,0.1399650163203308
database2/database2/train/203.webp,0.050641,1.0,0.0578152848693258
database2/database2/train/219.webp,0.142928,0.0,0.0611376397046502
database2/database2/train/233.webp,0.281943,1.0,0.068506930923715
database2/database2/train/26.webp,0.011878,0.0,0.0442593687127226
database2/database2/train/34.webp,0.095641,0.0,0.0523523710757988
database2/database2/train/433.webp,0.036418,1.0,0.058600258047441
database2/database2/train/436.webp,0.026337,1.0,0.042579947472127
database2/database2/train/515.webp,0.012181,1.0,0.05227195502757
database2/database2/train/547.webp,0.0,1.0,0.030588496442316
database2/database2/train/613.webp,0.048432,0.0,0.0451223402540567
database2/database2/train/624.webp,0.123039,1.0,0.0915598999681032
database2/database2/train/650.webp,0.113219,0.0,0.0506888470432729
database2/database2/train/766.webp,0.167917,0.0,0.0718221007647942
database2/database2/train/814.webp,0.3,0.0,0.0735896679065689
database2/database2/train/846.webp,0.020085,1.0,0.0576434383060677
database2/database2/train/900.webp,0.417188,1.0,0.0635739483518456
database2/database2/train/928.webp,0.09983,0.0,0.0538543493724082
database2/database2/train/97.webp,0.048559,1.0,0.0598620403310807
database2/database2/train/992.webp,0.32608,0.0,0.0690786494285176
database3/database3/m.0109kg/59-FaceId-0_align.webp,0.264823,0.0,0.0690624706875888
database3/database3/m.010bk0/59-FaceId-0_align.webp,0.021845,1.0,0.1025391932222053
database3/database3/m.010ngb/60-FaceId-0_align.webp,0.012915,1.0,0.0459462479500728
database3/database3/m.010p3/45-FaceId-0_align.webp,0.01465,1.0,0.0629618836644192
database3/database3/m.010p3/69-FaceId-0_align.webp,0.027584,1.0,0.0573564181233633
database3/database3/m.010p3/82-FaceId-0_align.webp,0.013896,1.0,0.0482728006456819
database3/database3/m.010wty2t/83-FaceId-1_align.webp,0.168202,1.0,0.0929482208728719
database3/database3/m.0112yl/20-FaceId-0_align.webp,0.035573,1.0,0.0704455229296975
database3/database3/m.01167d3z/34-FaceId-0_align.webp,0.37993,1.0,0.0746839547177301
database3/database3/m.01167d3z/74-FaceId-0_align.webp,0.319357,1.0,0.0676467765814085
database3/database3/m.011_0k/17-FaceId-0_align.webp,0.022011,1.0,0.0523524945255694
database3/database3/m.011_0k/3-FaceId-0_align.webp,0.017225,1.0,0.0593020851256422
database3/database3/m.011_0k/43-FaceId-0_align.webp,0.025252,1.0,0.0560614314645454
database3/database3/m.011_0k/77-FaceId-0_align.webp,0.126436,1.0,0.1286682846119854
database3/database3/m.011_2h/101-FaceId-0_align.webp,0.183945,0.0,0.0660753348819847
database3/database3/m.011_2h/18-FaceId-0_align.webp,0.139464,0.0,0.0945678250982209
database3/database3/m.011_2h/21-FaceId-0_align.webp,0.028243,0.0,0.0564692376742173
database3/database3/m.011_3d/107-FaceId-0_align.webp,0.091414,1.0,0.0639568089697422
database3/database3/m.011_3d/31-FaceId-0_align.webp,0.156269,1.0,0.06054837408221
database3/database3/m.011_3d/35-FaceId-0_align.webp,0.154662,1.0,0.154059680777238
database3/database3/m.011_3s/106-FaceId-0_align.webp,0.132155,0.0,0.0606083606975806
database3/database3/m.011_3s/93-FaceId-0_align.webp,0.255275,0.0,0.0757083124428518
database3/database3/m.011_8/14-FaceId-0_align.webp,0.108434,1.0,0.0550576864258607
database3/database3/m.011_nf/83-FaceId-0_align.webp,0.036792,1.0,0.0539340921572731
database3/database3/m.011_pk/73-FaceId-0_align.webp,0.106935,1.0,0.0684248730322571
database3/database3/m.011_pk/98-FaceId-0_align.webp,0.021278,1.0,0.0378983485087404
database3/database3/m.011_r9/15-FaceId-0_align.webp,0.000453,1.0,0.0447094743474724
database3/database3/m.011_r9/35-FaceId-0_align.webp,0.0,1.0,0.0287843393014141
database3/database3/m.011h_w/16-FaceId-0_align.webp,0.023388,1.0,0.0972374357906043
database3/database3/m.011h_w/57-FaceId-0_align.webp,0.034974,1.0,0.0732721899059463
database3/database3/m.011hdn/3-FaceId-0_align.webp,0.144586,1.0,0.0922489905376913
database3/database3/m.011hm1/28-FaceId-0_align.webp,0.045589,0.0,0.069947878269906
database3/database3/m.011hm1/59-FaceId-0_align.webp,0.308314,0.0,0.0549065443207187
database3/database3/m.011hmd/24-FaceId-0_align.webp,0.029049,1.0,0.0818981503446628
database3/database3/m.011jfg/102-FaceId-0_align.webp,0.016853,0.0,0.053360559906922
database3/database3/m.011jfg/64-FaceId-0_align.webp,0.014724,0.0,0.0568247957916037
database3/database3/m.011kd9/42-FaceId-0_align.webp,0.092666,1.0,0.0
database3/database3/m.011kd9/48-FaceId-0_align.webp,0.021031,1.0,0.0977844148875866
database3/database3/m.011l17/115-FaceId-0_align.webp,0.008147,1.0,0.0427539217833728
database3/database3/m.011l17/73-FaceId-0_align.webp,0.013848,1.0,0.0589789687786228
database3/database3/m.011l17/78-FaceId-0_align.webp,0.000371,1.0,0.0474892765496346
database3/database3/m.011lf5/30-FaceId-0_align.webp,0.003745,1.0,0.0512585879960438
database3/database3/m.011lhy/14-FaceId-0_align.webp,0.06605,1.0,0.0356538728557905
database3/database3/m.011m1y/65-FaceId-0_align.webp,0.010331,1.0,0.0868981429484251
database3/database3/m.011m1y/93-FaceId-0_align.webp,0.010174,1.0,0.0451923532433769
database3/database3/m.011m33/35-FaceId-0_align.webp,0.10764,0.0,0.0471080920402934
database3/database3/m.011m33/96-FaceId-0_align.webp,0.077455,0.0,0.0651262069617116
database3/database3/m.011m33/98-FaceId-0_align.webp,0.093352,0.0,0.0777935636139716
database3/database3/m.011p3/100-FaceId-0_align.webp,0.261068,0.0,0.0761518189734912
database3/database3/m.011p3/38-FaceId-0_align.webp,0.260325,0.0,0.0504699839582771
database3/database3/m.011qm2/8-FaceId-0_align.webp,0.02115,1.0,0.0490344425693829
database3/database3/m.011w1b/4-FaceId-0_align.webp,0.011173,0.0,0.0525550493860558
database3/database3/m.011w1b/5-FaceId-0_align.webp,0.149673,0.0,0.0537876692223423
database3/database3/m.011w1b/65-FaceId-0_align.webp,0.028609,0.0,0.0508730047265628
database3/database3/m.011w1b/75-FaceId-0_align.webp,0.102741,0.0,0.0624887985790608
database3/database3/m.011xgp/24-FaceId-0_align.webp,0.060348,1.0,0.0576348607147768
database3/database3/m.011xgp/72-FaceId-0_align.webp,0.024118,1.0,0.0726300354996931
database3/database3/m.011xjd/62-FaceId-0_align.webp,0.025855,1.0,0.0611353306921396
database3/database3/m.011xl3/35-FaceId-0_align.webp,0.101991,1.0,0.063979207589087
database3/database3/m.011xl3/86-FaceId-0_align.webp,0.095741,1.0,0.1040509687135868
database3/database3/m.011xl3/92-FaceId-0_align.webp,0.15032,1.0,0.0648334758158931
database3/database3/m.011xl3/99-FaceId-0_align.webp,0.04585,1.0,0.0520114929593956
database3/database3/m.011xll/89-FaceId-0_align.webp,0.057752,1.0,0.0897904282692212
database3/database3/m.011ybj/52-FaceId-0_align.webp,0.042728,1.0,0.0503877184955863
database3/database3/m.011ybj/61-FaceId-0_align.webp,0.033422,1.0,0.0450900265918218
database3/database3/m.011yx0/17-FaceId-0_align.webp,0.03676,1.0,0.0538728094619443
database3/database3/m.011yx0/7-FaceId-0_align.webp,0.025923,1.0,0.0492500466506783
database3/database3/m.011z69/22-FaceId-0_align.webp,0.003956,1.0,0.0358873277535563
database3/database3/m.011z69/27-FaceId-0_align.webp,0.057013,1.0,0.0411342689592214
database3/database3/m.011z69/67-FaceId-0_align.webp,0.026898,1.0,0.0491845777814618
database3/database3/m.011zfk/22-FaceId-0_align.webp,0.214757,1.0,0.0386574007472406
database3/database3/m.011zfz/75-FaceId-0_align.webp,0.159958,0.0,0.0578631163991201
database3/database3/m.011zg9/22-FaceId-0_align.webp,0.107141,0.0,0.0466646858703919
database3/database3/m.011zg9/39-FaceId-0_align.webp,0.053582,0.0,0.0464920387462545
database3/database3/m.011zgs/52-FaceId-0_align.webp,0.127677,0.0,0.1285491084982109
database3/database3/m.011zkh/84-FaceId-0_align.webp,0.008351,1.0,0.0473978677829668
database3/database3/m.011zwl/37-FaceId-0_align.webp,0.073722,1.0,0.0480895450928111
database3/database3/m.01200d/24-FaceId-0_align.webp,0.036817,1.0,0.0401042681456993
database3/database3/m.01200d/80-FaceId-0_align.webp,0.017066,1.0,0.0440081909711087
database3/database3/m.012052/1-FaceId-0_align.webp,0.109494,1.0,0.0511212201457024
database3/database3/m.012052/30-FaceId-0_align.webp,0.193814,1.0,0.1344173436469835
database3/database3/m.012052/63-FaceId-0_align.webp,0.135953,1.0,0.0687140529643821
database3/database3/m.0122lq/12-FaceId-0_align.webp,0.034174,1.0,0.0413209964867794
database3/database3/m.0122lq/62-FaceId-0_align.webp,0.002899,1.0,0.0797859000808194
database3/database3/m.0122lq/73-FaceId-0_align.webp,0.026793,1.0,0.0471327294527004
database3/database3/m.0122m5/94-FaceId-0_align.webp,0.003731,1.0,0.0803589694172891
database3/database3/m.01233w/1-FaceId-0_align.webp,0.049894,1.0,0.0437641930836858
database3/database3/m.01233w/25-FaceId-0_align.webp,0.043404,1.0,0.0563357879018433
database3/database3/m.01239/57-FaceId-0_align.webp,0.01656,1.0,0.0607842228565481
database3/database3/m.01239/68-FaceId-0_align.webp,0.012855,1.0,0.0519096766213219
database3/database3/m.0123x2/101-FaceId-0_align.webp,0.244668,1.0,0.0636887610727475
database3/database3/m.01241v/54-FaceId-0_align.webp,0.010871,1.0,0.0440295349041243
database3/database3/m.0124t/70-FaceId-0_align.webp,0.066352,0.0,0.0881413333259424
database3/database3/m.01257s/41-FaceId-1_align.webp,0.025408,1.0,0.0517463458466523
database3/database3/m.0126rp/46-FaceId-0_align.webp,0.064149,1.0,0.0469738393781977
database3/database3/m.0126rp/48-FaceId-0_align.webp,0.020111,1.0,0.0481839552255649
database3/database3/m.0126y2/49-FaceId-0_align.webp,0.042913,1.0,0.050708237060031
database3/database3/m.0126y2/81-FaceId-0_align.webp,0.011658,1.0,0.098164344631718
database3/database3/m.0126y2/92-FaceId-0_align.webp,0.2594,1.0,0.0778000807291097
database3/database3/m.01270s/15-FaceId-0_align.webp,0.00523,1.0,0.0370106760257583
database3/database3/m.01270s/43-FaceId-0_align.webp,0.024273,1.0,0.0513469774682285
database3/database3/m.01271_/40-FaceId-0_align.webp,0.046844,0.0,0.0556978677503025
database3/database3/m.01271_/42-FaceId-0_align.webp,0.082785,0.0,0.0687723509985884
database3/database3/m.01271_/92-FaceId-0_align.webp,0.131196,0.0,0.0545752549840232
database3/database3/m.0127fx/6-FaceId-0_align.webp,0.010653,1.0,0.0500415803563427
database3/database3/m.0127gn/12-FaceId-0_align.webp,0.02417,1.0,0.0426990415440143
database3/database3/m.0127tk/114-FaceId-0_align.webp,0.088119,1.0,0.0459443729427536
database3/database3/m.0127tk/121-FaceId-0_align.webp,0.110272,1.0,0.0591274011041982
database3/database3/m.0127tk/32-FaceId-0_align.webp,0.044592,1.0,0.0518190285076608
database3/database3/m.0127tk/61-FaceId-0_align.webp,0.157887,1.0,0.0601050378908215
database3/database3/m.0127tk/75-FaceId-0_align.webp,0.118857,1.0,0.058917695801745
database3/database3/m.0127tk/83-FaceId-0_align.webp,0.180049,1.0,0.0526133593518291
database3/database3/m.0127zt/62-FaceId-0_align.webp,0.099007,0.0,0.0558888686306823
database3/database3/m.012801/76-FaceId-0_align.webp,0.060329,1.0,0.0498448714068164
database3/database3/m.012981/36-FaceId-0_align.webp,0.038673,1.0,0.0458477932321653
database3/database3/m.012_53/112-FaceId-0_align.webp,0.081654,0.0,0.048179624585256
database3/database3/m.012_53/73-FaceId-0_align.webp,0.056783,0.0,0.0500784920532056
database3/database3/m.012_jj/10-FaceId-0_align.webp,0.005143,1.0,0.0452580777358661
database3/database3/m.012_jj/103-FaceId-0_align.webp,0.04174,1.0,0.0338954182802364
database3/database3/m.012_jj/83-FaceId-0_align.webp,0.123978,1.0,0.0470421373513861
database3/database3/m.012c6j/57-FaceId-0_align.webp,0.0,1.0,0.0244727231674784
database3/database3/m.012c6x/43-FaceId-0_align.webp,0.000386,1.0,0.0651420768169178
database3/database3/m.012c8f/13-FaceId-0_align.webp,0.010098,1.0,0.0563134814073576
database3/database3/m.012c8f/85-FaceId-0_align.webp,0.121074,1.0,0.1075968160124124
database3/database3/m.012ck8/1-FaceId-0_align.webp,0.250793,0.0,0.0932742715795689
database3/database3/m.012cm5/19-FaceId-0_align.webp,0.050828,1.0,0.0499576252614524
database3/database3/m.012cm5/75-FaceId-0_align.webp,0.032775,1.0,0.0275313069882572
database3/database3/m.012cm5/90-FaceId-0_align.webp,0.082057,1.0,0.058260081446166
database3/database3/m.012cnn/11-FaceId-0_align.webp,0.107545,0.0,0.0439072177196217
database3/database3/m.012cph/108-FaceId-0_align.webp,0.01551,1.0,0.0438903676495944
database3/database3/m.012cph/17-FaceId-0_align.webp,0.005549,1.0,0.0641550751512005
database3/database3/m.012cph/68-FaceId-0_align.webp,0.017584,1.0,0.0664446969464327
database3/database3/m.012cyp/33-FaceId-0_align.webp,0.012748,0.0,0.0422491778348137
database3/database3/m.012cyp/43-FaceId-0_align.webp,0.207358,0.0,0.051551704139778
database3/database3/m.012cyp/7-FaceId-0_align.webp,0.030272,0.0,0.0450067756300666
database3/database3/m.012czd/35-FaceId-0_align.webp,0.035058,0.0,0.0390608335599459
database3/database3/m.012czd/90-FaceId-0_align.webp,0.001711,0.0,0.0554166281251927
database3/database3/m.012dtw/86-FaceId-0_align.webp,0.075626,1.0,0.0700613432970949
database3/database3/m.012fgx/58-FaceId-0_align.webp,0.039289,1.0,0.0435107753141685
database3/database3/m.012g8l/75-FaceId-0_align.webp,0.015517,1.0,0.0649965505466463
database3/database3/m.012gbb/1-FaceId-0_align.webp,0.057132,0.0,0.0623213427818739
database3/database3/m.012gbb/104-FaceId-0_align.webp,0.023381,0.0,0.0482730859146024
database3/database3/m.012gbb/86-FaceId-0_align.webp,0.070682,0.0,0.0615099794728626
database3/database3/m.012gdw/54-FaceId-0_align.webp,0.06697,1.0,0.0405049952874787
database3/database3/m.012gl8/17-FaceId-0_align.webp,0.06567,0.0,0.0524922615044479
database3/database3/m.012gl8/38-FaceId-0_align.webp,0.063039,0.0,0.0518218963266094
database3/database3/m.012gq6/33-FaceId-0_align.webp,0.016946,1.0,0.041266819045402
database3/database3/m.012gr9/29-FaceId-0_align.webp,0.156273,0.0,0.0710619271836136
database3/database3/m.012gx2/64-FaceId-0_align.webp,0.000577,1.0,0.0444403208871765
database3/database3/m.012gx2/77-FaceId-0_align.webp,0.126437,1.0,0.0646688739038009
database3/database3/m.012gx2/8-FaceId-0_align.webp,0.019361,1.0,0.038308306749643
database3/database3/m.012gx2/99-FaceId-0_align.webp,0.025003,1.0,0.0578191988507758
database3/database3/m.012h65/109-FaceId-0_align.webp,0.210562,1.0,0.1515463782593903
database3/database3/m.012hqb/33-FaceId-0_align.webp,0.004406,1.0,0.0643001186066204
database3/database3/m.012hr4/21-FaceId-0_align.webp,0.126033,1.0,0.0521074547804609
database3/database3/m.012hr4/67-FaceId-0_align.webp,0.183915,1.0,0.0502818619913534
database3/database3/m.012hr4/74-FaceId-0_align.webp,0.037244,1.0,0.0522773066029988
database3/database3/m.012hsb/101-FaceId-0_align.webp,0.192286,1.0,0.0495211694651569
database3/database3/m.012hsb/74-FaceId-0_align.webp,0.057902,1.0,0.0552375649270761
database3/database3/m.012hz4/77-FaceId-0_align.webp,0.118119,0.0,0.0781859213181789
database3/database3/m.012j2r/108-FaceId-0_align.webp,0.027644,1.0,0.0424419401681058
database3/database3/m.012j2r/38-FaceId-0_align.webp,0.010758,1.0,0.0520510641743409
database3/database3/m.012j2r/9-FaceId-0_align.webp,0.029992,1.0,0.043171385789642
database3/database3/m.012kdb/7-FaceId-0_align.webp,0.154185,0.0,0.0527332663495305
database3/database3/m.012kk4/31-FaceId-1_align.webp,0.026924,1.0,0.0621995246648638
database3/database3/m.012l22/20-FaceId-0_align.webp,0.182682,1.0,0.1244801988149092
database3/database3/m.012l22/56-FaceId-0_align.webp,0.079127,1.0,0.1007395459718536
database3/database3/m.012lyg/82-FaceId-0_align.webp,0.015571,1.0,0.0415715188185198
database3/database3/m.012m1c/109-FaceId-0_align.webp,0.052592,0.0,0.0488362324665989
database3/database3/m.012m1c/113-FaceId-0_align.webp,0.018979,0.0,0.0506069926640772
database3/database3/m.012m1c/56-FaceId-0_align.webp,0.076711,0.0,0.0368936542446325
database3/database3/m.012m7r/99-FaceId-0_align.webp,0.002972,1.0,0.0980052415270363
database3/database3/m.012mh_/3-FaceId-0_align.webp,0.065168,1.0,0.046941660100909
database3/database3/m.012mh_/6-FaceId-0_align.webp,0.002681,1.0,0.040320939874787
database3/database3/m.012mk7/90-FaceId-0_align.webp,0.032433,1.0,0.0409277727630204
database3/database3/m.012ml0/96-FaceId-0_align.webp,0.031451,1.0,0.0458951287544726
database3/database3/m.012mmb/47-FaceId-0_align.webp,0.146313,0.0,0.074459594602535
database3/database3/m.012mn4/43-FaceId-0_align.webp,0.005783,1.0,0.0534106379977394
database3/database3/m.012nry/108-FaceId-0_align.webp,0.006878,1.0,0.0341890909962305
database3/database3/m.012nry/28-FaceId-0_align.webp,0.006764,1.0,0.0724650775158787
database3/database3/m.012nry/3-FaceId-0_align.webp,0.008173,1.0,0.0514516802011045
database3/database3/m.012nry/57-FaceId-0_align.webp,0.00436,1.0,0.0559075886542978
database3/database3/m.012pjh/2-FaceId-0_align.webp,0.0,1.0,0.0523293458818667
database3/database3/m.012q4n/50-FaceId-0_align.webp,0.004622,1.0,0.1286881297063569
database3/database3/m.012qfw/20-FaceId-1_align.webp,0.162552,0.0,0.0403070762069059
database3/database3/m.012qfw/41-FaceId-0_align.webp,0.211858,0.0,0.0414698453366716
database3/database3/m.012qgc/82-FaceId-0_align.webp,0.002042,1.0,0.0561638218924481
database3/database3/m.012rng/35-FaceId-0_align.webp,0.036379,1.0,0.0791304039548947
database3/database3/m.012rng/47-FaceId-0_align.webp,0.022161,1.0,0.1965932878712833
database3/database3/m.012rng/48-FaceId-0_align.webp,0.01786,1.0,0.0494939475233779
database3/database3/m.012rth/93-FaceId-0_align.webp,0.046323,1.0,0.1606299306490217
database3/database3/m.012s1x/11-FaceId-0_align.webp,0.049377,1.0,0.0530108858394834
database3/database3/m.012s5j/122-FaceId-0_align.webp,0.205872,0.0,0.0710948901499056
database3/database3/m.012s9f/0-FaceId-0_align.webp,0.000412,1.0,0.0392667004654906
database3/database3/m.012st7/14-FaceId-0_align.webp,0.003821,1.0,0.0832917086357681
database3/database3/m.012t1d/17-FaceId-0_align.webp,0.167599,1.0,0.0469041234836404
database3/database3/m.012t1d/37-FaceId-0_align.webp,0.016467,1.0,0.0503964280188392
database3/database3/m.012t1d/80-FaceId-0_align.webp,0.014504,1.0,0.0723626044701118
database3/database3/m.012t3l/22-FaceId-0_align.webp,0.012766,1.0,0.0
database3/database3/m.012t7s/3-FaceId-0_align.webp,0.014581,1.0,0.0427550815245204
database3/database3/m.012tmz/123-FaceId-0_align.webp,0.001629,1.0,0.0404189051102607
database3/database3/m.012v1t/29-FaceId-0_align.webp,0.118114,0.0,0.049474077332223
database3/database3/m.012v1t/67-FaceId-0_align.webp,0.072956,0.0,0.0476197638094723
database3/database3/m.012v1t/93-FaceId-0_align.webp,0.033657,0.0,0.0502419542306638
database3/database3/m.012vby/3-FaceId-0_align.webp,0.002151,1.0,0.0722562033400644
database3/database3/m.012vby/36-FaceId-0_align.webp,0.0,1.0,0.1050781306418412
database3/database3/m.012vd6/49-FaceId-0_align.webp,0.124288,0.0,0.063149978380945
database3/database3/m.012vd6/5-FaceId-0_align.webp,0.104381,0.0,0.0499732045073837
database3/database3/m.012vd6/75-FaceId-1_align.webp,0.054381,0.0,0.0698611932759005
database3/database3/m.012vf6/90-FaceId-0_align.webp,0.069167,0.0,0.0610103355689327
database3/database3/m.012vhn/10-FaceId-0_align.webp,0.009813,1.0,0.0416756364497398
database3/database3/m.012vhn/4-FaceId-0_align.webp,0.005793,1.0,0.0222097570493328
database3/database3/m.012vq0/30-FaceId-0_align.webp,0.028246,1.0,0.0481801794241946
database3/database3/m.012vq0/67-FaceId-0_align.webp,0.017872,1.0,0.0538444952559654
database3/database3/m.012vqh/80-FaceId-0_align.webp,0.078239,0.0,0.077293629960251
database3/database3/m.012w05/52-FaceId-0_align.webp,0.000408,1.0,0.0541890046751727
database3/database3/m.012w3k/19-FaceId-0_align.webp,0.109411,1.0,0.0781747414647349
database3/database3/m.012w3k/33-FaceId-0_align.webp,0.07009,1.0,0.0526939395104064
database3/database3/m.012w3k/4-FaceId-0_align.webp,0.071086,1.0,0.0600819855509053
database3/database3/m.012wfh/73-FaceId-0_align.webp,0.055456,0.0,0.0948857026562925
database3/database3/m.012wfh/77-FaceId-0_align.webp,0.055,0.0,0.0518411773834622
database3/database3/m.012wgv/56-FaceId-0_align.webp,0.072911,1.0,0.0578793390156609
database3/database3/m.012x2b/18-FaceId-0_align.webp,0.0,1.0,0.0588281778816196
database3/database3/m.012x2b/46-FaceId-0_align.webp,0.039092,1.0,0.0536168299844497
database3/database3/m.012x2b/54-FaceId-0_align.webp,0.049838,1.0,0.0461607113780528
database3/database3/m.012x2b/72-FaceId-0_align.webp,0.008788,1.0,0.0453984131610641
database3/database3/m.012x5/81-FaceId-0_align.webp,0.058123,0.0,0.0583518728610154
database3/database3/m.012xdy/81-FaceId-0_align.webp,0.012382,1.0,0.0629387475872719
database3/database3/m.012xls/57-FaceId-0_align.webp,0.114584,1.0,0.2157207032531972
database3/database3/m.012xls/70-FaceId-0_align.webp,0.126797,1.0,0.037651770825268
database3/database3/m.012xls/74-FaceId-0_align.webp,0.018384,1.0,0.1610667009653424
database3/database3/m.012y1h/86-FaceId-0_align.webp,0.123838,1.0,0.0678106845504963
database3/database3/m.012ycy/16-FaceId-0_align.webp,0.002336,1.0,0.0629348798174849
database3/database3/m.012ycy/21-FaceId-0_align.webp,0.164069,1.0,0.0555746365163631
database3/database3/m.012ycy/73-FaceId-0_align.webp,0.017165,1.0,0.0593188690079041
database3/database3/m.012ycy/99-FaceId-0_align.webp,0.136797,1.0,0.023854358393506
database3/database3/m.012yg1/19-FaceId-0_align.webp,0.003406,1.0,0.0964171295254661
database3/database3/m.012yg1/21-FaceId-0_align.webp,0.007301,1.0,0.068086916623517
database3/database3/m.012yg1/66-FaceId-0_align.webp,0.007466,1.0,0.0775481514434902
database3/database3/m.012yhd/22-FaceId-0_align.webp,0.043044,1.0,0.0622085476430018
database3/database3/m.012yhd/41-FaceId-0_align.webp,0.014599,1.0,0.061912802218003
database3/database3/m.012yhd/87-FaceId-0_align.webp,0.016417,1.0,0.0668265803303599
database3/database3/m.012ysy/40-FaceId-0_align.webp,0.005784,1.0,0.0539468293134982
database3/database3/m.012yxk/51-FaceId-0_align.webp,0.111796,1.0,0.0729388558381957
database3/database3/m.012z8_/39-FaceId-0_align.webp,0.076699,1.0,0.04008589695999
database3/database3/m.012zrl/119-FaceId-0_align.webp,0.19435,0.0,0.0401346052108756
database3/database3/m.012zrl/22-FaceId-0_align.webp,0.184216,0.0,0.0566647139913695
database3/database3/m.012zrl/34-FaceId-0_align.webp,0.221002,0.0,0.0816936750145091
database3/database3/m.01300z/111-FaceId-0_align.webp,0.011168,1.0,0.0484737999971068
database3/database3/m.01300z/46-FaceId-0_align.webp,0.004916,1.0,0.0514287035962801
database3/database3/m.01306d/26-FaceId-0_align.webp,0.043181,1.0,0.0643249289050253
database3/database3/m.0130py/108-FaceId-0_align.webp,0.041408,1.0,0.0958729629413336
database3/database3/m.0130py/9-FaceId-0_align.webp,0.045214,1.0,0.0439067603598472
database3/database3/m.0130sy/65-FaceId-0_align.webp,0.067207,1.0,0.0306419093168284
database3/database3/m.013107/34-FaceId-0_align.webp,0.131929,0.0,0.0538851870599223
database3/database3/m.0131kb/28-FaceId-0_align.webp,0.0,1.0,0.0261222625598409
database3/database3/m.0131kb/47-FaceId-0_align.webp,0.0,1.0,0.044596996491246
database3/database3/m.0131kb/76-FaceId-0_align.webp,0.081559,1.0,0.1007297808262382
database3/database3/m.013267/23-FaceId-0_align.webp,0.049038,1.0,0.0562322648321219
database3/database3/m.0132k4/103-FaceId-0_align.webp,0.076004,1.0,0.0724799754666866
database3/database3/m.0132k4/97-FaceId-0_align.webp,0.101202,1.0,0.0640968875475215
database3/database3/m.0132kn/100-FaceId-0_align.webp,0.045478,1.0,0.057082373874231
database3/database3/m.0132q1/29-FaceId-0_align.webp,0.017581,0.0,0.05252318425441
database3/database3/m.013339/106-FaceId-0_align.webp,0.058305,1.0,0.0468275767015419
database3/database3/m.013339/23-FaceId-0_align.webp,0.255508,1.0,0.0653679751404429
database3/database3/m.013339/80-FaceId-0_align.webp,0.066481,1.0,0.07252969597
database3/database3/m.01338h/81-FaceId-0_align.webp,0.088482,0.0,0.0429411462547513
database3/database3/m.0133c4/15-FaceId-0_align.webp,0.207364,1.0,0.0520140423128117
database3/database3/m.0133x7/100-FaceId-0_align.webp,0.144974,0.0,0.0535130248932545
database3/database3/m.0133yt/45-FaceId-0_align.webp,0.102482,1.0,0.0794325549947026
database3/database3/m.01341q/51-FaceId-0_align.webp,0.043853,1.0,0.0971318964752472
database3/database3/m.013423/105-FaceId-0_align.webp,0.016474,0.0,0.1005336263517513
database3/database3/m.013423/43-FaceId-0_align.webp,0.10846,0.0,0.0506618977374256
database3/database3/m.0134cp/27-FaceId-0_align.webp,0.030912,1.0,0.0612966325899395
database3/database3/m.0134cp/34-FaceId-1_align.webp,0.031754,1.0,0.0607428660715006
database3/database3/m.0134cp/53-FaceId-0_align.webp,0.019724,1.0,0.0527910720433939
database3/database3/m.0134dc/38-FaceId-0_align.webp,0.000768,1.0,0.0591262659096348
database3/database3/m.0134dc/73-FaceId-0_align.webp,0.003398,1.0,0.1008780026924822
database3/database3/m.0134fr/66-FaceId-0_align.webp,0.01299,1.0,0.0559367878297493
database3/database3/m.0134fr/82-FaceId-0_align.webp,0.004786,1.0,0.0654042596754311
database3/database3/m.0134wr/11-FaceId-2_align.webp,0.000566,1.0,0.0514336039720231
database3/database3/m.0134wr/30-FaceId-2_align.webp,0.080915,1.0,0.0509363868258651
database3/database3/m.0134wr/52-FaceId-2_align.webp,0.028557,1.0,0.0361044352195761
database3/database3/m.0134wr/65-FaceId-1_align.webp,0.001253,1.0,0.045422841233666
database3/database3/m.0134wr/69-FaceId-2_align.webp,0.064238,1.0,0.0520088137788123
database3/database3/m.0134wr/89-FaceId-1_align.webp,0.188914,1.0,0.0428617358018431
database3/database3/m.0135nb/89-FaceId-0_align.webp,0.051256,1.0,0.054474312705216
database3/database3/m.01368v/100-FaceId-0_align.webp,0.078994,0.0,0.0469250213529802
database3/database3/m.01368v/58-FaceId-0_align.webp,0.186435,0.0,0.0478206416675718
database3/database3/m.01368v/59-FaceId-1_align.webp,0.101878,0.0,0.0421891616836865
database3/database3/m.0136ms/38-FaceId-0_align.webp,0.015722,1.0,0.0432103196215459
database3/database3/m.0136p1/103-FaceId-0_align.webp,0.341015,0.0,0.0770394823606676
database3/database3/m.0136p1/13-FaceId-0_align.webp,0.259257,0.0,0.0626517656193305
database3/database3/m.0136p1/66-FaceId-0_align.webp,0.075301,0.0,0.0527393873107314
database3/database3/m.0136pk/68-FaceId-0_align.webp,0.195786,1.0,0.072582374780644
database3/database3/m.0136pk/87-FaceId-0_align.webp,0.172482,1.0,0.0634287966571643
database3/database3/m.0136tm/24-FaceId-0_align.webp,0.011359,1.0,0.0523560029106201
database3/database3/m.0137s4/92-FaceId-0_align.webp,0.014219,1.0,0.183188971579662
database3/database3/m.01380_/30-FaceId-0_align.webp,0.062935,1.0,0.0849149697496129
database3/database3/m.01380_/84-FaceId-0_align.webp,0.019541,1.0,0.0572279166206041
database3/database3/m.013823/15-FaceId-0_align.webp,0.004502,1.0,0.0355795150252575
database3/database3/m.013823/5-FaceId-0_align.webp,0.029677,1.0,0.0374522496447366
database3/database3/m.013846/35-FaceId-0_align.webp,0.005272,1.0,0.0557200189600287
database3/database3/m.013846/71-FaceId-0_align.webp,0.036782,1.0,0.0514758972948231
database3/database3/m.01386_/97-FaceId-0_align.webp,0.01382,1.0,0.0419505291920298
database3/database3/m.01386m/93-FaceId-0_align.webp,0.049853,1.0,0.0545205327017686
database3/database3/m.01387g/36-FaceId-0_align.webp,0.020561,1.0,0.0432590280090441
database3/database3/m.01387g/90-FaceId-0_align.webp,0.00159,1.0,0.0354106326164738
database3/database3/m.01387y/2-FaceId-0_align.webp,0.062856,1.0,0.0609669846755434
database3/database3/m.01387y/32-FaceId-0_align.webp,0.048091,1.0,0.0615605159300332
database3/database3/m.01387y/46-FaceId-0_align.webp,0.0006,1.0,0.0419836568360164
database3/database3/m.01388c/29-FaceId-0_align.webp,0.136546,1.0,0.0569373383995102
database3/database3/m.01388c/82-FaceId-0_align.webp,0.007483,1.0,0.059037163590525
database3/database3/m.01388c/92-FaceId-0_align.webp,0.007604,1.0,0.0498615144752041
database3/database3/m.01389w/75-FaceId-1_align.webp,0.011085,1.0,0.0393207993284052
database3/database3/m.01389w/76-FaceId-0_align.webp,0.018887,1.0,0.0485764482458631
database3/database3/m.0138b7/49-FaceId-0_align.webp,0.173256,1.0,0.0432369400542537
database3/database3/m.0138b7/63-FaceId-0_align.webp,0.091583,1.0,0.0854274083339142
database3/database3/m.0138m1/11-FaceId-0_align.webp,0.033355,1.0,0.0631539375999721
database3/database3/m.0138m1/60-FaceId-0_align.webp,0.027664,1.0,0.0435116916648357
database3/database3/m.0139rh/103-FaceId-0_align.webp,0.008771,1.0,0.0443026322865852
database3/database3/m.0139rh/5-FaceId-0_align.webp,0.009412,1.0,0.0378944648355972
database3/database3/m.013_4m/89-FaceId-0_align.webp,0.106225,1.0,0.040617741913598
database3/database3/m.013_gz/96-FaceId-0_align.webp,0.14677,0.0,0.0564395068825516
database3/database3/m.013_tp/47-FaceId-0_align.webp,0.000171,1.0,0.0638979291383489
database3/database3/m.013b7z/45-FaceId-0_align.webp,0.025843,1.0,0.0553582399965413
database3/database3/m.013bym/61-FaceId-0_align.webp,0.110889,0.0,0.0538703112235849
database3/database3/m.013bym/65-FaceId-0_align.webp,0.249006,0.0,0.0431910481627027
database3/database3/m.013bym/66-FaceId-0_align.webp,0.288548,0.0,0.0623518049962389
database3/database3/m.013bym/71-FaceId-0_align.webp,0.115164,0.0,0.0520774468192302
database3/database3/m.013m5y/73-FaceId-0_align.webp,0.0,1.0,0.0736586964971173
database3/database3/m.013p_0/60-FaceId-0_align.webp,0.015459,1.0,0.1309913664781185
database3/database3/m.013p_j/3-FaceId-0_align.webp,0.046784,1.0,0.0516234378160505
database3/database3/m.013p_j/43-FaceId-0_align.webp,0.026287,1.0,0.0501751331246326
database3/database3/m.013p_w/1-FaceId-0_align.webp,0.045903,0.0,0.0538180489362054
database3/database3/m.013p_w/90-FaceId-1_align.webp,0.028906,0.0,0.0486093543119129
database3/database3/m.013pp3/83-FaceId-0_align.webp,0.052247,1.0,0.0729262175114818
database3/database3/m.013ppl/76-FaceId-0_align.webp,0.018885,1.0,0.0419955481158466
database3/database3/m.013q78/86-FaceId-0_align.webp,0.03,1.0,0.0535448373674838
database3/database3/m.013q8x/26-FaceId-0_align.webp,0.110943,1.0,0.0837594136668148
database3/database3/m.013q8x/42-FaceId-0_align.webp,0.056383,1.0,0.0494422666037015
database3/database3/m.013q8x/99-FaceId-0_align.webp,0.005069,1.0,0.0516046109119494
database3/database3/m.013qb0/82-FaceId-0_align.webp,0.080376,1.0,0.055955070412071
database3/database3/m.013qb0/94-FaceId-0_align.webp,0.14541,1.0,0.0521716714054417
database3/database3/m.013qjp/42-FaceId-0_align.webp,0.027503,1.0,0.0506366856641855
database3/database3/m.013qjp/83-FaceId-0_align.webp,0.014,1.0,0.0532422353786821
database3/database3/m.013qpt/31-FaceId-0_align.webp,0.020067,1.0,0.0482449983682368
database3/database3/m.013qq4/70-FaceId-0_align.webp,0.020855,1.0,0.0455466786578366
database3/database3/m.013qwl/61-FaceId-0_align.webp,0.006336,1.0,0.0477690849507288
database3/database3/m.013qwy/18-FaceId-0_align.webp,0.050242,1.0,0.0522582023564388
database3/database3/m.013qy3/30-FaceId-0_align.webp,0.004735,1.0,0.0876823837319176
database3/database3/m.013qy3/92-FaceId-0_align.webp,0.026678,1.0,0.0453582609647408
database3/database3/m.013qyh/56-FaceId-1_align.webp,0.057576,1.0,0.151322027607301
database3/database3/m.013r6h/27-FaceId-0_align.webp,0.054123,1.0,0.0346902820045024
database3/database3/m.013r6h/46-FaceId-0_align.webp,0.123792,1.0,0.1534610856804159
database3/database3/m.013s1b/47-FaceId-0_align.webp,0.148289,1.0,0.0829482395528536
database3/database3/m.013s1t/21-FaceId-0_align.webp,0.005317,1.0,0.0506283662685606
database3/database3/m.013s3/75-FaceId-0_align.webp,0.061568,1.0,0.0806118339722319
database3/database3/m.013s6x/6-FaceId-0_align.webp,0.031839,1.0,0.0512859668229502
database3/database3/m.013s8s/33-FaceId-0_align.webp,0.074629,0.0,0.047835998417575
database3/database3/m.013sjh/7-FaceId-0_align.webp,0.189385,1.0,0.0753141799553526
database3/database3/m.013t9y/12-FaceId-0_align.webp,0.013435,1.0,0.0808571151997108
database3/database3/m.013tjc/54-FaceId-0_align.webp,0.0,1.0,0.0712101840629989
database3/database3/m.013tjc/56-FaceId-0_align.webp,0.015964,1.0,0.0500342142996332
database3/database3/m.013v12/3-FaceId-0_align.webp,0.018587,1.0,0.0487873862917659
database3/database3/m.013v12/7-FaceId-0_align.webp,0.019979,1.0,0.0482702920064792
database3/database3/m.013v5j/57-FaceId-0_align.webp,0.119854,0.0,0.0475159819516541
database3/database3/m.013vdl/109-FaceId-0_align.webp,0.167747,0.0,0.0385440226927918
database3/database3/m.013vdl/32-FaceId-0_align.webp,0.021263,0.0,0.0462465809030102
database3/database3/m.013vtr/20-FaceId-0_align.webp,0.015954,1.0,0.053174948702476
database3/database3/m.013w7j/20-FaceId-0_align.webp,0.009375,1.0,0.0858665832399802
database3/database3/m.013w7j/32-FaceId-0_align.webp,0.001151,1.0,0.0574067630208248
database3/database3/m.013w7j/64-FaceId-0_align.webp,0.008592,1.0,0.0956862827438611
database3/database3/m.013w8h/4-FaceId-0_align.webp,0.094597,1.0,0.0470479088060437
database3/database3/m.013wt0/40-FaceId-1_align.webp,0.123008,0.0,0.056039204989765
database3/database3/m.013wz9/26-FaceId-0_align.webp,0.18678,0.0,0.0561700062250027
database3/database3/m.013wz9/73-FaceId-0_align.webp,0.219059,0.0,0.0588962043270643
database3/database3/m.013xhr/100-FaceId-0_align.webp,0.00219,1.0,0.0564518518892858
database3/database3/m.013xhr/23-FaceId-0_align.webp,0.015916,1.0,0.0555636184325652
database3/database3/m.013xhr/24-FaceId-0_align.webp,0.064866,1.0,0.050765480229143
database3/database3/m.013xhr/33-FaceId-0_align.webp,0.013765,1.0,0.1032928795865573
database3/database3/m.013xhr/42-FaceId-0_align.webp,0.02596,1.0,0.0750368914969347
database3/database3/m.013xs1/10-FaceId-0_align.webp,0.059547,1.0,0.0369370663958833
database3/database3/m.013y2b/23-FaceId-0_align.webp,0.154363,0.0,0.0509804883369261
database3/database3/m.013y2b/32-FaceId-0_align.webp,0.092369,0.0,0.0476117070694949
database3/database3/m.013y2b/66-FaceId-0_align.webp,0.108782,0.0,0.0500617592042594
database3/database3/m.013y2s/40-FaceId-0_align.webp,0.026989,0.0,0.046297654010622
database3/database3/m.013y2s/73-FaceId-0_align.webp,0.075667,0.0,0.042943718449271
database3/database3/m.013yd0/51-FaceId-0_align.webp,0.167678,0.0,0.0530036820510776
database3/database3/m.013yd0/92-FaceId-0_align.webp,0.096098,0.0,0.0451907529273905
database3/database3/m.013ykk/37-FaceId-0_align.webp,0.042458,0.0,0.0578687076925751
database3/database3/m.013ykx/9-FaceId-0_align.webp,0.117351,0.0,0.0515101910191524
database3/database3/m.013ylm/42-FaceId-0_align.webp,0.120671,0.0,0.0569324598996775
database3/database3/m.013ylm/97-FaceId-0_align.webp,0.133134,0.0,0.0597863287772248
database3/database3/m.013yvd/37-FaceId-0_align.webp,0.027946,1.0,0.0422675707958828
database3/database3/m.013yvd/75-FaceId-0_align.webp,0.027604,1.0,0.045896847495443
database3/database3/m.013yyq/27-FaceId-0_align.webp,0.014857,1.0,0.0611621581741103
database3/database3/m.013yyq/44-FaceId-0_align.webp,0.06122,1.0,0.4477170913163473
database3/database3/m.013yyq/48-FaceId-0_align.webp,0.11735,1.0,0.0674756036091445
database3/database3/m.013zjz/16-FaceId-0_align.webp,0.071353,1.0,0.0655058622438258
database3/database3/m.013zm7/89-FaceId-0_align.webp,0.144683,1.0,0.0535249811501798
database3/database3/m.013zpf/72-FaceId-0_align.webp,0.0,0.0,0.1000612126707736
database3/database3/m.013zpf/88-FaceId-0_align.webp,0.169008,0.0,0.0532483124083571
database3/database3/m.013zr7/15-FaceId-0_align.webp,0.062795,1.0,0.0443377440324697
database3/database3/m.013zs9/83-FaceId-0_align.webp,0.33489,0.0,0.0699933848302133
database3/database3/m.013zyw/16-FaceId-0_align.webp,0.043076,1.0,0.0413093821033695
database3/database3/m.013zyw/19-FaceId-0_align.webp,0.020445,1.0,0.036738707053121
database3/database3/m.013zyw/21-FaceId-0_align.webp,0.01715,1.0,0.0388484412932296
database3/database3/m.01400g/101-FaceId-0_align.webp,0.057026,0.0,0.0728075172327004
database3/database3/m.01400g/117-FaceId-0_align.webp,0.219786,0.0,0.0782824678540796
database3/database3/m.01400g/31-FaceId-0_align.webp,0.04717,0.0,0.0519945830805957
database3/database3/m.01400g/47-FaceId-0_align.webp,0.103943,0.0,0.0526657968519171
database3/database3/m.014029/72-FaceId-0_align.webp,0.164078,0.0,0.0434658867855849
database3/database3/m.0140ly/8-FaceId-0_align.webp,0.018837,1.0,0.0434464526824849
database3/database3/m.0140v2/84-FaceId-0_align.webp,0.185102,1.0,0.1146433465645217
database3/database3/m.0141qv/12-FaceId-0_align.webp,0.026897,1.0,0.0499770236993894
database3/database3/m.0142n8/3-FaceId-0_align.webp,0.193323,1.0,0.0344665527645857
database3/database3/m.0142n8/5-FaceId-0_align.webp,0.020679,1.0,0.0548072084665787
database3/database3/m.0142sv/3-FaceId-0_align.webp,0.0,1.0,0.0294818932516987
database3/database3/m.0142sv/32-FaceId-0_align.webp,0.0,1.0,0.0315272059240099
database3/database3/m.01433m/64-FaceId-0_align.webp,0.03742,0.0,0.0804017164989682
database3/database3/m.0143sn/66-FaceId-0_align.webp,0.02374,1.0,0.053608199322606
database3/database3/m.0143wl/30-FaceId-0_align.webp,0.034923,1.0,0.0578077751832709
database3/database3/m.0143wl/81-FaceId-0_align.webp,0.051966,1.0,0.0622946822562085
database3/database3/m.014488/3-FaceId-0_align.webp,0.020128,1.0,0.0433486860851289
database3/database3/m.01449w/57-FaceId-0_align.webp,0.017199,1.0,0.0964607239117339
database3/database3/m.01449w/80-FaceId-0_align.webp,0.016942,1.0,0.0694219077726601
database3/database3/m.01449w/99-FaceId-0_align.webp,0.011762,1.0,0.077780637388476
database3/database3/m.0144_b/77-FaceId-0_align.webp,0.037923,1.0,0.0382722373282004
database3/database3/m.0144_b/99-FaceId-0_align.webp,0.002226,1.0,0.04010075413715
database3/database3/m.0144k5/45-FaceId-0_align.webp,0.060457,0.0,0.0504830624692356
database3/database3/m.0144k5/53-FaceId-0_align.webp,0.099321,0.0,0.0601117660242504
database3/database3/m.0144k5/58-FaceId-0_align.webp,0.088277,0.0,0.050498564890012
database3/database3/m.0144k5/85-FaceId-0_align.webp,0.078258,0.0,0.0571965884727005
database3/database3/m.014508/74-FaceId-0_align.webp,0.033711,1.0,0.0525305731637399
database3/database3/m.0146fs/16-FaceId-0_align.webp,0.00871,1.0,0.0464525709950959
database3/database3/m.0147cn/44-FaceId-0_align.webp,0.171045,1.0,0.0553955786375579
database3/database3/m.0147cn/79-FaceId-0_align.webp,0.059428,1.0,0.0628408726767784
database3/database3/m.0147jt/99-FaceId-0_align.webp,0.019999,1.0,0.0555099329135357
database3/database3/m.0147qz/78-FaceId-0_align.webp,0.010623,1.0,0.0539478829778663
database3/database3/m.01480y/76-FaceId-0_align.webp,0.0,1.0,0.0330630592505475
database3/database3/m.0148_m/52-FaceId-0_align.webp,0.01178,1.0,0.0644182170688361
database3/database3/m.0148m9/58-FaceId-0_align.webp,0.040365,1.0,0.0415040074408164
database3/database3/m.0148qq/63-FaceId-1_align.webp,0.082134,1.0,0.0838335067997625
database3/database3/m.0148x0/17-FaceId-0_align.webp,0.195787,0.0,0.0613508603443947
database3/database3/m.014902/18-FaceId-0_align.webp,0.02167,1.0,0.057367343273476
database3/database3/m.01491d/96-FaceId-0_align.webp,0.018562,1.0,0.0415186147328533
database3/database3/m.014936/66-FaceId-0_align.webp,0.009581,0.0,0.0552255660500416
database3/database3/m.0149k5/29-FaceId-0_align.webp,0.022158,1.0,0.0514897105667862
database3/database3/m.0149k5/81-FaceId-0_align.webp,0.042078,1.0,0.0834185797674461
database3/database3/m.0149vp/23-FaceId-0_align.webp,0.153482,1.0,0.0132747933884297
database3/database3/m.0149vp/3-FaceId-0_align.webp,0.055794,1.0,0.0503060492549419
database3/database3/m.0149vp/63-FaceId-0_align.webp,0.126629,1.0,0.058907006593877
database3/database3/m.0149wl/102-FaceId-0_align.webp,0.022928,1.0,0.0737115130814794
database3/database3/m.0149wl/45-FaceId-0_align.webp,0.024169,1.0,0.0874544576815513
database3/database3/m.0149xx/94-FaceId-0_align.webp,0.042337,1.0,0.0682292392396489
database3/database3/m.014_1g/72-FaceId-0_align.webp,0.019311,0.0,0.0541133572749869
database3/database3/m.014_1g/8-FaceId-0_align.webp,0.209769,0.0,0.0647236289626202
database3/database3/m.014_4y/6-FaceId-0_align.webp,0.048047,1.0,0.0521638197530562
database3/database3/m.014_sl/106-FaceId-0_align.webp,0.23715,0.0,0.0662306359504878
database3/database3/m.014_sl/74-FaceId-0_align.webp,0.390836,0.0,0.0513348680742827
database3/database3/m.014bn_/16-FaceId-0_align.webp,0.037637,1.0,0.0455658184719544
database3/database3/m.014bn_/85-FaceId-1_align.webp,0.012813,1.0,0.0475339460940313
database3/database3/m.014bps/75-FaceId-0_align.webp,0.000105,1.0,0.0580579655289625
database3/database3/m.014byr/85-FaceId-0_align.webp,0.140079,1.0,0.0670505835003837
database3/database3/m.014bz_/33-FaceId-0_align.webp,0.044503,1.0,0.0561867974149424
database3/database3/m.014c0y/76-FaceId-0_align.webp,0.175143,1.0,0.055292986014873
database3/database3/m.014c40/62-FaceId-0_align.webp,0.041412,1.0,0.0791770104746973
database3/database3/m.014c40/70-FaceId-0_align.webp,0.059838,1.0,0.0499014873554599
database3/database3/m.014cq/6-FaceId-0_align.webp,0.092137,1.0,0.0474188719701835
database3/database3/m.014cq/86-FaceId-0_align.webp,0.009035,1.0,0.0571307207780714
database3/database3/m.014cw2/26-FaceId-0_align.webp,0.010138,1.0,0.0458827595264104
database3/database3/m.014cw2/50-FaceId-0_align.webp,0.006571,1.0,0.0466019134115369
database3/database3/m.014d0v/117-FaceId-0_align.webp,0.00171,1.0,0.0443354165796799
database3/database3/m.014d0v/5-FaceId-0_align.webp,0.0,1.0,0.0297074336491733
database3/database3/m.014d0v/76-FaceId-0_align.webp,0.001899,1.0,0.0438063101665869
database3/database3/m.014d15/7-FaceId-0_align.webp,0.067756,1.0,0.0586080809095153
database3/database3/m.014d3/12-FaceId-0_align.webp,0.002261,1.0,0.047607723346284
database3/database3/m.014d3/72-FaceId-0_align.webp,0.018566,1.0,0.0450933833265703
database3/database3/m.014d3y/82-FaceId-0_align.webp,0.033512,0.0,0.3196719042850417
database3/database3/m.014dg1/103-FaceId-0_align.webp,0.026524,1.0,0.0479305234682005
database3/database3/m.014dg1/51-FaceId-0_align.webp,0.001679,1.0,0.0575163310429032
database3/database3/m.014dg1/65-FaceId-0_align.webp,0.0,1.0,0.0309708772620688
database3/database3/m.014dg1/7-FaceId-0_align.webp,0.01106,1.0,0.0587325183825312
database3/database3/m.014dg1/86-FaceId-0_align.webp,0.019596,1.0,0.0531966332752738
database3/database3/m.014dm6/105-FaceId-0_align.webp,0.23153,1.0,0.0566252914796762
database3/database3/m.014dy_/50-FaceId-0_align.webp,0.069776,1.0,0.0310179789633233
database3/database3/m.014dy_/73-FaceId-0_align.webp,0.01239,1.0,0.0454644190496007
database3/database3/m.014f8k/25-FaceId-0_align.webp,0.24634,0.0,0.0509855199152491
database3/database3/m.014f8k/9-FaceId-0_align.webp,0.182534,0.0,0.0513608395291728
database3/database3/m.014fcb/0-FaceId-0_align.webp,0.028343,1.0,0.0522571863509882
database3/database3/m.014fd7/98-FaceId-0_align.webp,0.096652,1.0,0.0556176097438409
database3/database3/m.014g17/1-FaceId-0_align.webp,0.005705,1.0,0.0549433263029736
database3/database3/m.014g17/9-FaceId-0_align.webp,0.079641,1.0,0.0820131375579597
database3/database3/m.014g22/90-FaceId-0_align.webp,0.35161,0.0,0.0713799518522382
database3/database3/m.014g6c/86-FaceId-0_align.webp,0.02888,1.0,0.0550130850898979
database3/database3/m.014g6v/43-FaceId-0_align.webp,0.001902,1.0,0.0449789557904556
database3/database3/m.014g79/86-FaceId-0_align.webp,0.049609,1.0,0.0547835353838136
database3/database3/m.014g8p/48-FaceId-0_align.webp,0.000256,1.0,0.0698062655284688
database3/database3/m.014g9y/12-FaceId-0_align.webp,0.038159,0.0,0.0563864790716642
database3/database3/m.014g_f/26-FaceId-0_align.webp,0.000817,1.0,0.0237977050065198
database3/database3/m.014g_f/35-FaceId-0_align.webp,0.001771,1.0,0.0480872324269247
database3/database3/m.014gf8/102-FaceId-0_align.webp,0.00204,1.0,0.179810466284043
database3/database3/m.014gf8/28-FaceId-0_align.webp,0.018311,1.0,0.0397291902888629
database3/database3/m.014gf8/69-FaceId-0_align.webp,0.050273,1.0,0.0496988801615517
database3/database3/m.014gf8/9-FaceId-0_align.webp,0.034223,1.0,0.0481935769612885
database3/database3/m.014gsd/79-FaceId-0_align.webp,0.118598,1.0,0.0620612710769984
database3/database3/m.014h_s/80-FaceId-0_align.webp,0.173494,0.0,0.0586241839392573
database3/database3/m.014hlm/54-FaceId-0_align.webp,0.078394,0.0,0.0506603294962464
database3/database3/m.014hmv/53-FaceId-1_align.webp,0.0,1.0,0.0493470537400377
database3/database3/m.014j8m/72-FaceId-0_align.webp,0.0057,1.0,0.0562591203931675
database3/database3/m.014jb8/10-FaceId-0_align.webp,0.009911,1.0,0.0973020046728845
database3/database3/m.014jk0/16-FaceId-0_align.webp,0.026202,1.0,0.0867460874433693
database3/database3/m.014jk0/61-FaceId-0_align.webp,0.011335,1.0,0.2396166134185303
database3/database3/m.014jk0/74-FaceId-0_align.webp,0.003357,1.0,0.1215963133767867
database3/database3/m.014jxq/20-FaceId-0_align.webp,0.165895,0.0,0.0601151832952902
database3/database3/m.014jxq/43-FaceId-0_align.webp,0.136492,0.0,0.0401104037876261
database3/database3/m.014jy6/23-FaceId-0_align.webp,0.150311,1.0,0.1035491890059342
database3/database3/m.014jy6/50-FaceId-0_align.webp,0.042148,1.0,0.0497125729378167
database3/database3/m.014jy6/97-FaceId-0_align.webp,0.061362,1.0,0.0840486992096388
database3/database3/m.014k1v/95-FaceId-3_align.webp,0.133686,1.0,0.0738715761280319
database3/database3/m.014k2p/25-FaceId-0_align.webp,0.315824,1.0,0.0644739748423027
database3/database3/m.014kbz/16-FaceId-0_align.webp,0.028027,1.0,0.0510488088390844
database3/database3/m.014kbz/22-FaceId-0_align.webp,0.028933,1.0,0.0538496995362009
database3/database3/m.014kbz/81-FaceId-0_align.webp,0.006506,1.0,0.0549393931017462
database3/database3/m.014kxv/1-FaceId-0_align.webp,0.013313,1.0,0.0451459935135726
database3/database3/m.014kxv/11-FaceId-0_align.webp,0.053384,1.0,0.0369473531038336
database3/database3/m.014lb1/14-FaceId-2_align.webp,0.000111,0.0,0.0383313343805033
database3/database3/m.014lb1/47-FaceId-0_align.webp,0.167631,0.0,0.0511745347164513
database3/database3/m.014lb1/62-FaceId-1_align.webp,0.053145,0.0,0.0470266032554445
database3/database3/m.014lyb/65-FaceId-0_align.webp,0.056831,1.0,0.0487366737327628
database3/database3/m.014m_1/70-FaceId-0_align.webp,0.018552,1.0,0.0484288056071438
database3/database3/m.014mvy/17-FaceId-0_align.webp,0.196734,1.0,0.0821371937054691
database3/database3/m.014mvy/58-FaceId-0_align.webp,0.218895,1.0,0.0869838750473923
database3/database3/m.014n_k/48-FaceId-0_align.webp,0.006557,1.0,0.0524829443446594
database3/database3/m.014n_k/70-FaceId-0_align.webp,0.029858,1.0,0.0469293308534338
database3/database3/m.014nfw/87-FaceId-0_align.webp,0.123499,0.0,0.0512916167801522
database3/database3/m.014p33/83-FaceId-2_align.webp,0.084076,0.0,0.0449742156330664
database3/database3/m.014p33/87-FaceId-0_align.webp,0.07546,0.0,0.0501435544660254
database3/database3/m.014ptb/14-FaceId-1_align.webp,0.016295,1.0,0.0661033630373319
database3/database3/m.014ptb/5-FaceId-0_align.webp,0.001038,1.0,0.0843246643902506
database3/database3/m.014ptb/50-FaceId-0_align.webp,0.185526,1.0,0.0458096896757665
database3/database3/m.014pxk/118-FaceId-0_align.webp,0.227914,1.0,0.0767936279077117
database3/database3/m.014pys/19-FaceId-0_align.webp,0.047245,1.0,0.0875536370142689
database3/database3/m.014pzz/110-FaceId-0_align.webp,0.13041,0.0,0.0489266529438035
database3/database3/m.014qjt/47-FaceId-0_align.webp,0.002851,1.0,0.0542918332981614
database3/database3/m.014r6r/81-FaceId-0_align.webp,0.091441,0.0,0.0443003686032086
database3/database3/m.014s81/3-FaceId-0_align.webp,0.077926,1.0,0.0539172348602257
database3/database3/m.014sj7/7-FaceId-0_align.webp,0.074577,1.0,0.0650719512454508
database3/database3/m.014skb/4-FaceId-0_align.webp,0.096076,0.0,0.0519674320229806
database3/database3/m.014skb/53-FaceId-0_align.webp,0.075066,0.0,0.0486424211643511
database3/database3/m.014skb/55-FaceId-0_align.webp,0.080414,0.0,0.0532898585521271
database3/database3/m.014v1q/8-FaceId-1_align.webp,0.038359,1.0,0.0630926848771618
database3/database3/m.014v6x/16-FaceId-0_align.webp,0.159906,0.0,0.0495455938328592
database3/database3/m.014v6x/20-FaceId-0_align.webp,0.306955,0.0,0.0588921108202779
database3/database3/m.014v6x/88-FaceId-0_align.webp,0.075191,0.0,0.0427352035945964
database3/database3/m.014vbq/60-FaceId-0_align.webp,0.005701,1.0,0.1112736989438859
database3/database3/m.014vnb/46-FaceId-0_align.webp,0.027126,1.0,0.0473234348038455
database3/database3/m.014vnb/51-FaceId-0_align.webp,0.043084,1.0,0.0445611511561712
database3/database3/m.014vtj/100-FaceId-0_align.webp,0.000679,1.0,0.0507537334445943
database3/database3/m.014wsb/38-FaceId-0_align.webp,0.106862,1.0,0.0509504707097525
database3/database3/m.014x0w/28-FaceId-0_align.webp,0.353028,0.0,0.1384512480898016
database3/database3/m.014x0w/74-FaceId-0_align.webp,0.177523,0.0,0.0534412219662085
database3/database3/m.014x0w/96-FaceId-0_align.webp,0.217684,0.0,0.060284437818448
database3/database3/m.014xn7/100-FaceId-0_align.webp,0.007084,1.0,0.0362656463822948
database3/database3/m.014xn7/42-FaceId-0_align.webp,0.003105,1.0,0.0415129066924665
database3/database3/m.014xr2/5-FaceId-0_align.webp,0.387134,0.0,0.0907494931628844
database3/database3/m.014xr2/87-FaceId-0_align.webp,0.341771,0.0,0.0712651255934228
database3/database3/m.014xzx/93-FaceId-0_align.webp,0.351892,1.0,0.0724631392429488
database3/database3/m.014y6/74-FaceId-0_align.webp,0.012495,1.0,0.0504441686634053
database3/database3/m.014y6/95-FaceId-0_align.webp,0.006882,1.0,0.0572620531359922
database3/database3/m.014y7g/1-FaceId-0_align.webp,0.005692,1.0,0.0447140980357681
database3/database3/m.014z8v/77-FaceId-0_align.webp,0.004141,1.0,0.0468378429716824
database3/database3/m.014zfs/76-FaceId-0_align.webp,0.024924,1.0,0.0454232354434654
database3/database3/m.014zxh/99-FaceId-0_align.webp,0.008633,1.0,0.1101044282539083
database3/database3/m.014zy/105-FaceId-0_align.webp,0.175949,1.0,0.07501834889922
database3/database3/m.014zy/22-FaceId-0_align.webp,0.048224,1.0,0.064441308059135
database3/database3/m.014zy/56-FaceId-0_align.webp,0.135716,1.0,0.1113921846114671
database3/database3/m.015076/99-FaceId-0_align.webp,0.0064,1.0,0.0838004490690876
database3/database3/m.01507p/0-FaceId-0_align.webp,0.067522,1.0,0.0573694654394387
database3/database3/m.01509x/60-FaceId-0_align.webp,0.015557,1.0,0.0541410572090491
database3/database3/m.0150bp/103-FaceId-0_align.webp,0.041675,0.0,0.0431630350416736
database3/database3/m.0150j5/31-FaceId-0_align.webp,0.003889,1.0,0.0361774920340208
database3/database3/m.0150j5/4-FaceId-0_align.webp,0.006229,1.0,0.0433373397984067
database3/database3/m.0150j5/71-FaceId-0_align.webp,0.062123,1.0,0.0465198269378207
database3/database3/m.0150j5/81-FaceId-0_align.webp,0.001136,1.0,0.0275784927314153
database3/database3/m.0150j5/86-FaceId-0_align.webp,0.002669,1.0,0.040551689355643
database3/database3/m.0150m1/111-FaceId-0_align.webp,0.023781,1.0,0.0647232219340225
database3/database3/m.0150m1/13-FaceId-0_align.webp,0.071346,1.0,0.0544412760685283
database3/database3/m.0150mg/0-FaceId-0_align.webp,0.057671,1.0,0.1116203820902481
database3/database3/m.0150mg/69-FaceId-0_align.webp,0.220147,1.0,0.0634896871223255
database3/database3/m.0150mg/88-FaceId-0_align.webp,0.14546,1.0,0.0590065751749808
database3/database3/m.0150mg/97-FaceId-0_align.webp,0.078806,1.0,0.0585027986386351
database3/database3/m.0150rl/42-FaceId-0_align.webp,0.016396,0.0,0.0414011839114871
database3/database3/m.0150t6/36-FaceId-0_align.webp,0.017669,1.0,0.0446896257778446
database3/database3/m.0150t6/41-FaceId-0_align.webp,0.022058,1.0,0.0407501397356149
database3/database3/m.0150t6/63-FaceId-0_align.webp,0.015119,1.0,0.0513070903820988
database3/database3/m.01519n/21-FaceId-0_align.webp,0.389316,0.0,0.0872720304257673
database3/database3/m.01519n/69-FaceId-0_align.webp,0.017235,0.0,0.0573554130580233
database3/database3/m.0151fv/54-FaceId-0_align.webp,0.017876,0.0,0.0421438515916011
database3/database3/m.0151fv/90-FaceId-0_align.webp,0.296844,0.0,0.0632888559405055
database3/database3/m.0151fv/94-FaceId-0_align.webp,0.121468,0.0,0.0792190184944967
database3/database3/m.0151n1/16-FaceId-0_align.webp,0.044648,1.0,0.053583140051727
database3/database3/m.0151n1/26-FaceId-0_align.webp,0.101903,1.0,0.0614912521347242
database3/database3/m.0151n1/29-FaceId-0_align.webp,0.049938,1.0,0.0679658899677026
database3/database3/m.0151n1/36-FaceId-0_align.webp,0.038201,1.0,0.0605121250344413
database3/database3/m.0151n1/53-FaceId-0_align.webp,0.021607,1.0,0.0704464083779204
database3/database3/m.0151p8/29-FaceId-0_align.webp,0.003452,1.0,0.0359578703661474
database3/database3/m.0151xv/30-FaceId-0_align.webp,0.007121,1.0,0.0531644899932317
database3/database3/m.0151xv/44-FaceId-0_align.webp,0.021629,1.0,0.0533309244315145
database3/database3/m.0151xv/88-FaceId-0_align.webp,0.006779,1.0,0.0596878724593911
database3/database3/m.0151zx/92-FaceId-0_align.webp,0.043036,1.0,0.0711629386633173
database3/database3/m.0152cw/42-FaceId-0_align.webp,0.083199,0.0,0.0502085175095218
database3/database3/m.0152xn/72-FaceId-0_align.webp,0.043462,1.0,0.0643297477598109
database3/database3/m.015302/4-FaceId-0_align.webp,0.000416,1.0,0.0377241915039892
database3/database3/m.0153dp/1-FaceId-0_align.webp,0.039324,1.0,0.0543485523877338
database3/database3/m.0153dp/88-FaceId-0_align.webp,0.057869,1.0,0.0425147072122261
database3/database3/m.0153vt/1-FaceId-0_align.webp,0.335303,1.0,0.0549422297414527
database3/database3/m.0153vt/81-FaceId-0_align.webp,0.087285,1.0,0.0625958723527932
database3/database3/m.0153y1/16-FaceId-0_align.webp,0.166114,0.0,0.0552571863114175
database3/database3/m.01541z/117-FaceId-0_align.webp,0.111734,0.0,0.049847282902751
database3/database3/m.01547g/3-FaceId-0_align.webp,0.153164,0.0,0.0536051315040603
database3/database3/m.01547g/73-FaceId-0_align.webp,0.246081,0.0,0.0524689650576301
database3/database3/m.0154d7/52-FaceId-0_align.webp,0.115018,1.0,0.0616065371267342
database3/database3/m.0154ff/10-FaceId-0_align.webp,0.121913,0.0,0.0474844618959217
database3/database3/m.0154hr/101-FaceId-0_align.webp,0.090433,0.0,0.0601183038390546
database3/database3/m.0154hr/109-FaceId-0_align.webp,0.038439,0.0,0.0639206719485068
database3/database3/m.0154hr/18-FaceId-0_align.webp,0.07836,0.0,0.0705217497059959
database3/database3/m.0154hr/28-FaceId-0_align.webp,0.045785,0.0,0.0512024261960905
database3/database3/m.0154s9/24-FaceId-0_align.webp,0.052837,1.0,0.0443275396076082
database3/database3/m.0154x6/57-FaceId-0_align.webp,0.061779,0.0,0.0489829586976236
database3/database3/m.01552j/40-FaceId-0_align.webp,0.017747,1.0,0.0451524969311918
database3/database3/m.01558d/79-FaceId-0_align.webp,0.014812,1.0,0.0302199809875594
database3/database3/m.01558d/8-FaceId-0_align.webp,0.124089,1.0,0.0428530629218494
database3/database3/m.0155zp/26-FaceId-0_align.webp,0.000547,1.0,0.0447120591967403
database3/database3/m.0155zp/7-FaceId-0_align.webp,0.015991,1.0,0.0471577841776522
database3/database3/m.0155zp/79-FaceId-0_align.webp,0.02849,1.0,0.0698819017405914
database3/database3/m.0155zp/88-FaceId-0_align.webp,0.072148,1.0,0.0508548515088468
database3/database3/m.0156dg/11-FaceId-0_align.webp,0.153809,0.0,0.0680352442990936
database3/database3/m.0156dg/2-FaceId-0_align.webp,0.144571,0.0,0.0728281893193159
database3/database3/m.0156y1/31-FaceId-0_align.webp,0.047284,1.0,0.050346789313191
database3/database3/m.01574b/45-FaceId-0_align.webp,0.070647,0.0,0.0571298013766429
database3/database3/m.015796/86-FaceId-0_align.webp,0.081944,0.0,0.0541056776977711
database3/database3/m.0157m/20-FaceId-0_align.webp,0.028257,1.0,0.0377687770010778
database3/database3/m.0157m/24-FaceId-0_align.webp,0.028454,1.0,0.04434871740612
database3/database3/m.0157m/25-FaceId-0_align.webp,0.020124,1.0,0.0438484912304161
database3/database3/m.0157m/73-FaceId-0_align.webp,0.033963,1.0,0.0521582881170321
database3/database3/m.0157r6/22-FaceId-1_align.webp,0.0,1.0,0.0796238289194145
database3/database3/m.0157ry/29-FaceId-0_align.webp,0.027582,1.0,0.0531196901556663
database3/database3/m.015882/17-FaceId-0_align.webp,0.396178,0.0,0.0615341782621714
database3/database3/m.015882/20-FaceId-0_align.webp,0.380878,0.0,0.0701796646878302
database3/database3/m.015882/75-FaceId-0_align.webp,0.386665,0.0,0.0728591670069163
database3/database3/m.0158r2/73-FaceId-0_align.webp,0.173377,0.0,0.0528456094757635
database3/database3/m.01598m/79-FaceId-0_align.webp,0.475474,0.0,0.0690906274347324
database3/database3/m.0159wm/104-FaceId-0_align.webp,0.007308,1.0,0.0315390239203235
database3/database3/m.0159wm/9-FaceId-0_align.webp,0.002891,1.0,0.0259254936889613
database3/database3/m.015_44/31-FaceId-0_align.webp,0.062168,0.0,0.046608903969608
database3/database3/m.015_44/64-FaceId-0_align.webp,0.356589,0.0,0.0780204284601561
database3/database3/m.015_44/84-FaceId-0_align.webp,0.3229,0.0,0.0784218160596782
database3/database3/m.015b67/34-FaceId-0_align.webp,0.034996,1.0,0.0476516722993127
database3/database3/m.015bhj/103-FaceId-1_align.webp,0.041754,1.0,0.0
database3/database3/m.015bhj/70-FaceId-0_align.webp,0.00385,1.0,0.0459114335412444
database3/database3/m.015bnf/68-FaceId-0_align.webp,0.066968,0.0,0.0504805857146175
database3/database3/m.015brk/18-FaceId-0_align.webp,0.023166,1.0,0.0540661362736067
database3/database3/m.015bw2/110-FaceId-0_align.webp,0.01319,1.0,0.0508624189273045
database3/database3/m.015bw2/40-FaceId-0_align.webp,0.013047,1.0,0.059561395124245
database3/database3/m.015bw2/68-FaceId-0_align.webp,0.00956,1.0,0.0597428910808601
database3/database3/m.015c2f/3-FaceId-0_align.webp,0.072717,0.0,0.0480561841434128
database3/database3/m.015c2f/47-FaceId-0_align.webp,0.01548,0.0,0.056362719264105
database3/database3/m.015c2f/49-FaceId-0_align.webp,0.031524,0.0,0.0533672382481017
database3/database3/m.015c2f/8-FaceId-0_align.webp,0.126031,0.0,0.0554681729458577
database3/database3/m.015c4g/7-FaceId-0_align.webp,0.000573,1.0,0.046553769987005
database3/database3/m.015c4g/83-FaceId-0_align.webp,0.000391,1.0,0.0387661984990828
database3/database3/m.015cyn/17-FaceId-0_align.webp,0.046212,1.0,0.0485563846848935
database3/database3/m.015cyn/5-FaceId-0_align.webp,0.152464,1.0,0.0386953153418596
database3/database3/m.015czg/24-FaceId-0_align.webp,0.141052,1.0,0.0544778685033404
database3/database3/m.015d2r/66-FaceId-0_align.webp,0.064087,1.0,0.120719919859521
database3/database3/m.015d2r/86-FaceId-0_align.webp,0.029999,1.0,0.0514013751160299
database3/database3/m.015dcj/83-FaceId-0_align.webp,0.023385,1.0,0.0551682996040094
database3/database3/m.015dgg/80-FaceId-0_align.webp,0.001775,1.0,0.0597299229077208
database3/database3/m.015djp/24-FaceId-0_align.webp,0.0,1.0,0.0362444104870096
database3/database3/m.015djp/27-FaceId-0_align.webp,0.037685,1.0,0.0541874316358952
database3/database3/m.015dk3/22-FaceId-0_align.webp,0.027592,1.0,0.0392592156587799
database3/database3/m.015dnt/38-FaceId-0_align.webp,0.001692,1.0,0.0595268681693452
database3/database3/m.015dnt/42-FaceId-1_align.webp,0.102539,1.0,0.0278783631766744
database3/database3/m.015dqj/29-FaceId-0_align.webp,0.034796,1.0,0.0525648833086755
database3/database3/m.015dsz/54-FaceId-1_align.webp,0.002756,1.0,0.0401910126523434
database3/database3/m.015dx/106-FaceId-0_align.webp,0.065832,0.0,0.0510614083983648
database3/database3/m.015dx/112-FaceId-0_align.webp,0.282009,0.0,0.0574132017417339
database3/database3/m.015dx/117-FaceId-0_align.webp,0.154935,0.0,0.0437713215090611
database3/database3/m.015dx/16-FaceId-0_align.webp,0.065933,0.0,0.0573609503720417
database3/database3/m.015dx/75-FaceId-0_align.webp,0.127561,0.0,0.0622847947476302
database3/database3/m.015dz8/51-FaceId-0_align.webp,0.051527,1.0,0.0513703200966362
database3/database3/m.015f6_/9-FaceId-0_align.webp,0.050822,1.0,0.0542697615444541
database3/database3/m.015fxn/110-FaceId-1_align.webp,0.050721,0.0,0.0484524794139566
database3/database3/m.015fyd/19-FaceId-0_align.webp,0.055834,0.0,0.0518108567887564
database3/database3/m.015g36/86-FaceId-0_align.webp,0.010069,0.0,0.0481825265148209
database3/database3/m.015g98/4-FaceId-0_align.webp,0.031227,1.0,0.0605273644035489
database3/database3/m.015g_7/108-FaceId-0_align.webp,0.075445,1.0,0.0504512316099894
database3/database3/m.015ghl/29-FaceId-0_align.webp,0.035495,0.0,0.0481188156860726
database3/database3/m.015ghl/58-FaceId-0_align.webp,0.114793,0.0,0.0363151408455259
database3/database3/m.015ghl/7-FaceId-0_align.webp,0.022651,0.0,0.0415594529801208
database3/database3/m.015gjr/36-FaceId-0_align.webp,0.054888,1.0,0.0507211488074951
database3/database3/m.015gjr/40-FaceId-0_align.webp,0.045893,1.0,0.0395542341377842
database3/database3/m.015gjr/84-FaceId-0_align.webp,0.042274,1.0,0.10333053140355
database3/database3/m.015gqm/96-FaceId-1_align.webp,0.236979,1.0,0.0670362178543584
database3/database3/m.015grj/83-FaceId-0_align.webp,0.0,1.0,0.0380953695798309
database3/database3/m.015grj/95-FaceId-0_align.webp,0.006074,1.0,0.0350205466868306
database3/database3/m.015grj/98-FaceId-0_align.webp,0.00126,1.0,0.0277482854549881
database3/database3/m.015gsv/100-FaceId-0_align.webp,0.087077,1.0,0.0606573751632361
database3/database3/m.015gsv/72-FaceId-0_align.webp,0.017745,1.0,0.0500373201296248
database3/database3/m.015gx1/70-FaceId-0_align.webp,0.056653,1.0,0.0508641245035763
database3/database3/m.015gy7/28-FaceId-0_align.webp,0.011386,1.0,0.0568378951604124
database3/database3/m.015gzc/94-FaceId-0_align.webp,0.077714,1.0,0.0505385250047542
database3/database3/m.015h25/3-FaceId-0_align.webp,0.001481,1.0,0.0353730102171041
database3/database3/m.015h7y/30-FaceId-0_align.webp,0.014431,1.0,0.0551947438979743
database3/database3/m.015htz/46-FaceId-0_align.webp,0.135648,0.0,0.0504445938618242
database3/database3/m.015j58/58-FaceId-0_align.webp,0.016994,1.0,0.0503593479712489
database3/database3/m.015j6h/20-FaceId-0_align.webp,0.005265,1.0,0.054646307546265
database3/database3/m.015j6h/37-FaceId-0_align.webp,0.094841,1.0,0.0670851961155125
database3/database3/m.015j6y/47-FaceId-0_align.webp,0.10488,0.0,0.0666880191813924
database3/database3/m.015j6y/5-FaceId-0_align.webp,0.085053,0.0,0.0479596782411658
database3/database3/m.015j6y/73-FaceId-1_align.webp,0.12413,0.0,0.0524296478719222
database3/database3/m.015j8x/17-FaceId-0_align.webp,0.049084,1.0,0.0574806217761486
database3/database3/m.015j8x/42-FaceId-0_align.webp,0.021866,1.0,0.0846259820237838
database3/database3/m.015jjw/46-FaceId-0_align.webp,0.068702,1.0,0.075690243798402
database3/database3/m.015jjw/69-FaceId-0_align.webp,0.113403,1.0,0.0810130136187615
database3/database3/m.015jvm/105-FaceId-0_align.webp,0.006549,1.0,0.0420926900490506
database3/database3/m.015jvm/32-FaceId-0_align.webp,0.01088,1.0,0.0397690383664032
database3/database3/m.015jvm/85-FaceId-0_align.webp,0.111985,1.0,0.0698496765405974
database3/database3/m.015k04/104-FaceId-0_align.webp,0.087765,0.0,0.0419100720086925
database3/database3/m.015k04/33-FaceId-0_align.webp,0.019732,0.0,0.054246699016943
database3/database3/m.015k04/68-FaceId-0_align.webp,0.032064,0.0,0.0519782503312299
database3/database3/m.015k9x/19-FaceId-0_align.webp,0.079615,0.0,0.0507089309210959
database3/database3/m.015k9x/84-FaceId-0_align.webp,0.154994,0.0,0.3133609955172801
database3/database3/m.015kbd/21-FaceId-0_align.webp,0.030994,1.0,0.0403064371059935
database3/database3/m.015kbd/80-FaceId-0_align.webp,0.061754,1.0,0.1388836575027434
database3/database3/m.015khm/4-FaceId-0_align.webp,0.027803,1.0,0.0301078945652139
database3/database3/m.015klf/75-FaceId-0_align.webp,0.0,1.0,0.0317236245927279
database3/database3/m.015ksl/24-FaceId-0_align.webp,0.23069,1.0,0.0505953784947379
database3/database3/m.015ksl/26-FaceId-1_align.webp,0.043132,1.0,0.1302505947708206
database3/database3/m.015ksl/31-FaceId-0_align.webp,0.096817,1.0,0.0515541113608427
database3/database3/m.015ksl/72-FaceId-0_align.webp,0.014945,1.0,0.0510464663875987
database3/database3/m.015ksy/70-FaceId-0_align.webp,0.064697,1.0,0.0469970128910601
database3/database3/m.015ksy/90-FaceId-0_align.webp,0.039383,1.0,0.0470577936008004
database3/database3/m.015kt_/7-FaceId-0_align.webp,0.084368,1.0,0.0424161631286438
database3/database3/m.015l1l/126-FaceId-0_align.webp,0.0,1.0,0.0269798071709572
database3/database3/m.015l51/58-FaceId-0_align.webp,0.077217,1.0,0.042512239294938
database3/database3/m.015lg2/3-FaceId-0_align.webp,0.081487,1.0,0.1055350822351316
database3/database3/m.015m2c/35-FaceId-0_align.webp,0.111821,0.0,0.0962416270956188
database3/database3/m.015m2c/62-FaceId-0_align.webp,0.107098,0.0,0.0887371655604152
database3/database3/m.015m2c/96-FaceId-0_align.webp,0.077293,0.0,0.0971014194277179
database3/database3/m.015m2v/50-FaceId-0_align.webp,0.014038,1.0,0.043957907781268
database3/database3/m.015m_9/103-FaceId-0_align.webp,0.203457,0.0,0.0712379227491856
database3/database3/m.015m_9/23-FaceId-0_align.webp,0.194385,0.0,0.0509763060950792
database3/database3/m.015mfy/124-FaceId-0_align.webp,0.011509,1.0,0.089816464976807
database3/database3/m.015mfy/44-FaceId-0_align.webp,0.015486,1.0,0.0959711185453544
database3/database3/m.015ncq/12-FaceId-0_align.webp,0.097302,0.0,0.0527730744453086
database3/database3/m.015ncq/15-FaceId-0_align.webp,0.108176,0.0,0.0528846036231085
database3/database3/m.015ncq/43-FaceId-0_align.webp,0.173231,0.0,0.0808941559600449
database3/database3/m.015nr6/10-FaceId-0_align.webp,0.135309,0.0,0.0444986791219142
database3/database3/m.015nxw/46-FaceId-0_align.webp,0.033616,1.0,0.0520229022886107
database3/database3/m.015nz8/33-FaceId-0_align.webp,0.258768,1.0,0.0512650968837326
database3/database3/m.015p0c/3-FaceId-0_align.webp,0.047687,1.0,0.0410568828386905
database3/database3/m.015p37/5-FaceId-0_align.webp,0.024022,0.0,0.1060774672457242
database3/database3/m.015p3p/83-FaceId-3_align.webp,0.095309,1.0,0.078694412059809
database3/database3/m.015p_p/4-FaceId-0_align.webp,0.041582,1.0,0.1061043902131479
database3/database3/m.015ph6/52-FaceId-0_align.webp,0.019715,1.0,0.0459696994185659
database3/database3/m.015ph6/9-FaceId-0_align.webp,0.017184,1.0,0.0353914101146311
database3/database3/m.015phm/91-FaceId-0_align.webp,0.017375,1.0,0.0341480687079503
database3/database3/m.015pqq/24-FaceId-0_align.webp,0.179784,0.0,0.0535535105325593
database3/database3/m.015pqq/66-FaceId-0_align.webp,0.136121,0.0,0.0900880396131833
database3/database3/m.015pqq/87-FaceId-0_align.webp,0.018013,0.0,0.0559837495919902
database3/database3/m.015pt7/51-FaceId-0_align.webp,0.127322,1.0,0.0660533748119133
database3/database3/m.015pt7/58-FaceId-0_align.webp,0.035197,1.0,0.0469621643029777
database3/database3/m.015pt7/60-FaceId-0_align.webp,0.049196,1.0,0.0787598038025034
database3/database3/m.015pvh/112-FaceId-0_align.webp,0.330281,0.0,0.0641406834623856
database3/database3/m.015px7/44-FaceId-0_align.webp,0.034165,1.0,0.046953525629774
database3/database3/m.015px7/91-FaceId-0_align.webp,0.015722,1.0,0.0613497916022365
database3/database3/m.015pxr/76-FaceId-0_align.webp,0.013737,1.0,0.0479978674418857
database3/database3/m.015pxr/85-FaceId-0_align.webp,0.04711,1.0,0.0570009543702875
database3/database3/m.015pz3/26-FaceId-0_align.webp,0.029214,1.0,0.0551070383308156
database3/database3/m.015q3m/88-FaceId-0_align.webp,0.02977,1.0,0.0369811994617108
database3/database3/m.015q43/44-FaceId-0_align.webp,0.14431,0.0,0.0585981752552608
database3/database3/m.015q43/83-FaceId-0_align.webp,0.202776,0.0,0.0678248454468059
database3/database3/m.015q7v/66-FaceId-0_align.webp,0.123951,1.0,0.0564808517649466
database3/database3/m.015q7v/70-FaceId-0_align.webp,0.084162,1.0,0.0561507351052239
database3/database3/m.015q7v/74-FaceId-0_align.webp,0.166774,1.0,0.1090497492463099
database3/database3/m.015q7v/95-FaceId-0_align.webp,0.114436,1.0,0.0470770162433384
database3/database3/m.015q9_/38-FaceId-0_align.webp,0.073529,1.0,0.05942055540072
database3/database3/m.015q9_/55-FaceId-0_align.webp,0.228226,1.0,0.0592350751376032
database3/database3/m.015qgb/80-FaceId-0_align.webp,0.240744,0.0,0.0744178927135083
database3/database3/m.015ql4/49-FaceId-0_align.webp,0.010843,1.0,0.0481729956883453
database3/database3/m.015ql_/79-FaceId-0_align.webp,0.076307,0.0,0.0599034566099331
database3/database3/m.015qlm/10-FaceId-0_align.webp,0.050821,0.0,0.0555421216289069
database3/database3/m.015qlm/70-FaceId-0_align.webp,0.030997,0.0,0.0554331361687565
database3/database3/m.015qpn/63-FaceId-0_align.webp,0.366396,1.0,0.0395484638975498
database3/database3/m.015qq1/36-FaceId-0_align.webp,0.022633,1.0,0.0420418240148196
database3/database3/m.015qty/73-FaceId-0_align.webp,0.019129,1.0,0.0395932660131638
database3/database3/m.015qty/74-FaceId-0_align.webp,0.007618,1.0,0.048170393364035
database3/database3/m.015qv9/29-FaceId-0_align.webp,0.006101,1.0,0.0507221620194401
database3/database3/m.015qxn/75-FaceId-0_align.webp,0.029389,1.0,0.0383498526686572
database3/database3/m.015qxn/81-FaceId-0_align.webp,0.000968,1.0,0.0728844372334967
database3/database3/m.015qyf/14-FaceId-0_align.webp,0.032701,1.0,0.0532627239320096
database3/database3/m.015qzv/12-FaceId-0_align.webp,0.03298,1.0,0.1013744386647343
database3/database3/m.015qzv/45-FaceId-0_align.webp,0.048204,1.0,0.0914988843509776
database3/database3/m.015qzv/55-FaceId-0_align.webp,0.094832,1.0,0.1245788450456854
database3/database3/m.015qzv/57-FaceId-0_align.webp,0.068867,1.0,0.062317870634311
database3/database3/m.015r3q/35-FaceId-0_align.webp,0.001755,1.0,0.0946426248981298
database3/database3/m.015r4v/28-FaceId-0_align.webp,0.015627,1.0,0.057969659844118
database3/database3/m.015rhv/21-FaceId-0_align.webp,0.274759,1.0,0.085246993170667
database3/database3/m.015rmq/88-FaceId-0_align.webp,0.016982,1.0,0.0451549544568716
database3/database3/m.015t_m/31-FaceId-0_align.webp,0.0851,1.0,0.0271626620099815
database3/database3/m.015thk/1-FaceId-0_align.webp,0.117609,1.0,0.048911067913511
database3/database3/m.015thk/47-FaceId-0_align.webp,0.223814,1.0,0.0833636692316991
database3/database3/m.015thk/89-FaceId-0_align.webp,0.010677,1.0,0.0952343642163279
database3/database3/m.015tp7/25-FaceId-0_align.webp,0.089928,1.0,0.0535015627912622
database3/database3/m.015tp7/4-FaceId-0_align.webp,0.078982,1.0,0.0562150292408236
database3/database3/m.015tv5/22-FaceId-0_align.webp,0.009031,1.0,0.0502235135605898
database3/database3/m.015tv5/54-FaceId-0_align.webp,0.027498,1.0,0.0504277776880241
database3/database3/m.015tyq/50-FaceId-0_align.webp,0.029346,1.0,0.0681031093851865
database3/database3/m.015tyq/63-FaceId-0_align.webp,0.05956,1.0,0.1050982877378008
database3/database3/m.015v98/49-FaceId-0_align.webp,0.062142,0.0,0.0578464432398841
database3/database3/m.015v98/79-FaceId-0_align.webp,0.070144,0.0,0.0567773948850303
database3/database3/m.015vql/63-FaceId-0_align.webp,0.02634,1.0,0.0579357508645391
database3/database3/m.015vyh/54-FaceId-0_align.webp,0.020372,1.0,0.0480270638778289
database3/database3/m.015wfg/59-FaceId-0_align.webp,0.021245,1.0,0.0543009051876857
database3/database3/m.015wfy/41-FaceId-0_align.webp,0.10115,1.0,0.0457336151674661
database3/database3/m.015wfy/43-FaceId-0_align.webp,0.000923,1.0,0.0824686277727897
database3/database3/m.015wfy/78-FaceId-0_align.webp,0.064575,1.0,0.0969367526070436
database3/database3/m.015wfy/91-FaceId-0_align.webp,0.156,1.0,0.0883630484447731
database3/database3/m.015wgw/16-FaceId-0_align.webp,0.030553,1.0,0.0454696305144034
database3/database3/m.015wgw/5-FaceId-0_align.webp,0.079937,1.0,0.0543929650624769
database3/database3/m.015wkb/94-FaceId-0_align.webp,0.010721,1.0,0.0447692875476874
database3/database3/m.015x3n/93-FaceId-0_align.webp,0.0,0.0,0.249256656304906
database3/database3/m.015x63/126-FaceId-0_align.webp,0.077609,0.0,0.0565338163882634
database3/database3/m.015xnd/46-FaceId-0_align.webp,0.021854,1.0,0.074190894306915
database3/database3/m.015xnd/72-FaceId-0_align.webp,0.171432,1.0,0.1160770086351336
database3/database3/m.015xsn/17-FaceId-0_align.webp,0.021828,1.0,0.0730585946300233
database3/database3/m.015xww/31-FaceId-0_align.webp,0.075773,1.0,0.0438224010307416
database3/database3/m.015xys/54-FaceId-0_align.webp,0.054138,1.0,0.0399856379168106
database3/database3/m.015y4c/42-FaceId-0_align.webp,0.097688,1.0,0.0367362264152635
database3/database3/m.015y4c/72-FaceId-0_align.webp,0.027368,1.0,0.0470550925021739
database3/database3/m.015y4c/79-FaceId-0_align.webp,0.010835,1.0,0.0387554186682384
database3/database3/m.015yb0/108-FaceId-0_align.webp,0.073526,1.0,0.0415863393517528
database3/database3/m.015ybz/5-FaceId-0_align.webp,0.004767,1.0,0.1349378289224559
database3/database3/m.015yg9/69-FaceId-0_align.webp,0.021682,1.0,0.0696646064879598
database3/database3/m.015ykr/19-FaceId-0_align.webp,0.078311,0.0,0.0508904941401992
database3/database3/m.015ykr/9-FaceId-0_align.webp,0.026904,0.0,0.0389061160001729
database3/database3/m.015z4j/106-FaceId-1_align.webp,0.203863,0.0,0.0612780484129133
database3/database3/m.015z4j/30-FaceId-0_align.webp,0.022438,0.0,0.0484109647767769
database3/database3/m.015zj4/3-FaceId-0_align.webp,0.026859,1.0,0.0775408387136307
database3/database3/m.015zjx/34-FaceId-0_align.webp,0.188292,1.0,0.0562065912947671
database3/database3/m.015zm4/92-FaceId-0_align.webp,0.019768,1.0,0.0856926859742501
database3/database3/m.015zmm/35-FaceId-0_align.webp,0.071991,0.0,0.0492984467655457
database3/database3/m.016077/95-FaceId-0_align.webp,0.023638,1.0,0.0582219841528276
database3/database3/m.0160pf/102-FaceId-0_align.webp,0.037457,1.0,0.052114162560974
database3/database3/m.016194/12-FaceId-0_align.webp,0.028771,1.0,0.0519877151114192
database3/database3/m.016194/6-FaceId-0_align.webp,0.025295,1.0,0.0399484432129741
database3/database3/m.0161h5/105-FaceId-0_align.webp,0.042175,0.0,0.0517786646699849
database3/database3/m.0161hn/33-FaceId-0_align.webp,0.010683,1.0,0.0620423673703074
database3/database3/m.0162c8/22-FaceId-0_align.webp,0.021055,1.0,0.0564319890207056
database3/database3/m.0162c8/71-FaceId-0_align.webp,0.041746,1.0,0.0535725730320803
database3/database3/m.0162c8/72-FaceId-0_align.webp,0.034776,1.0,0.0543779645304318
database3/database3/m.0162lw/68-FaceId-0_align.webp,0.026272,1.0,0.0503457671322749
database3/database3/m.0162n1/16-FaceId-0_align.webp,0.013549,1.0,0.0965740088790159
database3/database3/m.0162n1/17-FaceId-0_align.webp,0.15524,1.0,0.0978726333655911
database3/database3/m.01635v/83-FaceId-0_align.webp,0.001023,1.0,0.0337873172914299
database3/database3/m.0163bt/91-FaceId-0_align.webp,0.100672,1.0,0.0580537547697583
database3/database3/m.0163kf/72-FaceId-0_align.webp,0.120095,0.0,0.0497048830251292
database3/database3/m.0163kf/83-FaceId-0_align.webp,0.098981,0.0,0.0651201226547641
database3/database3/m.0163rk/30-FaceId-0_align.webp,0.022552,1.0,0.050831351127285
database3/database3/m.0163s9/24-FaceId-0_align.webp,0.074147,1.0,0.0518454697381609
database3/database3/m.0163s9/74-FaceId-0_align.webp,0.166715,1.0,0.0557186579679876
database3/database3/m.0163t3/106-FaceId-0_align.webp,0.195337,0.0,0.0565748072564202
database3/database3/m.0163t3/9-FaceId-0_align.webp,0.08181,0.0,0.0524169657728365
database3/database3/m.0163y8/74-FaceId-0_align.webp,0.077227,1.0,0.0570684987852814
database3/database3/m.0164c4/60-FaceId-0_align.webp,0.111711,0.0,0.0474054208810972
database3/database3/m.0164lp/69-FaceId-0_align.webp,0.064522,1.0,0.0388314651927284
database3/database3/m.0164lp/92-FaceId-0_align.webp,0.151037,1.0,0.0982352649975279
database3/database3/m.0164nb/3-FaceId-0_align.webp,0.089532,1.0,0.0510124547670774
database3/database3/m.0164y7/34-FaceId-0_align.webp,0.005214,1.0,0.0488129141136741
database3/database3/m.0165cp/26-FaceId-0_align.webp,0.006703,0.0,0.0428071684159899
database3/database3/m.0165cp/52-FaceId-0_align.webp,0.057554,0.0,0.0385566678988725
database3/database3/m.0165gc/85-FaceId-0_align.webp,0.006716,1.0,0.0430836413964347
database3/database3/m.0165gc/99-FaceId-0_align.webp,0.120842,1.0,0.054456145242171
database3/database3/m.0165ky/57-FaceId-0_align.webp,0.015031,1.0,0.0774739672587487
database3/database3/m.0165n5/59-FaceId-0_align.webp,0.014306,0.0,0.0347311563691027
database3/database3/m.01666h/59-FaceId-0_align.webp,0.366126,0.0,0.0633696840478994
database3/database3/m.01666h/65-FaceId-0_align.webp,0.324656,0.0,0.0701780694009853
database3/database3/m.0166rp/41-FaceId-0_align.webp,0.108225,1.0,0.0521234803123016
database3/database3/m.0166rp/55-FaceId-0_align.webp,0.058677,1.0,0.0684530305302605
database3/database3/m.0166w_/52-FaceId-0_align.webp,0.055626,1.0,0.0448722649549214
database3/database3/m.0166w_/7-FaceId-0_align.webp,0.051227,1.0,0.0356000652133791
database3/database3/m.0166yl/4-FaceId-0_align.webp,0.128426,1.0,0.0413902020127369
database3/database3/m.0166yl/42-FaceId-0_align.webp,0.00821,1.0,0.0453856788142506
database3/database3/m.0166zk/13-FaceId-0_align.webp,0.040817,1.0,0.1115663579671566
database3/database3/m.0166zk/42-FaceId-0_align.webp,0.020069,1.0,0.0833683148933721
database3/database3/m.0166zk/72-FaceId-0_align.webp,0.015452,1.0,0.0513333789717821
database3/database3/m.01678_/78-FaceId-0_align.webp,0.014927,1.0,0.0392394849259878
database3/database3/m.0167h6/35-FaceId-0_align.webp,0.000892,1.0,0.0409134349411103
database3/database3/m.0167xk/87-FaceId-0_align.webp,0.035118,1.0,0.0565913387037299
database3/database3/m.016883/25-FaceId-0_align.webp,0.021581,1.0,0.0511987819655228
database3/database3/m.016883/35-FaceId-0_align.webp,0.016967,1.0,0.0616104817563903
database3/database3/m.016883/79-FaceId-0_align.webp,0.042662,1.0,0.0517245138662254
database3/database3/m.0168cl/73-FaceId-0_align.webp,0.16573,1.0,0.0474290916940223
database3/database3/m.0168ql/60-FaceId-0_align.webp,0.01118,1.0,0.029488113701035
database3/database3/m.0168vx/9-FaceId-0_align.webp,0.182986,0.0,0.0453672572760854
database3/database3/m.01693z/106-FaceId-0_align.webp,0.308514,1.0,0.0720568545170982
database3/database3/m.01693z/67-FaceId-0_align.webp,0.053019,1.0,0.0443464939148923
database3/database3/m.016959/105-FaceId-0_align.webp,0.10109,1.0,0.0699481648802221
database3/database3/m.016959/51-FaceId-0_align.webp,0.067755,1.0,0.0583665756260646
database3/database3/m.0169ff/102-FaceId-0_align.webp,0.033338,1.0,0.0649224880661603
database3/database3/m.0169ff/36-FaceId-0_align.webp,0.024259,1.0,0.0533945919729607
database3/database3/m.0169ff/79-FaceId-0_align.webp,0.137366,1.0,0.0551714918192578
database3/database3/m.0169mh/14-FaceId-0_align.webp,0.084985,0.0,0.0691464996485606
database3/database3/m.0169r6/43-FaceId-0_align.webp,0.109367,0.0,0.060793237248342
database3/database3/m.0169v2/37-FaceId-0_align.webp,0.237432,0.0,0.0628120722327454
database3/database3/m.0169v2/60-FaceId-0_align.webp,0.294775,0.0,0.0664828124270316
database3/database3/m.0169x_/12-FaceId-0_align.webp,0.169443,1.0,0.0419295537856182
database3/database3/m.016_js/82-FaceId-0_align.webp,0.00161,0.0,0.0429966865080368
database3/database3/m.016_js/90-FaceId-0_align.webp,0.074161,0.0,0.0542300650923866
database3/database3/m.016_mj/9-FaceId-0_align.webp,0.005546,1.0,0.0534619039123291
database3/database3/m.016b6z/92-FaceId-0_align.webp,0.053278,1.0,0.064365914747695
database3/database3/m.016b90/0-FaceId-0_align.webp,0.006801,1.0,0.0443296678014955
database3/database3/m.016b90/79-FaceId-0_align.webp,0.0,1.0,0.021302205185664
database3/database3/m.016b90/8-FaceId-0_align.webp,0.046454,1.0,0.0343153930228588
database3/database3/m.016b90/93-FaceId-0_align.webp,0.01334,1.0,0.0445595463357639
database3/database3/m.016cn6/6-FaceId-0_align.webp,0.062721,1.0,0.0701574095348658
database3/database3/m.016cn6/90-FaceId-0_align.webp,0.090699,1.0,0.0494388910281377
database3/database3/m.016cz6/23-FaceId-1_align.webp,0.213677,1.0,0.2117166500317345
database3/database3/m.016db7/11-FaceId-0_align.webp,0.00104,1.0,0.0634658226112979
database3/database3/m.016dbr/42-FaceId-0_align.webp,0.02227,1.0,0.0524191623795292
database3/database3/m.016fjj/77-FaceId-0_align.webp,0.012807,1.0,0.0507703759326824
database3/database3/m.016fnv/40-FaceId-0_align.webp,0.049743,1.0,0.050364835391082
database3/database3/m.016g29/40-FaceId-0_align.webp,0.003894,1.0,0.0627149974591654
database3/database3/m.016g29/95-FaceId-0_align.webp,0.017798,1.0,0.0343673743055681
database3/database3/m.016ggh/74-FaceId-0_align.webp,0.004674,1.0,0.0427764299537585
database3/database3/m.016ghw/12-FaceId-0_align.webp,0.035794,1.0,0.0792246723250296
database3/database3/m.016gkf/85-FaceId-0_align.webp,0.159983,1.0,0.0542667681443504
database3/database3/m.016gnp/45-FaceId-0_align.webp,0.027576,1.0,0.046685779206551
database3/database3/m.016gnp/48-FaceId-0_align.webp,0.0,1.0,0.0538678783798607
database3/database3/m.016gr2/107-FaceId-0_align.webp,0.0,1.0,0.0677631155237463
database3/database3/m.016gr2/38-FaceId-0_align.webp,0.0,1.0,0.0351464347501598
database3/database3/m.016hgp/12-FaceId-0_align.webp,0.055372,0.0,0.0498158690189347
database3/database3/m.016hgp/32-FaceId-12_align.webp,0.159452,0.0,0.1350364685168707
database3/database3/m.016hgp/77-FaceId-4_align.webp,0.110387,0.0,0.0478288640722577
database3/database3/m.016hgp/77-FaceId-7_align.webp,0.08977,0.0,0.0494772521105253
database3/database3/m.016hgp/77-FaceId-9_align.webp,0.121788,0.0,0.0505260327051739
database3/database3/m.016hj7/88-FaceId-0_align.webp,0.028831,1.0,0.0392209493772441
database3/database3/m.016hk4/98-FaceId-0_align.webp,0.002253,1.0,0.0483718242469118
database3/database3/m.016hmf/90-FaceId-0_align.webp,0.168251,1.0,0.0622041226227098
database3/database3/m.016hrc/46-FaceId-0_align.webp,0.064797,0.0,0.0585304645173834
database3/database3/m.016htr/23-FaceId-0_align.webp,0.041326,1.0,0.0496690425231415
database3/database3/m.016htr/80-FaceId-0_align.webp,0.0,1.0,0.1144117572650865
database3/database3/m.016hvl/14-FaceId-0_align.webp,0.018608,1.0,0.0637748395150948
database3/database3/m.016hvl/79-FaceId-0_align.webp,0.027134,1.0,0.0554948353787385
database3/database3/m.016hzm/79-FaceId-0_align.webp,0.040554,1.0,0.0855933450908722
database3/database3/m.016j4q/17-FaceId-0_align.webp,0.014713,1.0,0.3409056548533251
database3/database3/m.016j4q/73-FaceId-0_align.webp,0.027874,1.0,0.1388619691555785
database3/database3/m.016j55/23-FaceId-0_align.webp,0.003044,1.0,0.0642429407810648
database3/database3/m.016j_c/80-FaceId-0_align.webp,0.167359,0.0,0.060155193351393
database3/database3/m.016k0j/73-FaceId-0_align.webp,0.021214,0.0,0.0530215215189365
database3/database3/m.016k38/76-FaceId-0_align.webp,0.03171,1.0,0.0747713777770154
database3/database3/m.016k38/86-FaceId-0_align.webp,0.0969,1.0,0.0941925664074888
database3/database3/m.016k58/57-FaceId-0_align.webp,0.285077,0.0,0.0634137098551226
database3/database3/m.016k6x/11-FaceId-0_align.webp,0.0,1.0,0.0380027952143985
database3/database3/m.016k6x/19-FaceId-0_align.webp,0.0,1.0,0.0331535215972282
database3/database3/m.016k92/3-FaceId-0_align.webp,0.164786,1.0,0.0645889770235945
database3/database3/m.016k92/39-FaceId-0_align.webp,0.115077,1.0,0.0632723544427779
database3/database3/m.016k92/53-FaceId-0_align.webp,0.124335,1.0,0.0636696968457044
database3/database3/m.016k_v/117-FaceId-0_align.webp,0.172292,0.0,0.049994799273712
database3/database3/m.016k_v/31-FaceId-0_align.webp,0.103765,0.0,0.0536266127452538
database3/database3/m.016k_v/6-FaceId-0_align.webp,0.102662,0.0,0.0514160967952
database3/database3/m.016kdv/96-FaceId-0_align.webp,0.10171,1.0,0.0457712418158799
database3/database3/m.016kft/30-FaceId-0_align.webp,0.094506,1.0,0.0603541429355194
database3/database3/m.016khd/116-FaceId-0_align.webp,0.014365,1.0,0.1016425799990333
database3/database3/m.016khd/18-FaceId-0_align.webp,0.045446,1.0,0.0680083240165303
database3/database3/m.016khd/77-FaceId-0_align.webp,0.016363,1.0,0.0436667739495315
database3/database3/m.016kjs/51-FaceId-0_align.webp,0.103247,1.0,0.0526240253197827
database3/database3/m.016kqk/22-FaceId-0_align.webp,0.109366,1.0,0.0674116801550065
database3/database3/m.016kqk/57-FaceId-0_align.webp,0.028005,1.0,0.0702180932166097
database3/database3/m.016ksk/77-FaceId-0_align.webp,0.033554,1.0,0.0794661882703038
database3/database3/m.016l53/34-FaceId-0_align.webp,0.004644,1.0,0.1013318802404
database3/database3/m.016l_5/13-FaceId-1_align.webp,0.028409,0.0,0.1039840952225586
database3/database3/m.016l_5/23-FaceId-0_align.webp,0.13632,0.0,0.0529977916389815
database3/database3/m.016l_5/69-FaceId-0_align.webp,0.067658,0.0,0.0493511768974845
database3/database3/m.016lb3/2-FaceId-0_align.webp,0.005513,1.0,0.0462246753960019
database3/database3/m.016lh0/74-FaceId-0_align.webp,0.000336,1.0,0.0466512197849355
database3/database3/m.016m0v/15-FaceId-0_align.webp,0.003574,1.0,0.0832275406544287
database3/database3/m.016m0v/47-FaceId-0_align.webp,0.010823,1.0,0.0942667421426939
database3/database3/m.016m0v/48-FaceId-0_align.webp,0.006305,1.0,0.0653346208033004
database3/database3/m.016mgj/22-FaceId-0_align.webp,0.177659,0.0,0.0543313136152448
database3/database3/m.016mgj/72-FaceId-0_align.webp,0.141048,0.0,0.1069823866724938
database3/database3/m.016ntp/45-FaceId-0_align.webp,0.056576,0.0,0.1492521493362457
database3/database3/m.016ntp/58-FaceId-0_align.webp,0.194583,0.0,0.1036804801105868
database3/database3/m.016ntp/78-FaceId-0_align.webp,0.262576,0.0,0.0735218244308061
database3/database3/m.016ntp/85-FaceId-0_align.webp,0.141759,0.0,0.0637522969507713
database3/database3/m.016nvh/2-FaceId-0_align.webp,0.143526,1.0,0.0618180940301896
database3/database3/m.016nvy/82-FaceId-0_align.webp,0.14288,0.0,0.0530175073438316
database3/database3/m.016nws/82-FaceId-0_align.webp,0.154826,1.0,0.0625518200409819
database3/database3/m.016pns/55-FaceId-0_align.webp,0.055966,1.0,0.0604162150666993
database3/database3/m.016q0w/27-FaceId-0_align.webp,0.009996,1.0,0.0539011696969451
database3/database3/m.016q2n/25-FaceId-0_align.webp,0.030179,0.0,0.0512582808226268
database3/database3/m.016q2n/89-FaceId-0_align.webp,0.007529,0.0,0.0561859466894189
database3/database3/m.016q4_/99-FaceId-1_align.webp,0.000294,0.0,0.0422877876943678
database3/database3/m.016qrb/16-FaceId-0_align.webp,0.039165,0.0,0.0532652995662471
database3/database3/m.016qrb/78-FaceId-0_align.webp,0.145711,0.0,0.0460226960310171
database3/database3/m.016qtt/15-FaceId-0_align.webp,0.187503,1.0,0.0554629140573224
database3/database3/m.016qtt/25-FaceId-0_align.webp,0.283035,1.0,0.0541785509234993
database3/database3/m.016r3x/42-FaceId-0_align.webp,0.001242,1.0,0.0301656537967315
database3/database3/m.016r3x/44-FaceId-0_align.webp,0.007495,1.0,0.052396522046023
database3/database3/m.016sff/35-FaceId-0_align.webp,0.025858,1.0,0.1427372580475854
database3/database3/m.016sp_/9-FaceId-0_align.webp,0.355835,1.0,0.0467336741836232
database3/database3/m.016swh/38-FaceId-0_align.webp,0.0,1.0,0.0419962637001678
database3/database3/m.016sz1/68-FaceId-0_align.webp,0.00381,1.0,0.0586914320243318
database3/database3/m.016szr/0-FaceId-0_align.webp,0.081751,1.0,0.1063641330127584
database3/database3/m.016szr/31-FaceId-0_align.webp,0.150774,1.0,0.0980076962536306
database3/database3/m.016t00/27-FaceId-0_align.webp,0.010723,1.0,0.0634367467215127
database3/database3/m.016t00/29-FaceId-0_align.webp,0.026052,1.0,0.0575132660773692
database3/database3/m.016t00/49-FaceId-0_align.webp,0.061342,1.0,0.0664360764898267
database3/database3/m.016tb7/64-FaceId-0_align.webp,0.020212,0.0,0.0498578644759844
database3/database3/m.016tbr/53-FaceId-0_align.webp,0.052696,1.0,0.0593234297794026
database3/database3/m.016tbr/91-FaceId-0_align.webp,0.278026,1.0,0.0725895964350548
database3/database3/m.016tbr/97-FaceId-0_align.webp,0.035531,1.0,0.0637846740324329
database3/database3/m.016tcm/7-FaceId-0_align.webp,0.0,1.0,0.0492384576163627
database3/database3/m.016tqw/18-FaceId-0_align.webp,0.009857,1.0,0.0506555623480389
database3/database3/m.016vqk/91-FaceId-0_align.webp,0.041054,1.0,0.0505977625607217
database3/database3/m.016vxj/34-FaceId-0_align.webp,0.081238,1.0,0.0450679919043855
database3/database3/m.016vy9/16-FaceId-0_align.webp,0.135759,0.0,0.0559304919674327
database3/database3/m.016vy9/41-FaceId-0_align.webp,0.023537,0.0,0.0482613696818494
database3/database3/m.016vyp/28-FaceId-0_align.webp,0.086364,1.0,0.0524454543410115
database3/database3/m.016vyp/92-FaceId-0_align.webp,0.043472,1.0,0.0485041405645651
database3/database3/m.016wdq/47-FaceId-0_align.webp,0.021942,1.0,0.1466537385327537
database3/database3/m.016wvy/16-FaceId-0_align.webp,0.016451,1.0,0.0509653517352893
database3/database3/m.016wvy/70-FaceId-0_align.webp,0.279688,1.0,0.0681977206568674
database3/database3/m.016wvy/90-FaceId-0_align.webp,0.0652,1.0,0.110466971586589
database3/database3/m.016xk5/94-FaceId-0_align.webp,0.039665,1.0,0.0473348939054891
database3/database3/m.016yr0/49-FaceId-0_align.webp,0.028821,1.0,0.0482796160526445
database3/database3/m.016yr0/53-FaceId-0_align.webp,0.03224,1.0,0.046013957350849
database3/database3/m.016yr0/98-FaceId-0_align.webp,0.103354,1.0,0.0566317108923687
database3/database3/m.016ywr/2-FaceId-0_align.webp,0.022088,1.0,0.0665208093703988
database3/database3/m.016ywr/21-FaceId-0_align.webp,0.053813,1.0,0.0578731868784381
database3/database3/m.016ywr/76-FaceId-0_align.webp,0.0,1.0,0.041425613583629
database3/database3/m.016z3d/40-FaceId-0_align.webp,0.041987,1.0,0.0489608630273045
database3/database3/m.016z3d/43-FaceId-0_align.webp,0.184794,1.0,0.0553142145123747
database3/database3/m.016z3d/48-FaceId-0_align.webp,0.181018,1.0,0.052864177770064
database3/database3/m.016z68/21-FaceId-0_align.webp,0.185954,1.0,0.0633325703751365
database3/database3/m.016z68/89-FaceId-0_align.webp,0.268667,1.0,0.061902301506404
database3/database3/m.016zp5/13-FaceId-0_align.webp,0.016071,1.0,0.0414371933619994
database3/database3/m.016zp5/31-FaceId-0_align.webp,0.101464,1.0,0.1095457178794332
database3/database3/m.016zp5/64-FaceId-0_align.webp,0.006697,1.0,0.0491271362721018
database3/database3/m.016zp5/68-FaceId-0_align.webp,0.014376,1.0,0.0524348470853597
database3/database3/m.016zvk/22-FaceId-0_align.webp,0.104809,0.0,0.0559909494643099
database3/database3/m.016zvk/81-FaceId-0_align.webp,0.147393,0.0,0.0555261448670874
database3/database3/m.016zvk/88-FaceId-0_align.webp,0.080384,0.0,0.0385379566685782
database3/database3/m.016zvk/91-FaceId-0_align.webp,0.084334,0.0,0.0513638256696435
database3/database3/m.0170pk/112-FaceId-0_align.webp,0.029113,1.0,0.0838680321773518
database3/database3/m.0170pk/32-FaceId-0_align.webp,0.0,1.0,0.0827503815773622
database3/database3/m.0170pk/71-FaceId-0_align.webp,0.003334,1.0,0.0562822307532857
database3/database3/m.0170pk/93-FaceId-0_align.webp,0.020024,1.0,0.0954080260563759
database3/database3/m.0170q1/39-FaceId-0_align.webp,0.098023,0.0,0.0793697692967883
database3/database3/m.0170qf/10-FaceId-0_align.webp,0.012168,1.0,0.047010880069929
database3/database3/m.0170qf/66-FaceId-0_align.webp,0.173717,1.0,0.0612550776500821
database3/database3/m.0170s4/35-FaceId-0_align.webp,0.00841,1.0,0.0563459557290203
database3/database3/m.0170s4/44-FaceId-0_align.webp,0.007374,1.0,0.0319455678946293
database3/database3/m.0170s4/48-FaceId-0_align.webp,0.0,1.0,0.0341605476020299
database3/database3/m.0170s4/85-FaceId-0_align.webp,0.00918,1.0,0.0462241258150726
database3/database3/m.0170s4/86-FaceId-0_align.webp,0.00659,1.0,0.042863322370538
database3/database3/m.0170zz/7-FaceId-0_align.webp,0.0033,1.0,0.0751427521880709
database3/database3/m.017115/2-FaceId-0_align.webp,0.178391,1.0,0.0760509545035403
database3/database3/m.0171cm/52-FaceId-0_align.webp,0.078391,1.0,0.1074965844141518
database3/database3/m.0171cm/9-FaceId-0_align.webp,0.020679,1.0,0.1027574486224855
database3/database3/m.0171dv/105-FaceId-0_align.webp,0.019879,1.0,0.0391389428428242
database3/database3/m.0171dv/106-FaceId-0_align.webp,0.079343,1.0,0.0482117083640171
database3/database3/m.0171z8/39-FaceId-0_align.webp,0.1172,0.0,0.1875389828010696
database3/database3/m.01721f/98-FaceId-0_align.webp,0.00066,1.0,0.0308419787713511
database3/database3/m.01728m/45-FaceId-0_align.webp,0.026608,1.0,0.0816069040229871
database3/database3/m.01734j/10-FaceId-0_align.webp,0.107434,1.0,0.0957517673929669
database3/database3/m.01737y/7-FaceId-0_align.webp,0.023524,1.0,0.0436927844772899
database3/database3/m.0173cq/55-FaceId-0_align.webp,0.0687,0.0,0.0564853841495378
database3/database3/m.0173cq/82-FaceId-0_align.webp,0.052898,0.0,0.0394158612165965
database3/database3/m.0173p_/66-FaceId-0_align.webp,0.12779,0.0,0.0726190358873285
database3/database3/m.0173p_/82-FaceId-0_align.webp,0.039784,0.0,0.0493599983618407
database3/database3/m.0173p_/97-FaceId-0_align.webp,0.06989,0.0,0.0538698400598897
database3/database3/m.0173s_/56-FaceId-0_align.webp,0.320216,0.0,0.0550236193242668
database3/database3/m.01741h/75-FaceId-0_align.webp,0.057681,1.0,0.1150790575506854
database3/database3/m.01742l/53-FaceId-0_align.webp,0.210558,0.0,0.0729478107269948
database3/database3/m.01744d/24-FaceId-0_align.webp,0.021138,1.0,0.0522757896618812
database3/database3/m.01744d/66-FaceId-0_align.webp,0.069833,1.0,0.0564943166768809
database3/database3/m.017458/60-FaceId-0_align.webp,0.031087,1.0,0.1404347523286457
database3/database3/m.0174z2/31-FaceId-0_align.webp,0.019356,1.0,0.0483990250309395
database3/database3/m.0175m_/104-FaceId-0_align.webp,0.011519,1.0,0.0718545088322469
database3/database3/m.0175m_/106-FaceId-0_align.webp,0.008092,1.0,0.0456942638017082
database3/database3/m.0175s7/91-FaceId-0_align.webp,0.271553,1.0,0.0720472836267878
database3/database3/m.0175w3/23-FaceId-0_align.webp,0.084707,1.0,0.0962075484027655
database3/database3/m.0175w3/40-FaceId-0_align.webp,0.14122,1.0,0.1295824639442614
database3/database3/m.0175w3/8-FaceId-0_align.webp,0.022898,1.0,0.1526665735099145
database3/database3/m.01762z/69-FaceId-0_align.webp,0.001793,1.0,0.04368762965984
database3/database3/m.017729/106-FaceId-0_align.webp,0.004005,1.0,0.0530079355991398
database3/database3/m.01772q/118-FaceId-0_align.webp,0.005376,1.0,0.0370476340862886
database3/database3/m.01778_/1-FaceId-0_align.webp,0.151831,0.0,0.1074527326440445
database3/database3/m.01778_/5-FaceId-0_align.webp,0.080886,0.0,0.094632038917173
database3/database3/m.0177s6/54-FaceId-0_align.webp,0.003871,1.0,0.1211528111864357
database3/database3/m.0177s6/83-FaceId-0_align.webp,0.194958,1.0,0.0999074261138777
database3/database3/m.0178_j/46-FaceId-0_align.webp,0.038586,1.0,0.0910026118361078
database3/database3/m.0178d6/53-FaceId-0_align.webp,0.019408,1.0,0.0465219819019607
database3/database3/m.0178d6/9-FaceId-0_align.webp,0.038126,1.0,0.0551249138684099
database3/database3/m.0178sb/20-FaceId-0_align.webp,0.025953,1.0,0.0445747127221291
database3/database3/m.01791s/104-FaceId-0_align.webp,0.057011,1.0,0.1864274570982838
database3/database3/m.01793l/15-FaceId-0_align.webp,0.11519,1.0,0.1208446552517329
database3/database3/m.01793l/3-FaceId-0_align.webp,0.021997,1.0,0.0945821687874748
database3/database3/m.01793l/48-FaceId-0_align.webp,0.070141,1.0,0.1372212558180888
database3/database3/m.01793l/77-FaceId-0_align.webp,0.068916,1.0,0.1197721436902864
database3/database3/m.01794d/22-FaceId-0_align.webp,0.132698,1.0,0.0504806695820113
database3/database3/m.0179n7/47-FaceId-0_align.webp,0.025063,1.0,0.0504194259243233
database3/database3/m.0179ys/22-FaceId-0_align.webp,0.03888,1.0,0.0632290825743232
database3/database3/m.017_65/24-FaceId-0_align.webp,0.104039,1.0,0.0837118250990201
database3/database3/m.017__g/2-FaceId-0_align.webp,0.026314,1.0,0.0472910250115106
database3/database3/m.017__g/30-FaceId-0_align.webp,0.064708,1.0,0.0596597847744866
database3/database3/m.017_dr/0-FaceId-1_align.webp,0.037641,1.0,0.0936366711443165
database3/database3/m.017_dr/14-FaceId-0_align.webp,0.005491,1.0,0.0609958659542707
database3/database3/m.017_dr/47-FaceId-0_align.webp,0.191478,1.0,0.0597616735549899
database3/database3/m.017_dr/57-FaceId-0_align.webp,0.038308,1.0,0.1118808460661893
database3/database3/m.017_j4/45-FaceId-0_align.webp,0.032452,1.0,0.0921363736875111
database3/database3/m.017_j4/54-FaceId-0_align.webp,0.009302,1.0,0.0933749937415054
database3/database3/m.017_j4/93-FaceId-0_align.webp,0.05205,1.0,0.1501170945887743
database3/database3/m.017_l1/23-FaceId-0_align.webp,0.033635,1.0,0.0427496716135824
database3/database3/m.017_l1/5-FaceId-0_align.webp,0.0,1.0,0.0410318922309625
database3/database3/m.017_xx/84-FaceId-0_align.webp,0.180042,0.0,0.0554927175944387
database3/database3/m.017bd/83-FaceId-0_align.webp,0.002036,1.0,0.0825199621862896
database3/database3/m.017bd/85-FaceId-0_align.webp,0.002715,1.0,0.0986268706267572
database3/database3/m.017bk6/90-FaceId-2_align.webp,0.056904,0.0,0.0462009005579679
database3/database3/m.017bxq/72-FaceId-0_align.webp,0.032315,1.0,0.0782496372493947
database3/database3/m.017c87/108-FaceId-0_align.webp,0.012746,1.0,0.0886246818983341
database3/database3/m.017c87/7-FaceId-0_align.webp,0.008884,1.0,0.0349560192435223
database3/database3/m.017cgg/62-FaceId-0_align.webp,0.009893,1.0,0.1001010351396395
database3/database3/m.017d3v/21-FaceId-0_align.webp,0.000486,1.0,0.0234624113441175
database3/database3/m.017dpj/104-FaceId-0_align.webp,0.159674,1.0,0.1011160759867459
database3/database3/m.017dpj/116-FaceId-0_align.webp,0.004563,1.0,0.0791629521353705
database3/database3/m.017dpj/14-FaceId-0_align.webp,0.012759,1.0,0.0753930262983743
database3/database3/m.017dpj/6-FaceId-0_align.webp,0.157516,1.0,0.1030485139921535
database3/database3/m.017dpj/81-FaceId-0_align.webp,0.117413,1.0,0.1400453742810949
database3/database3/m.017dpj/98-FaceId-0_align.webp,0.093515,1.0,0.0946252662067667
database3/database3/m.017f4y/21-FaceId-0_align.webp,0.009046,1.0,0.0543026422376691
database3/database3/m.017fgp/17-FaceId-0_align.webp,0.004873,1.0,0.0898258305059351
database3/database3/m.017fhk/5-FaceId-0_align.webp,0.05945,1.0,0.0886761252663644
database3/database3/m.017fhk/70-FaceId-0_align.webp,0.025921,1.0,0.0387462891554336
database3/database3/m.017fhk/87-FaceId-0_align.webp,0.146412,1.0,0.0868918064679396
database3/database3/m.017fj_/2-FaceId-0_align.webp,0.022486,1.0,0.0488206272694061
database3/database3/m.017fj_/97-FaceId-0_align.webp,0.013264,1.0,0.1079664415287206
database3/database3/m.017fks/21-FaceId-0_align.webp,0.013755,1.0,0.0486444321163256
database3/database3/m.017fks/34-FaceId-0_align.webp,0.010024,1.0,0.0949275619324076
database3/database3/m.017fl5/7-FaceId-0_align.webp,0.088967,1.0,0.0568255035510051
database3/database3/m.017fl5/89-FaceId-0_align.webp,0.156395,1.0,0.0795993518118079
database3/database3/m.017fl_/0-FaceId-0_align.webp,0.016489,1.0,0.1168053671015473
database3/database3/m.017fp0/26-FaceId-0_align.webp,0.014762,1.0,0.0417057112484228
database3/database3/m.017fp0/70-FaceId-0_align.webp,0.102621,1.0,0.0558347511669026
database3/database3/m.017fp0/85-FaceId-0_align.webp,0.016216,1.0,0.0552122693580424
database3/database3/m.017fp0/92-FaceId-0_align.webp,0.03683,1.0,0.1064521988748216
database3/database3/m.017frf/2-FaceId-0_align.webp,0.239226,1.0,0.0451480553976519
database3/database3/m.017frf/48-FaceId-0_align.webp,0.242631,1.0,0.0524205288128285
database3/database3/m.017ft0/4-FaceId-0_align.webp,0.025186,0.0,0.0465242950399666
database3/database3/m.017fxp/62-FaceId-0_align.webp,0.006207,1.0,0.0763246337024354
database3/database3/m.017fzy/33-FaceId-0_align.webp,0.135665,1.0,0.0452007990467833
database3/database3/m.017fzy/38-FaceId-0_align.webp,0.020138,1.0,0.0558522228714169
database3/database3/m.017fzy/44-FaceId-0_align.webp,0.119262,1.0,0.0616904333887722
database3/database3/m.017fzy/7-FaceId-0_align.webp,0.042513,1.0,0.049783456086808
database3/database3/m.017fzy/84-FaceId-0_align.webp,0.1089,1.0,0.0569304125637664
database3/database3/m.017fzy/88-FaceId-0_align.webp,0.093437,1.0,0.0484000988691115
database3/database3/m.017g21/51-FaceId-0_align.webp,0.121234,1.0,0.0624207319076677
database3/database3/m.017g2y/13-FaceId-0_align.webp,0.026164,1.0,0.0498939672203567
database3/database3/m.017gd_/53-FaceId-0_align.webp,0.006889,1.0,0.1068480502345984
database3/database3/m.017gd_/59-FaceId-0_align.webp,0.012556,1.0,0.0808629918488846
database3/database3/m.017gxw/53-FaceId-0_align.webp,0.064935,0.0,0.0520556618425992
database3/database3/m.017h4c/0-FaceId-0_align.webp,0.049628,1.0,0.0972805046063518
database3/database3/m.017h_2/23-FaceId-0_align.webp,0.06887,1.0,0.1090548428144957
database3/database3/m.017hgl/21-FaceId-0_align.webp,0.089799,1.0,0.0615230206913273
database3/database3/m.017hgl/42-FaceId-0_align.webp,0.004642,1.0,0.0566992578964167
database3/database3/m.017hjk/57-FaceId-0_align.webp,0.009431,1.0,0.0632018627724923
database3/database3/m.017hm9/3-FaceId-0_align.webp,0.001744,1.0,0.0809523723665788
database3/database3/m.017hm9/36-FaceId-0_align.webp,0.002432,1.0,0.0548077439529616
database3/database3/m.017hw4/23-FaceId-0_align.webp,0.000412,1.0,0.0541094043423073
database3/database3/m.017hwl/3-FaceId-0_align.webp,0.014017,1.0,0.1077232902573553
database3/database3/m.017j1w/26-FaceId-0_align.webp,0.021211,1.0,0.0416620254939519
database3/database3/m.017j1w/35-FaceId-0_align.webp,0.039099,1.0,0.1375713075673182
database3/database3/m.017j1w/8-FaceId-0_align.webp,0.052854,1.0,0.0422520048527241
database3/database3/m.017j2b/85-FaceId-0_align.webp,0.008707,1.0,0.0689344768061746
database3/database3/m.017jwg/17-FaceId-0_align.webp,0.002376,1.0,0.0595156712437352
database3/database3/m.017jwg/53-FaceId-0_align.webp,0.066995,0.0,0.0573841976812796
database3/database3/m.017jwg/82-FaceId-0_align.webp,0.035246,1.0,0.059429358465393
database3/database3/m.017kb5/32-FaceId-0_align.webp,0.006182,1.0,0.0527672723712569
database3/database3/m.017kgm/108-FaceId-1_align.webp,0.015319,1.0,0.0298591937491093
database3/database3/m.017kgm/94-FaceId-0_align.webp,0.003416,1.0,0.036991091617914
database3/database3/m.017kq/37-FaceId-0_align.webp,0.040762,1.0,0.0982375081152002
database3/database3/m.017kq/48-FaceId-0_align.webp,0.009092,1.0,0.0910998585800747
database3/database3/m.017l4/11-FaceId-0_align.webp,0.001488,1.0,0.0453110594253541
database3/database3/m.017l4/73-FaceId-0_align.webp,0.09873,1.0,0.0567346788601195
database3/database3/m.017l4/80-FaceId-0_align.webp,0.025497,1.0,0.0967054069801878
database3/database3/m.017l7y/97-FaceId-0_align.webp,0.002424,1.0,0.0454058344822925
database3/database3/m.017lcg/63-FaceId-0_align.webp,0.136168,1.0,0.0545547765068365
database3/database3/m.017m2y/105-FaceId-0_align.webp,0.084072,0.0,0.0527630847506175
database3/database3/m.017m2y/30-FaceId-0_align.webp,0.20052,0.0,0.0581377290947291
database3/database3/m.017mrb/26-FaceId-0_align.webp,0.125876,1.0,0.0508039977487699
database3/database3/m.017q3j/27-FaceId-0_align.webp,0.040475,1.0,0.0480421403315274
database3/database3/m.017q3j/87-FaceId-1_align.webp,0.137407,1.0,0.0688467388207965
database3/database3/m.017qkp/105-FaceId-0_align.webp,0.016276,1.0,0.0432315529604248
database3/database3/m.017qkp/8-FaceId-0_align.webp,0.006413,1.0,0.0473879841765502
database3/database3/m.017r13/15-FaceId-0_align.webp,0.004576,1.0,0.0444211687410524
database3/database3/m.017r13/32-FaceId-0_align.webp,0.001926,1.0,0.0419091722121841
database3/database3/m.017r13/71-FaceId-0_align.webp,0.149849,1.0,0.0525399508212534
database3/database3/m.017r5g/69-FaceId-0_align.webp,0.246362,0.0,0.0684318862055464
database3/database3/m.017rh4/92-FaceId-0_align.webp,0.059749,1.0,0.054772436134097
database3/database3/m.017rjs/94-FaceId-0_align.webp,0.227853,1.0,0.0489351662706322
database3/database3/m.017tk3/113-FaceId-0_align.webp,0.041074,1.0,0.0598566650503938
database3/database3/m.017tk3/5-FaceId-0_align.webp,0.023981,1.0,0.0603361218847994
database3/database3/m.017tk3/61-FaceId-0_align.webp,0.058875,1.0,0.0689525971888901
database3/database3/m.017tk3/83-FaceId-0_align.webp,0.016266,1.0,0.0543226135225166
database3/database3/m.017tkv/15-FaceId-0_align.webp,0.09519,0.0,0.0472961293822074
database3/database3/m.017tkv/5-FaceId-0_align.webp,0.108291,0.0,0.0523241454258051
database3/database3/m.017tlt/70-FaceId-0_align.webp,0.079127,1.0,0.0340732400186307
database3/database3/m.017tn4/17-FaceId-0_align.webp,0.026983,1.0,0.093592979265258
database3/database3/m.017tn4/54-FaceId-2_align.webp,0.042656,1.0,0.073919581777507
database3/database3/m.017tnz/116-FaceId-0_align.webp,0.135035,1.0,0.0566876620527298
database3/database3/m.017vfn/43-FaceId-0_align.webp,0.036126,1.0,0.0520184824077683
database3/database3/m.017vkk/88-FaceId-0_align.webp,0.022172,0.0,0.0528526909090038
database3/database3/m.017vkx/34-FaceId-1_align.webp,0.050784,1.0,0.1103763516181966
database3/database3/m.017wbg/77-FaceId-0_align.webp,0.079706,1.0,0.0482626051576617
database3/database3/m.017x_s/36-FaceId-0_align.webp,0.021378,1.0,0.1070828478820316
database3/database3/m.017xm3/52-FaceId-0_align.webp,0.225925,0.0,0.05726404589873
database3/database3/m.017yfz/93-FaceId-0_align.webp,0.237267,1.0,0.0
database3/database3/m.017yvm/5-FaceId-0_align.webp,0.011632,1.0,0.0511373956456549
database3/database3/m.017yvm/93-FaceId-0_align.webp,0.007487,1.0,0.0803383020255402
database3/database3/m.017yzt/119-FaceId-0_align.webp,0.299381,0.0,0.0611697850336058
database3/database3/m.017yzt/55-FaceId-0_align.webp,0.055778,0.0,0.0444991159792057
database3/database3/m.017yzt/61-FaceId-0_align.webp,0.0,0.0,0.0398334664179694
database3/database3/m.017z_/91-FaceId-0_align.webp,0.06531,1.0,0.0948764132108572
database3/database3/m.017zng/39-FaceId-0_align.webp,0.114304,1.0,0.0465097755544058
database3/database3/m.017zng/73-FaceId-0_align.webp,0.087005,1.0,0.061763848852447
database3/database3/m.017zng/97-FaceId-0_align.webp,0.096418,1.0,0.0397847872731245
database3/database3/m.01804k/55-FaceId-0_align.webp,0.104401,0.0,0.0518462825881849
database3/database3/m.01807/65-FaceId-0_align.webp,0.087681,1.0,0.1143578840884673
database3/database3/m.01807/73-FaceId-0_align.webp,0.147607,1.0,0.1257278349356421
database3/database3/m.018144/31-FaceId-0_align.webp,0.317719,1.0,0.0470855240498119
database3/database3/m.018144/55-FaceId-0_align.webp,0.076827,1.0,0.0517843607664868
database3/database3/m.01815s/106-FaceId-0_align.webp,0.234236,0.0,0.0572110511172015
database3/database3/m.01815s/50-FaceId-0_align.webp,0.243106,0.0,0.0541526092617754
database3/database3/m.01815s/64-FaceId-0_align.webp,0.173641,0.0,0.0555225163338597
database3/database3/m.0181gp/6-FaceId-0_align.webp,0.043543,1.0,0.0533502924690159
database3/database3/m.0181j_/107-FaceId-0_align.webp,0.027129,0.0,0.0514371279475703
database3/database3/m.0181kg/14-FaceId-0_align.webp,0.119867,1.0,0.1062383100189912
database3/database3/m.0181lj/18-FaceId-0_align.webp,0.190172,1.0,0.034304528557571
database3/database3/m.0181p_/19-FaceId-0_align.webp,0.041166,1.0,0.087849497712392
database3/database3/m.0181p_/99-FaceId-0_align.webp,0.035046,1.0,0.0554145837115423
database3/database3/m.0181ph/4-FaceId-0_align.webp,0.019163,1.0,0.0819483669277134
database3/database3/m.0181ph/8-FaceId-0_align.webp,0.037384,1.0,0.0
database3/database3/m.0181x9/43-FaceId-0_align.webp,0.029481,1.0,0.0537950935751682
database3/database3/m.0181xq/13-FaceId-0_align.webp,0.002527,0.0,0.0628995826136438
database3/database3/m.0182hg/59-FaceId-0_align.webp,0.003662,1.0,0.0463330178959442
database3/database3/m.0182q2/111-FaceId-0_align.webp,0.014398,1.0,0.0541526679274741
database3/database3/m.0182q2/47-FaceId-0_align.webp,0.020684,1.0,0.0556901014398981
database3/database3/m.0182q2/58-FaceId-0_align.webp,0.034155,1.0,0.0437418319996675
database3/database3/m.0182vk/101-FaceId-0_align.webp,0.185784,1.0,0.1301880983703463
database3/database3/m.0182vk/97-FaceId-0_align.webp,0.113244,1.0,0.0602353725650958
database3/database3/m.01830j/15-FaceId-0_align.webp,0.208446,0.0,0.0683325191456115
database3/database3/m.01833g/76-FaceId-0_align.webp,0.008544,1.0,0.0617684952995677
database3/database3/m.018348/1-FaceId-0_align.webp,0.029671,1.0,0.0717308027859809
database3/database3/m.0183f9/72-FaceId-0_align.webp,0.028848,1.0,0.1001804381945175
database3/database3/m.018417/7-FaceId-0_align.webp,0.270045,0.0,0.0586115630500474
database3/database3/m.018493/45-FaceId-0_align.webp,0.059135,0.0,0.0596259763703625
database3/database3/m.0184cd/37-FaceId-0_align.webp,0.012663,0.0,0.0532727435960554
database3/database3/m.0184cd/69-FaceId-0_align.webp,0.041234,0.0,0.0535982683174587
database3/database3/m.0184jc/9-FaceId-0_align.webp,0.061679,1.0,0.0676936525819328
database3/database3/m.0184xq/86-FaceId-0_align.webp,0.010468,1.0,0.0733501214592265
database3/database3/m.0185gs/107-FaceId-0_align.webp,0.133885,1.0,0.0496338188485588
database3/database3/m.0187y5/50-FaceId-0_align.webp,0.011259,1.0,0.1733961871654134
database3/database3/m.0187y5/55-FaceId-0_align.webp,0.018906,1.0,0.057474001837886
database3/database3/m.0188n0/16-FaceId-0_align.webp,0.119925,1.0,0.0616196934974427
database3/database3/m.0188n0/81-FaceId-0_align.webp,0.437819,1.0,0.0707012457004611
database3/database3/m.0188n0/93-FaceId-0_align.webp,0.241643,1.0,0.0810184386455721
database3/database3/m.0188nj/68-FaceId-0_align.webp,0.036499,1.0,0.0449227703548546
database3/database3/m.018_3q/101-FaceId-0_align.webp,0.001235,1.0,0.2593911679052891
database3/database3/m.018_3q/89-FaceId-0_align.webp,0.024563,1.0,0.0427962349220904
database3/database3/m.018_lb/81-FaceId-0_align.webp,0.104704,0.0,0.0379800956636987
database3/database3/m.018c42/45-FaceId-1_align.webp,0.268912,1.0,0.0536986107636205
database3/database3/m.018c42/5-FaceId-0_align.webp,0.033426,1.0,0.0532844164919635
database3/database3/m.018cx_/16-FaceId-0_align.webp,0.128439,0.0,0.0504796861997329
database3/database3/m.018dnt/83-FaceId-0_align.webp,0.012334,1.0,0.0507755487514429
database3/database3/m.018dpq/74-FaceId-0_align.webp,0.08469,1.0,0.0504514620171954
database3/database3/m.018dpq/9-FaceId-0_align.webp,0.06436,1.0,0.0753628980687562
database3/database3/m.018dq3/21-FaceId-0_align.webp,0.264271,0.0,0.0612395395189695
database3/database3/m.018dq3/43-FaceId-0_align.webp,0.005771,0.0,0.0518078773393147
database3/database3/m.018dqg/14-FaceId-0_align.webp,0.002005,1.0,0.0442357478290311
database3/database3/m.018dyl/57-FaceId-0_align.webp,0.066796,1.0,0.0366961216715163
database3/database3/m.018f07/77-FaceId-0_align.webp,0.067893,1.0,0.0673089752327791
database3/database3/m.018f07/88-FaceId-0_align.webp,0.019681,1.0,0.0461933170967957
database3/database3/m.018f_y/78-FaceId-0_align.webp,0.005574,1.0,0.1700210345606008
database3/database3/m.018fkc/18-FaceId-0_align.webp,0.048624,0.0,0.0719752015960541
database3/database3/m.018fkc/51-FaceId-0_align.webp,0.004824,1.0,0.0507409893894321
database3/database3/m.018fmr/107-FaceId-0_align.webp,0.087037,0.0,0.0574747629134809
database3/database3/m.018fmr/38-FaceId-0_align.webp,0.082888,0.0,0.0915164302200709
database3/database3/m.018fmr/39-FaceId-0_align.webp,0.154489,0.0,0.0531243295396096
database3/database3/m.018fmr/77-FaceId-0_align.webp,0.094029,0.0,0.049022719764964
database3/database3/m.018fmr/96-FaceId-0_align.webp,0.118151,0.0,0.0654536115457638
database3/database3/m.018fvy/74-FaceId-0_align.webp,0.006913,1.0,0.0478449225966522
database3/database3/m.018fwb/106-FaceId-0_align.webp,0.105164,0.0,0.0644324738105925
database3/database3/m.018fyy/5-FaceId-0_align.webp,0.161114,0.0,0.051739814930836
database3/database3/m.018fzs/56-FaceId-0_align.webp,0.057952,1.0,0.0944955014655254
database3/database3/m.018fzs/60-FaceId-0_align.webp,0.058021,1.0,0.0441653974295202
database3/database3/m.018fzs/89-FaceId-0_align.webp,0.00707,1.0,0.0435545462302083
database3/database3/m.018g4z/59-FaceId-0_align.webp,0.266921,0.0,0.1046326397833464
database3/database3/m.018gcf/20-FaceId-0_align.webp,0.017916,1.0,0.0469388454321942
database3/database3/m.018gcf/28-FaceId-0_align.webp,0.0,1.0,0.0569811098969526
database3/database3/m.018gjx/0-FaceId-0_align.webp,0.03658,1.0,0.0506532841849638
database3/database3/m.018gjx/88-FaceId-1_align.webp,0.040357,1.0,0.0511448840857004
database3/database3/m.018gkb/31-FaceId-0_align.webp,0.133832,1.0,0.0858817102276632
database3/database3/m.018gkb/69-FaceId-0_align.webp,0.119964,1.0,0.0509483644360563
database3/database3/m.018gl5/55-FaceId-0_align.webp,0.0,1.0,0.047505860124066
database3/database3/m.018gn4/7-FaceId-0_align.webp,0.045659,1.0,0.0568810265697758
database3/database3/m.018gn4/95-FaceId-0_align.webp,0.084694,1.0,0.0558735528267295
database3/database3/m.018gqj/17-FaceId-0_align.webp,0.18042,1.0,0.053076636385097
database3/database3/m.018gqj/45-FaceId-0_align.webp,0.048033,1.0,0.0532047711372262
database3/database3/m.018gqj/51-FaceId-0_align.webp,0.113401,1.0,0.0587680999242756
database3/database3/m.018gqj/9-FaceId-0_align.webp,0.182644,1.0,0.0621145774736007
database3/database3/m.018gsl/54-FaceId-0_align.webp,0.015144,1.0,0.1398406416678679
database3/database3/m.018gw3/19-FaceId-0_align.webp,0.042889,1.0,0.1128951003050138
database3/database3/m.018h84/20-FaceId-0_align.webp,0.006714,1.0,0.0548372592920101
database3/database3/m.018h84/4-FaceId-0_align.webp,0.077047,1.0,0.0366407500837298
database3/database3/m.018hhw/26-FaceId-0_align.webp,0.058762,0.0,0.0544818530980587
database3/database3/m.018hwl/22-FaceId-0_align.webp,0.105538,1.0,0.0723538372814484
database3/database3/m.018j3w/52-FaceId-0_align.webp,0.03127,1.0,0.0375183109124869
database3/database3/m.018j4c/21-FaceId-0_align.webp,0.159984,1.0,0.0496364167440517
database3/database3/m.018j4c/60-FaceId-0_align.webp,0.116911,1.0,0.0726968103337555
database3/database3/m.018j4c/72-FaceId-0_align.webp,0.050298,1.0,0.0532520600557312
database3/database3/m.018j5m/87-FaceId-0_align.webp,0.119486,0.0,0.069038595041944
database3/database3/m.018jnn/6-FaceId-0_align.webp,0.046059,1.0,0.0390267693765267
database3/database3/m.018jnn/60-FaceId-0_align.webp,0.021036,1.0,0.0376937176753182
database3/database3/m.018jz8/4-FaceId-0_align.webp,0.129694,1.0,0.0517438743695361
database3/database3/m.018kd0/56-FaceId-0_align.webp,0.078738,1.0,0.0552992540914824
database3/database3/m.018kjc/45-FaceId-0_align.webp,0.336481,1.0,0.0718055815862985
database3/database3/m.018kjc/74-FaceId-0_align.webp,0.359873,1.0,0.0687447445815767
database3/database3/m.018lb1/1-FaceId-0_align.webp,0.066363,0.0,0.0517189187241445
database3/database3/m.018lb1/113-FaceId-0_align.webp,0.174767,0.0,0.0558630462907111
database3/database3/m.018lb1/45-FaceId-0_align.webp,0.011283,0.0,0.0460992217628884
database3/database3/m.018lb1/60-FaceId-0_align.webp,0.101898,0.0,0.050324038213816
database3/database3/m.018lb1/67-FaceId-0_align.webp,0.058712,0.0,0.0598173831391879
database3/database3/m.018lp7/31-FaceId-0_align.webp,0.068826,0.0,0.0581152847223747
database3/database3/m.018lp7/5-FaceId-0_align.webp,0.037973,0.0,0.0526556415556416
database3/database3/m.018lpm/41-FaceId-0_align.webp,0.03151,1.0,0.0891445444105165
database3/database3/m.018lx_/11-FaceId-0_align.webp,0.157239,1.0,0.0720937241864076
database3/database3/m.018lxn/67-FaceId-0_align.webp,0.041223,0.0,0.0487470582920971
database3/database3/m.018m5c/31-FaceId-0_align.webp,0.012538,1.0,0.0380169907097805
database3/database3/m.018m5c/6-FaceId-0_align.webp,0.013236,1.0,0.0417051292195107
database3/database3/m.018m5c/74-FaceId-0_align.webp,0.007729,1.0,0.0549825532583275
database3/database3/m.018mfl/68-FaceId-0_align.webp,0.01486,1.0,0.0671966258116714
database3/database3/m.018n52/37-FaceId-0_align.webp,0.024108,1.0,0.0422336483390289
database3/database3/m.018n7d/44-FaceId-0_align.webp,0.002157,1.0,0.0422115921657674
database3/database3/m.018n9d/58-FaceId-0_align.webp,0.182622,1.0,0.0475121986776781
database3/database3/m.018nqq/25-FaceId-0_align.webp,0.02666,1.0,0.0395152019220556
database3/database3/m.018nqq/56-FaceId-0_align.webp,0.002557,1.0,0.0658409280378521
database3/database3/m.018nwp/42-FaceId-0_align.webp,0.023176,1.0,0.1044573445008379
database3/database3/m.018p19/2-FaceId-0_align.webp,0.029409,1.0,0.0730847828397805
database3/database3/m.018pj3/21-FaceId-0_align.webp,0.206243,0.0,0.0408116563080448
database3/database3/m.018pkl/117-FaceId-0_align.webp,0.00271,1.0,0.0680948165530352
database3/database3/m.018ptf/125-FaceId-1_align.webp,0.193842,0.0,0.0821449203834727
database3/database3/m.018ptf/6-FaceId-0_align.webp,0.184452,1.0,0.0504763478134753
database3/database3/m.018ptf/69-FaceId-0_align.webp,0.264398,1.0,0.0827639561839943
database3/database3/m.018ptf/87-FaceId-0_align.webp,0.284614,1.0,0.0660185052196597
database3/database3/m.018pyg/114-FaceId-0_align.webp,0.004286,0.0,0.0419867521679956
database3/database3/m.018pyg/50-FaceId-0_align.webp,0.094308,0.0,0.0404021364298003
database3/database3/m.018q7p/61-FaceId-0_align.webp,0.113962,1.0,0.0559062441327146
database3/database3/m.018qkz/35-FaceId-0_align.webp,0.11651,0.0,0.0580766932349015
database3/database3/m.018qkz/48-FaceId-0_align.webp,0.078768,0.0,0.060803527364347
database3/database3/m.018qlp/1-FaceId-0_align.webp,0.057596,0.0,0.0609561428716947
database3/database3/m.018qlp/2-FaceId-0_align.webp,0.201501,0.0,0.071694476105397
database3/database3/m.018qlp/67-FaceId-0_align.webp,0.023725,0.0,0.0477056589256945
database3/database3/m.018qlp/73-FaceId-0_align.webp,0.048836,0.0,0.0536448789179886
database3/database3/m.018qlp/81-FaceId-0_align.webp,0.220874,0.0,0.0597346642578387
database3/database3/m.018qlp/99-FaceId-0_align.webp,0.098556,0.0,0.0572806711343559
database3/database3/m.018qn8/16-FaceId-0_align.webp,0.180079,0.0,0.0575396150587058
database3/database3/m.018qn8/24-FaceId-0_align.webp,0.067297,0.0,0.0570930319026596
database3/database3/m.018qn8/3-FaceId-0_align.webp,0.144663,0.0,0.0579655645029151
database3/database3/m.018qpb/20-FaceId-0_align.webp,0.030827,0.0,0.0353202357534204
database3/database3/m.018qpb/42-FaceId-0_align.webp,0.04676,0.0,0.0468318249156867
database3/database3/m.018qr9/59-FaceId-0_align.webp,0.041718,0.0,0.0493811925091878
database3/database3/m.018qwf/0-FaceId-0_align.webp,0.034965,1.0,0.03447569401332
database3/database3/m.018qx5/48-FaceId-0_align.webp,0.145397,0.0,0.1008581894890393
database3/database3/m.018r3g/1-FaceId-0_align.webp,0.015575,1.0,0.1420469740829221
database3/database3/m.018rsq/63-FaceId-0_align.webp,0.05182,1.0,0.0444549009800675
database3/database3/m.018rsq/82-FaceId-0_align.webp,0.021029,1.0,0.0510553816858729
database3/database3/m.018ry5/78-FaceId-0_align.webp,0.052713,1.0,0.0559513569759188
database3/database3/m.018s7v/75-FaceId-0_align.webp,0.055964,0.0,0.0587533953658525
database3/database3/m.018slq/19-FaceId-0_align.webp,0.164016,1.0,0.0576946881530478
database3/database3/m.018swb/94-FaceId-0_align.webp,0.035612,1.0,0.0589188368347337
database3/database3/m.018t67/2-FaceId-0_align.webp,0.002151,1.0,0.0344388448632464
database3/database3/m.018t67/75-FaceId-0_align.webp,0.002161,1.0,0.0378520528047316
database3/database3/m.018t67/76-FaceId-0_align.webp,0.014984,1.0,0.0407702755925555
database3/database3/m.018tfd/63-FaceId-0_align.webp,0.039426,1.0,0.035948392511035
database3/database3/m.018tvs/4-FaceId-0_align.webp,0.186437,1.0,0.06076433998053
database3/database3/m.018v8c/66-FaceId-0_align.webp,0.031012,1.0,0.0393627634628627
database3/database3/m.018v_8/56-FaceId-0_align.webp,0.065146,1.0,0.0406094027725439
database3/database3/m.018vhw/41-FaceId-2_align.webp,0.017996,1.0,0.1764094029540253
database3/database3/m.018vhw/84-FaceId-1_align.webp,0.010037,1.0,0.0594973760412855
database3/database3/m.018vhw/94-FaceId-0_align.webp,0.022504,1.0,0.0451742379451253
database3/database3/m.018w6s/30-FaceId-0_align.webp,0.009687,1.0,0.156578095607851
database3/database3/m.018wh0/34-FaceId-0_align.webp,0.038341,1.0,0.0404156815743134
database3/database3/m.018wqb/36-FaceId-1_align.webp,0.061601,1.0,0.0853469288095878
database3/database3/m.018x3/82-FaceId-0_align.webp,0.000249,1.0,0.040449254366783
database3/database3/m.018x3/89-FaceId-0_align.webp,0.006661,1.0,0.0666705992565023
database3/database3/m.018xrz/49-FaceId-0_align.webp,0.084464,1.0,0.0559015792515158
database3/database3/m.018y0w/54-FaceId-0_align.webp,0.014612,1.0,0.0491284305876212
database3/database3/m.018y2s/21-FaceId-0_align.webp,0.010478,1.0,0.0527353620788368
database3/database3/m.018y4x/104-FaceId-0_align.webp,0.014664,1.0,0.0472388391726961
database3/database3/m.018y4x/94-FaceId-0_align.webp,0.083805,1.0,0.0364132254581273
database3/database3/m.018ycp/32-FaceId-0_align.webp,0.169605,1.0,0.046643356428443
database3/database3/m.018ycp/64-FaceId-0_align.webp,0.011204,1.0,0.0448290287836278
