filename,target,gender,pred
database1/img00000154.webp,0.036749,1.0,0.1252402776941165
database1/img00000271.webp,0.229724,1.0,0.1637101092410449
database1/img00000323.webp,0.120628,0.0,0.1259403119496494
database1/img00000364.webp,0.00341,1.0,0.1153839448336669
database1/img00000371.webp,0.000249,1.0,0.1345491640161382
database1/img00000438.webp,0.102267,0.0,0.1337082040040089
database1/img00000448.webp,0.032257,0.0,0.1350924200834209
database1/img00000477.webp,0.158779,0.0,0.099036050723466
database1/img00000491.webp,0.333523,0.0,0.145397703938041
database1/img00000679.webp,0.022454,0.0,0.1230497688562954
database1/img00000766.webp,0.241328,0.0,0.1517565692774729
database1/img00000781.webp,0.01402,1.0,0.1209117060275321
database1/img00000793.webp,0.308688,0.0,0.1728074944351285
database1/img00000806.webp,0.083687,1.0,0.1216638259521094
database1/img00000857.webp,0.167176,0.0,0.1350356234541006
database1/img00000882.webp,0.118298,0.0,0.1351488905351269
database1/img00000903.webp,0.006576,1.0,0.1450858609024149
database1/img00000929.webp,0.021546,1.0,0.1343961267855028
database1/img00000941.webp,0.232414,0.0,0.1492714048467749
database1/img00001032.webp,0.044127,1.0,0.1502746418792691
database1/img00001145.webp,0.022379,1.0,0.1106518563776814
database1/img00001291.webp,0.022322,0.0,0.123123659002838
database1/img00001371.webp,0.148865,0.0,0.1306793731950271
database1/img00001491.webp,0.264813,0.0,0.1773284065801371
database1/img00001551.webp,0.054068,1.0,0.1234872858138384
database1/img00001573.webp,0.095382,0.0,0.1031840070762173
database1/img00001650.webp,0.088325,0.0,0.1035069249637492
database1/img00001652.webp,0.074782,1.0,0.1270178781868913
database1/img00001674.webp,0.188753,0.0,0.1781204095674566
database1/img00001701.webp,0.002942,1.0,0.1319019665703575
database1/img00001779.webp,0.009358,1.0,0.2486655004143364
database1/img00001812.webp,0.017934,0.0,0.1068035547441759
database1/img00001859.webp,0.006232,1.0,0.1468043673169865
database1/img00001872.webp,0.094988,0.0,0.1330195364054863
database1/img00001883.webp,0.015755,0.0,0.1414085412306222
database1/img00001978.webp,0.02291,1.0,0.1507314451618187
database1/img00002013.webp,0.068771,1.0,0.1168383931446621
database1/img00002073.webp,0.265663,0.0,0.1519340595088634
database1/img00002136.webp,0.083835,0.0,0.1328211161726107
database1/img00002187.webp,0.062593,1.0,0.1412686651762953
database1/img00002221.webp,0.024328,1.0,0.1334478465909072
database1/img00002227.webp,0.172367,0.0,0.14912852256539
database1/img00002414.webp,0.290565,0.0,0.249760562924892
database1/img00002415.webp,0.370759,0.0,0.1732624098663599
database1/img00002527.webp,0.008082,0.0,0.1215178335800369
database1/img00002649.webp,0.108227,0.0,0.1281667443383954
database1/img00002695.webp,0.191496,0.0,0.1310932800965919
database1/img00002698.webp,0.019352,0.0,0.1356927745247346
database1/img00002713.webp,0.025594,1.0,0.1376663725625579
database1/img00002737.webp,0.01324,1.0,0.1310953064144833
database1/img00002813.webp,0.015997,0.0,0.1093525116252249
database1/img00002915.webp,0.059948,0.0,0.1238519441991547
database1/img00002916.webp,0.061003,0.0,0.132512847232326
database1/img00003052.webp,0.34648,0.0,0.1448378872952326
database1/img00003146.webp,0.130163,0.0,0.0928026484534021
database1/img00003162.webp,0.193332,0.0,0.1648725452150905
database1/img00003199.webp,0.314562,0.0,0.1487299785946143
database1/img00003273.webp,0.126445,0.0,0.1652657631014034
database1/img00003300.webp,0.007141,1.0,0.1386180515886296
database1/img00003360.webp,0.008946,1.0,0.1287665802235853
database1/img00003390.webp,0.054933,0.0,0.1332871700158588
database1/img00003437.webp,0.01322,1.0,0.113416446916496
database1/img00003452.webp,0.040754,0.0,0.1069139702924181
database1/img00003584.webp,0.23463,0.0,0.1493357296681254
database1/img00003713.webp,0.000555,1.0,0.0927119324639165
database1/img00003746.webp,0.099051,1.0,0.1389090733996495
database1/img00003877.webp,0.01258,0.0,0.1330740507749587
database1/img00003884.webp,0.091278,0.0,0.1170335426999001
database1/img00003887.webp,0.010493,1.0,0.1839081677797455
database1/img00003978.webp,0.178955,0.0,0.0902506931127794
database1/img00004026.webp,0.365443,0.0,0.1655839152978873
database1/img00004041.webp,0.094007,0.0,0.1167680026951786
database1/img00004164.webp,0.026259,1.0,0.1204197961632783
database1/img00004216.webp,0.034337,0.0,0.1180421409097691
database1/img00004261.webp,0.165876,0.0,0.159846936900878
database1/img00004273.webp,0.156777,0.0,0.1219230164668546
database1/img00004308.webp,0.126358,0.0,0.13076945672446
database1/img00004416.webp,0.13739,1.0,0.1238443476017016
database1/img00004426.webp,0.364242,1.0,0.1740073818589587
database1/img00004540.webp,0.140347,0.0,0.1110868671205298
database1/img00004621.webp,0.130906,0.0,0.1357402804670688
database1/img00004701.webp,0.060368,0.0,0.0999832554895443
database1/img00004841.webp,0.021785,1.0,0.121455362983997
database1/img00004851.webp,0.058337,1.0,0.1371714852400752
database1/img00004895.webp,0.001337,1.0,0.1181584234703294
database1/img00005027.webp,0.095752,1.0,0.1581188366672336
database1/img00005030.webp,0.114344,0.0,0.1391343774710886
database1/img00005095.webp,0.018419,0.0,0.1434271425661167
database1/img00005116.webp,0.107525,0.0,0.1503436774537736
database1/img00005179.webp,0.058586,1.0,0.1303251921083164
database1/img00005208.webp,0.021009,1.0,0.2268230750360059
database1/img00005271.webp,0.408256,0.0,0.1794192810755948
database1/img00005293.webp,0.043233,0.0,0.1306669628281127
database1/img00005339.webp,0.173984,0.0,0.1034798843903037
database1/img00005347.webp,0.002911,0.0,0.0886178222724986
database1/img00005361.webp,0.189098,0.0,0.1283214468541836
database1/img00005501.webp,0.145725,0.0,0.1241516231179449
database1/img00005507.webp,0.232343,0.0,0.207847140458878
database1/img00005509.webp,0.003247,1.0,0.2066385865229762
database1/img00005522.webp,0.185571,0.0,0.1212522996978119
database1/img00005579.webp,0.037795,1.0,0.1385660279252614
database1/img00005689.webp,0.281579,0.0,0.1344171712746172
database1/img00005696.webp,0.366924,0.0,0.1997635345159985
database1/img00005723.webp,0.013358,0.0,0.1398310348567696
database1/img00005726.webp,0.041346,1.0,0.1377291482459772
database1/img00005753.webp,0.009879,0.0,0.135010387839225
database1/img00005766.webp,0.177714,0.0,0.1343640179134075
database1/img00005768.webp,0.024309,1.0,0.1513206103241235
database1/img00005822.webp,0.022373,0.0,0.1070769954085893
database1/img00005851.webp,0.375359,0.0,0.1490822741326961
database1/img00005896.webp,0.063671,0.0,0.1476743206874371
database1/img00005910.webp,0.374925,0.0,0.1413062067690668
database1/img00006003.webp,0.020291,1.0,0.1334753427819253
database1/img00006021.webp,0.018409,1.0,0.2232742725114836
database1/img00006047.webp,0.105454,0.0,0.1261996243162629
database1/img00006101.webp,0.326093,0.0,0.1571412996296306
database1/img00006168.webp,0.00248,1.0,0.096513948441118
database1/img00006196.webp,0.0412,1.0,0.1288954298540435
database1/img00006204.webp,0.331116,1.0,0.152253843048218
database1/img00006269.webp,0.011789,1.0,0.1347756035292012
database1/img00006334.webp,0.003849,1.0,0.1019459313211155
database1/img00006414.webp,0.208227,0.0,0.1408787712546078
database1/img00006420.webp,0.026323,1.0,0.1421547847816839
database1/img00006436.webp,0.008945,1.0,0.153846257392945
database1/img00006571.webp,0.06176,0.0,0.1174148685991128
database1/img00006576.webp,0.028441,1.0,0.1451823201670375
database1/img00006629.webp,0.000814,1.0,0.0892854614976654
database1/img00006690.webp,0.119839,0.0,0.1248677071459125
database1/img00006694.webp,0.019638,1.0,0.1176196794480682
database1/img00006722.webp,0.383369,0.0,0.1876057925118751
database1/img00006757.webp,0.169654,1.0,0.1785571508882579
database1/img00007032.webp,0.079705,0.0,0.1336293746295424
database1/img00007152.webp,0.296672,0.0,0.1702494742461912
database1/img00007289.webp,0.004896,1.0,0.1452439798430152
database1/img00007329.webp,0.096683,0.0,0.1390865651981737
database1/img00007335.webp,0.012784,1.0,0.1378562363580694
database1/img00007354.webp,0.047242,0.0,0.1175178351985383
database1/img00007383.webp,0.020362,1.0,0.104915784342456
database1/img00007416.webp,0.105824,1.0,0.1418855942868753
database1/img00007435.webp,0.275659,0.0,0.2239115143613762
database1/img00007452.webp,0.091268,0.0,0.1237696729076527
database1/img00007454.webp,0.052407,1.0,0.1594881232751676
database1/img00007468.webp,0.289625,0.0,0.2050617528210815
database1/img00007470.webp,0.024029,1.0,0.2164402728533406
database1/img00007537.webp,0.023879,0.0,0.1255036071379947
database1/img00007538.webp,0.239526,0.0,0.1450378651470317
database1/img00007592.webp,0.092299,0.0,0.1315063429888516
database1/img00007663.webp,0.000453,1.0,0.103837448642379
database1/img00007675.webp,0.145663,0.0,0.1209661786963002
database1/img00007764.webp,0.212475,0.0,0.1312222680070435
database1/img00007790.webp,0.273678,0.0,0.1659938164571561
database1/img00007837.webp,0.07434,0.0,0.1233830358757237
database1/img00007851.webp,0.187909,0.0,0.1371453824858557
database1/img00007897.webp,0.021438,1.0,0.1287834844869417
database1/img00007955.webp,0.100119,0.0,0.1269972035112045
database1/img00007965.webp,0.126287,0.0,0.1039682532425912
database1/img00008054.webp,0.125876,0.0,0.1106671478796015
database1/img00008062.webp,0.192134,0.0,0.1759757721930723
database1/img00008079.webp,0.010384,1.0,0.1275847668977243
database1/img00008191.webp,0.127108,1.0,0.165182995311507
database1/img00008233.webp,0.03355,1.0,0.1391647788842038
database1/img00008333.webp,0.123145,0.0,0.1267159320410338
database1/img00008350.webp,0.003002,0.0,0.1027050034620741
database1/img00008419.webp,0.136366,0.0,0.1358459168523759
database1/img00008444.webp,0.19563,0.0,0.134845920353134
database1/img00008485.webp,0.153649,0.0,0.1099426651264315
database1/img00008500.webp,0.243166,1.0,0.1481462532071865
database1/img00008540.webp,0.020411,1.0,0.1353185785289753
database1/img00008619.webp,0.172849,1.0,0.1410137486710621
database1/img00008684.webp,0.116788,1.0,0.208779795209146
database1/img00008694.webp,0.257404,1.0,0.1822118305347557
database1/img00008702.webp,0.150713,0.0,0.1285684796316765
database1/img00008778.webp,0.047436,1.0,0.1495082966102427
database1/img00008864.webp,0.142253,1.0,0.1474451539885673
database1/img00008929.webp,0.025151,1.0,0.1119897556570109
database1/img00009119.webp,0.134423,0.0,0.1304769003404488
database1/img00009131.webp,0.11769,0.0,0.1131884437185919
database1/img00009180.webp,0.22272,0.0,0.1630285649021609
database1/img00009210.webp,0.133618,1.0,0.1308824331478597
database1/img00009215.webp,0.015083,1.0,0.2220722870414828
database1/img00009309.webp,0.232271,0.0,0.2006356262781762
database1/img00009310.webp,0.032707,1.0,0.1524301068324325
database1/img00009395.webp,0.188981,0.0,0.1149475988860193
database1/img00009397.webp,0.022474,0.0,0.1083041424709055
database1/img00009399.webp,0.009987,1.0,0.1150930925434274
database1/img00009423.webp,0.205953,0.0,0.1386595042116334
database1/img00009521.webp,0.096612,0.0,0.1158108132775519
database1/img00009606.webp,0.062144,1.0,0.1237822332705203
database1/img00009643.webp,0.076471,0.0,0.1275598230650368
database1/img00009666.webp,0.249637,0.0,0.1381247375090888
database1/img00009740.webp,0.056754,0.0,0.1272019266998537
database1/img00009804.webp,0.00402,1.0,0.1779752999370224
database1/img00009898.webp,0.123271,0.0,0.1276643151287851
database1/img00009952.webp,0.220282,0.0,0.1518200717931422
database1/img00009963.webp,0.081114,1.0,0.138920484233934
database1/img00010009.webp,0.161796,0.0,0.1195843048008632
database1/img00010196.webp,0.131846,0.0,0.1236742649111772
database1/img00010250.webp,0.119697,0.0,0.1796480692918906
database1/img00010353.webp,0.145055,0.0,0.1348544191312008
database1/img00010363.webp,0.133258,0.0,0.126615937675382
database1/img00010383.webp,0.010398,1.0,0.0877780391234451
database1/img00010445.webp,0.356323,0.0,0.139643315154968
database1/img00010509.webp,0.056891,1.0,0.1716259530374942
database1/img00010530.webp,0.091729,0.0,0.135771384200043
database1/img00010535.webp,0.304853,0.0,0.1839385879710479
database1/img00010537.webp,0.013696,0.0,0.1400064490922655
database1/img00010580.webp,0.154987,1.0,0.1301660048359988
database1/img00010612.webp,0.334599,0.0,0.1501388129472541
database1/img00010629.webp,0.060911,0.0,0.1134299986175071
database1/img00010643.webp,0.114721,1.0,0.123975112036776
database1/img00010674.webp,0.023709,0.0,0.1114283536287031
database1/img00010757.webp,0.206361,0.0,0.1375002061526227
database1/img00010780.webp,0.013969,0.0,0.1294242077266524
database1/img00010790.webp,0.031334,0.0,0.1184507896279396
database1/img00010806.webp,0.065196,0.0,0.1271949537518606
database1/img00010887.webp,0.081617,0.0,0.1285540801071854
database1/img00010888.webp,0.233141,1.0,0.1746696306819897
database1/img00010982.webp,0.00745,1.0,0.1475071202857702
database1/img00010983.webp,0.20866,0.0,0.1352326832367897
database1/img00011118.webp,0.178597,1.0,0.2112712152921051
database1/img00011128.webp,0.27358,1.0,0.14333682338002
database1/img00011142.webp,0.28074,1.0,0.1693911476279722
database1/img00011296.webp,0.108452,1.0,0.1576507420382248
database1/img00011507.webp,0.092578,0.0,0.1141649550427461
database1/img00011516.webp,0.087323,0.0,0.1274860259646016
database1/img00011597.webp,0.091441,0.0,0.1288209572750584
database1/img00011619.webp,0.253533,0.0,0.1583935118881171
database1/img00011623.webp,0.079619,0.0,0.1165468593011359
database1/img00011711.webp,0.412517,0.0,0.188740169739376
database1/img00011737.webp,0.360567,0.0,0.1596205096820499
database1/img00011787.webp,0.009168,1.0,0.1231087476924594
database1/img00011827.webp,0.096535,0.0,0.1340019071283736
database1/img00011910.webp,0.153312,0.0,0.1164904103322764
database1/img00011946.webp,0.118833,0.0,0.1311360483683061
database1/img00011981.webp,0.044401,1.0,0.1346019483542204
database1/img00011982.webp,0.064973,1.0,0.12186684954772
database1/img00012046.webp,0.013245,1.0,0.1365824017761144
database1/img00012050.webp,0.169118,0.0,0.1254809687083311
database1/img00012055.webp,0.118938,0.0,0.13202831328495
database1/img00012083.webp,0.105677,1.0,0.1263785311624657
database1/img00012173.webp,0.148639,0.0,0.1329447099015874
database1/img00012174.webp,0.13274,0.0,0.1293967813444232
database1/img00012175.webp,0.161502,0.0,0.1474061031785549
database1/img00012194.webp,0.057599,0.0,0.1315789798825739
database1/img00012259.webp,0.022948,1.0,0.1824697989228178
database1/img00012293.webp,0.081765,0.0,0.1342625421845097
database1/img00012367.webp,0.265563,0.0,0.1688089236805965
database1/img00012402.webp,0.08769,0.0,0.1328308396627352
database1/img00012413.webp,0.178087,0.0,0.1360441704978773
database1/img00012417.webp,0.047864,1.0,0.1247910268075108
database1/img00012444.webp,0.279593,0.0,0.1508336473583304
database1/img00012509.webp,0.14518,0.0,0.112789346045806
database1/img00012555.webp,0.159567,0.0,0.1405592974497317
database1/img00012681.webp,0.00788,1.0,0.1195968688723916
database1/img00012805.webp,0.03627,0.0,0.1307672559808141
database1/img00012844.webp,0.027729,1.0,0.1358113229276591
database1/img00012874.webp,0.002528,1.0,0.1808516911569647
database1/img00012883.webp,0.105193,1.0,0.1228503012864889
database1/img00012980.webp,0.021348,1.0,0.1327727016971451
database1/img00013033.webp,0.378744,0.0,0.1658762679946462
database1/img00013074.webp,0.20406,0.0,0.1701503454529788
database1/img00013089.webp,0.0,1.0,0.0965817431880241
database1/img00013099.webp,0.124905,0.0,0.1741686066099584
database1/img00013109.webp,0.255454,0.0,0.2519784159501149
database1/img00013151.webp,0.003784,1.0,0.1176824146687768
database1/img00013182.webp,0.112701,0.0,0.1244269499525382
database1/img00013213.webp,0.208104,1.0,0.1485243845013696
database1/img00013311.webp,0.021686,1.0,0.1307490246337587
database1/img00013313.webp,0.096531,0.0,0.1465841201435762
database1/img00013345.webp,0.111239,1.0,0.1405516256672303
database1/img00013392.webp,0.234015,0.0,0.1333449265366948
database1/img00013433.webp,0.013693,1.0,0.132935859280186
database1/img00013450.webp,0.007936,1.0,0.1214596036976686
database1/img00013515.webp,0.055869,0.0,0.1277819370152367
database1/img00013591.webp,0.097683,0.0,0.1224030383909439
database1/img00013659.webp,0.005492,0.0,0.1371159154942695
database1/img00013777.webp,0.039118,0.0,0.1237460925577776
database1/img00013856.webp,0.08085,0.0,0.1507699950442005
database1/img00013896.webp,0.155239,0.0,0.1388365199787378
database1/img00013978.webp,0.216187,1.0,0.1191802787396073
database1/img00014030.webp,0.009111,0.0,0.1472395652086117
database1/img00014146.webp,0.019737,0.0,0.1308969957515022
database1/img00014277.webp,0.009327,1.0,0.1467956333522475
database1/img00014440.webp,0.313716,0.0,0.1699181353300006
database1/img00014506.webp,0.002933,0.0,0.1357813271871578
database1/img00014634.webp,0.124116,1.0,0.132766515406053
database1/img00014645.webp,0.294956,1.0,0.1617681700402432
database1/img00014657.webp,0.009173,1.0,0.1068031416753872
database1/img00014808.webp,0.222577,0.0,0.1535021039108865
database1/img00014845.webp,0.184098,0.0,0.1389558639225844
database1/img00014912.webp,0.085464,0.0,0.134235493689078
database1/img00014924.webp,0.071344,1.0,0.1535390846122817
database1/img00015038.webp,0.222266,1.0,0.1517300799124639
database1/img00015081.webp,0.134204,0.0,0.1770196017297442
database1/img00015348.webp,0.225921,0.0,0.1566739118823583
database1/img00015359.webp,0.033386,0.0,0.1258220276143239
database1/img00015476.webp,0.164199,0.0,0.1846566952343625
database1/img00015498.webp,0.128891,0.0,0.1170019537192217
database1/img00015505.webp,0.086803,0.0,0.1297106019223308
database1/img00015509.webp,0.096299,1.0,0.1510406526912708
database1/img00015766.webp,0.128287,0.0,0.1241602390715128
database1/img00015784.webp,0.198335,0.0,0.1290691314897468
database1/img00015947.webp,0.126497,0.0,0.1289436936331373
database1/img00016004.webp,0.076385,0.0,0.1317730582064102
database1/img00016096.webp,0.018479,1.0,0.1221672172120192
database1/img00016164.webp,0.009807,1.0,0.1222724711380698
database1/img00016181.webp,0.000908,1.0,0.1082295829962618
database1/img00016288.webp,0.368142,0.0,0.1780527717887811
database1/img00016296.webp,0.233928,0.0,0.1354840908133439
database1/img00016398.webp,0.070727,0.0,0.1302862437408485
database1/img00016442.webp,0.050167,0.0,0.1259621201305652
database1/img00016457.webp,0.145227,1.0,0.1314845645635048
database1/img00016490.webp,0.091022,0.0,0.1124019195371818
database1/img00016497.webp,0.144198,0.0,0.1385239191330254
database1/img00016611.webp,0.10049,0.0,0.1285059731205019
database1/img00016679.webp,0.001846,0.0,0.1264956591282668
database1/img00016886.webp,0.012909,1.0,0.1163791978783401
database1/img00016934.webp,0.076123,1.0,0.1187971770051376
database1/img00016955.webp,0.030027,1.0,0.1550127330394348
database1/img00017135.webp,0.137474,0.0,0.1282860442250766
database1/img00017144.webp,0.291437,0.0,0.1448897702504668
database1/img00017157.webp,0.097188,0.0,0.1263856399091748
database1/img00017237.webp,0.019539,0.0,0.1226131785596176
database1/img00017467.webp,0.193369,0.0,0.1614716530022705
database1/img00017485.webp,0.231654,0.0,0.2025241450715698
database1/img00017623.webp,0.273226,0.0,0.138560260629464
database1/img00017648.webp,0.013591,1.0,0.1090655959199592
database1/img00017737.webp,0.0127,1.0,0.1306461793919709
database1/img00017893.webp,0.369649,0.0,0.1430523976585039
database1/img00018025.webp,0.125656,0.0,0.1200431343230217
database1/img00018042.webp,0.016056,1.0,0.1223445405570087
database1/img00018045.webp,0.096288,0.0,0.1256134070584436
database1/img00018076.webp,0.184672,1.0,0.1336012757651261
database1/img00018117.webp,0.020611,0.0,0.1429197743122593
database1/img00018133.webp,0.049189,0.0,0.131210498361987
database1/img00018173.webp,0.28192,0.0,0.1562284943054003
database1/img00018225.webp,0.130293,0.0,0.1159611983623727
database1/img00018284.webp,0.238474,0.0,0.1450915458877575
database1/img00018380.webp,0.182421,0.0,0.1251593568662848
database1/img00018422.webp,0.021826,0.0,0.1299317809691826
database1/img00018465.webp,0.041569,1.0,0.1350964586790682
database1/img00018500.webp,0.147015,0.0,0.1250809685552462
database1/img00018591.webp,0.11045,0.0,0.1460160227042615
database1/img00018619.webp,0.026771,1.0,0.1355796235240351
database1/img00018643.webp,0.14475,0.0,0.1367303223704941
database1/img00018689.webp,0.008002,0.0,0.1306185100467773
database1/img00018779.webp,0.045676,1.0,0.1240566520326187
database1/img00018873.webp,0.099329,0.0,0.1207606442975098
database1/img00018963.webp,0.0236,1.0,0.2568009887650291
database1/img00019125.webp,0.039224,1.0,0.1447741151259091
database1/img00019151.webp,0.151887,0.0,0.1619393935255978
database1/img00019162.webp,0.357571,0.0,0.1649873129107503
database1/img00019165.webp,0.070241,1.0,0.1446457223805053
database1/img00019172.webp,0.017685,0.0,0.1131064158883338
database1/img00019200.webp,0.017214,1.0,0.1241340176858705
database1/img00019353.webp,0.013152,0.0,0.1226219208768458
database1/img00019360.webp,0.02429,1.0,0.120925576670313
database1/img00019362.webp,0.226958,0.0,0.1326324539573025
database1/img00019406.webp,0.122785,0.0,0.1235913101641338
database1/img00019511.webp,0.00639,1.0,0.1201493216557982
database1/img00019553.webp,0.097165,0.0,0.1205793314287699
database1/img00019616.webp,0.008603,1.0,0.1472824978714876
database1/img00019625.webp,0.044642,1.0,0.1530215082907377
database1/img00019811.webp,0.135181,0.0,0.1283355812858388
database1/img00019846.webp,0.085115,0.0,0.1310220246985685
database1/img00019883.webp,0.295134,0.0,0.1888158323291803
database1/img00019956.webp,0.121542,0.0,0.1282382122773147
database1/img00020019.webp,0.245216,0.0,0.1441291762563048
database1/img00020092.webp,0.229511,0.0,0.1669957878192769
database1/img00020095.webp,0.369647,0.0,0.1509309697621756
database1/img00020106.webp,0.016139,1.0,0.1079320841919417
database1/img00020280.webp,0.093764,0.0,0.1270343247506803
database1/img00020383.webp,0.174486,0.0,0.1360922184228116
database1/img00020425.webp,0.105022,0.0,0.1244368008072236
database1/img00020495.webp,0.101841,0.0,0.1304087734434739
database1/img00020506.webp,0.143822,0.0,0.1360820330011586
database1/img00020690.webp,0.113169,0.0,0.1158464231023465
database1/img00020757.webp,0.123725,0.0,0.1288036049756966
database1/img00020765.webp,0.148549,0.0,0.1283284866365815
database1/img00020799.webp,0.406729,0.0,0.1948782259044681
database1/img00020831.webp,0.0,1.0,0.088614741942278
database1/img00020839.webp,0.164052,0.0,0.1217929625226456
database1/img00020840.webp,0.164657,0.0,0.1378275494890539
database1/img00020876.webp,0.039848,0.0,0.1315951564502725
database1/img00020958.webp,0.18413,1.0,0.1221823604947627
database1/img00021024.webp,0.011248,1.0,0.1367617867900311
database1/img00021028.webp,0.079159,0.0,0.1161861802064419
database1/img00021119.webp,0.231027,0.0,0.1116196704398433
database1/img00021174.webp,0.029653,1.0,0.1292747132748992
database1/img00021203.webp,0.100309,1.0,0.2021546918789672
database1/img00021240.webp,0.12352,0.0,0.1353864827430297
database1/img00021256.webp,0.115372,0.0,0.1242794538677254
database1/img00021294.webp,0.230757,0.0,0.160513723161082
database1/img00021336.webp,0.216002,0.0,0.1365671461374058
database1/img00021374.webp,0.038864,0.0,0.1290484395974223
database1/img00021382.webp,0.023478,1.0,0.2138487424553193
database1/img00021398.webp,0.118902,0.0,0.2427314766926251
database1/img00021523.webp,0.125539,0.0,0.1309845733773614
database1/img00021529.webp,0.020743,0.0,0.1330176567526549
database1/img00021585.webp,0.323915,0.0,0.1397626786082683
database1/img00021592.webp,0.053661,1.0,0.1422525875062321
database1/img00021620.webp,0.012103,1.0,0.1405808679905718
database1/img00021622.webp,0.258145,0.0,0.1476852661148581
database1/img00021629.webp,0.347567,0.0,0.168238064850783
database1/img00021724.webp,0.117861,0.0,0.1333255640979246
database1/img00021737.webp,0.042247,1.0,0.1298822873504759
database1/img00021763.webp,0.319156,0.0,0.1935615165760082
database1/img00021881.webp,0.200485,0.0,0.1242752611079305
database1/img00021891.webp,0.158308,0.0,0.1302123288251513
database1/img00022037.webp,0.280548,0.0,0.1625889214333439
database1/img00022062.webp,0.084716,1.0,0.1190887316022838
database1/img00022089.webp,0.105552,0.0,0.1285048329727688
database1/img00022098.webp,0.019455,1.0,0.1276521843728936
database1/img00022099.webp,0.017022,1.0,0.1458037345075419
database1/img00022106.webp,0.009696,1.0,0.124867990677549
database1/img00022110.webp,0.247685,0.0,0.191286618113597
database1/img00022174.webp,0.246505,1.0,0.1509909932280842
database1/img00022220.webp,0.197348,0.0,0.2149126300045688
database1/img00022367.webp,0.130304,0.0,0.1398478567150003
database1/img00022458.webp,0.178211,1.0,0.102643439929105
database1/img00022462.webp,0.147091,1.0,0.1304339027181281
database1/img00022521.webp,0.025301,1.0,0.1209010951886607
database1/img00022669.webp,0.094607,1.0,0.2393560162459223
database1/img00022715.webp,0.056654,0.0,0.1082002671325213
database1/img00022789.webp,0.207616,0.0,0.207127141122993
database1/img00022833.webp,0.037262,1.0,0.1328793205696455
database1/img00022848.webp,0.082086,0.0,0.12637548061946
database1/img00022964.webp,0.170935,0.0,0.1386526902580869
database1/img00023014.webp,0.001544,1.0,0.2426038128253154
database1/img00023146.webp,0.103648,1.0,0.1475001470490558
database1/img00023176.webp,0.028973,1.0,0.1789888108336114
database1/img00023181.webp,0.102577,0.0,0.1357002954624634
database1/img00023337.webp,0.089515,0.0,0.1196426578500983
database1/img00023439.webp,0.005019,1.0,0.122187003055911
database1/img00023478.webp,0.105124,0.0,0.1166017610572067
database1/img00023517.webp,0.050744,0.0,0.1347037638389086
database1/img00023568.webp,0.010958,1.0,0.1416060467912778
database1/img00023725.webp,0.203847,0.0,0.1294110030762945
database1/img00023876.webp,0.079286,0.0,0.1232388258363781
database1/img00023903.webp,0.124474,0.0,0.1057096206438615
database1/img00024004.webp,0.151347,0.0,0.134179221882331
database1/img00024033.webp,0.008003,1.0,0.1403291585252096
database1/img00024054.webp,0.158105,0.0,0.1294504586155984
database1/img00024075.webp,0.098827,0.0,0.1381158448208921
database1/img00024097.webp,0.056329,1.0,0.1261358538326464
database1/img00024151.webp,0.223931,0.0,0.1243036609991328
database1/img00024251.webp,0.125194,0.0,0.1285569765631174
database1/img00024286.webp,0.203387,0.0,0.190791171188775
database1/img00024330.webp,0.039351,0.0,0.1491225847905352
database1/img00024429.webp,0.001011,1.0,0.0985813522049518
database1/img00024472.webp,0.231978,0.0,0.1492932210549524
database1/img00024480.webp,0.229159,0.0,0.1207788872481457
database1/img00024496.webp,0.010786,0.0,0.1401621822890457
database1/img00024553.webp,0.040348,1.0,0.1369972170236683
database1/img00024607.webp,0.016616,1.0,0.14389344709743
database1/img00024687.webp,0.27365,0.0,0.1505709623785531
database1/img00024753.webp,0.192923,0.0,0.143622750999563
database1/img00024774.webp,0.053221,0.0,0.129178203664375
database1/img00025064.webp,0.015037,0.0,0.1129458866425943
database1/img00025075.webp,0.298755,0.0,0.1645298533121465
database1/img00025133.webp,0.155681,1.0,0.1352031631914005
database1/img00025166.webp,0.014644,0.0,0.1370220567169353
database1/img00025308.webp,0.026547,1.0,0.133297627767564
database1/img00025347.webp,0.003317,1.0,0.1393313346790266
database1/img00025392.webp,0.084647,0.0,0.1306921624556218
database1/img00025465.webp,0.083236,0.0,0.1639119088903108
database1/img00025509.webp,0.003962,0.0,0.1414727844621714
database1/img00025534.webp,0.073372,0.0,0.121830665074956
database1/img00025566.webp,0.059194,1.0,0.1428986050089039
database1/img00025641.webp,0.045629,1.0,0.1435235208859479
database1/img00025678.webp,0.113275,0.0,0.134709905756271
database1/img00025969.webp,0.033245,1.0,0.1307629673998778
database1/img00026052.webp,0.217685,0.0,0.1356898526285501
database1/img00026073.webp,0.052874,0.0,0.1219229741140604
database1/img00026088.webp,0.15625,0.0,0.1391642016724039
database1/img00026103.webp,0.013345,1.0,0.1461613711739096
database1/img00026169.webp,0.063574,1.0,0.1641159825347657
database1/img00026178.webp,0.317092,0.0,0.1551766065242249
database1/img00026249.webp,0.008453,1.0,0.1440960691386567
database1/img00026281.webp,0.219012,1.0,0.1436484069451405
database1/img00026282.webp,0.011198,1.0,0.1403099029486594
database1/img00026305.webp,0.138547,1.0,0.1429349232362931
database1/img00026333.webp,0.154155,0.0,0.1272763984885888
database1/img00026341.webp,0.145098,0.0,0.224131936420158
database1/img00026380.webp,0.102089,0.0,0.1383951784504637
database1/img00026418.webp,0.030072,1.0,0.1312878023316523
database1/img00026462.webp,0.007743,0.0,0.1289498948823067
database1/img00026473.webp,0.0,1.0,0.1204149060495874
database1/img00026493.webp,0.222605,0.0,0.1324264920397075
database1/img00026505.webp,0.024604,1.0,0.1490256399999674
database1/img00026554.webp,0.005176,1.0,0.1367264614199861
database1/img00026653.webp,0.0,0.0,0.079597740681988
database1/img00026673.webp,0.305916,0.0,0.1430544736260651
database1/img00026714.webp,0.210407,0.0,0.1383676199487413
database1/img00026908.webp,0.046474,0.0,0.1299256576916986
database1/img00027013.webp,0.003769,0.0,0.11912231857773
database1/img00027032.webp,0.007456,0.0,0.1427951557346629
database1/img00027062.webp,0.046983,1.0,0.1290729803166409
database1/img00027147.webp,0.083316,1.0,0.1498552173185887
database1/img00027201.webp,0.173566,0.0,0.1324723489978375
database1/img00027213.webp,0.102301,0.0,0.132730226772285
database1/img00027267.webp,0.025949,0.0,0.129810087556123
database1/img00027278.webp,0.04282,0.0,0.1307514378328979
database1/img00027291.webp,0.037481,1.0,0.1376263555260727
database1/img00027300.webp,0.162757,0.0,0.1331076096313991
database1/img00027329.webp,0.120534,0.0,0.0967055997848641
database1/img00027355.webp,0.012954,0.0,0.1321157894401529
database1/img00027400.webp,0.093064,1.0,0.2762474997774819
database1/img00027672.webp,0.024684,0.0,0.125204546945398
database1/img00027691.webp,0.263468,1.0,0.1592671127470238
database1/img00027708.webp,0.011879,1.0,0.1653762074772845
database1/img00027826.webp,0.008279,1.0,0.1282600893063224
database1/img00027870.webp,0.156292,0.0,0.1403167223328493
database1/img00027888.webp,0.010368,1.0,0.1381076055811939
database1/img00027943.webp,0.005057,1.0,0.1512547747484572
database1/img00027980.webp,0.1488,0.0,0.133435412998601
database1/img00028069.webp,0.00506,1.0,0.146717606519213
database1/img00028087.webp,0.001205,1.0,0.0926227574091935
database1/img00028101.webp,0.0173,1.0,0.1246753143176737
database1/img00028174.webp,0.122309,0.0,0.1294523009730143
database1/img00028222.webp,0.107143,0.0,0.1239121631091886
database1/img00028224.webp,0.146398,0.0,0.1468214902854266
database1/img00028300.webp,0.012183,0.0,0.1275037875678745
database1/img00028356.webp,0.152613,0.0,0.1036975623681943
database1/img00028517.webp,0.382837,0.0,0.1660216622409503
database1/img00028551.webp,0.203166,0.0,0.1806024934633673
database1/img00028578.webp,0.061325,0.0,0.1228964569377192
database1/img00028581.webp,0.020189,1.0,0.124560015512705
database1/img00028723.webp,0.12276,0.0,0.1384731771620536
database1/img00028742.webp,0.061928,0.0,0.110669835108691
database1/img00028757.webp,0.031527,1.0,0.1377990367759906
database1/img00028784.webp,0.01652,0.0,0.1273356196703754
database1/img00028843.webp,0.045216,1.0,0.1673611529336618
database1/img00028942.webp,0.085705,0.0,0.1115249999543031
database1/img00029059.webp,0.201976,0.0,0.1375806110125346
database1/img00029154.webp,0.027398,0.0,0.1931021996700035
database1/img00029252.webp,0.011317,1.0,0.1408423817403241
database1/img00029315.webp,0.223811,0.0,0.1558174896285818
database1/img00029326.webp,0.073163,0.0,0.1165561388084022
database1/img00029393.webp,0.181547,0.0,0.132670530513565
database1/img00029479.webp,0.172507,1.0,0.150789268551459
database1/img00029527.webp,9.6e-05,1.0,0.0925186681402086
database1/img00029586.webp,0.049823,0.0,0.1335237299168482
database1/img00029691.webp,0.030185,1.0,0.1500516555460775
database1/img00029706.webp,0.21533,1.0,0.2841507343613093
database1/img00029758.webp,0.113217,0.0,0.1264759575421679
database1/img00029778.webp,0.154551,0.0,0.1612068126809524
database1/img00029960.webp,0.383842,0.0,0.1641840494020106
database2/database2/test/148.webp,0.048036,1.0,0.1281982912253741
database2/database2/test/190.webp,0.086509,1.0,0.2201234815163274
database2/database2/test/216.webp,0.245817,0.0,0.1239095878456312
database2/database2/test/232.webp,0.275174,0.0,0.1293604518532299
database2/database2/test/239.webp,0.175156,0.0,0.1451654462521194
database2/database2/test/266.webp,0.213241,0.0,0.1371027656280364
database2/database2/test/34.webp,0.050154,0.0,0.1096797453769733
database2/database2/test/453.webp,0.089504,1.0,0.0857979333498751
database2/database2/test/472.webp,0.226614,1.0,0.1712441565738312
database2/database2/test/91.webp,0.465517,1.0,0.1487648067928396
database2/database2/train/1009.webp,0.104761,1.0,0.1537373704392725
database2/database2/train/1240.webp,0.146101,0.0,0.1371066503655378
database2/database2/train/1258.webp,0.246853,0.0,0.2839115221374254
database2/database2/train/127.webp,0.075508,0.0,0.1060290800204814
database2/database2/train/1279.webp,0.000502,1.0,0.2218079380280544
database2/database2/train/1311.webp,0.172932,1.0,0.3196310802646047
database2/database2/train/174.webp,0.051776,1.0,0.3211916372831684
database2/database2/train/203.webp,0.050641,1.0,0.1376565807584094
database2/database2/train/219.webp,0.142928,0.0,0.1488482398257724
database2/database2/train/233.webp,0.281943,1.0,0.1597139771230313
database2/database2/train/26.webp,0.011878,0.0,0.1135390460790475
database2/database2/train/34.webp,0.095641,0.0,0.1299457222595943
database2/database2/train/433.webp,0.036418,1.0,0.1456780124490611
database2/database2/train/436.webp,0.026337,1.0,0.0977408280868613
database2/database2/train/515.webp,0.012181,1.0,0.1330514431201937
database2/database2/train/547.webp,0.0,1.0,0.0851187961084755
database2/database2/train/613.webp,0.048432,0.0,0.1168072475873387
database2/database2/train/624.webp,0.123039,1.0,0.2087399907081354
database2/database2/train/650.webp,0.113219,0.0,0.1276145458856002
database2/database2/train/766.webp,0.167917,0.0,0.1676924584565333
database2/database2/train/814.webp,0.3,0.0,0.1682544923749693
database2/database2/train/846.webp,0.020085,1.0,0.1423694840788597
database2/database2/train/900.webp,0.417188,1.0,0.1566558698371994
database2/database2/train/928.webp,0.09983,0.0,0.1344330523842462
database2/database2/train/97.webp,0.048559,1.0,0.1367679945203644
database2/database2/train/992.webp,0.32608,0.0,0.1671305055386636
database3/database3/m.0109kg/59-FaceId-0_align.webp,0.264823,0.0,0.1615499684830709
database3/database3/m.010bk0/59-FaceId-0_align.webp,0.021845,1.0,0.2181103777596508
database3/database3/m.010ngb/60-FaceId-0_align.webp,0.012915,1.0,0.1172999714157635
database3/database3/m.010p3/45-FaceId-0_align.webp,0.01465,1.0,0.1522342021450207
database3/database3/m.010p3/69-FaceId-0_align.webp,0.027584,1.0,0.1416130068039317
database3/database3/m.010p3/82-FaceId-0_align.webp,0.013896,1.0,0.122453307685546
database3/database3/m.010wty2t/83-FaceId-1_align.webp,0.168202,1.0,0.1777546838179321
database3/database3/m.0112yl/20-FaceId-0_align.webp,0.035573,1.0,0.1674783133442407
database3/database3/m.01167d3z/34-FaceId-0_align.webp,0.37993,1.0,0.1716420131591535
database3/database3/m.01167d3z/74-FaceId-0_align.webp,0.319357,1.0,0.1591100666963885
database3/database3/m.011_0k/17-FaceId-0_align.webp,0.022011,1.0,0.1312233402151083
database3/database3/m.011_0k/3-FaceId-0_align.webp,0.017225,1.0,0.1447615892396022
database3/database3/m.011_0k/43-FaceId-0_align.webp,0.025252,1.0,0.1386326362380628
database3/database3/m.011_0k/77-FaceId-0_align.webp,0.126436,1.0,0.2853636900385605
database3/database3/m.011_2h/101-FaceId-0_align.webp,0.183945,0.0,0.1575863769722628
database3/database3/m.011_2h/18-FaceId-0_align.webp,0.139464,0.0,0.2276480800075813
database3/database3/m.011_2h/21-FaceId-0_align.webp,0.028243,0.0,0.1390100169237459
database3/database3/m.011_3d/107-FaceId-0_align.webp,0.091414,1.0,0.1538288747334913
database3/database3/m.011_3d/31-FaceId-0_align.webp,0.156269,1.0,0.1553242155467989
database3/database3/m.011_3d/35-FaceId-0_align.webp,0.154662,1.0,0.5393220773831803
database3/database3/m.011_3s/106-FaceId-0_align.webp,0.132155,0.0,0.1431753933618395
database3/database3/m.011_3s/93-FaceId-0_align.webp,0.255275,0.0,0.166508595218697
database3/database3/m.011_8/14-FaceId-0_align.webp,0.108434,1.0,0.1346744904300205
database3/database3/m.011_nf/83-FaceId-0_align.webp,0.036792,1.0,0.133504903962594
database3/database3/m.011_pk/73-FaceId-0_align.webp,0.106935,1.0,0.1590385707946318
database3/database3/m.011_pk/98-FaceId-0_align.webp,0.021278,1.0,0.1100888990716601
database3/database3/m.011_r9/15-FaceId-0_align.webp,0.000453,1.0,0.1162007474684007
database3/database3/m.011_r9/35-FaceId-0_align.webp,0.0,1.0,0.0682510824374124
database3/database3/m.011h_w/16-FaceId-0_align.webp,0.023388,1.0,0.2103477848455608
database3/database3/m.011h_w/57-FaceId-0_align.webp,0.034974,1.0,0.1747798061353492
database3/database3/m.011hdn/3-FaceId-0_align.webp,0.144586,1.0,0.1946718691196254
database3/database3/m.011hm1/28-FaceId-0_align.webp,0.045589,0.0,0.1686550571756355
database3/database3/m.011hm1/59-FaceId-0_align.webp,0.308314,0.0,0.1357188259278981
database3/database3/m.011hmd/24-FaceId-0_align.webp,0.029049,1.0,0.172689300230658
database3/database3/m.011jfg/102-FaceId-0_align.webp,0.016853,0.0,0.1332013244101388
database3/database3/m.011jfg/64-FaceId-0_align.webp,0.014724,0.0,0.1415648840206696
database3/database3/m.011kd9/42-FaceId-0_align.webp,0.092666,1.0,0.0
database3/database3/m.011kd9/48-FaceId-0_align.webp,0.021031,1.0,0.2356872150139092
database3/database3/m.011l17/115-FaceId-0_align.webp,0.008147,1.0,0.1337577914518831
database3/database3/m.011l17/73-FaceId-0_align.webp,0.013848,1.0,0.1410951581295107
database3/database3/m.011l17/78-FaceId-0_align.webp,0.000371,1.0,0.1239973091698807
database3/database3/m.011lf5/30-FaceId-0_align.webp,0.003745,1.0,0.1328752709639707
database3/database3/m.011lhy/14-FaceId-0_align.webp,0.06605,1.0,0.0860090243248993
database3/database3/m.011m1y/65-FaceId-0_align.webp,0.010331,1.0,0.2055612774786894
database3/database3/m.011m1y/93-FaceId-0_align.webp,0.010174,1.0,0.1143771523281342
database3/database3/m.011m33/35-FaceId-0_align.webp,0.10764,0.0,0.1191483187091817
database3/database3/m.011m33/96-FaceId-0_align.webp,0.077455,0.0,0.1573999772481381
database3/database3/m.011m33/98-FaceId-0_align.webp,0.093352,0.0,0.2197009634168258
database3/database3/m.011p3/100-FaceId-0_align.webp,0.261068,0.0,0.1699462410964171
database3/database3/m.011p3/38-FaceId-0_align.webp,0.260325,0.0,0.1319705994453489
database3/database3/m.011qm2/8-FaceId-0_align.webp,0.02115,1.0,0.1243112292902685
database3/database3/m.011w1b/4-FaceId-0_align.webp,0.011173,0.0,0.1310037470411904
database3/database3/m.011w1b/5-FaceId-0_align.webp,0.149673,0.0,0.1334607379046248
database3/database3/m.011w1b/65-FaceId-0_align.webp,0.028609,0.0,0.1278757086486209
database3/database3/m.011w1b/75-FaceId-0_align.webp,0.102741,0.0,0.1330643571313974
database3/database3/m.011xgp/24-FaceId-0_align.webp,0.060348,1.0,0.1470054377627413
database3/database3/m.011xgp/72-FaceId-0_align.webp,0.024118,1.0,0.2054322229584908
database3/database3/m.011xjd/62-FaceId-0_align.webp,0.025855,1.0,0.1477428486420153
database3/database3/m.011xl3/35-FaceId-0_align.webp,0.101991,1.0,0.1584706621947304
database3/database3/m.011xl3/86-FaceId-0_align.webp,0.095741,1.0,0.2252120195535074
database3/database3/m.011xl3/92-FaceId-0_align.webp,0.15032,1.0,0.1542767375457498
database3/database3/m.011xl3/99-FaceId-0_align.webp,0.04585,1.0,0.1303471185155586
database3/database3/m.011xll/89-FaceId-0_align.webp,0.057752,1.0,0.2008502529325896
database3/database3/m.011ybj/52-FaceId-0_align.webp,0.042728,1.0,0.1263526050463471
database3/database3/m.011ybj/61-FaceId-0_align.webp,0.033422,1.0,0.1217250032986111
database3/database3/m.011yx0/17-FaceId-0_align.webp,0.03676,1.0,0.1338127516374875
database3/database3/m.011yx0/7-FaceId-0_align.webp,0.025923,1.0,0.12416956555845
database3/database3/m.011z69/22-FaceId-0_align.webp,0.003956,1.0,0.096938690348374
database3/database3/m.011z69/27-FaceId-0_align.webp,0.057013,1.0,0.1095076423705874
database3/database3/m.011z69/67-FaceId-0_align.webp,0.026898,1.0,0.1241696128524125
database3/database3/m.011zfk/22-FaceId-0_align.webp,0.214757,1.0,0.1023968624311422
database3/database3/m.011zfz/75-FaceId-0_align.webp,0.159958,0.0,0.1373804433792525
database3/database3/m.011zg9/22-FaceId-0_align.webp,0.107141,0.0,0.1169713641608929
database3/database3/m.011zg9/39-FaceId-0_align.webp,0.053582,0.0,0.1176695687159045
database3/database3/m.011zgs/52-FaceId-0_align.webp,0.127677,0.0,0.1967671180375124
database3/database3/m.011zkh/84-FaceId-0_align.webp,0.008351,1.0,0.122278781738317
database3/database3/m.011zwl/37-FaceId-0_align.webp,0.073722,1.0,0.1217058015714626
database3/database3/m.01200d/24-FaceId-0_align.webp,0.036817,1.0,0.1081562646239578
database3/database3/m.01200d/80-FaceId-0_align.webp,0.017066,1.0,0.1234042482961286
database3/database3/m.012052/1-FaceId-0_align.webp,0.109494,1.0,0.1285864102563429
database3/database3/m.012052/30-FaceId-0_align.webp,0.193814,1.0,0.276219136438455
database3/database3/m.012052/63-FaceId-0_align.webp,0.135953,1.0,0.1699659423351057
database3/database3/m.0122lq/12-FaceId-0_align.webp,0.034174,1.0,0.0982144529606248
database3/database3/m.0122lq/62-FaceId-0_align.webp,0.002899,1.0,0.1860834578944436
database3/database3/m.0122lq/73-FaceId-0_align.webp,0.026793,1.0,0.1202699983788263
database3/database3/m.0122m5/94-FaceId-0_align.webp,0.003731,1.0,0.2261475258430939
database3/database3/m.01233w/1-FaceId-0_align.webp,0.049894,1.0,0.1212323801936448
database3/database3/m.01233w/25-FaceId-0_align.webp,0.043404,1.0,0.1300011893228136
database3/database3/m.01239/57-FaceId-0_align.webp,0.01656,1.0,0.146827630509375
database3/database3/m.01239/68-FaceId-0_align.webp,0.012855,1.0,0.1290974474786875
database3/database3/m.0123x2/101-FaceId-0_align.webp,0.244668,1.0,0.1477254644013359
database3/database3/m.01241v/54-FaceId-0_align.webp,0.010871,1.0,0.1136888984369806
database3/database3/m.0124t/70-FaceId-0_align.webp,0.066352,0.0,0.174693648617948
database3/database3/m.01257s/41-FaceId-1_align.webp,0.025408,1.0,0.129155112465832
database3/database3/m.0126rp/46-FaceId-0_align.webp,0.064149,1.0,0.1192723517933265
database3/database3/m.0126rp/48-FaceId-0_align.webp,0.020111,1.0,0.1220030671271959
database3/database3/m.0126y2/49-FaceId-0_align.webp,0.042913,1.0,0.1275260512367882
database3/database3/m.0126y2/81-FaceId-0_align.webp,0.011658,1.0,0.2190158069339444
database3/database3/m.0126y2/92-FaceId-0_align.webp,0.2594,1.0,0.1797807996589449
database3/database3/m.01270s/15-FaceId-0_align.webp,0.00523,1.0,0.0993261120401125
database3/database3/m.01270s/43-FaceId-0_align.webp,0.024273,1.0,0.1293457012638151
database3/database3/m.01271_/40-FaceId-0_align.webp,0.046844,0.0,0.1373819571246719
database3/database3/m.01271_/42-FaceId-0_align.webp,0.082785,0.0,0.1438805767739305
database3/database3/m.01271_/92-FaceId-0_align.webp,0.131196,0.0,0.1347347234518394
database3/database3/m.0127fx/6-FaceId-0_align.webp,0.010653,1.0,0.1259979501022919
database3/database3/m.0127gn/12-FaceId-0_align.webp,0.02417,1.0,0.1090548268078745
database3/database3/m.0127tk/114-FaceId-0_align.webp,0.088119,1.0,0.1187994320112684
database3/database3/m.0127tk/121-FaceId-0_align.webp,0.110272,1.0,0.1534059993049324
database3/database3/m.0127tk/32-FaceId-0_align.webp,0.044592,1.0,0.1342629074807862
database3/database3/m.0127tk/61-FaceId-0_align.webp,0.157887,1.0,0.1494559190962896
database3/database3/m.0127tk/75-FaceId-0_align.webp,0.118857,1.0,0.1567544475508479
database3/database3/m.0127tk/83-FaceId-0_align.webp,0.180049,1.0,0.1303480903757424
database3/database3/m.0127zt/62-FaceId-0_align.webp,0.099007,0.0,0.1377581297145636
database3/database3/m.012801/76-FaceId-0_align.webp,0.060329,1.0,0.1265160734263501
database3/database3/m.012981/36-FaceId-0_align.webp,0.038673,1.0,0.1011500390292704
database3/database3/m.012_53/112-FaceId-0_align.webp,0.081654,0.0,0.1219894591603208
database3/database3/m.012_53/73-FaceId-0_align.webp,0.056783,0.0,0.1265185978398098
database3/database3/m.012_jj/10-FaceId-0_align.webp,0.005143,1.0,0.114274105443838
database3/database3/m.012_jj/103-FaceId-0_align.webp,0.04174,1.0,0.0917908355973621
database3/database3/m.012_jj/83-FaceId-0_align.webp,0.123978,1.0,0.119014394742525
database3/database3/m.012c6j/57-FaceId-0_align.webp,0.0,1.0,0.0679744538153161
database3/database3/m.012c6x/43-FaceId-0_align.webp,0.000386,1.0,0.1437492935606384
database3/database3/m.012c8f/13-FaceId-0_align.webp,0.010098,1.0,0.162649033428553
database3/database3/m.012c8f/85-FaceId-0_align.webp,0.121074,1.0,0.1911932114064193
database3/database3/m.012ck8/1-FaceId-0_align.webp,0.250793,0.0,0.2072793788415174
database3/database3/m.012cm5/19-FaceId-0_align.webp,0.050828,1.0,0.1270456609634619
database3/database3/m.012cm5/75-FaceId-0_align.webp,0.032775,1.0,0.065763147253003
database3/database3/m.012cm5/90-FaceId-0_align.webp,0.082057,1.0,0.1322155799766226
database3/database3/m.012cnn/11-FaceId-0_align.webp,0.107545,0.0,0.1133091702189879
database3/database3/m.012cph/108-FaceId-0_align.webp,0.01551,1.0,0.1139633718199815
database3/database3/m.012cph/17-FaceId-0_align.webp,0.005549,1.0,0.1508538581511976
database3/database3/m.012cph/68-FaceId-0_align.webp,0.017584,1.0,0.1429007149496625
database3/database3/m.012cyp/33-FaceId-0_align.webp,0.012748,0.0,0.1073471115571122
database3/database3/m.012cyp/43-FaceId-0_align.webp,0.207358,0.0,0.1293656229337725
database3/database3/m.012cyp/7-FaceId-0_align.webp,0.030272,0.0,0.1157387048032751
database3/database3/m.012czd/35-FaceId-0_align.webp,0.035058,0.0,0.1032765742997056
database3/database3/m.012czd/90-FaceId-0_align.webp,0.001711,0.0,0.1259133114228327
database3/database3/m.012dtw/86-FaceId-0_align.webp,0.075626,1.0,0.1939492726214396
database3/database3/m.012fgx/58-FaceId-0_align.webp,0.039289,1.0,0.1048623422878214
database3/database3/m.012g8l/75-FaceId-0_align.webp,0.015517,1.0,0.1644985563706717
database3/database3/m.012gbb/1-FaceId-0_align.webp,0.057132,0.0,0.1568835329311594
database3/database3/m.012gbb/104-FaceId-0_align.webp,0.023381,0.0,0.1209974613813051
database3/database3/m.012gbb/86-FaceId-0_align.webp,0.070682,0.0,0.1492050654473085
database3/database3/m.012gdw/54-FaceId-0_align.webp,0.06697,1.0,0.0962509291481536
database3/database3/m.012gl8/17-FaceId-0_align.webp,0.06567,0.0,0.1349389471384285
database3/database3/m.012gl8/38-FaceId-0_align.webp,0.063039,0.0,0.1297867084181772
database3/database3/m.012gq6/33-FaceId-0_align.webp,0.016946,1.0,0.1067093328601955
database3/database3/m.012gr9/29-FaceId-0_align.webp,0.156273,0.0,0.1682478761100987
database3/database3/m.012gx2/64-FaceId-0_align.webp,0.000577,1.0,0.1276423139402454
database3/database3/m.012gx2/77-FaceId-0_align.webp,0.126437,1.0,0.1581164043363045
database3/database3/m.012gx2/8-FaceId-0_align.webp,0.019361,1.0,0.1038469892400401
database3/database3/m.012gx2/99-FaceId-0_align.webp,0.025003,1.0,0.1422143686157683
database3/database3/m.012h65/109-FaceId-0_align.webp,0.210562,1.0,0.3284084836698882
database3/database3/m.012hqb/33-FaceId-0_align.webp,0.004406,1.0,0.1529074357146785
database3/database3/m.012hr4/21-FaceId-0_align.webp,0.126033,1.0,0.1304153713753131
database3/database3/m.012hr4/67-FaceId-0_align.webp,0.183915,1.0,0.1241272392359529
database3/database3/m.012hr4/74-FaceId-0_align.webp,0.037244,1.0,0.128899587653506
database3/database3/m.012hsb/101-FaceId-0_align.webp,0.192286,1.0,0.1256074529944442
database3/database3/m.012hsb/74-FaceId-0_align.webp,0.057902,1.0,0.1367350863894789
database3/database3/m.012hz4/77-FaceId-0_align.webp,0.118119,0.0,0.167680240978626
database3/database3/m.012j2r/108-FaceId-0_align.webp,0.027644,1.0,0.115661911381965
database3/database3/m.012j2r/38-FaceId-0_align.webp,0.010758,1.0,0.1326320885888523
database3/database3/m.012j2r/9-FaceId-0_align.webp,0.029992,1.0,0.1102016317443671
database3/database3/m.012kdb/7-FaceId-0_align.webp,0.154185,0.0,0.1309089025872242
database3/database3/m.012kk4/31-FaceId-1_align.webp,0.026924,1.0,0.1191770563270576
database3/database3/m.012l22/20-FaceId-0_align.webp,0.182682,1.0,0.2578819608472925
database3/database3/m.012l22/56-FaceId-0_align.webp,0.079127,1.0,0.2110596068870172
database3/database3/m.012lyg/82-FaceId-0_align.webp,0.015571,1.0,0.1114960290646826
database3/database3/m.012m1c/109-FaceId-0_align.webp,0.052592,0.0,0.1255025420375297
database3/database3/m.012m1c/113-FaceId-0_align.webp,0.018979,0.0,0.1273195319089637
database3/database3/m.012m1c/56-FaceId-0_align.webp,0.076711,0.0,0.0991240044304943
database3/database3/m.012m7r/99-FaceId-0_align.webp,0.002972,1.0,0.3287605084788364
database3/database3/m.012mh_/3-FaceId-0_align.webp,0.065168,1.0,0.1188430097467595
database3/database3/m.012mh_/6-FaceId-0_align.webp,0.002681,1.0,0.1074854309536994
database3/database3/m.012mk7/90-FaceId-0_align.webp,0.032433,1.0,0.1051755751756534
database3/database3/m.012ml0/96-FaceId-0_align.webp,0.031451,1.0,0.1223474763874146
database3/database3/m.012mmb/47-FaceId-0_align.webp,0.146313,0.0,0.1759713705767691
database3/database3/m.012mn4/43-FaceId-0_align.webp,0.005783,1.0,0.1174306166650381
database3/database3/m.012nry/108-FaceId-0_align.webp,0.006878,1.0,0.0925265047746598
database3/database3/m.012nry/28-FaceId-0_align.webp,0.006764,1.0,0.1692726169414236
database3/database3/m.012nry/3-FaceId-0_align.webp,0.008173,1.0,0.128708900702409
database3/database3/m.012nry/57-FaceId-0_align.webp,0.00436,1.0,0.136775305814632
database3/database3/m.012pjh/2-FaceId-0_align.webp,0.0,1.0,0.1449822221584916
database3/database3/m.012q4n/50-FaceId-0_align.webp,0.004622,1.0,0.1914321370743706
database3/database3/m.012qfw/20-FaceId-1_align.webp,0.162552,0.0,0.1052617455859153
database3/database3/m.012qfw/41-FaceId-0_align.webp,0.211858,0.0,0.1075712132154906
database3/database3/m.012qgc/82-FaceId-0_align.webp,0.002042,1.0,0.135973040581567
database3/database3/m.012rng/35-FaceId-0_align.webp,0.036379,1.0,0.182698927696096
database3/database3/m.012rng/47-FaceId-0_align.webp,0.022161,1.0,0.380579800223107
database3/database3/m.012rng/48-FaceId-0_align.webp,0.01786,1.0,0.1274359590359522
database3/database3/m.012rth/93-FaceId-0_align.webp,0.046323,1.0,0.3807466508952213
database3/database3/m.012s1x/11-FaceId-0_align.webp,0.049377,1.0,0.1303520853510656
database3/database3/m.012s5j/122-FaceId-0_align.webp,0.205872,0.0,0.1646051309533602
database3/database3/m.012s9f/0-FaceId-0_align.webp,0.000412,1.0,0.1073462151732629
database3/database3/m.012st7/14-FaceId-0_align.webp,0.003821,1.0,0.2399703300286412
database3/database3/m.012t1d/17-FaceId-0_align.webp,0.167599,1.0,0.1199435438598311
database3/database3/m.012t1d/37-FaceId-0_align.webp,0.016467,1.0,0.1268106388253792
database3/database3/m.012t1d/80-FaceId-0_align.webp,0.014504,1.0,0.1754368808381274
database3/database3/m.012t3l/22-FaceId-0_align.webp,0.012766,1.0,0.0
database3/database3/m.012t7s/3-FaceId-0_align.webp,0.014581,1.0,0.1114850034731278
database3/database3/m.012tmz/123-FaceId-0_align.webp,0.001629,1.0,0.1069070643956814
database3/database3/m.012v1t/29-FaceId-0_align.webp,0.118114,0.0,0.1272573721984599
database3/database3/m.012v1t/67-FaceId-0_align.webp,0.072956,0.0,0.1212166753495158
database3/database3/m.012v1t/93-FaceId-0_align.webp,0.033657,0.0,0.1278286353674609
database3/database3/m.012vby/3-FaceId-0_align.webp,0.002151,1.0,0.241196507579339
database3/database3/m.012vby/36-FaceId-0_align.webp,0.0,1.0,0.0973174082061003
database3/database3/m.012vd6/49-FaceId-0_align.webp,0.124288,0.0,0.1511729205856889
database3/database3/m.012vd6/5-FaceId-0_align.webp,0.104381,0.0,0.1304346433527291
database3/database3/m.012vd6/75-FaceId-1_align.webp,0.054381,0.0,0.2323917586448312
database3/database3/m.012vf6/90-FaceId-0_align.webp,0.069167,0.0,0.1534695585572825
database3/database3/m.012vhn/10-FaceId-0_align.webp,0.009813,1.0,0.1071015373035022
database3/database3/m.012vhn/4-FaceId-0_align.webp,0.005793,1.0,0.0647031897192404
database3/database3/m.012vq0/30-FaceId-0_align.webp,0.028246,1.0,0.1224442460103266
database3/database3/m.012vq0/67-FaceId-0_align.webp,0.017872,1.0,0.1346745556755391
database3/database3/m.012vqh/80-FaceId-0_align.webp,0.078239,0.0,0.1456795191557966
database3/database3/m.012w05/52-FaceId-0_align.webp,0.000408,1.0,0.1816654654014829
database3/database3/m.012w3k/19-FaceId-0_align.webp,0.109411,1.0,0.1909441918171894
database3/database3/m.012w3k/33-FaceId-0_align.webp,0.07009,1.0,0.1351754891445673
database3/database3/m.012w3k/4-FaceId-0_align.webp,0.071086,1.0,0.1482457741588672
database3/database3/m.012wfh/73-FaceId-0_align.webp,0.055456,0.0,0.2940416026839771
database3/database3/m.012wfh/77-FaceId-0_align.webp,0.055,0.0,0.1392360895948964
database3/database3/m.012wgv/56-FaceId-0_align.webp,0.072911,1.0,0.1505384813911465
database3/database3/m.012x2b/18-FaceId-0_align.webp,0.0,1.0,0.1420055975297827
database3/database3/m.012x2b/46-FaceId-0_align.webp,0.039092,1.0,0.1352664832030975
database3/database3/m.012x2b/54-FaceId-0_align.webp,0.049838,1.0,0.117948551945587
database3/database3/m.012x2b/72-FaceId-0_align.webp,0.008788,1.0,0.1149433455197156
database3/database3/m.012x5/81-FaceId-0_align.webp,0.058123,0.0,0.1501856584324662
database3/database3/m.012xdy/81-FaceId-0_align.webp,0.012382,1.0,0.1510769053984458
database3/database3/m.012xls/57-FaceId-0_align.webp,0.114584,1.0,0.5329880391735506
database3/database3/m.012xls/70-FaceId-0_align.webp,0.126797,1.0,0.1019345653307428
database3/database3/m.012xls/74-FaceId-0_align.webp,0.018384,1.0,0.261024233602691
database3/database3/m.012y1h/86-FaceId-0_align.webp,0.123838,1.0,0.1593798805562346
database3/database3/m.012ycy/16-FaceId-0_align.webp,0.002336,1.0,0.1538938071045185
database3/database3/m.012ycy/21-FaceId-0_align.webp,0.164069,1.0,0.1351550236728929
database3/database3/m.012ycy/73-FaceId-0_align.webp,0.017165,1.0,0.1580197210696226
database3/database3/m.012ycy/99-FaceId-0_align.webp,0.136797,1.0,0.0695462271867976
database3/database3/m.012yg1/19-FaceId-0_align.webp,0.003406,1.0,0.1995797039500113
database3/database3/m.012yg1/21-FaceId-0_align.webp,0.007301,1.0,0.1071113522092207
database3/database3/m.012yg1/66-FaceId-0_align.webp,0.007466,1.0,0.1949348691585728
database3/database3/m.012yhd/22-FaceId-0_align.webp,0.043044,1.0,0.1500461361028056
database3/database3/m.012yhd/41-FaceId-0_align.webp,0.014599,1.0,0.1482712454228851
database3/database3/m.012yhd/87-FaceId-0_align.webp,0.016417,1.0,0.1574007059219017
database3/database3/m.012ysy/40-FaceId-0_align.webp,0.005784,1.0,0.1329867175770639
database3/database3/m.012yxk/51-FaceId-0_align.webp,0.111796,1.0,0.1695267697700278
database3/database3/m.012z8_/39-FaceId-0_align.webp,0.076699,1.0,0.1089098818821403
database3/database3/m.012zrl/119-FaceId-0_align.webp,0.19435,0.0,0.1072686264877918
database3/database3/m.012zrl/22-FaceId-0_align.webp,0.184216,0.0,0.1396247540172301
database3/database3/m.012zrl/34-FaceId-0_align.webp,0.221002,0.0,0.1918879337796013
database3/database3/m.01300z/111-FaceId-0_align.webp,0.011168,1.0,0.1224755028749378
database3/database3/m.01300z/46-FaceId-0_align.webp,0.004916,1.0,0.1284130263935793
database3/database3/m.01306d/26-FaceId-0_align.webp,0.043181,1.0,0.1572487572527371
database3/database3/m.0130py/108-FaceId-0_align.webp,0.041408,1.0,0.2487389001082828
database3/database3/m.0130py/9-FaceId-0_align.webp,0.045214,1.0,0.1124523146275907
database3/database3/m.0130sy/65-FaceId-0_align.webp,0.067207,1.0,0.14816637720916
database3/database3/m.013107/34-FaceId-0_align.webp,0.131929,0.0,0.1328036139139639
database3/database3/m.0131kb/28-FaceId-0_align.webp,0.0,1.0,0.0725154741879046
database3/database3/m.0131kb/47-FaceId-0_align.webp,0.0,1.0,0.1167851159248408
database3/database3/m.0131kb/76-FaceId-0_align.webp,0.081559,1.0,0.2087477951668783
database3/database3/m.013267/23-FaceId-0_align.webp,0.049038,1.0,0.1221598116549977
database3/database3/m.0132k4/103-FaceId-0_align.webp,0.076004,1.0,0.1840727713215051
database3/database3/m.0132k4/97-FaceId-0_align.webp,0.101202,1.0,0.1561986415344693
database3/database3/m.0132kn/100-FaceId-0_align.webp,0.045478,1.0,0.1401764581353493
database3/database3/m.0132q1/29-FaceId-0_align.webp,0.017581,0.0,0.1311070158888498
database3/database3/m.013339/106-FaceId-0_align.webp,0.058305,1.0,0.1191915184216948
database3/database3/m.013339/23-FaceId-0_align.webp,0.255508,1.0,0.1615712177503792
database3/database3/m.013339/80-FaceId-0_align.webp,0.066481,1.0,0.1719666242258691
database3/database3/m.01338h/81-FaceId-0_align.webp,0.088482,0.0,0.1131403591797424
database3/database3/m.0133c4/15-FaceId-0_align.webp,0.207364,1.0,0.1270255783207078
database3/database3/m.0133x7/100-FaceId-0_align.webp,0.144974,0.0,0.1327538304276504
database3/database3/m.0133yt/45-FaceId-0_align.webp,0.102482,1.0,0.1796168232813694
database3/database3/m.01341q/51-FaceId-0_align.webp,0.043853,1.0,0.2119985351790835
database3/database3/m.013423/105-FaceId-0_align.webp,0.016474,0.0,0.2043319531235231
database3/database3/m.013423/43-FaceId-0_align.webp,0.10846,0.0,0.1248210266100386
database3/database3/m.0134cp/27-FaceId-0_align.webp,0.030912,1.0,0.1599674879777807
database3/database3/m.0134cp/34-FaceId-1_align.webp,0.031754,1.0,0.14416284746947
database3/database3/m.0134cp/53-FaceId-0_align.webp,0.019724,1.0,0.1328546578263898
database3/database3/m.0134dc/38-FaceId-0_align.webp,0.000768,1.0,0.1558110747397196
database3/database3/m.0134dc/73-FaceId-0_align.webp,0.003398,1.0,0.2195111183862013
database3/database3/m.0134fr/66-FaceId-0_align.webp,0.01299,1.0,0.1278681659268593
database3/database3/m.0134fr/82-FaceId-0_align.webp,0.004786,1.0,0.1585648308039372
database3/database3/m.0134wr/11-FaceId-2_align.webp,0.000566,1.0,0.0743702148106454
database3/database3/m.0134wr/30-FaceId-2_align.webp,0.080915,1.0,0.1197744933803357
database3/database3/m.0134wr/52-FaceId-2_align.webp,0.028557,1.0,0.168945040920406
database3/database3/m.0134wr/65-FaceId-1_align.webp,0.001253,1.0,0.1162761544801518
database3/database3/m.0134wr/69-FaceId-2_align.webp,0.064238,1.0,0.1268148854622101
database3/database3/m.0134wr/89-FaceId-1_align.webp,0.188914,1.0,0.0857081625913283
database3/database3/m.0135nb/89-FaceId-0_align.webp,0.051256,1.0,0.1334586151634972
database3/database3/m.01368v/100-FaceId-0_align.webp,0.078994,0.0,0.1210503686657171
database3/database3/m.01368v/58-FaceId-0_align.webp,0.186435,0.0,0.1209158187267201
database3/database3/m.01368v/59-FaceId-1_align.webp,0.101878,0.0,0.1096048570685095
database3/database3/m.0136ms/38-FaceId-0_align.webp,0.015722,1.0,0.1165947605062965
database3/database3/m.0136p1/103-FaceId-0_align.webp,0.341015,0.0,0.1738623612737884
database3/database3/m.0136p1/13-FaceId-0_align.webp,0.259257,0.0,0.1512583950161074
database3/database3/m.0136p1/66-FaceId-0_align.webp,0.075301,0.0,0.1299897798238985
database3/database3/m.0136pk/68-FaceId-0_align.webp,0.195786,1.0,0.1676551932610444
database3/database3/m.0136pk/87-FaceId-0_align.webp,0.172482,1.0,0.1535045248145954
database3/database3/m.0136tm/24-FaceId-0_align.webp,0.011359,1.0,0.131313543559805
database3/database3/m.0137s4/92-FaceId-0_align.webp,0.014219,1.0,0.5248102844758726
database3/database3/m.01380_/30-FaceId-0_align.webp,0.062935,1.0,0.1898144698090918
database3/database3/m.01380_/84-FaceId-0_align.webp,0.019541,1.0,0.1346352555428214
database3/database3/m.013823/15-FaceId-0_align.webp,0.004502,1.0,0.1082135365108592
database3/database3/m.013823/5-FaceId-0_align.webp,0.029677,1.0,0.1016068228086557
database3/database3/m.013846/35-FaceId-0_align.webp,0.005272,1.0,0.140117835674716
database3/database3/m.013846/71-FaceId-0_align.webp,0.036782,1.0,0.1326269452615713
database3/database3/m.01386_/97-FaceId-0_align.webp,0.01382,1.0,0.1137976078620043
database3/database3/m.01386m/93-FaceId-0_align.webp,0.049853,1.0,0.1452493843406054
database3/database3/m.01387g/36-FaceId-0_align.webp,0.020561,1.0,0.1129759211879019
database3/database3/m.01387g/90-FaceId-0_align.webp,0.00159,1.0,0.093993696841185
database3/database3/m.01387y/2-FaceId-0_align.webp,0.062856,1.0,0.1495328520903284
database3/database3/m.01387y/32-FaceId-0_align.webp,0.048091,1.0,0.1495119087161683
database3/database3/m.01387y/46-FaceId-0_align.webp,0.0006,1.0,0.1100472861999364
database3/database3/m.01388c/29-FaceId-0_align.webp,0.136546,1.0,0.1405757028705005
database3/database3/m.01388c/82-FaceId-0_align.webp,0.007483,1.0,0.1452387381121787
database3/database3/m.01388c/92-FaceId-0_align.webp,0.007604,1.0,0.1258569995858335
database3/database3/m.01389w/75-FaceId-1_align.webp,0.011085,1.0,0.0943243905633819
database3/database3/m.01389w/76-FaceId-0_align.webp,0.018887,1.0,0.1266330480481291
database3/database3/m.0138b7/49-FaceId-0_align.webp,0.173256,1.0,0.1104947241516836
database3/database3/m.0138b7/63-FaceId-0_align.webp,0.091583,1.0,0.2507635584557844
database3/database3/m.0138m1/11-FaceId-0_align.webp,0.033355,1.0,0.1511157985736835
database3/database3/m.0138m1/60-FaceId-0_align.webp,0.027664,1.0,0.1066005212131614
database3/database3/m.0139rh/103-FaceId-0_align.webp,0.008771,1.0,0.1171003312620136
database3/database3/m.0139rh/5-FaceId-0_align.webp,0.009412,1.0,0.1012983157515005
database3/database3/m.013_4m/89-FaceId-0_align.webp,0.106225,1.0,0.1061327456038622
database3/database3/m.013_gz/96-FaceId-0_align.webp,0.14677,0.0,0.1378992006974547
database3/database3/m.013_tp/47-FaceId-0_align.webp,0.000171,1.0,0.1500590889055713
database3/database3/m.013b7z/45-FaceId-0_align.webp,0.025843,1.0,0.1411062928346269
database3/database3/m.013bym/61-FaceId-0_align.webp,0.110889,0.0,0.1332415669849379
database3/database3/m.013bym/65-FaceId-0_align.webp,0.249006,0.0,0.1116885365141275
database3/database3/m.013bym/66-FaceId-0_align.webp,0.288548,0.0,0.1519920606229504
database3/database3/m.013bym/71-FaceId-0_align.webp,0.115164,0.0,0.1299934188012844
database3/database3/m.013m5y/73-FaceId-0_align.webp,0.0,1.0,0.1389669262504714
database3/database3/m.013p_0/60-FaceId-0_align.webp,0.015459,1.0,0.0
database3/database3/m.013p_j/3-FaceId-0_align.webp,0.046784,1.0,0.1295260973667314
database3/database3/m.013p_j/43-FaceId-0_align.webp,0.026287,1.0,0.1267320594076924
database3/database3/m.013p_w/1-FaceId-0_align.webp,0.045903,0.0,0.1513611665344176
database3/database3/m.013p_w/90-FaceId-1_align.webp,0.028906,0.0,0.1609272775434652
database3/database3/m.013pp3/83-FaceId-0_align.webp,0.052247,1.0,0.1836746062572769
database3/database3/m.013ppl/76-FaceId-0_align.webp,0.018885,1.0,0.1177209446101428
database3/database3/m.013q78/86-FaceId-0_align.webp,0.03,1.0,0.1350052308911236
database3/database3/m.013q8x/26-FaceId-0_align.webp,0.110943,1.0,0.1375831605963256
database3/database3/m.013q8x/42-FaceId-0_align.webp,0.056383,1.0,0.1236045631405364
database3/database3/m.013q8x/99-FaceId-0_align.webp,0.005069,1.0,0.1285658550497481
database3/database3/m.013qb0/82-FaceId-0_align.webp,0.080376,1.0,0.1385151709545392
database3/database3/m.013qb0/94-FaceId-0_align.webp,0.14541,1.0,0.1268310541124609
database3/database3/m.013qjp/42-FaceId-0_align.webp,0.027503,1.0,0.1278231269471621
database3/database3/m.013qjp/83-FaceId-0_align.webp,0.014,1.0,0.1336322149514644
database3/database3/m.013qpt/31-FaceId-0_align.webp,0.020067,1.0,0.1239741099700833
database3/database3/m.013qq4/70-FaceId-0_align.webp,0.020855,1.0,0.1153220996586958
database3/database3/m.013qwl/61-FaceId-0_align.webp,0.006336,1.0,0.1228647997676498
database3/database3/m.013qwy/18-FaceId-0_align.webp,0.050242,1.0,0.1311110568925693
database3/database3/m.013qy3/30-FaceId-0_align.webp,0.004735,1.0,0.1998129870926084
database3/database3/m.013qy3/92-FaceId-0_align.webp,0.026678,1.0,0.1151716781488893
database3/database3/m.013qyh/56-FaceId-1_align.webp,0.057576,1.0,0.2459194911312213
database3/database3/m.013r6h/27-FaceId-0_align.webp,0.054123,1.0,0.0805436861118189
database3/database3/m.013r6h/46-FaceId-0_align.webp,0.123792,1.0,0.4246678921640053
database3/database3/m.013s1b/47-FaceId-0_align.webp,0.148289,1.0,0.1390516090008085
database3/database3/m.013s1t/21-FaceId-0_align.webp,0.005317,1.0,0.1270146217314163
database3/database3/m.013s3/75-FaceId-0_align.webp,0.061568,1.0,0.192301600710608
database3/database3/m.013s6x/6-FaceId-0_align.webp,0.031839,1.0,0.1224037679170211
database3/database3/m.013s8s/33-FaceId-0_align.webp,0.074629,0.0,0.1216555490540801
database3/database3/m.013sjh/7-FaceId-0_align.webp,0.189385,1.0,0.1769681750730482
database3/database3/m.013t9y/12-FaceId-0_align.webp,0.013435,1.0,0.1835231148470768
database3/database3/m.013tjc/54-FaceId-0_align.webp,0.0,1.0,0.131789655535445
database3/database3/m.013tjc/56-FaceId-0_align.webp,0.015964,1.0,0.1303199369544682
database3/database3/m.013v12/3-FaceId-0_align.webp,0.018587,1.0,0.1230036899022642
database3/database3/m.013v12/7-FaceId-0_align.webp,0.019979,1.0,0.135204457659755
database3/database3/m.013v5j/57-FaceId-0_align.webp,0.119854,0.0,0.1210222209444871
database3/database3/m.013vdl/109-FaceId-0_align.webp,0.167747,0.0,0.1028659139418046
database3/database3/m.013vdl/32-FaceId-0_align.webp,0.021263,0.0,0.1182396867829354
database3/database3/m.013vtr/20-FaceId-0_align.webp,0.015954,1.0,0.1278950962669727
database3/database3/m.013w7j/20-FaceId-0_align.webp,0.009375,1.0,0.190903879225927
database3/database3/m.013w7j/32-FaceId-0_align.webp,0.001151,1.0,0.1381163701991496
database3/database3/m.013w7j/64-FaceId-0_align.webp,0.008592,1.0,0.2012309318597536
database3/database3/m.013w8h/4-FaceId-0_align.webp,0.094597,1.0,0.119891577045558
database3/database3/m.013wt0/40-FaceId-1_align.webp,0.123008,0.0,0.1344069765886028
database3/database3/m.013wz9/26-FaceId-0_align.webp,0.18678,0.0,0.1274982389488884
database3/database3/m.013wz9/73-FaceId-0_align.webp,0.219059,0.0,0.1229155369160878
database3/database3/m.013xhr/100-FaceId-0_align.webp,0.00219,1.0,0.1549448282952642
database3/database3/m.013xhr/23-FaceId-0_align.webp,0.015916,1.0,0.1359060763661728
database3/database3/m.013xhr/24-FaceId-0_align.webp,0.064866,1.0,0.1272772423511405
database3/database3/m.013xhr/33-FaceId-0_align.webp,0.013765,1.0,0.2236429424318279
database3/database3/m.013xhr/42-FaceId-0_align.webp,0.02596,1.0,0.1753409403690771
database3/database3/m.013xs1/10-FaceId-0_align.webp,0.059547,1.0,0.0943820298718316
database3/database3/m.013y2b/23-FaceId-0_align.webp,0.154363,0.0,0.1299911085696907
database3/database3/m.013y2b/32-FaceId-0_align.webp,0.092369,0.0,0.1207095570573483
database3/database3/m.013y2b/66-FaceId-0_align.webp,0.108782,0.0,0.1263680558765599
database3/database3/m.013y2s/40-FaceId-0_align.webp,0.026989,0.0,0.117590196945999
database3/database3/m.013y2s/73-FaceId-0_align.webp,0.075667,0.0,0.1138219074199508
database3/database3/m.013yd0/51-FaceId-0_align.webp,0.167678,0.0,0.1339663882525771
database3/database3/m.013yd0/92-FaceId-0_align.webp,0.096098,0.0,0.1156636992046664
database3/database3/m.013ykk/37-FaceId-0_align.webp,0.042458,0.0,0.1417084723206186
database3/database3/m.013ykx/9-FaceId-0_align.webp,0.117351,0.0,0.1282787632898731
database3/database3/m.013ylm/42-FaceId-0_align.webp,0.120671,0.0,0.1385167326886952
database3/database3/m.013ylm/97-FaceId-0_align.webp,0.133134,0.0,0.1453044058769676
database3/database3/m.013yvd/37-FaceId-0_align.webp,0.027946,1.0,0.1053302397616874
database3/database3/m.013yvd/75-FaceId-0_align.webp,0.027604,1.0,0.1155021688178827
database3/database3/m.013yyq/27-FaceId-0_align.webp,0.014857,1.0,0.1506384034046937
database3/database3/m.013yyq/44-FaceId-0_align.webp,0.06122,1.0,0.1210647348732232
database3/database3/m.013yyq/48-FaceId-0_align.webp,0.11735,1.0,0.17354119966116
database3/database3/m.013zjz/16-FaceId-0_align.webp,0.071353,1.0,0.1570270141738209
database3/database3/m.013zm7/89-FaceId-0_align.webp,0.144683,1.0,0.1326487256885498
database3/database3/m.013zpf/72-FaceId-0_align.webp,0.0,0.0,0.3326376123687479
database3/database3/m.013zpf/88-FaceId-0_align.webp,0.169008,0.0,0.132533682490757
database3/database3/m.013zr7/15-FaceId-0_align.webp,0.062795,1.0,0.1152954970541073
database3/database3/m.013zs9/83-FaceId-0_align.webp,0.33489,0.0,0.163398302739911
database3/database3/m.013zyw/16-FaceId-0_align.webp,0.043076,1.0,0.1068933310893972
database3/database3/m.013zyw/19-FaceId-0_align.webp,0.020445,1.0,0.0983606436159097
database3/database3/m.013zyw/21-FaceId-0_align.webp,0.01715,1.0,0.1026328300695346
database3/database3/m.01400g/101-FaceId-0_align.webp,0.057026,0.0,0.1448945207889361
database3/database3/m.01400g/117-FaceId-0_align.webp,0.219786,0.0,0.1791980373216009
database3/database3/m.01400g/31-FaceId-0_align.webp,0.04717,0.0,0.1301267628100354
database3/database3/m.01400g/47-FaceId-0_align.webp,0.103943,0.0,0.1310195356425864
database3/database3/m.014029/72-FaceId-0_align.webp,0.164078,0.0,0.137716331697371
database3/database3/m.0140ly/8-FaceId-0_align.webp,0.018837,1.0,0.1131796263099654
database3/database3/m.0140v2/84-FaceId-0_align.webp,0.185102,1.0,0.2630664276174323
database3/database3/m.0141qv/12-FaceId-0_align.webp,0.026897,1.0,0.1248463326264865
database3/database3/m.0142n8/3-FaceId-0_align.webp,0.193323,1.0,0.0933083119462676
database3/database3/m.0142n8/5-FaceId-0_align.webp,0.020679,1.0,0.1371756885962176
database3/database3/m.0142sv/3-FaceId-0_align.webp,0.0,1.0,0.079231236770525
database3/database3/m.0142sv/32-FaceId-0_align.webp,0.0,1.0,0.0890108920476481
database3/database3/m.01433m/64-FaceId-0_align.webp,0.03742,0.0,0.183337833206702
database3/database3/m.0143sn/66-FaceId-0_align.webp,0.02374,1.0,0.1317203793002298
database3/database3/m.0143wl/30-FaceId-0_align.webp,0.034923,1.0,0.1410330836362386
database3/database3/m.0143wl/81-FaceId-0_align.webp,0.051966,1.0,0.1486978849683424
database3/database3/m.014488/3-FaceId-0_align.webp,0.020128,1.0,0.1148898599587415
database3/database3/m.01449w/57-FaceId-0_align.webp,0.017199,1.0,0.2140704451007777
database3/database3/m.01449w/80-FaceId-0_align.webp,0.016942,1.0,0.1629663764686466
database3/database3/m.01449w/99-FaceId-0_align.webp,0.011762,1.0,0.1806229455844628
database3/database3/m.0144_b/77-FaceId-0_align.webp,0.037923,1.0,0.1033338832184529
database3/database3/m.0144_b/99-FaceId-0_align.webp,0.002226,1.0,0.1065312688686422
database3/database3/m.0144k5/45-FaceId-0_align.webp,0.060457,0.0,0.125790333760335
database3/database3/m.0144k5/53-FaceId-0_align.webp,0.099321,0.0,0.1467958996787556
database3/database3/m.0144k5/58-FaceId-0_align.webp,0.088277,0.0,0.1257204056750325
database3/database3/m.0144k5/85-FaceId-0_align.webp,0.078258,0.0,0.1393211063577834
database3/database3/m.014508/74-FaceId-0_align.webp,0.033711,1.0,0.1229566155728879
database3/database3/m.0146fs/16-FaceId-0_align.webp,0.00871,1.0,0.1240598404356841
database3/database3/m.0147cn/44-FaceId-0_align.webp,0.171045,1.0,0.1375377605615098
database3/database3/m.0147cn/79-FaceId-0_align.webp,0.059428,1.0,0.1514383478533578
database3/database3/m.0147jt/99-FaceId-0_align.webp,0.019999,1.0,0.1355887825029146
database3/database3/m.0147qz/78-FaceId-0_align.webp,0.010623,1.0,0.120303335019763
database3/database3/m.01480y/76-FaceId-0_align.webp,0.0,1.0,0.0879923848349505
database3/database3/m.0148_m/52-FaceId-0_align.webp,0.01178,1.0,0.1294848928526377
database3/database3/m.0148m9/58-FaceId-0_align.webp,0.040365,1.0,0.1055055272246792
database3/database3/m.0148qq/63-FaceId-1_align.webp,0.082134,1.0,0.1163131274329604
database3/database3/m.0148x0/17-FaceId-0_align.webp,0.195787,0.0,0.1505382300494573
database3/database3/m.014902/18-FaceId-0_align.webp,0.02167,1.0,0.1407711235542022
database3/database3/m.01491d/96-FaceId-0_align.webp,0.018562,1.0,0.1076839093878855
database3/database3/m.014936/66-FaceId-0_align.webp,0.009581,0.0,0.1359315911636277
database3/database3/m.0149k5/29-FaceId-0_align.webp,0.022158,1.0,0.1259566683734846
database3/database3/m.0149k5/81-FaceId-0_align.webp,0.042078,1.0,0.2510081425993319
database3/database3/m.0149vp/23-FaceId-0_align.webp,0.153482,1.0,0.0
database3/database3/m.0149vp/3-FaceId-0_align.webp,0.055794,1.0,0.1272503772630075
database3/database3/m.0149vp/63-FaceId-0_align.webp,0.126629,1.0,0.1351300021662104
database3/database3/m.0149wl/102-FaceId-0_align.webp,0.022928,1.0,0.1741678205662837
database3/database3/m.0149wl/45-FaceId-0_align.webp,0.024169,1.0,0.1946188972047386
database3/database3/m.0149xx/94-FaceId-0_align.webp,0.042337,1.0,0.167113688478253
database3/database3/m.014_1g/72-FaceId-0_align.webp,0.019311,0.0,0.1331072933586836
database3/database3/m.014_1g/8-FaceId-0_align.webp,0.209769,0.0,0.1555348796879107
database3/database3/m.014_4y/6-FaceId-0_align.webp,0.048047,1.0,0.1309754041339224
database3/database3/m.014_sl/106-FaceId-0_align.webp,0.23715,0.0,0.1588587986841617
database3/database3/m.014_sl/74-FaceId-0_align.webp,0.390836,0.0,0.1297572154158327
database3/database3/m.014bn_/16-FaceId-0_align.webp,0.037637,1.0,0.120114795548901
database3/database3/m.014bn_/85-FaceId-1_align.webp,0.012813,1.0,0.1219109938141933
database3/database3/m.014bps/75-FaceId-0_align.webp,0.000105,1.0,0.1449258357867055
database3/database3/m.014byr/85-FaceId-0_align.webp,0.140079,1.0,0.1365931315045668
database3/database3/m.014bz_/33-FaceId-0_align.webp,0.044503,1.0,0.1393634477574284
database3/database3/m.014c0y/76-FaceId-0_align.webp,0.175143,1.0,0.1328584405906036
database3/database3/m.014c40/62-FaceId-0_align.webp,0.041412,1.0,0.1892976939785015
database3/database3/m.014c40/70-FaceId-0_align.webp,0.059838,1.0,0.1213995539314936
database3/database3/m.014cq/6-FaceId-0_align.webp,0.092137,1.0,0.1101502875359205
database3/database3/m.014cq/86-FaceId-0_align.webp,0.009035,1.0,0.1782178517611314
database3/database3/m.014cw2/26-FaceId-0_align.webp,0.010138,1.0,0.1175316487553929
database3/database3/m.014cw2/50-FaceId-0_align.webp,0.006571,1.0,0.119495507566484
database3/database3/m.014d0v/117-FaceId-0_align.webp,0.00171,1.0,0.1205121996065442
database3/database3/m.014d0v/5-FaceId-0_align.webp,0.0,1.0,0.0881963626980226
database3/database3/m.014d0v/76-FaceId-0_align.webp,0.001899,1.0,0.1107942275396186
database3/database3/m.014d15/7-FaceId-0_align.webp,0.067756,1.0,0.1447649851594407
database3/database3/m.014d3/12-FaceId-0_align.webp,0.002261,1.0,0.121242134955871
database3/database3/m.014d3/72-FaceId-0_align.webp,0.018566,1.0,0.1136765773030489
database3/database3/m.014d3y/82-FaceId-0_align.webp,0.033512,0.0,0.8946235138344305
database3/database3/m.014dg1/103-FaceId-0_align.webp,0.026524,1.0,0.1201969697425777
database3/database3/m.014dg1/51-FaceId-0_align.webp,0.001679,1.0,0.143472657030908
database3/database3/m.014dg1/65-FaceId-0_align.webp,0.0,1.0,0.0860177958580207
database3/database3/m.014dg1/7-FaceId-0_align.webp,0.01106,1.0,0.141128837460056
database3/database3/m.014dg1/86-FaceId-0_align.webp,0.019596,1.0,0.1345616720253719
database3/database3/m.014dm6/105-FaceId-0_align.webp,0.23153,1.0,0.1356474952533039
database3/database3/m.014dy_/50-FaceId-0_align.webp,0.069776,1.0,0.0898587102773317
database3/database3/m.014dy_/73-FaceId-0_align.webp,0.01239,1.0,0.1157486670143521
database3/database3/m.014f8k/25-FaceId-0_align.webp,0.24634,0.0,0.1231388046588043
database3/database3/m.014f8k/9-FaceId-0_align.webp,0.182534,0.0,0.1291796457075063
database3/database3/m.014fcb/0-FaceId-0_align.webp,0.028343,1.0,0.1295144152706068
database3/database3/m.014fd7/98-FaceId-0_align.webp,0.096652,1.0,0.118957543515408
database3/database3/m.014g17/1-FaceId-0_align.webp,0.005705,1.0,0.1400924303791809
database3/database3/m.014g17/9-FaceId-0_align.webp,0.079641,1.0,0.1492098781710942
database3/database3/m.014g22/90-FaceId-0_align.webp,0.35161,0.0,0.1663217293504698
database3/database3/m.014g6c/86-FaceId-0_align.webp,0.02888,1.0,0.1339659167766836
database3/database3/m.014g6v/43-FaceId-0_align.webp,0.001902,1.0,0.1146541703908463
database3/database3/m.014g79/86-FaceId-0_align.webp,0.049609,1.0,0.1326181224618096
database3/database3/m.014g8p/48-FaceId-0_align.webp,0.000256,1.0,0.1568287486732775
database3/database3/m.014g9y/12-FaceId-0_align.webp,0.038159,0.0,0.1389010754614127
database3/database3/m.014g_f/26-FaceId-0_align.webp,0.000817,1.0,0.0697913114631694
database3/database3/m.014g_f/35-FaceId-0_align.webp,0.001771,1.0,0.1206653149164557
database3/database3/m.014gf8/102-FaceId-0_align.webp,0.00204,1.0,0.3468497263057458
database3/database3/m.014gf8/28-FaceId-0_align.webp,0.018311,1.0,0.1029965904802524
database3/database3/m.014gf8/69-FaceId-0_align.webp,0.050273,1.0,0.1231265636741709
database3/database3/m.014gf8/9-FaceId-0_align.webp,0.034223,1.0,0.1242468085551644
database3/database3/m.014gsd/79-FaceId-0_align.webp,0.118598,1.0,0.1429565861807184
database3/database3/m.014h_s/80-FaceId-0_align.webp,0.173494,0.0,0.144157907824431
database3/database3/m.014hlm/54-FaceId-0_align.webp,0.078394,0.0,0.1296782744754048
database3/database3/m.014hmv/53-FaceId-1_align.webp,0.0,1.0,0.1278277883497193
database3/database3/m.014j8m/72-FaceId-0_align.webp,0.0057,1.0,0.1372440275446431
database3/database3/m.014jb8/10-FaceId-0_align.webp,0.009911,1.0,0.2157838054328852
database3/database3/m.014jk0/16-FaceId-0_align.webp,0.026202,1.0,0.2860875279331491
database3/database3/m.014jk0/61-FaceId-0_align.webp,0.011335,1.0,0.7679103912754859
database3/database3/m.014jk0/74-FaceId-0_align.webp,0.003357,1.0,0.3508148940612943
database3/database3/m.014jxq/20-FaceId-0_align.webp,0.165895,0.0,0.1455394199708757
database3/database3/m.014jxq/43-FaceId-0_align.webp,0.136492,0.0,0.1058162619076918
database3/database3/m.014jy6/23-FaceId-0_align.webp,0.150311,1.0,0.2269126706560843
database3/database3/m.014jy6/50-FaceId-0_align.webp,0.042148,1.0,0.1317569129274184
database3/database3/m.014jy6/97-FaceId-0_align.webp,0.061362,1.0,0.2145207803772937
database3/database3/m.014k1v/95-FaceId-3_align.webp,0.133686,1.0,0.1707917583384016
database3/database3/m.014k2p/25-FaceId-0_align.webp,0.315824,1.0,0.1507452223211406
database3/database3/m.014kbz/16-FaceId-0_align.webp,0.028027,1.0,0.1280656940663765
database3/database3/m.014kbz/22-FaceId-0_align.webp,0.028933,1.0,0.1335099148448144
database3/database3/m.014kbz/81-FaceId-0_align.webp,0.006506,1.0,0.1355174676209669
database3/database3/m.014kxv/1-FaceId-0_align.webp,0.013313,1.0,0.1180217900976124
database3/database3/m.014kxv/11-FaceId-0_align.webp,0.053384,1.0,0.1081592658465195
database3/database3/m.014lb1/14-FaceId-2_align.webp,0.000111,0.0,0.1173678366374708
database3/database3/m.014lb1/47-FaceId-0_align.webp,0.167631,0.0,0.1278549536806907
database3/database3/m.014lb1/62-FaceId-1_align.webp,0.053145,0.0,0.120485689230028
database3/database3/m.014lyb/65-FaceId-0_align.webp,0.056831,1.0,0.103468755308872
database3/database3/m.014m_1/70-FaceId-0_align.webp,0.018552,1.0,0.120730433364568
database3/database3/m.014mvy/17-FaceId-0_align.webp,0.196734,1.0,0.1909477267712089
database3/database3/m.014mvy/58-FaceId-0_align.webp,0.218895,1.0,0.2038316352113705
database3/database3/m.014n_k/48-FaceId-0_align.webp,0.006557,1.0,0.1310903835609758
database3/database3/m.014n_k/70-FaceId-0_align.webp,0.029858,1.0,0.1082079918529862
database3/database3/m.014nfw/87-FaceId-0_align.webp,0.123499,0.0,0.1281953016461654
database3/database3/m.014p33/83-FaceId-2_align.webp,0.084076,0.0,0.1168932018972407
database3/database3/m.014p33/87-FaceId-0_align.webp,0.07546,0.0,0.1278110894763278
database3/database3/m.014ptb/14-FaceId-1_align.webp,0.016295,1.0,0.1013981927054289
database3/database3/m.014ptb/5-FaceId-0_align.webp,0.001038,1.0,0.1909702936419622
database3/database3/m.014ptb/50-FaceId-0_align.webp,0.185526,1.0,0.1221584532295995
database3/database3/m.014pxk/118-FaceId-0_align.webp,0.227914,1.0,0.231516346434513
database3/database3/m.014pys/19-FaceId-0_align.webp,0.047245,1.0,0.1986480918673551
database3/database3/m.014pzz/110-FaceId-0_align.webp,0.13041,0.0,0.1248985197406966
database3/database3/m.014qjt/47-FaceId-0_align.webp,0.002851,1.0,0.1344053183237103
database3/database3/m.014r6r/81-FaceId-0_align.webp,0.091441,0.0,0.1117760419194257
database3/database3/m.014s81/3-FaceId-0_align.webp,0.077926,1.0,0.1398462406296131
database3/database3/m.014sj7/7-FaceId-0_align.webp,0.074577,1.0,0.1559246845817991
database3/database3/m.014skb/4-FaceId-0_align.webp,0.096076,0.0,0.1298413216909899
database3/database3/m.014skb/53-FaceId-0_align.webp,0.075066,0.0,0.1241435767401101
database3/database3/m.014skb/55-FaceId-0_align.webp,0.080414,0.0,0.1326881110093029
database3/database3/m.014v1q/8-FaceId-1_align.webp,0.038359,1.0,0.1591104485624073
database3/database3/m.014v6x/16-FaceId-0_align.webp,0.159906,0.0,0.1247765234908038
database3/database3/m.014v6x/20-FaceId-0_align.webp,0.306955,0.0,0.143378773691748
database3/database3/m.014v6x/88-FaceId-0_align.webp,0.075191,0.0,0.1110927448474349
database3/database3/m.014vbq/60-FaceId-0_align.webp,0.005701,1.0,0.0
database3/database3/m.014vnb/46-FaceId-0_align.webp,0.027126,1.0,0.1231155345268754
database3/database3/m.014vnb/51-FaceId-0_align.webp,0.043084,1.0,0.1261763395995236
database3/database3/m.014vtj/100-FaceId-0_align.webp,0.000679,1.0,0.1256213619058497
database3/database3/m.014wsb/38-FaceId-0_align.webp,0.106862,1.0,0.1302060881437418
database3/database3/m.014x0w/28-FaceId-0_align.webp,0.353028,0.0,0.2803101700249392
database3/database3/m.014x0w/74-FaceId-0_align.webp,0.177523,0.0,0.1326475440353029
database3/database3/m.014x0w/96-FaceId-0_align.webp,0.217684,0.0,0.1446463779257132
database3/database3/m.014xn7/100-FaceId-0_align.webp,0.007084,1.0,0.0970307891997789
database3/database3/m.014xn7/42-FaceId-0_align.webp,0.003105,1.0,0.1114737747695725
database3/database3/m.014xr2/5-FaceId-0_align.webp,0.387134,0.0,0.1830519987544041
database3/database3/m.014xr2/87-FaceId-0_align.webp,0.341771,0.0,0.1632062081917789
database3/database3/m.014xzx/93-FaceId-0_align.webp,0.351892,1.0,0.1687557008327303
database3/database3/m.014y6/74-FaceId-0_align.webp,0.012495,1.0,0.1269759390450361
database3/database3/m.014y6/95-FaceId-0_align.webp,0.006882,1.0,0.1372689609267675
database3/database3/m.014y7g/1-FaceId-0_align.webp,0.005692,1.0,0.1234071634661439
database3/database3/m.014z8v/77-FaceId-0_align.webp,0.004141,1.0,0.1196658872525719
database3/database3/m.014zfs/76-FaceId-0_align.webp,0.024924,1.0,0.1168461262041798
database3/database3/m.014zxh/99-FaceId-0_align.webp,0.008633,1.0,0.2344423593038609
database3/database3/m.014zy/105-FaceId-0_align.webp,0.175949,1.0,0.1717223265697185
database3/database3/m.014zy/22-FaceId-0_align.webp,0.048224,1.0,0.1425200065214527
database3/database3/m.014zy/56-FaceId-0_align.webp,0.135716,1.0,0.2633302127965006
database3/database3/m.015076/99-FaceId-0_align.webp,0.0064,1.0,0.1965417046734882
database3/database3/m.01507p/0-FaceId-0_align.webp,0.067522,1.0,0.1409325822284975
database3/database3/m.01509x/60-FaceId-0_align.webp,0.015557,1.0,0.132539367352235
database3/database3/m.0150bp/103-FaceId-0_align.webp,0.041675,0.0,0.1113179091160761
database3/database3/m.0150j5/31-FaceId-0_align.webp,0.003889,1.0,0.0980867102259721
database3/database3/m.0150j5/4-FaceId-0_align.webp,0.006229,1.0,0.1144583852185833
database3/database3/m.0150j5/71-FaceId-0_align.webp,0.062123,1.0,0.1149668321264675
database3/database3/m.0150j5/81-FaceId-0_align.webp,0.001136,1.0,0.0799641862032951
database3/database3/m.0150j5/86-FaceId-0_align.webp,0.002669,1.0,0.1068484635470087
database3/database3/m.0150m1/111-FaceId-0_align.webp,0.023781,1.0,0.1545973633292674
database3/database3/m.0150m1/13-FaceId-0_align.webp,0.071346,1.0,0.1333740836241292
database3/database3/m.0150mg/0-FaceId-0_align.webp,0.057671,1.0,0.3219755176432385
database3/database3/m.0150mg/69-FaceId-0_align.webp,0.220147,1.0,0.1548051424035342
database3/database3/m.0150mg/88-FaceId-0_align.webp,0.14546,1.0,0.1863667884346619
database3/database3/m.0150mg/97-FaceId-0_align.webp,0.078806,1.0,0.1429448487205883
database3/database3/m.0150rl/42-FaceId-0_align.webp,0.016396,0.0,0.1096128106398359
database3/database3/m.0150t6/36-FaceId-0_align.webp,0.017669,1.0,0.1156753919146384
database3/database3/m.0150t6/41-FaceId-0_align.webp,0.022058,1.0,0.1083543769726966
database3/database3/m.0150t6/63-FaceId-0_align.webp,0.015119,1.0,0.1260195503288521
database3/database3/m.01519n/21-FaceId-0_align.webp,0.389316,0.0,0.2141539461368407
database3/database3/m.01519n/69-FaceId-0_align.webp,0.017235,0.0,0.141098656197277
database3/database3/m.0151fv/54-FaceId-0_align.webp,0.017876,0.0,0.1074456796259719
database3/database3/m.0151fv/90-FaceId-0_align.webp,0.296844,0.0,0.1475801771521172
database3/database3/m.0151fv/94-FaceId-0_align.webp,0.121468,0.0,0.1812177857433462
database3/database3/m.0151n1/16-FaceId-0_align.webp,0.044648,1.0,0.1329375088873223
database3/database3/m.0151n1/26-FaceId-0_align.webp,0.101903,1.0,0.1462676510627787
database3/database3/m.0151n1/29-FaceId-0_align.webp,0.049938,1.0,0.1586736883109716
database3/database3/m.0151n1/36-FaceId-0_align.webp,0.038201,1.0,0.1483043476828723
database3/database3/m.0151n1/53-FaceId-0_align.webp,0.021607,1.0,0.1655726542191779
database3/database3/m.0151p8/29-FaceId-0_align.webp,0.003452,1.0,0.0972462011909916
database3/database3/m.0151xv/30-FaceId-0_align.webp,0.007121,1.0,0.1234594231394544
database3/database3/m.0151xv/44-FaceId-0_align.webp,0.021629,1.0,0.1323552934050599
database3/database3/m.0151xv/88-FaceId-0_align.webp,0.006779,1.0,0.1451698955375781
database3/database3/m.0151zx/92-FaceId-0_align.webp,0.043036,1.0,0.1801683268620418
database3/database3/m.0152cw/42-FaceId-0_align.webp,0.083199,0.0,0.1281544004925956
database3/database3/m.0152xn/72-FaceId-0_align.webp,0.043462,1.0,0.1401950746662532
database3/database3/m.015302/4-FaceId-0_align.webp,0.000416,1.0,0.0962913097091861
database3/database3/m.0153dp/1-FaceId-0_align.webp,0.039324,1.0,0.1277792737797148
database3/database3/m.0153dp/88-FaceId-0_align.webp,0.057869,1.0,0.1216428720844976
database3/database3/m.0153vt/1-FaceId-0_align.webp,0.335303,1.0,0.1363237563512813
database3/database3/m.0153vt/81-FaceId-0_align.webp,0.087285,1.0,0.1508098209092352
database3/database3/m.0153y1/16-FaceId-0_align.webp,0.166114,0.0,0.1366481511440788
database3/database3/m.01541z/117-FaceId-0_align.webp,0.111734,0.0,0.1251902621902264
database3/database3/m.01547g/3-FaceId-0_align.webp,0.153164,0.0,0.1321298194839026
database3/database3/m.01547g/73-FaceId-0_align.webp,0.246081,0.0,0.1304101673441306
database3/database3/m.0154d7/52-FaceId-0_align.webp,0.115018,1.0,0.1510301497359869
database3/database3/m.0154ff/10-FaceId-0_align.webp,0.121913,0.0,0.1205163198385796
database3/database3/m.0154hr/101-FaceId-0_align.webp,0.090433,0.0,0.1756814378874012
database3/database3/m.0154hr/109-FaceId-0_align.webp,0.038439,0.0,0.1230135147740825
database3/database3/m.0154hr/18-FaceId-0_align.webp,0.07836,0.0,0.16884750513265
database3/database3/m.0154hr/28-FaceId-0_align.webp,0.045785,0.0,0.1324486042086074
database3/database3/m.0154s9/24-FaceId-0_align.webp,0.052837,1.0,0.118532117420185
database3/database3/m.0154x6/57-FaceId-0_align.webp,0.061779,0.0,0.1554359750972839
database3/database3/m.01552j/40-FaceId-0_align.webp,0.017747,1.0,0.1058302491145994
database3/database3/m.01558d/79-FaceId-0_align.webp,0.014812,1.0,0.0898789597794117
database3/database3/m.01558d/8-FaceId-0_align.webp,0.124089,1.0,0.1176385113382126
database3/database3/m.0155zp/26-FaceId-0_align.webp,0.000547,1.0,0.1121804720776045
database3/database3/m.0155zp/7-FaceId-0_align.webp,0.015991,1.0,0.1178613585353528
database3/database3/m.0155zp/79-FaceId-0_align.webp,0.02849,1.0,0.1632119615755993
database3/database3/m.0155zp/88-FaceId-0_align.webp,0.072148,1.0,0.1273484510832822
database3/database3/m.0156dg/11-FaceId-0_align.webp,0.153809,0.0,0.1564301761965034
database3/database3/m.0156dg/2-FaceId-0_align.webp,0.144571,0.0,0.1805921750331893
database3/database3/m.0156y1/31-FaceId-0_align.webp,0.047284,1.0,0.126472677749064
database3/database3/m.01574b/45-FaceId-0_align.webp,0.070647,0.0,0.1377368171202925
database3/database3/m.015796/86-FaceId-0_align.webp,0.081944,0.0,0.1314253330260195
database3/database3/m.0157m/20-FaceId-0_align.webp,0.028257,1.0,0.0998924084143185
database3/database3/m.0157m/24-FaceId-0_align.webp,0.028454,1.0,0.114902660672133
database3/database3/m.0157m/25-FaceId-0_align.webp,0.020124,1.0,0.1128712462918955
database3/database3/m.0157m/73-FaceId-0_align.webp,0.033963,1.0,0.1339765354146643
database3/database3/m.0157r6/22-FaceId-1_align.webp,0.0,1.0,0.0645609058157445
database3/database3/m.0157ry/29-FaceId-0_align.webp,0.027582,1.0,0.1043625264096946
database3/database3/m.015882/17-FaceId-0_align.webp,0.396178,0.0,0.1479527762422354
database3/database3/m.015882/20-FaceId-0_align.webp,0.380878,0.0,0.1628647266133439
database3/database3/m.015882/75-FaceId-0_align.webp,0.386665,0.0,0.1741243247041734
database3/database3/m.0158r2/73-FaceId-0_align.webp,0.173377,0.0,0.131988971307405
database3/database3/m.01598m/79-FaceId-0_align.webp,0.475474,0.0,0.1646807643709193
database3/database3/m.0159wm/104-FaceId-0_align.webp,0.007308,1.0,0.0893152293169863
database3/database3/m.0159wm/9-FaceId-0_align.webp,0.002891,1.0,0.0641556047669309
database3/database3/m.015_44/31-FaceId-0_align.webp,0.062168,0.0,0.1172491460937968
database3/database3/m.015_44/64-FaceId-0_align.webp,0.356589,0.0,0.1794696373124161
database3/database3/m.015_44/84-FaceId-0_align.webp,0.3229,0.0,0.1771391446795197
database3/database3/m.015b67/34-FaceId-0_align.webp,0.034996,1.0,0.1227600796613705
database3/database3/m.015bhj/103-FaceId-1_align.webp,0.041754,1.0,0.0
database3/database3/m.015bhj/70-FaceId-0_align.webp,0.00385,1.0,0.1126245291885242
database3/database3/m.015bnf/68-FaceId-0_align.webp,0.066968,0.0,0.128064276595109
database3/database3/m.015brk/18-FaceId-0_align.webp,0.023166,1.0,0.133223230456226
database3/database3/m.015bw2/110-FaceId-0_align.webp,0.01319,1.0,0.1273472990535721
database3/database3/m.015bw2/40-FaceId-0_align.webp,0.013047,1.0,0.1449954151606183
database3/database3/m.015bw2/68-FaceId-0_align.webp,0.00956,1.0,0.1449848773531453
database3/database3/m.015c2f/3-FaceId-0_align.webp,0.072717,0.0,0.1218412801685665
database3/database3/m.015c2f/47-FaceId-0_align.webp,0.01548,0.0,0.1347530295452641
database3/database3/m.015c2f/49-FaceId-0_align.webp,0.031524,0.0,0.1338178387422807
database3/database3/m.015c2f/8-FaceId-0_align.webp,0.126031,0.0,0.1381335685067164
database3/database3/m.015c4g/7-FaceId-0_align.webp,0.000573,1.0,0.1177675728856745
database3/database3/m.015c4g/83-FaceId-0_align.webp,0.000391,1.0,0.1022499921382173
database3/database3/m.015cyn/17-FaceId-0_align.webp,0.046212,1.0,0.1248161136733368
database3/database3/m.015cyn/5-FaceId-0_align.webp,0.152464,1.0,0.111648212152288
database3/database3/m.015czg/24-FaceId-0_align.webp,0.141052,1.0,0.1348749586624485
database3/database3/m.015d2r/66-FaceId-0_align.webp,0.064087,1.0,0.2608682074592841
database3/database3/m.015d2r/86-FaceId-0_align.webp,0.029999,1.0,0.1339236539181283
database3/database3/m.015dcj/83-FaceId-0_align.webp,0.023385,1.0,0.129968726684004
database3/database3/m.015dgg/80-FaceId-0_align.webp,0.001775,1.0,0.1377647751266236
database3/database3/m.015djp/24-FaceId-0_align.webp,0.0,1.0,0.098412947478565
database3/database3/m.015djp/27-FaceId-0_align.webp,0.037685,1.0,0.1341315978621934
database3/database3/m.015dk3/22-FaceId-0_align.webp,0.027592,1.0,0.1029829416056753
database3/database3/m.015dnt/38-FaceId-0_align.webp,0.001692,1.0,0.1611953889775041
database3/database3/m.015dnt/42-FaceId-1_align.webp,0.102539,1.0,0.0772112075325707
database3/database3/m.015dqj/29-FaceId-0_align.webp,0.034796,1.0,0.1286182935470811
database3/database3/m.015dsz/54-FaceId-1_align.webp,0.002756,1.0,0.1001701721391792
database3/database3/m.015dx/106-FaceId-0_align.webp,0.065832,0.0,0.1280571035825351
database3/database3/m.015dx/112-FaceId-0_align.webp,0.282009,0.0,0.1416119792782997
database3/database3/m.015dx/117-FaceId-0_align.webp,0.154935,0.0,0.1122482707567289
database3/database3/m.015dx/16-FaceId-0_align.webp,0.065933,0.0,0.1416636414322018
database3/database3/m.015dx/75-FaceId-0_align.webp,0.127561,0.0,0.1503551362232121
database3/database3/m.015dz8/51-FaceId-0_align.webp,0.051527,1.0,0.1288313855027245
database3/database3/m.015f6_/9-FaceId-0_align.webp,0.050822,1.0,0.1320251722139094
database3/database3/m.015fxn/110-FaceId-1_align.webp,0.050721,0.0,0.1229377764559719
database3/database3/m.015fyd/19-FaceId-0_align.webp,0.055834,0.0,0.1271253880329085
database3/database3/m.015g36/86-FaceId-0_align.webp,0.010069,0.0,0.1248057795655497
database3/database3/m.015g98/4-FaceId-0_align.webp,0.031227,1.0,0.1533246034572162
database3/database3/m.015g_7/108-FaceId-0_align.webp,0.075445,1.0,0.1282268814054966
database3/database3/m.015ghl/29-FaceId-0_align.webp,0.035495,0.0,0.1221588962555731
database3/database3/m.015ghl/58-FaceId-0_align.webp,0.114793,0.0,0.0978421759534145
database3/database3/m.015ghl/7-FaceId-0_align.webp,0.022651,0.0,0.1088866932488
database3/database3/m.015gjr/36-FaceId-0_align.webp,0.054888,1.0,0.127292286368034
database3/database3/m.015gjr/40-FaceId-0_align.webp,0.045893,1.0,0.1072060409909812
database3/database3/m.015gjr/84-FaceId-0_align.webp,0.042274,1.0,0.2306216842512885
database3/database3/m.015gqm/96-FaceId-1_align.webp,0.236979,1.0,0.1580661624039102
database3/database3/m.015grj/83-FaceId-0_align.webp,0.0,1.0,0.1012967141286606
database3/database3/m.015grj/95-FaceId-0_align.webp,0.006074,1.0,0.0942518072442418
database3/database3/m.015grj/98-FaceId-0_align.webp,0.00126,1.0,0.0777759050402869
database3/database3/m.015gsv/100-FaceId-0_align.webp,0.087077,1.0,0.139608536297622
database3/database3/m.015gsv/72-FaceId-0_align.webp,0.017745,1.0,0.1278299716937543
database3/database3/m.015gx1/70-FaceId-0_align.webp,0.056653,1.0,0.1168642748175606
database3/database3/m.015gy7/28-FaceId-0_align.webp,0.011386,1.0,0.1393018536294165
database3/database3/m.015gzc/94-FaceId-0_align.webp,0.077714,1.0,0.1228917265540386
database3/database3/m.015h25/3-FaceId-0_align.webp,0.001481,1.0,0.0951266042953623
database3/database3/m.015h7y/30-FaceId-0_align.webp,0.014431,1.0,0.1370037737146982
database3/database3/m.015htz/46-FaceId-0_align.webp,0.135648,0.0,0.127245858501752
database3/database3/m.015j58/58-FaceId-0_align.webp,0.016994,1.0,0.1265469706608887
database3/database3/m.015j6h/20-FaceId-0_align.webp,0.005265,1.0,0.1343346661516642
database3/database3/m.015j6h/37-FaceId-0_align.webp,0.094841,1.0,0.1588995895277809
database3/database3/m.015j6y/47-FaceId-0_align.webp,0.10488,0.0,0.1609492749312546
database3/database3/m.015j6y/5-FaceId-0_align.webp,0.085053,0.0,0.1230429259492296
database3/database3/m.015j6y/73-FaceId-1_align.webp,0.12413,0.0,0.1289866093445825
database3/database3/m.015j8x/17-FaceId-0_align.webp,0.049084,1.0,0.1411863132283042
database3/database3/m.015j8x/42-FaceId-0_align.webp,0.021866,1.0,0.1608418676228839
database3/database3/m.015jjw/46-FaceId-0_align.webp,0.068702,1.0,0.1480490249414694
database3/database3/m.015jjw/69-FaceId-0_align.webp,0.113403,1.0,0.1478013125201557
database3/database3/m.015jvm/105-FaceId-0_align.webp,0.006549,1.0,0.1102728142812745
database3/database3/m.015jvm/32-FaceId-0_align.webp,0.01088,1.0,0.1056252573423843
database3/database3/m.015jvm/85-FaceId-0_align.webp,0.111985,1.0,0.2482233670528096
database3/database3/m.015k04/104-FaceId-0_align.webp,0.087765,0.0,0.1073461372737103
database3/database3/m.015k04/33-FaceId-0_align.webp,0.019732,0.0,0.134155813647791
database3/database3/m.015k04/68-FaceId-0_align.webp,0.032064,0.0,0.1316832070548725
database3/database3/m.015k9x/19-FaceId-0_align.webp,0.079615,0.0,0.1367530160989699
database3/database3/m.015k9x/84-FaceId-0_align.webp,0.154994,0.0,0.4901227032217696
database3/database3/m.015kbd/21-FaceId-0_align.webp,0.030994,1.0,0.1039898480605201
database3/database3/m.015kbd/80-FaceId-0_align.webp,0.061754,1.0,0.3039811572975022
database3/database3/m.015khm/4-FaceId-0_align.webp,0.027803,1.0,0.0839138179843135
database3/database3/m.015klf/75-FaceId-0_align.webp,0.0,1.0,0.0852663414008322
database3/database3/m.015ksl/24-FaceId-0_align.webp,0.23069,1.0,0.1341770392450316
database3/database3/m.015ksl/26-FaceId-1_align.webp,0.043132,1.0,0.2473928690882089
database3/database3/m.015ksl/31-FaceId-0_align.webp,0.096817,1.0,0.1322010881820702
database3/database3/m.015ksl/72-FaceId-0_align.webp,0.014945,1.0,0.1285247457359866
database3/database3/m.015ksy/70-FaceId-0_align.webp,0.064697,1.0,0.1171576247837761
database3/database3/m.015ksy/90-FaceId-0_align.webp,0.039383,1.0,0.1208634004075187
database3/database3/m.015kt_/7-FaceId-0_align.webp,0.084368,1.0,0.1129756846701618
database3/database3/m.015l1l/126-FaceId-0_align.webp,0.0,1.0,0.0772946895421222
database3/database3/m.015l51/58-FaceId-0_align.webp,0.077217,1.0,0.1070559517001535
database3/database3/m.015lg2/3-FaceId-0_align.webp,0.081487,1.0,0.2504790672098181
database3/database3/m.015m2c/35-FaceId-0_align.webp,0.111821,0.0,0.2084570718294663
database3/database3/m.015m2c/62-FaceId-0_align.webp,0.107098,0.0,0.1989436023823435
database3/database3/m.015m2c/96-FaceId-0_align.webp,0.077293,0.0,0.2153831186095949
database3/database3/m.015m2v/50-FaceId-0_align.webp,0.014038,1.0,0.1139513405752656
database3/database3/m.015m_9/103-FaceId-0_align.webp,0.203457,0.0,0.1459077367576703
database3/database3/m.015m_9/23-FaceId-0_align.webp,0.194385,0.0,0.1246401942633687
database3/database3/m.015mfy/124-FaceId-0_align.webp,0.011509,1.0,0.240855713052152
database3/database3/m.015mfy/44-FaceId-0_align.webp,0.015486,1.0,0.2221931839443472
database3/database3/m.015ncq/12-FaceId-0_align.webp,0.097302,0.0,0.1038335185770676
database3/database3/m.015ncq/15-FaceId-0_align.webp,0.108176,0.0,0.1279319125302994
database3/database3/m.015ncq/43-FaceId-0_align.webp,0.173231,0.0,0.1681284722317605
database3/database3/m.015nr6/10-FaceId-0_align.webp,0.135309,0.0,0.088554243709995
database3/database3/m.015nxw/46-FaceId-0_align.webp,0.033616,1.0,0.1324657577720563
database3/database3/m.015nz8/33-FaceId-0_align.webp,0.258768,1.0,0.1227880720407628
database3/database3/m.015p0c/3-FaceId-0_align.webp,0.047687,1.0,0.1079458892272307
database3/database3/m.015p37/5-FaceId-0_align.webp,0.024022,0.0,0.2331198630949554
database3/database3/m.015p3p/83-FaceId-3_align.webp,0.095309,1.0,0.1917993650354935
database3/database3/m.015p_p/4-FaceId-0_align.webp,0.041582,1.0,0.2269375940450346
database3/database3/m.015ph6/52-FaceId-0_align.webp,0.019715,1.0,0.1152566277211993
database3/database3/m.015ph6/9-FaceId-0_align.webp,0.017184,1.0,0.090955339304058
database3/database3/m.015phm/91-FaceId-0_align.webp,0.017375,1.0,0.0950822274729628
database3/database3/m.015pqq/24-FaceId-0_align.webp,0.179784,0.0,0.127664704450782
database3/database3/m.015pqq/66-FaceId-0_align.webp,0.136121,0.0,0.2096445529525566
database3/database3/m.015pqq/87-FaceId-0_align.webp,0.018013,0.0,0.1408140328999635
database3/database3/m.015pt7/51-FaceId-0_align.webp,0.127322,1.0,0.1598493824394709
database3/database3/m.015pt7/58-FaceId-0_align.webp,0.035197,1.0,0.1138484145720435
database3/database3/m.015pt7/60-FaceId-0_align.webp,0.049196,1.0,0.1737645844037442
database3/database3/m.015pvh/112-FaceId-0_align.webp,0.330281,0.0,0.1530428078471903
database3/database3/m.015px7/44-FaceId-0_align.webp,0.034165,1.0,0.1239179143946012
database3/database3/m.015px7/91-FaceId-0_align.webp,0.015722,1.0,0.0806686160496512
database3/database3/m.015pxr/76-FaceId-0_align.webp,0.013737,1.0,0.1203439288966427
database3/database3/m.015pxr/85-FaceId-0_align.webp,0.04711,1.0,0.1363170683886215
database3/database3/m.015pz3/26-FaceId-0_align.webp,0.029214,1.0,0.1681842149402825
database3/database3/m.015q3m/88-FaceId-0_align.webp,0.02977,1.0,0.0959237877276167
database3/database3/m.015q43/44-FaceId-0_align.webp,0.14431,0.0,0.1405341276863151
database3/database3/m.015q43/83-FaceId-0_align.webp,0.202776,0.0,0.1615893380442121
database3/database3/m.015q7v/66-FaceId-0_align.webp,0.123951,1.0,0.1405529740990519
database3/database3/m.015q7v/70-FaceId-0_align.webp,0.084162,1.0,0.1402282484863808
database3/database3/m.015q7v/74-FaceId-0_align.webp,0.166774,1.0,0.2330491679514161
database3/database3/m.015q7v/95-FaceId-0_align.webp,0.114436,1.0,0.1290662839512734
database3/database3/m.015q9_/38-FaceId-0_align.webp,0.073529,1.0,0.1471641583433008
database3/database3/m.015q9_/55-FaceId-0_align.webp,0.228226,1.0,0.1392975125679526
database3/database3/m.015qgb/80-FaceId-0_align.webp,0.240744,0.0,0.1768439723757212
database3/database3/m.015ql4/49-FaceId-0_align.webp,0.010843,1.0,0.1200875074681607
database3/database3/m.015ql_/79-FaceId-0_align.webp,0.076307,0.0,0.1384051898522738
database3/database3/m.015qlm/10-FaceId-0_align.webp,0.050821,0.0,0.137173335935802
database3/database3/m.015qlm/70-FaceId-0_align.webp,0.030997,0.0,0.1369434242541323
database3/database3/m.015qpn/63-FaceId-0_align.webp,0.366396,1.0,0.1036823110964854
database3/database3/m.015qq1/36-FaceId-0_align.webp,0.022633,1.0,0.1084474064925798
database3/database3/m.015qty/73-FaceId-0_align.webp,0.019129,1.0,0.1025571686062154
database3/database3/m.015qty/74-FaceId-0_align.webp,0.007618,1.0,0.1292508420643697
database3/database3/m.015qv9/29-FaceId-0_align.webp,0.006101,1.0,0.1343193826864229
database3/database3/m.015qxn/75-FaceId-0_align.webp,0.029389,1.0,0.0736646069053786
database3/database3/m.015qxn/81-FaceId-0_align.webp,0.000968,1.0,0.1710477255908876
database3/database3/m.015qyf/14-FaceId-0_align.webp,0.032701,1.0,0.1265405964672278
database3/database3/m.015qzv/12-FaceId-0_align.webp,0.03298,1.0,0.2239578318032245
database3/database3/m.015qzv/45-FaceId-0_align.webp,0.048204,1.0,0.204178884593741
database3/database3/m.015qzv/55-FaceId-0_align.webp,0.094832,1.0,0.2639025490806786
database3/database3/m.015qzv/57-FaceId-0_align.webp,0.068867,1.0,0.151337748445759
database3/database3/m.015r3q/35-FaceId-0_align.webp,0.001755,1.0,0.2116418428849678
database3/database3/m.015r4v/28-FaceId-0_align.webp,0.015627,1.0,0.1412383171041842
database3/database3/m.015rhv/21-FaceId-0_align.webp,0.274759,1.0,0.1971582308413359
database3/database3/m.015rmq/88-FaceId-0_align.webp,0.016982,1.0,0.1109489884649974
database3/database3/m.015t_m/31-FaceId-0_align.webp,0.0851,1.0,0.0727557166019699
database3/database3/m.015thk/1-FaceId-0_align.webp,0.117609,1.0,0.1241515039671992
database3/database3/m.015thk/47-FaceId-0_align.webp,0.223814,1.0,0.1961784925087644
database3/database3/m.015thk/89-FaceId-0_align.webp,0.010677,1.0,0.1989476051141744
database3/database3/m.015tp7/25-FaceId-0_align.webp,0.089928,1.0,0.1319517889070925
database3/database3/m.015tp7/4-FaceId-0_align.webp,0.078982,1.0,0.1400584261308503
database3/database3/m.015tv5/22-FaceId-0_align.webp,0.009031,1.0,0.1469584111883688
database3/database3/m.015tv5/54-FaceId-0_align.webp,0.027498,1.0,0.1220361311244628
database3/database3/m.015tyq/50-FaceId-0_align.webp,0.029346,1.0,0.1728698328989414
database3/database3/m.015tyq/63-FaceId-0_align.webp,0.05956,1.0,0.185119975709456
database3/database3/m.015v98/49-FaceId-0_align.webp,0.062142,0.0,0.1400618048562506
database3/database3/m.015v98/79-FaceId-0_align.webp,0.070144,0.0,0.1349591342395345
database3/database3/m.015vql/63-FaceId-0_align.webp,0.02634,1.0,0.1493808586787308
database3/database3/m.015vyh/54-FaceId-0_align.webp,0.020372,1.0,0.1229304747238623
database3/database3/m.015wfg/59-FaceId-0_align.webp,0.021245,1.0,0.1353917045102108
database3/database3/m.015wfy/41-FaceId-0_align.webp,0.10115,1.0,0.1230464009189996
database3/database3/m.015wfy/43-FaceId-0_align.webp,0.000923,1.0,0.2032725302239052
database3/database3/m.015wfy/78-FaceId-0_align.webp,0.064575,1.0,0.2100881777088187
database3/database3/m.015wfy/91-FaceId-0_align.webp,0.156,1.0,0.1824177632509395
database3/database3/m.015wgw/16-FaceId-0_align.webp,0.030553,1.0,0.1171577125498126
database3/database3/m.015wgw/5-FaceId-0_align.webp,0.079937,1.0,0.1351333176994182
database3/database3/m.015wkb/94-FaceId-0_align.webp,0.010721,1.0,0.123724285420611
database3/database3/m.015x3n/93-FaceId-0_align.webp,0.0,0.0,0.1857475485363705
database3/database3/m.015x63/126-FaceId-0_align.webp,0.077609,0.0,0.1360555889351838
database3/database3/m.015xnd/46-FaceId-0_align.webp,0.021854,1.0,0.1249078440140596
database3/database3/m.015xnd/72-FaceId-0_align.webp,0.171432,1.0,0.2384202851726723
database3/database3/m.015xsn/17-FaceId-0_align.webp,0.021828,1.0,0.1710306091116641
database3/database3/m.015xww/31-FaceId-0_align.webp,0.075773,1.0,0.1127789551091606
database3/database3/m.015xys/54-FaceId-0_align.webp,0.054138,1.0,0.1042552274929037
database3/database3/m.015y4c/42-FaceId-0_align.webp,0.097688,1.0,0.1097410340359055
database3/database3/m.015y4c/72-FaceId-0_align.webp,0.027368,1.0,0.117630136005569
database3/database3/m.015y4c/79-FaceId-0_align.webp,0.010835,1.0,0.1071621538649446
database3/database3/m.015yb0/108-FaceId-0_align.webp,0.073526,1.0,0.1051070174081619
database3/database3/m.015ybz/5-FaceId-0_align.webp,0.004767,1.0,0.2925740602712104
database3/database3/m.015yg9/69-FaceId-0_align.webp,0.021682,1.0,0.1603884694831041
database3/database3/m.015ykr/19-FaceId-0_align.webp,0.078311,0.0,0.1284499157081697
database3/database3/m.015ykr/9-FaceId-0_align.webp,0.026904,0.0,0.1019804474243156
database3/database3/m.015z4j/106-FaceId-1_align.webp,0.203863,0.0,0.1443311545396206
database3/database3/m.015z4j/30-FaceId-0_align.webp,0.022438,0.0,0.1250982048273972
database3/database3/m.015zj4/3-FaceId-0_align.webp,0.026859,1.0,0.1863271786648627
database3/database3/m.015zjx/34-FaceId-0_align.webp,0.188292,1.0,0.1371878449487696
database3/database3/m.015zm4/92-FaceId-0_align.webp,0.019768,1.0,0.1630559815224504
database3/database3/m.015zmm/35-FaceId-0_align.webp,0.071991,0.0,0.1221469829472266
database3/database3/m.016077/95-FaceId-0_align.webp,0.023638,1.0,0.1347262479427031
database3/database3/m.0160pf/102-FaceId-0_align.webp,0.037457,1.0,0.1182383035660307
database3/database3/m.016194/12-FaceId-0_align.webp,0.028771,1.0,0.129428689665313
database3/database3/m.016194/6-FaceId-0_align.webp,0.025295,1.0,0.1040975352494949
database3/database3/m.0161h5/105-FaceId-0_align.webp,0.042175,0.0,0.1324586573723376
database3/database3/m.0161hn/33-FaceId-0_align.webp,0.010683,1.0,0.1587603280582519
database3/database3/m.0162c8/22-FaceId-0_align.webp,0.021055,1.0,0.138894294264367
database3/database3/m.0162c8/71-FaceId-0_align.webp,0.041746,1.0,0.1324518512162541
database3/database3/m.0162c8/72-FaceId-0_align.webp,0.034776,1.0,0.132238901475393
database3/database3/m.0162lw/68-FaceId-0_align.webp,0.026272,1.0,0.1208316953334646
database3/database3/m.0162n1/16-FaceId-0_align.webp,0.013549,1.0,0.2138857436233648
database3/database3/m.0162n1/17-FaceId-0_align.webp,0.15524,1.0,0.215203561753695
database3/database3/m.01635v/83-FaceId-0_align.webp,0.001023,1.0,0.0913213997588973
database3/database3/m.0163bt/91-FaceId-0_align.webp,0.100672,1.0,0.1387092991551162
database3/database3/m.0163kf/72-FaceId-0_align.webp,0.120095,0.0,0.1259673740119616
database3/database3/m.0163kf/83-FaceId-0_align.webp,0.098981,0.0,0.1558497669833374
database3/database3/m.0163rk/30-FaceId-0_align.webp,0.022552,1.0,0.1246883905605378
database3/database3/m.0163s9/24-FaceId-0_align.webp,0.074147,1.0,0.1257299124348274
database3/database3/m.0163s9/74-FaceId-0_align.webp,0.166715,1.0,0.1377136147086068
database3/database3/m.0163t3/106-FaceId-0_align.webp,0.195337,0.0,0.1394270421601611
database3/database3/m.0163t3/9-FaceId-0_align.webp,0.08181,0.0,0.1304943931795767
database3/database3/m.0163y8/74-FaceId-0_align.webp,0.077227,1.0,0.1569838011796409
database3/database3/m.0164c4/60-FaceId-0_align.webp,0.111711,0.0,0.1207333465592164
database3/database3/m.0164lp/69-FaceId-0_align.webp,0.064522,1.0,0.0761726797547707
database3/database3/m.0164lp/92-FaceId-0_align.webp,0.151037,1.0,0.2078968969813761
database3/database3/m.0164nb/3-FaceId-0_align.webp,0.089532,1.0,0.1277069704646248
database3/database3/m.0164y7/34-FaceId-0_align.webp,0.005214,1.0,0.1070195805681754
database3/database3/m.0165cp/26-FaceId-0_align.webp,0.006703,0.0,0.11009161746661
database3/database3/m.0165cp/52-FaceId-0_align.webp,0.057554,0.0,0.102320342498571
database3/database3/m.0165gc/85-FaceId-0_align.webp,0.006716,1.0,0.1115355642108439
database3/database3/m.0165gc/99-FaceId-0_align.webp,0.120842,1.0,0.1350018064240119
database3/database3/m.0165ky/57-FaceId-0_align.webp,0.015031,1.0,0.231102196833529
database3/database3/m.0165n5/59-FaceId-0_align.webp,0.014306,0.0,0.0929710097672149
database3/database3/m.01666h/59-FaceId-0_align.webp,0.366126,0.0,0.1543891898955393
database3/database3/m.01666h/65-FaceId-0_align.webp,0.324656,0.0,0.1669279712948744
database3/database3/m.0166rp/41-FaceId-0_align.webp,0.108225,1.0,0.129527055496553
database3/database3/m.0166rp/55-FaceId-0_align.webp,0.058677,1.0,0.1652673845550351
database3/database3/m.0166w_/52-FaceId-0_align.webp,0.055626,1.0,0.1160894899547438
database3/database3/m.0166w_/7-FaceId-0_align.webp,0.051227,1.0,0.0909675701566029
database3/database3/m.0166yl/4-FaceId-0_align.webp,0.128426,1.0,0.1114686581898935
database3/database3/m.0166yl/42-FaceId-0_align.webp,0.00821,1.0,0.1193820814844131
database3/database3/m.0166zk/13-FaceId-0_align.webp,0.040817,1.0,0.2100367647991936
database3/database3/m.0166zk/42-FaceId-0_align.webp,0.020069,1.0,0.1936120436230065
database3/database3/m.0166zk/72-FaceId-0_align.webp,0.015452,1.0,0.1283367517369744
database3/database3/m.01678_/78-FaceId-0_align.webp,0.014927,1.0,0.1065276097118727
database3/database3/m.0167h6/35-FaceId-0_align.webp,0.000892,1.0,0.103249589226487
database3/database3/m.0167xk/87-FaceId-0_align.webp,0.035118,1.0,0.138778480796666
database3/database3/m.016883/25-FaceId-0_align.webp,0.021581,1.0,0.1289914576726275
database3/database3/m.016883/35-FaceId-0_align.webp,0.016967,1.0,0.1482040052063095
database3/database3/m.016883/79-FaceId-0_align.webp,0.042662,1.0,0.1274470094871204
database3/database3/m.0168cl/73-FaceId-0_align.webp,0.16573,1.0,0.1237582597623107
database3/database3/m.0168ql/60-FaceId-0_align.webp,0.01118,1.0,0.0661429620929329
database3/database3/m.0168vx/9-FaceId-0_align.webp,0.182986,0.0,0.118148129238441
database3/database3/m.01693z/106-FaceId-0_align.webp,0.308514,1.0,0.1676257269399846
database3/database3/m.01693z/67-FaceId-0_align.webp,0.053019,1.0,0.1141036600999458
database3/database3/m.016959/105-FaceId-0_align.webp,0.10109,1.0,0.167349495689613
database3/database3/m.016959/51-FaceId-0_align.webp,0.067755,1.0,0.1443634478709226
database3/database3/m.0169ff/102-FaceId-0_align.webp,0.033338,1.0,0.165665531289491
database3/database3/m.0169ff/36-FaceId-0_align.webp,0.024259,1.0,0.1339234368512525
database3/database3/m.0169ff/79-FaceId-0_align.webp,0.137366,1.0,0.1362214881659317
database3/database3/m.0169mh/14-FaceId-0_align.webp,0.084985,0.0,0.1550976371265474
database3/database3/m.0169r6/43-FaceId-0_align.webp,0.109367,0.0,0.149469909987445
database3/database3/m.0169v2/37-FaceId-0_align.webp,0.237432,0.0,0.1510295870466275
database3/database3/m.0169v2/60-FaceId-0_align.webp,0.294775,0.0,0.1583801793474974
database3/database3/m.0169x_/12-FaceId-0_align.webp,0.169443,1.0,0.1063029693297789
database3/database3/m.016_js/82-FaceId-0_align.webp,0.00161,0.0,0.1140743930755312
database3/database3/m.016_js/90-FaceId-0_align.webp,0.074161,0.0,0.133979281404401
database3/database3/m.016_mj/9-FaceId-0_align.webp,0.005546,1.0,0.1331639191476756
database3/database3/m.016b6z/92-FaceId-0_align.webp,0.053278,1.0,0.1495995169643299
database3/database3/m.016b90/0-FaceId-0_align.webp,0.006801,1.0,0.1153652807818632
database3/database3/m.016b90/79-FaceId-0_align.webp,0.0,1.0,0.0649510344763173
database3/database3/m.016b90/8-FaceId-0_align.webp,0.046454,1.0,0.0911385085991303
database3/database3/m.016b90/93-FaceId-0_align.webp,0.01334,1.0,0.1154089927077126
database3/database3/m.016cn6/6-FaceId-0_align.webp,0.062721,1.0,0.1565356618641856
database3/database3/m.016cn6/90-FaceId-0_align.webp,0.090699,1.0,0.1117048487943776
database3/database3/m.016cz6/23-FaceId-1_align.webp,0.213677,1.0,0.1405201678882827
database3/database3/m.016db7/11-FaceId-0_align.webp,0.00104,1.0,0.1240267271948395
database3/database3/m.016dbr/42-FaceId-0_align.webp,0.02227,1.0,0.1308078796109027
database3/database3/m.016fjj/77-FaceId-0_align.webp,0.012807,1.0,0.1287554158297332
database3/database3/m.016fnv/40-FaceId-0_align.webp,0.049743,1.0,0.1289458226188501
database3/database3/m.016g29/40-FaceId-0_align.webp,0.003894,1.0,0.1496101243222435
database3/database3/m.016g29/95-FaceId-0_align.webp,0.017798,1.0,0.0934466445944261
database3/database3/m.016ggh/74-FaceId-0_align.webp,0.004674,1.0,0.1100051704006972
database3/database3/m.016ghw/12-FaceId-0_align.webp,0.035794,1.0,0.1749778813518304
database3/database3/m.016gkf/85-FaceId-0_align.webp,0.159983,1.0,0.1318383277629317
database3/database3/m.016gnp/45-FaceId-0_align.webp,0.027576,1.0,0.1101909601398999
database3/database3/m.016gnp/48-FaceId-0_align.webp,0.0,1.0,0.1310020980636693
database3/database3/m.016gr2/107-FaceId-0_align.webp,0.0,1.0,0.0804549895596107
database3/database3/m.016gr2/38-FaceId-0_align.webp,0.0,1.0,0.0914864361497345
database3/database3/m.016hgp/12-FaceId-0_align.webp,0.055372,0.0,0.1256032578247253
database3/database3/m.016hgp/32-FaceId-12_align.webp,0.159452,0.0,0.1870393377813825
database3/database3/m.016hgp/77-FaceId-4_align.webp,0.110387,0.0,0.1231766227740726
database3/database3/m.016hgp/77-FaceId-7_align.webp,0.08977,0.0,0.1249137255195213
database3/database3/m.016hgp/77-FaceId-9_align.webp,0.121788,0.0,0.1275256714608141
database3/database3/m.016hj7/88-FaceId-0_align.webp,0.028831,1.0,0.1072860045810405
database3/database3/m.016hk4/98-FaceId-0_align.webp,0.002253,1.0,0.1284107746936642
database3/database3/m.016hmf/90-FaceId-0_align.webp,0.168251,1.0,0.1499037377576679
database3/database3/m.016hrc/46-FaceId-0_align.webp,0.064797,0.0,0.1373678614180506
database3/database3/m.016htr/23-FaceId-0_align.webp,0.041326,1.0,0.1244407027908546
database3/database3/m.016htr/80-FaceId-0_align.webp,0.0,1.0,0.2775483853556806
database3/database3/m.016hvl/14-FaceId-0_align.webp,0.018608,1.0,0.1547858701408225
database3/database3/m.016hvl/79-FaceId-0_align.webp,0.027134,1.0,0.1366999722634985
database3/database3/m.016hzm/79-FaceId-0_align.webp,0.040554,1.0,0.190253403298505
database3/database3/m.016j4q/17-FaceId-0_align.webp,0.014713,1.0,0.3773216528345472
database3/database3/m.016j4q/73-FaceId-0_align.webp,0.027874,1.0,0.2317390446225903
database3/database3/m.016j55/23-FaceId-0_align.webp,0.003044,1.0,0.177804169279188
database3/database3/m.016j_c/80-FaceId-0_align.webp,0.167359,0.0,0.1462422115969268
database3/database3/m.016k0j/73-FaceId-0_align.webp,0.021214,0.0,0.1348247846652962
database3/database3/m.016k38/76-FaceId-0_align.webp,0.03171,1.0,0.1754167266076399
database3/database3/m.016k38/86-FaceId-0_align.webp,0.0969,1.0,0.2170953366682413
database3/database3/m.016k58/57-FaceId-0_align.webp,0.285077,0.0,0.1514682435823987
database3/database3/m.016k6x/11-FaceId-0_align.webp,0.0,1.0,0.101118645237078
database3/database3/m.016k6x/19-FaceId-0_align.webp,0.0,1.0,0.0910342289930471
database3/database3/m.016k92/3-FaceId-0_align.webp,0.164786,1.0,0.1541930489922856
database3/database3/m.016k92/39-FaceId-0_align.webp,0.115077,1.0,0.1514050642650653
database3/database3/m.016k92/53-FaceId-0_align.webp,0.124335,1.0,0.1356575319044597
database3/database3/m.016k_v/117-FaceId-0_align.webp,0.172292,0.0,0.1265495412226604
database3/database3/m.016k_v/31-FaceId-0_align.webp,0.103765,0.0,0.1328169424373364
database3/database3/m.016k_v/6-FaceId-0_align.webp,0.102662,0.0,0.1286727830051956
database3/database3/m.016kdv/96-FaceId-0_align.webp,0.10171,1.0,0.1190709035208826
database3/database3/m.016kft/30-FaceId-0_align.webp,0.094506,1.0,0.1432803066047502
database3/database3/m.016khd/116-FaceId-0_align.webp,0.014365,1.0,0.2603610261462616
database3/database3/m.016khd/18-FaceId-0_align.webp,0.045446,1.0,0.1673258460408207
database3/database3/m.016khd/77-FaceId-0_align.webp,0.016363,1.0,0.1156493637960661
database3/database3/m.016kjs/51-FaceId-0_align.webp,0.103247,1.0,0.1326571395244827
database3/database3/m.016kqk/22-FaceId-0_align.webp,0.109366,1.0,0.1404151960814728
database3/database3/m.016kqk/57-FaceId-0_align.webp,0.028005,1.0,0.1634934031964509
database3/database3/m.016ksk/77-FaceId-0_align.webp,0.033554,1.0,0.1176260597300727
database3/database3/m.016l53/34-FaceId-0_align.webp,0.004644,1.0,0.2208945425311582
database3/database3/m.016l_5/13-FaceId-1_align.webp,0.028409,0.0,0.2461450369684311
database3/database3/m.016l_5/23-FaceId-0_align.webp,0.13632,0.0,0.1308006671184055
database3/database3/m.016l_5/69-FaceId-0_align.webp,0.067658,0.0,0.1250273553284294
database3/database3/m.016lb3/2-FaceId-0_align.webp,0.005513,1.0,0.1182222866784939
database3/database3/m.016lh0/74-FaceId-0_align.webp,0.000336,1.0,0.1220197573392737
database3/database3/m.016m0v/15-FaceId-0_align.webp,0.003574,1.0,0.1753661240137262
database3/database3/m.016m0v/47-FaceId-0_align.webp,0.010823,1.0,0.2611477141502461
database3/database3/m.016m0v/48-FaceId-0_align.webp,0.006305,1.0,0.1408000284538398
database3/database3/m.016mgj/22-FaceId-0_align.webp,0.177659,0.0,0.1343131299753068
database3/database3/m.016mgj/72-FaceId-0_align.webp,0.141048,0.0,0.2345955795039728
database3/database3/m.016ntp/45-FaceId-0_align.webp,0.056576,0.0,0.3454088482492323
database3/database3/m.016ntp/58-FaceId-0_align.webp,0.194583,0.0,0.2297190927421047
database3/database3/m.016ntp/78-FaceId-0_align.webp,0.262576,0.0,0.1564949652559387
database3/database3/m.016ntp/85-FaceId-0_align.webp,0.141759,0.0,0.1527233902728935
database3/database3/m.016nvh/2-FaceId-0_align.webp,0.143526,1.0,0.1480295307471011
database3/database3/m.016nvy/82-FaceId-0_align.webp,0.14288,0.0,0.1320873276582469
database3/database3/m.016nws/82-FaceId-0_align.webp,0.154826,1.0,0.1530236968405718
database3/database3/m.016pns/55-FaceId-0_align.webp,0.055966,1.0,0.1503741575634277
database3/database3/m.016q0w/27-FaceId-0_align.webp,0.009996,1.0,0.1331719578419045
database3/database3/m.016q2n/25-FaceId-0_align.webp,0.030179,0.0,0.135031259190278
database3/database3/m.016q2n/89-FaceId-0_align.webp,0.007529,0.0,0.1371208998251253
database3/database3/m.016q4_/99-FaceId-1_align.webp,0.000294,0.0,0.1010818975847389
database3/database3/m.016qrb/16-FaceId-0_align.webp,0.039165,0.0,0.131985571342961
database3/database3/m.016qrb/78-FaceId-0_align.webp,0.145711,0.0,0.1183816332280704
database3/database3/m.016qtt/15-FaceId-0_align.webp,0.187503,1.0,0.1366362839571379
database3/database3/m.016qtt/25-FaceId-0_align.webp,0.283035,1.0,0.1391623710166574
database3/database3/m.016r3x/42-FaceId-0_align.webp,0.001242,1.0,0.0920618130222215
database3/database3/m.016r3x/44-FaceId-0_align.webp,0.007495,1.0,0.130589914743457
database3/database3/m.016sff/35-FaceId-0_align.webp,0.025858,1.0,0.275327787664995
database3/database3/m.016sp_/9-FaceId-0_align.webp,0.355835,1.0,0.1199175536099237
database3/database3/m.016swh/38-FaceId-0_align.webp,0.0,1.0,0.1047565103148929
database3/database3/m.016sz1/68-FaceId-0_align.webp,0.00381,1.0,0.1443116962843413
database3/database3/m.016szr/0-FaceId-0_align.webp,0.081751,1.0,0.2247993247948817
database3/database3/m.016szr/31-FaceId-0_align.webp,0.150774,1.0,0.2110553123039669
database3/database3/m.016t00/27-FaceId-0_align.webp,0.010723,1.0,0.153520475195114
database3/database3/m.016t00/29-FaceId-0_align.webp,0.026052,1.0,0.1387528249105134
database3/database3/m.016t00/49-FaceId-0_align.webp,0.061342,1.0,0.1606834503777231
database3/database3/m.016tb7/64-FaceId-0_align.webp,0.020212,0.0,0.1255991886292149
database3/database3/m.016tbr/53-FaceId-0_align.webp,0.052696,1.0,0.1446911132279683
database3/database3/m.016tbr/91-FaceId-0_align.webp,0.278026,1.0,0.1722859800419345
database3/database3/m.016tbr/97-FaceId-0_align.webp,0.035531,1.0,0.1537418342610664
database3/database3/m.016tcm/7-FaceId-0_align.webp,0.0,1.0,0.1314114786873073
database3/database3/m.016tqw/18-FaceId-0_align.webp,0.009857,1.0,0.1391180607901954
database3/database3/m.016vqk/91-FaceId-0_align.webp,0.041054,1.0,0.1264422892877222
database3/database3/m.016vxj/34-FaceId-0_align.webp,0.081238,1.0,0.1188336786422267
database3/database3/m.016vy9/16-FaceId-0_align.webp,0.135759,0.0,0.1362210006552121
database3/database3/m.016vy9/41-FaceId-0_align.webp,0.023537,0.0,0.1226439322011896
database3/database3/m.016vyp/28-FaceId-0_align.webp,0.086364,1.0,0.1305455683446674
database3/database3/m.016vyp/92-FaceId-0_align.webp,0.043472,1.0,0.1232620386171033
database3/database3/m.016wdq/47-FaceId-0_align.webp,0.021942,1.0,0.2227255273020339
database3/database3/m.016wvy/16-FaceId-0_align.webp,0.016451,1.0,0.1271642091736075
database3/database3/m.016wvy/70-FaceId-0_align.webp,0.279688,1.0,0.1598137107177072
database3/database3/m.016wvy/90-FaceId-0_align.webp,0.0652,1.0,0.2373086201033907
database3/database3/m.016xk5/94-FaceId-0_align.webp,0.039665,1.0,0.1227670436363067
database3/database3/m.016yr0/49-FaceId-0_align.webp,0.028821,1.0,0.1244797541312641
database3/database3/m.016yr0/53-FaceId-0_align.webp,0.03224,1.0,0.1178357205041695
database3/database3/m.016yr0/98-FaceId-0_align.webp,0.103354,1.0,0.1385327813050102
database3/database3/m.016ywr/2-FaceId-0_align.webp,0.022088,1.0,0.14669877082015
database3/database3/m.016ywr/21-FaceId-0_align.webp,0.053813,1.0,0.141230413426691
database3/database3/m.016ywr/76-FaceId-0_align.webp,0.0,1.0,0.1091434385469041
database3/database3/m.016z3d/40-FaceId-0_align.webp,0.041987,1.0,0.1256019895563223
database3/database3/m.016z3d/43-FaceId-0_align.webp,0.184794,1.0,0.1368693213428355
database3/database3/m.016z3d/48-FaceId-0_align.webp,0.181018,1.0,0.1314505346595354
database3/database3/m.016z68/21-FaceId-0_align.webp,0.185954,1.0,0.1518121850429521
database3/database3/m.016z68/89-FaceId-0_align.webp,0.268667,1.0,0.1488866285265665
database3/database3/m.016zp5/13-FaceId-0_align.webp,0.016071,1.0,0.1072191154369583
database3/database3/m.016zp5/31-FaceId-0_align.webp,0.101464,1.0,0.2001316831677181
database3/database3/m.016zp5/64-FaceId-0_align.webp,0.006697,1.0,0.118181760796045
database3/database3/m.016zp5/68-FaceId-0_align.webp,0.014376,1.0,0.1312227839464878
database3/database3/m.016zvk/22-FaceId-0_align.webp,0.104809,0.0,0.1380756507244928
database3/database3/m.016zvk/81-FaceId-0_align.webp,0.147393,0.0,0.1435922133136103
database3/database3/m.016zvk/88-FaceId-0_align.webp,0.080384,0.0,0.1014802874123611
database3/database3/m.016zvk/91-FaceId-0_align.webp,0.084334,0.0,0.1284886636850539
database3/database3/m.0170pk/112-FaceId-0_align.webp,0.029113,1.0,0.2474672172616593
database3/database3/m.0170pk/32-FaceId-0_align.webp,0.0,1.0,0.1814943595315482
database3/database3/m.0170pk/71-FaceId-0_align.webp,0.003334,1.0,0.137752045356065
database3/database3/m.0170pk/93-FaceId-0_align.webp,0.020024,1.0,0.2095793397581611
database3/database3/m.0170q1/39-FaceId-0_align.webp,0.098023,0.0,0.1785679708445177
database3/database3/m.0170qf/10-FaceId-0_align.webp,0.012168,1.0,0.1197304839799737
database3/database3/m.0170qf/66-FaceId-0_align.webp,0.173717,1.0,0.1520649850125703
database3/database3/m.0170s4/35-FaceId-0_align.webp,0.00841,1.0,0.138498201996089
database3/database3/m.0170s4/44-FaceId-0_align.webp,0.007374,1.0,0.0827229696629253
database3/database3/m.0170s4/48-FaceId-0_align.webp,0.0,1.0,0.0924707946457965
database3/database3/m.0170s4/85-FaceId-0_align.webp,0.00918,1.0,0.1006134980871428
database3/database3/m.0170s4/86-FaceId-0_align.webp,0.00659,1.0,0.1124828370028789
database3/database3/m.0170zz/7-FaceId-0_align.webp,0.0033,1.0,0.1903782881178886
database3/database3/m.017115/2-FaceId-0_align.webp,0.178391,1.0,0.1736247003963372
database3/database3/m.0171cm/52-FaceId-0_align.webp,0.078391,1.0,0.2414423667385525
database3/database3/m.0171cm/9-FaceId-0_align.webp,0.020679,1.0,0.2226460463460977
database3/database3/m.0171dv/105-FaceId-0_align.webp,0.019879,1.0,0.1036085165157134
database3/database3/m.0171dv/106-FaceId-0_align.webp,0.079343,1.0,0.1180012267912662
database3/database3/m.0171z8/39-FaceId-0_align.webp,0.1172,0.0,0.3399842688713692
database3/database3/m.01721f/98-FaceId-0_align.webp,0.00066,1.0,0.1061030686728354
database3/database3/m.01728m/45-FaceId-0_align.webp,0.026608,1.0,0.1860774543931509
database3/database3/m.01734j/10-FaceId-0_align.webp,0.107434,1.0,0.1814237936114175
database3/database3/m.01737y/7-FaceId-0_align.webp,0.023524,1.0,0.1115427634312438
database3/database3/m.0173cq/55-FaceId-0_align.webp,0.0687,0.0,0.1346582912889335
database3/database3/m.0173cq/82-FaceId-0_align.webp,0.052898,0.0,0.1082025745475825
database3/database3/m.0173p_/66-FaceId-0_align.webp,0.12779,0.0,0.173878586402633
database3/database3/m.0173p_/82-FaceId-0_align.webp,0.039784,0.0,0.1247765335625089
database3/database3/m.0173p_/97-FaceId-0_align.webp,0.06989,0.0,0.1343126626676429
database3/database3/m.0173s_/56-FaceId-0_align.webp,0.320216,0.0,0.1352818790229725
database3/database3/m.01741h/75-FaceId-0_align.webp,0.057681,1.0,0.2429073308145869
database3/database3/m.01742l/53-FaceId-0_align.webp,0.210558,0.0,0.1536467951872075
database3/database3/m.01744d/24-FaceId-0_align.webp,0.021138,1.0,0.1286451222247711
database3/database3/m.01744d/66-FaceId-0_align.webp,0.069833,1.0,0.1413465605037008
database3/database3/m.017458/60-FaceId-0_align.webp,0.031087,1.0,0.2709157844948224
database3/database3/m.0174z2/31-FaceId-0_align.webp,0.019356,1.0,0.1225519787202474
database3/database3/m.0175m_/104-FaceId-0_align.webp,0.011519,1.0,0.1541290680487994
database3/database3/m.0175m_/106-FaceId-0_align.webp,0.008092,1.0,0.1173776218247984
database3/database3/m.0175s7/91-FaceId-0_align.webp,0.271553,1.0,0.1676116717151818
database3/database3/m.0175w3/23-FaceId-0_align.webp,0.084707,1.0,0.2183631889735137
database3/database3/m.0175w3/40-FaceId-0_align.webp,0.14122,1.0,0.2744335712837133
database3/database3/m.0175w3/8-FaceId-0_align.webp,0.022898,1.0,0.2997285660645739
database3/database3/m.01762z/69-FaceId-0_align.webp,0.001793,1.0,0.1056784208158712
database3/database3/m.017729/106-FaceId-0_align.webp,0.004005,1.0,0.1348585083808781
database3/database3/m.01772q/118-FaceId-0_align.webp,0.005376,1.0,0.0872265134876373
database3/database3/m.01778_/1-FaceId-0_align.webp,0.151831,0.0,0.2354028340229471
database3/database3/m.01778_/5-FaceId-0_align.webp,0.080886,0.0,0.2072449155056546
database3/database3/m.0177s6/54-FaceId-0_align.webp,0.003871,1.0,0.2550513539017223
database3/database3/m.0177s6/83-FaceId-0_align.webp,0.194958,1.0,0.2068543828270563
database3/database3/m.0178_j/46-FaceId-0_align.webp,0.038586,1.0,0.1924541844596272
database3/database3/m.0178d6/53-FaceId-0_align.webp,0.019408,1.0,0.1169156569495784
database3/database3/m.0178d6/9-FaceId-0_align.webp,0.038126,1.0,0.1351161048354193
database3/database3/m.0178sb/20-FaceId-0_align.webp,0.025953,1.0,0.1219407500865283
database3/database3/m.01791s/104-FaceId-0_align.webp,0.057011,1.0,0.5360328933169782
database3/database3/m.01793l/15-FaceId-0_align.webp,0.11519,1.0,0.2498490004389874
database3/database3/m.01793l/3-FaceId-0_align.webp,0.021997,1.0,0.211587811671811
database3/database3/m.01793l/48-FaceId-0_align.webp,0.070141,1.0,0.2683971297843995
database3/database3/m.01793l/77-FaceId-0_align.webp,0.068916,1.0,0.2835710161558587
database3/database3/m.01794d/22-FaceId-0_align.webp,0.132698,1.0,0.1118337134446126
database3/database3/m.0179n7/47-FaceId-0_align.webp,0.025063,1.0,0.1251837175730459
database3/database3/m.0179ys/22-FaceId-0_align.webp,0.03888,1.0,0.143340102505898
database3/database3/m.017_65/24-FaceId-0_align.webp,0.104039,1.0,0.2214618880487601
database3/database3/m.017__g/2-FaceId-0_align.webp,0.026314,1.0,0.1146804203517054
database3/database3/m.017__g/30-FaceId-0_align.webp,0.064708,1.0,0.1432383936302089
database3/database3/m.017_dr/0-FaceId-1_align.webp,0.037641,1.0,0.2521890673331563
database3/database3/m.017_dr/14-FaceId-0_align.webp,0.005491,1.0,0.1484664716764943
database3/database3/m.017_dr/47-FaceId-0_align.webp,0.191478,1.0,0.1372300842001371
database3/database3/m.017_dr/57-FaceId-0_align.webp,0.038308,1.0,0.242367979919966
database3/database3/m.017_j4/45-FaceId-0_align.webp,0.032452,1.0,0.2058079163612616
database3/database3/m.017_j4/54-FaceId-0_align.webp,0.009302,1.0,0.2100664688501106
database3/database3/m.017_j4/93-FaceId-0_align.webp,0.05205,1.0,0.3047544017629447
database3/database3/m.017_l1/23-FaceId-0_align.webp,0.033635,1.0,0.1121387745633305
database3/database3/m.017_l1/5-FaceId-0_align.webp,0.0,1.0,0.117653010190989
database3/database3/m.017_xx/84-FaceId-0_align.webp,0.180042,0.0,0.1367746285409016
database3/database3/m.017bd/83-FaceId-0_align.webp,0.002036,1.0,0.1852679147293074
database3/database3/m.017bd/85-FaceId-0_align.webp,0.002715,1.0,0.2168431545777272
database3/database3/m.017bk6/90-FaceId-2_align.webp,0.056904,0.0,0.1180135439848008
database3/database3/m.017bxq/72-FaceId-0_align.webp,0.032315,1.0,0.120417989292479
database3/database3/m.017c87/108-FaceId-0_align.webp,0.012746,1.0,0.1980128457361684
database3/database3/m.017c87/7-FaceId-0_align.webp,0.008884,1.0,0.0943755413662405
database3/database3/m.017cgg/62-FaceId-0_align.webp,0.009893,1.0,0.2167873346026431
database3/database3/m.017d3v/21-FaceId-0_align.webp,0.000486,1.0,0.0716822139873094
database3/database3/m.017dpj/104-FaceId-0_align.webp,0.159674,1.0,0.216461659001506
database3/database3/m.017dpj/116-FaceId-0_align.webp,0.004563,1.0,0.2075792576923847
database3/database3/m.017dpj/14-FaceId-0_align.webp,0.012759,1.0,0.1810562793234121
database3/database3/m.017dpj/6-FaceId-0_align.webp,0.157516,1.0,0.2298242913934492
database3/database3/m.017dpj/81-FaceId-0_align.webp,0.117413,1.0,0.2731008502731731
database3/database3/m.017dpj/98-FaceId-0_align.webp,0.093515,1.0,0.2119434197401404
database3/database3/m.017f4y/21-FaceId-0_align.webp,0.009046,1.0,0.132168299330151
database3/database3/m.017fgp/17-FaceId-0_align.webp,0.004873,1.0,0.0662343662889527
database3/database3/m.017fhk/5-FaceId-0_align.webp,0.05945,1.0,0.1901059898335394
database3/database3/m.017fhk/70-FaceId-0_align.webp,0.025921,1.0,0.1027304944129832
database3/database3/m.017fhk/87-FaceId-0_align.webp,0.146412,1.0,0.1972553365214908
database3/database3/m.017fj_/2-FaceId-0_align.webp,0.022486,1.0,0.1170969938569747
database3/database3/m.017fj_/97-FaceId-0_align.webp,0.013264,1.0,0.197691715400157
database3/database3/m.017fks/21-FaceId-0_align.webp,0.013755,1.0,0.1227216519893874
database3/database3/m.017fks/34-FaceId-0_align.webp,0.010024,1.0,0.2822586990512254
database3/database3/m.017fl5/7-FaceId-0_align.webp,0.088967,1.0,0.1402315335259101
database3/database3/m.017fl5/89-FaceId-0_align.webp,0.156395,1.0,0.1920065070544898
database3/database3/m.017fl_/0-FaceId-0_align.webp,0.016489,1.0,0.25204361239591
database3/database3/m.017fp0/26-FaceId-0_align.webp,0.014762,1.0,0.1224445777392241
database3/database3/m.017fp0/70-FaceId-0_align.webp,0.102621,1.0,0.1411191666831138
database3/database3/m.017fp0/85-FaceId-0_align.webp,0.016216,1.0,0.1353871446516006
database3/database3/m.017fp0/92-FaceId-0_align.webp,0.03683,1.0,0.2173200189865803
database3/database3/m.017frf/2-FaceId-0_align.webp,0.239226,1.0,0.1161550734306944
database3/database3/m.017frf/48-FaceId-0_align.webp,0.242631,1.0,0.1250326822746823
database3/database3/m.017ft0/4-FaceId-0_align.webp,0.025186,0.0,0.1107742114509613
database3/database3/m.017fxp/62-FaceId-0_align.webp,0.006207,1.0,0.1764949255232255
database3/database3/m.017fzy/33-FaceId-0_align.webp,0.135665,1.0,0.1171235189996301
database3/database3/m.017fzy/38-FaceId-0_align.webp,0.020138,1.0,0.1358989128287131
database3/database3/m.017fzy/44-FaceId-0_align.webp,0.119262,1.0,0.1481271941724308
database3/database3/m.017fzy/7-FaceId-0_align.webp,0.042513,1.0,0.1285170499608233
database3/database3/m.017fzy/84-FaceId-0_align.webp,0.1089,1.0,0.1308490148394165
database3/database3/m.017fzy/88-FaceId-0_align.webp,0.093437,1.0,0.1285035026398943
database3/database3/m.017g21/51-FaceId-0_align.webp,0.121234,1.0,0.1522342267937719
database3/database3/m.017g2y/13-FaceId-0_align.webp,0.026164,1.0,0.1259915072953663
database3/database3/m.017gd_/53-FaceId-0_align.webp,0.006889,1.0,0.2595052045170932
database3/database3/m.017gd_/59-FaceId-0_align.webp,0.012556,1.0,0.1842616525313392
database3/database3/m.017gxw/53-FaceId-0_align.webp,0.064935,0.0,0.1293953918944971
database3/database3/m.017h4c/0-FaceId-0_align.webp,0.049628,1.0,0.2112451141165265
database3/database3/m.017h_2/23-FaceId-0_align.webp,0.06887,1.0,0.2412555430219446
database3/database3/m.017hgl/21-FaceId-0_align.webp,0.089799,1.0,0.1289542620680989
database3/database3/m.017hgl/42-FaceId-0_align.webp,0.004642,1.0,0.1373952352573273
database3/database3/m.017hjk/57-FaceId-0_align.webp,0.009431,1.0,0.1307150837272972
database3/database3/m.017hm9/3-FaceId-0_align.webp,0.001744,1.0,0.2867003174386047
database3/database3/m.017hm9/36-FaceId-0_align.webp,0.002432,1.0,0.1276409628937059
database3/database3/m.017hw4/23-FaceId-0_align.webp,0.000412,1.0,0.1319265190980515
database3/database3/m.017hwl/3-FaceId-0_align.webp,0.014017,1.0,0.230341886410858
database3/database3/m.017j1w/26-FaceId-0_align.webp,0.021211,1.0,0.1075244231081361
database3/database3/m.017j1w/35-FaceId-0_align.webp,0.039099,1.0,0.1124437924911052
database3/database3/m.017j1w/8-FaceId-0_align.webp,0.052854,1.0,0.1087129930981665
database3/database3/m.017j2b/85-FaceId-0_align.webp,0.008707,1.0,0.1685272637317329
database3/database3/m.017jwg/17-FaceId-0_align.webp,0.002376,1.0,0.1526787658181809
database3/database3/m.017jwg/53-FaceId-0_align.webp,0.066995,0.0,0.1345535087037047
database3/database3/m.017jwg/82-FaceId-0_align.webp,0.035246,1.0,0.1399766543734507
database3/database3/m.017kb5/32-FaceId-0_align.webp,0.006182,1.0,0.1318412547369517
database3/database3/m.017kgm/108-FaceId-1_align.webp,0.015319,1.0,0.0814684240864929
database3/database3/m.017kgm/94-FaceId-0_align.webp,0.003416,1.0,0.1020194582319402
database3/database3/m.017kq/37-FaceId-0_align.webp,0.040762,1.0,0.2115734041140513
database3/database3/m.017kq/48-FaceId-0_align.webp,0.009092,1.0,0.2029287193771955
database3/database3/m.017l4/11-FaceId-0_align.webp,0.001488,1.0,0.1152576439432627
database3/database3/m.017l4/73-FaceId-0_align.webp,0.09873,1.0,0.1374609757205532
database3/database3/m.017l4/80-FaceId-0_align.webp,0.025497,1.0,0.163072994369097
database3/database3/m.017l7y/97-FaceId-0_align.webp,0.002424,1.0,0.0859747593644277
database3/database3/m.017lcg/63-FaceId-0_align.webp,0.136168,1.0,0.1343698975574174
database3/database3/m.017m2y/105-FaceId-0_align.webp,0.084072,0.0,0.1313216960306442
database3/database3/m.017m2y/30-FaceId-0_align.webp,0.20052,0.0,0.1439409076019243
database3/database3/m.017mrb/26-FaceId-0_align.webp,0.125876,1.0,0.1218120143300745
database3/database3/m.017q3j/27-FaceId-0_align.webp,0.040475,1.0,0.1267712031119872
database3/database3/m.017q3j/87-FaceId-1_align.webp,0.137407,1.0,0.1646551580958709
database3/database3/m.017qkp/105-FaceId-0_align.webp,0.016276,1.0,0.1184503097517495
database3/database3/m.017qkp/8-FaceId-0_align.webp,0.006413,1.0,0.1128858930615543
database3/database3/m.017r13/15-FaceId-0_align.webp,0.004576,1.0,0.1111367822184097
database3/database3/m.017r13/32-FaceId-0_align.webp,0.001926,1.0,0.1078098745638223
database3/database3/m.017r13/71-FaceId-0_align.webp,0.149849,1.0,0.1315468101152849
database3/database3/m.017r5g/69-FaceId-0_align.webp,0.246362,0.0,0.158957622922997
database3/database3/m.017rh4/92-FaceId-0_align.webp,0.059749,1.0,0.1366202582468924
database3/database3/m.017rjs/94-FaceId-0_align.webp,0.227853,1.0,0.1239043509957298
database3/database3/m.017tk3/113-FaceId-0_align.webp,0.041074,1.0,0.1500601296608892
database3/database3/m.017tk3/5-FaceId-0_align.webp,0.023981,1.0,0.1444627591464901
database3/database3/m.017tk3/61-FaceId-0_align.webp,0.058875,1.0,0.1602418334424651
database3/database3/m.017tk3/83-FaceId-0_align.webp,0.016266,1.0,0.133496694756768
database3/database3/m.017tkv/15-FaceId-0_align.webp,0.09519,0.0,0.1198445878553622
database3/database3/m.017tkv/5-FaceId-0_align.webp,0.108291,0.0,0.1328256555502925
database3/database3/m.017tlt/70-FaceId-0_align.webp,0.079127,1.0,0.090282490464118
database3/database3/m.017tn4/17-FaceId-0_align.webp,0.026983,1.0,0.2080209031163165
database3/database3/m.017tn4/54-FaceId-2_align.webp,0.042656,1.0,0.176839897093632
database3/database3/m.017tnz/116-FaceId-0_align.webp,0.135035,1.0,0.138984216167336
database3/database3/m.017vfn/43-FaceId-0_align.webp,0.036126,1.0,0.1349166118024798
database3/database3/m.017vkk/88-FaceId-0_align.webp,0.022172,0.0,0.1295793218398609
database3/database3/m.017vkx/34-FaceId-1_align.webp,0.050784,1.0,0.2379351393688009
database3/database3/m.017wbg/77-FaceId-0_align.webp,0.079706,1.0,0.1201007927970446
database3/database3/m.017x_s/36-FaceId-0_align.webp,0.021378,1.0,0.3104852134772793
database3/database3/m.017xm3/52-FaceId-0_align.webp,0.225925,0.0,0.1435609220875777
database3/database3/m.017yfz/93-FaceId-0_align.webp,0.237267,1.0,0.0
database3/database3/m.017yvm/5-FaceId-0_align.webp,0.011632,1.0,0.138425141718309
database3/database3/m.017yvm/93-FaceId-0_align.webp,0.007487,1.0,0.1932180696717362
database3/database3/m.017yzt/119-FaceId-0_align.webp,0.299381,0.0,0.139767898701795
database3/database3/m.017yzt/55-FaceId-0_align.webp,0.055778,0.0,0.1149206003764631
database3/database3/m.017yzt/61-FaceId-0_align.webp,0.0,0.0,0.1046966789335061
database3/database3/m.017z_/91-FaceId-0_align.webp,0.06531,1.0,0.219685930238903
database3/database3/m.017zng/39-FaceId-0_align.webp,0.114304,1.0,0.1190729840155078
database3/database3/m.017zng/73-FaceId-0_align.webp,0.087005,1.0,0.1370612592068074
database3/database3/m.017zng/97-FaceId-0_align.webp,0.096418,1.0,0.1065973714975597
database3/database3/m.01804k/55-FaceId-0_align.webp,0.104401,0.0,0.1310300567137828
database3/database3/m.01807/65-FaceId-0_align.webp,0.087681,1.0,0.2433660333041201
database3/database3/m.01807/73-FaceId-0_align.webp,0.147607,1.0,0.2632813881794578
database3/database3/m.018144/31-FaceId-0_align.webp,0.317719,1.0,0.1207562612942238
database3/database3/m.018144/55-FaceId-0_align.webp,0.076827,1.0,0.1280192582173599
database3/database3/m.01815s/106-FaceId-0_align.webp,0.234236,0.0,0.1398306372040922
database3/database3/m.01815s/50-FaceId-0_align.webp,0.243106,0.0,0.1344329327776269
database3/database3/m.01815s/64-FaceId-0_align.webp,0.173641,0.0,0.1292995025244591
database3/database3/m.0181gp/6-FaceId-0_align.webp,0.043543,1.0,0.1299030530739803
database3/database3/m.0181j_/107-FaceId-0_align.webp,0.027129,0.0,0.1283085377437468
database3/database3/m.0181kg/14-FaceId-0_align.webp,0.119867,1.0,0.2389419155594104
database3/database3/m.0181lj/18-FaceId-0_align.webp,0.190172,1.0,0.0926151295230184
database3/database3/m.0181p_/19-FaceId-0_align.webp,0.041166,1.0,0.1995804271206576
database3/database3/m.0181p_/99-FaceId-0_align.webp,0.035046,1.0,0.1269124710671073
database3/database3/m.0181ph/4-FaceId-0_align.webp,0.019163,1.0,0.1707608967440384
database3/database3/m.0181ph/8-FaceId-0_align.webp,0.037384,1.0,0.0
database3/database3/m.0181x9/43-FaceId-0_align.webp,0.029481,1.0,0.126561219298194
database3/database3/m.0181xq/13-FaceId-0_align.webp,0.002527,0.0,0.1819364969852128
database3/database3/m.0182hg/59-FaceId-0_align.webp,0.003662,1.0,0.1152754904887085
database3/database3/m.0182q2/111-FaceId-0_align.webp,0.014398,1.0,0.1313060745137408
database3/database3/m.0182q2/47-FaceId-0_align.webp,0.020684,1.0,0.1318232648899211
database3/database3/m.0182q2/58-FaceId-0_align.webp,0.034155,1.0,0.1136839433973554
database3/database3/m.0182vk/101-FaceId-0_align.webp,0.185784,1.0,0.2665902213127815
database3/database3/m.0182vk/97-FaceId-0_align.webp,0.113244,1.0,0.1454223292818573
database3/database3/m.01830j/15-FaceId-0_align.webp,0.208446,0.0,0.1592911757935925
database3/database3/m.01833g/76-FaceId-0_align.webp,0.008544,1.0,0.1238162791193298
database3/database3/m.018348/1-FaceId-0_align.webp,0.029671,1.0,0.227843574455292
database3/database3/m.0183f9/72-FaceId-0_align.webp,0.028848,1.0,0.2101573435462527
database3/database3/m.018417/7-FaceId-0_align.webp,0.270045,0.0,0.1409555121090288
database3/database3/m.018493/45-FaceId-0_align.webp,0.059135,0.0,0.1479289871939221
database3/database3/m.0184cd/37-FaceId-0_align.webp,0.012663,0.0,0.1319897981523233
database3/database3/m.0184cd/69-FaceId-0_align.webp,0.041234,0.0,0.1336577486007726
database3/database3/m.0184jc/9-FaceId-0_align.webp,0.061679,1.0,0.1522871234528273
database3/database3/m.0184xq/86-FaceId-0_align.webp,0.010468,1.0,0.1558113948316689
database3/database3/m.0185gs/107-FaceId-0_align.webp,0.133885,1.0,0.1408081433679183
database3/database3/m.0187y5/50-FaceId-0_align.webp,0.011259,1.0,0.3558056713029434
database3/database3/m.0187y5/55-FaceId-0_align.webp,0.018906,1.0,0.1406000522872347
database3/database3/m.0188n0/16-FaceId-0_align.webp,0.119925,1.0,0.1464780362942604
database3/database3/m.0188n0/81-FaceId-0_align.webp,0.437819,1.0,0.1662609274617141
database3/database3/m.0188n0/93-FaceId-0_align.webp,0.241643,1.0,0.1644015651062028
database3/database3/m.0188nj/68-FaceId-0_align.webp,0.036499,1.0,0.1102175027339576
database3/database3/m.018_3q/101-FaceId-0_align.webp,0.001235,1.0,0.180914759961783
database3/database3/m.018_3q/89-FaceId-0_align.webp,0.024563,1.0,0.109101713328531
database3/database3/m.018_lb/81-FaceId-0_align.webp,0.104704,0.0,0.1017293044353118
database3/database3/m.018c42/45-FaceId-1_align.webp,0.268912,1.0,0.1328277440736906
database3/database3/m.018c42/5-FaceId-0_align.webp,0.033426,1.0,0.1328282492251461
database3/database3/m.018cx_/16-FaceId-0_align.webp,0.128439,0.0,0.1358444921887593
database3/database3/m.018dnt/83-FaceId-0_align.webp,0.012334,1.0,0.1297139085918058
database3/database3/m.018dpq/74-FaceId-0_align.webp,0.08469,1.0,0.1245465735131721
database3/database3/m.018dpq/9-FaceId-0_align.webp,0.06436,1.0,0.1309475102889772
database3/database3/m.018dq3/21-FaceId-0_align.webp,0.264271,0.0,0.1482730147648663
database3/database3/m.018dq3/43-FaceId-0_align.webp,0.005771,0.0,0.131350675454016
database3/database3/m.018dqg/14-FaceId-0_align.webp,0.002005,1.0,0.1024268762543309
database3/database3/m.018dyl/57-FaceId-0_align.webp,0.066796,1.0,0.0966621922762115
database3/database3/m.018f07/77-FaceId-0_align.webp,0.067893,1.0,0.1585639535215001
database3/database3/m.018f07/88-FaceId-0_align.webp,0.019681,1.0,0.1251482662066402
database3/database3/m.018f_y/78-FaceId-0_align.webp,0.005574,1.0,0.3164005538032572
database3/database3/m.018fkc/18-FaceId-0_align.webp,0.048624,0.0,0.1685019946444935
database3/database3/m.018fkc/51-FaceId-0_align.webp,0.004824,1.0,0.1312095799737452
database3/database3/m.018fmr/107-FaceId-0_align.webp,0.087037,0.0,0.1391184863880485
database3/database3/m.018fmr/38-FaceId-0_align.webp,0.082888,0.0,0.2288949651541592
database3/database3/m.018fmr/39-FaceId-0_align.webp,0.154489,0.0,0.1309535530770639
database3/database3/m.018fmr/77-FaceId-0_align.webp,0.094029,0.0,0.1260871585425349
database3/database3/m.018fmr/96-FaceId-0_align.webp,0.118151,0.0,0.1556773042240402
database3/database3/m.018fvy/74-FaceId-0_align.webp,0.006913,1.0,0.1206254840701763
database3/database3/m.018fwb/106-FaceId-0_align.webp,0.105164,0.0,0.1605857011632524
database3/database3/m.018fyy/5-FaceId-0_align.webp,0.161114,0.0,0.1297703075793085
database3/database3/m.018fzs/56-FaceId-0_align.webp,0.057952,1.0,0.2072344382623485
database3/database3/m.018fzs/60-FaceId-0_align.webp,0.058021,1.0,0.113725557357847
database3/database3/m.018fzs/89-FaceId-0_align.webp,0.00707,1.0,0.1121791190442266
database3/database3/m.018g4z/59-FaceId-0_align.webp,0.266921,0.0,0.2337453694560459
database3/database3/m.018gcf/20-FaceId-0_align.webp,0.017916,1.0,0.1189020898027044
database3/database3/m.018gcf/28-FaceId-0_align.webp,0.0,1.0,0.1432390827238644
database3/database3/m.018gjx/0-FaceId-0_align.webp,0.03658,1.0,0.1274180998938533
database3/database3/m.018gjx/88-FaceId-1_align.webp,0.040357,1.0,0.1320936868323292
database3/database3/m.018gkb/31-FaceId-0_align.webp,0.133832,1.0,0.2766858579504831
database3/database3/m.018gkb/69-FaceId-0_align.webp,0.119964,1.0,0.1269496583882899
database3/database3/m.018gl5/55-FaceId-0_align.webp,0.0,1.0,0.1227598743322767
database3/database3/m.018gn4/7-FaceId-0_align.webp,0.045659,1.0,0.1388677242131321
database3/database3/m.018gn4/95-FaceId-0_align.webp,0.084694,1.0,0.1438289034101068
database3/database3/m.018gqj/17-FaceId-0_align.webp,0.18042,1.0,0.1336610639711575
database3/database3/m.018gqj/45-FaceId-0_align.webp,0.048033,1.0,0.1375712164070363
database3/database3/m.018gqj/51-FaceId-0_align.webp,0.113401,1.0,0.1435175097198749
database3/database3/m.018gqj/9-FaceId-0_align.webp,0.182644,1.0,0.1503122821860856
database3/database3/m.018gsl/54-FaceId-0_align.webp,0.015144,1.0,0.3001657361240786
database3/database3/m.018gw3/19-FaceId-0_align.webp,0.042889,1.0,0.2138760523249934
database3/database3/m.018h84/20-FaceId-0_align.webp,0.006714,1.0,0.1357946142720164
database3/database3/m.018h84/4-FaceId-0_align.webp,0.077047,1.0,0.1086907965504942
database3/database3/m.018hhw/26-FaceId-0_align.webp,0.058762,0.0,0.1406790773957787
database3/database3/m.018hwl/22-FaceId-0_align.webp,0.105538,1.0,0.1568841173107275
database3/database3/m.018j3w/52-FaceId-0_align.webp,0.03127,1.0,0.1007499513908837
database3/database3/m.018j4c/21-FaceId-0_align.webp,0.159984,1.0,0.1234313902985378
database3/database3/m.018j4c/60-FaceId-0_align.webp,0.116911,1.0,0.1659443836331232
database3/database3/m.018j4c/72-FaceId-0_align.webp,0.050298,1.0,0.1303796690525575
database3/database3/m.018j5m/87-FaceId-0_align.webp,0.119486,0.0,0.162991053665682
database3/database3/m.018jnn/6-FaceId-0_align.webp,0.046059,1.0,0.1089673095134545
database3/database3/m.018jnn/60-FaceId-0_align.webp,0.021036,1.0,0.102491684072715
database3/database3/m.018jz8/4-FaceId-0_align.webp,0.129694,1.0,0.1298151369986542
database3/database3/m.018kd0/56-FaceId-0_align.webp,0.078738,1.0,0.139044494053928
database3/database3/m.018kjc/45-FaceId-0_align.webp,0.336481,1.0,0.1685865586819415
database3/database3/m.018kjc/74-FaceId-0_align.webp,0.359873,1.0,0.1592821931698938
database3/database3/m.018lb1/1-FaceId-0_align.webp,0.066363,0.0,0.1291084899134143
database3/database3/m.018lb1/113-FaceId-0_align.webp,0.174767,0.0,0.1395051548247698
database3/database3/m.018lb1/45-FaceId-0_align.webp,0.011283,0.0,0.119064848772391
database3/database3/m.018lb1/60-FaceId-0_align.webp,0.101898,0.0,0.126807530414212
database3/database3/m.018lb1/67-FaceId-0_align.webp,0.058712,0.0,0.1108997356404577
database3/database3/m.018lp7/31-FaceId-0_align.webp,0.068826,0.0,0.1425919963076857
database3/database3/m.018lp7/5-FaceId-0_align.webp,0.037973,0.0,0.1312873447504527
database3/database3/m.018lpm/41-FaceId-0_align.webp,0.03151,1.0,0.2017206099950482
database3/database3/m.018lx_/11-FaceId-0_align.webp,0.157239,1.0,0.1674311760096816
database3/database3/m.018lxn/67-FaceId-0_align.webp,0.041223,0.0,0.1221287398715022
database3/database3/m.018m5c/31-FaceId-0_align.webp,0.012538,1.0,0.0965640885126859
database3/database3/m.018m5c/6-FaceId-0_align.webp,0.013236,1.0,0.1119019206165654
database3/database3/m.018m5c/74-FaceId-0_align.webp,0.007729,1.0,0.1399804863935239
database3/database3/m.018mfl/68-FaceId-0_align.webp,0.01486,1.0,0.1719660429182408
database3/database3/m.018n52/37-FaceId-0_align.webp,0.024108,1.0,0.1109790072809653
database3/database3/m.018n7d/44-FaceId-0_align.webp,0.002157,1.0,0.1153303859944841
database3/database3/m.018n9d/58-FaceId-0_align.webp,0.182622,1.0,0.1198933324297881
database3/database3/m.018nqq/25-FaceId-0_align.webp,0.02666,1.0,0.1040487773242925
database3/database3/m.018nqq/56-FaceId-0_align.webp,0.002557,1.0,0.1259811346194078
database3/database3/m.018nwp/42-FaceId-0_align.webp,0.023176,1.0,0.2567977848337026
database3/database3/m.018p19/2-FaceId-0_align.webp,0.029409,1.0,0.1986926518921686
database3/database3/m.018pj3/21-FaceId-0_align.webp,0.206243,0.0,0.1060621435422203
database3/database3/m.018pkl/117-FaceId-0_align.webp,0.00271,1.0,0.1437149082482981
database3/database3/m.018ptf/125-FaceId-1_align.webp,0.193842,0.0,0.1907870769497385
database3/database3/m.018ptf/6-FaceId-0_align.webp,0.184452,1.0,0.1271061585508159
database3/database3/m.018ptf/69-FaceId-0_align.webp,0.264398,1.0,0.184242677613477
database3/database3/m.018ptf/87-FaceId-0_align.webp,0.284614,1.0,0.1590822327999566
database3/database3/m.018pyg/114-FaceId-0_align.webp,0.004286,0.0,0.109900048026121
database3/database3/m.018pyg/50-FaceId-0_align.webp,0.094308,0.0,0.1050125551035277
database3/database3/m.018q7p/61-FaceId-0_align.webp,0.113962,1.0,0.1435628841366332
database3/database3/m.018qkz/35-FaceId-0_align.webp,0.11651,0.0,0.1419405090405453
database3/database3/m.018qkz/48-FaceId-0_align.webp,0.078768,0.0,0.1396456301438945
database3/database3/m.018qlp/1-FaceId-0_align.webp,0.057596,0.0,0.1476175121486516
database3/database3/m.018qlp/2-FaceId-0_align.webp,0.201501,0.0,0.1637027182363002
database3/database3/m.018qlp/67-FaceId-0_align.webp,0.023725,0.0,0.1210251920450373
database3/database3/m.018qlp/73-FaceId-0_align.webp,0.048836,0.0,0.1335230801296464
database3/database3/m.018qlp/81-FaceId-0_align.webp,0.220874,0.0,0.1454770889707204
database3/database3/m.018qlp/99-FaceId-0_align.webp,0.098556,0.0,0.131904718805104
database3/database3/m.018qn8/16-FaceId-0_align.webp,0.180079,0.0,0.1406701477404589
database3/database3/m.018qn8/24-FaceId-0_align.webp,0.067297,0.0,0.1393714679507917
database3/database3/m.018qn8/3-FaceId-0_align.webp,0.144663,0.0,0.1405518135004151
database3/database3/m.018qpb/20-FaceId-0_align.webp,0.030827,0.0,0.0945950694942318
database3/database3/m.018qpb/42-FaceId-0_align.webp,0.04676,0.0,0.1190278364960959
database3/database3/m.018qr9/59-FaceId-0_align.webp,0.041718,0.0,0.1243229422314242
database3/database3/m.018qwf/0-FaceId-0_align.webp,0.034965,1.0,0.0941398599811884
database3/database3/m.018qx5/48-FaceId-0_align.webp,0.145397,0.0,0.2496255263090127
database3/database3/m.018r3g/1-FaceId-0_align.webp,0.015575,1.0,0.2497441859286771
database3/database3/m.018rsq/63-FaceId-0_align.webp,0.05182,1.0,0.1117857664057602
database3/database3/m.018rsq/82-FaceId-0_align.webp,0.021029,1.0,0.160270354641229
database3/database3/m.018ry5/78-FaceId-0_align.webp,0.052713,1.0,0.1387553005569308
database3/database3/m.018s7v/75-FaceId-0_align.webp,0.055964,0.0,0.1440074557000959
database3/database3/m.018slq/19-FaceId-0_align.webp,0.164016,1.0,0.1403087198394964
database3/database3/m.018swb/94-FaceId-0_align.webp,0.035612,1.0,0.1441155758240604
database3/database3/m.018t67/2-FaceId-0_align.webp,0.002151,1.0,0.0974046165788545
database3/database3/m.018t67/75-FaceId-0_align.webp,0.002161,1.0,0.1008365193857952
database3/database3/m.018t67/76-FaceId-0_align.webp,0.014984,1.0,0.1064713752852317
database3/database3/m.018tfd/63-FaceId-0_align.webp,0.039426,1.0,0.1004164940811307
database3/database3/m.018tvs/4-FaceId-0_align.webp,0.186437,1.0,0.1466177634135447
database3/database3/m.018v8c/66-FaceId-0_align.webp,0.031012,1.0,0.1051138200660972
database3/database3/m.018v_8/56-FaceId-0_align.webp,0.065146,1.0,0.1085182009987598
database3/database3/m.018vhw/41-FaceId-2_align.webp,0.017996,1.0,0.0
database3/database3/m.018vhw/84-FaceId-1_align.webp,0.010037,1.0,0.1366838287391057
database3/database3/m.018vhw/94-FaceId-0_align.webp,0.022504,1.0,0.1168273208430508
database3/database3/m.018w6s/30-FaceId-0_align.webp,0.009687,1.0,0.2611727386391815
database3/database3/m.018wh0/34-FaceId-0_align.webp,0.038341,1.0,0.1017275418668416
database3/database3/m.018wqb/36-FaceId-1_align.webp,0.061601,1.0,0.1680562418563814
database3/database3/m.018x3/82-FaceId-0_align.webp,0.000249,1.0,0.1064377831990918
database3/database3/m.018x3/89-FaceId-0_align.webp,0.006661,1.0,0.1484737825001441
database3/database3/m.018xrz/49-FaceId-0_align.webp,0.084464,1.0,0.1380302825370058
database3/database3/m.018y0w/54-FaceId-0_align.webp,0.014612,1.0,0.1240041247834263
database3/database3/m.018y2s/21-FaceId-0_align.webp,0.010478,1.0,0.1355162477717846
database3/database3/m.018y4x/104-FaceId-0_align.webp,0.014664,1.0,0.1192633878080674
database3/database3/m.018y4x/94-FaceId-0_align.webp,0.083805,1.0,0.0965587232099995
database3/database3/m.018ycp/32-FaceId-0_align.webp,0.169605,1.0,0.1177494911865397
database3/database3/m.018ycp/64-FaceId-0_align.webp,0.011204,1.0,0.1177453144201564
