filename,target,gender,pred
database1/img00000154.webp,0.036749,1.0,0.1818475059147788
database1/img00000271.webp,0.229724,1.0,0.2360508360149928
database1/img00000323.webp,0.120628,0.0,0.173104814117027
database1/img00000364.webp,0.00341,1.0,0.1687288716966454
database1/img00000371.webp,0.000249,1.0,0.198038500704827
database1/img00000438.webp,0.102267,0.0,0.182309009041344
database1/img00000448.webp,0.032257,0.0,0.1958541056477208
database1/img00000477.webp,0.158779,0.0,0.1415148099984858
database1/img00000491.webp,0.333523,0.0,0.2030720609273245
database1/img00000679.webp,0.022454,0.0,0.1794417473770624
database1/img00000766.webp,0.241328,0.0,0.2069155400188975
database1/img00000781.webp,0.01402,1.0,0.1801496786361695
database1/img00000793.webp,0.308688,0.0,0.2415297454257162
database1/img00000806.webp,0.083687,1.0,0.181990684991125
database1/img00000857.webp,0.167176,0.0,0.1860294941753961
database1/img00000882.webp,0.118298,0.0,0.183317131023827
database1/img00000903.webp,0.006576,1.0,0.2096177767269523
database1/img00000929.webp,0.021546,1.0,0.1972021850588045
database1/img00000941.webp,0.232414,0.0,0.2007462410237183
database1/img00001032.webp,0.044127,1.0,0.2153281765731004
database1/img00001145.webp,0.022379,1.0,0.1668437023981787
database1/img00001291.webp,0.022322,0.0,0.1763467508271619
database1/img00001371.webp,0.148865,0.0,0.1836894454546002
database1/img00001491.webp,0.264813,0.0,0.2345307303201515
database1/img00001551.webp,0.054068,1.0,0.1798424934033779
database1/img00001573.webp,0.095382,0.0,0.1561804719269113
database1/img00001650.webp,0.088325,0.0,0.1500167096556113
database1/img00001652.webp,0.074782,1.0,0.1944869348441153
database1/img00001674.webp,0.188753,0.0,0.2364233198264861
database1/img00001701.webp,0.002942,1.0,0.1953137618863064
database1/img00001779.webp,0.009358,1.0,0.3100856965519181
database1/img00001812.webp,0.017934,0.0,0.1504818348406103
database1/img00001859.webp,0.006232,1.0,0.2126619007764487
database1/img00001872.webp,0.094988,0.0,0.1811405120645239
database1/img00001883.webp,0.015755,0.0,0.1874431921668359
database1/img00001978.webp,0.02291,1.0,0.2096148266729276
database1/img00002013.webp,0.068771,1.0,0.182182308745846
database1/img00002073.webp,0.265663,0.0,0.2042898718765077
database1/img00002136.webp,0.083835,0.0,0.1822827283340842
database1/img00002187.webp,0.062593,1.0,0.2094981958508119
database1/img00002221.webp,0.024328,1.0,0.1967754801705643
database1/img00002227.webp,0.172367,0.0,0.2129917017052089
database1/img00002414.webp,0.290565,0.0,0.3092930708680512
database1/img00002415.webp,0.370759,0.0,0.2298161392498121
database1/img00002527.webp,0.008082,0.0,0.1860016370485903
database1/img00002649.webp,0.108227,0.0,0.1763123155507184
database1/img00002695.webp,0.191496,0.0,0.1807609855025748
database1/img00002698.webp,0.019352,0.0,0.1817655864768418
database1/img00002713.webp,0.025594,1.0,0.2146917825840136
database1/img00002737.webp,0.01324,1.0,0.1914098377610074
database1/img00002813.webp,0.015997,0.0,0.1541889436109036
database1/img00002915.webp,0.059948,0.0,0.1714595115921874
database1/img00002916.webp,0.061003,0.0,0.1786610976155713
database1/img00003052.webp,0.34648,0.0,0.2053048551259196
database1/img00003146.webp,0.130163,0.0,0.1464786090119958
database1/img00003162.webp,0.193332,0.0,0.2157408333418414
database1/img00003199.webp,0.314562,0.0,0.2003238048200555
database1/img00003273.webp,0.126445,0.0,0.2189678430240184
database1/img00003300.webp,0.007141,1.0,0.2033443579596672
database1/img00003360.webp,0.008946,1.0,0.1854425112314397
database1/img00003390.webp,0.054933,0.0,0.1961764748262167
database1/img00003437.webp,0.01322,1.0,0.169583727891691
database1/img00003452.webp,0.040754,0.0,0.1665245759773372
database1/img00003584.webp,0.23463,0.0,0.2086795878243328
database1/img00003713.webp,0.000555,1.0,0.1585260092946226
database1/img00003746.webp,0.099051,1.0,0.2014522153579883
database1/img00003877.webp,0.01258,0.0,0.2001331721994316
database1/img00003884.webp,0.091278,0.0,0.1640272203429127
database1/img00003887.webp,0.010493,1.0,0.2668765744172513
database1/img00003978.webp,0.178955,0.0,0.129626105308297
database1/img00004026.webp,0.365443,0.0,0.218693699532759
database1/img00004041.webp,0.094007,0.0,0.1630347525850181
database1/img00004164.webp,0.026259,1.0,0.1761876053188823
database1/img00004216.webp,0.034337,0.0,0.1721220809677969
database1/img00004261.webp,0.165876,0.0,0.2077650120402365
database1/img00004273.webp,0.156777,0.0,0.1730712553084301
database1/img00004308.webp,0.126358,0.0,0.1804855264948671
database1/img00004416.webp,0.13739,1.0,0.1961266757568049
database1/img00004426.webp,0.364242,1.0,0.2484082330842468
database1/img00004540.webp,0.140347,0.0,0.1571572909481581
database1/img00004621.webp,0.130906,0.0,0.1880068038061275
database1/img00004701.webp,0.060368,0.0,0.1436104044121237
database1/img00004841.webp,0.021785,1.0,0.1809494645654783
database1/img00004851.webp,0.058337,1.0,0.1875391180067322
database1/img00004895.webp,0.001337,1.0,0.1808756897942765
database1/img00005027.webp,0.095752,1.0,0.2190739309650489
database1/img00005030.webp,0.114344,0.0,0.1901319260729919
database1/img00005095.webp,0.018419,0.0,0.1907536174831531
database1/img00005116.webp,0.107525,0.0,0.2028420745995589
database1/img00005179.webp,0.058586,1.0,0.2005271114406431
database1/img00005208.webp,0.021009,1.0,0.3179355419832679
database1/img00005271.webp,0.408256,0.0,0.2375186047974339
database1/img00005293.webp,0.043233,0.0,0.1807829340434636
database1/img00005339.webp,0.173984,0.0,0.1500180607410843
database1/img00005347.webp,0.002911,0.0,0.1473158628137738
database1/img00005361.webp,0.189098,0.0,0.1780663337575935
database1/img00005501.webp,0.145725,0.0,0.173152441823334
database1/img00005507.webp,0.232343,0.0,0.2748479189158967
database1/img00005509.webp,0.003247,1.0,0.2991374887099914
database1/img00005522.webp,0.185571,0.0,0.1724957072212932
database1/img00005579.webp,0.037795,1.0,0.2033894334136442
database1/img00005689.webp,0.281579,0.0,0.1829631746396957
database1/img00005696.webp,0.366924,0.0,0.2691725828375492
database1/img00005723.webp,0.013358,0.0,0.2158730665110498
database1/img00005726.webp,0.041346,1.0,0.2019521905931135
database1/img00005753.webp,0.009879,0.0,0.1902780191557822
database1/img00005766.webp,0.177714,0.0,0.1876035006762983
database1/img00005768.webp,0.024309,1.0,0.2227030199843435
database1/img00005822.webp,0.022373,0.0,0.1515973430573055
database1/img00005851.webp,0.375359,0.0,0.2063390335088754
database1/img00005896.webp,0.063671,0.0,0.2148561745514637
database1/img00005910.webp,0.374925,0.0,0.1948366923833908
database1/img00006003.webp,0.020291,1.0,0.2040560043524616
database1/img00006021.webp,0.018409,1.0,0.3205249827182559
database1/img00006047.webp,0.105454,0.0,0.1739281386691704
database1/img00006101.webp,0.326093,0.0,0.2166895922002716
database1/img00006168.webp,0.00248,1.0,0.1518959453587508
database1/img00006196.webp,0.0412,1.0,0.1869945485544951
database1/img00006204.webp,0.331116,1.0,0.2109742026197453
database1/img00006269.webp,0.011789,1.0,0.1974968501608253
database1/img00006334.webp,0.003849,1.0,0.161059401476267
database1/img00006414.webp,0.208227,0.0,0.1928211845558596
database1/img00006420.webp,0.026323,1.0,0.2059455081139118
database1/img00006436.webp,0.008945,1.0,0.2207947151634932
database1/img00006571.webp,0.06176,0.0,0.1626498267839778
database1/img00006576.webp,0.028441,1.0,0.2268546295863116
database1/img00006629.webp,0.000814,1.0,0.1460593823529146
database1/img00006690.webp,0.119839,0.0,0.1724414279752713
database1/img00006694.webp,0.019638,1.0,0.1771070322661191
database1/img00006722.webp,0.383369,0.0,0.2456338751923628
database1/img00006757.webp,0.169654,1.0,0.2506285960946476
database1/img00007032.webp,0.079705,0.0,0.1888570158705
database1/img00007152.webp,0.296672,0.0,0.2257746820426733
database1/img00007289.webp,0.004896,1.0,0.2118199372992169
database1/img00007329.webp,0.096683,0.0,0.1882211246854482
database1/img00007335.webp,0.012784,1.0,0.2081378277258775
database1/img00007354.webp,0.047242,0.0,0.1637190127947149
database1/img00007383.webp,0.020362,1.0,0.1541212900591344
database1/img00007416.webp,0.105824,1.0,0.2033726071979933
database1/img00007435.webp,0.275659,0.0,0.2701241100453851
database1/img00007452.webp,0.091268,0.0,0.1701366830242122
database1/img00007454.webp,0.052407,1.0,0.2235798800231831
database1/img00007468.webp,0.289625,0.0,0.2621377170947321
database1/img00007470.webp,0.024029,1.0,0.3563380401336387
database1/img00007537.webp,0.023879,0.0,0.181032472584266
database1/img00007538.webp,0.239526,0.0,0.1937575800641078
database1/img00007592.webp,0.092299,0.0,0.1791857542866194
database1/img00007663.webp,0.000453,1.0,0.170387415391675
database1/img00007675.webp,0.145663,0.0,0.1677494660448913
database1/img00007764.webp,0.212475,0.0,0.1830515482928612
database1/img00007790.webp,0.273678,0.0,0.2241879012520976
database1/img00007837.webp,0.07434,0.0,0.1704054796012165
database1/img00007851.webp,0.187909,0.0,0.1915503742379179
database1/img00007897.webp,0.021438,1.0,0.1911832422323015
database1/img00007955.webp,0.100119,0.0,0.1754157732394661
database1/img00007965.webp,0.126287,0.0,0.1473061155021521
database1/img00008054.webp,0.125876,0.0,0.1538754065834414
database1/img00008062.webp,0.192134,0.0,0.2310621686613326
database1/img00008079.webp,0.010384,1.0,0.1900928253678535
database1/img00008191.webp,0.127108,1.0,0.2260712548794831
database1/img00008233.webp,0.03355,1.0,0.207917599852531
database1/img00008333.webp,0.123145,0.0,0.1741998278997309
database1/img00008350.webp,0.003002,0.0,0.1599992516668199
database1/img00008419.webp,0.136366,0.0,0.1908811292457639
database1/img00008444.webp,0.19563,0.0,0.1832941213398313
database1/img00008485.webp,0.153649,0.0,0.1528818714578293
database1/img00008500.webp,0.243166,1.0,0.2134366092343255
database1/img00008540.webp,0.020411,1.0,0.1955797500712676
database1/img00008619.webp,0.172849,1.0,0.1908715669258304
database1/img00008684.webp,0.116788,1.0,0.2921836513722137
database1/img00008694.webp,0.257404,1.0,0.2395303751896207
database1/img00008702.webp,0.150713,0.0,0.1781975892272705
database1/img00008778.webp,0.047436,1.0,0.209208206440233
database1/img00008864.webp,0.142253,1.0,0.1891653847795278
database1/img00008929.webp,0.025151,1.0,0.1648649575501241
database1/img00009119.webp,0.134423,0.0,0.1789893964025857
database1/img00009131.webp,0.11769,0.0,0.1684442057959911
database1/img00009180.webp,0.22272,0.0,0.2182324554656345
database1/img00009210.webp,0.133618,1.0,0.189662390354671
database1/img00009215.webp,0.015083,1.0,0.3168206071784296
database1/img00009309.webp,0.232271,0.0,0.2615822921045235
database1/img00009310.webp,0.032707,1.0,0.2184066148961772
database1/img00009395.webp,0.188981,0.0,0.1597760966770365
database1/img00009397.webp,0.022474,0.0,0.1617697521461919
database1/img00009399.webp,0.009987,1.0,0.1757076802897867
database1/img00009423.webp,0.205953,0.0,0.18566833170584
database1/img00009521.webp,0.096612,0.0,0.1618388469199159
database1/img00009606.webp,0.062144,1.0,0.1845485787743906
database1/img00009643.webp,0.076471,0.0,0.1736501109140114
database1/img00009666.webp,0.249637,0.0,0.1858745523823123
database1/img00009740.webp,0.056754,0.0,0.1799084089102551
database1/img00009804.webp,0.00402,1.0,0.2562920049289884
database1/img00009898.webp,0.123271,0.0,0.1744369669731675
database1/img00009952.webp,0.220282,0.0,0.2049954003574794
database1/img00009963.webp,0.081114,1.0,0.1984970151817279
database1/img00010009.webp,0.161796,0.0,0.1692889757272313
database1/img00010196.webp,0.131846,0.0,0.1717064499346886
database1/img00010250.webp,0.119697,0.0,0.2269670025257233
database1/img00010353.webp,0.145055,0.0,0.1817631840605872
database1/img00010363.webp,0.133258,0.0,0.1754838913036239
database1/img00010383.webp,0.010398,1.0,0.1383321452680079
database1/img00010445.webp,0.356323,0.0,0.191745293554734
database1/img00010509.webp,0.056891,1.0,0.2357641249390618
database1/img00010530.webp,0.091729,0.0,0.1845687853890789
database1/img00010535.webp,0.304853,0.0,0.2377372039056065
database1/img00010537.webp,0.013696,0.0,0.2004929824010782
database1/img00010580.webp,0.154987,1.0,0.1783084396492252
database1/img00010612.webp,0.334599,0.0,0.2039994086250376
database1/img00010629.webp,0.060911,0.0,0.1578663903508517
database1/img00010643.webp,0.114721,1.0,0.1770258317559951
database1/img00010674.webp,0.023709,0.0,0.1756075327435931
database1/img00010757.webp,0.206361,0.0,0.1897895974805097
database1/img00010780.webp,0.013969,0.0,0.1791240152625873
database1/img00010790.webp,0.031334,0.0,0.1632613445119065
database1/img00010806.webp,0.065196,0.0,0.1757350143257701
database1/img00010887.webp,0.081617,0.0,0.1830619951482646
database1/img00010888.webp,0.233141,1.0,0.247820671642872
database1/img00010982.webp,0.00745,1.0,0.2199898742070131
database1/img00010983.webp,0.20866,0.0,0.1848720411918514
database1/img00011118.webp,0.178597,1.0,0.2893742910285767
database1/img00011128.webp,0.27358,1.0,0.1982488188401126
database1/img00011142.webp,0.28074,1.0,0.2227875761075103
database1/img00011296.webp,0.108452,1.0,0.2323981541688831
database1/img00011507.webp,0.092578,0.0,0.1806256730475632
database1/img00011516.webp,0.087323,0.0,0.1759618213182808
database1/img00011597.webp,0.091441,0.0,0.1764768041886015
database1/img00011619.webp,0.253533,0.0,0.2123792255213315
database1/img00011623.webp,0.079619,0.0,0.1643679527582741
database1/img00011711.webp,0.412517,0.0,0.2661069590885478
database1/img00011737.webp,0.360567,0.0,0.2192070323446666
database1/img00011787.webp,0.009168,1.0,0.1837326535399296
database1/img00011827.webp,0.096535,0.0,0.1833483083311794
database1/img00011910.webp,0.153312,0.0,0.1765295522329344
database1/img00011946.webp,0.118833,0.0,0.1806448091387608
database1/img00011981.webp,0.044401,1.0,0.1954610685204976
database1/img00011982.webp,0.064973,1.0,0.1755026746432425
database1/img00012046.webp,0.013245,1.0,0.2017779484163608
database1/img00012050.webp,0.169118,0.0,0.1718765629578015
database1/img00012055.webp,0.118938,0.0,0.1830136426302567
database1/img00012083.webp,0.105677,1.0,0.1853673161388072
database1/img00012173.webp,0.148639,0.0,0.1812809649737898
database1/img00012174.webp,0.13274,0.0,0.1926376845855892
database1/img00012175.webp,0.161502,0.0,0.1934038075098291
database1/img00012194.webp,0.057599,0.0,0.1801354209892197
database1/img00012259.webp,0.022948,1.0,0.2757085689424244
database1/img00012293.webp,0.081765,0.0,0.1831440489385618
database1/img00012367.webp,0.265563,0.0,0.2250856065852089
database1/img00012402.webp,0.08769,0.0,0.1815156896673089
database1/img00012413.webp,0.178087,0.0,0.1848557709645126
database1/img00012417.webp,0.047864,1.0,0.1798063162575166
database1/img00012444.webp,0.279593,0.0,0.2022696977875784
database1/img00012509.webp,0.14518,0.0,0.1554866926418316
database1/img00012555.webp,0.159567,0.0,0.1917032372778523
database1/img00012681.webp,0.00788,1.0,0.1771755044407207
database1/img00012805.webp,0.03627,0.0,0.1790766513566462
database1/img00012844.webp,0.027729,1.0,0.19638440299449
database1/img00012874.webp,0.002528,1.0,0.2702981384099989
database1/img00012883.webp,0.105193,1.0,0.1796721512283133
database1/img00012980.webp,0.021348,1.0,0.1926567902939415
database1/img00013033.webp,0.378744,0.0,0.2299922249561105
database1/img00013074.webp,0.20406,0.0,0.2275652581464829
database1/img00013089.webp,0.0,1.0,0.1601225026052159
database1/img00013099.webp,0.124905,0.0,0.2282800253805506
database1/img00013109.webp,0.255454,0.0,0.3397889574541728
database1/img00013151.webp,0.003784,1.0,0.1759432748924458
database1/img00013182.webp,0.112701,0.0,0.1732179302476721
database1/img00013213.webp,0.208104,1.0,0.2329080004246413
database1/img00013311.webp,0.021686,1.0,0.1901109580468305
database1/img00013313.webp,0.096531,0.0,0.2008186227444853
database1/img00013345.webp,0.111239,1.0,0.1929985077025217
database1/img00013392.webp,0.234015,0.0,0.1840788352778073
database1/img00013433.webp,0.013693,1.0,0.1979505875729189
database1/img00013450.webp,0.007936,1.0,0.179816854035953
database1/img00013515.webp,0.055869,0.0,0.1746485186022716
database1/img00013591.webp,0.097683,0.0,0.1683655952990169
database1/img00013659.webp,0.005492,0.0,0.1867497777330148
database1/img00013777.webp,0.039118,0.0,0.1748614579500288
database1/img00013856.webp,0.08085,0.0,0.2144999461418542
database1/img00013896.webp,0.155239,0.0,0.1901325290459274
database1/img00013978.webp,0.216187,1.0,0.1914777754750659
database1/img00014030.webp,0.009111,0.0,0.2126831849519982
database1/img00014146.webp,0.019737,0.0,0.1797678604192094
database1/img00014277.webp,0.009327,1.0,0.2168713146928066
database1/img00014440.webp,0.313716,0.0,0.2236928150619026
database1/img00014506.webp,0.002933,0.0,0.1932497613132892
database1/img00014634.webp,0.124116,1.0,0.1863772617195795
database1/img00014645.webp,0.294956,1.0,0.215786149095642
database1/img00014657.webp,0.009173,1.0,0.1610251287975882
database1/img00014808.webp,0.222577,0.0,0.2137491948608636
database1/img00014845.webp,0.184098,0.0,0.1901916927689229
database1/img00014912.webp,0.085464,0.0,0.1841583114889041
database1/img00014924.webp,0.071344,1.0,0.2222828996310457
database1/img00015038.webp,0.222266,1.0,0.2150484696460927
database1/img00015081.webp,0.134204,0.0,0.237952931480995
database1/img00015348.webp,0.225921,0.0,0.2121409533771617
database1/img00015359.webp,0.033386,0.0,0.1748795081078321
database1/img00015476.webp,0.164199,0.0,0.2325910650812432
database1/img00015498.webp,0.128891,0.0,0.1645314363741805
database1/img00015505.webp,0.086803,0.0,0.1775941028863474
database1/img00015509.webp,0.096299,1.0,0.2097231369618618
database1/img00015766.webp,0.128287,0.0,0.1722742534631097
database1/img00015784.webp,0.198335,0.0,0.1979765926325286
database1/img00015947.webp,0.126497,0.0,0.1761668308798614
database1/img00016004.webp,0.076385,0.0,0.1803002212439316
database1/img00016096.webp,0.018479,1.0,0.1929847686750955
database1/img00016164.webp,0.009807,1.0,0.1854516970897639
database1/img00016181.webp,0.000908,1.0,0.1699218570832731
database1/img00016288.webp,0.368142,0.0,0.2689104566403719
database1/img00016296.webp,0.233928,0.0,0.1843343388585937
database1/img00016398.webp,0.070727,0.0,0.1764031045478757
database1/img00016442.webp,0.050167,0.0,0.172166719358225
database1/img00016457.webp,0.145227,1.0,0.1892220685048081
database1/img00016490.webp,0.091022,0.0,0.1575833577075793
database1/img00016497.webp,0.144198,0.0,0.1883936462441637
database1/img00016611.webp,0.10049,0.0,0.1770392021449488
database1/img00016679.webp,0.001846,0.0,0.2110760526189893
database1/img00016886.webp,0.012909,1.0,0.1805838151858086
database1/img00016934.webp,0.076123,1.0,0.1696573108304202
database1/img00016955.webp,0.030027,1.0,0.2206912854387284
database1/img00017135.webp,0.137474,0.0,0.1778889401155013
database1/img00017144.webp,0.291437,0.0,0.1973830255438432
database1/img00017157.webp,0.097188,0.0,0.1745972303539331
database1/img00017237.webp,0.019539,0.0,0.168496664306635
database1/img00017467.webp,0.193369,0.0,0.2271643539099166
database1/img00017485.webp,0.231654,0.0,0.2634910974626551
database1/img00017623.webp,0.273226,0.0,0.1934816623122152
database1/img00017648.webp,0.013591,1.0,0.16611046102892
database1/img00017737.webp,0.0127,1.0,0.1943414283687215
database1/img00017893.webp,0.369649,0.0,0.2016632934731142
database1/img00018025.webp,0.125656,0.0,0.1664947641644043
database1/img00018042.webp,0.016056,1.0,0.1822284886930976
database1/img00018045.webp,0.096288,0.0,0.173652894994105
database1/img00018076.webp,0.184672,1.0,0.1880251969699698
database1/img00018117.webp,0.020611,0.0,0.1912228836714896
database1/img00018133.webp,0.049189,0.0,0.179182900523065
database1/img00018173.webp,0.28192,0.0,0.2083303923984784
database1/img00018225.webp,0.130293,0.0,0.1621340069764817
database1/img00018284.webp,0.238474,0.0,0.1970009937216597
database1/img00018380.webp,0.182421,0.0,0.1732412764786335
database1/img00018422.webp,0.021826,0.0,0.187207504797817
database1/img00018465.webp,0.041569,1.0,0.1997151772080508
database1/img00018500.webp,0.147015,0.0,0.1721053986414004
database1/img00018591.webp,0.11045,0.0,0.198818445472395
database1/img00018619.webp,0.026771,1.0,0.2011374046974924
database1/img00018643.webp,0.14475,0.0,0.1907540629206516
database1/img00018689.webp,0.008002,0.0,0.1978694913793268
database1/img00018779.webp,0.045676,1.0,0.1811303029491481
database1/img00018873.webp,0.099329,0.0,0.1684586981754901
database1/img00018963.webp,0.0236,1.0,0.3735746857286472
database1/img00019125.webp,0.039224,1.0,0.2087246316007101
database1/img00019151.webp,0.151887,0.0,0.2234144543338488
database1/img00019162.webp,0.357571,0.0,0.223605045400937
database1/img00019165.webp,0.070241,1.0,0.2180309361430565
database1/img00019172.webp,0.017685,0.0,0.1626905029839328
database1/img00019200.webp,0.017214,1.0,0.1893027163253262
database1/img00019353.webp,0.013152,0.0,0.169575415970788
database1/img00019360.webp,0.02429,1.0,0.1833058554948933
database1/img00019362.webp,0.226958,0.0,0.1870778962102473
database1/img00019406.webp,0.122785,0.0,0.1848087144507755
database1/img00019511.webp,0.00639,1.0,0.1826514191455484
database1/img00019553.webp,0.097165,0.0,0.1752524000808258
database1/img00019616.webp,0.008603,1.0,0.2059498890864368
database1/img00019625.webp,0.044642,1.0,0.2232516121344518
database1/img00019811.webp,0.135181,0.0,0.1766002574624204
database1/img00019846.webp,0.085115,0.0,0.1796986425689959
database1/img00019883.webp,0.295134,0.0,0.2457519365792619
database1/img00019956.webp,0.121542,0.0,0.1765239162240436
database1/img00020019.webp,0.245216,0.0,0.194923538750829
database1/img00020092.webp,0.229511,0.0,0.2214562102293178
database1/img00020095.webp,0.369647,0.0,0.2253597102930768
database1/img00020106.webp,0.016139,1.0,0.1685731695408709
database1/img00020280.webp,0.093764,0.0,0.1759208749016195
database1/img00020383.webp,0.174486,0.0,0.184537206971946
database1/img00020425.webp,0.105022,0.0,0.1693801358818038
database1/img00020495.webp,0.101841,0.0,0.1847295749608374
database1/img00020506.webp,0.143822,0.0,0.185235142718691
database1/img00020690.webp,0.113169,0.0,0.1753611379059965
database1/img00020757.webp,0.123725,0.0,0.1793402042573568
database1/img00020765.webp,0.148549,0.0,0.1768241265577778
database1/img00020799.webp,0.406729,0.0,0.2635826562324533
database1/img00020831.webp,0.0,1.0,0.1503916243306823
database1/img00020839.webp,0.164052,0.0,0.1698128295276886
database1/img00020840.webp,0.164657,0.0,0.1884381159566625
database1/img00020876.webp,0.039848,0.0,0.1919216328765177
database1/img00020958.webp,0.18413,1.0,0.1966855985141575
database1/img00021024.webp,0.011248,1.0,0.2061447429542002
database1/img00021028.webp,0.079159,0.0,0.1610295088332533
database1/img00021119.webp,0.231027,0.0,0.1558953171504543
database1/img00021174.webp,0.029653,1.0,0.187618458556045
database1/img00021203.webp,0.100309,1.0,0.2779237432105949
database1/img00021240.webp,0.12352,0.0,0.1844217179682765
database1/img00021256.webp,0.115372,0.0,0.1718454231871304
database1/img00021294.webp,0.230757,0.0,0.2104724089396832
database1/img00021336.webp,0.216002,0.0,0.1864240123216741
database1/img00021374.webp,0.038864,0.0,0.1783045597655809
database1/img00021382.webp,0.023478,1.0,0.3009446005089449
database1/img00021398.webp,0.118902,0.0,0.3174070038292622
database1/img00021523.webp,0.125539,0.0,0.1811589119934732
database1/img00021529.webp,0.020743,0.0,0.1815829044591728
database1/img00021585.webp,0.323915,0.0,0.1888658702786475
database1/img00021592.webp,0.053661,1.0,0.1954487987631453
database1/img00021620.webp,0.012103,1.0,0.2086970310843394
database1/img00021622.webp,0.258145,0.0,0.2064666846421529
database1/img00021629.webp,0.347567,0.0,0.2224330337949479
database1/img00021724.webp,0.117861,0.0,0.1835668866172449
database1/img00021737.webp,0.042247,1.0,0.1899928429310706
database1/img00021763.webp,0.319156,0.0,0.2566789961799175
database1/img00021881.webp,0.200485,0.0,0.1725424300726429
database1/img00021891.webp,0.158308,0.0,0.1787927675162481
database1/img00022037.webp,0.280548,0.0,0.2336305909752504
database1/img00022062.webp,0.084716,1.0,0.1654961943083902
database1/img00022089.webp,0.105552,0.0,0.1771441197741064
database1/img00022098.webp,0.019455,1.0,0.1903886137382105
database1/img00022099.webp,0.017022,1.0,0.2108897680622869
database1/img00022106.webp,0.009696,1.0,0.1795966165907763
database1/img00022110.webp,0.247685,0.0,0.2475264816826336
database1/img00022174.webp,0.246505,1.0,0.2178981403126488
database1/img00022220.webp,0.197348,0.0,0.2806067682722724
database1/img00022367.webp,0.130304,0.0,0.1911225740800369
database1/img00022458.webp,0.178211,1.0,0.1725282530015882
database1/img00022462.webp,0.147091,1.0,0.2016324158761796
database1/img00022521.webp,0.025301,1.0,0.1784406399498355
database1/img00022669.webp,0.094607,1.0,0.3361644061139463
database1/img00022715.webp,0.056654,0.0,0.1597627931620482
database1/img00022789.webp,0.207616,0.0,0.2723288709605475
database1/img00022833.webp,0.037262,1.0,0.1960232252813542
database1/img00022848.webp,0.082086,0.0,0.1769289214219507
database1/img00022964.webp,0.170935,0.0,0.1900379612676645
database1/img00023014.webp,0.001544,1.0,0.3408896471242373
database1/img00023146.webp,0.103648,1.0,0.2080294410267189
database1/img00023176.webp,0.028973,1.0,0.2565716421472878
database1/img00023181.webp,0.102577,0.0,0.1849618971545039
database1/img00023337.webp,0.089515,0.0,0.1671716689933142
database1/img00023439.webp,0.005019,1.0,0.1905854538313476
database1/img00023478.webp,0.105124,0.0,0.1631831816349484
database1/img00023517.webp,0.050744,0.0,0.185547192560838
database1/img00023568.webp,0.010958,1.0,0.2163588524481107
database1/img00023725.webp,0.203847,0.0,0.1853990018202499
database1/img00023876.webp,0.079286,0.0,0.1695051298428919
database1/img00023903.webp,0.124474,0.0,0.1479279652531316
database1/img00024004.webp,0.151347,0.0,0.1928969341278185
database1/img00024033.webp,0.008003,1.0,0.2028452677415334
database1/img00024054.webp,0.158105,0.0,0.1778994551381125
database1/img00024075.webp,0.098827,0.0,0.1865680384031653
database1/img00024097.webp,0.056329,1.0,0.1803043931479079
database1/img00024151.webp,0.223931,0.0,0.1658207524673738
database1/img00024251.webp,0.125194,0.0,0.176676532319846
database1/img00024286.webp,0.203387,0.0,0.2556604140876153
database1/img00024330.webp,0.039351,0.0,0.2236699685728698
database1/img00024429.webp,0.001011,1.0,0.1616923257644885
database1/img00024472.webp,0.231978,0.0,0.200083603763379
database1/img00024480.webp,0.229159,0.0,0.1947472671728664
database1/img00024496.webp,0.010786,0.0,0.2088105929853089
database1/img00024553.webp,0.040348,1.0,0.1987808825060821
database1/img00024607.webp,0.016616,1.0,0.1939598177846236
database1/img00024687.webp,0.27365,0.0,0.2066702683248126
database1/img00024753.webp,0.192923,0.0,0.1913998468110497
database1/img00024774.webp,0.053221,0.0,0.1756735171626466
database1/img00025064.webp,0.015037,0.0,0.1556400894065835
database1/img00025075.webp,0.298755,0.0,0.2167560644895265
database1/img00025133.webp,0.155681,1.0,0.2145841431896635
database1/img00025166.webp,0.014644,0.0,0.1834858346962785
database1/img00025308.webp,0.026547,1.0,0.1911609724848371
database1/img00025347.webp,0.003317,1.0,0.2051490791950319
database1/img00025392.webp,0.084647,0.0,0.1799292579734702
database1/img00025465.webp,0.083236,0.0,0.2182824405374707
database1/img00025509.webp,0.003962,0.0,0.2127823121121945
database1/img00025534.webp,0.073372,0.0,0.1894897819430979
database1/img00025566.webp,0.059194,1.0,0.2031771583447358
database1/img00025641.webp,0.045629,1.0,0.2122361212513839
database1/img00025678.webp,0.113275,0.0,0.1816618171090201
database1/img00025969.webp,0.033245,1.0,0.1925885185108538
database1/img00026052.webp,0.217685,0.0,0.1918772424505622
database1/img00026073.webp,0.052874,0.0,0.1694637406779445
database1/img00026088.webp,0.15625,0.0,0.190520314587991
database1/img00026103.webp,0.013345,1.0,0.2174363207151871
database1/img00026169.webp,0.063574,1.0,0.2325790309639236
database1/img00026178.webp,0.317092,0.0,0.2226962930919484
database1/img00026249.webp,0.008453,1.0,0.2115720749730078
database1/img00026281.webp,0.219012,1.0,0.2252582371876906
database1/img00026282.webp,0.011198,1.0,0.2074127493297533
database1/img00026305.webp,0.138547,1.0,0.2058526970891452
database1/img00026333.webp,0.154155,0.0,0.1754458002040906
database1/img00026341.webp,0.145098,0.0,0.3090612136129672
database1/img00026380.webp,0.102089,0.0,0.1889816748690982
database1/img00026418.webp,0.030072,1.0,0.1822032201823271
database1/img00026462.webp,0.007743,0.0,0.1836270599395104
database1/img00026473.webp,0.0,1.0,0.1863711325305187
database1/img00026493.webp,0.222605,0.0,0.1818895503573095
database1/img00026505.webp,0.024604,1.0,0.2147687188730082
database1/img00026554.webp,0.005176,1.0,0.2063211084457653
database1/img00026653.webp,0.0,0.0,0.1482330519295191
database1/img00026673.webp,0.305916,0.0,0.1947282884634866
database1/img00026714.webp,0.210407,0.0,0.1888495399642765
database1/img00026908.webp,0.046474,0.0,0.1768789880938452
database1/img00027013.webp,0.003769,0.0,0.1685517389692478
database1/img00027032.webp,0.007456,0.0,0.2145338983215726
database1/img00027062.webp,0.046983,1.0,0.1781942643413248
database1/img00027147.webp,0.083316,1.0,0.2135243159469047
database1/img00027201.webp,0.173566,0.0,0.1810191270184066
database1/img00027213.webp,0.102301,0.0,0.1816403680791878
database1/img00027267.webp,0.025949,0.0,0.1755314701217719
database1/img00027278.webp,0.04282,0.0,0.1793524301608147
database1/img00027291.webp,0.037481,1.0,0.2065216953657061
database1/img00027300.webp,0.162757,0.0,0.183388808250466
database1/img00027329.webp,0.120534,0.0,0.1429921429126622
database1/img00027355.webp,0.012954,0.0,0.1862023595196528
database1/img00027400.webp,0.093064,1.0,0.3857660077359989
database1/img00027672.webp,0.024684,0.0,0.1726382660972073
database1/img00027691.webp,0.263468,1.0,0.2222564451458024
database1/img00027708.webp,0.011879,1.0,0.2532811777213847
database1/img00027826.webp,0.008279,1.0,0.19640181988325
database1/img00027870.webp,0.156292,0.0,0.1900520004833269
database1/img00027888.webp,0.010368,1.0,0.2045671328871868
database1/img00027943.webp,0.005057,1.0,0.2196902814992706
database1/img00027980.webp,0.1488,0.0,0.1822267129117251
database1/img00028069.webp,0.00506,1.0,0.2132816635288975
database1/img00028087.webp,0.001205,1.0,0.1614259136596489
database1/img00028101.webp,0.0173,1.0,0.1834402787850669
database1/img00028174.webp,0.122309,0.0,0.1783571730481681
database1/img00028222.webp,0.107143,0.0,0.1745789598315142
database1/img00028224.webp,0.146398,0.0,0.2003538477801514
database1/img00028300.webp,0.012183,0.0,0.1828125917120968
database1/img00028356.webp,0.152613,0.0,0.1515763889127222
database1/img00028517.webp,0.382837,0.0,0.2354283888477729
database1/img00028551.webp,0.203166,0.0,0.2548866896245647
database1/img00028578.webp,0.061325,0.0,0.1698463156555771
database1/img00028581.webp,0.020189,1.0,0.1822688331638431
database1/img00028723.webp,0.12276,0.0,0.1888489001031126
database1/img00028742.webp,0.061928,0.0,0.1552038668592746
database1/img00028757.webp,0.031527,1.0,0.1985663815613032
database1/img00028784.webp,0.01652,0.0,0.1761112279184717
database1/img00028843.webp,0.045216,1.0,0.2209844301612203
database1/img00028942.webp,0.085705,0.0,0.1570787144793738
database1/img00029059.webp,0.201976,0.0,0.1895761719098419
database1/img00029154.webp,0.027398,0.0,0.2790480053869815
database1/img00029252.webp,0.011317,1.0,0.2086640051098955
database1/img00029315.webp,0.223811,0.0,0.2076238033811624
database1/img00029326.webp,0.073163,0.0,0.1636411886251218
database1/img00029393.webp,0.181547,0.0,0.1819900079953864
database1/img00029479.webp,0.172507,1.0,0.2197598353735173
database1/img00029527.webp,9.6e-05,1.0,0.1611576770992115
database1/img00029586.webp,0.049823,0.0,0.1831968142057768
database1/img00029691.webp,0.030185,1.0,0.2179790166142617
database1/img00029706.webp,0.21533,1.0,0.3628913596128222
database1/img00029758.webp,0.113217,0.0,0.1744597681082087
database1/img00029778.webp,0.154551,0.0,0.232913960667533
database1/img00029960.webp,0.383842,0.0,0.2189804559864437
database2/database2/test/148.webp,0.048036,1.0,0.1816559427271325
database2/database2/test/190.webp,0.086509,1.0,0.3203105601810422
database2/database2/test/216.webp,0.245817,0.0,0.1748018876567355
database2/database2/test/232.webp,0.275174,0.0,0.1955728582771789
database2/database2/test/239.webp,0.175156,0.0,0.2180262668222423
database2/database2/test/266.webp,0.213241,0.0,0.1940603704074145
database2/database2/test/34.webp,0.050154,0.0,0.1703722209812409
database2/database2/test/453.webp,0.089504,1.0,0.1340674303995327
database2/database2/test/472.webp,0.226614,1.0,0.2538746837274619
database2/database2/test/91.webp,0.465517,1.0,0.205441187416131
database2/database2/train/1009.webp,0.104761,1.0,0.2301980936525948
database2/database2/train/1240.webp,0.146101,0.0,0.1992949953913352
database2/database2/train/1258.webp,0.246853,0.0,0.4003058054582777
database2/database2/train/127.webp,0.075508,0.0,0.1538352887814566
database2/database2/train/1279.webp,0.000502,1.0,0.3191455573618734
database2/database2/train/1311.webp,0.172932,1.0,0.4087824887952265
database2/database2/train/174.webp,0.051776,1.0,0.3960420536869429
database2/database2/train/203.webp,0.050641,1.0,0.2029525556614024
database2/database2/train/219.webp,0.142928,0.0,0.2029344502122388
database2/database2/train/233.webp,0.281943,1.0,0.2249231161184625
database2/database2/train/26.webp,0.011878,0.0,0.1731439548208301
database2/database2/train/34.webp,0.095641,0.0,0.207479579979902
database2/database2/train/433.webp,0.036418,1.0,0.2111268975622755
database2/database2/train/436.webp,0.026337,1.0,0.1855227324706725
database2/database2/train/515.webp,0.012181,1.0,0.193319599766085
database2/database2/train/547.webp,0.0,1.0,0.1516209559244787
database2/database2/train/613.webp,0.048432,0.0,0.1748237739026586
database2/database2/train/624.webp,0.123039,1.0,0.330892868989659
database2/database2/train/650.webp,0.113219,0.0,0.1800644886093035
database2/database2/train/766.webp,0.167917,0.0,0.2235860746973056
database2/database2/train/814.webp,0.3,0.0,0.2277963453897816
database2/database2/train/846.webp,0.020085,1.0,0.2032001544252122
database2/database2/train/900.webp,0.417188,1.0,0.2203719444765379
database2/database2/train/928.webp,0.09983,0.0,0.1818928076771935
database2/database2/train/97.webp,0.048559,1.0,0.2109360181981837
database2/database2/train/992.webp,0.32608,0.0,0.2333338905348505
database3/database3/m.0109kg/59-FaceId-0_align.webp,0.264823,0.0,0.217445455187035
database3/database3/m.010bk0/59-FaceId-0_align.webp,0.021845,1.0,0.3198373335018312
database3/database3/m.010ngb/60-FaceId-0_align.webp,0.012915,1.0,0.1736364659852331
database3/database3/m.010p3/45-FaceId-0_align.webp,0.01465,1.0,0.2232099822583985
database3/database3/m.010p3/69-FaceId-0_align.webp,0.027584,1.0,0.2031602288433502
database3/database3/m.010p3/82-FaceId-0_align.webp,0.013896,1.0,0.1893269249596252
database3/database3/m.010wty2t/83-FaceId-1_align.webp,0.168202,1.0,0.2847201139190533
database3/database3/m.0112yl/20-FaceId-0_align.webp,0.035573,1.0,0.2336951623392959
database3/database3/m.01167d3z/34-FaceId-0_align.webp,0.37993,1.0,0.2428020890428073
database3/database3/m.01167d3z/74-FaceId-0_align.webp,0.319357,1.0,0.2275959199878205
database3/database3/m.011_0k/17-FaceId-0_align.webp,0.022011,1.0,0.1908682544412684
database3/database3/m.011_0k/3-FaceId-0_align.webp,0.017225,1.0,0.2052601043644182
database3/database3/m.011_0k/43-FaceId-0_align.webp,0.025252,1.0,0.1933729468371844
database3/database3/m.011_0k/77-FaceId-0_align.webp,0.126436,1.0,0.3366640694229373
database3/database3/m.011_2h/101-FaceId-0_align.webp,0.183945,0.0,0.2116827992843242
database3/database3/m.011_2h/18-FaceId-0_align.webp,0.139464,0.0,0.2785396429321303
database3/database3/m.011_2h/21-FaceId-0_align.webp,0.028243,0.0,0.1896188774434541
database3/database3/m.011_3d/107-FaceId-0_align.webp,0.091414,1.0,0.2232911474889427
database3/database3/m.011_3d/31-FaceId-0_align.webp,0.156269,1.0,0.2195569903695004
database3/database3/m.011_3d/35-FaceId-0_align.webp,0.154662,1.0,0.3767598008667207
database3/database3/m.011_3s/106-FaceId-0_align.webp,0.132155,0.0,0.2009248081119593
database3/database3/m.011_3s/93-FaceId-0_align.webp,0.255275,0.0,0.2312205292089132
database3/database3/m.011_8/14-FaceId-0_align.webp,0.108434,1.0,0.1926326070050646
database3/database3/m.011_nf/83-FaceId-0_align.webp,0.036792,1.0,0.1973034834709661
database3/database3/m.011_pk/73-FaceId-0_align.webp,0.106935,1.0,0.2331040952566323
database3/database3/m.011_pk/98-FaceId-0_align.webp,0.021278,1.0,0.1593551999112711
database3/database3/m.011_r9/15-FaceId-0_align.webp,0.000453,1.0,0.1794081699847048
database3/database3/m.011_r9/35-FaceId-0_align.webp,0.0,1.0,0.1417621342938784
database3/database3/m.011h_w/16-FaceId-0_align.webp,0.023388,1.0,0.3013142386828699
database3/database3/m.011h_w/57-FaceId-0_align.webp,0.034974,1.0,0.2509422197246195
database3/database3/m.011hdn/3-FaceId-0_align.webp,0.144586,1.0,0.2761885937493045
database3/database3/m.011hm1/28-FaceId-0_align.webp,0.045589,0.0,0.2229000329951324
database3/database3/m.011hm1/59-FaceId-0_align.webp,0.308314,0.0,0.2167479824407263
database3/database3/m.011hmd/24-FaceId-0_align.webp,0.029049,1.0,0.2665286862797534
database3/database3/m.011jfg/102-FaceId-0_align.webp,0.016853,0.0,0.1884707140154095
database3/database3/m.011jfg/64-FaceId-0_align.webp,0.014724,0.0,0.1934461595609434
database3/database3/m.011kd9/42-FaceId-0_align.webp,0.092666,1.0,0.0
database3/database3/m.011kd9/48-FaceId-0_align.webp,0.021031,1.0,0.3071008261972604
database3/database3/m.011l17/115-FaceId-0_align.webp,0.008147,1.0,0.1853133788560766
database3/database3/m.011l17/73-FaceId-0_align.webp,0.013848,1.0,0.2064038467464975
database3/database3/m.011l17/78-FaceId-0_align.webp,0.000371,1.0,0.1817907551145026
database3/database3/m.011lf5/30-FaceId-0_align.webp,0.003745,1.0,0.2114982916482099
database3/database3/m.011lhy/14-FaceId-0_align.webp,0.06605,1.0,0.1565365264758266
database3/database3/m.011m1y/65-FaceId-0_align.webp,0.010331,1.0,0.2844535561419241
database3/database3/m.011m1y/93-FaceId-0_align.webp,0.010174,1.0,0.1743448151101604
database3/database3/m.011m33/35-FaceId-0_align.webp,0.10764,0.0,0.1666417052331041
database3/database3/m.011m33/96-FaceId-0_align.webp,0.077455,0.0,0.2116174262645681
database3/database3/m.011m33/98-FaceId-0_align.webp,0.093352,0.0,0.2604009866100875
database3/database3/m.011p3/100-FaceId-0_align.webp,0.261068,0.0,0.2418970151819083
database3/database3/m.011p3/38-FaceId-0_align.webp,0.260325,0.0,0.188740889819214
database3/database3/m.011qm2/8-FaceId-0_align.webp,0.02115,1.0,0.1852974683475328
database3/database3/m.011w1b/4-FaceId-0_align.webp,0.011173,0.0,0.178562764527699
database3/database3/m.011w1b/5-FaceId-0_align.webp,0.149673,0.0,0.1858348768124368
database3/database3/m.011w1b/65-FaceId-0_align.webp,0.028609,0.0,0.1760827519932296
database3/database3/m.011w1b/75-FaceId-0_align.webp,0.102741,0.0,0.2023612901554541
database3/database3/m.011xgp/24-FaceId-0_align.webp,0.060348,1.0,0.2049547203412852
database3/database3/m.011xgp/72-FaceId-0_align.webp,0.024118,1.0,0.2467706382303278
database3/database3/m.011xjd/62-FaceId-0_align.webp,0.025855,1.0,0.2144510684936125
database3/database3/m.011xl3/35-FaceId-0_align.webp,0.101991,1.0,0.2075271476300761
database3/database3/m.011xl3/86-FaceId-0_align.webp,0.095741,1.0,0.3052982873464052
database3/database3/m.011xl3/92-FaceId-0_align.webp,0.15032,1.0,0.207111569485317
database3/database3/m.011xl3/99-FaceId-0_align.webp,0.04585,1.0,0.1904692395451953
database3/database3/m.011xll/89-FaceId-0_align.webp,0.057752,1.0,0.2748085472151159
database3/database3/m.011ybj/52-FaceId-0_align.webp,0.042728,1.0,0.1939688908294394
database3/database3/m.011ybj/61-FaceId-0_align.webp,0.033422,1.0,0.1759225997033513
database3/database3/m.011yx0/17-FaceId-0_align.webp,0.03676,1.0,0.1985737037250854
database3/database3/m.011yx0/7-FaceId-0_align.webp,0.025923,1.0,0.1847769052944523
database3/database3/m.011z69/22-FaceId-0_align.webp,0.003956,1.0,0.1714804584795548
database3/database3/m.011z69/27-FaceId-0_align.webp,0.057013,1.0,0.1840914948453129
database3/database3/m.011z69/67-FaceId-0_align.webp,0.026898,1.0,0.1890585404741457
database3/database3/m.011zfk/22-FaceId-0_align.webp,0.214757,1.0,0.1707716277807063
database3/database3/m.011zfz/75-FaceId-0_align.webp,0.159958,0.0,0.1929653006323388
database3/database3/m.011zg9/22-FaceId-0_align.webp,0.107141,0.0,0.1652814847479881
database3/database3/m.011zg9/39-FaceId-0_align.webp,0.053582,0.0,0.1778989503460029
database3/database3/m.011zgs/52-FaceId-0_align.webp,0.127677,0.0,0.3620652372760967
database3/database3/m.011zkh/84-FaceId-0_align.webp,0.008351,1.0,0.1861789967133251
database3/database3/m.011zwl/37-FaceId-0_align.webp,0.073722,1.0,0.1864408468360731
database3/database3/m.01200d/24-FaceId-0_align.webp,0.036817,1.0,0.1673509442071951
database3/database3/m.01200d/80-FaceId-0_align.webp,0.017066,1.0,0.170384096670054
database3/database3/m.012052/1-FaceId-0_align.webp,0.109494,1.0,0.1842450447561069
database3/database3/m.012052/30-FaceId-0_align.webp,0.193814,1.0,0.3812293709241192
database3/database3/m.012052/63-FaceId-0_align.webp,0.135953,1.0,0.2269581605139385
database3/database3/m.0122lq/12-FaceId-0_align.webp,0.034174,1.0,0.1634911549085849
database3/database3/m.0122lq/62-FaceId-0_align.webp,0.002899,1.0,0.2585975027041521
database3/database3/m.0122lq/73-FaceId-0_align.webp,0.026793,1.0,0.1730582083925367
database3/database3/m.0122m5/94-FaceId-0_align.webp,0.003731,1.0,0.2785547515227927
database3/database3/m.01233w/1-FaceId-0_align.webp,0.049894,1.0,0.171638886355218
database3/database3/m.01233w/25-FaceId-0_align.webp,0.043404,1.0,0.2129794932601609
database3/database3/m.01239/57-FaceId-0_align.webp,0.01656,1.0,0.2174926787364663
database3/database3/m.01239/68-FaceId-0_align.webp,0.012855,1.0,0.1940123003239431
database3/database3/m.0123x2/101-FaceId-0_align.webp,0.244668,1.0,0.2424932679207551
database3/database3/m.01241v/54-FaceId-0_align.webp,0.010871,1.0,0.1595363387131431
database3/database3/m.0124t/70-FaceId-0_align.webp,0.066352,0.0,0.2889033384307096
database3/database3/m.01257s/41-FaceId-1_align.webp,0.025408,1.0,0.1977667201635609
database3/database3/m.0126rp/46-FaceId-0_align.webp,0.064149,1.0,0.1707312905752507
database3/database3/m.0126rp/48-FaceId-0_align.webp,0.020111,1.0,0.1799646760021994
database3/database3/m.0126y2/49-FaceId-0_align.webp,0.042913,1.0,0.1930336236565171
database3/database3/m.0126y2/81-FaceId-0_align.webp,0.011658,1.0,0.3177797350126026
database3/database3/m.0126y2/92-FaceId-0_align.webp,0.2594,1.0,0.2600120174396176
database3/database3/m.01270s/15-FaceId-0_align.webp,0.00523,1.0,0.1583872641420491
database3/database3/m.01270s/43-FaceId-0_align.webp,0.024273,1.0,0.190732811793033
database3/database3/m.01271_/40-FaceId-0_align.webp,0.046844,0.0,0.1862366732704743
database3/database3/m.01271_/42-FaceId-0_align.webp,0.082785,0.0,0.2488499514108258
database3/database3/m.01271_/92-FaceId-0_align.webp,0.131196,0.0,0.184012953535756
database3/database3/m.0127fx/6-FaceId-0_align.webp,0.010653,1.0,0.1867099105366186
database3/database3/m.0127gn/12-FaceId-0_align.webp,0.02417,1.0,0.1677657041137972
database3/database3/m.0127tk/114-FaceId-0_align.webp,0.088119,1.0,0.1716986694319556
database3/database3/m.0127tk/121-FaceId-0_align.webp,0.110272,1.0,0.2003774468626531
database3/database3/m.0127tk/32-FaceId-0_align.webp,0.044592,1.0,0.1837404231615113
database3/database3/m.0127tk/61-FaceId-0_align.webp,0.157887,1.0,0.2080147941928682
database3/database3/m.0127tk/75-FaceId-0_align.webp,0.118857,1.0,0.2008356549876055
database3/database3/m.0127tk/83-FaceId-0_align.webp,0.180049,1.0,0.1804773771619781
database3/database3/m.0127zt/62-FaceId-0_align.webp,0.099007,0.0,0.1864098953421084
database3/database3/m.012801/76-FaceId-0_align.webp,0.060329,1.0,0.1806034107097782
database3/database3/m.012981/36-FaceId-0_align.webp,0.038673,1.0,0.1826704653635938
database3/database3/m.012_53/112-FaceId-0_align.webp,0.081654,0.0,0.1681448327616464
database3/database3/m.012_53/73-FaceId-0_align.webp,0.056783,0.0,0.17357134337321
database3/database3/m.012_jj/10-FaceId-0_align.webp,0.005143,1.0,0.178668983445425
database3/database3/m.012_jj/103-FaceId-0_align.webp,0.04174,1.0,0.1482532448047153
database3/database3/m.012_jj/83-FaceId-0_align.webp,0.123978,1.0,0.177197425314432
database3/database3/m.012c6j/57-FaceId-0_align.webp,0.0,1.0,0.1299491448656779
database3/database3/m.012c6x/43-FaceId-0_align.webp,0.000386,1.0,0.2312423063718344
database3/database3/m.012c8f/13-FaceId-0_align.webp,0.010098,1.0,0.2023732131967566
database3/database3/m.012c8f/85-FaceId-0_align.webp,0.121074,1.0,0.3505817964588164
database3/database3/m.012ck8/1-FaceId-0_align.webp,0.250793,0.0,0.2805600173422274
database3/database3/m.012cm5/19-FaceId-0_align.webp,0.050828,1.0,0.2050949555595423
database3/database3/m.012cm5/75-FaceId-0_align.webp,0.032775,1.0,0.1334871577066649
database3/database3/m.012cm5/90-FaceId-0_align.webp,0.082057,1.0,0.2279530741871345
database3/database3/m.012cnn/11-FaceId-0_align.webp,0.107545,0.0,0.1882693463851115
database3/database3/m.012cph/108-FaceId-0_align.webp,0.01551,1.0,0.179085599023626
database3/database3/m.012cph/17-FaceId-0_align.webp,0.005549,1.0,0.2351098813356766
database3/database3/m.012cph/68-FaceId-0_align.webp,0.017584,1.0,0.2434574452925106
database3/database3/m.012cyp/33-FaceId-0_align.webp,0.012748,0.0,0.1705955187991088
database3/database3/m.012cyp/43-FaceId-0_align.webp,0.207358,0.0,0.180353101715768
database3/database3/m.012cyp/7-FaceId-0_align.webp,0.030272,0.0,0.1632170987374974
database3/database3/m.012czd/35-FaceId-0_align.webp,0.035058,0.0,0.1594130137057634
database3/database3/m.012czd/90-FaceId-0_align.webp,0.001711,0.0,0.1931860223192859
database3/database3/m.012dtw/86-FaceId-0_align.webp,0.075626,1.0,0.2477459686569028
database3/database3/m.012fgx/58-FaceId-0_align.webp,0.039289,1.0,0.1719868098130918
database3/database3/m.012g8l/75-FaceId-0_align.webp,0.015517,1.0,0.2187816969869748
database3/database3/m.012gbb/1-FaceId-0_align.webp,0.057132,0.0,0.203312137814335
database3/database3/m.012gbb/104-FaceId-0_align.webp,0.023381,0.0,0.1714186111743436
database3/database3/m.012gbb/86-FaceId-0_align.webp,0.070682,0.0,0.2103409650306963
database3/database3/m.012gdw/54-FaceId-0_align.webp,0.06697,1.0,0.1755776363741528
database3/database3/m.012gl8/17-FaceId-0_align.webp,0.06567,0.0,0.1829448262026234
database3/database3/m.012gl8/38-FaceId-0_align.webp,0.063039,0.0,0.1809174443182507
database3/database3/m.012gq6/33-FaceId-0_align.webp,0.016946,1.0,0.1665486528878745
database3/database3/m.012gr9/29-FaceId-0_align.webp,0.156273,0.0,0.2330727239355932
database3/database3/m.012gx2/64-FaceId-0_align.webp,0.000577,1.0,0.1792114918765436
database3/database3/m.012gx2/77-FaceId-0_align.webp,0.126437,1.0,0.226390300986235
database3/database3/m.012gx2/8-FaceId-0_align.webp,0.019361,1.0,0.1547538832721101
database3/database3/m.012gx2/99-FaceId-0_align.webp,0.025003,1.0,0.2173254194390708
database3/database3/m.012h65/109-FaceId-0_align.webp,0.210562,1.0,0.3926152928672136
database3/database3/m.012hqb/33-FaceId-0_align.webp,0.004406,1.0,0.2221253378181139
database3/database3/m.012hr4/21-FaceId-0_align.webp,0.126033,1.0,0.1863796904038754
database3/database3/m.012hr4/67-FaceId-0_align.webp,0.183915,1.0,0.1894837475194792
database3/database3/m.012hr4/74-FaceId-0_align.webp,0.037244,1.0,0.191464209793719
database3/database3/m.012hsb/101-FaceId-0_align.webp,0.192286,1.0,0.1950899324952983
database3/database3/m.012hsb/74-FaceId-0_align.webp,0.057902,1.0,0.2006062396925365
database3/database3/m.012hz4/77-FaceId-0_align.webp,0.118119,0.0,0.2426294616176517
database3/database3/m.012j2r/108-FaceId-0_align.webp,0.027644,1.0,0.1632695957420848
database3/database3/m.012j2r/38-FaceId-0_align.webp,0.010758,1.0,0.1898436670310524
database3/database3/m.012j2r/9-FaceId-0_align.webp,0.029992,1.0,0.1655023904462988
database3/database3/m.012kdb/7-FaceId-0_align.webp,0.154185,0.0,0.189705639191863
database3/database3/m.012kk4/31-FaceId-1_align.webp,0.026924,1.0,0.2109672427325156
database3/database3/m.012l22/20-FaceId-0_align.webp,0.182682,1.0,0.3609401693011334
database3/database3/m.012l22/56-FaceId-0_align.webp,0.079127,1.0,0.3138073238990592
database3/database3/m.012lyg/82-FaceId-0_align.webp,0.015571,1.0,0.1656223496128005
database3/database3/m.012m1c/109-FaceId-0_align.webp,0.052592,0.0,0.169201301881938
database3/database3/m.012m1c/113-FaceId-0_align.webp,0.018979,0.0,0.1743286642660926
database3/database3/m.012m1c/56-FaceId-0_align.webp,0.076711,0.0,0.1411177044360615
database3/database3/m.012m7r/99-FaceId-0_align.webp,0.002972,1.0,0.3153256652696787
database3/database3/m.012mh_/3-FaceId-0_align.webp,0.065168,1.0,0.1789415594803862
database3/database3/m.012mh_/6-FaceId-0_align.webp,0.002681,1.0,0.1699409104531597
database3/database3/m.012mk7/90-FaceId-0_align.webp,0.032433,1.0,0.1631821449198791
database3/database3/m.012ml0/96-FaceId-0_align.webp,0.031451,1.0,0.1668477778014455
database3/database3/m.012mmb/47-FaceId-0_align.webp,0.146313,0.0,0.2291419733241645
database3/database3/m.012mn4/43-FaceId-0_align.webp,0.005783,1.0,0.2021008160390157
database3/database3/m.012nry/108-FaceId-0_align.webp,0.006878,1.0,0.1494848871104703
database3/database3/m.012nry/28-FaceId-0_align.webp,0.006764,1.0,0.2617560573669655
database3/database3/m.012nry/3-FaceId-0_align.webp,0.008173,1.0,0.186223389530053
database3/database3/m.012nry/57-FaceId-0_align.webp,0.00436,1.0,0.2071622569524051
database3/database3/m.012pjh/2-FaceId-0_align.webp,0.0,1.0,0.2013981191635812
database3/database3/m.012q4n/50-FaceId-0_align.webp,0.004622,1.0,0.3581305762271871
database3/database3/m.012qfw/20-FaceId-1_align.webp,0.162552,0.0,0.161110690559299
database3/database3/m.012qfw/41-FaceId-0_align.webp,0.211858,0.0,0.1620169819015919
database3/database3/m.012qgc/82-FaceId-0_align.webp,0.002042,1.0,0.2047430722647909
database3/database3/m.012rng/35-FaceId-0_align.webp,0.036379,1.0,0.2655284143525035
database3/database3/m.012rng/47-FaceId-0_align.webp,0.022161,1.0,0.5074370399515296
database3/database3/m.012rng/48-FaceId-0_align.webp,0.01786,1.0,0.1871658258393794
database3/database3/m.012rth/93-FaceId-0_align.webp,0.046323,1.0,0.4313925763118487
database3/database3/m.012s1x/11-FaceId-0_align.webp,0.049377,1.0,0.1940673429146441
database3/database3/m.012s5j/122-FaceId-0_align.webp,0.205872,0.0,0.2216025769600245
database3/database3/m.012s9f/0-FaceId-0_align.webp,0.000412,1.0,0.1712866483800618
database3/database3/m.012st7/14-FaceId-0_align.webp,0.003821,1.0,0.2963690436775776
database3/database3/m.012t1d/17-FaceId-0_align.webp,0.167599,1.0,0.1870641938825941
database3/database3/m.012t1d/37-FaceId-0_align.webp,0.016467,1.0,0.186694044076859
database3/database3/m.012t1d/80-FaceId-0_align.webp,0.014504,1.0,0.247911015381995
database3/database3/m.012t3l/22-FaceId-0_align.webp,0.012766,1.0,0.0
database3/database3/m.012t7s/3-FaceId-0_align.webp,0.014581,1.0,0.181321924568752
database3/database3/m.012tmz/123-FaceId-0_align.webp,0.001629,1.0,0.183918487326286
database3/database3/m.012v1t/29-FaceId-0_align.webp,0.118114,0.0,0.1730432985757577
database3/database3/m.012v1t/67-FaceId-0_align.webp,0.072956,0.0,0.1673009150314836
database3/database3/m.012v1t/93-FaceId-0_align.webp,0.033657,0.0,0.1743053082604778
database3/database3/m.012vby/3-FaceId-0_align.webp,0.002151,1.0,0.2284947324387762
database3/database3/m.012vby/36-FaceId-0_align.webp,0.0,1.0,0.3427177783391549
database3/database3/m.012vd6/49-FaceId-0_align.webp,0.124288,0.0,0.2151569801089776
database3/database3/m.012vd6/5-FaceId-0_align.webp,0.104381,0.0,0.1875607393560364
database3/database3/m.012vd6/75-FaceId-1_align.webp,0.054381,0.0,0.2546056523562419
database3/database3/m.012vf6/90-FaceId-0_align.webp,0.069167,0.0,0.214970685907505
database3/database3/m.012vhn/10-FaceId-0_align.webp,0.009813,1.0,0.1718324066076984
database3/database3/m.012vhn/4-FaceId-0_align.webp,0.005793,1.0,0.1164095039023118
database3/database3/m.012vq0/30-FaceId-0_align.webp,0.028246,1.0,0.1798558418462401
database3/database3/m.012vq0/67-FaceId-0_align.webp,0.017872,1.0,0.1978515717251376
database3/database3/m.012vqh/80-FaceId-0_align.webp,0.078239,0.0,0.2396295880044049
database3/database3/m.012w05/52-FaceId-0_align.webp,0.000408,1.0,0.2009404655494655
database3/database3/m.012w3k/19-FaceId-0_align.webp,0.109411,1.0,0.2652688616637059
database3/database3/m.012w3k/33-FaceId-0_align.webp,0.07009,1.0,0.1906638467091274
database3/database3/m.012w3k/4-FaceId-0_align.webp,0.071086,1.0,0.2088419061597654
database3/database3/m.012wfh/73-FaceId-0_align.webp,0.055456,0.0,0.3026370419077992
database3/database3/m.012wfh/77-FaceId-0_align.webp,0.055,0.0,0.1919240560698437
database3/database3/m.012wgv/56-FaceId-0_align.webp,0.072911,1.0,0.2028372035904367
database3/database3/m.012x2b/18-FaceId-0_align.webp,0.0,1.0,0.2124421725554714
database3/database3/m.012x2b/46-FaceId-0_align.webp,0.039092,1.0,0.2060589131267445
database3/database3/m.012x2b/54-FaceId-0_align.webp,0.049838,1.0,0.173073841984701
database3/database3/m.012x2b/72-FaceId-0_align.webp,0.008788,1.0,0.1724593863274576
database3/database3/m.012x5/81-FaceId-0_align.webp,0.058123,0.0,0.1983925911272562
database3/database3/m.012xdy/81-FaceId-0_align.webp,0.012382,1.0,0.2156216153258295
database3/database3/m.012xls/57-FaceId-0_align.webp,0.114584,1.0,0.560772129877749
database3/database3/m.012xls/70-FaceId-0_align.webp,0.126797,1.0,0.1629589154448865
database3/database3/m.012xls/74-FaceId-0_align.webp,0.018384,1.0,0.4366827760921744
database3/database3/m.012y1h/86-FaceId-0_align.webp,0.123838,1.0,0.2131707730692724
database3/database3/m.012ycy/16-FaceId-0_align.webp,0.002336,1.0,0.2177503113217277
database3/database3/m.012ycy/21-FaceId-0_align.webp,0.164069,1.0,0.1968420507359276
database3/database3/m.012ycy/73-FaceId-0_align.webp,0.017165,1.0,0.2181588097016651
database3/database3/m.012ycy/99-FaceId-0_align.webp,0.136797,1.0,0.1265383196571876
database3/database3/m.012yg1/19-FaceId-0_align.webp,0.003406,1.0,0.3042120854736474
database3/database3/m.012yg1/21-FaceId-0_align.webp,0.007301,1.0,0.2258459150630006
database3/database3/m.012yg1/66-FaceId-0_align.webp,0.007466,1.0,0.2564535854997645
database3/database3/m.012yhd/22-FaceId-0_align.webp,0.043044,1.0,0.2313714109194977
database3/database3/m.012yhd/41-FaceId-0_align.webp,0.014599,1.0,0.2206776344256227
database3/database3/m.012yhd/87-FaceId-0_align.webp,0.016417,1.0,0.2305469015407151
database3/database3/m.012ysy/40-FaceId-0_align.webp,0.005784,1.0,0.1996572259669199
database3/database3/m.012yxk/51-FaceId-0_align.webp,0.111796,1.0,0.242648668398529
database3/database3/m.012z8_/39-FaceId-0_align.webp,0.076699,1.0,0.1770352011060166
database3/database3/m.012zrl/119-FaceId-0_align.webp,0.19435,0.0,0.149987304425314
database3/database3/m.012zrl/22-FaceId-0_align.webp,0.184216,0.0,0.1888164015073304
database3/database3/m.012zrl/34-FaceId-0_align.webp,0.221002,0.0,0.2445661051180672
database3/database3/m.01300z/111-FaceId-0_align.webp,0.011168,1.0,0.1798394165297812
database3/database3/m.01300z/46-FaceId-0_align.webp,0.004916,1.0,0.1922463233719072
database3/database3/m.01306d/26-FaceId-0_align.webp,0.043181,1.0,0.2118641910917734
database3/database3/m.0130py/108-FaceId-0_align.webp,0.041408,1.0,0.3073013519618203
database3/database3/m.0130py/9-FaceId-0_align.webp,0.045214,1.0,0.1826668823146736
database3/database3/m.0130sy/65-FaceId-0_align.webp,0.067207,1.0,0.1073381875503707
database3/database3/m.013107/34-FaceId-0_align.webp,0.131929,0.0,0.1862186015056811
database3/database3/m.0131kb/28-FaceId-0_align.webp,0.0,1.0,0.1324721771645133
database3/database3/m.0131kb/47-FaceId-0_align.webp,0.0,1.0,0.1865268465282147
database3/database3/m.0131kb/76-FaceId-0_align.webp,0.081559,1.0,0.3054531129841146
database3/database3/m.013267/23-FaceId-0_align.webp,0.049038,1.0,0.2053772453088163
database3/database3/m.0132k4/103-FaceId-0_align.webp,0.076004,1.0,0.2373851566296572
database3/database3/m.0132k4/97-FaceId-0_align.webp,0.101202,1.0,0.21552648442382
database3/database3/m.0132kn/100-FaceId-0_align.webp,0.045478,1.0,0.2022914222772339
database3/database3/m.0132q1/29-FaceId-0_align.webp,0.017581,0.0,0.1879635301937988
database3/database3/m.013339/106-FaceId-0_align.webp,0.058305,1.0,0.1780948597827963
database3/database3/m.013339/23-FaceId-0_align.webp,0.255508,1.0,0.2391645414431868
database3/database3/m.013339/80-FaceId-0_align.webp,0.066481,1.0,0.2397311585218033
database3/database3/m.01338h/81-FaceId-0_align.webp,0.088482,0.0,0.1699005860298066
database3/database3/m.0133c4/15-FaceId-0_align.webp,0.207364,1.0,0.1801822407147452
database3/database3/m.0133x7/100-FaceId-0_align.webp,0.144974,0.0,0.1821871709109751
database3/database3/m.0133yt/45-FaceId-0_align.webp,0.102482,1.0,0.2569657138107322
database3/database3/m.01341q/51-FaceId-0_align.webp,0.043853,1.0,0.3016715886740657
database3/database3/m.013423/105-FaceId-0_align.webp,0.016474,0.0,0.306857803163947
database3/database3/m.013423/43-FaceId-0_align.webp,0.10846,0.0,0.1755296235126734
database3/database3/m.0134cp/27-FaceId-0_align.webp,0.030912,1.0,0.2141560515583496
database3/database3/m.0134cp/34-FaceId-1_align.webp,0.031754,1.0,0.2088628213685308
database3/database3/m.0134cp/53-FaceId-0_align.webp,0.019724,1.0,0.1941084627834221
database3/database3/m.0134dc/38-FaceId-0_align.webp,0.000768,1.0,0.2281849076850477
database3/database3/m.0134dc/73-FaceId-0_align.webp,0.003398,1.0,0.3241791651799641
database3/database3/m.0134fr/66-FaceId-0_align.webp,0.01299,1.0,0.2006120806872184
database3/database3/m.0134fr/82-FaceId-0_align.webp,0.004786,1.0,0.2214658207089369
database3/database3/m.0134wr/11-FaceId-2_align.webp,0.000566,1.0,0.2027068934799147
database3/database3/m.0134wr/30-FaceId-2_align.webp,0.080915,1.0,0.1799433338680963
database3/database3/m.0134wr/52-FaceId-2_align.webp,0.028557,1.0,0.118151730339047
database3/database3/m.0134wr/65-FaceId-1_align.webp,0.001253,1.0,0.1654097884236117
database3/database3/m.0134wr/69-FaceId-2_align.webp,0.064238,1.0,0.1821944804896809
database3/database3/m.0134wr/89-FaceId-1_align.webp,0.188914,1.0,0.1591658464313164
database3/database3/m.0135nb/89-FaceId-0_align.webp,0.051256,1.0,0.197870466079577
database3/database3/m.01368v/100-FaceId-0_align.webp,0.078994,0.0,0.1796574261602772
database3/database3/m.01368v/58-FaceId-0_align.webp,0.186435,0.0,0.1802999228367581
database3/database3/m.01368v/59-FaceId-1_align.webp,0.101878,0.0,0.1663251301848006
database3/database3/m.0136ms/38-FaceId-0_align.webp,0.015722,1.0,0.1851978372184393
database3/database3/m.0136p1/103-FaceId-0_align.webp,0.341015,0.0,0.2472483951526195
database3/database3/m.0136p1/13-FaceId-0_align.webp,0.259257,0.0,0.2042167876842756
database3/database3/m.0136p1/66-FaceId-0_align.webp,0.075301,0.0,0.1791401689973549
database3/database3/m.0136pk/68-FaceId-0_align.webp,0.195786,1.0,0.2267032772526599
database3/database3/m.0136pk/87-FaceId-0_align.webp,0.172482,1.0,0.2058677677429241
database3/database3/m.0136tm/24-FaceId-0_align.webp,0.011359,1.0,0.1887199138945297
database3/database3/m.0137s4/92-FaceId-0_align.webp,0.014219,1.0,0.5032885384166482
database3/database3/m.01380_/30-FaceId-0_align.webp,0.062935,1.0,0.2857954487076718
database3/database3/m.01380_/84-FaceId-0_align.webp,0.019541,1.0,0.2046758670546083
database3/database3/m.013823/15-FaceId-0_align.webp,0.004502,1.0,0.1583338306961978
database3/database3/m.013823/5-FaceId-0_align.webp,0.029677,1.0,0.1543599936161635
database3/database3/m.013846/35-FaceId-0_align.webp,0.005272,1.0,0.2026726380259494
database3/database3/m.013846/71-FaceId-0_align.webp,0.036782,1.0,0.1937367609403272
database3/database3/m.01386_/97-FaceId-0_align.webp,0.01382,1.0,0.1735382362344414
database3/database3/m.01386m/93-FaceId-0_align.webp,0.049853,1.0,0.2100816035025236
database3/database3/m.01387g/36-FaceId-0_align.webp,0.020561,1.0,0.1880004671321564
database3/database3/m.01387g/90-FaceId-0_align.webp,0.00159,1.0,0.1657733921356608
database3/database3/m.01387y/2-FaceId-0_align.webp,0.062856,1.0,0.2097742333747587
database3/database3/m.01387y/32-FaceId-0_align.webp,0.048091,1.0,0.2178815124119946
database3/database3/m.01387y/46-FaceId-0_align.webp,0.0006,1.0,0.1720598722055831
database3/database3/m.01388c/29-FaceId-0_align.webp,0.136546,1.0,0.2110415709947506
database3/database3/m.01388c/82-FaceId-0_align.webp,0.007483,1.0,0.2097968924081949
database3/database3/m.01388c/92-FaceId-0_align.webp,0.007604,1.0,0.1843094315059519
database3/database3/m.01389w/75-FaceId-1_align.webp,0.011085,1.0,0.1645051098823881
database3/database3/m.01389w/76-FaceId-0_align.webp,0.018887,1.0,0.1857057137251144
database3/database3/m.0138b7/49-FaceId-0_align.webp,0.173256,1.0,0.1790116542222001
database3/database3/m.0138b7/63-FaceId-0_align.webp,0.091583,1.0,0.2863618959965581
database3/database3/m.0138m1/11-FaceId-0_align.webp,0.033355,1.0,0.2137404397707885
database3/database3/m.0138m1/60-FaceId-0_align.webp,0.027664,1.0,0.168293469089882
database3/database3/m.0139rh/103-FaceId-0_align.webp,0.008771,1.0,0.1698168401709536
database3/database3/m.0139rh/5-FaceId-0_align.webp,0.009412,1.0,0.1569508028102074
database3/database3/m.013_4m/89-FaceId-0_align.webp,0.106225,1.0,0.1601084993928623
database3/database3/m.013_gz/96-FaceId-0_align.webp,0.14677,0.0,0.1887924509582883
database3/database3/m.013_tp/47-FaceId-0_align.webp,0.000171,1.0,0.2304299092763742
database3/database3/m.013b7z/45-FaceId-0_align.webp,0.025843,1.0,0.1985004023330725
database3/database3/m.013bym/61-FaceId-0_align.webp,0.110889,0.0,0.1836765036718882
database3/database3/m.013bym/65-FaceId-0_align.webp,0.249006,0.0,0.1692079997484889
database3/database3/m.013bym/66-FaceId-0_align.webp,0.288548,0.0,0.2105455595548331
database3/database3/m.013bym/71-FaceId-0_align.webp,0.115164,0.0,0.1787101371642457
database3/database3/m.013m5y/73-FaceId-0_align.webp,0.0,1.0,0.2568954096678923
database3/database3/m.013p_0/60-FaceId-0_align.webp,0.015459,1.0,0.3272551415639249
database3/database3/m.013p_j/3-FaceId-0_align.webp,0.046784,1.0,0.1978565981757352
database3/database3/m.013p_j/43-FaceId-0_align.webp,0.026287,1.0,0.1892242085643612
database3/database3/m.013p_w/1-FaceId-0_align.webp,0.045903,0.0,0.1888301418688382
database3/database3/m.013p_w/90-FaceId-1_align.webp,0.028906,0.0,0.1809944534157282
database3/database3/m.013pp3/83-FaceId-0_align.webp,0.052247,1.0,0.2386221300037092
database3/database3/m.013ppl/76-FaceId-0_align.webp,0.018885,1.0,0.1824038679210776
database3/database3/m.013q78/86-FaceId-0_align.webp,0.03,1.0,0.1965878060539361
database3/database3/m.013q8x/26-FaceId-0_align.webp,0.110943,1.0,0.2757231748194681
database3/database3/m.013q8x/42-FaceId-0_align.webp,0.056383,1.0,0.1797931834458871
database3/database3/m.013q8x/99-FaceId-0_align.webp,0.005069,1.0,0.1991482903612813
database3/database3/m.013qb0/82-FaceId-0_align.webp,0.080376,1.0,0.2164005910598655
database3/database3/m.013qb0/94-FaceId-0_align.webp,0.14541,1.0,0.1978000172596761
database3/database3/m.013qjp/42-FaceId-0_align.webp,0.027503,1.0,0.1843183176633533
database3/database3/m.013qjp/83-FaceId-0_align.webp,0.014,1.0,0.1998261669126315
database3/database3/m.013qpt/31-FaceId-0_align.webp,0.020067,1.0,0.1816039115157504
database3/database3/m.013qq4/70-FaceId-0_align.webp,0.020855,1.0,0.1801075820958196
database3/database3/m.013qwl/61-FaceId-0_align.webp,0.006336,1.0,0.1838361741251435
database3/database3/m.013qwy/18-FaceId-0_align.webp,0.050242,1.0,0.1834804898083719
database3/database3/m.013qy3/30-FaceId-0_align.webp,0.004735,1.0,0.2866918987384707
database3/database3/m.013qy3/92-FaceId-0_align.webp,0.026678,1.0,0.1853875056094496
database3/database3/m.013qyh/56-FaceId-1_align.webp,0.057576,1.0,0.4411853064456313
database3/database3/m.013r6h/27-FaceId-0_align.webp,0.054123,1.0,0.1466783697977254
database3/database3/m.013r6h/46-FaceId-0_align.webp,0.123792,1.0,0.3876971068171042
database3/database3/m.013s1b/47-FaceId-0_align.webp,0.148289,1.0,0.2714929949542181
database3/database3/m.013s1t/21-FaceId-0_align.webp,0.005317,1.0,0.1981698066097486
database3/database3/m.013s3/75-FaceId-0_align.webp,0.061568,1.0,0.2966765242398541
database3/database3/m.013s6x/6-FaceId-0_align.webp,0.031839,1.0,0.1867325271751315
database3/database3/m.013s8s/33-FaceId-0_align.webp,0.074629,0.0,0.1684618101379095
database3/database3/m.013sjh/7-FaceId-0_align.webp,0.189385,1.0,0.2383495396927561
database3/database3/m.013t9y/12-FaceId-0_align.webp,0.013435,1.0,0.2616865510871435
database3/database3/m.013tjc/54-FaceId-0_align.webp,0.0,1.0,0.2365048409764701
database3/database3/m.013tjc/56-FaceId-0_align.webp,0.015964,1.0,0.1876292609553177
database3/database3/m.013v12/3-FaceId-0_align.webp,0.018587,1.0,0.1877398879824467
database3/database3/m.013v12/7-FaceId-0_align.webp,0.019979,1.0,0.1909584448504838
database3/database3/m.013v5j/57-FaceId-0_align.webp,0.119854,0.0,0.1682776562551759
database3/database3/m.013vdl/109-FaceId-0_align.webp,0.167747,0.0,0.1532185681591572
database3/database3/m.013vdl/32-FaceId-0_align.webp,0.021263,0.0,0.1717006343625468
database3/database3/m.013vtr/20-FaceId-0_align.webp,0.015954,1.0,0.1927321537506581
database3/database3/m.013w7j/20-FaceId-0_align.webp,0.009375,1.0,0.2793207855627088
database3/database3/m.013w7j/32-FaceId-0_align.webp,0.001151,1.0,0.2032384355883189
database3/database3/m.013w7j/64-FaceId-0_align.webp,0.008592,1.0,0.3056402057455354
database3/database3/m.013w8h/4-FaceId-0_align.webp,0.094597,1.0,0.1798023659867181
database3/database3/m.013wt0/40-FaceId-1_align.webp,0.123008,0.0,0.1964355393402295
database3/database3/m.013wz9/26-FaceId-0_align.webp,0.18678,0.0,0.197364318396372
database3/database3/m.013wz9/73-FaceId-0_align.webp,0.219059,0.0,0.2107485650222103
database3/database3/m.013xhr/100-FaceId-0_align.webp,0.00219,1.0,0.219495768227464
database3/database3/m.013xhr/23-FaceId-0_align.webp,0.015916,1.0,0.1948005955384165
database3/database3/m.013xhr/24-FaceId-0_align.webp,0.064866,1.0,0.1756361027483091
database3/database3/m.013xhr/33-FaceId-0_align.webp,0.013765,1.0,0.3208204831333802
database3/database3/m.013xhr/42-FaceId-0_align.webp,0.02596,1.0,0.2566778925495286
database3/database3/m.013xs1/10-FaceId-0_align.webp,0.059547,1.0,0.1665151865100375
database3/database3/m.013y2b/23-FaceId-0_align.webp,0.154363,0.0,0.1767515192893545
database3/database3/m.013y2b/32-FaceId-0_align.webp,0.092369,0.0,0.1712531182387197
database3/database3/m.013y2b/66-FaceId-0_align.webp,0.108782,0.0,0.1748870333016269
database3/database3/m.013y2s/40-FaceId-0_align.webp,0.026989,0.0,0.1740003512997235
database3/database3/m.013y2s/73-FaceId-0_align.webp,0.075667,0.0,0.1809031535700497
database3/database3/m.013yd0/51-FaceId-0_align.webp,0.167678,0.0,0.1811350042195512
database3/database3/m.013yd0/92-FaceId-0_align.webp,0.096098,0.0,0.1653185799215037
database3/database3/m.013ykk/37-FaceId-0_align.webp,0.042458,0.0,0.1992770429170252
database3/database3/m.013ykx/9-FaceId-0_align.webp,0.117351,0.0,0.1822326737844001
database3/database3/m.013ylm/42-FaceId-0_align.webp,0.120671,0.0,0.2030393652849088
database3/database3/m.013ylm/97-FaceId-0_align.webp,0.133134,0.0,0.1976946474237193
database3/database3/m.013yvd/37-FaceId-0_align.webp,0.027946,1.0,0.1691018620287819
database3/database3/m.013yvd/75-FaceId-0_align.webp,0.027604,1.0,0.1756078255002444
database3/database3/m.013yyq/27-FaceId-0_align.webp,0.014857,1.0,0.2220724155780251
database3/database3/m.013yyq/44-FaceId-0_align.webp,0.06122,1.0,0.6002284264569235
database3/database3/m.013yyq/48-FaceId-0_align.webp,0.11735,1.0,0.2298083635629757
database3/database3/m.013zjz/16-FaceId-0_align.webp,0.071353,1.0,0.2284541877069434
database3/database3/m.013zm7/89-FaceId-0_align.webp,0.144683,1.0,0.2178881380697599
database3/database3/m.013zpf/72-FaceId-0_align.webp,0.0,0.0,0.3252981462267884
database3/database3/m.013zpf/88-FaceId-0_align.webp,0.169008,0.0,0.1818321193947237
database3/database3/m.013zr7/15-FaceId-0_align.webp,0.062795,1.0,0.1750299391617054
database3/database3/m.013zs9/83-FaceId-0_align.webp,0.33489,0.0,0.2206854092738432
database3/database3/m.013zyw/16-FaceId-0_align.webp,0.043076,1.0,0.1608201505097936
database3/database3/m.013zyw/19-FaceId-0_align.webp,0.020445,1.0,0.1514483391380752
database3/database3/m.013zyw/21-FaceId-0_align.webp,0.01715,1.0,0.1598795033762638
database3/database3/m.01400g/101-FaceId-0_align.webp,0.057026,0.0,0.2553327692173014
database3/database3/m.01400g/117-FaceId-0_align.webp,0.219786,0.0,0.2388431195557798
database3/database3/m.01400g/31-FaceId-0_align.webp,0.04717,0.0,0.183755427480116
database3/database3/m.01400g/47-FaceId-0_align.webp,0.103943,0.0,0.1835340752587551
database3/database3/m.014029/72-FaceId-0_align.webp,0.164078,0.0,0.1577533759612114
database3/database3/m.0140ly/8-FaceId-0_align.webp,0.018837,1.0,0.168255841262853
database3/database3/m.0140v2/84-FaceId-0_align.webp,0.185102,1.0,0.372836815123087
database3/database3/m.0141qv/12-FaceId-0_align.webp,0.026897,1.0,0.1816213131534865
database3/database3/m.0142n8/3-FaceId-0_align.webp,0.193323,1.0,0.1560401073053771
database3/database3/m.0142n8/5-FaceId-0_align.webp,0.020679,1.0,0.2047155932875608
database3/database3/m.0142sv/3-FaceId-0_align.webp,0.0,1.0,0.1429662234377502
database3/database3/m.0142sv/32-FaceId-0_align.webp,0.0,1.0,0.1469550513754941
database3/database3/m.01433m/64-FaceId-0_align.webp,0.03742,0.0,0.2711243322619681
database3/database3/m.0143sn/66-FaceId-0_align.webp,0.02374,1.0,0.1966474144166892
database3/database3/m.0143wl/30-FaceId-0_align.webp,0.034923,1.0,0.2073896373912608
database3/database3/m.0143wl/81-FaceId-0_align.webp,0.051966,1.0,0.2183093584207194
database3/database3/m.014488/3-FaceId-0_align.webp,0.020128,1.0,0.1664284545166983
database3/database3/m.01449w/57-FaceId-0_align.webp,0.017199,1.0,0.3062789908156182
database3/database3/m.01449w/80-FaceId-0_align.webp,0.016942,1.0,0.2407257453632901
database3/database3/m.01449w/99-FaceId-0_align.webp,0.011762,1.0,0.2666803863818618
database3/database3/m.0144_b/77-FaceId-0_align.webp,0.037923,1.0,0.1651083192846547
database3/database3/m.0144_b/99-FaceId-0_align.webp,0.002226,1.0,0.1818365753083587
database3/database3/m.0144k5/45-FaceId-0_align.webp,0.060457,0.0,0.180748035212581
database3/database3/m.0144k5/53-FaceId-0_align.webp,0.099321,0.0,0.1974489041168539
database3/database3/m.0144k5/58-FaceId-0_align.webp,0.088277,0.0,0.1756013454544369
database3/database3/m.0144k5/85-FaceId-0_align.webp,0.078258,0.0,0.2084088581514083
database3/database3/m.014508/74-FaceId-0_align.webp,0.033711,1.0,0.19090221097908
database3/database3/m.0146fs/16-FaceId-0_align.webp,0.00871,1.0,0.1822151959222222
database3/database3/m.0147cn/44-FaceId-0_align.webp,0.171045,1.0,0.2080394625420895
database3/database3/m.0147cn/79-FaceId-0_align.webp,0.059428,1.0,0.2248480394255444
database3/database3/m.0147jt/99-FaceId-0_align.webp,0.019999,1.0,0.1989485333431121
database3/database3/m.0147qz/78-FaceId-0_align.webp,0.010623,1.0,0.2213375981699752
database3/database3/m.01480y/76-FaceId-0_align.webp,0.0,1.0,0.1621870409030133
database3/database3/m.0148_m/52-FaceId-0_align.webp,0.01178,1.0,0.2207270712094287
database3/database3/m.0148m9/58-FaceId-0_align.webp,0.040365,1.0,0.1823497312428195
database3/database3/m.0148qq/63-FaceId-1_align.webp,0.082134,1.0,0.2667575237314222
database3/database3/m.0148x0/17-FaceId-0_align.webp,0.195787,0.0,0.201231919297179
database3/database3/m.014902/18-FaceId-0_align.webp,0.02167,1.0,0.2037166893715674
database3/database3/m.01491d/96-FaceId-0_align.webp,0.018562,1.0,0.1684951576814434
database3/database3/m.014936/66-FaceId-0_align.webp,0.009581,0.0,0.1882440789557072
database3/database3/m.0149k5/29-FaceId-0_align.webp,0.022158,1.0,0.1875042091860307
database3/database3/m.0149k5/81-FaceId-0_align.webp,0.042078,1.0,0.280911574725685
database3/database3/m.0149vp/23-FaceId-0_align.webp,0.153482,1.0,0.0636543885593185
database3/database3/m.0149vp/3-FaceId-0_align.webp,0.055794,1.0,0.1875111529538777
database3/database3/m.0149vp/63-FaceId-0_align.webp,0.126629,1.0,0.217767973121121
database3/database3/m.0149wl/102-FaceId-0_align.webp,0.022928,1.0,0.2502109967940615
database3/database3/m.0149wl/45-FaceId-0_align.webp,0.024169,1.0,0.2855088449266272
database3/database3/m.0149xx/94-FaceId-0_align.webp,0.042337,1.0,0.2526946998941459
database3/database3/m.014_1g/72-FaceId-0_align.webp,0.019311,0.0,0.186125911288062
database3/database3/m.014_1g/8-FaceId-0_align.webp,0.209769,0.0,0.2134856178182295
database3/database3/m.014_4y/6-FaceId-0_align.webp,0.048047,1.0,0.1848440194692992
database3/database3/m.014_sl/106-FaceId-0_align.webp,0.23715,0.0,0.2108764653036073
database3/database3/m.014_sl/74-FaceId-0_align.webp,0.390836,0.0,0.1759675716991982
database3/database3/m.014bn_/16-FaceId-0_align.webp,0.037637,1.0,0.1726172334039828
database3/database3/m.014bn_/85-FaceId-1_align.webp,0.012813,1.0,0.1832580782531442
database3/database3/m.014bps/75-FaceId-0_align.webp,0.000105,1.0,0.2139607670956039
database3/database3/m.014byr/85-FaceId-0_align.webp,0.140079,1.0,0.232193908410427
database3/database3/m.014bz_/33-FaceId-0_align.webp,0.044503,1.0,0.2029889022839579
database3/database3/m.014c0y/76-FaceId-0_align.webp,0.175143,1.0,0.2033177901266554
database3/database3/m.014c40/62-FaceId-0_align.webp,0.041412,1.0,0.2631777927476988
database3/database3/m.014c40/70-FaceId-0_align.webp,0.059838,1.0,0.1847151175574858
database3/database3/m.014cq/6-FaceId-0_align.webp,0.092137,1.0,0.180123928177204
database3/database3/m.014cq/86-FaceId-0_align.webp,0.009035,1.0,0.2230167154507972
database3/database3/m.014cw2/26-FaceId-0_align.webp,0.010138,1.0,0.17408348851881
database3/database3/m.014cw2/50-FaceId-0_align.webp,0.006571,1.0,0.1791427548912276
database3/database3/m.014d0v/117-FaceId-0_align.webp,0.00171,1.0,0.1844943821218699
database3/database3/m.014d0v/5-FaceId-0_align.webp,0.0,1.0,0.1393583877492418
database3/database3/m.014d0v/76-FaceId-0_align.webp,0.001899,1.0,0.1806241817851422
database3/database3/m.014d15/7-FaceId-0_align.webp,0.067756,1.0,0.209018829652245
database3/database3/m.014d3/12-FaceId-0_align.webp,0.002261,1.0,0.1821083158127391
database3/database3/m.014d3/72-FaceId-0_align.webp,0.018566,1.0,0.174228126953568
database3/database3/m.014d3y/82-FaceId-0_align.webp,0.033512,0.0,0.6070960112572409
database3/database3/m.014dg1/103-FaceId-0_align.webp,0.026524,1.0,0.1785049860421851
database3/database3/m.014dg1/51-FaceId-0_align.webp,0.001679,1.0,0.20713317136804
database3/database3/m.014dg1/65-FaceId-0_align.webp,0.0,1.0,0.1451053750277254
database3/database3/m.014dg1/7-FaceId-0_align.webp,0.01106,1.0,0.2095030626177806
database3/database3/m.014dg1/86-FaceId-0_align.webp,0.019596,1.0,0.1951005091237106
database3/database3/m.014dm6/105-FaceId-0_align.webp,0.23153,1.0,0.196430379256063
database3/database3/m.014dy_/50-FaceId-0_align.webp,0.069776,1.0,0.1301788847763299
database3/database3/m.014dy_/73-FaceId-0_align.webp,0.01239,1.0,0.1701750619138233
database3/database3/m.014f8k/25-FaceId-0_align.webp,0.24634,0.0,0.1779104459093849
database3/database3/m.014f8k/9-FaceId-0_align.webp,0.182534,0.0,0.1815093933729976
database3/database3/m.014fcb/0-FaceId-0_align.webp,0.028343,1.0,0.1884384752228277
database3/database3/m.014fd7/98-FaceId-0_align.webp,0.096652,1.0,0.2030390434334886
database3/database3/m.014g17/1-FaceId-0_align.webp,0.005705,1.0,0.1985095637327551
database3/database3/m.014g17/9-FaceId-0_align.webp,0.079641,1.0,0.2611512510729961
database3/database3/m.014g22/90-FaceId-0_align.webp,0.35161,0.0,0.2275594955732177
database3/database3/m.014g6c/86-FaceId-0_align.webp,0.02888,1.0,0.1956877392890176
database3/database3/m.014g6v/43-FaceId-0_align.webp,0.001902,1.0,0.1790042520807545
database3/database3/m.014g79/86-FaceId-0_align.webp,0.049609,1.0,0.202513454579941
database3/database3/m.014g8p/48-FaceId-0_align.webp,0.000256,1.0,0.2378886372936268
database3/database3/m.014g9y/12-FaceId-0_align.webp,0.038159,0.0,0.1896137899606916
database3/database3/m.014g_f/26-FaceId-0_align.webp,0.000817,1.0,0.1281584123048308
database3/database3/m.014g_f/35-FaceId-0_align.webp,0.001771,1.0,0.1835103585801683
database3/database3/m.014gf8/102-FaceId-0_align.webp,0.00204,1.0,0.4875608780647196
database3/database3/m.014gf8/28-FaceId-0_align.webp,0.018311,1.0,0.159052110595455
database3/database3/m.014gf8/69-FaceId-0_align.webp,0.050273,1.0,0.1931623573630091
database3/database3/m.014gf8/9-FaceId-0_align.webp,0.034223,1.0,0.1834131121483357
database3/database3/m.014gsd/79-FaceId-0_align.webp,0.118598,1.0,0.215420792922878
database3/database3/m.014h_s/80-FaceId-0_align.webp,0.173494,0.0,0.1928375590346518
database3/database3/m.014hlm/54-FaceId-0_align.webp,0.078394,0.0,0.1761202440089295
database3/database3/m.014hmv/53-FaceId-1_align.webp,0.0,1.0,0.1928074835481974
database3/database3/m.014j8m/72-FaceId-0_align.webp,0.0057,1.0,0.2045236729480681
database3/database3/m.014jb8/10-FaceId-0_align.webp,0.009911,1.0,0.3082443250239363
database3/database3/m.014jk0/16-FaceId-0_align.webp,0.026202,1.0,0.2565106838558063
database3/database3/m.014jk0/61-FaceId-0_align.webp,0.011335,1.0,0.5
database3/database3/m.014jk0/74-FaceId-0_align.webp,0.003357,1.0,0.3570759435198364
database3/database3/m.014jxq/20-FaceId-0_align.webp,0.165895,0.0,0.1966346621723439
database3/database3/m.014jxq/43-FaceId-0_align.webp,0.136492,0.0,0.1517245985673525
database3/database3/m.014jy6/23-FaceId-0_align.webp,0.150311,1.0,0.3111544133447946
database3/database3/m.014jy6/50-FaceId-0_align.webp,0.042148,1.0,0.1826131676283749
database3/database3/m.014jy6/97-FaceId-0_align.webp,0.061362,1.0,0.2724411380794822
database3/database3/m.014k1v/95-FaceId-3_align.webp,0.133686,1.0,0.2700601581046692
database3/database3/m.014k2p/25-FaceId-0_align.webp,0.315824,1.0,0.2115588958825445
database3/database3/m.014kbz/16-FaceId-0_align.webp,0.028027,1.0,0.1914731815833472
database3/database3/m.014kbz/22-FaceId-0_align.webp,0.028933,1.0,0.1949708542129494
database3/database3/m.014kbz/81-FaceId-0_align.webp,0.006506,1.0,0.1999926220523238
database3/database3/m.014kxv/1-FaceId-0_align.webp,0.013313,1.0,0.1760568153356751
database3/database3/m.014kxv/11-FaceId-0_align.webp,0.053384,1.0,0.1509305301324369
database3/database3/m.014lb1/14-FaceId-2_align.webp,0.000111,0.0,0.1690072392361597
database3/database3/m.014lb1/47-FaceId-0_align.webp,0.167631,0.0,0.1751743007144573
database3/database3/m.014lb1/62-FaceId-1_align.webp,0.053145,0.0,0.1653068260031782
database3/database3/m.014lyb/65-FaceId-0_align.webp,0.056831,1.0,0.1891892826597036
database3/database3/m.014m_1/70-FaceId-0_align.webp,0.018552,1.0,0.1840016786076353
database3/database3/m.014mvy/17-FaceId-0_align.webp,0.196734,1.0,0.2458076428214675
database3/database3/m.014mvy/58-FaceId-0_align.webp,0.218895,1.0,0.2585708303211315
database3/database3/m.014n_k/48-FaceId-0_align.webp,0.006557,1.0,0.1926739824429026
database3/database3/m.014n_k/70-FaceId-0_align.webp,0.029858,1.0,0.1741973523415371
database3/database3/m.014nfw/87-FaceId-0_align.webp,0.123499,0.0,0.1773544824401151
database3/database3/m.014p33/83-FaceId-2_align.webp,0.084076,0.0,0.1690998336888314
database3/database3/m.014p33/87-FaceId-0_align.webp,0.07546,0.0,0.1833817951414041
database3/database3/m.014ptb/14-FaceId-1_align.webp,0.016295,1.0,0.2373035336811061
database3/database3/m.014ptb/5-FaceId-0_align.webp,0.001038,1.0,0.2894485973291607
database3/database3/m.014ptb/50-FaceId-0_align.webp,0.185526,1.0,0.1825551976694943
database3/database3/m.014pxk/118-FaceId-0_align.webp,0.227914,1.0,0.2760840449367189
database3/database3/m.014pys/19-FaceId-0_align.webp,0.047245,1.0,0.2800039755190857
database3/database3/m.014pzz/110-FaceId-0_align.webp,0.13041,0.0,0.1707749300045344
database3/database3/m.014qjt/47-FaceId-0_align.webp,0.002851,1.0,0.2001159970525373
database3/database3/m.014r6r/81-FaceId-0_align.webp,0.091441,0.0,0.172774878704319
database3/database3/m.014s81/3-FaceId-0_align.webp,0.077926,1.0,0.2145487804133972
database3/database3/m.014sj7/7-FaceId-0_align.webp,0.074577,1.0,0.2189015495299826
database3/database3/m.014skb/4-FaceId-0_align.webp,0.096076,0.0,0.1873824576037357
database3/database3/m.014skb/53-FaceId-0_align.webp,0.075066,0.0,0.1861218751973603
database3/database3/m.014skb/55-FaceId-0_align.webp,0.080414,0.0,0.191248436109694
database3/database3/m.014v1q/8-FaceId-1_align.webp,0.038359,1.0,0.2140314010378325
database3/database3/m.014v6x/16-FaceId-0_align.webp,0.159906,0.0,0.1745308049824191
database3/database3/m.014v6x/20-FaceId-0_align.webp,0.306955,0.0,0.194589106425556
database3/database3/m.014v6x/88-FaceId-0_align.webp,0.075191,0.0,0.1551409461153715
database3/database3/m.014vbq/60-FaceId-0_align.webp,0.005701,1.0,0.2999492022144015
database3/database3/m.014vnb/46-FaceId-0_align.webp,0.027126,1.0,0.1872122908005528
database3/database3/m.014vnb/51-FaceId-0_align.webp,0.043084,1.0,0.1848447167477508
database3/database3/m.014vtj/100-FaceId-0_align.webp,0.000679,1.0,0.1937654538204907
database3/database3/m.014wsb/38-FaceId-0_align.webp,0.106862,1.0,0.1846699235612927
database3/database3/m.014x0w/28-FaceId-0_align.webp,0.353028,0.0,0.3662110953882282
database3/database3/m.014x0w/74-FaceId-0_align.webp,0.177523,0.0,0.1824252572655962
database3/database3/m.014x0w/96-FaceId-0_align.webp,0.217684,0.0,0.1962470235797356
database3/database3/m.014xn7/100-FaceId-0_align.webp,0.007084,1.0,0.1667695443005257
database3/database3/m.014xn7/42-FaceId-0_align.webp,0.003105,1.0,0.1858468428982149
database3/database3/m.014xr2/5-FaceId-0_align.webp,0.387134,0.0,0.264280852350855
database3/database3/m.014xr2/87-FaceId-0_align.webp,0.341771,0.0,0.2239811250757113
database3/database3/m.014xzx/93-FaceId-0_align.webp,0.351892,1.0,0.2296452157833901
database3/database3/m.014y6/74-FaceId-0_align.webp,0.012495,1.0,0.1851673027898272
database3/database3/m.014y6/95-FaceId-0_align.webp,0.006882,1.0,0.2036310220129987
database3/database3/m.014y7g/1-FaceId-0_align.webp,0.005692,1.0,0.186540839526019
database3/database3/m.014z8v/77-FaceId-0_align.webp,0.004141,1.0,0.1865917285130798
database3/database3/m.014zfs/76-FaceId-0_align.webp,0.024924,1.0,0.1927713266898998
database3/database3/m.014zxh/99-FaceId-0_align.webp,0.008633,1.0,0.3383709096801139
database3/database3/m.014zy/105-FaceId-0_align.webp,0.175949,1.0,0.2353939693778318
database3/database3/m.014zy/22-FaceId-0_align.webp,0.048224,1.0,0.220964903535089
database3/database3/m.014zy/56-FaceId-0_align.webp,0.135716,1.0,0.3310033233475932
database3/database3/m.015076/99-FaceId-0_align.webp,0.0064,1.0,0.2865522441208539
database3/database3/m.01507p/0-FaceId-0_align.webp,0.067522,1.0,0.1982317567526397
database3/database3/m.01509x/60-FaceId-0_align.webp,0.015557,1.0,0.1965409206796509
database3/database3/m.0150bp/103-FaceId-0_align.webp,0.041675,0.0,0.1674286217937932
database3/database3/m.0150j5/31-FaceId-0_align.webp,0.003889,1.0,0.1643445881647827
database3/database3/m.0150j5/4-FaceId-0_align.webp,0.006229,1.0,0.1723477127668949
database3/database3/m.0150j5/71-FaceId-0_align.webp,0.062123,1.0,0.1927827555830376
database3/database3/m.0150j5/81-FaceId-0_align.webp,0.001136,1.0,0.1383558277507365
database3/database3/m.0150j5/86-FaceId-0_align.webp,0.002669,1.0,0.1729966840312508
database3/database3/m.0150m1/111-FaceId-0_align.webp,0.023781,1.0,0.2074379051177695
database3/database3/m.0150m1/13-FaceId-0_align.webp,0.071346,1.0,0.1852643069071907
database3/database3/m.0150mg/0-FaceId-0_align.webp,0.057671,1.0,0.3325409640150562
database3/database3/m.0150mg/69-FaceId-0_align.webp,0.220147,1.0,0.2236773698659889
database3/database3/m.0150mg/88-FaceId-0_align.webp,0.14546,1.0,0.217270345149903
database3/database3/m.0150mg/97-FaceId-0_align.webp,0.078806,1.0,0.1988897349119024
database3/database3/m.0150rl/42-FaceId-0_align.webp,0.016396,0.0,0.1662456597642722
database3/database3/m.0150t6/36-FaceId-0_align.webp,0.017669,1.0,0.1726274661991314
database3/database3/m.0150t6/41-FaceId-0_align.webp,0.022058,1.0,0.1596041274370933
database3/database3/m.0150t6/63-FaceId-0_align.webp,0.015119,1.0,0.1972723533263002
database3/database3/m.01519n/21-FaceId-0_align.webp,0.389316,0.0,0.2497178376111212
database3/database3/m.01519n/69-FaceId-0_align.webp,0.017235,0.0,0.1902978521343713
database3/database3/m.0151fv/54-FaceId-0_align.webp,0.017876,0.0,0.1719693818845681
database3/database3/m.0151fv/90-FaceId-0_align.webp,0.296844,0.0,0.2056397966235787
database3/database3/m.0151fv/94-FaceId-0_align.webp,0.121468,0.0,0.2455414141156062
database3/database3/m.0151n1/16-FaceId-0_align.webp,0.044648,1.0,0.190664380181434
database3/database3/m.0151n1/26-FaceId-0_align.webp,0.101903,1.0,0.2000457283073002
database3/database3/m.0151n1/29-FaceId-0_align.webp,0.049938,1.0,0.233093512545396
database3/database3/m.0151n1/36-FaceId-0_align.webp,0.038201,1.0,0.2135535842349687
database3/database3/m.0151n1/53-FaceId-0_align.webp,0.021607,1.0,0.2356874240124061
database3/database3/m.0151p8/29-FaceId-0_align.webp,0.003452,1.0,0.1525764808277355
database3/database3/m.0151xv/30-FaceId-0_align.webp,0.007121,1.0,0.1955462611720243
database3/database3/m.0151xv/44-FaceId-0_align.webp,0.021629,1.0,0.1951955793629718
database3/database3/m.0151xv/88-FaceId-0_align.webp,0.006779,1.0,0.2108237816745563
database3/database3/m.0151zx/92-FaceId-0_align.webp,0.043036,1.0,0.2522054616659829
database3/database3/m.0152cw/42-FaceId-0_align.webp,0.083199,0.0,0.1717498448313211
database3/database3/m.0152xn/72-FaceId-0_align.webp,0.043462,1.0,0.2404130795817576
database3/database3/m.015302/4-FaceId-0_align.webp,0.000416,1.0,0.1612229175209246
database3/database3/m.0153dp/1-FaceId-0_align.webp,0.039324,1.0,0.1985537609263182
database3/database3/m.0153dp/88-FaceId-0_align.webp,0.057869,1.0,0.1739706254991708
database3/database3/m.0153vt/1-FaceId-0_align.webp,0.335303,1.0,0.1881284885687463
database3/database3/m.0153vt/81-FaceId-0_align.webp,0.087285,1.0,0.2202153562143024
database3/database3/m.0153y1/16-FaceId-0_align.webp,0.166114,0.0,0.1854012938493498
database3/database3/m.01541z/117-FaceId-0_align.webp,0.111734,0.0,0.1869156074796998
database3/database3/m.01547g/3-FaceId-0_align.webp,0.153164,0.0,0.1824262961510893
database3/database3/m.01547g/73-FaceId-0_align.webp,0.246081,0.0,0.1836411019660752
database3/database3/m.0154d7/52-FaceId-0_align.webp,0.115018,1.0,0.2134473720481312
database3/database3/m.0154ff/10-FaceId-0_align.webp,0.121913,0.0,0.1751529315852457
database3/database3/m.0154hr/101-FaceId-0_align.webp,0.090433,0.0,0.2026151185037993
database3/database3/m.0154hr/109-FaceId-0_align.webp,0.038439,0.0,0.2172218794935801
database3/database3/m.0154hr/18-FaceId-0_align.webp,0.07836,0.0,0.2307184684445958
database3/database3/m.0154hr/28-FaceId-0_align.webp,0.045785,0.0,0.1878147828350647
database3/database3/m.0154s9/24-FaceId-0_align.webp,0.052837,1.0,0.1679697049493723
database3/database3/m.0154x6/57-FaceId-0_align.webp,0.061779,0.0,0.1802303968503567
database3/database3/m.01552j/40-FaceId-0_align.webp,0.017747,1.0,0.1831764149099126
database3/database3/m.01558d/79-FaceId-0_align.webp,0.014812,1.0,0.1390131614998805
database3/database3/m.01558d/8-FaceId-0_align.webp,0.124089,1.0,0.183201231715697
database3/database3/m.0155zp/26-FaceId-0_align.webp,0.000547,1.0,0.1859920187759588
database3/database3/m.0155zp/7-FaceId-0_align.webp,0.015991,1.0,0.1803934488097128
database3/database3/m.0155zp/79-FaceId-0_align.webp,0.02849,1.0,0.2327076369432647
database3/database3/m.0155zp/88-FaceId-0_align.webp,0.072148,1.0,0.1911234698204872
database3/database3/m.0156dg/11-FaceId-0_align.webp,0.153809,0.0,0.2156029827451365
database3/database3/m.0156dg/2-FaceId-0_align.webp,0.144571,0.0,0.2262573891444117
database3/database3/m.0156y1/31-FaceId-0_align.webp,0.047284,1.0,0.1851236949290697
database3/database3/m.01574b/45-FaceId-0_align.webp,0.070647,0.0,0.1989210594756093
database3/database3/m.015796/86-FaceId-0_align.webp,0.081944,0.0,0.1903173067668335
database3/database3/m.0157m/20-FaceId-0_align.webp,0.028257,1.0,0.1534465162570463
database3/database3/m.0157m/24-FaceId-0_align.webp,0.028454,1.0,0.1741502408800916
database3/database3/m.0157m/25-FaceId-0_align.webp,0.020124,1.0,0.1699377152353571
database3/database3/m.0157m/73-FaceId-0_align.webp,0.033963,1.0,0.1956413370270296
database3/database3/m.0157r6/22-FaceId-1_align.webp,0.0,1.0,0.2684753127182337
database3/database3/m.0157ry/29-FaceId-0_align.webp,0.027582,1.0,0.208384024433577
database3/database3/m.015882/17-FaceId-0_align.webp,0.396178,0.0,0.2002849068517761
database3/database3/m.015882/20-FaceId-0_align.webp,0.380878,0.0,0.2189499101984218
database3/database3/m.015882/75-FaceId-0_align.webp,0.386665,0.0,0.2269363085875697
database3/database3/m.0158r2/73-FaceId-0_align.webp,0.173377,0.0,0.1817543036962634
database3/database3/m.01598m/79-FaceId-0_align.webp,0.475474,0.0,0.2172973897171632
database3/database3/m.0159wm/104-FaceId-0_align.webp,0.007308,1.0,0.1448055639699645
database3/database3/m.0159wm/9-FaceId-0_align.webp,0.002891,1.0,0.1286943255295598
database3/database3/m.015_44/31-FaceId-0_align.webp,0.062168,0.0,0.1816777531339439
database3/database3/m.015_44/64-FaceId-0_align.webp,0.356589,0.0,0.2369940192374947
database3/database3/m.015_44/84-FaceId-0_align.webp,0.3229,0.0,0.2357256709852685
database3/database3/m.015b67/34-FaceId-0_align.webp,0.034996,1.0,0.1819463180488769
database3/database3/m.015bhj/103-FaceId-1_align.webp,0.041754,1.0,0.0
database3/database3/m.015bhj/70-FaceId-0_align.webp,0.00385,1.0,0.182514278051552
database3/database3/m.015bnf/68-FaceId-0_align.webp,0.066968,0.0,0.1851159529602559
database3/database3/m.015brk/18-FaceId-0_align.webp,0.023166,1.0,0.2143814603348785
database3/database3/m.015bw2/110-FaceId-0_align.webp,0.01319,1.0,0.188980140944911
database3/database3/m.015bw2/40-FaceId-0_align.webp,0.013047,1.0,0.2153948176633723
database3/database3/m.015bw2/68-FaceId-0_align.webp,0.00956,1.0,0.2165169606137764
database3/database3/m.015c2f/3-FaceId-0_align.webp,0.072717,0.0,0.1691234293790786
database3/database3/m.015c2f/47-FaceId-0_align.webp,0.01548,0.0,0.1862564458213244
database3/database3/m.015c2f/49-FaceId-0_align.webp,0.031524,0.0,0.1956892496569456
database3/database3/m.015c2f/8-FaceId-0_align.webp,0.126031,0.0,0.1860600249893933
database3/database3/m.015c4g/7-FaceId-0_align.webp,0.000573,1.0,0.1828847111938506
database3/database3/m.015c4g/83-FaceId-0_align.webp,0.000391,1.0,0.1670146112542076
database3/database3/m.015cyn/17-FaceId-0_align.webp,0.046212,1.0,0.1880019641810583
database3/database3/m.015cyn/5-FaceId-0_align.webp,0.152464,1.0,0.1595518075973201
database3/database3/m.015czg/24-FaceId-0_align.webp,0.141052,1.0,0.2099233695766066
database3/database3/m.015d2r/66-FaceId-0_align.webp,0.064087,1.0,0.3665600900984063
database3/database3/m.015d2r/86-FaceId-0_align.webp,0.029999,1.0,0.1903995188668885
database3/database3/m.015dcj/83-FaceId-0_align.webp,0.023385,1.0,0.1959203537000701
database3/database3/m.015dgg/80-FaceId-0_align.webp,0.001775,1.0,0.2301636552451161
database3/database3/m.015djp/24-FaceId-0_align.webp,0.0,1.0,0.1612722855272733
database3/database3/m.015djp/27-FaceId-0_align.webp,0.037685,1.0,0.1972901044248644
database3/database3/m.015dk3/22-FaceId-0_align.webp,0.027592,1.0,0.1663050209480813
database3/database3/m.015dnt/38-FaceId-0_align.webp,0.001692,1.0,0.2168522465033493
database3/database3/m.015dnt/42-FaceId-1_align.webp,0.102539,1.0,0.1251890616769156
database3/database3/m.015dqj/29-FaceId-0_align.webp,0.034796,1.0,0.1893068453652875
database3/database3/m.015dsz/54-FaceId-1_align.webp,0.002756,1.0,0.1661659486398918
database3/database3/m.015dx/106-FaceId-0_align.webp,0.065832,0.0,0.1761972888851164
database3/database3/m.015dx/112-FaceId-0_align.webp,0.282009,0.0,0.1909940071912076
database3/database3/m.015dx/117-FaceId-0_align.webp,0.154935,0.0,0.1575061501429583
database3/database3/m.015dx/16-FaceId-0_align.webp,0.065933,0.0,0.1947262297367365
database3/database3/m.015dx/75-FaceId-0_align.webp,0.127561,0.0,0.20183527979875
database3/database3/m.015dz8/51-FaceId-0_align.webp,0.051527,1.0,0.1768994064199834
database3/database3/m.015f6_/9-FaceId-0_align.webp,0.050822,1.0,0.2002527334334234
database3/database3/m.015fxn/110-FaceId-1_align.webp,0.050721,0.0,0.1692413448509416
database3/database3/m.015fyd/19-FaceId-0_align.webp,0.055834,0.0,0.196350913112721
database3/database3/m.015g36/86-FaceId-0_align.webp,0.010069,0.0,0.1839630408222827
database3/database3/m.015g98/4-FaceId-0_align.webp,0.031227,1.0,0.2262998458661115
database3/database3/m.015g_7/108-FaceId-0_align.webp,0.075445,1.0,0.179196711421384
database3/database3/m.015ghl/29-FaceId-0_align.webp,0.035495,0.0,0.1732870804715713
database3/database3/m.015ghl/58-FaceId-0_align.webp,0.114793,0.0,0.142496699325772
database3/database3/m.015ghl/7-FaceId-0_align.webp,0.022651,0.0,0.1636806543336819
database3/database3/m.015gjr/36-FaceId-0_align.webp,0.054888,1.0,0.18428993520714
database3/database3/m.015gjr/40-FaceId-0_align.webp,0.045893,1.0,0.1706472861869343
database3/database3/m.015gjr/84-FaceId-0_align.webp,0.042274,1.0,0.3137385397357027
database3/database3/m.015gqm/96-FaceId-1_align.webp,0.236979,1.0,0.2448232182565212
database3/database3/m.015grj/83-FaceId-0_align.webp,0.0,1.0,0.1751277632272382
database3/database3/m.015grj/95-FaceId-0_align.webp,0.006074,1.0,0.1626130087274496
database3/database3/m.015grj/98-FaceId-0_align.webp,0.00126,1.0,0.1379944112138335
database3/database3/m.015gsv/100-FaceId-0_align.webp,0.087077,1.0,0.2244847507180487
database3/database3/m.015gsv/72-FaceId-0_align.webp,0.017745,1.0,0.1860269384968274
database3/database3/m.015gx1/70-FaceId-0_align.webp,0.056653,1.0,0.1860120183605364
database3/database3/m.015gy7/28-FaceId-0_align.webp,0.011386,1.0,0.2064215140214984
database3/database3/m.015gzc/94-FaceId-0_align.webp,0.077714,1.0,0.2081698848704631
database3/database3/m.015h25/3-FaceId-0_align.webp,0.001481,1.0,0.1573852661896942
database3/database3/m.015h7y/30-FaceId-0_align.webp,0.014431,1.0,0.2026641578801894
database3/database3/m.015htz/46-FaceId-0_align.webp,0.135648,0.0,0.1753888134298676
database3/database3/m.015j58/58-FaceId-0_align.webp,0.016994,1.0,0.1877767503107304
database3/database3/m.015j6h/20-FaceId-0_align.webp,0.005265,1.0,0.2009587416431793
database3/database3/m.015j6h/37-FaceId-0_align.webp,0.094841,1.0,0.2259082337186934
database3/database3/m.015j6y/47-FaceId-0_align.webp,0.10488,0.0,0.2305830300944334
database3/database3/m.015j6y/5-FaceId-0_align.webp,0.085053,0.0,0.1685196761213938
database3/database3/m.015j6y/73-FaceId-1_align.webp,0.12413,0.0,0.1993184385373055
database3/database3/m.015j8x/17-FaceId-0_align.webp,0.049084,1.0,0.2073575283895155
database3/database3/m.015j8x/42-FaceId-0_align.webp,0.021866,1.0,0.2822044359896496
database3/database3/m.015jjw/46-FaceId-0_align.webp,0.068702,1.0,0.2503291223282046
database3/database3/m.015jjw/69-FaceId-0_align.webp,0.113403,1.0,0.2813903401199822
database3/database3/m.015jvm/105-FaceId-0_align.webp,0.006549,1.0,0.1732292071309928
database3/database3/m.015jvm/32-FaceId-0_align.webp,0.01088,1.0,0.1647798206030636
database3/database3/m.015jvm/85-FaceId-0_align.webp,0.111985,1.0,0.2494246241995366
database3/database3/m.015k04/104-FaceId-0_align.webp,0.087765,0.0,0.1630550445740719
database3/database3/m.015k04/33-FaceId-0_align.webp,0.019732,0.0,0.1922416415735147
database3/database3/m.015k04/68-FaceId-0_align.webp,0.032064,0.0,0.1849919100381357
database3/database3/m.015k9x/19-FaceId-0_align.webp,0.079615,0.0,0.1939419206992892
database3/database3/m.015k9x/84-FaceId-0_align.webp,0.154994,0.0,0.7273446487558366
database3/database3/m.015kbd/21-FaceId-0_align.webp,0.030994,1.0,0.1612885002857104
database3/database3/m.015kbd/80-FaceId-0_align.webp,0.061754,1.0,0.3962713252089769
database3/database3/m.015khm/4-FaceId-0_align.webp,0.027803,1.0,0.1348516691051368
database3/database3/m.015klf/75-FaceId-0_align.webp,0.0,1.0,0.1476429648118881
database3/database3/m.015ksl/24-FaceId-0_align.webp,0.23069,1.0,0.2079544137255874
database3/database3/m.015ksl/26-FaceId-1_align.webp,0.043132,1.0,0.4021939098927723
database3/database3/m.015ksl/31-FaceId-0_align.webp,0.096817,1.0,0.2064168231506418
database3/database3/m.015ksl/72-FaceId-0_align.webp,0.014945,1.0,0.1854326399870055
database3/database3/m.015ksy/70-FaceId-0_align.webp,0.064697,1.0,0.1762733177041867
database3/database3/m.015ksy/90-FaceId-0_align.webp,0.039383,1.0,0.1793537966546078
database3/database3/m.015kt_/7-FaceId-0_align.webp,0.084368,1.0,0.1783291156954999
database3/database3/m.015l1l/126-FaceId-0_align.webp,0.0,1.0,0.1319721321878446
database3/database3/m.015l51/58-FaceId-0_align.webp,0.077217,1.0,0.1659405362867649
database3/database3/m.015lg2/3-FaceId-0_align.webp,0.081487,1.0,0.3225125622308697
database3/database3/m.015m2c/35-FaceId-0_align.webp,0.111821,0.0,0.2966252468668801
database3/database3/m.015m2c/62-FaceId-0_align.webp,0.107098,0.0,0.2751371034730951
database3/database3/m.015m2c/96-FaceId-0_align.webp,0.077293,0.0,0.2934210833377119
database3/database3/m.015m2v/50-FaceId-0_align.webp,0.014038,1.0,0.1944027480114099
database3/database3/m.015m_9/103-FaceId-0_align.webp,0.203457,0.0,0.2335430193489165
database3/database3/m.015m_9/23-FaceId-0_align.webp,0.194385,0.0,0.1907070420894631
database3/database3/m.015mfy/124-FaceId-0_align.webp,0.011509,1.0,0.2982990668662592
database3/database3/m.015mfy/44-FaceId-0_align.webp,0.015486,1.0,0.3066147968545644
database3/database3/m.015ncq/12-FaceId-0_align.webp,0.097302,0.0,0.1964177895506824
database3/database3/m.015ncq/15-FaceId-0_align.webp,0.108176,0.0,0.1844923395871338
database3/database3/m.015ncq/43-FaceId-0_align.webp,0.173231,0.0,0.258139242571252
database3/database3/m.015nr6/10-FaceId-0_align.webp,0.135309,0.0,0.1615202783738105
database3/database3/m.015nxw/46-FaceId-0_align.webp,0.033616,1.0,0.1891590322879993
database3/database3/m.015nz8/33-FaceId-0_align.webp,0.258768,1.0,0.2094138329143031
database3/database3/m.015p0c/3-FaceId-0_align.webp,0.047687,1.0,0.1641667660255048
database3/database3/m.015p37/5-FaceId-0_align.webp,0.024022,0.0,0.3215535666914945
database3/database3/m.015p3p/83-FaceId-3_align.webp,0.095309,1.0,0.2431965763584807
database3/database3/m.015p_p/4-FaceId-0_align.webp,0.041582,1.0,0.3160263844074696
database3/database3/m.015ph6/52-FaceId-0_align.webp,0.019715,1.0,0.1799896520686578
database3/database3/m.015ph6/9-FaceId-0_align.webp,0.017184,1.0,0.1607440131016658
database3/database3/m.015phm/91-FaceId-0_align.webp,0.017375,1.0,0.1479302514647745
database3/database3/m.015pqq/24-FaceId-0_align.webp,0.179784,0.0,0.1975470867597244
database3/database3/m.015pqq/66-FaceId-0_align.webp,0.136121,0.0,0.2939850596333621
database3/database3/m.015pqq/87-FaceId-0_align.webp,0.018013,0.0,0.2029158495962579
database3/database3/m.015pt7/51-FaceId-0_align.webp,0.127322,1.0,0.2144793320372919
database3/database3/m.015pt7/58-FaceId-0_align.webp,0.035197,1.0,0.1771859079345096
database3/database3/m.015pt7/60-FaceId-0_align.webp,0.049196,1.0,0.2676815948242187
database3/database3/m.015pvh/112-FaceId-0_align.webp,0.330281,0.0,0.2071140909895422
database3/database3/m.015px7/44-FaceId-0_align.webp,0.034165,1.0,0.175036909189802
database3/database3/m.015px7/91-FaceId-0_align.webp,0.015722,1.0,0.214319220205423
database3/database3/m.015pxr/76-FaceId-0_align.webp,0.013737,1.0,0.1796879366820485
database3/database3/m.015pxr/85-FaceId-0_align.webp,0.04711,1.0,0.2038231652789571
database3/database3/m.015pz3/26-FaceId-0_align.webp,0.029214,1.0,0.1950453453369531
database3/database3/m.015q3m/88-FaceId-0_align.webp,0.02977,1.0,0.1754081667567679
database3/database3/m.015q43/44-FaceId-0_align.webp,0.14431,0.0,0.1943437540949324
database3/database3/m.015q43/83-FaceId-0_align.webp,0.202776,0.0,0.2149039141530254
database3/database3/m.015q7v/66-FaceId-0_align.webp,0.123951,1.0,0.1984791078294994
database3/database3/m.015q7v/70-FaceId-0_align.webp,0.084162,1.0,0.1994508211224766
database3/database3/m.015q7v/74-FaceId-0_align.webp,0.166774,1.0,0.331487398130764
database3/database3/m.015q7v/95-FaceId-0_align.webp,0.114436,1.0,0.1799634202830258
database3/database3/m.015q9_/38-FaceId-0_align.webp,0.073529,1.0,0.2045025821319215
database3/database3/m.015q9_/55-FaceId-0_align.webp,0.228226,1.0,0.2097530472669151
database3/database3/m.015qgb/80-FaceId-0_align.webp,0.240744,0.0,0.238824354053178
database3/database3/m.015ql4/49-FaceId-0_align.webp,0.010843,1.0,0.1836481148703651
database3/database3/m.015ql_/79-FaceId-0_align.webp,0.076307,0.0,0.2036797297558622
database3/database3/m.015qlm/10-FaceId-0_align.webp,0.050821,0.0,0.1879816025578496
database3/database3/m.015qlm/70-FaceId-0_align.webp,0.030997,0.0,0.1864228848115449
database3/database3/m.015qpn/63-FaceId-0_align.webp,0.366396,1.0,0.1732834631483217
database3/database3/m.015qq1/36-FaceId-0_align.webp,0.022633,1.0,0.1696507671189077
database3/database3/m.015qty/73-FaceId-0_align.webp,0.019129,1.0,0.1598876769033886
database3/database3/m.015qty/74-FaceId-0_align.webp,0.007618,1.0,0.1835543619299704
database3/database3/m.015qv9/29-FaceId-0_align.webp,0.006101,1.0,0.2033124749733723
database3/database3/m.015qxn/75-FaceId-0_align.webp,0.029389,1.0,0.1684913267996308
database3/database3/m.015qxn/81-FaceId-0_align.webp,0.000968,1.0,0.2645751593564039
database3/database3/m.015qyf/14-FaceId-0_align.webp,0.032701,1.0,0.197964257602923
database3/database3/m.015qzv/12-FaceId-0_align.webp,0.03298,1.0,0.3114438088470431
database3/database3/m.015qzv/45-FaceId-0_align.webp,0.048204,1.0,0.2871483810459191
database3/database3/m.015qzv/55-FaceId-0_align.webp,0.094832,1.0,0.3583972592701837
database3/database3/m.015qzv/57-FaceId-0_align.webp,0.068867,1.0,0.2149512775446832
database3/database3/m.015r3q/35-FaceId-0_align.webp,0.001755,1.0,0.3025470812853656
database3/database3/m.015r4v/28-FaceId-0_align.webp,0.015627,1.0,0.2224403124018084
database3/database3/m.015rhv/21-FaceId-0_align.webp,0.274759,1.0,0.2654240975924061
database3/database3/m.015rmq/88-FaceId-0_align.webp,0.016982,1.0,0.1814204864723508
database3/database3/m.015t_m/31-FaceId-0_align.webp,0.0851,1.0,0.1373311738761554
database3/database3/m.015thk/1-FaceId-0_align.webp,0.117609,1.0,0.1843908123680696
database3/database3/m.015thk/47-FaceId-0_align.webp,0.223814,1.0,0.2524602928460568
database3/database3/m.015thk/89-FaceId-0_align.webp,0.010677,1.0,0.3034851164155139
database3/database3/m.015tp7/25-FaceId-0_align.webp,0.089928,1.0,0.1964941616829197
database3/database3/m.015tp7/4-FaceId-0_align.webp,0.078982,1.0,0.2059397397826344
database3/database3/m.015tv5/22-FaceId-0_align.webp,0.009031,1.0,0.2006607952563179
database3/database3/m.015tv5/54-FaceId-0_align.webp,0.027498,1.0,0.1841484342708182
database3/database3/m.015tyq/50-FaceId-0_align.webp,0.029346,1.0,0.2380592411256886
database3/database3/m.015tyq/63-FaceId-0_align.webp,0.05956,1.0,0.3206852852513627
database3/database3/m.015v98/49-FaceId-0_align.webp,0.062142,0.0,0.2132038091192329
database3/database3/m.015v98/79-FaceId-0_align.webp,0.070144,0.0,0.2160406314282749
database3/database3/m.015vql/63-FaceId-0_align.webp,0.02634,1.0,0.2088960905729379
database3/database3/m.015vyh/54-FaceId-0_align.webp,0.020372,1.0,0.1820160874253322
database3/database3/m.015wfg/59-FaceId-0_align.webp,0.021245,1.0,0.1970189653670211
database3/database3/m.015wfy/41-FaceId-0_align.webp,0.10115,1.0,0.175694190299638
database3/database3/m.015wfy/43-FaceId-0_align.webp,0.000923,1.0,0.2771465697399858
database3/database3/m.015wfy/78-FaceId-0_align.webp,0.064575,1.0,0.3016383316669682
database3/database3/m.015wfy/91-FaceId-0_align.webp,0.156,1.0,0.2810574854366245
database3/database3/m.015wgw/16-FaceId-0_align.webp,0.030553,1.0,0.1770416073920336
database3/database3/m.015wgw/5-FaceId-0_align.webp,0.079937,1.0,0.1915284886602651
database3/database3/m.015wkb/94-FaceId-0_align.webp,0.010721,1.0,0.1706683075908999
database3/database3/m.015x3n/93-FaceId-0_align.webp,0.0,0.0,0.625005771790748
database3/database3/m.015x63/126-FaceId-0_align.webp,0.077609,0.0,0.1876780841885922
database3/database3/m.015xnd/46-FaceId-0_align.webp,0.021854,1.0,0.2351349607243966
database3/database3/m.015xnd/72-FaceId-0_align.webp,0.171432,1.0,0.3542844289500173
database3/database3/m.015xsn/17-FaceId-0_align.webp,0.021828,1.0,0.2489490617380144
database3/database3/m.015xww/31-FaceId-0_align.webp,0.075773,1.0,0.1883019241920691
database3/database3/m.015xys/54-FaceId-0_align.webp,0.054138,1.0,0.1701320767150491
database3/database3/m.015y4c/42-FaceId-0_align.webp,0.097688,1.0,0.1521687939816185
database3/database3/m.015y4c/72-FaceId-0_align.webp,0.027368,1.0,0.172191583490662
database3/database3/m.015y4c/79-FaceId-0_align.webp,0.010835,1.0,0.1536060084646701
database3/database3/m.015yb0/108-FaceId-0_align.webp,0.073526,1.0,0.1649539086682231
database3/database3/m.015ybz/5-FaceId-0_align.webp,0.004767,1.0,0.3872101341781834
database3/database3/m.015yg9/69-FaceId-0_align.webp,0.021682,1.0,0.2512950597529343
database3/database3/m.015ykr/19-FaceId-0_align.webp,0.078311,0.0,0.190652683497443
database3/database3/m.015ykr/9-FaceId-0_align.webp,0.026904,0.0,0.1639107650465236
database3/database3/m.015z4j/106-FaceId-1_align.webp,0.203863,0.0,0.200059691501412
database3/database3/m.015z4j/30-FaceId-0_align.webp,0.022438,0.0,0.1763519194439614
database3/database3/m.015zj4/3-FaceId-0_align.webp,0.026859,1.0,0.2588746695835026
database3/database3/m.015zjx/34-FaceId-0_align.webp,0.188292,1.0,0.2189244383988375
database3/database3/m.015zm4/92-FaceId-0_align.webp,0.019768,1.0,0.2890547788170559
database3/database3/m.015zmm/35-FaceId-0_align.webp,0.071991,0.0,0.1859076918374643
database3/database3/m.016077/95-FaceId-0_align.webp,0.023638,1.0,0.2043763251057054
database3/database3/m.0160pf/102-FaceId-0_align.webp,0.037457,1.0,0.2043626162993474
database3/database3/m.016194/12-FaceId-0_align.webp,0.028771,1.0,0.1936060404918195
database3/database3/m.016194/6-FaceId-0_align.webp,0.025295,1.0,0.1598402869242525
database3/database3/m.0161h5/105-FaceId-0_align.webp,0.042175,0.0,0.1776937090859859
database3/database3/m.0161hn/33-FaceId-0_align.webp,0.010683,1.0,0.2497440062247344
database3/database3/m.0162c8/22-FaceId-0_align.webp,0.021055,1.0,0.2073287660042002
database3/database3/m.0162c8/71-FaceId-0_align.webp,0.041746,1.0,0.1979201540160542
database3/database3/m.0162c8/72-FaceId-0_align.webp,0.034776,1.0,0.2005263138522445
database3/database3/m.0162lw/68-FaceId-0_align.webp,0.026272,1.0,0.2001404883301304
database3/database3/m.0162n1/16-FaceId-0_align.webp,0.013549,1.0,0.3051380159257327
database3/database3/m.0162n1/17-FaceId-0_align.webp,0.15524,1.0,0.30870350815869
database3/database3/m.01635v/83-FaceId-0_align.webp,0.001023,1.0,0.1514800008102578
database3/database3/m.0163bt/91-FaceId-0_align.webp,0.100672,1.0,0.2098207099074447
database3/database3/m.0163kf/72-FaceId-0_align.webp,0.120095,0.0,0.1862912583620422
database3/database3/m.0163kf/83-FaceId-0_align.webp,0.098981,0.0,0.2227074738905575
database3/database3/m.0163rk/30-FaceId-0_align.webp,0.022552,1.0,0.1906130610120723
database3/database3/m.0163s9/24-FaceId-0_align.webp,0.074147,1.0,0.2022942782172241
database3/database3/m.0163s9/74-FaceId-0_align.webp,0.166715,1.0,0.1904297690277993
database3/database3/m.0163t3/106-FaceId-0_align.webp,0.195337,0.0,0.1909236762013973
database3/database3/m.0163t3/9-FaceId-0_align.webp,0.08181,0.0,0.1791848302345035
database3/database3/m.0163y8/74-FaceId-0_align.webp,0.077227,1.0,0.2152862060986912
database3/database3/m.0164c4/60-FaceId-0_align.webp,0.111711,0.0,0.1695184617366571
database3/database3/m.0164lp/69-FaceId-0_align.webp,0.064522,1.0,0.1663871896619759
database3/database3/m.0164lp/92-FaceId-0_align.webp,0.151037,1.0,0.3190066018420172
database3/database3/m.0164nb/3-FaceId-0_align.webp,0.089532,1.0,0.178195781501382
database3/database3/m.0164y7/34-FaceId-0_align.webp,0.005214,1.0,0.2000971118348857
database3/database3/m.0165cp/26-FaceId-0_align.webp,0.006703,0.0,0.165722456167515
database3/database3/m.0165cp/52-FaceId-0_align.webp,0.057554,0.0,0.1514937159504812
database3/database3/m.0165gc/85-FaceId-0_align.webp,0.006716,1.0,0.1657675218898761
database3/database3/m.0165gc/99-FaceId-0_align.webp,0.120842,1.0,0.1856813394822733
database3/database3/m.0165ky/57-FaceId-0_align.webp,0.015031,1.0,0.2607692662936657
database3/database3/m.0165n5/59-FaceId-0_align.webp,0.014306,0.0,0.1607644065040018
database3/database3/m.01666h/59-FaceId-0_align.webp,0.366126,0.0,0.2064350895196754
database3/database3/m.01666h/65-FaceId-0_align.webp,0.324656,0.0,0.2282417125021208
database3/database3/m.0166rp/41-FaceId-0_align.webp,0.108225,1.0,0.2011904023528528
database3/database3/m.0166rp/55-FaceId-0_align.webp,0.058677,1.0,0.2346970821002005
database3/database3/m.0166w_/52-FaceId-0_align.webp,0.055626,1.0,0.1701294525338794
database3/database3/m.0166w_/7-FaceId-0_align.webp,0.051227,1.0,0.1448498594184631
database3/database3/m.0166yl/4-FaceId-0_align.webp,0.128426,1.0,0.1784097394069745
database3/database3/m.0166yl/42-FaceId-0_align.webp,0.00821,1.0,0.1882234071675062
database3/database3/m.0166zk/13-FaceId-0_align.webp,0.040817,1.0,0.3375305275060127
database3/database3/m.0166zk/42-FaceId-0_align.webp,0.020069,1.0,0.2695149310847593
database3/database3/m.0166zk/72-FaceId-0_align.webp,0.015452,1.0,0.1899880960365539
database3/database3/m.01678_/78-FaceId-0_align.webp,0.014927,1.0,0.1666516645612488
database3/database3/m.0167h6/35-FaceId-0_align.webp,0.000892,1.0,0.1690309776577318
database3/database3/m.0167xk/87-FaceId-0_align.webp,0.035118,1.0,0.2076523246783606
database3/database3/m.016883/25-FaceId-0_align.webp,0.021581,1.0,0.1788041322475801
database3/database3/m.016883/35-FaceId-0_align.webp,0.016967,1.0,0.200497560585353
database3/database3/m.016883/79-FaceId-0_align.webp,0.042662,1.0,0.1799672666740851
database3/database3/m.0168cl/73-FaceId-0_align.webp,0.16573,1.0,0.1985426089583054
database3/database3/m.0168ql/60-FaceId-0_align.webp,0.01118,1.0,0.1314451629924976
database3/database3/m.0168vx/9-FaceId-0_align.webp,0.182986,0.0,0.1636775965980773
database3/database3/m.01693z/106-FaceId-0_align.webp,0.308514,1.0,0.237447713354063
database3/database3/m.01693z/67-FaceId-0_align.webp,0.053019,1.0,0.1616223744418738
database3/database3/m.016959/105-FaceId-0_align.webp,0.10109,1.0,0.2329109069984952
database3/database3/m.016959/51-FaceId-0_align.webp,0.067755,1.0,0.1979758227301012
database3/database3/m.0169ff/102-FaceId-0_align.webp,0.033338,1.0,0.2289506227944822
database3/database3/m.0169ff/36-FaceId-0_align.webp,0.024259,1.0,0.1878807112667533
database3/database3/m.0169ff/79-FaceId-0_align.webp,0.137366,1.0,0.1980900146658212
database3/database3/m.0169mh/14-FaceId-0_align.webp,0.084985,0.0,0.2310203971040698
database3/database3/m.0169r6/43-FaceId-0_align.webp,0.109367,0.0,0.2017773806509383
database3/database3/m.0169v2/37-FaceId-0_align.webp,0.237432,0.0,0.2160588361365277
database3/database3/m.0169v2/60-FaceId-0_align.webp,0.294775,0.0,0.2252314195697252
database3/database3/m.0169x_/12-FaceId-0_align.webp,0.169443,1.0,0.1817780667266578
database3/database3/m.016_js/82-FaceId-0_align.webp,0.00161,0.0,0.1726355141053016
database3/database3/m.016_js/90-FaceId-0_align.webp,0.074161,0.0,0.1965421306009216
database3/database3/m.016_mj/9-FaceId-0_align.webp,0.005546,1.0,0.2012220527037638
database3/database3/m.016b6z/92-FaceId-0_align.webp,0.053278,1.0,0.220241767059018
database3/database3/m.016b90/0-FaceId-0_align.webp,0.006801,1.0,0.1732311040686284
database3/database3/m.016b90/79-FaceId-0_align.webp,0.0,1.0,0.1188598687601937
database3/database3/m.016b90/8-FaceId-0_align.webp,0.046454,1.0,0.1500439503063528
database3/database3/m.016b90/93-FaceId-0_align.webp,0.01334,1.0,0.1755423402272246
database3/database3/m.016cn6/6-FaceId-0_align.webp,0.062721,1.0,0.2538656612523952
database3/database3/m.016cn6/90-FaceId-0_align.webp,0.090699,1.0,0.1976450645785467
database3/database3/m.016cz6/23-FaceId-1_align.webp,0.213677,1.0,0.5261422574260385
database3/database3/m.016db7/11-FaceId-0_align.webp,0.00104,1.0,0.2503565714435659
database3/database3/m.016dbr/42-FaceId-0_align.webp,0.02227,1.0,0.1947601546111567
database3/database3/m.016fjj/77-FaceId-0_align.webp,0.012807,1.0,0.1801826185146162
database3/database3/m.016fnv/40-FaceId-0_align.webp,0.049743,1.0,0.1864974946784373
database3/database3/m.016g29/40-FaceId-0_align.webp,0.003894,1.0,0.2338391253717002
database3/database3/m.016g29/95-FaceId-0_align.webp,0.017798,1.0,0.1462346124306584
database3/database3/m.016ggh/74-FaceId-0_align.webp,0.004674,1.0,0.1722910580428829
database3/database3/m.016ghw/12-FaceId-0_align.webp,0.035794,1.0,0.2619493863617675
database3/database3/m.016gkf/85-FaceId-0_align.webp,0.159983,1.0,0.1929590547142959
database3/database3/m.016gnp/45-FaceId-0_align.webp,0.027576,1.0,0.1840141941797801
database3/database3/m.016gnp/48-FaceId-0_align.webp,0.0,1.0,0.1952115960309232
database3/database3/m.016gr2/107-FaceId-0_align.webp,0.0,1.0,0.2280704321380717
database3/database3/m.016gr2/38-FaceId-0_align.webp,0.0,1.0,0.1616516375880012
database3/database3/m.016hgp/12-FaceId-0_align.webp,0.055372,0.0,0.1781486601395117
database3/database3/m.016hgp/32-FaceId-12_align.webp,0.159452,0.0,0.3935675883957948
database3/database3/m.016hgp/77-FaceId-4_align.webp,0.110387,0.0,0.1742867090956636
database3/database3/m.016hgp/77-FaceId-7_align.webp,0.08977,0.0,0.1772709099034655
database3/database3/m.016hgp/77-FaceId-9_align.webp,0.121788,0.0,0.1844656446070116
database3/database3/m.016hj7/88-FaceId-0_align.webp,0.028831,1.0,0.1542589735577502
database3/database3/m.016hk4/98-FaceId-0_align.webp,0.002253,1.0,0.1861998340527687
database3/database3/m.016hmf/90-FaceId-0_align.webp,0.168251,1.0,0.2058527082871145
database3/database3/m.016hrc/46-FaceId-0_align.webp,0.064797,0.0,0.2006392727133909
database3/database3/m.016htr/23-FaceId-0_align.webp,0.041326,1.0,0.1845680497276551
database3/database3/m.016htr/80-FaceId-0_align.webp,0.0,1.0,0.3356249908827787
database3/database3/m.016hvl/14-FaceId-0_align.webp,0.018608,1.0,0.2172648438355204
database3/database3/m.016hvl/79-FaceId-0_align.webp,0.027134,1.0,0.1949500037838691
database3/database3/m.016hzm/79-FaceId-0_align.webp,0.040554,1.0,0.2783164600104125
database3/database3/m.016j4q/17-FaceId-0_align.webp,0.014713,1.0,0.7049197439698429
database3/database3/m.016j4q/73-FaceId-0_align.webp,0.027874,1.0,0.3895481338782642
database3/database3/m.016j55/23-FaceId-0_align.webp,0.003044,1.0,0.2256429680717376
database3/database3/m.016j_c/80-FaceId-0_align.webp,0.167359,0.0,0.2135282329648903
database3/database3/m.016k0j/73-FaceId-0_align.webp,0.021214,0.0,0.1939543294837418
database3/database3/m.016k38/76-FaceId-0_align.webp,0.03171,1.0,0.2528087019350247
database3/database3/m.016k38/86-FaceId-0_align.webp,0.0969,1.0,0.2924433988706202
database3/database3/m.016k58/57-FaceId-0_align.webp,0.285077,0.0,0.2139835226587602
database3/database3/m.016k6x/11-FaceId-0_align.webp,0.0,1.0,0.1721180344170893
database3/database3/m.016k6x/19-FaceId-0_align.webp,0.0,1.0,0.1575768529160938
database3/database3/m.016k92/3-FaceId-0_align.webp,0.164786,1.0,0.2220018604948767
database3/database3/m.016k92/39-FaceId-0_align.webp,0.115077,1.0,0.2084904937163018
database3/database3/m.016k92/53-FaceId-0_align.webp,0.124335,1.0,0.2168404836117725
database3/database3/m.016k_v/117-FaceId-0_align.webp,0.172292,0.0,0.1735832380037603
database3/database3/m.016k_v/31-FaceId-0_align.webp,0.103765,0.0,0.1818340332356579
database3/database3/m.016k_v/6-FaceId-0_align.webp,0.102662,0.0,0.1789820828931823
database3/database3/m.016kdv/96-FaceId-0_align.webp,0.10171,1.0,0.1862992598903628
database3/database3/m.016kft/30-FaceId-0_align.webp,0.094506,1.0,0.2074745871607853
database3/database3/m.016khd/116-FaceId-0_align.webp,0.014365,1.0,0.3156133313773564
database3/database3/m.016khd/18-FaceId-0_align.webp,0.045446,1.0,0.2363698439956957
database3/database3/m.016khd/77-FaceId-0_align.webp,0.016363,1.0,0.1767395896365535
database3/database3/m.016kjs/51-FaceId-0_align.webp,0.103247,1.0,0.206821811458194
database3/database3/m.016kqk/22-FaceId-0_align.webp,0.109366,1.0,0.2303708221723024
database3/database3/m.016kqk/57-FaceId-0_align.webp,0.028005,1.0,0.2359726968477895
database3/database3/m.016ksk/77-FaceId-0_align.webp,0.033554,1.0,0.266966438674045
database3/database3/m.016l53/34-FaceId-0_align.webp,0.004644,1.0,0.3294244719984596
database3/database3/m.016l_5/13-FaceId-1_align.webp,0.028409,0.0,0.3159445880235558
database3/database3/m.016l_5/23-FaceId-0_align.webp,0.13632,0.0,0.181845124611142
database3/database3/m.016l_5/69-FaceId-0_align.webp,0.067658,0.0,0.1785899387724615
database3/database3/m.016lb3/2-FaceId-0_align.webp,0.005513,1.0,0.1747821285534335
database3/database3/m.016lh0/74-FaceId-0_align.webp,0.000336,1.0,0.187651175007487
database3/database3/m.016m0v/15-FaceId-0_align.webp,0.003574,1.0,0.2857467414600766
database3/database3/m.016m0v/47-FaceId-0_align.webp,0.010823,1.0,0.2981647743141942
database3/database3/m.016m0v/48-FaceId-0_align.webp,0.006305,1.0,0.234915007772938
database3/database3/m.016mgj/22-FaceId-0_align.webp,0.177659,0.0,0.1833956419395316
database3/database3/m.016mgj/72-FaceId-0_align.webp,0.141048,0.0,0.3238498895049224
database3/database3/m.016ntp/45-FaceId-0_align.webp,0.056576,0.0,0.3821043934103004
database3/database3/m.016ntp/58-FaceId-0_align.webp,0.194583,0.0,0.2972939736939383
database3/database3/m.016ntp/78-FaceId-0_align.webp,0.262576,0.0,0.2303191858080076
database3/database3/m.016ntp/85-FaceId-0_align.webp,0.141759,0.0,0.205224767572089
database3/database3/m.016nvh/2-FaceId-0_align.webp,0.143526,1.0,0.2019109670370591
database3/database3/m.016nvy/82-FaceId-0_align.webp,0.14288,0.0,0.1817318545197411
database3/database3/m.016nws/82-FaceId-0_align.webp,0.154826,1.0,0.2506091025294244
database3/database3/m.016pns/55-FaceId-0_align.webp,0.055966,1.0,0.2126166547207574
database3/database3/m.016q0w/27-FaceId-0_align.webp,0.009996,1.0,0.1917128619515494
database3/database3/m.016q2n/25-FaceId-0_align.webp,0.030179,0.0,0.1834474570433628
database3/database3/m.016q2n/89-FaceId-0_align.webp,0.007529,0.0,0.2027477825527338
database3/database3/m.016q4_/99-FaceId-1_align.webp,0.000294,0.0,0.1740858502532918
database3/database3/m.016qrb/16-FaceId-0_align.webp,0.039165,0.0,0.1795088638816037
database3/database3/m.016qrb/78-FaceId-0_align.webp,0.145711,0.0,0.1747429605508355
database3/database3/m.016qtt/15-FaceId-0_align.webp,0.187503,1.0,0.1875169549371737
database3/database3/m.016qtt/25-FaceId-0_align.webp,0.283035,1.0,0.2000950572399696
database3/database3/m.016r3x/42-FaceId-0_align.webp,0.001242,1.0,0.1487302475867595
database3/database3/m.016r3x/44-FaceId-0_align.webp,0.007495,1.0,0.2018359127322742
database3/database3/m.016sff/35-FaceId-0_align.webp,0.025858,1.0,0.4017397994197936
database3/database3/m.016sp_/9-FaceId-0_align.webp,0.355835,1.0,0.1845345017306763
database3/database3/m.016swh/38-FaceId-0_align.webp,0.0,1.0,0.1899566100069793
database3/database3/m.016sz1/68-FaceId-0_align.webp,0.00381,1.0,0.2116816413923102
database3/database3/m.016szr/0-FaceId-0_align.webp,0.081751,1.0,0.324518381668018
database3/database3/m.016szr/31-FaceId-0_align.webp,0.150774,1.0,0.3232461792490066
database3/database3/m.016t00/27-FaceId-0_align.webp,0.010723,1.0,0.2106919247405613
database3/database3/m.016t00/29-FaceId-0_align.webp,0.026052,1.0,0.1976285744976952
database3/database3/m.016t00/49-FaceId-0_align.webp,0.061342,1.0,0.2205832488288999
database3/database3/m.016tb7/64-FaceId-0_align.webp,0.020212,0.0,0.1726084281392917
database3/database3/m.016tbr/53-FaceId-0_align.webp,0.052696,1.0,0.1995882893721303
database3/database3/m.016tbr/91-FaceId-0_align.webp,0.278026,1.0,0.2301948366711258
database3/database3/m.016tbr/97-FaceId-0_align.webp,0.035531,1.0,0.2190410263153841
database3/database3/m.016tcm/7-FaceId-0_align.webp,0.0,1.0,0.1953783051468904
database3/database3/m.016tqw/18-FaceId-0_align.webp,0.009857,1.0,0.2067107167632103
database3/database3/m.016vqk/91-FaceId-0_align.webp,0.041054,1.0,0.1875351010447926
database3/database3/m.016vxj/34-FaceId-0_align.webp,0.081238,1.0,0.174803057705093
database3/database3/m.016vy9/16-FaceId-0_align.webp,0.135759,0.0,0.1872485574266297
database3/database3/m.016vy9/41-FaceId-0_align.webp,0.023537,0.0,0.1684751899240031
database3/database3/m.016vyp/28-FaceId-0_align.webp,0.086364,1.0,0.1891164118861547
database3/database3/m.016vyp/92-FaceId-0_align.webp,0.043472,1.0,0.1812663796105226
database3/database3/m.016wdq/47-FaceId-0_align.webp,0.021942,1.0,0.4023686125340961
database3/database3/m.016wvy/16-FaceId-0_align.webp,0.016451,1.0,0.1879221401898224
database3/database3/m.016wvy/70-FaceId-0_align.webp,0.279688,1.0,0.2159224819314791
database3/database3/m.016wvy/90-FaceId-0_align.webp,0.0652,1.0,0.3312313968893078
database3/database3/m.016xk5/94-FaceId-0_align.webp,0.039665,1.0,0.1778411132951163
database3/database3/m.016yr0/49-FaceId-0_align.webp,0.028821,1.0,0.1803092443171731
database3/database3/m.016yr0/53-FaceId-0_align.webp,0.03224,1.0,0.1719124320060908
database3/database3/m.016yr0/98-FaceId-0_align.webp,0.103354,1.0,0.1987248293656252
database3/database3/m.016ywr/2-FaceId-0_align.webp,0.022088,1.0,0.2450769984094383
database3/database3/m.016ywr/21-FaceId-0_align.webp,0.053813,1.0,0.1979659220356993
database3/database3/m.016ywr/76-FaceId-0_align.webp,0.0,1.0,0.1717578369157458
database3/database3/m.016z3d/40-FaceId-0_align.webp,0.041987,1.0,0.1722101466019396
database3/database3/m.016z3d/43-FaceId-0_align.webp,0.184794,1.0,0.187915737208795
database3/database3/m.016z3d/48-FaceId-0_align.webp,0.181018,1.0,0.1863662776753606
database3/database3/m.016z68/21-FaceId-0_align.webp,0.185954,1.0,0.2151972155019531
database3/database3/m.016z68/89-FaceId-0_align.webp,0.268667,1.0,0.206944218654159
database3/database3/m.016zp5/13-FaceId-0_align.webp,0.016071,1.0,0.1640256816054857
database3/database3/m.016zp5/31-FaceId-0_align.webp,0.101464,1.0,0.3400498255111076
database3/database3/m.016zp5/64-FaceId-0_align.webp,0.006697,1.0,0.1905071670737978
database3/database3/m.016zp5/68-FaceId-0_align.webp,0.014376,1.0,0.196310714348051
database3/database3/m.016zvk/22-FaceId-0_align.webp,0.104809,0.0,0.1899496602652666
database3/database3/m.016zvk/81-FaceId-0_align.webp,0.147393,0.0,0.1871621504594207
database3/database3/m.016zvk/88-FaceId-0_align.webp,0.080384,0.0,0.1593745643216284
database3/database3/m.016zvk/91-FaceId-0_align.webp,0.084334,0.0,0.1777046563509588
database3/database3/m.0170pk/112-FaceId-0_align.webp,0.029113,1.0,0.2759457392138822
database3/database3/m.0170pk/32-FaceId-0_align.webp,0.0,1.0,0.2924565059958226
database3/database3/m.0170pk/71-FaceId-0_align.webp,0.003334,1.0,0.2102623500069553
database3/database3/m.0170pk/93-FaceId-0_align.webp,0.020024,1.0,0.3060530469971635
database3/database3/m.0170q1/39-FaceId-0_align.webp,0.098023,0.0,0.2656328035450541
database3/database3/m.0170qf/10-FaceId-0_align.webp,0.012168,1.0,0.1799295470843938
database3/database3/m.0170qf/66-FaceId-0_align.webp,0.173717,1.0,0.2073512215395914
database3/database3/m.0170s4/35-FaceId-0_align.webp,0.00841,1.0,0.207485642501218
database3/database3/m.0170s4/44-FaceId-0_align.webp,0.007374,1.0,0.1428954435883715
database3/database3/m.0170s4/48-FaceId-0_align.webp,0.0,1.0,0.1540321089399522
database3/database3/m.0170s4/85-FaceId-0_align.webp,0.00918,1.0,0.1856252289652267
database3/database3/m.0170s4/86-FaceId-0_align.webp,0.00659,1.0,0.167156336544155
database3/database3/m.0170zz/7-FaceId-0_align.webp,0.0033,1.0,0.2597154263305932
database3/database3/m.017115/2-FaceId-0_align.webp,0.178391,1.0,0.2610304347844415
database3/database3/m.0171cm/52-FaceId-0_align.webp,0.078391,1.0,0.3244109337397456
database3/database3/m.0171cm/9-FaceId-0_align.webp,0.020679,1.0,0.3179597233649591
database3/database3/m.0171dv/105-FaceId-0_align.webp,0.019879,1.0,0.169677481413278
database3/database3/m.0171dv/106-FaceId-0_align.webp,0.079343,1.0,0.2011281604940004
database3/database3/m.0171z8/39-FaceId-0_align.webp,0.1172,0.0,0.509719436667027
database3/database3/m.01721f/98-FaceId-0_align.webp,0.00066,1.0,0.1428546580979227
database3/database3/m.01728m/45-FaceId-0_align.webp,0.026608,1.0,0.2778836379299018
database3/database3/m.01734j/10-FaceId-0_align.webp,0.107434,1.0,0.2965801467046946
database3/database3/m.01737y/7-FaceId-0_align.webp,0.023524,1.0,0.1662076988280966
database3/database3/m.0173cq/55-FaceId-0_align.webp,0.0687,0.0,0.2032562584631045
database3/database3/m.0173cq/82-FaceId-0_align.webp,0.052898,0.0,0.1768014874096755
database3/database3/m.0173p_/66-FaceId-0_align.webp,0.12779,0.0,0.2338817576861571
database3/database3/m.0173p_/82-FaceId-0_align.webp,0.039784,0.0,0.172822879944714
database3/database3/m.0173p_/97-FaceId-0_align.webp,0.06989,0.0,0.1941621564734786
database3/database3/m.0173s_/56-FaceId-0_align.webp,0.320216,0.0,0.2089031741260564
database3/database3/m.01741h/75-FaceId-0_align.webp,0.057681,1.0,0.3433926741606635
database3/database3/m.01742l/53-FaceId-0_align.webp,0.210558,0.0,0.2314742322937245
database3/database3/m.01744d/24-FaceId-0_align.webp,0.021138,1.0,0.1962833604210447
database3/database3/m.01744d/66-FaceId-0_align.webp,0.069833,1.0,0.1962874458962603
database3/database3/m.017458/60-FaceId-0_align.webp,0.031087,1.0,0.4174336271097014
database3/database3/m.0174z2/31-FaceId-0_align.webp,0.019356,1.0,0.1856525742084956
database3/database3/m.0175m_/104-FaceId-0_align.webp,0.011519,1.0,0.2441649263839357
database3/database3/m.0175m_/106-FaceId-0_align.webp,0.008092,1.0,0.1761129614870013
database3/database3/m.0175s7/91-FaceId-0_align.webp,0.271553,1.0,0.2415619753562481
database3/database3/m.0175w3/23-FaceId-0_align.webp,0.084707,1.0,0.313845457708357
database3/database3/m.0175w3/40-FaceId-0_align.webp,0.14122,1.0,0.3871241574590888
database3/database3/m.0175w3/8-FaceId-0_align.webp,0.022898,1.0,0.4212651382045982
database3/database3/m.01762z/69-FaceId-0_align.webp,0.001793,1.0,0.1834380414854401
database3/database3/m.017729/106-FaceId-0_align.webp,0.004005,1.0,0.2223336442984271
database3/database3/m.01772q/118-FaceId-0_align.webp,0.005376,1.0,0.1598032814216515
database3/database3/m.01778_/1-FaceId-0_align.webp,0.151831,0.0,0.3177476012031359
database3/database3/m.01778_/5-FaceId-0_align.webp,0.080886,0.0,0.2890909470042103
database3/database3/m.0177s6/54-FaceId-0_align.webp,0.003871,1.0,0.3508925008336009
database3/database3/m.0177s6/83-FaceId-0_align.webp,0.194958,1.0,0.3220847514725404
database3/database3/m.0178_j/46-FaceId-0_align.webp,0.038586,1.0,0.2865787845004433
database3/database3/m.0178d6/53-FaceId-0_align.webp,0.019408,1.0,0.1789369148187234
database3/database3/m.0178d6/9-FaceId-0_align.webp,0.038126,1.0,0.2064246616117859
database3/database3/m.0178sb/20-FaceId-0_align.webp,0.025953,1.0,0.1740807413597704
database3/database3/m.01791s/104-FaceId-0_align.webp,0.057011,1.0,0.4849595143988605
database3/database3/m.01793l/15-FaceId-0_align.webp,0.11519,1.0,0.3483716290197637
database3/database3/m.01793l/3-FaceId-0_align.webp,0.021997,1.0,0.2995939020437285
database3/database3/m.01793l/48-FaceId-0_align.webp,0.070141,1.0,0.387569664098259
database3/database3/m.01793l/77-FaceId-0_align.webp,0.068916,1.0,0.3504239658040885
database3/database3/m.01794d/22-FaceId-0_align.webp,0.132698,1.0,0.2001566118177504
database3/database3/m.0179n7/47-FaceId-0_align.webp,0.025063,1.0,0.1903668561063933
database3/database3/m.0179ys/22-FaceId-0_align.webp,0.03888,1.0,0.2158159097546372
database3/database3/m.017_65/24-FaceId-0_align.webp,0.104039,1.0,0.2571030957479361
database3/database3/m.017__g/2-FaceId-0_align.webp,0.026314,1.0,0.181978274018017
database3/database3/m.017__g/30-FaceId-0_align.webp,0.064708,1.0,0.2064995771186532
database3/database3/m.017_dr/0-FaceId-1_align.webp,0.037641,1.0,0.2987407999050414
database3/database3/m.017_dr/14-FaceId-0_align.webp,0.005491,1.0,0.2166776033601679
database3/database3/m.017_dr/47-FaceId-0_align.webp,0.191478,1.0,0.2153295579012182
database3/database3/m.017_dr/57-FaceId-0_align.webp,0.038308,1.0,0.3402159652175871
database3/database3/m.017_j4/45-FaceId-0_align.webp,0.032452,1.0,0.2947895336647903
database3/database3/m.017_j4/54-FaceId-0_align.webp,0.009302,1.0,0.3015743431230532
database3/database3/m.017_j4/93-FaceId-0_align.webp,0.05205,1.0,0.4268985408738841
database3/database3/m.017_l1/23-FaceId-0_align.webp,0.033635,1.0,0.166212610911703
database3/database3/m.017_l1/5-FaceId-0_align.webp,0.0,1.0,0.1726682898588933
database3/database3/m.017_xx/84-FaceId-0_align.webp,0.180042,0.0,0.1875875156208248
database3/database3/m.017bd/83-FaceId-0_align.webp,0.002036,1.0,0.2715228956995018
database3/database3/m.017bd/85-FaceId-0_align.webp,0.002715,1.0,0.3259270745793708
database3/database3/m.017bk6/90-FaceId-2_align.webp,0.056904,0.0,0.1640555122069485
database3/database3/m.017bxq/72-FaceId-0_align.webp,0.032315,1.0,0.2623511178157439
database3/database3/m.017c87/108-FaceId-0_align.webp,0.012746,1.0,0.2871290501214459
database3/database3/m.017c87/7-FaceId-0_align.webp,0.008884,1.0,0.1674402774250785
database3/database3/m.017cgg/62-FaceId-0_align.webp,0.009893,1.0,0.3190181609671282
database3/database3/m.017d3v/21-FaceId-0_align.webp,0.000486,1.0,0.1260424036160723
database3/database3/m.017dpj/104-FaceId-0_align.webp,0.159674,1.0,0.327323871991478
database3/database3/m.017dpj/116-FaceId-0_align.webp,0.004563,1.0,0.2657328415591056
database3/database3/m.017dpj/14-FaceId-0_align.webp,0.012759,1.0,0.2639662394413385
database3/database3/m.017dpj/6-FaceId-0_align.webp,0.157516,1.0,0.3346463115384964
database3/database3/m.017dpj/81-FaceId-0_align.webp,0.117413,1.0,0.4046105691920127
database3/database3/m.017dpj/98-FaceId-0_align.webp,0.093515,1.0,0.3094583383901004
database3/database3/m.017f4y/21-FaceId-0_align.webp,0.009046,1.0,0.1837920715574006
database3/database3/m.017fgp/17-FaceId-0_align.webp,0.004873,1.0,0.3033652917757043
database3/database3/m.017fhk/5-FaceId-0_align.webp,0.05945,1.0,0.2772673469724428
database3/database3/m.017fhk/70-FaceId-0_align.webp,0.025921,1.0,0.1663150771635353
database3/database3/m.017fhk/87-FaceId-0_align.webp,0.146412,1.0,0.2669114616202676
database3/database3/m.017fj_/2-FaceId-0_align.webp,0.022486,1.0,0.1854880725456788
database3/database3/m.017fj_/97-FaceId-0_align.webp,0.013264,1.0,0.3267439212878362
database3/database3/m.017fks/21-FaceId-0_align.webp,0.013755,1.0,0.1824548418809257
database3/database3/m.017fks/34-FaceId-0_align.webp,0.010024,1.0,0.3121791235815497
database3/database3/m.017fl5/7-FaceId-0_align.webp,0.088967,1.0,0.1959319684632949
database3/database3/m.017fl5/89-FaceId-0_align.webp,0.156395,1.0,0.2459158588211196
database3/database3/m.017fl_/0-FaceId-0_align.webp,0.016489,1.0,0.3497806184076938
database3/database3/m.017fp0/26-FaceId-0_align.webp,0.014762,1.0,0.1681925531506495
database3/database3/m.017fp0/70-FaceId-0_align.webp,0.102621,1.0,0.2041759143649857
database3/database3/m.017fp0/85-FaceId-0_align.webp,0.016216,1.0,0.2009203285040323
database3/database3/m.017fp0/92-FaceId-0_align.webp,0.03683,1.0,0.2986605187156191
database3/database3/m.017frf/2-FaceId-0_align.webp,0.239226,1.0,0.1849115286231077
database3/database3/m.017frf/48-FaceId-0_align.webp,0.242631,1.0,0.2094647077218062
database3/database3/m.017ft0/4-FaceId-0_align.webp,0.025186,0.0,0.1810078239780407
database3/database3/m.017fxp/62-FaceId-0_align.webp,0.006207,1.0,0.2762058824774163
database3/database3/m.017fzy/33-FaceId-0_align.webp,0.135665,1.0,0.1730251412262791
database3/database3/m.017fzy/38-FaceId-0_align.webp,0.020138,1.0,0.2017673890218168
database3/database3/m.017fzy/44-FaceId-0_align.webp,0.119262,1.0,0.2039227289735132
database3/database3/m.017fzy/7-FaceId-0_align.webp,0.042513,1.0,0.1829802019908316
database3/database3/m.017fzy/84-FaceId-0_align.webp,0.1089,1.0,0.2170914933714595
database3/database3/m.017fzy/88-FaceId-0_align.webp,0.093437,1.0,0.1725898640278435
database3/database3/m.017g21/51-FaceId-0_align.webp,0.121234,1.0,0.21431686861581
database3/database3/m.017g2y/13-FaceId-0_align.webp,0.026164,1.0,0.1834223822301881
database3/database3/m.017gd_/53-FaceId-0_align.webp,0.006889,1.0,0.3339645608622412
database3/database3/m.017gd_/59-FaceId-0_align.webp,0.012556,1.0,0.2657252559119234
database3/database3/m.017gxw/53-FaceId-0_align.webp,0.064935,0.0,0.1860655673010087
database3/database3/m.017h4c/0-FaceId-0_align.webp,0.049628,1.0,0.3023022277416861
database3/database3/m.017h_2/23-FaceId-0_align.webp,0.06887,1.0,0.3301559759748593
database3/database3/m.017hgl/21-FaceId-0_align.webp,0.089799,1.0,0.2263411739304201
database3/database3/m.017hgl/42-FaceId-0_align.webp,0.004642,1.0,0.205252795163482
database3/database3/m.017hjk/57-FaceId-0_align.webp,0.009431,1.0,0.2333624872909628
database3/database3/m.017hm9/3-FaceId-0_align.webp,0.001744,1.0,0.2677650901752524
database3/database3/m.017hm9/36-FaceId-0_align.webp,0.002432,1.0,0.201225719370814
database3/database3/m.017hw4/23-FaceId-0_align.webp,0.000412,1.0,0.2008892975931811
database3/database3/m.017hwl/3-FaceId-0_align.webp,0.014017,1.0,0.3290662406744262
database3/database3/m.017j1w/26-FaceId-0_align.webp,0.021211,1.0,0.166606915592543
database3/database3/m.017j1w/35-FaceId-0_align.webp,0.039099,1.0,0.3971629906913861
database3/database3/m.017j1w/8-FaceId-0_align.webp,0.052854,1.0,0.1640261921524425
database3/database3/m.017j2b/85-FaceId-0_align.webp,0.008707,1.0,0.24358650602681
database3/database3/m.017jwg/17-FaceId-0_align.webp,0.002376,1.0,0.2223323042264559
database3/database3/m.017jwg/53-FaceId-0_align.webp,0.066995,0.0,0.2056501531426983
database3/database3/m.017jwg/82-FaceId-0_align.webp,0.035246,1.0,0.2086309644317789
database3/database3/m.017kb5/32-FaceId-0_align.webp,0.006182,1.0,0.1935529632400465
database3/database3/m.017kgm/108-FaceId-1_align.webp,0.015319,1.0,0.1468125890406117
database3/database3/m.017kgm/94-FaceId-0_align.webp,0.003416,1.0,0.1643150845401262
database3/database3/m.017kq/37-FaceId-0_align.webp,0.040762,1.0,0.3006387537059686
database3/database3/m.017kq/48-FaceId-0_align.webp,0.009092,1.0,0.2926684972461576
database3/database3/m.017l4/11-FaceId-0_align.webp,0.001488,1.0,0.1656539303260087
database3/database3/m.017l4/73-FaceId-0_align.webp,0.09873,1.0,0.1933377407375399
database3/database3/m.017l4/80-FaceId-0_align.webp,0.025497,1.0,0.3033343875873795
database3/database3/m.017l7y/97-FaceId-0_align.webp,0.002424,1.0,0.1894349424836374
database3/database3/m.017lcg/63-FaceId-0_align.webp,0.136168,1.0,0.1982899055636788
database3/database3/m.017m2y/105-FaceId-0_align.webp,0.084072,0.0,0.1806076067141003
database3/database3/m.017m2y/30-FaceId-0_align.webp,0.20052,0.0,0.2138491276251691
database3/database3/m.017mrb/26-FaceId-0_align.webp,0.125876,1.0,0.1883415347233751
database3/database3/m.017q3j/27-FaceId-0_align.webp,0.040475,1.0,0.199566679502608
database3/database3/m.017q3j/87-FaceId-1_align.webp,0.137407,1.0,0.2521065783216941
database3/database3/m.017qkp/105-FaceId-0_align.webp,0.016276,1.0,0.1725837525557542
database3/database3/m.017qkp/8-FaceId-0_align.webp,0.006413,1.0,0.1885367003630499
database3/database3/m.017r13/15-FaceId-0_align.webp,0.004576,1.0,0.1850489056266338
database3/database3/m.017r13/32-FaceId-0_align.webp,0.001926,1.0,0.1779962186134048
database3/database3/m.017r13/71-FaceId-0_align.webp,0.149849,1.0,0.2102417154570039
database3/database3/m.017r5g/69-FaceId-0_align.webp,0.246362,0.0,0.2160953607067454
database3/database3/m.017rh4/92-FaceId-0_align.webp,0.059749,1.0,0.2029832367146729
database3/database3/m.017rjs/94-FaceId-0_align.webp,0.227853,1.0,0.1835050931811708
database3/database3/m.017tk3/113-FaceId-0_align.webp,0.041074,1.0,0.2075524825289283
database3/database3/m.017tk3/5-FaceId-0_align.webp,0.023981,1.0,0.2126987026710645
database3/database3/m.017tk3/61-FaceId-0_align.webp,0.058875,1.0,0.2303001547603722
database3/database3/m.017tk3/83-FaceId-0_align.webp,0.016266,1.0,0.2014130819717973
database3/database3/m.017tkv/15-FaceId-0_align.webp,0.09519,0.0,0.1677316431741624
database3/database3/m.017tkv/5-FaceId-0_align.webp,0.108291,0.0,0.1797921256729973
database3/database3/m.017tlt/70-FaceId-0_align.webp,0.079127,1.0,0.141547519034397
database3/database3/m.017tn4/17-FaceId-0_align.webp,0.026983,1.0,0.3000285135991038
database3/database3/m.017tn4/54-FaceId-2_align.webp,0.042656,1.0,0.2531202811033966
database3/database3/m.017tnz/116-FaceId-0_align.webp,0.135035,1.0,0.2070179422265044
database3/database3/m.017vfn/43-FaceId-0_align.webp,0.036126,1.0,0.1869106555306632
database3/database3/m.017vkk/88-FaceId-0_align.webp,0.022172,0.0,0.181217088071627
database3/database3/m.017vkx/34-FaceId-1_align.webp,0.050784,1.0,0.3307175540006967
database3/database3/m.017wbg/77-FaceId-0_align.webp,0.079706,1.0,0.184441859511517
database3/database3/m.017x_s/36-FaceId-0_align.webp,0.021378,1.0,0.325615672672705
database3/database3/m.017xm3/52-FaceId-0_align.webp,0.225925,0.0,0.1906782307782344
database3/database3/m.017yfz/93-FaceId-0_align.webp,0.237267,1.0,0.0
database3/database3/m.017yvm/5-FaceId-0_align.webp,0.011632,1.0,0.1908611445207374
database3/database3/m.017yvm/93-FaceId-0_align.webp,0.007487,1.0,0.2700666581416056
database3/database3/m.017yzt/119-FaceId-0_align.webp,0.299381,0.0,0.2287783247910921
database3/database3/m.017yzt/55-FaceId-0_align.webp,0.055778,0.0,0.1680096362489657
database3/database3/m.017yzt/61-FaceId-0_align.webp,0.0,0.0,0.1684568617060183
database3/database3/m.017z_/91-FaceId-0_align.webp,0.06531,1.0,0.3022674953433834
database3/database3/m.017zng/39-FaceId-0_align.webp,0.114304,1.0,0.1878598639463007
database3/database3/m.017zng/73-FaceId-0_align.webp,0.087005,1.0,0.2341294388657119
database3/database3/m.017zng/97-FaceId-0_align.webp,0.096418,1.0,0.1693211469779877
database3/database3/m.01804k/55-FaceId-0_align.webp,0.104401,0.0,0.1782964532442293
database3/database3/m.01807/65-FaceId-0_align.webp,0.087681,1.0,0.3344335690073766
database3/database3/m.01807/73-FaceId-0_align.webp,0.147607,1.0,0.355156044341693
database3/database3/m.018144/31-FaceId-0_align.webp,0.317719,1.0,0.1909710267260396
database3/database3/m.018144/55-FaceId-0_align.webp,0.076827,1.0,0.2036923205212283
database3/database3/m.01815s/106-FaceId-0_align.webp,0.234236,0.0,0.1927486401091564
database3/database3/m.01815s/50-FaceId-0_align.webp,0.243106,0.0,0.1864821069707001
database3/database3/m.01815s/64-FaceId-0_align.webp,0.173641,0.0,0.1921256004192513
database3/database3/m.0181gp/6-FaceId-0_align.webp,0.043543,1.0,0.1959239495631826
database3/database3/m.0181j_/107-FaceId-0_align.webp,0.027129,0.0,0.1879356172690713
database3/database3/m.0181kg/14-FaceId-0_align.webp,0.119867,1.0,0.3400254891961471
database3/database3/m.0181lj/18-FaceId-0_align.webp,0.190172,1.0,0.142140714056266
database3/database3/m.0181p_/19-FaceId-0_align.webp,0.041166,1.0,0.2849433931075116
database3/database3/m.0181p_/99-FaceId-0_align.webp,0.035046,1.0,0.1953639669197295
database3/database3/m.0181ph/4-FaceId-0_align.webp,0.019163,1.0,0.2693357087659248
database3/database3/m.0181ph/8-FaceId-0_align.webp,0.037384,1.0,0.0
database3/database3/m.0181x9/43-FaceId-0_align.webp,0.029481,1.0,0.1936988669633371
database3/database3/m.0181xq/13-FaceId-0_align.webp,0.002527,0.0,0.2209819339604995
database3/database3/m.0182hg/59-FaceId-0_align.webp,0.003662,1.0,0.17142471767122
database3/database3/m.0182q2/111-FaceId-0_align.webp,0.014398,1.0,0.1980735231814688
database3/database3/m.0182q2/47-FaceId-0_align.webp,0.020684,1.0,0.1961487141049588
database3/database3/m.0182q2/58-FaceId-0_align.webp,0.034155,1.0,0.168666367852646
database3/database3/m.0182vk/101-FaceId-0_align.webp,0.185784,1.0,0.380794170342838
database3/database3/m.0182vk/97-FaceId-0_align.webp,0.113244,1.0,0.1986704104153482
database3/database3/m.01830j/15-FaceId-0_align.webp,0.208446,0.0,0.2298792590485834
database3/database3/m.01833g/76-FaceId-0_align.webp,0.008544,1.0,0.2288747468185791
database3/database3/m.018348/1-FaceId-0_align.webp,0.029671,1.0,0.2403073121934421
database3/database3/m.0183f9/72-FaceId-0_align.webp,0.028848,1.0,0.3086487825153265
database3/database3/m.018417/7-FaceId-0_align.webp,0.270045,0.0,0.2024340485831694
database3/database3/m.018493/45-FaceId-0_align.webp,0.059135,0.0,0.2007940782074365
database3/database3/m.0184cd/37-FaceId-0_align.webp,0.012663,0.0,0.1952053711920957
database3/database3/m.0184cd/69-FaceId-0_align.webp,0.041234,0.0,0.1880793362305887
database3/database3/m.0184jc/9-FaceId-0_align.webp,0.061679,1.0,0.2305587034415291
database3/database3/m.0184xq/86-FaceId-0_align.webp,0.010468,1.0,0.2473484426750939
database3/database3/m.0185gs/107-FaceId-0_align.webp,0.133885,1.0,0.1881357651044877
database3/database3/m.0187y5/50-FaceId-0_align.webp,0.011259,1.0,0.4586337236551326
database3/database3/m.0187y5/55-FaceId-0_align.webp,0.018906,1.0,0.2038847933591123
database3/database3/m.0188n0/16-FaceId-0_align.webp,0.119925,1.0,0.2078356728102718
database3/database3/m.0188n0/81-FaceId-0_align.webp,0.437819,1.0,0.2236119571960263
database3/database3/m.0188n0/93-FaceId-0_align.webp,0.241643,1.0,0.2571220382116211
database3/database3/m.0188nj/68-FaceId-0_align.webp,0.036499,1.0,0.1680798525686338
database3/database3/m.018_3q/101-FaceId-0_align.webp,0.001235,1.0,0.5833716399917976
database3/database3/m.018_3q/89-FaceId-0_align.webp,0.024563,1.0,0.1670188757776399
database3/database3/m.018_lb/81-FaceId-0_align.webp,0.104704,0.0,0.1516439049027579
database3/database3/m.018c42/45-FaceId-1_align.webp,0.268912,1.0,0.2201326506471418
database3/database3/m.018c42/5-FaceId-0_align.webp,0.033426,1.0,0.1914981821293532
database3/database3/m.018cx_/16-FaceId-0_align.webp,0.128439,0.0,0.1806479296897544
database3/database3/m.018dnt/83-FaceId-0_align.webp,0.012334,1.0,0.184746484546987
database3/database3/m.018dpq/74-FaceId-0_align.webp,0.08469,1.0,0.2057671599550755
database3/database3/m.018dpq/9-FaceId-0_align.webp,0.06436,1.0,0.2755463988459206
database3/database3/m.018dq3/21-FaceId-0_align.webp,0.264271,0.0,0.1987040988264596
database3/database3/m.018dq3/43-FaceId-0_align.webp,0.005771,0.0,0.1781157882589758
database3/database3/m.018dqg/14-FaceId-0_align.webp,0.002005,1.0,0.1775609307974381
database3/database3/m.018dyl/57-FaceId-0_align.webp,0.066796,1.0,0.1496131637476106
database3/database3/m.018f07/77-FaceId-0_align.webp,0.067893,1.0,0.2277703622598715
database3/database3/m.018f07/88-FaceId-0_align.webp,0.019681,1.0,0.1731993077525422
database3/database3/m.018f_y/78-FaceId-0_align.webp,0.005574,1.0,0.4563323023035875
database3/database3/m.018fkc/18-FaceId-0_align.webp,0.048624,0.0,0.2243418306017315
database3/database3/m.018fkc/51-FaceId-0_align.webp,0.004824,1.0,0.1976039289615699
database3/database3/m.018fmr/107-FaceId-0_align.webp,0.087037,0.0,0.1990573292327168
database3/database3/m.018fmr/38-FaceId-0_align.webp,0.082888,0.0,0.2722268314219647
database3/database3/m.018fmr/39-FaceId-0_align.webp,0.154489,0.0,0.1885625845277693
database3/database3/m.018fmr/77-FaceId-0_align.webp,0.094029,0.0,0.1818284528280877
database3/database3/m.018fmr/96-FaceId-0_align.webp,0.118151,0.0,0.2248025573980102
database3/database3/m.018fvy/74-FaceId-0_align.webp,0.006913,1.0,0.1830584843895353
database3/database3/m.018fwb/106-FaceId-0_align.webp,0.105164,0.0,0.2055237822792566
database3/database3/m.018fyy/5-FaceId-0_align.webp,0.161114,0.0,0.178552322487091
database3/database3/m.018fzs/56-FaceId-0_align.webp,0.057952,1.0,0.3000399135007516
database3/database3/m.018fzs/60-FaceId-0_align.webp,0.058021,1.0,0.1681292928957226
database3/database3/m.018fzs/89-FaceId-0_align.webp,0.00707,1.0,0.1711218728973159
database3/database3/m.018g4z/59-FaceId-0_align.webp,0.266921,0.0,0.3125134834306928
database3/database3/m.018gcf/20-FaceId-0_align.webp,0.017916,1.0,0.1766267501095823
database3/database3/m.018gcf/28-FaceId-0_align.webp,0.0,1.0,0.2068691344616694
database3/database3/m.018gjx/0-FaceId-0_align.webp,0.03658,1.0,0.1880574336879923
database3/database3/m.018gjx/88-FaceId-1_align.webp,0.040357,1.0,0.1880431399551292
database3/database3/m.018gkb/31-FaceId-0_align.webp,0.133832,1.0,0.2673160103893456
database3/database3/m.018gkb/69-FaceId-0_align.webp,0.119964,1.0,0.2093300627397183
database3/database3/m.018gl5/55-FaceId-0_align.webp,0.0,1.0,0.1808250958169954
database3/database3/m.018gn4/7-FaceId-0_align.webp,0.045659,1.0,0.2063140071518059
database3/database3/m.018gn4/95-FaceId-0_align.webp,0.084694,1.0,0.2143899429011915
database3/database3/m.018gqj/17-FaceId-0_align.webp,0.18042,1.0,0.1949342195128449
database3/database3/m.018gqj/45-FaceId-0_align.webp,0.048033,1.0,0.1907341468549292
database3/database3/m.018gqj/51-FaceId-0_align.webp,0.113401,1.0,0.2046131906675112
database3/database3/m.018gqj/9-FaceId-0_align.webp,0.182644,1.0,0.2110433801160328
database3/database3/m.018gsl/54-FaceId-0_align.webp,0.015144,1.0,0.3871714585228804
database3/database3/m.018gw3/19-FaceId-0_align.webp,0.042889,1.0,0.3667327980332241
database3/database3/m.018h84/20-FaceId-0_align.webp,0.006714,1.0,0.2019329572211399
database3/database3/m.018h84/4-FaceId-0_align.webp,0.077047,1.0,0.1572263402293653
database3/database3/m.018hhw/26-FaceId-0_align.webp,0.058762,0.0,0.1843066616660369
database3/database3/m.018hwl/22-FaceId-0_align.webp,0.105538,1.0,0.2382003415303478
database3/database3/m.018j3w/52-FaceId-0_align.webp,0.03127,1.0,0.1520362354769278
database3/database3/m.018j4c/21-FaceId-0_align.webp,0.159984,1.0,0.2030466325257644
database3/database3/m.018j4c/60-FaceId-0_align.webp,0.116911,1.0,0.2464008802827075
database3/database3/m.018j4c/72-FaceId-0_align.webp,0.050298,1.0,0.1969930313110958
database3/database3/m.018j5m/87-FaceId-0_align.webp,0.119486,0.0,0.2224925998669655
database3/database3/m.018jnn/6-FaceId-0_align.webp,0.046059,1.0,0.162722870941444
database3/database3/m.018jnn/60-FaceId-0_align.webp,0.021036,1.0,0.1681083627120137
database3/database3/m.018jz8/4-FaceId-0_align.webp,0.129694,1.0,0.1834805406491682
database3/database3/m.018kd0/56-FaceId-0_align.webp,0.078738,1.0,0.2234353336961035
database3/database3/m.018kjc/45-FaceId-0_align.webp,0.336481,1.0,0.2346710264997894
database3/database3/m.018kjc/74-FaceId-0_align.webp,0.359873,1.0,0.2272181794641393
database3/database3/m.018lb1/1-FaceId-0_align.webp,0.066363,0.0,0.17784462369434
database3/database3/m.018lb1/113-FaceId-0_align.webp,0.174767,0.0,0.1940966261766332
database3/database3/m.018lb1/45-FaceId-0_align.webp,0.011283,0.0,0.1761626883941162
database3/database3/m.018lb1/60-FaceId-0_align.webp,0.101898,0.0,0.1739854919693422
database3/database3/m.018lb1/67-FaceId-0_align.webp,0.058712,0.0,0.2113123751743897
database3/database3/m.018lp7/31-FaceId-0_align.webp,0.068826,0.0,0.1939081068906837
database3/database3/m.018lp7/5-FaceId-0_align.webp,0.037973,0.0,0.1796593588034553
database3/database3/m.018lpm/41-FaceId-0_align.webp,0.03151,1.0,0.282085068765643
database3/database3/m.018lx_/11-FaceId-0_align.webp,0.157239,1.0,0.238926928264306
database3/database3/m.018lxn/67-FaceId-0_align.webp,0.041223,0.0,0.1711824517052319
database3/database3/m.018m5c/31-FaceId-0_align.webp,0.012538,1.0,0.1567429790058789
database3/database3/m.018m5c/6-FaceId-0_align.webp,0.013236,1.0,0.1634022160111662
database3/database3/m.018m5c/74-FaceId-0_align.webp,0.007729,1.0,0.19903658247049
database3/database3/m.018mfl/68-FaceId-0_align.webp,0.01486,1.0,0.2344813616649506
database3/database3/m.018n52/37-FaceId-0_align.webp,0.024108,1.0,0.1642564768925888
database3/database3/m.018n7d/44-FaceId-0_align.webp,0.002157,1.0,0.1875006635542184
database3/database3/m.018n9d/58-FaceId-0_align.webp,0.182622,1.0,0.19778602331308
database3/database3/m.018nqq/25-FaceId-0_align.webp,0.02666,1.0,0.1574864372858276
database3/database3/m.018nqq/56-FaceId-0_align.webp,0.002557,1.0,0.2168029428327006
database3/database3/m.018nwp/42-FaceId-0_align.webp,0.023176,1.0,0.3466967357672819
database3/database3/m.018p19/2-FaceId-0_align.webp,0.029409,1.0,0.2361734071527691
database3/database3/m.018pj3/21-FaceId-0_align.webp,0.206243,0.0,0.1522033301730647
database3/database3/m.018pkl/117-FaceId-0_align.webp,0.00271,1.0,0.2262173439763328
database3/database3/m.018ptf/125-FaceId-1_align.webp,0.193842,0.0,0.2522349720555034
database3/database3/m.018ptf/6-FaceId-0_align.webp,0.184452,1.0,0.1765243488308125
database3/database3/m.018ptf/69-FaceId-0_align.webp,0.264398,1.0,0.2854696958062891
database3/database3/m.018ptf/87-FaceId-0_align.webp,0.284614,1.0,0.2097539385796771
database3/database3/m.018pyg/114-FaceId-0_align.webp,0.004286,0.0,0.1675806004480498
database3/database3/m.018pyg/50-FaceId-0_align.webp,0.094308,0.0,0.1512971475613973
database3/database3/m.018q7p/61-FaceId-0_align.webp,0.113962,1.0,0.2181136623896117
database3/database3/m.018qkz/35-FaceId-0_align.webp,0.11651,0.0,0.19356610264475
database3/database3/m.018qkz/48-FaceId-0_align.webp,0.078768,0.0,0.1974449687469802
database3/database3/m.018qlp/1-FaceId-0_align.webp,0.057596,0.0,0.2097264647363691
database3/database3/m.018qlp/2-FaceId-0_align.webp,0.201501,0.0,0.2389607707261001
database3/database3/m.018qlp/67-FaceId-0_align.webp,0.023725,0.0,0.1687475265720434
database3/database3/m.018qlp/73-FaceId-0_align.webp,0.048836,0.0,0.1872287950855585
database3/database3/m.018qlp/81-FaceId-0_align.webp,0.220874,0.0,0.1978824072882341
database3/database3/m.018qlp/99-FaceId-0_align.webp,0.098556,0.0,0.1909595635751075
database3/database3/m.018qn8/16-FaceId-0_align.webp,0.180079,0.0,0.1922748614894995
database3/database3/m.018qn8/24-FaceId-0_align.webp,0.067297,0.0,0.1978722769331183
database3/database3/m.018qn8/3-FaceId-0_align.webp,0.144663,0.0,0.1947349498325225
database3/database3/m.018qpb/20-FaceId-0_align.webp,0.030827,0.0,0.1459332272134635
database3/database3/m.018qpb/42-FaceId-0_align.webp,0.04676,0.0,0.168387871289444
database3/database3/m.018qr9/59-FaceId-0_align.webp,0.041718,0.0,0.1724851264049037
database3/database3/m.018qwf/0-FaceId-0_align.webp,0.034965,1.0,0.1578618917100708
database3/database3/m.018qx5/48-FaceId-0_align.webp,0.145397,0.0,0.3138114905315255
database3/database3/m.018r3g/1-FaceId-0_align.webp,0.015575,1.0,0.4010877003579719
database3/database3/m.018rsq/63-FaceId-0_align.webp,0.05182,1.0,0.1757600517356746
database3/database3/m.018rsq/82-FaceId-0_align.webp,0.021029,1.0,0.1908567647985534
database3/database3/m.018ry5/78-FaceId-0_align.webp,0.052713,1.0,0.1963854592581459
database3/database3/m.018s7v/75-FaceId-0_align.webp,0.055964,0.0,0.2039953011969075
database3/database3/m.018slq/19-FaceId-0_align.webp,0.164016,1.0,0.2194099394545039
database3/database3/m.018swb/94-FaceId-0_align.webp,0.035612,1.0,0.2135082191498249
database3/database3/m.018t67/2-FaceId-0_align.webp,0.002151,1.0,0.1593018113527964
database3/database3/m.018t67/75-FaceId-0_align.webp,0.002161,1.0,0.1661394549753777
database3/database3/m.018t67/76-FaceId-0_align.webp,0.014984,1.0,0.1648100605181698
database3/database3/m.018tfd/63-FaceId-0_align.webp,0.039426,1.0,0.1537269415849026
database3/database3/m.018tvs/4-FaceId-0_align.webp,0.186437,1.0,0.2313371614645814
database3/database3/m.018v8c/66-FaceId-0_align.webp,0.031012,1.0,0.1563441863031817
database3/database3/m.018v_8/56-FaceId-0_align.webp,0.065146,1.0,0.1618760428460461
database3/database3/m.018vhw/41-FaceId-2_align.webp,0.017996,1.0,0.3943206353441951
database3/database3/m.018vhw/84-FaceId-1_align.webp,0.010037,1.0,0.207246431919752
database3/database3/m.018vhw/94-FaceId-0_align.webp,0.022504,1.0,0.1756763823418696
database3/database3/m.018w6s/30-FaceId-0_align.webp,0.009687,1.0,0.4377276401654431
database3/database3/m.018wh0/34-FaceId-0_align.webp,0.038341,1.0,0.1701892215254789
database3/database3/m.018wqb/36-FaceId-1_align.webp,0.061601,1.0,0.2731887861726396
database3/database3/m.018x3/82-FaceId-0_align.webp,0.000249,1.0,0.1777800145683787
database3/database3/m.018x3/89-FaceId-0_align.webp,0.006661,1.0,0.2497281745044715
database3/database3/m.018xrz/49-FaceId-0_align.webp,0.084464,1.0,0.2174971737511886
database3/database3/m.018y0w/54-FaceId-0_align.webp,0.014612,1.0,0.1760002712420768
database3/database3/m.018y2s/21-FaceId-0_align.webp,0.010478,1.0,0.1925459061941665
database3/database3/m.018y4x/104-FaceId-0_align.webp,0.014664,1.0,0.1817037041736016
database3/database3/m.018y4x/94-FaceId-0_align.webp,0.083805,1.0,0.1462487630705635
database3/database3/m.018ycp/32-FaceId-0_align.webp,0.169605,1.0,0.186290860372605
database3/database3/m.018ycp/64-FaceId-0_align.webp,0.011204,1.0,0.1725944462410117
