filename,target,gender,pred
database1/img00000154.webp,0.036749,1.0,0.1254082290398965
database1/img00000271.webp,0.229724,1.0,0.1685566810335761
database1/img00000323.webp,0.120628,0.0,0.1218289498332952
database1/img00000364.webp,0.00341,1.0,0.1152244939203988
database1/img00000371.webp,0.000249,1.0,0.1363158882626042
database1/img00000438.webp,0.102267,0.0,0.1300489213182172
database1/img00000448.webp,0.032257,0.0,0.1353206238017233
database1/img00000477.webp,0.158779,0.0,0.0971422133926491
database1/img00000491.webp,0.333523,0.0,0.1462676697027825
database1/img00000679.webp,0.022454,0.0,0.1231836612594016
database1/img00000766.webp,0.241328,0.0,0.1494476666630735
database1/img00000781.webp,0.01402,1.0,0.1222281909195464
database1/img00000793.webp,0.308688,0.0,0.1745371066916803
database1/img00000806.webp,0.083687,1.0,0.1232951785931514
database1/img00000857.webp,0.167176,0.0,0.1323967420012917
database1/img00000882.webp,0.118298,0.0,0.1304965132100084
database1/img00000903.webp,0.006576,1.0,0.14581615424316
database1/img00000929.webp,0.021546,1.0,0.1347902807426771
database1/img00000941.webp,0.232414,0.0,0.1445404284862202
database1/img00001032.webp,0.044127,1.0,0.1509259141669256
database1/img00001145.webp,0.022379,1.0,0.111411112112636
database1/img00001291.webp,0.022322,0.0,0.1217210789468782
database1/img00001371.webp,0.148865,0.0,0.128627213126457
database1/img00001491.webp,0.264813,0.0,0.1720814252572655
database1/img00001551.webp,0.054068,1.0,0.1226034658150219
database1/img00001573.webp,0.095382,0.0,0.1052439361613662
database1/img00001650.webp,0.088325,0.0,0.1025253866592286
database1/img00001652.webp,0.074782,1.0,0.1320290191287535
database1/img00001674.webp,0.188753,0.0,0.1725286980215393
database1/img00001701.webp,0.002942,1.0,0.1336469209876436
database1/img00001779.webp,0.009358,1.0,0.2282740456189866
database1/img00001812.webp,0.017934,0.0,0.1042764128478611
database1/img00001859.webp,0.006232,1.0,0.1481621100358029
database1/img00001872.webp,0.094988,0.0,0.1285761278809217
database1/img00001883.webp,0.015755,0.0,0.1334959575886405
database1/img00001978.webp,0.02291,1.0,0.1487642411305009
database1/img00002013.webp,0.068771,1.0,0.1201235867489883
database1/img00002073.webp,0.265663,0.0,0.1479728067391674
database1/img00002136.webp,0.083835,0.0,0.1297392862023054
database1/img00002187.webp,0.062593,1.0,0.1442526653950228
database1/img00002221.webp,0.024328,1.0,0.135119679156314
database1/img00002227.webp,0.172367,0.0,0.149358878620428
database1/img00002414.webp,0.290565,0.0,0.2367545960703258
database1/img00002415.webp,0.370759,0.0,0.1697200717048764
database1/img00002527.webp,0.008082,0.0,0.1251868548340541
database1/img00002649.webp,0.108227,0.0,0.1246944255346512
database1/img00002695.webp,0.191496,0.0,0.1280485799447168
database1/img00002698.webp,0.019352,0.0,0.1293076813064715
database1/img00002713.webp,0.025594,1.0,0.1426849170758432
database1/img00002737.webp,0.01324,1.0,0.1319201845034369
database1/img00002813.webp,0.015997,0.0,0.1077516627152389
database1/img00002915.webp,0.059948,0.0,0.1206102035092121
database1/img00002916.webp,0.061003,0.0,0.1262970758558974
database1/img00003052.webp,0.34648,0.0,0.1490891131339353
database1/img00003146.webp,0.130163,0.0,0.0970860066861735
database1/img00003162.webp,0.193332,0.0,0.1584483652876185
database1/img00003199.webp,0.314562,0.0,0.1439839850468982
database1/img00003273.webp,0.126445,0.0,0.1599223111410162
database1/img00003300.webp,0.007141,1.0,0.1401899639334512
database1/img00003360.webp,0.008946,1.0,0.1272387193924547
database1/img00003390.webp,0.054933,0.0,0.1354304062956097
database1/img00003437.webp,0.01322,1.0,0.1142528589603677
database1/img00003452.webp,0.040754,0.0,0.1095539312344277
database1/img00003584.webp,0.23463,0.0,0.1509288694699735
database1/img00003713.webp,0.000555,1.0,0.0985877534186066
database1/img00003746.webp,0.099051,1.0,0.1395966360911529
database1/img00003877.webp,0.01258,0.0,0.1356514697763567
database1/img00003884.webp,0.091278,0.0,0.1145143841324107
database1/img00003887.webp,0.010493,1.0,0.1900476431884497
database1/img00003978.webp,0.178955,0.0,0.0877124936414838
database1/img00004026.webp,0.365443,0.0,0.159522658338127
database1/img00004041.webp,0.094007,0.0,0.1138662997666605
database1/img00004164.webp,0.026259,1.0,0.1201375822784551
database1/img00004216.webp,0.034337,0.0,0.1174139579759572
database1/img00004261.webp,0.165876,0.0,0.1504917133308171
database1/img00004273.webp,0.156777,0.0,0.1195845363490042
database1/img00004308.webp,0.126358,0.0,0.1276420673202825
database1/img00004416.webp,0.13739,1.0,0.130037661197825
database1/img00004426.webp,0.364242,1.0,0.1790297148514143
database1/img00004540.webp,0.140347,0.0,0.1092502830009304
database1/img00004621.webp,0.130906,0.0,0.1339228117340238
database1/img00004701.webp,0.060368,0.0,0.0966414366052516
database1/img00004841.webp,0.021785,1.0,0.1227707686355428
database1/img00004851.webp,0.058337,1.0,0.1330422001680042
database1/img00004895.webp,0.001337,1.0,0.1195899233290427
database1/img00005027.webp,0.095752,1.0,0.1577261645308248
database1/img00005030.webp,0.114344,0.0,0.1356854852892922
database1/img00005095.webp,0.018419,0.0,0.1381211040356726
database1/img00005116.webp,0.107525,0.0,0.146586768579494
database1/img00005179.webp,0.058586,1.0,0.137503865796474
database1/img00005208.webp,0.021009,1.0,0.2340693713616425
database1/img00005271.webp,0.408256,0.0,0.175039412575747
database1/img00005293.webp,0.043233,0.0,0.1279853984645867
database1/img00005339.webp,0.173984,0.0,0.1027584645873811
database1/img00005347.webp,0.002911,0.0,0.0915597949696088
database1/img00005361.webp,0.189098,0.0,0.1254650460081659
database1/img00005501.webp,0.145725,0.0,0.1218218676656021
database1/img00005507.webp,0.232343,0.0,0.2052491949014415
database1/img00005509.webp,0.003247,1.0,0.2159974579033502
database1/img00005522.webp,0.185571,0.0,0.1152773312480352
database1/img00005579.webp,0.037795,1.0,0.140348775185859
database1/img00005689.webp,0.281579,0.0,0.1307781652369631
database1/img00005696.webp,0.366924,0.0,0.1974550866203337
database1/img00005723.webp,0.013358,0.0,0.1487783651270331
database1/img00005726.webp,0.041346,1.0,0.1381692436070022
database1/img00005753.webp,0.009879,0.0,0.1330754382670637
database1/img00005766.webp,0.177714,0.0,0.1341919597138893
database1/img00005768.webp,0.024309,1.0,0.1549497976898843
database1/img00005822.webp,0.022373,0.0,0.1050438813027664
database1/img00005851.webp,0.375359,0.0,0.1479656940957907
database1/img00005896.webp,0.063671,0.0,0.1494957894228001
database1/img00005910.webp,0.374925,0.0,0.1401966152593657
database1/img00006003.webp,0.020291,1.0,0.1378246662397236
database1/img00006021.webp,0.018409,1.0,0.2333563840974828
database1/img00006047.webp,0.105454,0.0,0.1229464069856033
database1/img00006101.webp,0.326093,0.0,0.1576284059317005
database1/img00006168.webp,0.00248,1.0,0.099279858533177
database1/img00006196.webp,0.0412,1.0,0.1290494633470145
database1/img00006204.webp,0.331116,1.0,0.1537963756031175
database1/img00006269.webp,0.011789,1.0,0.1355941020278103
database1/img00006334.webp,0.003849,1.0,0.1052919997161586
database1/img00006414.webp,0.208227,0.0,0.137805351149357
database1/img00006420.webp,0.026323,1.0,0.1417810820341617
database1/img00006436.webp,0.008945,1.0,0.1540861973486457
database1/img00006571.webp,0.06176,0.0,0.1129504623150749
database1/img00006576.webp,0.028441,1.0,0.1515723164314848
database1/img00006629.webp,0.000814,1.0,0.0906316391076416
database1/img00006690.webp,0.119839,0.0,0.1215501409843939
database1/img00006694.webp,0.019638,1.0,0.1205140010507576
database1/img00006722.webp,0.383369,0.0,0.1822219906385061
database1/img00006757.webp,0.169654,1.0,0.1808562872938628
database1/img00007032.webp,0.079705,0.0,0.1333966096435037
database1/img00007152.webp,0.296672,0.0,0.165207687373666
database1/img00007289.webp,0.004896,1.0,0.146817681515338
database1/img00007329.webp,0.096683,0.0,0.1348056302619811
database1/img00007335.webp,0.012784,1.0,0.1448467642125575
database1/img00007354.webp,0.047242,0.0,0.1148486524737029
database1/img00007383.webp,0.020362,1.0,0.1042017531326534
database1/img00007416.webp,0.105824,1.0,0.1446825256634022
database1/img00007435.webp,0.275659,0.0,0.2041913048293283
database1/img00007452.webp,0.091268,0.0,0.1198812759708318
database1/img00007454.webp,0.052407,1.0,0.1572710199960468
database1/img00007468.webp,0.289625,0.0,0.1970166058449534
database1/img00007470.webp,0.024029,1.0,0.2655650803347364
database1/img00007537.webp,0.023879,0.0,0.1248921644929419
database1/img00007538.webp,0.239526,0.0,0.1389415144474231
database1/img00007592.webp,0.092299,0.0,0.1275079428694219
database1/img00007663.webp,0.000453,1.0,0.1112081365529767
database1/img00007675.webp,0.145663,0.0,0.1180240082956949
database1/img00007764.webp,0.212475,0.0,0.1288050371350278
database1/img00007790.webp,0.273678,0.0,0.1642974260155634
database1/img00007837.webp,0.07434,0.0,0.1200541619239919
database1/img00007851.webp,0.187909,0.0,0.136973629411894
database1/img00007897.webp,0.021438,1.0,0.1305350514085979
database1/img00007955.webp,0.100119,0.0,0.1242017689566961
database1/img00007965.webp,0.126287,0.0,0.1018299531277507
database1/img00008054.webp,0.125876,0.0,0.1070734883986711
database1/img00008062.webp,0.192134,0.0,0.169753186587862
database1/img00008079.webp,0.010384,1.0,0.1290461796404272
database1/img00008191.webp,0.127108,1.0,0.1621914089343952
database1/img00008233.webp,0.03355,1.0,0.1418463474485141
database1/img00008333.webp,0.123145,0.0,0.1231347980997746
database1/img00008350.webp,0.003002,0.0,0.1038840891959289
database1/img00008419.webp,0.136366,0.0,0.1345124415275992
database1/img00008444.webp,0.19563,0.0,0.1307209152337948
database1/img00008485.webp,0.153649,0.0,0.1063576536162754
database1/img00008500.webp,0.243166,1.0,0.1502879117469583
database1/img00008540.webp,0.020411,1.0,0.1359316011277901
database1/img00008619.webp,0.172849,1.0,0.1366953057293192
database1/img00008684.webp,0.116788,1.0,0.2145612331163287
database1/img00008694.webp,0.257404,1.0,0.173686760210969
database1/img00008702.webp,0.150713,0.0,0.1255860417866185
database1/img00008778.webp,0.047436,1.0,0.1467291789340954
database1/img00008864.webp,0.142253,1.0,0.1350640177991139
database1/img00008929.webp,0.025151,1.0,0.1110359219620951
database1/img00009119.webp,0.134423,0.0,0.1270295943704567
database1/img00009131.webp,0.11769,0.0,0.1163091198215273
database1/img00009180.webp,0.22272,0.0,0.1590870094583992
database1/img00009210.webp,0.133618,1.0,0.1301983011413045
database1/img00009215.webp,0.015083,1.0,0.230356568968615
database1/img00009309.webp,0.232271,0.0,0.1965811472213206
database1/img00009310.webp,0.032707,1.0,0.1519187725695744
database1/img00009395.webp,0.188981,0.0,0.1117540118427298
database1/img00009397.webp,0.022474,0.0,0.108547433306027
database1/img00009399.webp,0.009987,1.0,0.117129498207478
database1/img00009423.webp,0.205953,0.0,0.1327868745643017
database1/img00009521.webp,0.096612,0.0,0.1128062863976189
database1/img00009606.webp,0.062144,1.0,0.125996642430397
database1/img00009643.webp,0.076471,0.0,0.1234709393110639
database1/img00009666.webp,0.249637,0.0,0.1326091248269177
database1/img00009740.webp,0.056754,0.0,0.129134934956544
database1/img00009804.webp,0.00402,1.0,0.178795620013708
database1/img00009898.webp,0.123271,0.0,0.1217511323465727
database1/img00009952.webp,0.220282,0.0,0.1486447580210611
database1/img00009963.webp,0.081114,1.0,0.1388039077722423
database1/img00010009.webp,0.161796,0.0,0.1171395881368261
database1/img00010196.webp,0.131846,0.0,0.1205489382414709
database1/img00010250.webp,0.119697,0.0,0.1671838541191429
database1/img00010353.webp,0.145055,0.0,0.1296231927419991
database1/img00010363.webp,0.133258,0.0,0.1237864759555764
database1/img00010383.webp,0.010398,1.0,0.0859180089804673
database1/img00010445.webp,0.356323,0.0,0.1370152143626165
database1/img00010509.webp,0.056891,1.0,0.1708177238342456
database1/img00010530.webp,0.091729,0.0,0.1316244509237156
database1/img00010535.webp,0.304853,0.0,0.1754278103624789
database1/img00010537.webp,0.013696,0.0,0.1399599088843555
database1/img00010580.webp,0.154987,1.0,0.1253952807216742
database1/img00010612.webp,0.334599,0.0,0.1472686835687455
database1/img00010629.webp,0.060911,0.0,0.1102110831175669
database1/img00010643.webp,0.114721,1.0,0.123202479547321
database1/img00010674.webp,0.023709,0.0,0.1154118837853435
database1/img00010757.webp,0.206361,0.0,0.135501035428564
database1/img00010780.webp,0.013969,0.0,0.1273339481881205
database1/img00010790.webp,0.031334,0.0,0.114570709648984
database1/img00010806.webp,0.065196,0.0,0.1241386760414808
database1/img00010887.webp,0.081617,0.0,0.1273521276503645
database1/img00010888.webp,0.233141,1.0,0.1797055777468721
database1/img00010982.webp,0.00745,1.0,0.1519360892665083
database1/img00010983.webp,0.20866,0.0,0.1317087844984151
database1/img00011118.webp,0.178597,1.0,0.2168408872507815
database1/img00011128.webp,0.27358,1.0,0.1422734928220176
database1/img00011142.webp,0.28074,1.0,0.1620269894251966
database1/img00011296.webp,0.108452,1.0,0.162064111807249
database1/img00011507.webp,0.092578,0.0,0.1176640143098288
database1/img00011516.webp,0.087323,0.0,0.1245976454446434
database1/img00011597.webp,0.091441,0.0,0.125202062799825
database1/img00011619.webp,0.253533,0.0,0.1546633235450702
database1/img00011623.webp,0.079619,0.0,0.1149601447547538
database1/img00011711.webp,0.412517,0.0,0.191646319374488
database1/img00011737.webp,0.360567,0.0,0.1597291074844939
database1/img00011787.webp,0.009168,1.0,0.1246544073376176
database1/img00011827.webp,0.096535,0.0,0.1304192664641673
database1/img00011910.webp,0.153312,0.0,0.1220982494159551
database1/img00011946.webp,0.118833,0.0,0.1278732362806725
database1/img00011981.webp,0.044401,1.0,0.135059457804809
database1/img00011982.webp,0.064973,1.0,0.1199610018786605
database1/img00012046.webp,0.013245,1.0,0.1385189119867766
database1/img00012050.webp,0.169118,0.0,0.1216310960960598
database1/img00012055.webp,0.118938,0.0,0.1291505993799891
database1/img00012083.webp,0.105677,1.0,0.1261493110165484
database1/img00012173.webp,0.148639,0.0,0.1292194428731726
database1/img00012174.webp,0.13274,0.0,0.1312125907730543
database1/img00012175.webp,0.161502,0.0,0.1385134609634118
database1/img00012194.webp,0.057599,0.0,0.1278603225856306
database1/img00012259.webp,0.022948,1.0,0.192502980021655
database1/img00012293.webp,0.081765,0.0,0.1302361488055259
database1/img00012367.webp,0.265563,0.0,0.1647233354006167
database1/img00012402.webp,0.08769,0.0,0.1289683529399853
database1/img00012413.webp,0.178087,0.0,0.1322259054249586
database1/img00012417.webp,0.047864,1.0,0.1233172487469178
database1/img00012444.webp,0.279593,0.0,0.1459315821265669
database1/img00012509.webp,0.14518,0.0,0.1083173294231943
database1/img00012555.webp,0.159567,0.0,0.1368885216002203
database1/img00012681.webp,0.00788,1.0,0.1197525371668204
database1/img00012805.webp,0.03627,0.0,0.1270850416478913
database1/img00012844.webp,0.027729,1.0,0.1359912856877267
database1/img00012874.webp,0.002528,1.0,0.1869999742781414
database1/img00012883.webp,0.105193,1.0,0.1235314380496742
database1/img00012980.webp,0.021348,1.0,0.1328697387521486
database1/img00013033.webp,0.378744,0.0,0.1691334071998071
database1/img00013074.webp,0.20406,0.0,0.1667948258573756
database1/img00013089.webp,0.0,1.0,0.1029381292093775
database1/img00013099.webp,0.124905,0.0,0.1681124008203847
database1/img00013109.webp,0.255454,0.0,0.2579689342616035
database1/img00013151.webp,0.003784,1.0,0.1174194629325887
database1/img00013182.webp,0.112701,0.0,0.1222063184214104
database1/img00013213.webp,0.208104,1.0,0.1560161428586089
database1/img00013311.webp,0.021686,1.0,0.1323702454917624
database1/img00013313.webp,0.096531,0.0,0.1419911008898238
database1/img00013345.webp,0.111239,1.0,0.1378722964421969
database1/img00013392.webp,0.234015,0.0,0.1306624879245625
database1/img00013433.webp,0.013693,1.0,0.135225001748353
database1/img00013450.webp,0.007936,1.0,0.1218854354922869
database1/img00013515.webp,0.055869,0.0,0.1232647987608311
database1/img00013591.webp,0.097683,0.0,0.1191469068703772
database1/img00013659.webp,0.005492,0.0,0.1337775138699766
database1/img00013777.webp,0.039118,0.0,0.1214591720956567
database1/img00013856.webp,0.08085,0.0,0.1524852633947463
database1/img00013896.webp,0.155239,0.0,0.1356020552446707
database1/img00013978.webp,0.216187,1.0,0.1252489929989038
database1/img00014030.webp,0.009111,0.0,0.1488144571491175
database1/img00014146.webp,0.019737,0.0,0.1277002406451424
database1/img00014277.webp,0.009327,1.0,0.1495825155373123
database1/img00014440.webp,0.313716,0.0,0.1635353375529723
database1/img00014506.webp,0.002933,0.0,0.1348332033536693
database1/img00014634.webp,0.124116,1.0,0.1325047517265121
database1/img00014645.webp,0.294956,1.0,0.1555606142112197
database1/img00014657.webp,0.009173,1.0,0.1077109382298581
database1/img00014808.webp,0.222577,0.0,0.1532509757139039
database1/img00014845.webp,0.184098,0.0,0.1359914087111777
database1/img00014912.webp,0.085464,0.0,0.1308717200416863
database1/img00014924.webp,0.071344,1.0,0.1564329653228961
database1/img00015038.webp,0.222266,1.0,0.1523000845539495
database1/img00015081.webp,0.134204,0.0,0.1762691521233075
database1/img00015348.webp,0.225921,0.0,0.1525147109703708
database1/img00015359.webp,0.033386,0.0,0.1230602880438898
database1/img00015476.webp,0.164199,0.0,0.1716426979048897
database1/img00015498.webp,0.128891,0.0,0.1153841687521554
database1/img00015505.webp,0.086803,0.0,0.125801287197366
database1/img00015509.webp,0.096299,1.0,0.1495151333112234
database1/img00015766.webp,0.128287,0.0,0.1213329889153612
database1/img00015784.webp,0.198335,0.0,0.1328124309768793
database1/img00015947.webp,0.126497,0.0,0.1251253316042027
database1/img00016004.webp,0.076385,0.0,0.1280863692178912
database1/img00016096.webp,0.018479,1.0,0.126542617024046
database1/img00016164.webp,0.009807,1.0,0.1255730177572322
database1/img00016181.webp,0.000908,1.0,0.1121052718136658
database1/img00016288.webp,0.368142,0.0,0.1858695313859634
database1/img00016296.webp,0.233928,0.0,0.1313663763301562
database1/img00016398.webp,0.070727,0.0,0.1244459055595744
database1/img00016442.webp,0.050167,0.0,0.1214707406615665
database1/img00016457.webp,0.145227,1.0,0.1327313446615625
database1/img00016490.webp,0.091022,0.0,0.1097940219779666
database1/img00016497.webp,0.144198,0.0,0.1347580679896254
database1/img00016611.webp,0.10049,0.0,0.1252987430181939
database1/img00016679.webp,0.001846,0.0,0.1392469254631134
database1/img00016886.webp,0.012909,1.0,0.1198142369564226
database1/img00016934.webp,0.076123,1.0,0.1175494948565206
database1/img00016955.webp,0.030027,1.0,0.1567328283251604
database1/img00017135.webp,0.137474,0.0,0.1262536332712001
database1/img00017144.webp,0.291437,0.0,0.1423044993323576
database1/img00017157.webp,0.097188,0.0,0.1231294513152384
database1/img00017237.webp,0.019539,0.0,0.1190427303658702
database1/img00017467.webp,0.193369,0.0,0.160304108228849
database1/img00017485.webp,0.231654,0.0,0.1976619547755036
database1/img00017623.webp,0.273226,0.0,0.1388602215389615
database1/img00017648.webp,0.013591,1.0,0.1107223378769469
database1/img00017737.webp,0.0127,1.0,0.1320843764476563
database1/img00017893.webp,0.369649,0.0,0.1412717899836851
database1/img00018025.webp,0.125656,0.0,0.1169019981337309
database1/img00018042.webp,0.016056,1.0,0.122840144446334
database1/img00018045.webp,0.096288,0.0,0.1224135249944051
database1/img00018076.webp,0.184672,1.0,0.1317448271878724
database1/img00018117.webp,0.020611,0.0,0.1374931783128129
database1/img00018133.webp,0.049189,0.0,0.1274450054358854
database1/img00018173.webp,0.28192,0.0,0.1515181075151792
database1/img00018225.webp,0.130293,0.0,0.1130071705838445
database1/img00018284.webp,0.238474,0.0,0.1416195580969158
database1/img00018380.webp,0.182421,0.0,0.1218930406274783
database1/img00018422.webp,0.021826,0.0,0.1299319511912997
database1/img00018465.webp,0.041569,1.0,0.138259754839874
database1/img00018500.webp,0.147015,0.0,0.1217236896706046
database1/img00018591.webp,0.11045,0.0,0.1439221005438635
database1/img00018619.webp,0.026771,1.0,0.1384539178444556
database1/img00018643.webp,0.14475,0.0,0.1367331452001531
database1/img00018689.webp,0.008002,0.0,0.1340666302817907
database1/img00018779.webp,0.045676,1.0,0.1240116787658226
database1/img00018873.webp,0.099329,0.0,0.1180541472486519
database1/img00018963.webp,0.0236,1.0,0.2797195136578745
database1/img00019125.webp,0.039224,1.0,0.1444106782762832
database1/img00019151.webp,0.151887,0.0,0.1633769360929003
database1/img00019162.webp,0.357571,0.0,0.1642994174005889
database1/img00019165.webp,0.070241,1.0,0.1536062413057084
database1/img00019172.webp,0.017685,0.0,0.1112927384187133
database1/img00019200.webp,0.017214,1.0,0.1267812884599033
database1/img00019353.webp,0.013152,0.0,0.1192232839951334
database1/img00019360.webp,0.02429,1.0,0.1232256981458218
database1/img00019362.webp,0.226958,0.0,0.1312607146982698
database1/img00019406.webp,0.122785,0.0,0.1254688403215419
database1/img00019511.webp,0.00639,1.0,0.1207802210924298
database1/img00019553.webp,0.097165,0.0,0.121551894516085
database1/img00019616.webp,0.008603,1.0,0.1437281339957729
database1/img00019625.webp,0.044642,1.0,0.1557858353466569
database1/img00019811.webp,0.135181,0.0,0.1248506442886712
database1/img00019846.webp,0.085115,0.0,0.1276219139102246
database1/img00019883.webp,0.295134,0.0,0.1822849304683669
database1/img00019956.webp,0.121542,0.0,0.1247339251656281
database1/img00020019.webp,0.245216,0.0,0.1402307885556283
database1/img00020092.webp,0.229511,0.0,0.1586592821707292
database1/img00020095.webp,0.369647,0.0,0.1553732732371065
database1/img00020106.webp,0.016139,1.0,0.1117996432172065
database1/img00020280.webp,0.093764,0.0,0.1240522603601498
database1/img00020383.webp,0.174486,0.0,0.1317099848593834
database1/img00020425.webp,0.105022,0.0,0.1199329038192714
database1/img00020495.webp,0.101841,0.0,0.1281307248522648
database1/img00020506.webp,0.143822,0.0,0.1320723550586318
database1/img00020690.webp,0.113169,0.0,0.1178667775378493
database1/img00020757.webp,0.123725,0.0,0.1265403088663537
database1/img00020765.webp,0.148549,0.0,0.1249520277843415
database1/img00020799.webp,0.406729,0.0,0.1936561699650546
database1/img00020831.webp,0.0,1.0,0.0953795772949007
database1/img00020839.webp,0.164052,0.0,0.1191391684010229
database1/img00020840.webp,0.164657,0.0,0.1344308310805965
database1/img00020876.webp,0.039848,0.0,0.1311273933495178
database1/img00020958.webp,0.18413,1.0,0.1286040310544833
database1/img00021024.webp,0.011248,1.0,0.1397631475862762
database1/img00021028.webp,0.079159,0.0,0.1127971075788583
database1/img00021119.webp,0.231027,0.0,0.1085777063301206
database1/img00021174.webp,0.029653,1.0,0.1287411723531999
database1/img00021203.webp,0.100309,1.0,0.2038984549559744
database1/img00021240.webp,0.12352,0.0,0.1313312167122708
database1/img00021256.webp,0.115372,0.0,0.1212350249516396
database1/img00021294.webp,0.230757,0.0,0.1538025302753646
database1/img00021336.webp,0.216002,0.0,0.1328981787727992
database1/img00021374.webp,0.038864,0.0,0.1268380745780572
database1/img00021382.webp,0.023478,1.0,0.2190026820079637
database1/img00021398.webp,0.118902,0.0,0.2384589228538566
database1/img00021523.webp,0.125539,0.0,0.1290218137117127
database1/img00021529.webp,0.020743,0.0,0.1294078979520475
database1/img00021585.webp,0.323915,0.0,0.1350693904959652
database1/img00021592.webp,0.053661,1.0,0.1391926165545887
database1/img00021620.webp,0.012103,1.0,0.1428294420246094
database1/img00021622.webp,0.258145,0.0,0.1462445896520801
database1/img00021629.webp,0.347567,0.0,0.1626563567014162
database1/img00021724.webp,0.117861,0.0,0.1300224840410013
database1/img00021737.webp,0.042247,1.0,0.1303769133637931
database1/img00021763.webp,0.319156,0.0,0.1917129593531072
database1/img00021881.webp,0.200485,0.0,0.121549831249225
database1/img00021891.webp,0.158308,0.0,0.1267052728514709
database1/img00022037.webp,0.280548,0.0,0.1651134316943023
database1/img00022062.webp,0.084716,1.0,0.1156573678124813
database1/img00022089.webp,0.105552,0.0,0.1252687909539298
database1/img00022098.webp,0.019455,1.0,0.1297723001076229
database1/img00022099.webp,0.017022,1.0,0.1469965375914686
database1/img00022106.webp,0.009696,1.0,0.1231008171150766
database1/img00022110.webp,0.247685,0.0,0.1839292137327551
database1/img00022174.webp,0.246505,1.0,0.1519142242012465
database1/img00022220.webp,0.197348,0.0,0.2106671805981933
database1/img00022367.webp,0.130304,0.0,0.1361669958646749
database1/img00022458.webp,0.178211,1.0,0.109225098489292
database1/img00022462.webp,0.147091,1.0,0.1361444088149303
database1/img00022521.webp,0.025301,1.0,0.1209856071584727
database1/img00022669.webp,0.094607,1.0,0.2522384325381612
database1/img00022715.webp,0.056654,0.0,0.1079008517739387
database1/img00022789.webp,0.207616,0.0,0.1998221085722843
database1/img00022833.webp,0.037262,1.0,0.1342460442075891
database1/img00022848.webp,0.082086,0.0,0.1250879015578652
database1/img00022964.webp,0.170935,0.0,0.1353186419041315
database1/img00023014.webp,0.001544,1.0,0.2488379302216488
database1/img00023146.webp,0.103648,1.0,0.1467830937107116
database1/img00023176.webp,0.028973,1.0,0.1809384454199265
database1/img00023181.webp,0.102577,0.0,0.1321867900395002
database1/img00023337.webp,0.089515,0.0,0.1178161141766717
database1/img00023439.webp,0.005019,1.0,0.1256231028947607
database1/img00023478.webp,0.105124,0.0,0.1142110666786946
database1/img00023517.webp,0.050744,0.0,0.1317941674238345
database1/img00023568.webp,0.010958,1.0,0.1471987457047307
database1/img00023725.webp,0.203847,0.0,0.1282981015560422
database1/img00023876.webp,0.079286,0.0,0.1193557921443855
database1/img00023903.webp,0.124474,0.0,0.1017999373801959
database1/img00024004.webp,0.151347,0.0,0.1339749204547072
database1/img00024033.webp,0.008003,1.0,0.14116726719377
database1/img00024054.webp,0.158105,0.0,0.1259305510285436
database1/img00024075.webp,0.098827,0.0,0.1343987471897715
database1/img00024097.webp,0.056329,1.0,0.1243331290455126
database1/img00024151.webp,0.223931,0.0,0.1164013866827027
database1/img00024251.webp,0.125194,0.0,0.1247514876109066
database1/img00024286.webp,0.203387,0.0,0.1875227132603168
database1/img00024330.webp,0.039351,0.0,0.1526797780008814
database1/img00024429.webp,0.001011,1.0,0.1042859782589055
database1/img00024472.webp,0.231978,0.0,0.1442583469475018
database1/img00024480.webp,0.229159,0.0,0.1329777782360412
database1/img00024496.webp,0.010786,0.0,0.1437931936791979
database1/img00024553.webp,0.040348,1.0,0.1370827528302756
database1/img00024607.webp,0.016616,1.0,0.1393357566199685
database1/img00024687.webp,0.27365,0.0,0.1496700484383044
database1/img00024753.webp,0.192923,0.0,0.1374578746526315
database1/img00024774.webp,0.053221,0.0,0.1242968797446333
database1/img00025064.webp,0.015037,0.0,0.1091162692074611
database1/img00025075.webp,0.298755,0.0,0.1580569502182291
database1/img00025133.webp,0.155681,1.0,0.1432646672280438
database1/img00025166.webp,0.014644,0.0,0.130592597272714
database1/img00025308.webp,0.026547,1.0,0.1324088800857577
database1/img00025347.webp,0.003317,1.0,0.140659526634645
database1/img00025392.webp,0.084647,0.0,0.1274930612398878
database1/img00025465.webp,0.083236,0.0,0.1593104057567225
database1/img00025509.webp,0.003962,0.0,0.1450428316146883
database1/img00025534.webp,0.073372,0.0,0.1262973165098594
database1/img00025566.webp,0.059194,1.0,0.141459856264285
database1/img00025641.webp,0.045629,1.0,0.1459221909919745
database1/img00025678.webp,0.113275,0.0,0.1293270410510267
database1/img00025969.webp,0.033245,1.0,0.1313983816636676
database1/img00026052.webp,0.217685,0.0,0.1339008373246064
database1/img00026073.webp,0.052874,0.0,0.1191105112165188
database1/img00026088.webp,0.15625,0.0,0.1360810704866009
database1/img00026103.webp,0.013345,1.0,0.1504514363203563
database1/img00026169.webp,0.063574,1.0,0.1647492228882165
database1/img00026178.webp,0.317092,0.0,0.1573255178041611
database1/img00026249.webp,0.008453,1.0,0.1460209664265714
database1/img00026281.webp,0.219012,1.0,0.1514865738924973
database1/img00026282.webp,0.011198,1.0,0.1430168399196992
database1/img00026305.webp,0.138547,1.0,0.1431905233358771
database1/img00026333.webp,0.154155,0.0,0.1237151081844916
database1/img00026341.webp,0.145098,0.0,0.2298740561159968
database1/img00026380.webp,0.102089,0.0,0.1350142969460139
database1/img00026418.webp,0.030072,1.0,0.1253963554840545
database1/img00026462.webp,0.007743,0.0,0.128338709825863
database1/img00026473.webp,0.0,1.0,0.1240977618857276
database1/img00026493.webp,0.222605,0.0,0.1288831434796906
database1/img00026505.webp,0.024604,1.0,0.1494714266257495
database1/img00026554.webp,0.005176,1.0,0.1405074220836732
database1/img00026653.webp,0.0,0.0,0.0917504672963701
database1/img00026673.webp,0.305916,0.0,0.13966579039476
database1/img00026714.webp,0.210407,0.0,0.1349893282314297
database1/img00026908.webp,0.046474,0.0,0.1248280579774093
database1/img00027013.webp,0.003769,0.0,0.1165746857816998
database1/img00027032.webp,0.007456,0.0,0.1469419494114151
database1/img00027062.webp,0.046983,1.0,0.1237893731335456
database1/img00027147.webp,0.083316,1.0,0.1518109291591235
database1/img00027201.webp,0.173566,0.0,0.1288588586458791
database1/img00027213.webp,0.102301,0.0,0.1290709775109273
database1/img00027267.webp,0.025949,0.0,0.1252510807558121
database1/img00027278.webp,0.04282,0.0,0.1271284931314588
database1/img00027291.webp,0.037481,1.0,0.1440805172954827
database1/img00027300.webp,0.162757,0.0,0.1301375418380315
database1/img00027329.webp,0.120534,0.0,0.0954826369009015
database1/img00027355.webp,0.012954,0.0,0.130500055830243
database1/img00027400.webp,0.093064,1.0,0.2896167055576985
database1/img00027672.webp,0.024684,0.0,0.1217266189441111
database1/img00027691.webp,0.263468,1.0,0.1608132735060992
database1/img00027708.webp,0.011879,1.0,0.1765314100157894
database1/img00027826.webp,0.008279,1.0,0.1321256263097003
database1/img00027870.webp,0.156292,0.0,0.1361273389921062
database1/img00027888.webp,0.010368,1.0,0.1409665324267059
database1/img00027943.webp,0.005057,1.0,0.1531399213686448
database1/img00027980.webp,0.1488,0.0,0.1297126543175816
database1/img00028069.webp,0.00506,1.0,0.1475638316726561
database1/img00028087.webp,0.001205,1.0,0.0993320482731465
database1/img00028101.webp,0.0173,1.0,0.1258172620579
database1/img00028174.webp,0.122309,0.0,0.1260617082392702
database1/img00028222.webp,0.107143,0.0,0.1219147462812248
database1/img00028224.webp,0.146398,0.0,0.1442681890732572
database1/img00028300.webp,0.012183,0.0,0.126548579346956
database1/img00028356.webp,0.152613,0.0,0.1051925288364556
database1/img00028517.webp,0.382837,0.0,0.1671825885789334
database1/img00028551.webp,0.203166,0.0,0.1823127271170086
database1/img00028578.webp,0.061325,0.0,0.1195420377658534
database1/img00028581.webp,0.020189,1.0,0.124259425799352
database1/img00028723.webp,0.12276,0.0,0.1349438995519287
database1/img00028742.webp,0.061928,0.0,0.1079860364456949
database1/img00028757.webp,0.031527,1.0,0.1384251970760615
database1/img00028784.webp,0.01652,0.0,0.1242033632283031
database1/img00028843.webp,0.045216,1.0,0.1612702061098819
database1/img00028942.webp,0.085705,0.0,0.1087703212257018
database1/img00029059.webp,0.201976,0.0,0.1344501509496918
database1/img00029154.webp,0.027398,0.0,0.2016133919733748
database1/img00029252.webp,0.011317,1.0,0.1428903940041922
database1/img00029315.webp,0.223811,0.0,0.1509242974952408
database1/img00029326.webp,0.073163,0.0,0.1137424698330827
database1/img00029393.webp,0.181547,0.0,0.1294113254365561
database1/img00029479.webp,0.172507,1.0,0.1534557353297486
database1/img00029527.webp,9.6e-05,1.0,0.0992766621802329
database1/img00029586.webp,0.049823,0.0,0.1303153513273225
database1/img00029691.webp,0.030185,1.0,0.1507148314476922
database1/img00029706.webp,0.21533,1.0,0.2855855463062806
database1/img00029758.webp,0.113217,0.0,0.1232840151493046
database1/img00029778.webp,0.154551,0.0,0.1647536401418831
database1/img00029960.webp,0.383842,0.0,0.1600256625100742
database2/database2/test/148.webp,0.048036,1.0,0.1268199919176822
database2/database2/test/190.webp,0.086509,1.0,0.2314057929373632
database2/database2/test/216.webp,0.245817,0.0,0.1220564150592832
database2/database2/test/232.webp,0.275174,0.0,0.1323406959665384
database2/database2/test/239.webp,0.175156,0.0,0.1565742669613793
database2/database2/test/266.webp,0.213241,0.0,0.1373017629886
database2/database2/test/34.webp,0.050154,0.0,0.1125940861310051
database2/database2/test/453.webp,0.089504,1.0,0.0867481985015915
database2/database2/test/472.webp,0.226614,1.0,0.1787847555103197
database2/database2/test/91.webp,0.465517,1.0,0.1445210094866037
database2/database2/train/1009.webp,0.104761,1.0,0.1571143786512889
database2/database2/train/1240.webp,0.146101,0.0,0.1384354296551186
database2/database2/train/1258.webp,0.246853,0.0,0.3075510189810518
database2/database2/train/127.webp,0.075508,0.0,0.1046822146885012
database2/database2/train/1279.webp,0.000502,1.0,0.2316384058084483
database2/database2/train/1311.webp,0.172932,1.0,0.3178942837740898
database2/database2/train/174.webp,0.051776,1.0,0.300881577797358
database2/database2/train/203.webp,0.050641,1.0,0.1415205345258729
database2/database2/train/219.webp,0.142928,0.0,0.1451205259165786
database2/database2/train/233.webp,0.281943,1.0,0.1610137938129308
database2/database2/train/26.webp,0.011878,0.0,0.1157221200491875
database2/database2/train/34.webp,0.095641,0.0,0.1371079862325216
database2/database2/train/433.webp,0.036418,1.0,0.1453589848151613
database2/database2/train/436.webp,0.026337,1.0,0.1179400789847631
database2/database2/train/515.webp,0.012181,1.0,0.1319387334682771
database2/database2/train/547.webp,0.0,1.0,0.0916037343109871
database2/database2/train/613.webp,0.048432,0.0,0.1173084442623737
database2/database2/train/624.webp,0.123039,1.0,0.2275691699834487
database2/database2/train/650.webp,0.113219,0.0,0.1255329906380284
database2/database2/train/766.webp,0.167917,0.0,0.1639336104382097
database2/database2/train/814.webp,0.3,0.0,0.1673268557736056
database2/database2/train/846.webp,0.020085,1.0,0.1414263818053584
database2/database2/train/900.webp,0.417188,1.0,0.154131063582127
database2/database2/train/928.webp,0.09983,0.0,0.1297277870996933
database2/database2/train/97.webp,0.048559,1.0,0.1466474347897597
database2/database2/train/992.webp,0.32608,0.0,0.1647980271260501
database3/database3/m.0109kg/59-FaceId-0_align.webp,0.264823,0.0,0.1587956167501942
database3/database3/m.010bk0/59-FaceId-0_align.webp,0.021845,1.0,0.2329662145062843
database3/database3/m.010ngb/60-FaceId-0_align.webp,0.012915,1.0,0.1178752354457649
database3/database3/m.010p3/45-FaceId-0_align.webp,0.01465,1.0,0.1545387031467511
database3/database3/m.010p3/69-FaceId-0_align.webp,0.027584,1.0,0.1410978941141574
database3/database3/m.010p3/82-FaceId-0_align.webp,0.013896,1.0,0.1259770921066811
database3/database3/m.010wty2t/83-FaceId-1_align.webp,0.168202,1.0,0.209068539962171
database3/database3/m.0112yl/20-FaceId-0_align.webp,0.035573,1.0,0.1663699128231956
database3/database3/m.01167d3z/34-FaceId-0_align.webp,0.37993,1.0,0.1742001972442063
database3/database3/m.01167d3z/74-FaceId-0_align.webp,0.319357,1.0,0.1611306185695346
database3/database3/m.011_0k/17-FaceId-0_align.webp,0.022011,1.0,0.1311638301295957
database3/database3/m.011_0k/3-FaceId-0_align.webp,0.017225,1.0,0.1439796461869707
database3/database3/m.011_0k/43-FaceId-0_align.webp,0.025252,1.0,0.1361804962678421
database3/database3/m.011_0k/77-FaceId-0_align.webp,0.126436,1.0,0.2636152620040869
database3/database3/m.011_2h/101-FaceId-0_align.webp,0.183945,0.0,0.1535510534486939
database3/database3/m.011_2h/18-FaceId-0_align.webp,0.139464,0.0,0.2078754519541107
database3/database3/m.011_2h/21-FaceId-0_align.webp,0.028243,0.0,0.135309596503986
database3/database3/m.011_3d/107-FaceId-0_align.webp,0.091414,1.0,0.1556279868413132
database3/database3/m.011_3d/31-FaceId-0_align.webp,0.156269,1.0,0.1505819091105889
database3/database3/m.011_3d/35-FaceId-0_align.webp,0.154662,1.0,0.3125121805000419
database3/database3/m.011_3s/106-FaceId-0_align.webp,0.132155,0.0,0.1438257695847783
database3/database3/m.011_3s/93-FaceId-0_align.webp,0.255275,0.0,0.1707668788099729
database3/database3/m.011_8/14-FaceId-0_align.webp,0.108434,1.0,0.1348079620488445
database3/database3/m.011_nf/83-FaceId-0_align.webp,0.036792,1.0,0.1352153151579944
database3/database3/m.011_pk/73-FaceId-0_align.webp,0.106935,1.0,0.164041772507843
database3/database3/m.011_pk/98-FaceId-0_align.webp,0.021278,1.0,0.1034414901877339
database3/database3/m.011_r9/15-FaceId-0_align.webp,0.000453,1.0,0.1183807642011508
database3/database3/m.011_r9/35-FaceId-0_align.webp,0.0,1.0,0.0859892791610312
database3/database3/m.011h_w/16-FaceId-0_align.webp,0.023388,1.0,0.2200327812055584
database3/database3/m.011h_w/57-FaceId-0_align.webp,0.034974,1.0,0.1759601410881072
database3/database3/m.011hdn/3-FaceId-0_align.webp,0.144586,1.0,0.2047596304600532
database3/database3/m.011hm1/28-FaceId-0_align.webp,0.045589,0.0,0.1617470780231235
database3/database3/m.011hm1/59-FaceId-0_align.webp,0.308314,0.0,0.143381927400641
database3/database3/m.011hmd/24-FaceId-0_align.webp,0.029049,1.0,0.1908140730246363
database3/database3/m.011jfg/102-FaceId-0_align.webp,0.016853,0.0,0.1314563093325724
database3/database3/m.011jfg/64-FaceId-0_align.webp,0.014724,0.0,0.1370443972902691
database3/database3/m.011kd9/42-FaceId-0_align.webp,0.092666,1.0,0.0
database3/database3/m.011kd9/48-FaceId-0_align.webp,0.021031,1.0,0.2230450931293623
database3/database3/m.011l17/115-FaceId-0_align.webp,0.008147,1.0,0.1179785229146458
database3/database3/m.011l17/73-FaceId-0_align.webp,0.013848,1.0,0.1440423400836021
database3/database3/m.011l17/78-FaceId-0_align.webp,0.000371,1.0,0.1224439737606847
database3/database3/m.011lf5/30-FaceId-0_align.webp,0.003745,1.0,0.1373279287460507
database3/database3/m.011lhy/14-FaceId-0_align.webp,0.06605,1.0,0.0996779437519431
database3/database3/m.011m1y/65-FaceId-0_align.webp,0.010331,1.0,0.2030622491130733
database3/database3/m.011m1y/93-FaceId-0_align.webp,0.010174,1.0,0.1172277767202579
database3/database3/m.011m33/35-FaceId-0_align.webp,0.10764,0.0,0.116891859207677
database3/database3/m.011m33/96-FaceId-0_align.webp,0.077455,0.0,0.1525257066106532
database3/database3/m.011m33/98-FaceId-0_align.webp,0.093352,0.0,0.1844285681658543
database3/database3/m.011p3/100-FaceId-0_align.webp,0.261068,0.0,0.1753209272908947
database3/database3/m.011p3/38-FaceId-0_align.webp,0.260325,0.0,0.1282763454045942
database3/database3/m.011qm2/8-FaceId-0_align.webp,0.02115,1.0,0.1254471118680915
database3/database3/m.011w1b/4-FaceId-0_align.webp,0.011173,0.0,0.1271303555536072
database3/database3/m.011w1b/5-FaceId-0_align.webp,0.149673,0.0,0.1310165369644125
database3/database3/m.011w1b/65-FaceId-0_align.webp,0.028609,0.0,0.1243847530988715
database3/database3/m.011w1b/75-FaceId-0_align.webp,0.102741,0.0,0.1463171431526453
database3/database3/m.011xgp/24-FaceId-0_align.webp,0.060348,1.0,0.1420508555084568
database3/database3/m.011xgp/72-FaceId-0_align.webp,0.024118,1.0,0.1739744573146868
database3/database3/m.011xjd/62-FaceId-0_align.webp,0.025855,1.0,0.1493216081134877
database3/database3/m.011xl3/35-FaceId-0_align.webp,0.101991,1.0,0.1498154885180246
database3/database3/m.011xl3/86-FaceId-0_align.webp,0.095741,1.0,0.2280444253923075
database3/database3/m.011xl3/92-FaceId-0_align.webp,0.15032,1.0,0.1505722064372562
database3/database3/m.011xl3/99-FaceId-0_align.webp,0.04585,1.0,0.1306395370872892
database3/database3/m.011xll/89-FaceId-0_align.webp,0.057752,1.0,0.2018761793981205
database3/database3/m.011ybj/52-FaceId-0_align.webp,0.042728,1.0,0.1300313021924881
database3/database3/m.011ybj/61-FaceId-0_align.webp,0.033422,1.0,0.1176428455901938
database3/database3/m.011yx0/17-FaceId-0_align.webp,0.03676,1.0,0.1355989627582434
database3/database3/m.011yx0/7-FaceId-0_align.webp,0.025923,1.0,0.1255151714458513
database3/database3/m.011z69/22-FaceId-0_align.webp,0.003956,1.0,0.1049392232689216
database3/database3/m.011z69/27-FaceId-0_align.webp,0.057013,1.0,0.1157158950669407
database3/database3/m.011z69/67-FaceId-0_align.webp,0.026898,1.0,0.1269308197335507
database3/database3/m.011zfk/22-FaceId-0_align.webp,0.214757,1.0,0.1081570259563653
database3/database3/m.011zfz/75-FaceId-0_align.webp,0.159958,0.0,0.1380123362800329
database3/database3/m.011zg9/22-FaceId-0_align.webp,0.107141,0.0,0.1159255001138615
database3/database3/m.011zg9/39-FaceId-0_align.webp,0.053582,0.0,0.1199592518694715
database3/database3/m.011zgs/52-FaceId-0_align.webp,0.127677,0.0,0.2760561661528987
database3/database3/m.011zkh/84-FaceId-0_align.webp,0.008351,1.0,0.1238603585467663
database3/database3/m.011zwl/37-FaceId-0_align.webp,0.073722,1.0,0.1247548576721749
database3/database3/m.01200d/24-FaceId-0_align.webp,0.036817,1.0,0.1087899199742358
database3/database3/m.01200d/80-FaceId-0_align.webp,0.017066,1.0,0.1144605465322604
database3/database3/m.012052/1-FaceId-0_align.webp,0.109494,1.0,0.1274632715407334
database3/database3/m.012052/30-FaceId-0_align.webp,0.193814,1.0,0.2890718079905048
database3/database3/m.012052/63-FaceId-0_align.webp,0.135953,1.0,0.1619799262166911
database3/database3/m.0122lq/12-FaceId-0_align.webp,0.034174,1.0,0.1089448051323749
database3/database3/m.0122lq/62-FaceId-0_align.webp,0.002899,1.0,0.1855484520109786
database3/database3/m.0122lq/73-FaceId-0_align.webp,0.026793,1.0,0.1190649896785445
database3/database3/m.0122m5/94-FaceId-0_align.webp,0.003731,1.0,0.1941190891355694
database3/database3/m.01233w/1-FaceId-0_align.webp,0.049894,1.0,0.1146003046177631
database3/database3/m.01233w/25-FaceId-0_align.webp,0.043404,1.0,0.1435497646720561
database3/database3/m.01239/57-FaceId-0_align.webp,0.01656,1.0,0.1500702813922907
database3/database3/m.01239/68-FaceId-0_align.webp,0.012855,1.0,0.1317743048493567
database3/database3/m.0123x2/101-FaceId-0_align.webp,0.244668,1.0,0.1626934050142311
database3/database3/m.01241v/54-FaceId-0_align.webp,0.010871,1.0,0.1109442805562566
database3/database3/m.0124t/70-FaceId-0_align.webp,0.066352,0.0,0.2061522057272366
database3/database3/m.01257s/41-FaceId-1_align.webp,0.025408,1.0,0.1329218737869384
database3/database3/m.0126rp/46-FaceId-0_align.webp,0.064149,1.0,0.1181024400784433
database3/database3/m.0126rp/48-FaceId-0_align.webp,0.020111,1.0,0.1226307676611969
database3/database3/m.0126y2/49-FaceId-0_align.webp,0.042913,1.0,0.1300657770982701
database3/database3/m.0126y2/81-FaceId-0_align.webp,0.011658,1.0,0.2280072087216249
database3/database3/m.0126y2/92-FaceId-0_align.webp,0.2594,1.0,0.184139722093966
database3/database3/m.01270s/15-FaceId-0_align.webp,0.00523,1.0,0.1020301491045062
database3/database3/m.01270s/43-FaceId-0_align.webp,0.024273,1.0,0.1299805371161545
database3/database3/m.01271_/40-FaceId-0_align.webp,0.046844,0.0,0.133278458797817
database3/database3/m.01271_/42-FaceId-0_align.webp,0.082785,0.0,0.1705718960597205
database3/database3/m.01271_/92-FaceId-0_align.webp,0.131196,0.0,0.1312626950169851
database3/database3/m.0127fx/6-FaceId-0_align.webp,0.010653,1.0,0.1270901310934952
database3/database3/m.0127gn/12-FaceId-0_align.webp,0.02417,1.0,0.1120709372991627
database3/database3/m.0127tk/114-FaceId-0_align.webp,0.088119,1.0,0.1172199588061775
database3/database3/m.0127tk/121-FaceId-0_align.webp,0.110272,1.0,0.1420308438733491
database3/database3/m.0127tk/32-FaceId-0_align.webp,0.044592,1.0,0.1280834760389814
database3/database3/m.0127tk/61-FaceId-0_align.webp,0.157887,1.0,0.1458485129926272
database3/database3/m.0127tk/75-FaceId-0_align.webp,0.118857,1.0,0.1419987046009691
database3/database3/m.0127tk/83-FaceId-0_align.webp,0.180049,1.0,0.1278504219177578
database3/database3/m.0127zt/62-FaceId-0_align.webp,0.099007,0.0,0.1335497348833025
database3/database3/m.012801/76-FaceId-0_align.webp,0.060329,1.0,0.1247551270535217
database3/database3/m.012981/36-FaceId-0_align.webp,0.038673,1.0,0.1207479992359403
database3/database3/m.012_53/112-FaceId-0_align.webp,0.081654,0.0,0.1186328761052871
database3/database3/m.012_53/73-FaceId-0_align.webp,0.056783,0.0,0.1226303256592436
database3/database3/m.012_jj/10-FaceId-0_align.webp,0.005143,1.0,0.118775054028049
database3/database3/m.012_jj/103-FaceId-0_align.webp,0.04174,1.0,0.0948449676903085
database3/database3/m.012_jj/83-FaceId-0_align.webp,0.123978,1.0,0.1203613448818225
database3/database3/m.012c6j/57-FaceId-0_align.webp,0.0,1.0,0.0765551413921287
database3/database3/m.012c6x/43-FaceId-0_align.webp,0.000386,1.0,0.159971908011659
database3/database3/m.012c8f/13-FaceId-0_align.webp,0.010098,1.0,0.1395313280002281
database3/database3/m.012c8f/85-FaceId-0_align.webp,0.121074,1.0,0.2514044257669918
database3/database3/m.012ck8/1-FaceId-0_align.webp,0.250793,0.0,0.2075689283441043
database3/database3/m.012cm5/19-FaceId-0_align.webp,0.050828,1.0,0.1335270033621809
database3/database3/m.012cm5/75-FaceId-0_align.webp,0.032775,1.0,0.0818081129237321
database3/database3/m.012cm5/90-FaceId-0_align.webp,0.082057,1.0,0.1512601168170529
database3/database3/m.012cnn/11-FaceId-0_align.webp,0.107545,0.0,0.1204941369797865
database3/database3/m.012cph/108-FaceId-0_align.webp,0.01551,1.0,0.1173034465728423
database3/database3/m.012cph/17-FaceId-0_align.webp,0.005549,1.0,0.1603260190624756
database3/database3/m.012cph/68-FaceId-0_align.webp,0.017584,1.0,0.1660943888440099
database3/database3/m.012cyp/33-FaceId-0_align.webp,0.012748,0.0,0.1124627691269325
database3/database3/m.012cyp/43-FaceId-0_align.webp,0.207358,0.0,0.1266110220270017
database3/database3/m.012cyp/7-FaceId-0_align.webp,0.030272,0.0,0.1133029736300192
database3/database3/m.012czd/35-FaceId-0_align.webp,0.035058,0.0,0.1049055588199986
database3/database3/m.012czd/90-FaceId-0_align.webp,0.001711,0.0,0.1353777742851393
database3/database3/m.012dtw/86-FaceId-0_align.webp,0.075626,1.0,0.1714630522817496
database3/database3/m.012fgx/58-FaceId-0_align.webp,0.039289,1.0,0.114419361321139
database3/database3/m.012g8l/75-FaceId-0_align.webp,0.015517,1.0,0.1550224233651344
database3/database3/m.012gbb/1-FaceId-0_align.webp,0.057132,0.0,0.146525438268191
database3/database3/m.012gbb/104-FaceId-0_align.webp,0.023381,0.0,0.1198335107295656
database3/database3/m.012gbb/86-FaceId-0_align.webp,0.070682,0.0,0.1482125455445689
database3/database3/m.012gdw/54-FaceId-0_align.webp,0.06697,1.0,0.112010399805273
database3/database3/m.012gl8/17-FaceId-0_align.webp,0.06567,0.0,0.1285584985162765
database3/database3/m.012gl8/38-FaceId-0_align.webp,0.063039,0.0,0.127109781627306
database3/database3/m.012gq6/33-FaceId-0_align.webp,0.016946,1.0,0.1099391391534198
database3/database3/m.012gr9/29-FaceId-0_align.webp,0.156273,0.0,0.1667507110045098
database3/database3/m.012gx2/64-FaceId-0_align.webp,0.000577,1.0,0.1179362011785725
database3/database3/m.012gx2/77-FaceId-0_align.webp,0.126437,1.0,0.157543067969532
database3/database3/m.012gx2/8-FaceId-0_align.webp,0.019361,1.0,0.102466927805757
database3/database3/m.012gx2/99-FaceId-0_align.webp,0.025003,1.0,0.1467906769688581
database3/database3/m.012h65/109-FaceId-0_align.webp,0.210562,1.0,0.3086962580757627
database3/database3/m.012hqb/33-FaceId-0_align.webp,0.004406,1.0,0.1555527491227651
database3/database3/m.012hr4/21-FaceId-0_align.webp,0.126033,1.0,0.1293192481103033
database3/database3/m.012hr4/67-FaceId-0_align.webp,0.183915,1.0,0.1283527967147942
database3/database3/m.012hr4/74-FaceId-0_align.webp,0.037244,1.0,0.1312871813686199
database3/database3/m.012hsb/101-FaceId-0_align.webp,0.192286,1.0,0.1294385292649556
database3/database3/m.012hsb/74-FaceId-0_align.webp,0.057902,1.0,0.13784466947236
database3/database3/m.012hz4/77-FaceId-0_align.webp,0.118119,0.0,0.177632604006522
database3/database3/m.012j2r/108-FaceId-0_align.webp,0.027644,1.0,0.1102580369334435
database3/database3/m.012j2r/38-FaceId-0_align.webp,0.010758,1.0,0.130462211945309
database3/database3/m.012j2r/9-FaceId-0_align.webp,0.029992,1.0,0.1118770419533398
database3/database3/m.012kdb/7-FaceId-0_align.webp,0.154185,0.0,0.1311845509952068
database3/database3/m.012kk4/31-FaceId-1_align.webp,0.026924,1.0,0.149000211864933
database3/database3/m.012l22/20-FaceId-0_align.webp,0.182682,1.0,0.2710640044529154
database3/database3/m.012l22/56-FaceId-0_align.webp,0.079127,1.0,0.228677240326023
database3/database3/m.012lyg/82-FaceId-0_align.webp,0.015571,1.0,0.1099917911503604
database3/database3/m.012m1c/109-FaceId-0_align.webp,0.052592,0.0,0.1197404761525984
database3/database3/m.012m1c/113-FaceId-0_align.webp,0.018979,0.0,0.1234883750972031
database3/database3/m.012m1c/56-FaceId-0_align.webp,0.076711,0.0,0.0964174455902325
database3/database3/m.012m7r/99-FaceId-0_align.webp,0.002972,1.0,0.2275885417656495
database3/database3/m.012mh_/3-FaceId-0_align.webp,0.065168,1.0,0.1208403545575368
database3/database3/m.012mh_/6-FaceId-0_align.webp,0.002681,1.0,0.1099177652593632
database3/database3/m.012mk7/90-FaceId-0_align.webp,0.032433,1.0,0.1084152676863982
database3/database3/m.012ml0/96-FaceId-0_align.webp,0.031451,1.0,0.1155378931796791
database3/database3/m.012mmb/47-FaceId-0_align.webp,0.146313,0.0,0.1687195240491714
database3/database3/m.012mn4/43-FaceId-0_align.webp,0.005783,1.0,0.1363066014700856
database3/database3/m.012nry/108-FaceId-0_align.webp,0.006878,1.0,0.0956103224011154
database3/database3/m.012nry/28-FaceId-0_align.webp,0.006764,1.0,0.179449267919566
database3/database3/m.012nry/3-FaceId-0_align.webp,0.008173,1.0,0.1285239171975991
database3/database3/m.012nry/57-FaceId-0_align.webp,0.00436,1.0,0.1409543526610145
database3/database3/m.012pjh/2-FaceId-0_align.webp,0.0,1.0,0.1347972724879937
database3/database3/m.012q4n/50-FaceId-0_align.webp,0.004622,1.0,0.2738992213806449
database3/database3/m.012qfw/20-FaceId-1_align.webp,0.162552,0.0,0.1069828374713553
database3/database3/m.012qfw/41-FaceId-0_align.webp,0.211858,0.0,0.1086895292769069
database3/database3/m.012qgc/82-FaceId-0_align.webp,0.002042,1.0,0.140358321810673
database3/database3/m.012rng/35-FaceId-0_align.webp,0.036379,1.0,0.1876893231751205
database3/database3/m.012rng/47-FaceId-0_align.webp,0.022161,1.0,0.4023921121720051
database3/database3/m.012rng/48-FaceId-0_align.webp,0.01786,1.0,0.1266215628760397
database3/database3/m.012rth/93-FaceId-0_align.webp,0.046323,1.0,0.3352977938586079
database3/database3/m.012s1x/11-FaceId-0_align.webp,0.049377,1.0,0.133031586420301
database3/database3/m.012s5j/122-FaceId-0_align.webp,0.205872,0.0,0.1624428532446732
database3/database3/m.012s9f/0-FaceId-0_align.webp,0.000412,1.0,0.1090758946551787
database3/database3/m.012st7/14-FaceId-0_align.webp,0.003821,1.0,0.2052931624732608
database3/database3/m.012t1d/17-FaceId-0_align.webp,0.167599,1.0,0.1235968675025295
database3/database3/m.012t1d/37-FaceId-0_align.webp,0.016467,1.0,0.1274891519002937
database3/database3/m.012t1d/80-FaceId-0_align.webp,0.014504,1.0,0.1738356770350481
database3/database3/m.012t3l/22-FaceId-0_align.webp,0.012766,1.0,0.0
database3/database3/m.012t7s/3-FaceId-0_align.webp,0.014581,1.0,0.1167139563994001
database3/database3/m.012tmz/123-FaceId-0_align.webp,0.001629,1.0,0.1147894135298127
database3/database3/m.012v1t/29-FaceId-0_align.webp,0.118114,0.0,0.1217598667223236
database3/database3/m.012v1t/67-FaceId-0_align.webp,0.072956,0.0,0.1177048352664114
database3/database3/m.012v1t/93-FaceId-0_align.webp,0.033657,0.0,0.1230640512121856
database3/database3/m.012vby/3-FaceId-0_align.webp,0.002151,1.0,0.1652707953626465
database3/database3/m.012vby/36-FaceId-0_align.webp,0.0,1.0,0.2473564292285949
database3/database3/m.012vd6/49-FaceId-0_align.webp,0.124288,0.0,0.1517385773393706
database3/database3/m.012vd6/5-FaceId-0_align.webp,0.104381,0.0,0.1273008980512739
database3/database3/m.012vd6/75-FaceId-1_align.webp,0.054381,0.0,0.1746659933876148
database3/database3/m.012vf6/90-FaceId-0_align.webp,0.069167,0.0,0.1493909153947353
database3/database3/m.012vhn/10-FaceId-0_align.webp,0.009813,1.0,0.1121990721409328
database3/database3/m.012vhn/4-FaceId-0_align.webp,0.005793,1.0,0.0693734814162032
database3/database3/m.012vq0/30-FaceId-0_align.webp,0.028246,1.0,0.1225872274376657
database3/database3/m.012vq0/67-FaceId-0_align.webp,0.017872,1.0,0.1353085872056534
database3/database3/m.012vqh/80-FaceId-0_align.webp,0.078239,0.0,0.1754927238100524
database3/database3/m.012w05/52-FaceId-0_align.webp,0.000408,1.0,0.1360288204586366
database3/database3/m.012w3k/19-FaceId-0_align.webp,0.109411,1.0,0.1865984623696242
database3/database3/m.012w3k/33-FaceId-0_align.webp,0.07009,1.0,0.1314719403553629
database3/database3/m.012w3k/4-FaceId-0_align.webp,0.071086,1.0,0.146126267627418
database3/database3/m.012wfh/73-FaceId-0_align.webp,0.055456,0.0,0.2201104848817193
database3/database3/m.012wfh/77-FaceId-0_align.webp,0.055,0.0,0.1309370837371024
database3/database3/m.012wgv/56-FaceId-0_align.webp,0.072911,1.0,0.1415096338463543
database3/database3/m.012x2b/18-FaceId-0_align.webp,0.0,1.0,0.1460856200393717
database3/database3/m.012x2b/46-FaceId-0_align.webp,0.039092,1.0,0.1380072501562751
database3/database3/m.012x2b/54-FaceId-0_align.webp,0.049838,1.0,0.1179366926879506
database3/database3/m.012x2b/72-FaceId-0_align.webp,0.008788,1.0,0.116836863048916
database3/database3/m.012x5/81-FaceId-0_align.webp,0.058123,0.0,0.1404410788142568
database3/database3/m.012xdy/81-FaceId-0_align.webp,0.012382,1.0,0.1516845811933448
database3/database3/m.012xls/57-FaceId-0_align.webp,0.114584,1.0,0.4472528454276693
database3/database3/m.012xls/70-FaceId-0_align.webp,0.126797,1.0,0.1043186373199608
database3/database3/m.012xls/74-FaceId-0_align.webp,0.018384,1.0,0.3381117659219746
database3/database3/m.012y1h/86-FaceId-0_align.webp,0.123838,1.0,0.1559134843984114
database3/database3/m.012ycy/16-FaceId-0_align.webp,0.002336,1.0,0.1524710616640905
database3/database3/m.012ycy/21-FaceId-0_align.webp,0.164069,1.0,0.1368806613199367
database3/database3/m.012ycy/73-FaceId-0_align.webp,0.017165,1.0,0.1486703683008377
database3/database3/m.012ycy/99-FaceId-0_align.webp,0.136797,1.0,0.0746781171958833
database3/database3/m.012yg1/19-FaceId-0_align.webp,0.003406,1.0,0.2205126972263699
database3/database3/m.012yg1/21-FaceId-0_align.webp,0.007301,1.0,0.160627012526734
database3/database3/m.012yg1/66-FaceId-0_align.webp,0.007466,1.0,0.1824651071270723
database3/database3/m.012yhd/22-FaceId-0_align.webp,0.043044,1.0,0.1568244217641283
database3/database3/m.012yhd/41-FaceId-0_align.webp,0.014599,1.0,0.1524682483442823
database3/database3/m.012yhd/87-FaceId-0_align.webp,0.016417,1.0,0.1613947105020329
database3/database3/m.012ysy/40-FaceId-0_align.webp,0.005784,1.0,0.1360685871086209
database3/database3/m.012yxk/51-FaceId-0_align.webp,0.111796,1.0,0.1723692312147898
database3/database3/m.012z8_/39-FaceId-0_align.webp,0.076699,1.0,0.1120227349252216
database3/database3/m.012zrl/119-FaceId-0_align.webp,0.19435,0.0,0.1031923895237044
database3/database3/m.012zrl/22-FaceId-0_align.webp,0.184216,0.0,0.1352438153209782
database3/database3/m.012zrl/34-FaceId-0_align.webp,0.221002,0.0,0.1818886253506434
database3/database3/m.01300z/111-FaceId-0_align.webp,0.011168,1.0,0.1229221324407148
database3/database3/m.01300z/46-FaceId-0_align.webp,0.004916,1.0,0.1306056132239421
database3/database3/m.01306d/26-FaceId-0_align.webp,0.043181,1.0,0.1517665854079672
database3/database3/m.0130py/108-FaceId-0_align.webp,0.041408,1.0,0.2210450134203722
database3/database3/m.0130py/9-FaceId-0_align.webp,0.045214,1.0,0.1185497684589725
database3/database3/m.0130sy/65-FaceId-0_align.webp,0.067207,1.0,0.0747821681491191
database3/database3/m.013107/34-FaceId-0_align.webp,0.131929,0.0,0.1312582589837129
database3/database3/m.0131kb/28-FaceId-0_align.webp,0.0,1.0,0.0796260345419585
database3/database3/m.0131kb/47-FaceId-0_align.webp,0.0,1.0,0.1207020686794031
database3/database3/m.0131kb/76-FaceId-0_align.webp,0.081559,1.0,0.2250578308967218
database3/database3/m.013267/23-FaceId-0_align.webp,0.049038,1.0,0.1407116710106386
database3/database3/m.0132k4/103-FaceId-0_align.webp,0.076004,1.0,0.1699734810925486
database3/database3/m.0132k4/97-FaceId-0_align.webp,0.101202,1.0,0.1528813553643429
database3/database3/m.0132kn/100-FaceId-0_align.webp,0.045478,1.0,0.1404851514819314
database3/database3/m.0132q1/29-FaceId-0_align.webp,0.017581,0.0,0.1303392897187693
database3/database3/m.013339/106-FaceId-0_align.webp,0.058305,1.0,0.1204165993453187
database3/database3/m.013339/23-FaceId-0_align.webp,0.255508,1.0,0.1631644106227089
database3/database3/m.013339/80-FaceId-0_align.webp,0.066481,1.0,0.1708220484861916
database3/database3/m.01338h/81-FaceId-0_align.webp,0.088482,0.0,0.113063058875985
database3/database3/m.0133c4/15-FaceId-0_align.webp,0.207364,1.0,0.1270726283577229
database3/database3/m.0133x7/100-FaceId-0_align.webp,0.144974,0.0,0.1294476447061753
database3/database3/m.0133yt/45-FaceId-0_align.webp,0.102482,1.0,0.1845486635201362
database3/database3/m.01341q/51-FaceId-0_align.webp,0.043853,1.0,0.2200853506335268
database3/database3/m.013423/105-FaceId-0_align.webp,0.016474,0.0,0.225442962232214
database3/database3/m.013423/43-FaceId-0_align.webp,0.10846,0.0,0.1239564592861068
database3/database3/m.0134cp/27-FaceId-0_align.webp,0.030912,1.0,0.1493693199632346
database3/database3/m.0134cp/34-FaceId-1_align.webp,0.031754,1.0,0.1468447261191276
database3/database3/m.0134cp/53-FaceId-0_align.webp,0.019724,1.0,0.1328005961294633
database3/database3/m.0134dc/38-FaceId-0_align.webp,0.000768,1.0,0.1522890699714849
database3/database3/m.0134dc/73-FaceId-0_align.webp,0.003398,1.0,0.2333409938858131
database3/database3/m.0134fr/66-FaceId-0_align.webp,0.01299,1.0,0.1385870155123927
database3/database3/m.0134fr/82-FaceId-0_align.webp,0.004786,1.0,0.1564689922304279
database3/database3/m.0134wr/11-FaceId-2_align.webp,0.000566,1.0,0.13380857273638
database3/database3/m.0134wr/30-FaceId-2_align.webp,0.080915,1.0,0.1257884795177932
database3/database3/m.0134wr/52-FaceId-2_align.webp,0.028557,1.0,0.0845838138232396
database3/database3/m.0134wr/65-FaceId-1_align.webp,0.001253,1.0,0.1145148388024782
database3/database3/m.0134wr/69-FaceId-2_align.webp,0.064238,1.0,0.1277579515932371
database3/database3/m.0134wr/89-FaceId-1_align.webp,0.188914,1.0,0.109336760119594
database3/database3/m.0135nb/89-FaceId-0_align.webp,0.051256,1.0,0.1360175238505307
database3/database3/m.01368v/100-FaceId-0_align.webp,0.078994,0.0,0.1210637447561363
database3/database3/m.01368v/58-FaceId-0_align.webp,0.186435,0.0,0.1223246642214641
database3/database3/m.01368v/59-FaceId-1_align.webp,0.101878,0.0,0.1109757888409229
database3/database3/m.0136ms/38-FaceId-0_align.webp,0.015722,1.0,0.1185814940757779
database3/database3/m.0136p1/103-FaceId-0_align.webp,0.341015,0.0,0.1783051979910851
database3/database3/m.0136p1/13-FaceId-0_align.webp,0.259257,0.0,0.1472060024075815
database3/database3/m.0136p1/66-FaceId-0_align.webp,0.075301,0.0,0.1275342128178273
database3/database3/m.0136pk/68-FaceId-0_align.webp,0.195786,1.0,0.1658887526695002
database3/database3/m.0136pk/87-FaceId-0_align.webp,0.172482,1.0,0.1486321525887536
database3/database3/m.0136tm/24-FaceId-0_align.webp,0.011359,1.0,0.1304155250685079
database3/database3/m.0137s4/92-FaceId-0_align.webp,0.014219,1.0,0.3943714448660373
database3/database3/m.01380_/30-FaceId-0_align.webp,0.062935,1.0,0.2017146886038616
database3/database3/m.01380_/84-FaceId-0_align.webp,0.019541,1.0,0.1414922807182899
database3/database3/m.013823/15-FaceId-0_align.webp,0.004502,1.0,0.1001657044908171
database3/database3/m.013823/5-FaceId-0_align.webp,0.029677,1.0,0.1012802847682955
database3/database3/m.013846/35-FaceId-0_align.webp,0.005272,1.0,0.1391160975365359
database3/database3/m.013846/71-FaceId-0_align.webp,0.036782,1.0,0.1311892197297096
database3/database3/m.01386_/97-FaceId-0_align.webp,0.01382,1.0,0.1130933630294881
database3/database3/m.01386m/93-FaceId-0_align.webp,0.049853,1.0,0.1404441858272907
database3/database3/m.01387g/36-FaceId-0_align.webp,0.020561,1.0,0.1196290506373539
database3/database3/m.01387g/90-FaceId-0_align.webp,0.00159,1.0,0.1024356169918234
database3/database3/m.01387y/2-FaceId-0_align.webp,0.062856,1.0,0.1474227525768406
database3/database3/m.01387y/32-FaceId-0_align.webp,0.048091,1.0,0.1510490144426268
database3/database3/m.01387y/46-FaceId-0_align.webp,0.0006,1.0,0.1126406202030312
database3/database3/m.01388c/29-FaceId-0_align.webp,0.136546,1.0,0.1435054985569033
database3/database3/m.01388c/82-FaceId-0_align.webp,0.007483,1.0,0.1453436782569837
database3/database3/m.01388c/92-FaceId-0_align.webp,0.007604,1.0,0.1260513316378615
database3/database3/m.01389w/75-FaceId-1_align.webp,0.011085,1.0,0.1068557649917557
database3/database3/m.01389w/76-FaceId-0_align.webp,0.018887,1.0,0.1250593278209602
database3/database3/m.0138b7/49-FaceId-0_align.webp,0.173256,1.0,0.116498263958406
database3/database3/m.0138b7/63-FaceId-0_align.webp,0.091583,1.0,0.2022313211928733
database3/database3/m.0138m1/11-FaceId-0_align.webp,0.033355,1.0,0.1512188580185565
database3/database3/m.0138m1/60-FaceId-0_align.webp,0.027664,1.0,0.1131969788569746
database3/database3/m.0139rh/103-FaceId-0_align.webp,0.008771,1.0,0.114658323223225
database3/database3/m.0139rh/5-FaceId-0_align.webp,0.009412,1.0,0.1026656265111861
database3/database3/m.013_4m/89-FaceId-0_align.webp,0.106225,1.0,0.1070340485222566
database3/database3/m.013_gz/96-FaceId-0_align.webp,0.14677,0.0,0.1349873175151432
database3/database3/m.013_tp/47-FaceId-0_align.webp,0.000171,1.0,0.1582879204180119
database3/database3/m.013b7z/45-FaceId-0_align.webp,0.025843,1.0,0.1372168656700517
database3/database3/m.013bym/61-FaceId-0_align.webp,0.110889,0.0,0.1303606700039128
database3/database3/m.013bym/65-FaceId-0_align.webp,0.249006,0.0,0.1131330147595808
database3/database3/m.013bym/66-FaceId-0_align.webp,0.288548,0.0,0.1491888851701205
database3/database3/m.013bym/71-FaceId-0_align.webp,0.115164,0.0,0.1266425564750662
database3/database3/m.013m5y/73-FaceId-0_align.webp,0.0,1.0,0.1787766552619395
database3/database3/m.013p_0/60-FaceId-0_align.webp,0.015459,1.0,0.2664622476209592
database3/database3/m.013p_j/3-FaceId-0_align.webp,0.046784,1.0,0.1328241047962727
database3/database3/m.013p_j/43-FaceId-0_align.webp,0.026287,1.0,0.1281196048463177
database3/database3/m.013p_w/1-FaceId-0_align.webp,0.045903,0.0,0.1320151094590071
database3/database3/m.013p_w/90-FaceId-1_align.webp,0.028906,0.0,0.123025963721894
database3/database3/m.013pp3/83-FaceId-0_align.webp,0.052247,1.0,0.1707280323960024
database3/database3/m.013ppl/76-FaceId-0_align.webp,0.018885,1.0,0.1161382868877141
database3/database3/m.013q78/86-FaceId-0_align.webp,0.03,1.0,0.1345232614527449
database3/database3/m.013q8x/26-FaceId-0_align.webp,0.110943,1.0,0.1964484073001842
database3/database3/m.013q8x/42-FaceId-0_align.webp,0.056383,1.0,0.1240166813186136
database3/database3/m.013q8x/99-FaceId-0_align.webp,0.005069,1.0,0.1332549670267653
database3/database3/m.013qb0/82-FaceId-0_align.webp,0.080376,1.0,0.1444000571475253
database3/database3/m.013qb0/94-FaceId-0_align.webp,0.14541,1.0,0.1334092562337241
database3/database3/m.013qjp/42-FaceId-0_align.webp,0.027503,1.0,0.1269382262144389
database3/database3/m.013qjp/83-FaceId-0_align.webp,0.014,1.0,0.1353414753563376
database3/database3/m.013qpt/31-FaceId-0_align.webp,0.020067,1.0,0.1232622349196517
database3/database3/m.013qq4/70-FaceId-0_align.webp,0.020855,1.0,0.1196045267303528
database3/database3/m.013qwl/61-FaceId-0_align.webp,0.006336,1.0,0.1234808807493339
database3/database3/m.013qwy/18-FaceId-0_align.webp,0.050242,1.0,0.1284845362723257
database3/database3/m.013qy3/30-FaceId-0_align.webp,0.004735,1.0,0.2047733525799069
database3/database3/m.013qy3/92-FaceId-0_align.webp,0.026678,1.0,0.121204651747781
database3/database3/m.013qyh/56-FaceId-1_align.webp,0.057576,1.0,0.3330955545598016
database3/database3/m.013r6h/27-FaceId-0_align.webp,0.054123,1.0,0.0952821899616838
database3/database3/m.013r6h/46-FaceId-0_align.webp,0.123792,1.0,0.3073902632751087
database3/database3/m.013s1b/47-FaceId-0_align.webp,0.148289,1.0,0.1941716766127879
database3/database3/m.013s1t/21-FaceId-0_align.webp,0.005317,1.0,0.1317985324808745
database3/database3/m.013s3/75-FaceId-0_align.webp,0.061568,1.0,0.2020802155167053
database3/database3/m.013s6x/6-FaceId-0_align.webp,0.031839,1.0,0.1285042747746763
database3/database3/m.013s8s/33-FaceId-0_align.webp,0.074629,0.0,0.1183411740800977
database3/database3/m.013sjh/7-FaceId-0_align.webp,0.189385,1.0,0.1731172230758408
database3/database3/m.013t9y/12-FaceId-0_align.webp,0.013435,1.0,0.1878556478631244
database3/database3/m.013tjc/54-FaceId-0_align.webp,0.0,1.0,0.1680129844854363
database3/database3/m.013tjc/56-FaceId-0_align.webp,0.015964,1.0,0.1273922058618264
database3/database3/m.013v12/3-FaceId-0_align.webp,0.018587,1.0,0.1260137271462503
database3/database3/m.013v12/7-FaceId-0_align.webp,0.019979,1.0,0.1264974229789459
database3/database3/m.013v5j/57-FaceId-0_align.webp,0.119854,0.0,0.1179091748685052
database3/database3/m.013vdl/109-FaceId-0_align.webp,0.167747,0.0,0.1022701930403758
database3/database3/m.013vdl/32-FaceId-0_align.webp,0.021263,0.0,0.117575505193291
database3/database3/m.013vtr/20-FaceId-0_align.webp,0.015954,1.0,0.1327362663480591
database3/database3/m.013w7j/20-FaceId-0_align.webp,0.009375,1.0,0.1999523845767231
database3/database3/m.013w7j/32-FaceId-0_align.webp,0.001151,1.0,0.1411806163333271
database3/database3/m.013w7j/64-FaceId-0_align.webp,0.008592,1.0,0.2204602899977605
database3/database3/m.013w8h/4-FaceId-0_align.webp,0.094597,1.0,0.1212588956324089
database3/database3/m.013wt0/40-FaceId-1_align.webp,0.123008,0.0,0.1372410385304013
database3/database3/m.013wz9/26-FaceId-0_align.webp,0.18678,0.0,0.1376807637047947
database3/database3/m.013wz9/73-FaceId-0_align.webp,0.219059,0.0,0.1454558860485878
database3/database3/m.013xhr/100-FaceId-0_align.webp,0.00219,1.0,0.1460643870735809
database3/database3/m.013xhr/23-FaceId-0_align.webp,0.015916,1.0,0.1361356929471246
database3/database3/m.013xhr/24-FaceId-0_align.webp,0.064866,1.0,0.1241110911938993
database3/database3/m.013xhr/33-FaceId-0_align.webp,0.013765,1.0,0.2340888625783865
database3/database3/m.013xhr/42-FaceId-0_align.webp,0.02596,1.0,0.1800277740366043
database3/database3/m.013xs1/10-FaceId-0_align.webp,0.059547,1.0,0.1045956312765927
database3/database3/m.013y2b/23-FaceId-0_align.webp,0.154363,0.0,0.1247328608227364
database3/database3/m.013y2b/32-FaceId-0_align.webp,0.092369,0.0,0.119018051751813
database3/database3/m.013y2b/66-FaceId-0_align.webp,0.108782,0.0,0.1230556982566679
database3/database3/m.013y2s/40-FaceId-0_align.webp,0.026989,0.0,0.1184101677037014
database3/database3/m.013y2s/73-FaceId-0_align.webp,0.075667,0.0,0.1167934783072755
database3/database3/m.013yd0/51-FaceId-0_align.webp,0.167678,0.0,0.1285152121643041
database3/database3/m.013yd0/92-FaceId-0_align.webp,0.096098,0.0,0.1142117514976258
database3/database3/m.013ykk/37-FaceId-0_align.webp,0.042458,0.0,0.1402655501272474
database3/database3/m.013ykx/9-FaceId-0_align.webp,0.117351,0.0,0.1272095518973861
database3/database3/m.013ylm/42-FaceId-0_align.webp,0.120671,0.0,0.1405895556821514
database3/database3/m.013ylm/97-FaceId-0_align.webp,0.133134,0.0,0.1417845935019644
database3/database3/m.013yvd/37-FaceId-0_align.webp,0.027946,1.0,0.1119943811858518
database3/database3/m.013yvd/75-FaceId-0_align.webp,0.027604,1.0,0.1184802833179353
database3/database3/m.013yyq/27-FaceId-0_align.webp,0.014857,1.0,0.1521819227443664
database3/database3/m.013yyq/44-FaceId-0_align.webp,0.06122,1.0,0.5645743860462205
database3/database3/m.013yyq/48-FaceId-0_align.webp,0.11735,1.0,0.1617033174964603
database3/database3/m.013zjz/16-FaceId-0_align.webp,0.071353,1.0,0.1592130277529391
database3/database3/m.013zm7/89-FaceId-0_align.webp,0.144683,1.0,0.1422516346393486
database3/database3/m.013zpf/72-FaceId-0_align.webp,0.0,0.0,0.2339537999722212
database3/database3/m.013zpf/88-FaceId-0_align.webp,0.169008,0.0,0.1290293866432447
database3/database3/m.013zr7/15-FaceId-0_align.webp,0.062795,1.0,0.1164514984097433
database3/database3/m.013zs9/83-FaceId-0_align.webp,0.33489,0.0,0.1609657048317379
database3/database3/m.013zyw/16-FaceId-0_align.webp,0.043076,1.0,0.1081038731085343
database3/database3/m.013zyw/19-FaceId-0_align.webp,0.020445,1.0,0.0994615520867706
database3/database3/m.013zyw/21-FaceId-0_align.webp,0.01715,1.0,0.1047952869502887
database3/database3/m.01400g/101-FaceId-0_align.webp,0.057026,0.0,0.177186464998157
database3/database3/m.01400g/117-FaceId-0_align.webp,0.219786,0.0,0.1762838819434585
database3/database3/m.01400g/31-FaceId-0_align.webp,0.04717,0.0,0.128293522484038
database3/database3/m.01400g/47-FaceId-0_align.webp,0.103943,0.0,0.1289618692754364
database3/database3/m.014029/72-FaceId-0_align.webp,0.164078,0.0,0.1094935681804646
database3/database3/m.0140ly/8-FaceId-0_align.webp,0.018837,1.0,0.113121240687001
database3/database3/m.0140v2/84-FaceId-0_align.webp,0.185102,1.0,0.2680463981382925
database3/database3/m.0141qv/12-FaceId-0_align.webp,0.026897,1.0,0.1252552646466961
database3/database3/m.0142n8/3-FaceId-0_align.webp,0.193323,1.0,0.0980581220930073
database3/database3/m.0142n8/5-FaceId-0_align.webp,0.020679,1.0,0.1388487464544063
database3/database3/m.0142sv/3-FaceId-0_align.webp,0.0,1.0,0.0874059624488955
database3/database3/m.0142sv/32-FaceId-0_align.webp,0.0,1.0,0.0913621788382986
database3/database3/m.01433m/64-FaceId-0_align.webp,0.03742,0.0,0.1912259733133701
database3/database3/m.0143sn/66-FaceId-0_align.webp,0.02374,1.0,0.1346149771857511
database3/database3/m.0143wl/30-FaceId-0_align.webp,0.034923,1.0,0.1431253572478609
database3/database3/m.0143wl/81-FaceId-0_align.webp,0.051966,1.0,0.1519937347197388
database3/database3/m.014488/3-FaceId-0_align.webp,0.020128,1.0,0.112397730186104
database3/database3/m.01449w/57-FaceId-0_align.webp,0.017199,1.0,0.2214303081290194
database3/database3/m.01449w/80-FaceId-0_align.webp,0.016942,1.0,0.1680103904884212
database3/database3/m.01449w/99-FaceId-0_align.webp,0.011762,1.0,0.1868083057146912
database3/database3/m.0144_b/77-FaceId-0_align.webp,0.037923,1.0,0.1058095153989879
database3/database3/m.0144_b/99-FaceId-0_align.webp,0.002226,1.0,0.1136833521827072
database3/database3/m.0144k5/45-FaceId-0_align.webp,0.060457,0.0,0.1255322283803829
database3/database3/m.0144k5/53-FaceId-0_align.webp,0.099321,0.0,0.1420490650161758
database3/database3/m.0144k5/58-FaceId-0_align.webp,0.088277,0.0,0.1237953141409457
database3/database3/m.0144k5/85-FaceId-0_align.webp,0.078258,0.0,0.1428311301882902
database3/database3/m.014508/74-FaceId-0_align.webp,0.033711,1.0,0.1313483565947906
database3/database3/m.0146fs/16-FaceId-0_align.webp,0.00871,1.0,0.1214022495653177
database3/database3/m.0147cn/44-FaceId-0_align.webp,0.171045,1.0,0.1407076159469299
database3/database3/m.0147cn/79-FaceId-0_align.webp,0.059428,1.0,0.1550264220370712
database3/database3/m.0147jt/99-FaceId-0_align.webp,0.019999,1.0,0.1375524693358393
database3/database3/m.0147qz/78-FaceId-0_align.webp,0.010623,1.0,0.1440106693569124
database3/database3/m.01480y/76-FaceId-0_align.webp,0.0,1.0,0.0982510875284105
database3/database3/m.0148_m/52-FaceId-0_align.webp,0.01178,1.0,0.1550155057173879
database3/database3/m.0148m9/58-FaceId-0_align.webp,0.040365,1.0,0.1155603255339675
database3/database3/m.0148qq/63-FaceId-1_align.webp,0.082134,1.0,0.1929663145204277
database3/database3/m.0148x0/17-FaceId-0_align.webp,0.195787,0.0,0.1447366433914702
database3/database3/m.014902/18-FaceId-0_align.webp,0.02167,1.0,0.1413115813664738
database3/database3/m.01491d/96-FaceId-0_align.webp,0.018562,1.0,0.1108874522686153
database3/database3/m.014936/66-FaceId-0_align.webp,0.009581,0.0,0.1334549020552548
database3/database3/m.0149k5/29-FaceId-0_align.webp,0.022158,1.0,0.1290100734614759
database3/database3/m.0149k5/81-FaceId-0_align.webp,0.042078,1.0,0.1982706764712056
database3/database3/m.0149vp/23-FaceId-0_align.webp,0.153482,1.0,0.039341785522538
database3/database3/m.0149vp/3-FaceId-0_align.webp,0.055794,1.0,0.1276721512109704
database3/database3/m.0149vp/63-FaceId-0_align.webp,0.126629,1.0,0.1481631349022852
database3/database3/m.0149wl/102-FaceId-0_align.webp,0.022928,1.0,0.1761181453321338
database3/database3/m.0149wl/45-FaceId-0_align.webp,0.024169,1.0,0.2040596021511195
database3/database3/m.0149xx/94-FaceId-0_align.webp,0.042337,1.0,0.1714630902987586
database3/database3/m.014_1g/72-FaceId-0_align.webp,0.019311,0.0,0.1314798840012904
database3/database3/m.014_1g/8-FaceId-0_align.webp,0.209769,0.0,0.152790011578419
database3/database3/m.014_4y/6-FaceId-0_align.webp,0.048047,1.0,0.1288495128194023
database3/database3/m.014_sl/106-FaceId-0_align.webp,0.23715,0.0,0.1534176468496774
database3/database3/m.014_sl/74-FaceId-0_align.webp,0.390836,0.0,0.1248691666410528
database3/database3/m.014bn_/16-FaceId-0_align.webp,0.037637,1.0,0.1170822238508293
database3/database3/m.014bn_/85-FaceId-1_align.webp,0.012813,1.0,0.12301026934439
database3/database3/m.014bps/75-FaceId-0_align.webp,0.000105,1.0,0.1458048650049655
database3/database3/m.014byr/85-FaceId-0_align.webp,0.140079,1.0,0.1622457960379983
database3/database3/m.014bz_/33-FaceId-0_align.webp,0.044503,1.0,0.1397536645045909
database3/database3/m.014c0y/76-FaceId-0_align.webp,0.175143,1.0,0.138882217261388
database3/database3/m.014c40/62-FaceId-0_align.webp,0.041412,1.0,0.186774054569362
database3/database3/m.014c40/70-FaceId-0_align.webp,0.059838,1.0,0.1262270413994554
database3/database3/m.014cq/6-FaceId-0_align.webp,0.092137,1.0,0.1217872766902702
database3/database3/m.014cq/86-FaceId-0_align.webp,0.009035,1.0,0.1480018920897132
database3/database3/m.014cw2/26-FaceId-0_align.webp,0.010138,1.0,0.1179518242978025
database3/database3/m.014cw2/50-FaceId-0_align.webp,0.006571,1.0,0.1205113151325784
database3/database3/m.014d0v/117-FaceId-0_align.webp,0.00171,1.0,0.1196833165366378
database3/database3/m.014d0v/5-FaceId-0_align.webp,0.0,1.0,0.0865806974964075
database3/database3/m.014d0v/76-FaceId-0_align.webp,0.001899,1.0,0.1177230409480588
database3/database3/m.014d15/7-FaceId-0_align.webp,0.067756,1.0,0.1445906302114613
database3/database3/m.014d3/12-FaceId-0_align.webp,0.002261,1.0,0.1226981129003852
database3/database3/m.014d3/72-FaceId-0_align.webp,0.018566,1.0,0.1170724346977405
database3/database3/m.014d3y/82-FaceId-0_align.webp,0.033512,0.0,0.5496023660281757
database3/database3/m.014dg1/103-FaceId-0_align.webp,0.026524,1.0,0.1218350718511359
database3/database3/m.014dg1/51-FaceId-0_align.webp,0.001679,1.0,0.1427158834748251
database3/database3/m.014dg1/65-FaceId-0_align.webp,0.0,1.0,0.0900542804098946
database3/database3/m.014dg1/7-FaceId-0_align.webp,0.01106,1.0,0.144905737572524
database3/database3/m.014dg1/86-FaceId-0_align.webp,0.019596,1.0,0.1336066545111976
database3/database3/m.014dm6/105-FaceId-0_align.webp,0.23153,1.0,0.137891404581023
database3/database3/m.014dy_/50-FaceId-0_align.webp,0.069776,1.0,0.0855486968250272
database3/database3/m.014dy_/73-FaceId-0_align.webp,0.01239,1.0,0.1161470564435595
database3/database3/m.014f8k/25-FaceId-0_align.webp,0.24634,0.0,0.1251379338662696
database3/database3/m.014f8k/9-FaceId-0_align.webp,0.182534,0.0,0.1267955603447932
database3/database3/m.014fcb/0-FaceId-0_align.webp,0.028343,1.0,0.1302056358977826
database3/database3/m.014fd7/98-FaceId-0_align.webp,0.096652,1.0,0.1390206327023055
database3/database3/m.014g17/1-FaceId-0_align.webp,0.005705,1.0,0.1367691803257118
database3/database3/m.014g17/9-FaceId-0_align.webp,0.079641,1.0,0.1886375569776776
database3/database3/m.014g22/90-FaceId-0_align.webp,0.35161,0.0,0.1649805255747825
database3/database3/m.014g6c/86-FaceId-0_align.webp,0.02888,1.0,0.1358395558478208
database3/database3/m.014g6v/43-FaceId-0_align.webp,0.001902,1.0,0.1185607758443762
database3/database3/m.014g79/86-FaceId-0_align.webp,0.049609,1.0,0.1380229467813503
database3/database3/m.014g8p/48-FaceId-0_align.webp,0.000256,1.0,0.1672798595057504
database3/database3/m.014g9y/12-FaceId-0_align.webp,0.038159,0.0,0.1352167045612312
database3/database3/m.014g_f/26-FaceId-0_align.webp,0.000817,1.0,0.0750731668659247
database3/database3/m.014g_f/35-FaceId-0_align.webp,0.001771,1.0,0.1237351722288433
database3/database3/m.014gf8/102-FaceId-0_align.webp,0.00204,1.0,0.3789877665799557
database3/database3/m.014gf8/28-FaceId-0_align.webp,0.018311,1.0,0.1056055936792791
database3/database3/m.014gf8/69-FaceId-0_align.webp,0.050273,1.0,0.1289596269207762
database3/database3/m.014gf8/9-FaceId-0_align.webp,0.034223,1.0,0.123823736300039
database3/database3/m.014gsd/79-FaceId-0_align.webp,0.118598,1.0,0.1506751186105284
database3/database3/m.014h_s/80-FaceId-0_align.webp,0.173494,0.0,0.1388009663104986
database3/database3/m.014hlm/54-FaceId-0_align.webp,0.078394,0.0,0.1241546613959468
database3/database3/m.014hmv/53-FaceId-1_align.webp,0.0,1.0,0.1284404857184948
database3/database3/m.014j8m/72-FaceId-0_align.webp,0.0057,1.0,0.1403865768852319
database3/database3/m.014jb8/10-FaceId-0_align.webp,0.009911,1.0,0.2230650944052185
database3/database3/m.014jk0/16-FaceId-0_align.webp,0.026202,1.0,0.1901314588613914
database3/database3/m.014jk0/61-FaceId-0_align.webp,0.011335,1.0,0.4484205892696777
database3/database3/m.014jk0/74-FaceId-0_align.webp,0.003357,1.0,0.267524005036995
database3/database3/m.014jxq/20-FaceId-0_align.webp,0.165895,0.0,0.1417626511691052
database3/database3/m.014jxq/43-FaceId-0_align.webp,0.136492,0.0,0.1037162610302354
database3/database3/m.014jy6/23-FaceId-0_align.webp,0.150311,1.0,0.2301115082210743
database3/database3/m.014jy6/50-FaceId-0_align.webp,0.042148,1.0,0.1252800755802649
database3/database3/m.014jy6/97-FaceId-0_align.webp,0.061362,1.0,0.1953738506357031
database3/database3/m.014k1v/95-FaceId-3_align.webp,0.133686,1.0,0.1842470372372103
database3/database3/m.014k2p/25-FaceId-0_align.webp,0.315824,1.0,0.1518241629268028
database3/database3/m.014kbz/16-FaceId-0_align.webp,0.028027,1.0,0.1299038438368158
database3/database3/m.014kbz/22-FaceId-0_align.webp,0.028933,1.0,0.1342924345448333
database3/database3/m.014kbz/81-FaceId-0_align.webp,0.006506,1.0,0.1372954830048979
database3/database3/m.014kxv/1-FaceId-0_align.webp,0.013313,1.0,0.1177506855624845
database3/database3/m.014kxv/11-FaceId-0_align.webp,0.053384,1.0,0.099508258233207
database3/database3/m.014lb1/14-FaceId-2_align.webp,0.000111,0.0,0.1070795030978536
database3/database3/m.014lb1/47-FaceId-0_align.webp,0.167631,0.0,0.1244192163234085
database3/database3/m.014lb1/62-FaceId-1_align.webp,0.053145,0.0,0.1163558519955783
database3/database3/m.014lyb/65-FaceId-0_align.webp,0.056831,1.0,0.1264312875209099
database3/database3/m.014m_1/70-FaceId-0_align.webp,0.018552,1.0,0.1243013750258527
database3/database3/m.014mvy/17-FaceId-0_align.webp,0.196734,1.0,0.1828111980768803
database3/database3/m.014mvy/58-FaceId-0_align.webp,0.218895,1.0,0.1925794175779283
database3/database3/m.014n_k/48-FaceId-0_align.webp,0.006557,1.0,0.1319465052079422
database3/database3/m.014n_k/70-FaceId-0_align.webp,0.029858,1.0,0.1191760325214342
database3/database3/m.014nfw/87-FaceId-0_align.webp,0.123499,0.0,0.1252918181947549
database3/database3/m.014p33/83-FaceId-2_align.webp,0.084076,0.0,0.1152109718829391
database3/database3/m.014p33/87-FaceId-0_align.webp,0.07546,0.0,0.1260531868914849
database3/database3/m.014ptb/14-FaceId-1_align.webp,0.016295,1.0,0.1630188769602746
database3/database3/m.014ptb/5-FaceId-0_align.webp,0.001038,1.0,0.2026705431140621
database3/database3/m.014ptb/50-FaceId-0_align.webp,0.185526,1.0,0.1207504054634583
database3/database3/m.014pxk/118-FaceId-0_align.webp,0.227914,1.0,0.189900361687534
database3/database3/m.014pys/19-FaceId-0_align.webp,0.047245,1.0,0.2018668090975943
database3/database3/m.014pzz/110-FaceId-0_align.webp,0.13041,0.0,0.1203709883475467
database3/database3/m.014qjt/47-FaceId-0_align.webp,0.002851,1.0,0.1366183746753023
database3/database3/m.014r6r/81-FaceId-0_align.webp,0.091441,0.0,0.1156440703689122
database3/database3/m.014s81/3-FaceId-0_align.webp,0.077926,1.0,0.1414443341770508
database3/database3/m.014sj7/7-FaceId-0_align.webp,0.074577,1.0,0.1551708014098648
database3/database3/m.014skb/4-FaceId-0_align.webp,0.096076,0.0,0.1295152916050184
database3/database3/m.014skb/53-FaceId-0_align.webp,0.075066,0.0,0.1252805652288778
database3/database3/m.014skb/55-FaceId-0_align.webp,0.080414,0.0,0.1323506123886234
database3/database3/m.014v1q/8-FaceId-1_align.webp,0.038359,1.0,0.1512470531541441
database3/database3/m.014v6x/16-FaceId-0_align.webp,0.159906,0.0,0.1223452439348331
database3/database3/m.014v6x/20-FaceId-0_align.webp,0.306955,0.0,0.1397109640338117
database3/database3/m.014v6x/88-FaceId-0_align.webp,0.075191,0.0,0.1079807204583901
database3/database3/m.014vbq/60-FaceId-0_align.webp,0.005701,1.0,0.2364625341135349
database3/database3/m.014vnb/46-FaceId-0_align.webp,0.027126,1.0,0.1241299481419806
database3/database3/m.014vnb/51-FaceId-0_align.webp,0.043084,1.0,0.1200210363997474
database3/database3/m.014vtj/100-FaceId-0_align.webp,0.000679,1.0,0.1303733568525761
database3/database3/m.014wsb/38-FaceId-0_align.webp,0.106862,1.0,0.1274153325598016
database3/database3/m.014x0w/28-FaceId-0_align.webp,0.353028,0.0,0.2854658661670706
database3/database3/m.014x0w/74-FaceId-0_align.webp,0.177523,0.0,0.1294493249267707
database3/database3/m.014x0w/96-FaceId-0_align.webp,0.217684,0.0,0.1418060221250533
database3/database3/m.014xn7/100-FaceId-0_align.webp,0.007084,1.0,0.1038445985830463
database3/database3/m.014xn7/42-FaceId-0_align.webp,0.003105,1.0,0.1167823875115179
database3/database3/m.014xr2/5-FaceId-0_align.webp,0.387134,0.0,0.198480386029264
database3/database3/m.014xr2/87-FaceId-0_align.webp,0.341771,0.0,0.1635119708756172
database3/database3/m.014xzx/93-FaceId-0_align.webp,0.351892,1.0,0.1668803433077926
database3/database3/m.014y6/74-FaceId-0_align.webp,0.012495,1.0,0.1270133646711821
database3/database3/m.014y6/95-FaceId-0_align.webp,0.006882,1.0,0.1411601099757413
database3/database3/m.014y7g/1-FaceId-0_align.webp,0.005692,1.0,0.1208107267361299
database3/database3/m.014z8v/77-FaceId-0_align.webp,0.004141,1.0,0.1233556515786807
database3/database3/m.014zfs/76-FaceId-0_align.webp,0.024924,1.0,0.1238681326106176
database3/database3/m.014zxh/99-FaceId-0_align.webp,0.008633,1.0,0.2480763934735388
database3/database3/m.014zy/105-FaceId-0_align.webp,0.175949,1.0,0.1716966490978749
database3/database3/m.014zy/22-FaceId-0_align.webp,0.048224,1.0,0.155235727487055
database3/database3/m.014zy/56-FaceId-0_align.webp,0.135716,1.0,0.2459449585894932
database3/database3/m.015076/99-FaceId-0_align.webp,0.0064,1.0,0.2009380410754966
database3/database3/m.01507p/0-FaceId-0_align.webp,0.067522,1.0,0.1393444527839893
database3/database3/m.01509x/60-FaceId-0_align.webp,0.015557,1.0,0.1351747012484907
database3/database3/m.0150bp/103-FaceId-0_align.webp,0.041675,0.0,0.1125108860889946
database3/database3/m.0150j5/31-FaceId-0_align.webp,0.003889,1.0,0.1029319055022161
database3/database3/m.0150j5/4-FaceId-0_align.webp,0.006229,1.0,0.1143549867919484
database3/database3/m.0150j5/71-FaceId-0_align.webp,0.062123,1.0,0.1251442980027979
database3/database3/m.0150j5/81-FaceId-0_align.webp,0.001136,1.0,0.08341635801978
database3/database3/m.0150j5/86-FaceId-0_align.webp,0.002669,1.0,0.1112240706956154
database3/database3/m.0150m1/111-FaceId-0_align.webp,0.023781,1.0,0.150574501134083
database3/database3/m.0150m1/13-FaceId-0_align.webp,0.071346,1.0,0.1315462815521122
database3/database3/m.0150mg/0-FaceId-0_align.webp,0.057671,1.0,0.2477965422751245
database3/database3/m.0150mg/69-FaceId-0_align.webp,0.220147,1.0,0.1552763730263571
database3/database3/m.0150mg/88-FaceId-0_align.webp,0.14546,1.0,0.1480875352966168
database3/database3/m.0150mg/97-FaceId-0_align.webp,0.078806,1.0,0.1408178273555321
database3/database3/m.0150rl/42-FaceId-0_align.webp,0.016396,0.0,0.1099990910108651
database3/database3/m.0150t6/36-FaceId-0_align.webp,0.017669,1.0,0.1160572546324922
database3/database3/m.0150t6/41-FaceId-0_align.webp,0.022058,1.0,0.1070287739305288
database3/database3/m.0150t6/63-FaceId-0_align.webp,0.015119,1.0,0.1322496665177638
database3/database3/m.01519n/21-FaceId-0_align.webp,0.389316,0.0,0.1893189420275318
database3/database3/m.01519n/69-FaceId-0_align.webp,0.017235,0.0,0.136520957612724
database3/database3/m.0151fv/54-FaceId-0_align.webp,0.017876,0.0,0.1128017227336385
database3/database3/m.0151fv/90-FaceId-0_align.webp,0.296844,0.0,0.1483971857381194
database3/database3/m.0151fv/94-FaceId-0_align.webp,0.121468,0.0,0.1798218900968535
database3/database3/m.0151n1/16-FaceId-0_align.webp,0.044648,1.0,0.1324737163520649
database3/database3/m.0151n1/26-FaceId-0_align.webp,0.101903,1.0,0.1444617745223486
database3/database3/m.0151n1/29-FaceId-0_align.webp,0.049938,1.0,0.1635561077601049
database3/database3/m.0151n1/36-FaceId-0_align.webp,0.038201,1.0,0.1483200061151474
database3/database3/m.0151n1/53-FaceId-0_align.webp,0.021607,1.0,0.1671214795522031
database3/database3/m.0151p8/29-FaceId-0_align.webp,0.003452,1.0,0.0988402492275555
database3/database3/m.0151xv/30-FaceId-0_align.webp,0.007121,1.0,0.1336851245482556
database3/database3/m.0151xv/44-FaceId-0_align.webp,0.021629,1.0,0.1337903212637615
database3/database3/m.0151xv/88-FaceId-0_align.webp,0.006779,1.0,0.1464254203336294
database3/database3/m.0151zx/92-FaceId-0_align.webp,0.043036,1.0,0.1742771175688626
database3/database3/m.0152cw/42-FaceId-0_align.webp,0.083199,0.0,0.1221650972491659
database3/database3/m.0152xn/72-FaceId-0_align.webp,0.043462,1.0,0.1625358156612531
database3/database3/m.015302/4-FaceId-0_align.webp,0.000416,1.0,0.1038337037789481
database3/database3/m.0153dp/1-FaceId-0_align.webp,0.039324,1.0,0.1360973405846678
database3/database3/m.0153dp/88-FaceId-0_align.webp,0.057869,1.0,0.1138779607077428
database3/database3/m.0153vt/1-FaceId-0_align.webp,0.335303,1.0,0.1331001962953639
database3/database3/m.0153vt/81-FaceId-0_align.webp,0.087285,1.0,0.1530267437584469
database3/database3/m.0153y1/16-FaceId-0_align.webp,0.166114,0.0,0.1325005807459558
database3/database3/m.01541z/117-FaceId-0_align.webp,0.111734,0.0,0.1269467449000548
database3/database3/m.01547g/3-FaceId-0_align.webp,0.153164,0.0,0.1296327003950308
database3/database3/m.01547g/73-FaceId-0_align.webp,0.246081,0.0,0.1287775505087779
database3/database3/m.0154d7/52-FaceId-0_align.webp,0.115018,1.0,0.1494563606745383
database3/database3/m.0154ff/10-FaceId-0_align.webp,0.121913,0.0,0.1201818731100806
database3/database3/m.0154hr/101-FaceId-0_align.webp,0.090433,0.0,0.143716400652217
database3/database3/m.0154hr/109-FaceId-0_align.webp,0.038439,0.0,0.1531743261697065
database3/database3/m.0154hr/18-FaceId-0_align.webp,0.07836,0.0,0.1652960075050684
database3/database3/m.0154hr/28-FaceId-0_align.webp,0.045785,0.0,0.1287900879997709
database3/database3/m.0154s9/24-FaceId-0_align.webp,0.052837,1.0,0.1140606316170429
database3/database3/m.0154x6/57-FaceId-0_align.webp,0.061779,0.0,0.1232287832138609
database3/database3/m.01552j/40-FaceId-0_align.webp,0.017747,1.0,0.1201739413519689
database3/database3/m.01558d/79-FaceId-0_align.webp,0.014812,1.0,0.0871326230602838
database3/database3/m.01558d/8-FaceId-0_align.webp,0.124089,1.0,0.1174636778654752
database3/database3/m.0155zp/26-FaceId-0_align.webp,0.000547,1.0,0.1206589725696658
database3/database3/m.0155zp/7-FaceId-0_align.webp,0.015991,1.0,0.1215833884730933
database3/database3/m.0155zp/79-FaceId-0_align.webp,0.02849,1.0,0.165396035308614
database3/database3/m.0155zp/88-FaceId-0_align.webp,0.072148,1.0,0.1295596384457183
database3/database3/m.0156dg/11-FaceId-0_align.webp,0.153809,0.0,0.1570425703673191
database3/database3/m.0156dg/2-FaceId-0_align.webp,0.144571,0.0,0.1659588644942401
database3/database3/m.0156y1/31-FaceId-0_align.webp,0.047284,1.0,0.126887290841312
database3/database3/m.01574b/45-FaceId-0_align.webp,0.070647,0.0,0.1393264545641468
database3/database3/m.015796/86-FaceId-0_align.webp,0.081944,0.0,0.1329441467128512
database3/database3/m.0157m/20-FaceId-0_align.webp,0.028257,1.0,0.1013828808657971
database3/database3/m.0157m/24-FaceId-0_align.webp,0.028454,1.0,0.116167617821213
database3/database3/m.0157m/25-FaceId-0_align.webp,0.020124,1.0,0.1141593794570643
database3/database3/m.0157m/73-FaceId-0_align.webp,0.033963,1.0,0.1326279582132105
database3/database3/m.0157r6/22-FaceId-1_align.webp,0.0,1.0,0.1892715213991779
database3/database3/m.0157ry/29-FaceId-0_align.webp,0.027582,1.0,0.138251565427238
database3/database3/m.015882/17-FaceId-0_align.webp,0.396178,0.0,0.1445942638700322
database3/database3/m.015882/20-FaceId-0_align.webp,0.380878,0.0,0.1605098274775811
database3/database3/m.015882/75-FaceId-0_align.webp,0.386665,0.0,0.1662558621387596
database3/database3/m.0158r2/73-FaceId-0_align.webp,0.173377,0.0,0.1285510318266196
database3/database3/m.01598m/79-FaceId-0_align.webp,0.475474,0.0,0.158769270439639
database3/database3/m.0159wm/104-FaceId-0_align.webp,0.007308,1.0,0.0907050395602643
database3/database3/m.0159wm/9-FaceId-0_align.webp,0.002891,1.0,0.0781502221683956
database3/database3/m.015_44/31-FaceId-0_align.webp,0.062168,0.0,0.1213864558096862
database3/database3/m.015_44/64-FaceId-0_align.webp,0.356589,0.0,0.1753077936659131
database3/database3/m.015_44/84-FaceId-0_align.webp,0.3229,0.0,0.1752187308270228
database3/database3/m.015b67/34-FaceId-0_align.webp,0.034996,1.0,0.1226924282539529
database3/database3/m.015bhj/103-FaceId-1_align.webp,0.041754,1.0,0.0
database3/database3/m.015bhj/70-FaceId-0_align.webp,0.00385,1.0,0.1208418985860488
database3/database3/m.015bnf/68-FaceId-0_align.webp,0.066968,0.0,0.1270367579805895
database3/database3/m.015brk/18-FaceId-0_align.webp,0.023166,1.0,0.1415591096734146
database3/database3/m.015bw2/110-FaceId-0_align.webp,0.01319,1.0,0.128816803158721
database3/database3/m.015bw2/40-FaceId-0_align.webp,0.013047,1.0,0.1479716005663917
database3/database3/m.015bw2/68-FaceId-0_align.webp,0.00956,1.0,0.1485838010801149
database3/database3/m.015c2f/3-FaceId-0_align.webp,0.072717,0.0,0.1188162955443943
database3/database3/m.015c2f/47-FaceId-0_align.webp,0.01548,0.0,0.1340151076804138
database3/database3/m.015c2f/49-FaceId-0_align.webp,0.031524,0.0,0.1340051974390755
database3/database3/m.015c2f/8-FaceId-0_align.webp,0.126031,0.0,0.1329629645683404
database3/database3/m.015c4g/7-FaceId-0_align.webp,0.000573,1.0,0.1217394955585963
database3/database3/m.015c4g/83-FaceId-0_align.webp,0.000391,1.0,0.1070384595901085
database3/database3/m.015cyn/17-FaceId-0_align.webp,0.046212,1.0,0.1258349670366833
database3/database3/m.015cyn/5-FaceId-0_align.webp,0.152464,1.0,0.1044737965819838
database3/database3/m.015czg/24-FaceId-0_align.webp,0.141052,1.0,0.1403773693422563
database3/database3/m.015d2r/66-FaceId-0_align.webp,0.064087,1.0,0.2703736791171741
database3/database3/m.015d2r/86-FaceId-0_align.webp,0.029999,1.0,0.1299135119438396
database3/database3/m.015dcj/83-FaceId-0_align.webp,0.023385,1.0,0.1360841198238212
database3/database3/m.015dgg/80-FaceId-0_align.webp,0.001775,1.0,0.1537109572039029
database3/database3/m.015djp/24-FaceId-0_align.webp,0.0,1.0,0.102007646475077
database3/database3/m.015djp/27-FaceId-0_align.webp,0.037685,1.0,0.1354924561699116
database3/database3/m.015dk3/22-FaceId-0_align.webp,0.027592,1.0,0.1074099772650736
database3/database3/m.015dnt/38-FaceId-0_align.webp,0.001692,1.0,0.1484802556464048
database3/database3/m.015dnt/42-FaceId-1_align.webp,0.102539,1.0,0.0798811806390331
database3/database3/m.015dqj/29-FaceId-0_align.webp,0.034796,1.0,0.1308540274386998
database3/database3/m.015dsz/54-FaceId-1_align.webp,0.002756,1.0,0.1084910446468457
database3/database3/m.015dx/106-FaceId-0_align.webp,0.065832,0.0,0.1246375178438348
database3/database3/m.015dx/112-FaceId-0_align.webp,0.282009,0.0,0.1368285275652338
database3/database3/m.015dx/117-FaceId-0_align.webp,0.154935,0.0,0.1099788388089373
database3/database3/m.015dx/16-FaceId-0_align.webp,0.065933,0.0,0.1380883973834662
database3/database3/m.015dx/75-FaceId-0_align.webp,0.127561,0.0,0.1459551075490637
database3/database3/m.015dz8/51-FaceId-0_align.webp,0.051527,1.0,0.125226454541812
database3/database3/m.015f6_/9-FaceId-0_align.webp,0.050822,1.0,0.1366399765833963
database3/database3/m.015fxn/110-FaceId-1_align.webp,0.050721,0.0,0.1193129685992219
database3/database3/m.015fyd/19-FaceId-0_align.webp,0.055834,0.0,0.1325844992892206
database3/database3/m.015g36/86-FaceId-0_align.webp,0.010069,0.0,0.1239997427417364
database3/database3/m.015g98/4-FaceId-0_align.webp,0.031227,1.0,0.1530830893175769
database3/database3/m.015g_7/108-FaceId-0_align.webp,0.075445,1.0,0.1249650241150778
database3/database3/m.015ghl/29-FaceId-0_align.webp,0.035495,0.0,0.1202845979976883
database3/database3/m.015ghl/58-FaceId-0_align.webp,0.114793,0.0,0.0961184982950606
database3/database3/m.015ghl/7-FaceId-0_align.webp,0.022651,0.0,0.1093440715470275
database3/database3/m.015gjr/36-FaceId-0_align.webp,0.054888,1.0,0.1270245833106308
database3/database3/m.015gjr/40-FaceId-0_align.webp,0.045893,1.0,0.1092148846828952
database3/database3/m.015gjr/84-FaceId-0_align.webp,0.042274,1.0,0.2310359757242114
database3/database3/m.015gqm/96-FaceId-1_align.webp,0.236979,1.0,0.1671237281924977
database3/database3/m.015grj/83-FaceId-0_align.webp,0.0,1.0,0.1089286925026853
database3/database3/m.015grj/95-FaceId-0_align.webp,0.006074,1.0,0.1009005496002413
database3/database3/m.015grj/98-FaceId-0_align.webp,0.00126,1.0,0.0835392489645282
database3/database3/m.015gsv/100-FaceId-0_align.webp,0.087077,1.0,0.1525484963441311
database3/database3/m.015gsv/72-FaceId-0_align.webp,0.017745,1.0,0.1268456874209482
database3/database3/m.015gx1/70-FaceId-0_align.webp,0.056653,1.0,0.1277508274674618
database3/database3/m.015gy7/28-FaceId-0_align.webp,0.011386,1.0,0.1417104770695314
database3/database3/m.015gzc/94-FaceId-0_align.webp,0.077714,1.0,0.1353041191023674
database3/database3/m.015h25/3-FaceId-0_align.webp,0.001481,1.0,0.0996473037851925
database3/database3/m.015h7y/30-FaceId-0_align.webp,0.014431,1.0,0.138538295641577
database3/database3/m.015htz/46-FaceId-0_align.webp,0.135648,0.0,0.123662088850968
database3/database3/m.015j58/58-FaceId-0_align.webp,0.016994,1.0,0.127824131458009
database3/database3/m.015j6h/20-FaceId-0_align.webp,0.005265,1.0,0.1373145104091241
database3/database3/m.015j6h/37-FaceId-0_align.webp,0.094841,1.0,0.1599069224291645
database3/database3/m.015j6y/47-FaceId-0_align.webp,0.10488,0.0,0.1612816103594888
database3/database3/m.015j6y/5-FaceId-0_align.webp,0.085053,0.0,0.1185027860516291
database3/database3/m.015j6y/73-FaceId-1_align.webp,0.12413,0.0,0.1342470408074053
database3/database3/m.015j8x/17-FaceId-0_align.webp,0.049084,1.0,0.1427571933037565
database3/database3/m.015j8x/42-FaceId-0_align.webp,0.021866,1.0,0.2002905621990314
database3/database3/m.015jjw/46-FaceId-0_align.webp,0.068702,1.0,0.1781345983462708
database3/database3/m.015jjw/69-FaceId-0_align.webp,0.113403,1.0,0.1960058448263083
database3/database3/m.015jvm/105-FaceId-0_align.webp,0.006549,1.0,0.1131652226225717
database3/database3/m.015jvm/32-FaceId-0_align.webp,0.01088,1.0,0.1075320042033695
database3/database3/m.015jvm/85-FaceId-0_align.webp,0.111985,1.0,0.1716573479742729
database3/database3/m.015k04/104-FaceId-0_align.webp,0.087765,0.0,0.1095631473379089
database3/database3/m.015k04/33-FaceId-0_align.webp,0.019732,0.0,0.13376972798761
database3/database3/m.015k04/68-FaceId-0_align.webp,0.032064,0.0,0.1286895827136527
database3/database3/m.015k9x/19-FaceId-0_align.webp,0.079615,0.0,0.1303838471056962
database3/database3/m.015k9x/84-FaceId-0_align.webp,0.154994,0.0,0.6124516175745823
database3/database3/m.015kbd/21-FaceId-0_align.webp,0.030994,1.0,0.1070372476467953
database3/database3/m.015kbd/80-FaceId-0_align.webp,0.061754,1.0,0.3000666908136213
database3/database3/m.015khm/4-FaceId-0_align.webp,0.027803,1.0,0.0857635879836519
database3/database3/m.015klf/75-FaceId-0_align.webp,0.0,1.0,0.0918339232598969
database3/database3/m.015ksl/24-FaceId-0_align.webp,0.23069,1.0,0.1352898773003642
database3/database3/m.015ksl/26-FaceId-1_align.webp,0.043132,1.0,0.2960290472325756
database3/database3/m.015ksl/31-FaceId-0_align.webp,0.096817,1.0,0.1358125570094343
database3/database3/m.015ksl/72-FaceId-0_align.webp,0.014945,1.0,0.127789804730348
database3/database3/m.015ksy/70-FaceId-0_align.webp,0.064697,1.0,0.1199903173873754
database3/database3/m.015ksy/90-FaceId-0_align.webp,0.039383,1.0,0.1211137710054717
database3/database3/m.015kt_/7-FaceId-0_align.webp,0.084368,1.0,0.1152780946483855
database3/database3/m.015l1l/126-FaceId-0_align.webp,0.0,1.0,0.0806637144918767
database3/database3/m.015l51/58-FaceId-0_align.webp,0.077217,1.0,0.1112323828467911
database3/database3/m.015lg2/3-FaceId-0_align.webp,0.081487,1.0,0.236955655387713
database3/database3/m.015m2c/35-FaceId-0_align.webp,0.111821,0.0,0.2171067192027717
database3/database3/m.015m2c/62-FaceId-0_align.webp,0.107098,0.0,0.2010002761129025
database3/database3/m.015m2c/96-FaceId-0_align.webp,0.077293,0.0,0.216549943374174
database3/database3/m.015m2v/50-FaceId-0_align.webp,0.014038,1.0,0.1227109107905098
database3/database3/m.015m_9/103-FaceId-0_align.webp,0.203457,0.0,0.1672419563158922
database3/database3/m.015m_9/23-FaceId-0_align.webp,0.194385,0.0,0.1295435710431777
database3/database3/m.015mfy/124-FaceId-0_align.webp,0.011509,1.0,0.2115841871452074
database3/database3/m.015mfy/44-FaceId-0_align.webp,0.015486,1.0,0.2211140496986161
database3/database3/m.015ncq/12-FaceId-0_align.webp,0.097302,0.0,0.1334644707205577
database3/database3/m.015ncq/15-FaceId-0_align.webp,0.108176,0.0,0.1295312748555021
database3/database3/m.015ncq/43-FaceId-0_align.webp,0.173231,0.0,0.1864013892214038
database3/database3/m.015nr6/10-FaceId-0_align.webp,0.135309,0.0,0.1119809236848995
database3/database3/m.015nxw/46-FaceId-0_align.webp,0.033616,1.0,0.1301887864761933
database3/database3/m.015nz8/33-FaceId-0_align.webp,0.258768,1.0,0.13657057694954
database3/database3/m.015p0c/3-FaceId-0_align.webp,0.047687,1.0,0.1088969565438852
database3/database3/m.015p37/5-FaceId-0_align.webp,0.024022,0.0,0.2369597780459909
database3/database3/m.015p3p/83-FaceId-3_align.webp,0.095309,1.0,0.1783783258391252
database3/database3/m.015p_p/4-FaceId-0_align.webp,0.041582,1.0,0.2345666650053204
database3/database3/m.015ph6/52-FaceId-0_align.webp,0.019715,1.0,0.1200636764733766
database3/database3/m.015ph6/9-FaceId-0_align.webp,0.017184,1.0,0.1007568034041711
database3/database3/m.015phm/91-FaceId-0_align.webp,0.017375,1.0,0.0950636661409363
database3/database3/m.015pqq/24-FaceId-0_align.webp,0.179784,0.0,0.1348649990891296
database3/database3/m.015pqq/66-FaceId-0_align.webp,0.136121,0.0,0.2101387268229974
database3/database3/m.015pqq/87-FaceId-0_align.webp,0.018013,0.0,0.139502708569299
database3/database3/m.015pt7/51-FaceId-0_align.webp,0.127322,1.0,0.1545563677547816
database3/database3/m.015pt7/58-FaceId-0_align.webp,0.035197,1.0,0.1202624852375781
database3/database3/m.015pt7/60-FaceId-0_align.webp,0.049196,1.0,0.1881828656849836
database3/database3/m.015pvh/112-FaceId-0_align.webp,0.330281,0.0,0.1498401095058601
database3/database3/m.015px7/44-FaceId-0_align.webp,0.034165,1.0,0.1195167214413014
database3/database3/m.015px7/91-FaceId-0_align.webp,0.015722,1.0,0.1489149393498877
database3/database3/m.015pxr/76-FaceId-0_align.webp,0.013737,1.0,0.1223179590612917
database3/database3/m.015pxr/85-FaceId-0_align.webp,0.04711,1.0,0.1409495710136651
database3/database3/m.015pz3/26-FaceId-0_align.webp,0.029214,1.0,0.1353664394920506
database3/database3/m.015q3m/88-FaceId-0_align.webp,0.02977,1.0,0.1076360745880449
database3/database3/m.015q43/44-FaceId-0_align.webp,0.14431,0.0,0.1393033380024682
database3/database3/m.015q43/83-FaceId-0_align.webp,0.202776,0.0,0.1565678088592671
database3/database3/m.015q7v/66-FaceId-0_align.webp,0.123951,1.0,0.1384555922613198
database3/database3/m.015q7v/70-FaceId-0_align.webp,0.084162,1.0,0.1384387934230816
database3/database3/m.015q7v/74-FaceId-0_align.webp,0.166774,1.0,0.2440486570860099
database3/database3/m.015q7v/95-FaceId-0_align.webp,0.114436,1.0,0.1213403679001546
database3/database3/m.015q9_/38-FaceId-0_align.webp,0.073529,1.0,0.1438295058327146
database3/database3/m.015q9_/55-FaceId-0_align.webp,0.228226,1.0,0.145541105092539
database3/database3/m.015qgb/80-FaceId-0_align.webp,0.240744,0.0,0.1723878627253917
database3/database3/m.015ql4/49-FaceId-0_align.webp,0.010843,1.0,0.1238811348241759
database3/database3/m.015ql_/79-FaceId-0_align.webp,0.076307,0.0,0.1441051840184902
database3/database3/m.015qlm/10-FaceId-0_align.webp,0.050821,0.0,0.13371387632143
database3/database3/m.015qlm/70-FaceId-0_align.webp,0.030997,0.0,0.133050299631083
database3/database3/m.015qpn/63-FaceId-0_align.webp,0.366396,1.0,0.1100982711279938
database3/database3/m.015qq1/36-FaceId-0_align.webp,0.022633,1.0,0.1119027433569431
database3/database3/m.015qty/73-FaceId-0_align.webp,0.019129,1.0,0.1057109117517317
database3/database3/m.015qty/74-FaceId-0_align.webp,0.007618,1.0,0.1238341687906402
database3/database3/m.015qv9/29-FaceId-0_align.webp,0.006101,1.0,0.133728470745967
database3/database3/m.015qxn/75-FaceId-0_align.webp,0.029389,1.0,0.1067821553343067
database3/database3/m.015qxn/81-FaceId-0_align.webp,0.000968,1.0,0.1810132244964702
database3/database3/m.015qyf/14-FaceId-0_align.webp,0.032701,1.0,0.1346919767873045
database3/database3/m.015qzv/12-FaceId-0_align.webp,0.03298,1.0,0.22823287840585
database3/database3/m.015qzv/45-FaceId-0_align.webp,0.048204,1.0,0.2086237533332688
database3/database3/m.015qzv/55-FaceId-0_align.webp,0.094832,1.0,0.2699801634555281
database3/database3/m.015qzv/57-FaceId-0_align.webp,0.068867,1.0,0.1507747575788491
database3/database3/m.015r3q/35-FaceId-0_align.webp,0.001755,1.0,0.2181200659100915
database3/database3/m.015r4v/28-FaceId-0_align.webp,0.015627,1.0,0.1488657329323763
database3/database3/m.015rhv/21-FaceId-0_align.webp,0.274759,1.0,0.1936669090356937
database3/database3/m.015rmq/88-FaceId-0_align.webp,0.016982,1.0,0.1195861730235549
database3/database3/m.015t_m/31-FaceId-0_align.webp,0.0851,1.0,0.0825200611693231
database3/database3/m.015thk/1-FaceId-0_align.webp,0.117609,1.0,0.1249902418812425
database3/database3/m.015thk/47-FaceId-0_align.webp,0.223814,1.0,0.1866519676920885
database3/database3/m.015thk/89-FaceId-0_align.webp,0.010677,1.0,0.2190983557734599
database3/database3/m.015tp7/25-FaceId-0_align.webp,0.089928,1.0,0.134441885014523
database3/database3/m.015tp7/4-FaceId-0_align.webp,0.078982,1.0,0.1408495419434395
database3/database3/m.015tv5/22-FaceId-0_align.webp,0.009031,1.0,0.1320076342966708
database3/database3/m.015tv5/54-FaceId-0_align.webp,0.027498,1.0,0.1266336809382661
database3/database3/m.015tyq/50-FaceId-0_align.webp,0.029346,1.0,0.1655885067695525
database3/database3/m.015tyq/63-FaceId-0_align.webp,0.05956,1.0,0.235775094719957
database3/database3/m.015v98/49-FaceId-0_align.webp,0.062142,0.0,0.1452988467443202
database3/database3/m.015v98/79-FaceId-0_align.webp,0.070144,0.0,0.1451715197645677
database3/database3/m.015vql/63-FaceId-0_align.webp,0.02634,1.0,0.1438237872069412
database3/database3/m.015vyh/54-FaceId-0_align.webp,0.020372,1.0,0.1231511011943398
database3/database3/m.015wfg/59-FaceId-0_align.webp,0.021245,1.0,0.1355214259982922
database3/database3/m.015wfy/41-FaceId-0_align.webp,0.10115,1.0,0.1183005001999867
database3/database3/m.015wfy/43-FaceId-0_align.webp,0.000923,1.0,0.1957317482246893
database3/database3/m.015wfy/78-FaceId-0_align.webp,0.064575,1.0,0.2198874297929921
database3/database3/m.015wfy/91-FaceId-0_align.webp,0.156,1.0,0.2030902229418663
database3/database3/m.015wgw/16-FaceId-0_align.webp,0.030553,1.0,0.1184698362532246
database3/database3/m.015wgw/5-FaceId-0_align.webp,0.079937,1.0,0.1336811313296392
database3/database3/m.015wkb/94-FaceId-0_align.webp,0.010721,1.0,0.1154676984371479
database3/database3/m.015x3n/93-FaceId-0_align.webp,0.0,0.0,0.5154210115215345
database3/database3/m.015x63/126-FaceId-0_align.webp,0.077609,0.0,0.1346997537305985
database3/database3/m.015xnd/46-FaceId-0_align.webp,0.021854,1.0,0.1707979451605737
database3/database3/m.015xnd/72-FaceId-0_align.webp,0.171432,1.0,0.2606173945475837
database3/database3/m.015xsn/17-FaceId-0_align.webp,0.021828,1.0,0.1749578741707652
database3/database3/m.015xww/31-FaceId-0_align.webp,0.075773,1.0,0.1204061473906109
database3/database3/m.015xys/54-FaceId-0_align.webp,0.054138,1.0,0.1095726403470712
database3/database3/m.015y4c/42-FaceId-0_align.webp,0.097688,1.0,0.0996690387126357
database3/database3/m.015y4c/72-FaceId-0_align.webp,0.027368,1.0,0.1186819333525275
database3/database3/m.015y4c/79-FaceId-0_align.webp,0.010835,1.0,0.1026446596935323
database3/database3/m.015yb0/108-FaceId-0_align.webp,0.073526,1.0,0.109796321743489
database3/database3/m.015ybz/5-FaceId-0_align.webp,0.004767,1.0,0.2923567882995121
database3/database3/m.015yg9/69-FaceId-0_align.webp,0.021682,1.0,0.1723914735639367
database3/database3/m.015ykr/19-FaceId-0_align.webp,0.078311,0.0,0.1294369744570293
database3/database3/m.015ykr/9-FaceId-0_align.webp,0.026904,0.0,0.1061847323690039
database3/database3/m.015z4j/106-FaceId-1_align.webp,0.203863,0.0,0.1442364300235895
database3/database3/m.015z4j/30-FaceId-0_align.webp,0.022438,0.0,0.1216592585141881
database3/database3/m.015zj4/3-FaceId-0_align.webp,0.026859,1.0,0.1834112987903581
database3/database3/m.015zjx/34-FaceId-0_align.webp,0.188292,1.0,0.1456144817822257
database3/database3/m.015zm4/92-FaceId-0_align.webp,0.019768,1.0,0.2040314756152929
database3/database3/m.015zmm/35-FaceId-0_align.webp,0.071991,0.0,0.1259565393117526
database3/database3/m.016077/95-FaceId-0_align.webp,0.023638,1.0,0.1424640269806368
database3/database3/m.0160pf/102-FaceId-0_align.webp,0.037457,1.0,0.1357067295352829
database3/database3/m.016194/12-FaceId-0_align.webp,0.028771,1.0,0.1317181334349834
database3/database3/m.016194/6-FaceId-0_align.webp,0.025295,1.0,0.1061316303459819
database3/database3/m.0161h5/105-FaceId-0_align.webp,0.042175,0.0,0.125955568661132
database3/database3/m.0161hn/33-FaceId-0_align.webp,0.010683,1.0,0.1637959065575093
database3/database3/m.0162c8/22-FaceId-0_align.webp,0.021055,1.0,0.141593704275997
database3/database3/m.0162c8/71-FaceId-0_align.webp,0.041746,1.0,0.1350297649779684
database3/database3/m.0162c8/72-FaceId-0_align.webp,0.034776,1.0,0.1368600763611466
database3/database3/m.0162lw/68-FaceId-0_align.webp,0.026272,1.0,0.1321802106553034
database3/database3/m.0162n1/16-FaceId-0_align.webp,0.013549,1.0,0.2210463879708423
database3/database3/m.0162n1/17-FaceId-0_align.webp,0.15524,1.0,0.2237963004757591
database3/database3/m.01635v/83-FaceId-0_align.webp,0.001023,1.0,0.0957277149292878
database3/database3/m.0163bt/91-FaceId-0_align.webp,0.100672,1.0,0.1442808904480693
database3/database3/m.0163kf/72-FaceId-0_align.webp,0.120095,0.0,0.1265594519739926
database3/database3/m.0163kf/83-FaceId-0_align.webp,0.098981,0.0,0.156639681486468
database3/database3/m.0163rk/30-FaceId-0_align.webp,0.022552,1.0,0.1293554957505201
database3/database3/m.0163s9/24-FaceId-0_align.webp,0.074147,1.0,0.1346558792776632
database3/database3/m.0163s9/74-FaceId-0_align.webp,0.166715,1.0,0.1347658171180008
database3/database3/m.0163t3/106-FaceId-0_align.webp,0.195337,0.0,0.1358833624639004
database3/database3/m.0163t3/9-FaceId-0_align.webp,0.08181,0.0,0.1271873331346273
database3/database3/m.0163y8/74-FaceId-0_align.webp,0.077227,1.0,0.1450657837889929
database3/database3/m.0164c4/60-FaceId-0_align.webp,0.111711,0.0,0.1181947173834493
database3/database3/m.0164lp/69-FaceId-0_align.webp,0.064522,1.0,0.1068561642853695
database3/database3/m.0164lp/92-FaceId-0_align.webp,0.151037,1.0,0.2286095950239238
database3/database3/m.0164nb/3-FaceId-0_align.webp,0.089532,1.0,0.1252618812666525
database3/database3/m.0164y7/34-FaceId-0_align.webp,0.005214,1.0,0.1303770648405938
database3/database3/m.0165cp/26-FaceId-0_align.webp,0.006703,0.0,0.1115156307476619
database3/database3/m.0165cp/52-FaceId-0_align.webp,0.057554,0.0,0.1017361291766654
database3/database3/m.0165gc/85-FaceId-0_align.webp,0.006716,1.0,0.1118621702715646
database3/database3/m.0165gc/99-FaceId-0_align.webp,0.120842,1.0,0.1317082184419709
database3/database3/m.0165ky/57-FaceId-0_align.webp,0.015031,1.0,0.1843436657447921
database3/database3/m.0165n5/59-FaceId-0_align.webp,0.014306,0.0,0.0999279549896879
database3/database3/m.01666h/59-FaceId-0_align.webp,0.366126,0.0,0.1487753839159648
database3/database3/m.01666h/65-FaceId-0_align.webp,0.324656,0.0,0.1639997368044709
database3/database3/m.0166rp/41-FaceId-0_align.webp,0.108225,1.0,0.1345731269736046
database3/database3/m.0166rp/55-FaceId-0_align.webp,0.058677,1.0,0.1646711617190095
database3/database3/m.0166w_/52-FaceId-0_align.webp,0.055626,1.0,0.1154364452767326
database3/database3/m.0166w_/7-FaceId-0_align.webp,0.051227,1.0,0.0959337580112299
database3/database3/m.0166yl/4-FaceId-0_align.webp,0.128426,1.0,0.1140772077553402
database3/database3/m.0166yl/42-FaceId-0_align.webp,0.00821,1.0,0.1222172077497412
database3/database3/m.0166zk/13-FaceId-0_align.webp,0.040817,1.0,0.2490444758923118
database3/database3/m.0166zk/42-FaceId-0_align.webp,0.020069,1.0,0.193487469493987
database3/database3/m.0166zk/72-FaceId-0_align.webp,0.015452,1.0,0.1297040850697593
database3/database3/m.01678_/78-FaceId-0_align.webp,0.014927,1.0,0.1074929232961301
database3/database3/m.0167h6/35-FaceId-0_align.webp,0.000892,1.0,0.110333789368575
database3/database3/m.0167xk/87-FaceId-0_align.webp,0.035118,1.0,0.1418869848617909
database3/database3/m.016883/25-FaceId-0_align.webp,0.021581,1.0,0.1256809083070509
database3/database3/m.016883/35-FaceId-0_align.webp,0.016967,1.0,0.1447524052251134
database3/database3/m.016883/79-FaceId-0_align.webp,0.042662,1.0,0.1266769389016443
database3/database3/m.0168cl/73-FaceId-0_align.webp,0.16573,1.0,0.1282559620563239
database3/database3/m.0168ql/60-FaceId-0_align.webp,0.01118,1.0,0.0837400126525785
database3/database3/m.0168vx/9-FaceId-0_align.webp,0.182986,0.0,0.1138794425398042
database3/database3/m.01693z/106-FaceId-0_align.webp,0.308514,1.0,0.1694537801543458
database3/database3/m.01693z/67-FaceId-0_align.webp,0.053019,1.0,0.1120005432136184
database3/database3/m.016959/105-FaceId-0_align.webp,0.10109,1.0,0.1655441221644445
database3/database3/m.016959/51-FaceId-0_align.webp,0.067755,1.0,0.1403434714372054
database3/database3/m.0169ff/102-FaceId-0_align.webp,0.033338,1.0,0.1587944311265762
database3/database3/m.0169ff/36-FaceId-0_align.webp,0.024259,1.0,0.1312874492251881
database3/database3/m.0169ff/79-FaceId-0_align.webp,0.137366,1.0,0.1368711705539894
database3/database3/m.0169mh/14-FaceId-0_align.webp,0.084985,0.0,0.1639862195513604
database3/database3/m.0169r6/43-FaceId-0_align.webp,0.109367,0.0,0.1443315182470652
database3/database3/m.0169v2/37-FaceId-0_align.webp,0.237432,0.0,0.1517115137528061
database3/database3/m.0169v2/60-FaceId-0_align.webp,0.294775,0.0,0.1590207852115793
database3/database3/m.0169x_/12-FaceId-0_align.webp,0.169443,1.0,0.1158775588433329
database3/database3/m.016_js/82-FaceId-0_align.webp,0.00161,0.0,0.114046458620538
database3/database3/m.016_js/90-FaceId-0_align.webp,0.074161,0.0,0.1352731957987705
database3/database3/m.016_mj/9-FaceId-0_align.webp,0.005546,1.0,0.1360883422733645
database3/database3/m.016b6z/92-FaceId-0_align.webp,0.053278,1.0,0.1549182523512756
database3/database3/m.016b90/0-FaceId-0_align.webp,0.006801,1.0,0.115834106214007
database3/database3/m.016b90/79-FaceId-0_align.webp,0.0,1.0,0.0687436958432827
database3/database3/m.016b90/8-FaceId-0_align.webp,0.046454,1.0,0.0959455738470336
database3/database3/m.016b90/93-FaceId-0_align.webp,0.01334,1.0,0.1168880809832296
database3/database3/m.016cn6/6-FaceId-0_align.webp,0.062721,1.0,0.1739364687942468
database3/database3/m.016cn6/90-FaceId-0_align.webp,0.090699,1.0,0.130211439944739
database3/database3/m.016cz6/23-FaceId-1_align.webp,0.213677,1.0,0.4277263045270013
database3/database3/m.016db7/11-FaceId-0_align.webp,0.00104,1.0,0.1655331084349386
database3/database3/m.016dbr/42-FaceId-0_align.webp,0.02227,1.0,0.1326121544446262
database3/database3/m.016fjj/77-FaceId-0_align.webp,0.012807,1.0,0.1256650274949289
database3/database3/m.016fnv/40-FaceId-0_align.webp,0.049743,1.0,0.1273874130564326
database3/database3/m.016g29/40-FaceId-0_align.webp,0.003894,1.0,0.1583081438054966
database3/database3/m.016g29/95-FaceId-0_align.webp,0.017798,1.0,0.0948163699916086
database3/database3/m.016ggh/74-FaceId-0_align.webp,0.004674,1.0,0.1136688626999043
database3/database3/m.016ghw/12-FaceId-0_align.webp,0.035794,1.0,0.1863330499754415
database3/database3/m.016gkf/85-FaceId-0_align.webp,0.159983,1.0,0.1340397372397533
database3/database3/m.016gnp/45-FaceId-0_align.webp,0.027576,1.0,0.1222788002861442
database3/database3/m.016gnp/48-FaceId-0_align.webp,0.0,1.0,0.1343917160004589
database3/database3/m.016gr2/107-FaceId-0_align.webp,0.0,1.0,0.160191278560285
database3/database3/m.016gr2/38-FaceId-0_align.webp,0.0,1.0,0.1007361917041466
database3/database3/m.016hgp/12-FaceId-0_align.webp,0.055372,0.0,0.1238828156376208
database3/database3/m.016hgp/32-FaceId-12_align.webp,0.159452,0.0,0.2963076575905529
database3/database3/m.016hgp/77-FaceId-4_align.webp,0.110387,0.0,0.1202861136714603
database3/database3/m.016hgp/77-FaceId-7_align.webp,0.08977,0.0,0.1231963667920169
database3/database3/m.016hgp/77-FaceId-9_align.webp,0.121788,0.0,0.1268638091706753
database3/database3/m.016hj7/88-FaceId-0_align.webp,0.028831,1.0,0.103425027960198
database3/database3/m.016hk4/98-FaceId-0_align.webp,0.002253,1.0,0.1249855044088032
database3/database3/m.016hmf/90-FaceId-0_align.webp,0.168251,1.0,0.1473208109175983
database3/database3/m.016hrc/46-FaceId-0_align.webp,0.064797,0.0,0.1414738216740296
database3/database3/m.016htr/23-FaceId-0_align.webp,0.041326,1.0,0.1259202766938928
database3/database3/m.016htr/80-FaceId-0_align.webp,0.0,1.0,0.2504215300144393
database3/database3/m.016hvl/14-FaceId-0_align.webp,0.018608,1.0,0.1531819507962772
database3/database3/m.016hvl/79-FaceId-0_align.webp,0.027134,1.0,0.1361124572152236
database3/database3/m.016hzm/79-FaceId-0_align.webp,0.040554,1.0,0.1992674637532171
database3/database3/m.016j4q/17-FaceId-0_align.webp,0.014713,1.0,0.619368135148481
database3/database3/m.016j4q/73-FaceId-0_align.webp,0.027874,1.0,0.2969870365206085
database3/database3/m.016j55/23-FaceId-0_align.webp,0.003044,1.0,0.1566882622484828
database3/database3/m.016j_c/80-FaceId-0_align.webp,0.167359,0.0,0.1479254090152011
database3/database3/m.016k0j/73-FaceId-0_align.webp,0.021214,0.0,0.133005998110479
database3/database3/m.016k38/76-FaceId-0_align.webp,0.03171,1.0,0.1782287659727593
database3/database3/m.016k38/86-FaceId-0_align.webp,0.0969,1.0,0.2134042759506407
database3/database3/m.016k58/57-FaceId-0_align.webp,0.285077,0.0,0.151595622011001
database3/database3/m.016k6x/11-FaceId-0_align.webp,0.0,1.0,0.1077988323878431
database3/database3/m.016k6x/19-FaceId-0_align.webp,0.0,1.0,0.0968680066374125
database3/database3/m.016k92/3-FaceId-0_align.webp,0.164786,1.0,0.1558128907041637
database3/database3/m.016k92/39-FaceId-0_align.webp,0.115077,1.0,0.1494192768040462
database3/database3/m.016k92/53-FaceId-0_align.webp,0.124335,1.0,0.1528344614442711
database3/database3/m.016k_v/117-FaceId-0_align.webp,0.172292,0.0,0.1225387887533009
database3/database3/m.016k_v/31-FaceId-0_align.webp,0.103765,0.0,0.1294531513355755
database3/database3/m.016k_v/6-FaceId-0_align.webp,0.102662,0.0,0.1259905447642512
database3/database3/m.016kdv/96-FaceId-0_align.webp,0.10171,1.0,0.122005823355392
database3/database3/m.016kft/30-FaceId-0_align.webp,0.094506,1.0,0.145917468173959
database3/database3/m.016khd/116-FaceId-0_align.webp,0.014365,1.0,0.2303456827026271
database3/database3/m.016khd/18-FaceId-0_align.webp,0.045446,1.0,0.164851358372378
database3/database3/m.016khd/77-FaceId-0_align.webp,0.016363,1.0,0.1162318903761787
database3/database3/m.016kjs/51-FaceId-0_align.webp,0.103247,1.0,0.1371792066882152
database3/database3/m.016kqk/22-FaceId-0_align.webp,0.109366,1.0,0.1619617771118902
database3/database3/m.016kqk/57-FaceId-0_align.webp,0.028005,1.0,0.1669950923518116
database3/database3/m.016ksk/77-FaceId-0_align.webp,0.033554,1.0,0.1887398310605926
database3/database3/m.016l53/34-FaceId-0_align.webp,0.004644,1.0,0.2360795167783098
database3/database3/m.016l_5/13-FaceId-1_align.webp,0.028409,0.0,0.2327752635248779
database3/database3/m.016l_5/23-FaceId-0_align.webp,0.13632,0.0,0.1287521073214069
database3/database3/m.016l_5/69-FaceId-0_align.webp,0.067658,0.0,0.1235012200280935
database3/database3/m.016lb3/2-FaceId-0_align.webp,0.005513,1.0,0.1185885451300515
database3/database3/m.016lh0/74-FaceId-0_align.webp,0.000336,1.0,0.1235037802495337
database3/database3/m.016m0v/15-FaceId-0_align.webp,0.003574,1.0,0.2000483915330132
database3/database3/m.016m0v/47-FaceId-0_align.webp,0.010823,1.0,0.2159793026787504
database3/database3/m.016m0v/48-FaceId-0_align.webp,0.006305,1.0,0.1614677191529319
database3/database3/m.016mgj/22-FaceId-0_align.webp,0.177659,0.0,0.1307777809513401
database3/database3/m.016mgj/72-FaceId-0_align.webp,0.141048,0.0,0.2387974918343457
database3/database3/m.016ntp/45-FaceId-0_align.webp,0.056576,0.0,0.3017631071627472
database3/database3/m.016ntp/58-FaceId-0_align.webp,0.194583,0.0,0.2242806271980376
database3/database3/m.016ntp/78-FaceId-0_align.webp,0.262576,0.0,0.1682190272907142
database3/database3/m.016ntp/85-FaceId-0_align.webp,0.141759,0.0,0.1487422983605755
database3/database3/m.016nvh/2-FaceId-0_align.webp,0.143526,1.0,0.1454827623647185
database3/database3/m.016nvy/82-FaceId-0_align.webp,0.14288,0.0,0.1287357518454727
database3/database3/m.016nws/82-FaceId-0_align.webp,0.154826,1.0,0.1646579562648796
database3/database3/m.016pns/55-FaceId-0_align.webp,0.055966,1.0,0.147868570732134
database3/database3/m.016q0w/27-FaceId-0_align.webp,0.009996,1.0,0.1331998237433076
database3/database3/m.016q2n/25-FaceId-0_align.webp,0.030179,0.0,0.1273284305297647
database3/database3/m.016q2n/89-FaceId-0_align.webp,0.007529,0.0,0.1396638344526564
database3/database3/m.016q4_/99-FaceId-1_align.webp,0.000294,0.0,0.11366764285566
database3/database3/m.016qrb/16-FaceId-0_align.webp,0.039165,0.0,0.1282508501677905
database3/database3/m.016qrb/78-FaceId-0_align.webp,0.145711,0.0,0.1183405433840889
database3/database3/m.016qtt/15-FaceId-0_align.webp,0.187503,1.0,0.1334641889243172
database3/database3/m.016qtt/25-FaceId-0_align.webp,0.283035,1.0,0.136489183196128
database3/database3/m.016r3x/42-FaceId-0_align.webp,0.001242,1.0,0.0901237208903785
database3/database3/m.016r3x/44-FaceId-0_align.webp,0.007495,1.0,0.1351130196838273
database3/database3/m.016sff/35-FaceId-0_align.webp,0.025858,1.0,0.3059073608479385
database3/database3/m.016sp_/9-FaceId-0_align.webp,0.355835,1.0,0.1225197278169478
database3/database3/m.016swh/38-FaceId-0_align.webp,0.0,1.0,0.1188103384667801
database3/database3/m.016sz1/68-FaceId-0_align.webp,0.00381,1.0,0.1456574486988801
database3/database3/m.016szr/0-FaceId-0_align.webp,0.081751,1.0,0.2385189154885819
database3/database3/m.016szr/31-FaceId-0_align.webp,0.150774,1.0,0.2302610904272771
database3/database3/m.016t00/27-FaceId-0_align.webp,0.010723,1.0,0.1503994237732454
database3/database3/m.016t00/29-FaceId-0_align.webp,0.026052,1.0,0.1392853705525523
database3/database3/m.016t00/49-FaceId-0_align.webp,0.061342,1.0,0.1572230409040187
database3/database3/m.016tb7/64-FaceId-0_align.webp,0.020212,0.0,0.1220541387403045
database3/database3/m.016tbr/53-FaceId-0_align.webp,0.052696,1.0,0.1419610088754461
database3/database3/m.016tbr/91-FaceId-0_align.webp,0.278026,1.0,0.1672195858831101
database3/database3/m.016tbr/97-FaceId-0_align.webp,0.035531,1.0,0.1538541094947064
database3/database3/m.016tcm/7-FaceId-0_align.webp,0.0,1.0,0.1291923960589216
database3/database3/m.016tqw/18-FaceId-0_align.webp,0.009857,1.0,0.1349037589983708
database3/database3/m.016vqk/91-FaceId-0_align.webp,0.041054,1.0,0.1280112994629779
database3/database3/m.016vxj/34-FaceId-0_align.webp,0.081238,1.0,0.1172335623473513
database3/database3/m.016vy9/16-FaceId-0_align.webp,0.135759,0.0,0.1338869621775093
database3/database3/m.016vy9/41-FaceId-0_align.webp,0.023537,0.0,0.1188371539576159
database3/database3/m.016vyp/28-FaceId-0_align.webp,0.086364,1.0,0.1306545906438041
database3/database3/m.016vyp/92-FaceId-0_align.webp,0.043472,1.0,0.1234450111881974
database3/database3/m.016wdq/47-FaceId-0_align.webp,0.021942,1.0,0.309798809826439
database3/database3/m.016wvy/16-FaceId-0_align.webp,0.016451,1.0,0.1285640099826446
database3/database3/m.016wvy/70-FaceId-0_align.webp,0.279688,1.0,0.157331863894657
database3/database3/m.016wvy/90-FaceId-0_align.webp,0.0652,1.0,0.2452120977322801
database3/database3/m.016xk5/94-FaceId-0_align.webp,0.039665,1.0,0.1209173416863239
database3/database3/m.016yr0/49-FaceId-0_align.webp,0.028821,1.0,0.122853400324794
database3/database3/m.016yr0/53-FaceId-0_align.webp,0.03224,1.0,0.1173744178141793
database3/database3/m.016yr0/98-FaceId-0_align.webp,0.103354,1.0,0.1387101723786704
database3/database3/m.016ywr/2-FaceId-0_align.webp,0.022088,1.0,0.1666580770860118
database3/database3/m.016ywr/21-FaceId-0_align.webp,0.053813,1.0,0.1398010599648643
database3/database3/m.016ywr/76-FaceId-0_align.webp,0.0,1.0,0.1118663777446281
database3/database3/m.016z3d/40-FaceId-0_align.webp,0.041987,1.0,0.1208898676017751
database3/database3/m.016z3d/43-FaceId-0_align.webp,0.184794,1.0,0.1334385092648879
database3/database3/m.016z3d/48-FaceId-0_align.webp,0.181018,1.0,0.1301856395405776
database3/database3/m.016z68/21-FaceId-0_align.webp,0.185954,1.0,0.1519469380582307
database3/database3/m.016z68/89-FaceId-0_align.webp,0.268667,1.0,0.1473936948707447
database3/database3/m.016zp5/13-FaceId-0_align.webp,0.016071,1.0,0.1093087907692234
database3/database3/m.016zp5/31-FaceId-0_align.webp,0.101464,1.0,0.2484034276782181
database3/database3/m.016zp5/64-FaceId-0_align.webp,0.006697,1.0,0.127377253818953
database3/database3/m.016zp5/68-FaceId-0_align.webp,0.014376,1.0,0.1331799663251208
database3/database3/m.016zvk/22-FaceId-0_align.webp,0.104809,0.0,0.1348991496000767
database3/database3/m.016zvk/81-FaceId-0_align.webp,0.147393,0.0,0.1334046024178539
database3/database3/m.016zvk/88-FaceId-0_align.webp,0.080384,0.0,0.1042511259070896
database3/database3/m.016zvk/91-FaceId-0_align.webp,0.084334,0.0,0.1254929356597663
database3/database3/m.0170pk/112-FaceId-0_align.webp,0.029113,1.0,0.1973262890949301
database3/database3/m.0170pk/32-FaceId-0_align.webp,0.0,1.0,0.2023919093730772
database3/database3/m.0170pk/71-FaceId-0_align.webp,0.003334,1.0,0.1424995321154203
database3/database3/m.0170pk/93-FaceId-0_align.webp,0.020024,1.0,0.2203449088837195
database3/database3/m.0170q1/39-FaceId-0_align.webp,0.098023,0.0,0.1879686012313617
database3/database3/m.0170qf/10-FaceId-0_align.webp,0.012168,1.0,0.1212570228760267
database3/database3/m.0170qf/66-FaceId-0_align.webp,0.173717,1.0,0.1468365747146588
database3/database3/m.0170s4/35-FaceId-0_align.webp,0.00841,1.0,0.1415560491499049
database3/database3/m.0170s4/44-FaceId-0_align.webp,0.007374,1.0,0.0906227188375092
database3/database3/m.0170s4/48-FaceId-0_align.webp,0.0,1.0,0.0970219991857463
database3/database3/m.0170s4/85-FaceId-0_align.webp,0.00918,1.0,0.1222889213061996
database3/database3/m.0170s4/86-FaceId-0_align.webp,0.00659,1.0,0.1120583782596437
database3/database3/m.0170zz/7-FaceId-0_align.webp,0.0033,1.0,0.1813154390969529
database3/database3/m.017115/2-FaceId-0_align.webp,0.178391,1.0,0.1827904490339633
database3/database3/m.0171cm/52-FaceId-0_align.webp,0.078391,1.0,0.2395024495400874
database3/database3/m.0171cm/9-FaceId-0_align.webp,0.020679,1.0,0.2323439743746697
database3/database3/m.0171dv/105-FaceId-0_align.webp,0.019879,1.0,0.1083837895648476
database3/database3/m.0171dv/106-FaceId-0_align.webp,0.079343,1.0,0.1300873186742592
database3/database3/m.0171z8/39-FaceId-0_align.webp,0.1172,0.0,0.3971129644134097
database3/database3/m.01721f/98-FaceId-0_align.webp,0.00066,1.0,0.088863130605539
database3/database3/m.01728m/45-FaceId-0_align.webp,0.026608,1.0,0.1951905142830152
database3/database3/m.01734j/10-FaceId-0_align.webp,0.107434,1.0,0.216662097949016
database3/database3/m.01737y/7-FaceId-0_align.webp,0.023524,1.0,0.1127330777549924
database3/database3/m.0173cq/55-FaceId-0_align.webp,0.0687,0.0,0.1401783310836564
database3/database3/m.0173cq/82-FaceId-0_align.webp,0.052898,0.0,0.1111104748259385
database3/database3/m.0173p_/66-FaceId-0_align.webp,0.12779,0.0,0.1686478417628323
database3/database3/m.0173p_/82-FaceId-0_align.webp,0.039784,0.0,0.1215564253861781
database3/database3/m.0173p_/97-FaceId-0_align.webp,0.06989,0.0,0.134027023926458
database3/database3/m.0173s_/56-FaceId-0_align.webp,0.320216,0.0,0.1406203651418853
database3/database3/m.01741h/75-FaceId-0_align.webp,0.057681,1.0,0.2547912868559241
database3/database3/m.01742l/53-FaceId-0_align.webp,0.210558,0.0,0.168094055084475
database3/database3/m.01744d/24-FaceId-0_align.webp,0.021138,1.0,0.1329903824650967
database3/database3/m.01744d/66-FaceId-0_align.webp,0.069833,1.0,0.1376897879450323
database3/database3/m.017458/60-FaceId-0_align.webp,0.031087,1.0,0.3115823075499333
database3/database3/m.0174z2/31-FaceId-0_align.webp,0.019356,1.0,0.1248379482005703
database3/database3/m.0175m_/104-FaceId-0_align.webp,0.011519,1.0,0.1718397380162317
database3/database3/m.0175m_/106-FaceId-0_align.webp,0.008092,1.0,0.1184182104822111
database3/database3/m.0175s7/91-FaceId-0_align.webp,0.271553,1.0,0.1710357298173307
database3/database3/m.0175w3/23-FaceId-0_align.webp,0.084707,1.0,0.2244717848409353
database3/database3/m.0175w3/40-FaceId-0_align.webp,0.14122,1.0,0.2877419211162035
database3/database3/m.0175w3/8-FaceId-0_align.webp,0.022898,1.0,0.3236703268019506
database3/database3/m.01762z/69-FaceId-0_align.webp,0.001793,1.0,0.1185431798289145
database3/database3/m.017729/106-FaceId-0_align.webp,0.004005,1.0,0.1433349624214644
database3/database3/m.01772q/118-FaceId-0_align.webp,0.005376,1.0,0.1024992481093236
database3/database3/m.01778_/1-FaceId-0_align.webp,0.151831,0.0,0.2365413463654408
database3/database3/m.01778_/5-FaceId-0_align.webp,0.080886,0.0,0.2124074733509712
database3/database3/m.0177s6/54-FaceId-0_align.webp,0.003871,1.0,0.2635540415795897
database3/database3/m.0177s6/83-FaceId-0_align.webp,0.194958,1.0,0.2315227694263284
database3/database3/m.0178_j/46-FaceId-0_align.webp,0.038586,1.0,0.2078971681520848
database3/database3/m.0178d6/53-FaceId-0_align.webp,0.019408,1.0,0.1203516230234822
database3/database3/m.0178d6/9-FaceId-0_align.webp,0.038126,1.0,0.1398346885690866
database3/database3/m.0178sb/20-FaceId-0_align.webp,0.025953,1.0,0.116379856032845
database3/database3/m.01791s/104-FaceId-0_align.webp,0.057011,1.0,0.3862726091014269
database3/database3/m.01793l/15-FaceId-0_align.webp,0.11519,1.0,0.2621357051010544
database3/database3/m.01793l/3-FaceId-0_align.webp,0.021997,1.0,0.2168033570958774
database3/database3/m.01793l/48-FaceId-0_align.webp,0.070141,1.0,0.294472088867839
database3/database3/m.01793l/77-FaceId-0_align.webp,0.068916,1.0,0.2621763501528982
database3/database3/m.01794d/22-FaceId-0_align.webp,0.132698,1.0,0.1323816379773585
database3/database3/m.0179n7/47-FaceId-0_align.webp,0.025063,1.0,0.128797344093814
database3/database3/m.0179ys/22-FaceId-0_align.webp,0.03888,1.0,0.1520357547777628
database3/database3/m.017_65/24-FaceId-0_align.webp,0.104039,1.0,0.1887488330884902
database3/database3/m.017__g/2-FaceId-0_align.webp,0.026314,1.0,0.1222680196097586
database3/database3/m.017__g/30-FaceId-0_align.webp,0.064708,1.0,0.1448160143632812
database3/database3/m.017_dr/0-FaceId-1_align.webp,0.037641,1.0,0.2155926339779038
database3/database3/m.017_dr/14-FaceId-0_align.webp,0.005491,1.0,0.1499951426792571
database3/database3/m.017_dr/47-FaceId-0_align.webp,0.191478,1.0,0.1481560842204677
database3/database3/m.017_dr/57-FaceId-0_align.webp,0.038308,1.0,0.2505017360869787
database3/database3/m.017_j4/45-FaceId-0_align.webp,0.032452,1.0,0.2124457551883034
database3/database3/m.017_j4/54-FaceId-0_align.webp,0.009302,1.0,0.2165070283004782
database3/database3/m.017_j4/93-FaceId-0_align.webp,0.05205,1.0,0.3242955493946572
database3/database3/m.017_l1/23-FaceId-0_align.webp,0.033635,1.0,0.1116101486566215
database3/database3/m.017_l1/5-FaceId-0_align.webp,0.0,1.0,0.1116252811433339
database3/database3/m.017_xx/84-FaceId-0_align.webp,0.180042,0.0,0.1335217801832861
database3/database3/m.017bd/83-FaceId-0_align.webp,0.002036,1.0,0.1934781313793556
database3/database3/m.017bd/85-FaceId-0_align.webp,0.002715,1.0,0.23202314324696
database3/database3/m.017bk6/90-FaceId-2_align.webp,0.056904,0.0,0.1149803897632414
database3/database3/m.017bxq/72-FaceId-0_align.webp,0.032315,1.0,0.1854948128412982
database3/database3/m.017c87/108-FaceId-0_align.webp,0.012746,1.0,0.2058641657596915
database3/database3/m.017c87/7-FaceId-0_align.webp,0.008884,1.0,0.1024115459880158
database3/database3/m.017cgg/62-FaceId-0_align.webp,0.009893,1.0,0.2303505072009155
database3/database3/m.017d3v/21-FaceId-0_align.webp,0.000486,1.0,0.0739602795796446
database3/database3/m.017dpj/104-FaceId-0_align.webp,0.159674,1.0,0.2349552825910683
database3/database3/m.017dpj/116-FaceId-0_align.webp,0.004563,1.0,0.1876975144476237
database3/database3/m.017dpj/14-FaceId-0_align.webp,0.012759,1.0,0.1832999706244381
database3/database3/m.017dpj/6-FaceId-0_align.webp,0.157516,1.0,0.2399917958439087
database3/database3/m.017dpj/81-FaceId-0_align.webp,0.117413,1.0,0.3050801365104509
database3/database3/m.017dpj/98-FaceId-0_align.webp,0.093515,1.0,0.2210746272479374
database3/database3/m.017f4y/21-FaceId-0_align.webp,0.009046,1.0,0.1308815233421013
database3/database3/m.017fgp/17-FaceId-0_align.webp,0.004873,1.0,0.2152556135161324
database3/database3/m.017fhk/5-FaceId-0_align.webp,0.05945,1.0,0.2018138030262828
database3/database3/m.017fhk/70-FaceId-0_align.webp,0.025921,1.0,0.1067827840601141
database3/database3/m.017fhk/87-FaceId-0_align.webp,0.146412,1.0,0.195862563533859
database3/database3/m.017fj_/2-FaceId-0_align.webp,0.022486,1.0,0.1252486130281285
database3/database3/m.017fj_/97-FaceId-0_align.webp,0.013264,1.0,0.2410026255295179
database3/database3/m.017fks/21-FaceId-0_align.webp,0.013755,1.0,0.12401623890363
database3/database3/m.017fks/34-FaceId-0_align.webp,0.010024,1.0,0.2225178811312683
database3/database3/m.017fl5/7-FaceId-0_align.webp,0.088967,1.0,0.1379281138097029
database3/database3/m.017fl5/89-FaceId-0_align.webp,0.156395,1.0,0.180322070323368
database3/database3/m.017fl_/0-FaceId-0_align.webp,0.016489,1.0,0.2592192476651421
database3/database3/m.017fp0/26-FaceId-0_align.webp,0.014762,1.0,0.1109412587390142
database3/database3/m.017fp0/70-FaceId-0_align.webp,0.102621,1.0,0.1397951582975478
database3/database3/m.017fp0/85-FaceId-0_align.webp,0.016216,1.0,0.1379288391289227
database3/database3/m.017fp0/92-FaceId-0_align.webp,0.03683,1.0,0.2273939722394711
database3/database3/m.017frf/2-FaceId-0_align.webp,0.239226,1.0,0.1207932809314442
database3/database3/m.017frf/48-FaceId-0_align.webp,0.242631,1.0,0.1379092604905215
database3/database3/m.017ft0/4-FaceId-0_align.webp,0.025186,0.0,0.1210378123110659
database3/database3/m.017fxp/62-FaceId-0_align.webp,0.006207,1.0,0.1892396514305794
database3/database3/m.017fzy/33-FaceId-0_align.webp,0.135665,1.0,0.116794243485913
database3/database3/m.017fzy/38-FaceId-0_align.webp,0.020138,1.0,0.1389415493598154
database3/database3/m.017fzy/44-FaceId-0_align.webp,0.119262,1.0,0.146071406245287
database3/database3/m.017fzy/7-FaceId-0_align.webp,0.042513,1.0,0.125500553401017
database3/database3/m.017fzy/84-FaceId-0_align.webp,0.1089,1.0,0.1457732345492744
database3/database3/m.017fzy/88-FaceId-0_align.webp,0.093437,1.0,0.1203649930134111
database3/database3/m.017g21/51-FaceId-0_align.webp,0.121234,1.0,0.1506471997273672
database3/database3/m.017g2y/13-FaceId-0_align.webp,0.026164,1.0,0.1257819620616294
database3/database3/m.017gd_/53-FaceId-0_align.webp,0.006889,1.0,0.2431971550681527
database3/database3/m.017gd_/59-FaceId-0_align.webp,0.012556,1.0,0.1894867479357081
database3/database3/m.017gxw/53-FaceId-0_align.webp,0.064935,0.0,0.1291514642584751
database3/database3/m.017h4c/0-FaceId-0_align.webp,0.049628,1.0,0.2204929811440081
database3/database3/m.017h_2/23-FaceId-0_align.webp,0.06887,1.0,0.2434605546147412
database3/database3/m.017hgl/21-FaceId-0_align.webp,0.089799,1.0,0.1542185210385428
database3/database3/m.017hgl/42-FaceId-0_align.webp,0.004642,1.0,0.1411316429776433
database3/database3/m.017hjk/57-FaceId-0_align.webp,0.009431,1.0,0.1585839398758272
database3/database3/m.017hm9/3-FaceId-0_align.webp,0.001744,1.0,0.1899551582641114
database3/database3/m.017hm9/36-FaceId-0_align.webp,0.002432,1.0,0.13759940385392
database3/database3/m.017hw4/23-FaceId-0_align.webp,0.000412,1.0,0.1366901007842402
database3/database3/m.017hwl/3-FaceId-0_align.webp,0.014017,1.0,0.2417691430078072
database3/database3/m.017j1w/26-FaceId-0_align.webp,0.021211,1.0,0.1104323343542859
database3/database3/m.017j1w/35-FaceId-0_align.webp,0.039099,1.0,0.3024288961340534
database3/database3/m.017j1w/8-FaceId-0_align.webp,0.052854,1.0,0.1102904612585455
database3/database3/m.017j2b/85-FaceId-0_align.webp,0.008707,1.0,0.1686106744529495
database3/database3/m.017jwg/17-FaceId-0_align.webp,0.002376,1.0,0.1504932225888989
database3/database3/m.017jwg/53-FaceId-0_align.webp,0.066995,0.0,0.1420415493808347
database3/database3/m.017jwg/82-FaceId-0_align.webp,0.035246,1.0,0.1453307271165124
database3/database3/m.017kb5/32-FaceId-0_align.webp,0.006182,1.0,0.1325774058744074
database3/database3/m.017kgm/108-FaceId-1_align.webp,0.015319,1.0,0.0891138449154494
database3/database3/m.017kgm/94-FaceId-0_align.webp,0.003416,1.0,0.103933730269354
database3/database3/m.017kq/37-FaceId-0_align.webp,0.040762,1.0,0.2206713382528156
database3/database3/m.017kq/48-FaceId-0_align.webp,0.009092,1.0,0.2105625937127896
database3/database3/m.017l4/11-FaceId-0_align.webp,0.001488,1.0,0.1144653475984475
database3/database3/m.017l4/73-FaceId-0_align.webp,0.09873,1.0,0.1369091853756598
database3/database3/m.017l4/80-FaceId-0_align.webp,0.025497,1.0,0.2204272654010117
database3/database3/m.017l7y/97-FaceId-0_align.webp,0.002424,1.0,0.1225032412656162
database3/database3/m.017lcg/63-FaceId-0_align.webp,0.136168,1.0,0.1362572320408534
database3/database3/m.017m2y/105-FaceId-0_align.webp,0.084072,0.0,0.1280638982734565
database3/database3/m.017m2y/30-FaceId-0_align.webp,0.20052,0.0,0.1458508331642911
database3/database3/m.017mrb/26-FaceId-0_align.webp,0.125876,1.0,0.1285302010514488
database3/database3/m.017q3j/27-FaceId-0_align.webp,0.040475,1.0,0.1293421542135984
database3/database3/m.017q3j/87-FaceId-1_align.webp,0.137407,1.0,0.1718724899823072
database3/database3/m.017qkp/105-FaceId-0_align.webp,0.016276,1.0,0.1143055951528889
database3/database3/m.017qkp/8-FaceId-0_align.webp,0.006413,1.0,0.1246459192038081
database3/database3/m.017r13/15-FaceId-0_align.webp,0.004576,1.0,0.1199721387862464
database3/database3/m.017r13/32-FaceId-0_align.webp,0.001926,1.0,0.1145581339843479
database3/database3/m.017r13/71-FaceId-0_align.webp,0.149849,1.0,0.1383257758980826
database3/database3/m.017r5g/69-FaceId-0_align.webp,0.246362,0.0,0.1576388660779116
database3/database3/m.017rh4/92-FaceId-0_align.webp,0.059749,1.0,0.1381837316626037
database3/database3/m.017rjs/94-FaceId-0_align.webp,0.227853,1.0,0.1247119395048537
database3/database3/m.017tk3/113-FaceId-0_align.webp,0.041074,1.0,0.1454084336015131
database3/database3/m.017tk3/5-FaceId-0_align.webp,0.023981,1.0,0.1478155778326697
database3/database3/m.017tk3/61-FaceId-0_align.webp,0.058875,1.0,0.1635178178265334
database3/database3/m.017tk3/83-FaceId-0_align.webp,0.016266,1.0,0.1371197769476544
database3/database3/m.017tkv/15-FaceId-0_align.webp,0.09519,0.0,0.1174724098600379
database3/database3/m.017tkv/5-FaceId-0_align.webp,0.108291,0.0,0.1272883688163057
database3/database3/m.017tlt/70-FaceId-0_align.webp,0.079127,1.0,0.0929744179809036
database3/database3/m.017tn4/17-FaceId-0_align.webp,0.026983,1.0,0.2160526857330522
database3/database3/m.017tn4/54-FaceId-2_align.webp,0.042656,1.0,0.177478585443541
database3/database3/m.017tnz/116-FaceId-0_align.webp,0.135035,1.0,0.141761970260891
database3/database3/m.017vfn/43-FaceId-0_align.webp,0.036126,1.0,0.129396605100548
database3/database3/m.017vkk/88-FaceId-0_align.webp,0.022172,0.0,0.1283730468571341
database3/database3/m.017vkx/34-FaceId-1_align.webp,0.050784,1.0,0.2449020306232522
database3/database3/m.017wbg/77-FaceId-0_align.webp,0.079706,1.0,0.1242596147324269
database3/database3/m.017x_s/36-FaceId-0_align.webp,0.021378,1.0,0.2406069679583882
database3/database3/m.017xm3/52-FaceId-0_align.webp,0.225925,0.0,0.1365529910216784
database3/database3/m.017yfz/93-FaceId-0_align.webp,0.237267,1.0,0.0
database3/database3/m.017yvm/5-FaceId-0_align.webp,0.011632,1.0,0.1297696243315314
database3/database3/m.017yvm/93-FaceId-0_align.webp,0.007487,1.0,0.1907135607052041
database3/database3/m.017yzt/119-FaceId-0_align.webp,0.299381,0.0,0.1547953192857758
database3/database3/m.017yzt/55-FaceId-0_align.webp,0.055778,0.0,0.1142875724051676
database3/database3/m.017yzt/61-FaceId-0_align.webp,0.0,0.0,0.1088282827353925
database3/database3/m.017z_/91-FaceId-0_align.webp,0.06531,1.0,0.2182152074329387
database3/database3/m.017zng/39-FaceId-0_align.webp,0.114304,1.0,0.1234162615715679
database3/database3/m.017zng/73-FaceId-0_align.webp,0.087005,1.0,0.1573615846161371
database3/database3/m.017zng/97-FaceId-0_align.webp,0.096418,1.0,0.1090546214690823
database3/database3/m.01804k/55-FaceId-0_align.webp,0.104401,0.0,0.1262397653121434
database3/database3/m.01807/65-FaceId-0_align.webp,0.087681,1.0,0.2501243560261086
database3/database3/m.01807/73-FaceId-0_align.webp,0.147607,1.0,0.2694871699566812
database3/database3/m.018144/31-FaceId-0_align.webp,0.317719,1.0,0.1251739667758309
database3/database3/m.018144/55-FaceId-0_align.webp,0.076827,1.0,0.1351011813236027
database3/database3/m.01815s/106-FaceId-0_align.webp,0.234236,0.0,0.1372256122484718
database3/database3/m.01815s/50-FaceId-0_align.webp,0.243106,0.0,0.1316482022033254
database3/database3/m.01815s/64-FaceId-0_align.webp,0.173641,0.0,0.1351783944854992
database3/database3/m.0181gp/6-FaceId-0_align.webp,0.043543,1.0,0.1340677804650814
database3/database3/m.0181j_/107-FaceId-0_align.webp,0.027129,0.0,0.1291041644949373
database3/database3/m.0181kg/14-FaceId-0_align.webp,0.119867,1.0,0.245360970633923
database3/database3/m.0181lj/18-FaceId-0_align.webp,0.190172,1.0,0.0934596391069184
database3/database3/m.0181p_/19-FaceId-0_align.webp,0.041166,1.0,0.2042085570159775
database3/database3/m.0181p_/99-FaceId-0_align.webp,0.035046,1.0,0.1361556397464102
database3/database3/m.0181ph/4-FaceId-0_align.webp,0.019163,1.0,0.1920303188833014
database3/database3/m.0181ph/8-FaceId-0_align.webp,0.037384,1.0,0.0
database3/database3/m.0181x9/43-FaceId-0_align.webp,0.029481,1.0,0.133763989247725
database3/database3/m.0181xq/13-FaceId-0_align.webp,0.002527,0.0,0.1534365270153817
database3/database3/m.0182hg/59-FaceId-0_align.webp,0.003662,1.0,0.1175823228291475
database3/database3/m.0182q2/111-FaceId-0_align.webp,0.014398,1.0,0.1357323095597071
database3/database3/m.0182q2/47-FaceId-0_align.webp,0.020684,1.0,0.1367566348901515
database3/database3/m.0182q2/58-FaceId-0_align.webp,0.034155,1.0,0.1136082475175589
database3/database3/m.0182vk/101-FaceId-0_align.webp,0.185784,1.0,0.2852772191792694
database3/database3/m.0182vk/97-FaceId-0_align.webp,0.113244,1.0,0.1426182717043613
database3/database3/m.01830j/15-FaceId-0_align.webp,0.208446,0.0,0.162713895359041
database3/database3/m.01833g/76-FaceId-0_align.webp,0.008544,1.0,0.1551797699966972
database3/database3/m.018348/1-FaceId-0_align.webp,0.029671,1.0,0.1702054581436983
database3/database3/m.0183f9/72-FaceId-0_align.webp,0.028848,1.0,0.225908040243877
database3/database3/m.018417/7-FaceId-0_align.webp,0.270045,0.0,0.1422052183337612
database3/database3/m.018493/45-FaceId-0_align.webp,0.059135,0.0,0.1427188463385362
database3/database3/m.0184cd/37-FaceId-0_align.webp,0.012663,0.0,0.133731171439885
database3/database3/m.0184cd/69-FaceId-0_align.webp,0.041234,0.0,0.1315859661305109
database3/database3/m.0184jc/9-FaceId-0_align.webp,0.061679,1.0,0.162309789308947
database3/database3/m.0184xq/86-FaceId-0_align.webp,0.010468,1.0,0.1746144176484962
database3/database3/m.0185gs/107-FaceId-0_align.webp,0.133885,1.0,0.1270640150514701
database3/database3/m.0187y5/50-FaceId-0_align.webp,0.011259,1.0,0.3589899518103493
database3/database3/m.0187y5/55-FaceId-0_align.webp,0.018906,1.0,0.1414891557537954
database3/database3/m.0188n0/16-FaceId-0_align.webp,0.119925,1.0,0.1474115971319807
database3/database3/m.0188n0/81-FaceId-0_align.webp,0.437819,1.0,0.1627931099428625
database3/database3/m.0188n0/93-FaceId-0_align.webp,0.241643,1.0,0.1862053500117858
database3/database3/m.0188nj/68-FaceId-0_align.webp,0.036499,1.0,0.1147892469984166
database3/database3/m.018_3q/101-FaceId-0_align.webp,0.001235,1.0,0.4967103396274151
database3/database3/m.018_3q/89-FaceId-0_align.webp,0.024563,1.0,0.1119308761277291
database3/database3/m.018_lb/81-FaceId-0_align.webp,0.104704,0.0,0.1010703507818253
database3/database3/m.018c42/45-FaceId-1_align.webp,0.268912,1.0,0.1432819085516329
database3/database3/m.018c42/5-FaceId-0_align.webp,0.033426,1.0,0.1324391474162619
database3/database3/m.018cx_/16-FaceId-0_align.webp,0.128439,0.0,0.1255535376166488
database3/database3/m.018dnt/83-FaceId-0_align.webp,0.012334,1.0,0.1272441410480919
database3/database3/m.018dpq/74-FaceId-0_align.webp,0.08469,1.0,0.134330355746394
database3/database3/m.018dpq/9-FaceId-0_align.webp,0.06436,1.0,0.187839144653549
database3/database3/m.018dq3/21-FaceId-0_align.webp,0.264271,0.0,0.1437120863842775
database3/database3/m.018dq3/43-FaceId-0_align.webp,0.005771,0.0,0.1261341171470658
database3/database3/m.018dqg/14-FaceId-0_align.webp,0.002005,1.0,0.1171445764800701
database3/database3/m.018dyl/57-FaceId-0_align.webp,0.066796,1.0,0.0988231502534713
database3/database3/m.018f07/77-FaceId-0_align.webp,0.067893,1.0,0.1608441368493172
database3/database3/m.018f07/88-FaceId-0_align.webp,0.019681,1.0,0.1179941633673354
database3/database3/m.018f_y/78-FaceId-0_align.webp,0.005574,1.0,0.3551581549698164
database3/database3/m.018fkc/18-FaceId-0_align.webp,0.048624,0.0,0.1643750049541085
database3/database3/m.018fkc/51-FaceId-0_align.webp,0.004824,1.0,0.1317268751717248
database3/database3/m.018fmr/107-FaceId-0_align.webp,0.087037,0.0,0.1397547157464304
database3/database3/m.018fmr/38-FaceId-0_align.webp,0.082888,0.0,0.2024130628166238
database3/database3/m.018fmr/39-FaceId-0_align.webp,0.154489,0.0,0.1312226715615311
database3/database3/m.018fmr/77-FaceId-0_align.webp,0.094029,0.0,0.1242367898992551
database3/database3/m.018fmr/96-FaceId-0_align.webp,0.118151,0.0,0.1577883104868135
database3/database3/m.018fvy/74-FaceId-0_align.webp,0.006913,1.0,0.1233033000927001
database3/database3/m.018fwb/106-FaceId-0_align.webp,0.105164,0.0,0.1495635433201405
database3/database3/m.018fyy/5-FaceId-0_align.webp,0.161114,0.0,0.1262073823708321
database3/database3/m.018fzs/56-FaceId-0_align.webp,0.057952,1.0,0.2169099987242963
database3/database3/m.018fzs/60-FaceId-0_align.webp,0.058021,1.0,0.1139322536998044
database3/database3/m.018fzs/89-FaceId-0_align.webp,0.00707,1.0,0.1142062148157398
database3/database3/m.018g4z/59-FaceId-0_align.webp,0.266921,0.0,0.2316890769461985
database3/database3/m.018gcf/20-FaceId-0_align.webp,0.017916,1.0,0.1200461075255503
database3/database3/m.018gcf/28-FaceId-0_align.webp,0.0,1.0,0.1420255680776656
database3/database3/m.018gjx/0-FaceId-0_align.webp,0.03658,1.0,0.1282573249992508
database3/database3/m.018gjx/88-FaceId-1_align.webp,0.040357,1.0,0.1288024490645257
database3/database3/m.018gkb/31-FaceId-0_align.webp,0.133832,1.0,0.1957673674570842
database3/database3/m.018gkb/69-FaceId-0_align.webp,0.119964,1.0,0.1361956717907069
database3/database3/m.018gl5/55-FaceId-0_align.webp,0.0,1.0,0.1221396792257884
database3/database3/m.018gn4/7-FaceId-0_align.webp,0.045659,1.0,0.1417189494628084
database3/database3/m.018gn4/95-FaceId-0_align.webp,0.084694,1.0,0.1435767225287133
database3/database3/m.018gqj/17-FaceId-0_align.webp,0.18042,1.0,0.1334114100174745
database3/database3/m.018gqj/45-FaceId-0_align.webp,0.048033,1.0,0.1320641876601815
database3/database3/m.018gqj/51-FaceId-0_align.webp,0.113401,1.0,0.1431650905931711
database3/database3/m.018gqj/9-FaceId-0_align.webp,0.182644,1.0,0.1491176891350296
database3/database3/m.018gsl/54-FaceId-0_align.webp,0.015144,1.0,0.2964223494995124
database3/database3/m.018gw3/19-FaceId-0_align.webp,0.042889,1.0,0.2635574800013774
database3/database3/m.018h84/20-FaceId-0_align.webp,0.006714,1.0,0.1378777990434243
database3/database3/m.018h84/4-FaceId-0_align.webp,0.077047,1.0,0.101124182977783
database3/database3/m.018hhw/26-FaceId-0_align.webp,0.058762,0.0,0.1312528134282351
database3/database3/m.018hwl/22-FaceId-0_align.webp,0.105538,1.0,0.1700220271440595
database3/database3/m.018j3w/52-FaceId-0_align.webp,0.03127,1.0,0.1006217236447765
database3/database3/m.018j4c/21-FaceId-0_align.webp,0.159984,1.0,0.1324135152989958
database3/database3/m.018j4c/60-FaceId-0_align.webp,0.116911,1.0,0.1735857888325549
database3/database3/m.018j4c/72-FaceId-0_align.webp,0.050298,1.0,0.1343434310545374
database3/database3/m.018j5m/87-FaceId-0_align.webp,0.119486,0.0,0.1606743872161806
database3/database3/m.018jnn/6-FaceId-0_align.webp,0.046059,1.0,0.1059238313191517
database3/database3/m.018jnn/60-FaceId-0_align.webp,0.021036,1.0,0.1061199756496237
database3/database3/m.018jz8/4-FaceId-0_align.webp,0.129694,1.0,0.1279046819703331
database3/database3/m.018kd0/56-FaceId-0_align.webp,0.078738,1.0,0.1462955675844974
database3/database3/m.018kjc/45-FaceId-0_align.webp,0.336481,1.0,0.1681279639116384
database3/database3/m.018kjc/74-FaceId-0_align.webp,0.359873,1.0,0.1621359831955119
database3/database3/m.018lb1/1-FaceId-0_align.webp,0.066363,0.0,0.1259424414060958
database3/database3/m.018lb1/113-FaceId-0_align.webp,0.174767,0.0,0.1362196597855461
database3/database3/m.018lb1/45-FaceId-0_align.webp,0.011283,0.0,0.118909037396917
database3/database3/m.018lb1/60-FaceId-0_align.webp,0.101898,0.0,0.1230502339561635
database3/database3/m.018lb1/67-FaceId-0_align.webp,0.058712,0.0,0.1469932542110336
database3/database3/m.018lp7/31-FaceId-0_align.webp,0.068826,0.0,0.1386239786123316
database3/database3/m.018lp7/5-FaceId-0_align.webp,0.037973,0.0,0.1276182468652658
database3/database3/m.018lpm/41-FaceId-0_align.webp,0.03151,1.0,0.2042621097352818
database3/database3/m.018lx_/11-FaceId-0_align.webp,0.157239,1.0,0.1700618254006773
database3/database3/m.018lxn/67-FaceId-0_align.webp,0.041223,0.0,0.1203010556411629
database3/database3/m.018m5c/31-FaceId-0_align.webp,0.012538,1.0,0.1027531765284903
database3/database3/m.018m5c/6-FaceId-0_align.webp,0.013236,1.0,0.1094220359396827
database3/database3/m.018m5c/74-FaceId-0_align.webp,0.007729,1.0,0.1369963537950313
database3/database3/m.018mfl/68-FaceId-0_align.webp,0.01486,1.0,0.1632621779872449
database3/database3/m.018n52/37-FaceId-0_align.webp,0.024108,1.0,0.1103495663282647
database3/database3/m.018n7d/44-FaceId-0_align.webp,0.002157,1.0,0.1182106440032712
database3/database3/m.018n9d/58-FaceId-0_align.webp,0.182622,1.0,0.1280820339698013
database3/database3/m.018nqq/25-FaceId-0_align.webp,0.02666,1.0,0.1048386899969977
database3/database3/m.018nqq/56-FaceId-0_align.webp,0.002557,1.0,0.1550528343433469
database3/database3/m.018nwp/42-FaceId-0_align.webp,0.023176,1.0,0.24700213945797
database3/database3/m.018p19/2-FaceId-0_align.webp,0.029409,1.0,0.1698765522306955
database3/database3/m.018pj3/21-FaceId-0_align.webp,0.206243,0.0,0.1047231352548898
database3/database3/m.018pkl/117-FaceId-0_align.webp,0.00271,1.0,0.1610004585422538
database3/database3/m.018ptf/125-FaceId-1_align.webp,0.193842,0.0,0.1853518358249688
database3/database3/m.018ptf/6-FaceId-0_align.webp,0.184452,1.0,0.1240839887049667
database3/database3/m.018ptf/69-FaceId-0_align.webp,0.264398,1.0,0.1994786067859626
database3/database3/m.018ptf/87-FaceId-0_align.webp,0.284614,1.0,0.1527838495525117
database3/database3/m.018pyg/114-FaceId-0_align.webp,0.004286,0.0,0.1111480822960316
database3/database3/m.018pyg/50-FaceId-0_align.webp,0.094308,0.0,0.1039353179367172
database3/database3/m.018q7p/61-FaceId-0_align.webp,0.113962,1.0,0.1449877023128975
database3/database3/m.018qkz/35-FaceId-0_align.webp,0.11651,0.0,0.138460740814439
database3/database3/m.018qkz/48-FaceId-0_align.webp,0.078768,0.0,0.1427803270565789
database3/database3/m.018qlp/1-FaceId-0_align.webp,0.057596,0.0,0.1473940290138501
database3/database3/m.018qlp/2-FaceId-0_align.webp,0.201501,0.0,0.1696595297981504
database3/database3/m.018qlp/67-FaceId-0_align.webp,0.023725,0.0,0.1182854307640147
database3/database3/m.018qlp/73-FaceId-0_align.webp,0.048836,0.0,0.1313416141696962
database3/database3/m.018qlp/81-FaceId-0_align.webp,0.220874,0.0,0.1417955640421844
database3/database3/m.018qlp/99-FaceId-0_align.webp,0.098556,0.0,0.1366581437224759
database3/database3/m.018qn8/16-FaceId-0_align.webp,0.180079,0.0,0.1374178222593722
database3/database3/m.018qn8/24-FaceId-0_align.webp,0.067297,0.0,0.1389136993284945
database3/database3/m.018qn8/3-FaceId-0_align.webp,0.144663,0.0,0.1387561112120553
database3/database3/m.018qpb/20-FaceId-0_align.webp,0.030827,0.0,0.0959333918313098
database3/database3/m.018qpb/42-FaceId-0_align.webp,0.04676,0.0,0.117151264970152
database3/database3/m.018qr9/59-FaceId-0_align.webp,0.041718,0.0,0.1214670778854456
database3/database3/m.018qwf/0-FaceId-0_align.webp,0.034965,1.0,0.0986581543934113
database3/database3/m.018qx5/48-FaceId-0_align.webp,0.145397,0.0,0.2287851460752914
database3/database3/m.018r3g/1-FaceId-0_align.webp,0.015575,1.0,0.3050828182817175
database3/database3/m.018rsq/63-FaceId-0_align.webp,0.05182,1.0,0.1168310176020711
database3/database3/m.018rsq/82-FaceId-0_align.webp,0.021029,1.0,0.1294330510309519
database3/database3/m.018ry5/78-FaceId-0_align.webp,0.052713,1.0,0.1371265748148551
database3/database3/m.018s7v/75-FaceId-0_align.webp,0.055964,0.0,0.1429253961768054
database3/database3/m.018slq/19-FaceId-0_align.webp,0.164016,1.0,0.1474338055140062
database3/database3/m.018swb/94-FaceId-0_align.webp,0.035612,1.0,0.1465774883371832
database3/database3/m.018t67/2-FaceId-0_align.webp,0.002151,1.0,0.0991128018138665
database3/database3/m.018t67/75-FaceId-0_align.webp,0.002161,1.0,0.1056209318183601
database3/database3/m.018t67/76-FaceId-0_align.webp,0.014984,1.0,0.1087626324708253
database3/database3/m.018tfd/63-FaceId-0_align.webp,0.039426,1.0,0.099189596629449
database3/database3/m.018tvs/4-FaceId-0_align.webp,0.186437,1.0,0.155261314664292
database3/database3/m.018v8c/66-FaceId-0_align.webp,0.031012,1.0,0.1042807940459845
database3/database3/m.018v_8/56-FaceId-0_align.webp,0.065146,1.0,0.1076004561211613
database3/database3/m.018vhw/41-FaceId-2_align.webp,0.017996,1.0,0.3382204577774222
database3/database3/m.018vhw/84-FaceId-1_align.webp,0.010037,1.0,0.1449025017882232
database3/database3/m.018vhw/94-FaceId-0_align.webp,0.022504,1.0,0.1176596221456655
database3/database3/m.018w6s/30-FaceId-0_align.webp,0.009687,1.0,0.3352642317930573
database3/database3/m.018wh0/34-FaceId-0_align.webp,0.038341,1.0,0.1101097425289922
database3/database3/m.018wqb/36-FaceId-1_align.webp,0.061601,1.0,0.1970275637032911
database3/database3/m.018x3/82-FaceId-0_align.webp,0.000249,1.0,0.1127195728529227
database3/database3/m.018x3/89-FaceId-0_align.webp,0.006661,1.0,0.1686561727255915
database3/database3/m.018xrz/49-FaceId-0_align.webp,0.084464,1.0,0.1447481168915331
database3/database3/m.018y0w/54-FaceId-0_align.webp,0.014612,1.0,0.1223671830987065
database3/database3/m.018y2s/21-FaceId-0_align.webp,0.010478,1.0,0.1321850812610036
database3/database3/m.018y4x/104-FaceId-0_align.webp,0.014664,1.0,0.1221308828106972
database3/database3/m.018y4x/94-FaceId-0_align.webp,0.083805,1.0,0.0974100596239976
database3/database3/m.018ycp/32-FaceId-0_align.webp,0.169605,1.0,0.1230231554595205
database3/database3/m.018ycp/64-FaceId-0_align.webp,0.011204,1.0,0.1162058269919846
