filename,target,gender,pred
database1/img00000154.webp,0.036749,1.0,0.2114724072755053
database1/img00000271.webp,0.229724,1.0,0.2623966964787909
database1/img00000323.webp,0.120628,0.0,0.210132149676113
database1/img00000364.webp,0.00341,1.0,0.1986565478434596
database1/img00000371.webp,0.000249,1.0,0.223042109893725
database1/img00000438.webp,0.102267,0.0,0.2213892175288026
database1/img00000448.webp,0.032257,0.0,0.2225632283224708
database1/img00000477.webp,0.158779,0.0,0.1775031608944761
database1/img00000491.webp,0.333523,0.0,0.2408261910197278
database1/img00000679.webp,0.022454,0.0,0.2083618123450987
database1/img00000766.webp,0.241328,0.0,0.2447370960782514
database1/img00000781.webp,0.01402,1.0,0.2056920642347995
database1/img00000793.webp,0.308688,0.0,0.2706675863979988
database1/img00000806.webp,0.083687,1.0,0.2066608341366449
database1/img00000857.webp,0.167176,0.0,0.2237242544129259
database1/img00000882.webp,0.118298,0.0,0.2216076798755038
database1/img00000903.webp,0.006576,1.0,0.2346980567735438
database1/img00000929.webp,0.021546,1.0,0.2203362837222296
database1/img00000941.webp,0.232414,0.0,0.2389211202015975
database1/img00001032.webp,0.044127,1.0,0.2412520228442258
database1/img00001145.webp,0.022379,1.0,0.1914824323662195
database1/img00001291.webp,0.022322,0.0,0.2074535630282659
database1/img00001371.webp,0.148865,0.0,0.2171987644436561
database1/img00001491.webp,0.264813,0.0,0.2711916375729365
database1/img00001551.webp,0.054068,1.0,0.2067581824692326
database1/img00001573.webp,0.095382,0.0,0.1854089150340747
database1/img00001650.webp,0.088325,0.0,0.1837083765401042
database1/img00001652.webp,0.074782,1.0,0.2163504660426345
database1/img00001674.webp,0.188753,0.0,0.2705930005514265
database1/img00001701.webp,0.002942,1.0,0.2192967402800634
database1/img00001779.webp,0.009358,1.0,0.3233494390910906
database1/img00001812.webp,0.017934,0.0,0.1873525130417886
database1/img00001859.webp,0.006232,1.0,0.2373755740986136
database1/img00001872.webp,0.094988,0.0,0.219025891375298
database1/img00001883.webp,0.015755,0.0,0.2250233079989468
database1/img00001978.webp,0.02291,1.0,0.2411193349511546
database1/img00002013.webp,0.068771,1.0,0.1994224049933924
database1/img00002073.webp,0.265663,0.0,0.2436064585451208
database1/img00002136.webp,0.083835,0.0,0.2207262089895856
database1/img00002187.webp,0.062593,1.0,0.2313760612354224
database1/img00002221.webp,0.024328,1.0,0.2213992192357769
database1/img00002227.webp,0.172367,0.0,0.2397199629438321
database1/img00002414.webp,0.290565,0.0,0.3423759128608691
database1/img00002415.webp,0.370759,0.0,0.2699992258560379
database1/img00002527.webp,0.008082,0.0,0.2077823827497906
database1/img00002649.webp,0.108227,0.0,0.2140872146704668
database1/img00002695.webp,0.191496,0.0,0.2181493941762592
database1/img00002698.webp,0.019352,0.0,0.2201522110786599
database1/img00002713.webp,0.025594,1.0,0.223738923271161
database1/img00002737.webp,0.01324,1.0,0.2185285567461979
database1/img00002813.webp,0.015997,0.0,0.1925298801234509
database1/img00002915.webp,0.059948,0.0,0.2086533056215512
database1/img00002916.webp,0.061003,0.0,0.2158482466546611
database1/img00003052.webp,0.34648,0.0,0.245107763467351
database1/img00003146.webp,0.130163,0.0,0.173796366691641
database1/img00003162.webp,0.193332,0.0,0.2571765808674709
database1/img00003199.webp,0.314562,0.0,0.2380389818599125
database1/img00003273.webp,0.126445,0.0,0.2577686096607037
database1/img00003300.webp,0.007141,1.0,0.2273729274484671
database1/img00003360.webp,0.008946,1.0,0.2127745659386006
database1/img00003390.webp,0.054933,0.0,0.2225455288465247
database1/img00003437.webp,0.01322,1.0,0.1958327471509622
database1/img00003452.webp,0.040754,0.0,0.1875150442002495
database1/img00003584.webp,0.23463,0.0,0.2465119539078382
database1/img00003713.webp,0.000555,1.0,0.1684483824859157
database1/img00003746.webp,0.099051,1.0,0.227566505265296
database1/img00003877.webp,0.01258,0.0,0.2199278841014502
database1/img00003884.webp,0.091278,0.0,0.2005556908131765
database1/img00003887.webp,0.010493,1.0,0.2822334651687229
database1/img00003978.webp,0.178955,0.0,0.1641009457678893
database1/img00004026.webp,0.365443,0.0,0.2571263607115532
database1/img00004041.webp,0.094007,0.0,0.1998346396989818
database1/img00004164.webp,0.026259,1.0,0.2040412423051958
database1/img00004216.webp,0.034337,0.0,0.201019699148341
database1/img00004261.webp,0.165876,0.0,0.246283575867028
database1/img00004273.webp,0.156777,0.0,0.2051574506523227
database1/img00004308.webp,0.126358,0.0,0.2174598304884878
database1/img00004416.webp,0.13739,1.0,0.2106603964910149
database1/img00004426.webp,0.364242,1.0,0.2744770536382903
database1/img00004540.webp,0.140347,0.0,0.1937577746276774
database1/img00004621.webp,0.130906,0.0,0.225561635326386
database1/img00004701.webp,0.060368,0.0,0.1748484969538744
database1/img00004841.webp,0.021785,1.0,0.2062905372813345
database1/img00004851.webp,0.058337,1.0,0.2239854326826644
database1/img00004895.webp,0.001337,1.0,0.199227548338998
database1/img00005027.webp,0.095752,1.0,0.2529566270087405
database1/img00005030.webp,0.114344,0.0,0.2278047356907811
database1/img00005095.webp,0.018419,0.0,0.232660098778122
database1/img00005116.webp,0.107525,0.0,0.2417324611344662
database1/img00005179.webp,0.058586,1.0,0.2236503263566213
database1/img00005208.webp,0.021009,1.0,0.3292285212476219
database1/img00005271.webp,0.408256,0.0,0.2750445025554901
database1/img00005293.webp,0.043233,0.0,0.2179926518086015
database1/img00005339.webp,0.173984,0.0,0.1842400519400731
database1/img00005347.webp,0.002911,0.0,0.160453614594843
database1/img00005361.webp,0.189098,0.0,0.2144716334150735
database1/img00005501.webp,0.145725,0.0,0.2100816953950167
database1/img00005507.webp,0.232343,0.0,0.3073442005027712
database1/img00005509.webp,0.003247,1.0,0.3085669197976116
database1/img00005522.webp,0.185571,0.0,0.1958295337596347
database1/img00005579.webp,0.037795,1.0,0.227685600223795
database1/img00005689.webp,0.281579,0.0,0.2224987742879442
database1/img00005696.webp,0.366924,0.0,0.2958776838652968
database1/img00005723.webp,0.013358,0.0,0.2360744006549185
database1/img00005726.webp,0.041346,1.0,0.2240318373257451
database1/img00005753.webp,0.009879,0.0,0.2219538937509972
database1/img00005766.webp,0.177714,0.0,0.2264407707570851
database1/img00005768.webp,0.024309,1.0,0.2440214448850784
database1/img00005822.webp,0.022373,0.0,0.1882868152259995
database1/img00005851.webp,0.375359,0.0,0.2419683923082474
database1/img00005896.webp,0.063671,0.0,0.2385214811956496
database1/img00005910.webp,0.374925,0.0,0.2340329777969388
database1/img00006003.webp,0.020291,1.0,0.2216057198156073
database1/img00006021.webp,0.018409,1.0,0.3254149647661236
database1/img00006047.webp,0.105454,0.0,0.2119999432647954
database1/img00006101.webp,0.326093,0.0,0.254629883305326
database1/img00006168.webp,0.00248,1.0,0.1749360402171663
database1/img00006196.webp,0.0412,1.0,0.2155968720176481
database1/img00006204.webp,0.331116,1.0,0.2508781815109147
database1/img00006269.webp,0.011789,1.0,0.2218785661831819
database1/img00006334.webp,0.003849,1.0,0.1819228480658213
database1/img00006414.webp,0.208227,0.0,0.2303773411380826
database1/img00006420.webp,0.026323,1.0,0.2287900295547839
database1/img00006436.webp,0.008945,1.0,0.2436962541934166
database1/img00006571.webp,0.06176,0.0,0.1980518625889084
database1/img00006576.webp,0.028441,1.0,0.2332625585044322
database1/img00006629.webp,0.000814,1.0,0.159197210254132
database1/img00006690.webp,0.119839,0.0,0.2100106992139682
database1/img00006694.webp,0.019638,1.0,0.2041699070775135
database1/img00006722.webp,0.383369,0.0,0.2835856717917658
database1/img00006757.webp,0.169654,1.0,0.2765270818440621
database1/img00007032.webp,0.079705,0.0,0.2237278962672706
database1/img00007152.webp,0.296672,0.0,0.2636297661829531
database1/img00007289.webp,0.004896,1.0,0.2351226286362378
database1/img00007329.webp,0.096683,0.0,0.2273410808504473
database1/img00007335.webp,0.012784,1.0,0.2337053097942126
database1/img00007354.webp,0.047242,0.0,0.2015306093092753
database1/img00007383.webp,0.020362,1.0,0.1845499466792381
database1/img00007416.webp,0.105824,1.0,0.2371384615146612
database1/img00007435.webp,0.275659,0.0,0.3089001407405907
database1/img00007452.webp,0.091268,0.0,0.2080162382446854
database1/img00007454.webp,0.052407,1.0,0.2483262323364596
database1/img00007468.webp,0.289625,0.0,0.3009215580376511
database1/img00007470.webp,0.024029,1.0,0.3568615397501335
database1/img00007537.webp,0.023879,0.0,0.2109490936809956
database1/img00007538.webp,0.239526,0.0,0.2321291878705516
database1/img00007592.webp,0.092299,0.0,0.2181469696911218
database1/img00007663.webp,0.000453,1.0,0.1883300319063392
database1/img00007675.webp,0.145663,0.0,0.2056502793108669
database1/img00007764.webp,0.212475,0.0,0.2180792319206088
database1/img00007790.webp,0.273678,0.0,0.2629570701415911
database1/img00007837.webp,0.07434,0.0,0.2082015977780175
database1/img00007851.webp,0.187909,0.0,0.229516105037871
database1/img00007897.webp,0.021438,1.0,0.2156417531723233
database1/img00007955.webp,0.100119,0.0,0.2136679821751294
database1/img00007965.webp,0.126287,0.0,0.1840751649556753
database1/img00008054.webp,0.125876,0.0,0.1912331569194252
database1/img00008062.webp,0.192134,0.0,0.2690523560607288
database1/img00008079.webp,0.010384,1.0,0.2131912304307796
database1/img00008191.webp,0.127108,1.0,0.2569159275978504
database1/img00008233.webp,0.03355,1.0,0.2273679331290575
database1/img00008333.webp,0.123145,0.0,0.2122145679702083
database1/img00008350.webp,0.003002,0.0,0.1794985282535237
database1/img00008419.webp,0.136366,0.0,0.2246474474850597
database1/img00008444.webp,0.19563,0.0,0.222121390336999
database1/img00008485.webp,0.153649,0.0,0.1903339959529912
database1/img00008500.webp,0.243166,1.0,0.2413731926284675
database1/img00008540.webp,0.020411,1.0,0.2241225596755958
database1/img00008619.webp,0.172849,1.0,0.2294490280846445
database1/img00008684.webp,0.116788,1.0,0.3117093099057655
database1/img00008694.webp,0.257404,1.0,0.2704336337864738
database1/img00008702.webp,0.150713,0.0,0.2146411268800054
database1/img00008778.webp,0.047436,1.0,0.2370037161906071
database1/img00008864.webp,0.142253,1.0,0.2270489352291704
database1/img00008929.webp,0.025151,1.0,0.1921107839979287
database1/img00009119.webp,0.134423,0.0,0.2172380432038188
database1/img00009131.webp,0.11769,0.0,0.2012516108649208
database1/img00009180.webp,0.22272,0.0,0.2565637150444074
database1/img00009210.webp,0.133618,1.0,0.2160754695361422
database1/img00009215.webp,0.015083,1.0,0.3225618188601129
database1/img00009309.webp,0.232271,0.0,0.3004921303250583
database1/img00009310.webp,0.032707,1.0,0.2409246503389591
database1/img00009395.webp,0.188981,0.0,0.1974846993055727
database1/img00009397.webp,0.022474,0.0,0.1887862550716138
database1/img00009399.webp,0.009987,1.0,0.1976675737974285
database1/img00009423.webp,0.205953,0.0,0.2248525851892878
database1/img00009521.webp,0.096612,0.0,0.1983359628179445
database1/img00009606.webp,0.062144,1.0,0.2107050412312496
database1/img00009643.webp,0.076471,0.0,0.2133720352778694
database1/img00009666.webp,0.249637,0.0,0.2243044552265082
database1/img00009740.webp,0.056754,0.0,0.2211225700995394
database1/img00009804.webp,0.00402,1.0,0.2673091334436656
database1/img00009898.webp,0.123271,0.0,0.2089088017316932
database1/img00009952.webp,0.220282,0.0,0.2445092886195162
database1/img00009963.webp,0.081114,1.0,0.2281433261396461
database1/img00010009.webp,0.161796,0.0,0.2025226890201084
database1/img00010196.webp,0.131846,0.0,0.2083320274649733
database1/img00010250.webp,0.119697,0.0,0.2668063493818
database1/img00010353.webp,0.145055,0.0,0.2208607059982574
database1/img00010363.webp,0.133258,0.0,0.2126964642553716
database1/img00010383.webp,0.010398,1.0,0.1537248546752467
database1/img00010445.webp,0.356323,0.0,0.2294757592894735
database1/img00010509.webp,0.056891,1.0,0.2674891531357091
database1/img00010530.webp,0.091729,0.0,0.2231404250108442
database1/img00010535.webp,0.304853,0.0,0.2756624452695116
database1/img00010537.webp,0.013696,0.0,0.2291163123161195
database1/img00010580.webp,0.154987,1.0,0.2141299346257616
database1/img00010612.webp,0.334599,0.0,0.242304621879934
database1/img00010629.webp,0.060911,0.0,0.195409629920587
database1/img00010643.webp,0.114721,1.0,0.2102351125995641
database1/img00010674.webp,0.023709,0.0,0.1938775248060564
database1/img00010757.webp,0.206361,0.0,0.2276592533562966
database1/img00010780.webp,0.013969,0.0,0.2178044020074988
database1/img00010790.webp,0.031334,0.0,0.2012458474698022
database1/img00010806.webp,0.065196,0.0,0.2132891830422194
database1/img00010887.webp,0.081617,0.0,0.2148486690270323
database1/img00010888.webp,0.233141,1.0,0.2763994495367927
database1/img00010982.webp,0.00745,1.0,0.2396797661535854
database1/img00010983.webp,0.20866,0.0,0.223095211939163
database1/img00011118.webp,0.178597,1.0,0.3188485875277679
database1/img00011128.webp,0.27358,1.0,0.235921625344837
database1/img00011142.webp,0.28074,1.0,0.2591902059298362
database1/img00011296.webp,0.108452,1.0,0.2514678628867251
database1/img00011507.webp,0.092578,0.0,0.1950964680067787
database1/img00011516.webp,0.087323,0.0,0.2141355930301428
database1/img00011597.webp,0.091441,0.0,0.2150881622870432
database1/img00011619.webp,0.253533,0.0,0.2516974390702282
database1/img00011623.webp,0.079619,0.0,0.2012991420788628
database1/img00011711.webp,0.412517,0.0,0.2862745933194062
database1/img00011737.webp,0.360567,0.0,0.2571407409227461
database1/img00011787.webp,0.009168,1.0,0.2083517975095445
database1/img00011827.webp,0.096535,0.0,0.2214156806611304
database1/img00011910.webp,0.153312,0.0,0.2081055058111095
database1/img00011946.webp,0.118833,0.0,0.2178500478441661
database1/img00011981.webp,0.044401,1.0,0.2222964803048743
database1/img00011982.webp,0.064973,1.0,0.2041620951277067
database1/img00012046.webp,0.013245,1.0,0.2249424267839244
database1/img00012050.webp,0.169118,0.0,0.2106126501006072
database1/img00012055.webp,0.118938,0.0,0.2188713255679689
database1/img00012083.webp,0.105677,1.0,0.2104172819220977
database1/img00012173.webp,0.148639,0.0,0.2203400793387865
database1/img00012174.webp,0.13274,0.0,0.2160079721146197
database1/img00012175.webp,0.161502,0.0,0.2314291477749
database1/img00012194.webp,0.057599,0.0,0.2182073795385886
database1/img00012259.webp,0.022948,1.0,0.2797964771484394
database1/img00012293.webp,0.081765,0.0,0.2211670063952784
database1/img00012367.webp,0.265563,0.0,0.2631516184298265
database1/img00012402.webp,0.08769,0.0,0.2196079490492843
database1/img00012413.webp,0.178087,0.0,0.2242453865953663
database1/img00012417.webp,0.047864,1.0,0.2083784601697712
database1/img00012444.webp,0.279593,0.0,0.2407554174836926
database1/img00012509.webp,0.14518,0.0,0.192869549937839
database1/img00012555.webp,0.159567,0.0,0.2292320137585843
database1/img00012681.webp,0.00788,1.0,0.2024287201376419
database1/img00012805.webp,0.03627,0.0,0.2172947010789124
database1/img00012844.webp,0.027729,1.0,0.2236258432189536
database1/img00012874.webp,0.002528,1.0,0.2728017368056542
database1/img00012883.webp,0.105193,1.0,0.208957702302093
database1/img00012980.webp,0.021348,1.0,0.2196557034102464
database1/img00013033.webp,0.378744,0.0,0.2685275030814468
database1/img00013074.webp,0.20406,0.0,0.2655782730213503
database1/img00013089.webp,0.0,1.0,0.1772321239135363
database1/img00013099.webp,0.124905,0.0,0.2678120377916495
database1/img00013109.webp,0.255454,0.0,0.3583257993724182
database1/img00013151.webp,0.003784,1.0,0.1981261965104324
database1/img00013182.webp,0.112701,0.0,0.2108859483280558
database1/img00013213.webp,0.208104,1.0,0.2379353324485115
database1/img00013311.webp,0.021686,1.0,0.2205218468417742
database1/img00013313.webp,0.096531,0.0,0.2332928934616817
database1/img00013345.webp,0.111239,1.0,0.2303860518775714
database1/img00013392.webp,0.234015,0.0,0.2213947416689383
database1/img00013433.webp,0.013693,1.0,0.2207085194139454
database1/img00013450.webp,0.007936,1.0,0.2051812268372394
database1/img00013515.webp,0.055869,0.0,0.2121638340321608
database1/img00013591.webp,0.097683,0.0,0.2076964536910882
database1/img00013659.webp,0.005492,0.0,0.2262091424006804
database1/img00013777.webp,0.039118,0.0,0.2079774924471198
database1/img00013856.webp,0.08085,0.0,0.2452895857079297
database1/img00013896.webp,0.155239,0.0,0.2276212121099016
database1/img00013978.webp,0.216187,1.0,0.2036540788704992
database1/img00014030.webp,0.009111,0.0,0.2387813292413121
database1/img00014146.webp,0.019737,0.0,0.2181316012542158
database1/img00014277.webp,0.009327,1.0,0.2370853408662494
database1/img00014440.webp,0.313716,0.0,0.2617201086853269
database1/img00014506.webp,0.002933,0.0,0.2235213404849975
database1/img00014634.webp,0.124116,1.0,0.2236702841430202
database1/img00014645.webp,0.294956,1.0,0.2508922806168076
database1/img00014657.webp,0.009173,1.0,0.1874442134513661
database1/img00014808.webp,0.222577,0.0,0.2475224239044113
database1/img00014845.webp,0.184098,0.0,0.2284287588109419
database1/img00014912.webp,0.085464,0.0,0.2217958912835412
database1/img00014924.webp,0.071344,1.0,0.2475687719181131
database1/img00015038.webp,0.222266,1.0,0.2444568908732348
database1/img00015081.webp,0.134204,0.0,0.2772798590911441
database1/img00015348.webp,0.225921,0.0,0.2472418515540211
database1/img00015359.webp,0.033386,0.0,0.2115381375171165
database1/img00015476.webp,0.164199,0.0,0.2717428036983569
database1/img00015498.webp,0.128891,0.0,0.2021259568835038
database1/img00015505.webp,0.086803,0.0,0.2155731813289945
database1/img00015509.webp,0.096299,1.0,0.2426177467227868
database1/img00015766.webp,0.128287,0.0,0.2096523895667084
database1/img00015784.webp,0.198335,0.0,0.2153567251345855
database1/img00015947.webp,0.126497,0.0,0.2151512008603868
database1/img00016004.webp,0.076385,0.0,0.2185819921554524
database1/img00016096.webp,0.018479,1.0,0.205357180623859
database1/img00016164.webp,0.009807,1.0,0.2090670810150494
database1/img00016181.webp,0.000908,1.0,0.1907337872431653
database1/img00016288.webp,0.368142,0.0,0.2716076776983727
database1/img00016296.webp,0.233928,0.0,0.2227509753469793
database1/img00016398.webp,0.070727,0.0,0.2134535482474249
database1/img00016442.webp,0.050167,0.0,0.21003757413419
database1/img00016457.webp,0.145227,1.0,0.2220004318204936
database1/img00016490.webp,0.091022,0.0,0.1946765390957928
database1/img00016497.webp,0.144198,0.0,0.2271046788641711
database1/img00016611.webp,0.10049,0.0,0.214878883569319
database1/img00016679.webp,0.001846,0.0,0.2190035795168028
database1/img00016886.webp,0.012909,1.0,0.1999604473387108
database1/img00016934.webp,0.076123,1.0,0.2031689942486444
database1/img00016955.webp,0.030027,1.0,0.2495070808689578
database1/img00017135.webp,0.137474,0.0,0.2163477877143096
database1/img00017144.webp,0.291437,0.0,0.2366690581663252
database1/img00017157.webp,0.097188,0.0,0.2119043661697185
database1/img00017237.webp,0.019539,0.0,0.2073678352095132
database1/img00017467.webp,0.193369,0.0,0.251958736238087
database1/img00017485.webp,0.231654,0.0,0.3011458407369906
database1/img00017623.webp,0.273226,0.0,0.2321470941320302
database1/img00017648.webp,0.013591,1.0,0.1904751615688993
database1/img00017737.webp,0.0127,1.0,0.2166049878740857
database1/img00017893.webp,0.369649,0.0,0.2310673804223731
database1/img00018025.webp,0.125656,0.0,0.2040749159552252
database1/img00018042.webp,0.016056,1.0,0.2054620027785614
database1/img00018045.webp,0.096288,0.0,0.2110223086880016
database1/img00018076.webp,0.184672,1.0,0.2207588847232126
database1/img00018117.webp,0.020611,0.0,0.2309221106850272
database1/img00018133.webp,0.049189,0.0,0.218010087125741
database1/img00018173.webp,0.28192,0.0,0.2481068948449406
database1/img00018225.webp,0.130293,0.0,0.1985699888390147
database1/img00018284.webp,0.238474,0.0,0.2354758032231136
database1/img00018380.webp,0.182421,0.0,0.2101743929647819
database1/img00018422.webp,0.021826,0.0,0.217384868549475
database1/img00018465.webp,0.041569,1.0,0.2259888332734711
database1/img00018500.webp,0.147015,0.0,0.2106474031993503
database1/img00018591.webp,0.11045,0.0,0.2390710071077574
database1/img00018619.webp,0.026771,1.0,0.2253022379832462
database1/img00018643.webp,0.14475,0.0,0.2295955633648518
database1/img00018689.webp,0.008002,0.0,0.2182150773685873
database1/img00018779.webp,0.045676,1.0,0.2089105922803616
database1/img00018873.webp,0.099329,0.0,0.2051911702682603
database1/img00018963.webp,0.0236,1.0,0.3709007862159038
database1/img00019125.webp,0.039224,1.0,0.2323339344600455
database1/img00019151.webp,0.151887,0.0,0.2615734790658673
database1/img00019162.webp,0.357571,0.0,0.263414573540751
database1/img00019165.webp,0.070241,1.0,0.2447648777916273
database1/img00019172.webp,0.017685,0.0,0.1943036009374169
database1/img00019200.webp,0.017214,1.0,0.2087733151285045
database1/img00019353.webp,0.013152,0.0,0.2069685759293453
database1/img00019360.webp,0.02429,1.0,0.2054955825436164
database1/img00019362.webp,0.226958,0.0,0.2204191288959121
database1/img00019406.webp,0.122785,0.0,0.2093355784336306
database1/img00019511.webp,0.00639,1.0,0.2005156453030809
database1/img00019553.webp,0.097165,0.0,0.2078859096392714
database1/img00019616.webp,0.008603,1.0,0.2330298687644151
database1/img00019625.webp,0.044642,1.0,0.2453870470154616
database1/img00019811.webp,0.135181,0.0,0.2142166418880403
database1/img00019846.webp,0.085115,0.0,0.2180111142183053
database1/img00019883.webp,0.295134,0.0,0.283615276871368
database1/img00019956.webp,0.121542,0.0,0.2140150648973645
database1/img00020019.webp,0.245216,0.0,0.2340554657911487
database1/img00020092.webp,0.229511,0.0,0.2529828163653677
database1/img00020095.webp,0.369647,0.0,0.2427721065315721
database1/img00020106.webp,0.016139,1.0,0.1910552540158511
database1/img00020280.webp,0.093764,0.0,0.2129577966039035
database1/img00020383.webp,0.174486,0.0,0.2233522770053615
database1/img00020425.webp,0.105022,0.0,0.20869354197202
database1/img00020495.webp,0.101841,0.0,0.2153030969648684
database1/img00020506.webp,0.143822,0.0,0.2236181360821671
database1/img00020690.webp,0.113169,0.0,0.1995832910952728
database1/img00020757.webp,0.123725,0.0,0.2158881936472506
database1/img00020765.webp,0.148549,0.0,0.2142727440396855
database1/img00020799.webp,0.406729,0.0,0.2926603083504639
database1/img00020831.webp,0.0,1.0,0.1670389056671557
database1/img00020839.webp,0.164052,0.0,0.2066041015859026
database1/img00020840.webp,0.164657,0.0,0.226352128735806
database1/img00020876.webp,0.039848,0.0,0.216375234304971
database1/img00020958.webp,0.18413,1.0,0.2070302161480735
database1/img00021024.webp,0.011248,1.0,0.2242082924792514
database1/img00021028.webp,0.079159,0.0,0.1989092255469113
database1/img00021119.webp,0.231027,0.0,0.1931641610732853
database1/img00021174.webp,0.029653,1.0,0.214431717829294
database1/img00021203.webp,0.100309,1.0,0.30187530904751
database1/img00021240.webp,0.12352,0.0,0.2226069733425392
database1/img00021256.webp,0.115372,0.0,0.2097552840726422
database1/img00021294.webp,0.230757,0.0,0.2513452753421409
database1/img00021336.webp,0.216002,0.0,0.2245268079854001
database1/img00021374.webp,0.038864,0.0,0.2173259802852256
database1/img00021382.webp,0.023478,1.0,0.313222821461067
database1/img00021398.webp,0.118902,0.0,0.3386876376922956
database1/img00021523.webp,0.125539,0.0,0.2199897423368355
database1/img00021529.webp,0.020743,0.0,0.2205266900379213
database1/img00021585.webp,0.323915,0.0,0.227424344049151
database1/img00021592.webp,0.053661,1.0,0.2313786806318899
database1/img00021620.webp,0.012103,1.0,0.228900665531887
database1/img00021622.webp,0.258145,0.0,0.2381358211928705
database1/img00021629.webp,0.347567,0.0,0.2608564121657755
database1/img00021724.webp,0.117861,0.0,0.2203740817432768
database1/img00021737.webp,0.042247,1.0,0.2162169217190434
database1/img00021763.webp,0.319156,0.0,0.2943911627973453
database1/img00021881.webp,0.200485,0.0,0.2099343401704491
database1/img00021891.webp,0.158308,0.0,0.2166693719459473
database1/img00022037.webp,0.280548,0.0,0.2570204770146188
database1/img00022062.webp,0.084716,1.0,0.2020303733078957
database1/img00022089.webp,0.105552,0.0,0.2147335279179203
database1/img00022098.webp,0.019455,1.0,0.2145704906733153
database1/img00022099.webp,0.017022,1.0,0.2362571576381981
database1/img00022106.webp,0.009696,1.0,0.2080438401200079
database1/img00022110.webp,0.247685,0.0,0.2856161906022276
database1/img00022174.webp,0.246505,1.0,0.2413282055029197
database1/img00022220.webp,0.197348,0.0,0.313680165480373
database1/img00022367.webp,0.130304,0.0,0.2280979333273187
database1/img00022458.webp,0.178211,1.0,0.1822214360029018
database1/img00022462.webp,0.147091,1.0,0.2198127539886283
database1/img00022521.webp,0.025301,1.0,0.2042221919340638
database1/img00022669.webp,0.094607,1.0,0.3499248501842087
database1/img00022715.webp,0.056654,0.0,0.1888064799396778
database1/img00022789.webp,0.207616,0.0,0.2980770836375135
database1/img00022833.webp,0.037262,1.0,0.2200632474609574
database1/img00022848.webp,0.082086,0.0,0.2144878085503447
database1/img00022964.webp,0.170935,0.0,0.2270720132802213
database1/img00023014.webp,0.001544,1.0,0.3386061881221481
database1/img00023146.webp,0.103648,1.0,0.238070233720942
database1/img00023176.webp,0.028973,1.0,0.2716809025848732
database1/img00023181.webp,0.102577,0.0,0.2240782910840366
database1/img00023337.webp,0.089515,0.0,0.2056092578890219
database1/img00023439.webp,0.005019,1.0,0.2051830956566404
database1/img00023478.webp,0.105124,0.0,0.2004969366323808
database1/img00023517.webp,0.050744,0.0,0.2227667821505944
database1/img00023568.webp,0.010958,1.0,0.2322952626556983
database1/img00023725.webp,0.203847,0.0,0.2151612904029313
database1/img00023876.webp,0.079286,0.0,0.2073156047047079
database1/img00023903.webp,0.124474,0.0,0.1835588451542352
database1/img00024004.webp,0.151347,0.0,0.2219040189093378
database1/img00024033.webp,0.008003,1.0,0.2299092368674711
database1/img00024054.webp,0.158105,0.0,0.2156294293478828
database1/img00024075.webp,0.098827,0.0,0.2277109384882645
database1/img00024097.webp,0.056329,1.0,0.2102595961321524
database1/img00024151.webp,0.223931,0.0,0.2034074207108457
database1/img00024251.webp,0.125194,0.0,0.2139390070059497
database1/img00024286.webp,0.203387,0.0,0.2864197947707542
database1/img00024330.webp,0.039351,0.0,0.238298267715813
database1/img00024429.webp,0.001011,1.0,0.1791468308270857
database1/img00024472.webp,0.231978,0.0,0.2388242975268733
database1/img00024480.webp,0.229159,0.0,0.2180602819314352
database1/img00024496.webp,0.010786,0.0,0.2309165786634548
database1/img00024553.webp,0.040348,1.0,0.2241470599004455
database1/img00024607.webp,0.016616,1.0,0.232844684312601
database1/img00024687.webp,0.27365,0.0,0.2453993990457252
database1/img00024753.webp,0.192923,0.0,0.2307055516539504
database1/img00024774.webp,0.053221,0.0,0.2136824734891537
database1/img00025064.webp,0.015037,0.0,0.1945628761828598
database1/img00025075.webp,0.298755,0.0,0.255520024502652
database1/img00025133.webp,0.155681,1.0,0.2251079192613198
database1/img00025166.webp,0.014644,0.0,0.22167825688062
database1/img00025308.webp,0.026547,1.0,0.2198008000350162
database1/img00025347.webp,0.003317,1.0,0.2269701167881485
database1/img00025392.webp,0.084647,0.0,0.2175518574413716
database1/img00025465.webp,0.083236,0.0,0.2570035684527583
database1/img00025509.webp,0.003962,0.0,0.2304700308450532
database1/img00025534.webp,0.073372,0.0,0.2075497248418484
database1/img00025566.webp,0.059194,1.0,0.2302865959686066
database1/img00025641.webp,0.045629,1.0,0.2328329014220918
database1/img00025678.webp,0.113275,0.0,0.220282978304524
database1/img00025969.webp,0.033245,1.0,0.2164575198073088
database1/img00026052.webp,0.217685,0.0,0.2225326873706085
database1/img00026073.webp,0.052874,0.0,0.2067998266264649
database1/img00026088.webp,0.15625,0.0,0.228373240712003
database1/img00026103.webp,0.013345,1.0,0.2385159972127546
database1/img00026169.webp,0.063574,1.0,0.2571029385319286
database1/img00026178.webp,0.317092,0.0,0.2491663429463514
database1/img00026249.webp,0.008453,1.0,0.2335817267983451
database1/img00026281.webp,0.219012,1.0,0.2343925425992259
database1/img00026282.webp,0.011198,1.0,0.2303356420189334
database1/img00026305.webp,0.138547,1.0,0.2319576110582066
database1/img00026333.webp,0.154155,0.0,0.2125668454249295
database1/img00026341.webp,0.145098,0.0,0.3285148448657428
database1/img00026380.webp,0.102089,0.0,0.2272155681606984
database1/img00026418.webp,0.030072,1.0,0.2111238357718223
database1/img00026462.webp,0.007743,0.0,0.216598234806409
database1/img00026473.webp,0.0,1.0,0.2050714212244025
database1/img00026493.webp,0.222605,0.0,0.219136022790066
database1/img00026505.webp,0.024604,1.0,0.2385359758970296
database1/img00026554.webp,0.005176,1.0,0.2257022559402303
database1/img00026653.webp,0.0,0.0,0.1601268112069269
database1/img00026673.webp,0.305916,0.0,0.2329721917977865
database1/img00026714.webp,0.210407,0.0,0.2272623901411449
database1/img00026908.webp,0.046474,0.0,0.2139492065220166
database1/img00027013.webp,0.003769,0.0,0.2018123003494056
database1/img00027032.webp,0.007456,0.0,0.2332096264425949
database1/img00027062.webp,0.046983,1.0,0.2106317022858677
database1/img00027147.webp,0.083316,1.0,0.2446050940609458
database1/img00027201.webp,0.173566,0.0,0.2197429635809132
database1/img00027213.webp,0.102301,0.0,0.2197399891874809
database1/img00027267.webp,0.025949,0.0,0.2159066171656966
database1/img00027278.webp,0.04282,0.0,0.2171822410546437
database1/img00027291.webp,0.037481,1.0,0.233310926977703
database1/img00027300.webp,0.162757,0.0,0.2207636362189235
database1/img00027329.webp,0.120534,0.0,0.1726517553250054
database1/img00027355.webp,0.012954,0.0,0.219412936458497
database1/img00027400.webp,0.093064,1.0,0.3793518728092213
database1/img00027672.webp,0.024684,0.0,0.2102558129371518
database1/img00027691.webp,0.263468,1.0,0.2570254888310948
database1/img00027708.webp,0.011879,1.0,0.2650450437942133
database1/img00027826.webp,0.008279,1.0,0.2150785348083491
database1/img00027870.webp,0.156292,0.0,0.2288348761174026
database1/img00027888.webp,0.010368,1.0,0.2281041947729288
database1/img00027943.webp,0.005057,1.0,0.2425413832206665
database1/img00027980.webp,0.1488,0.0,0.2207104423751171
database1/img00028069.webp,0.00506,1.0,0.2355761280572581
database1/img00028087.webp,0.001205,1.0,0.1679871087993536
database1/img00028101.webp,0.0173,1.0,0.2111610561539789
database1/img00028174.webp,0.122309,0.0,0.2155742347081445
database1/img00028222.webp,0.107143,0.0,0.2092185187950668
database1/img00028224.webp,0.146398,0.0,0.2386343600467494
database1/img00028300.webp,0.012183,0.0,0.2132666867232469
database1/img00028356.webp,0.152613,0.0,0.188594546834771
database1/img00028517.webp,0.382837,0.0,0.2599838721315924
database1/img00028551.webp,0.203166,0.0,0.2760426953139063
database1/img00028578.webp,0.061325,0.0,0.2074773266373937
database1/img00028581.webp,0.020189,1.0,0.2085953324601013
database1/img00028723.webp,0.12276,0.0,0.2271633042466574
database1/img00028742.webp,0.061928,0.0,0.1923312051444713
database1/img00028757.webp,0.031527,1.0,0.2272637941453043
database1/img00028784.webp,0.01652,0.0,0.2131475711688185
database1/img00028843.webp,0.045216,1.0,0.2590401654109436
database1/img00028942.webp,0.085705,0.0,0.1927375484045286
database1/img00029059.webp,0.201976,0.0,0.2255201214644671
database1/img00029154.webp,0.027398,0.0,0.2960885833457559
database1/img00029252.webp,0.011317,1.0,0.2290603429858936
database1/img00029315.webp,0.223811,0.0,0.2473790559990018
database1/img00029326.webp,0.073163,0.0,0.1991082462997504
database1/img00029393.webp,0.181547,0.0,0.2202254282790064
database1/img00029479.webp,0.172507,1.0,0.2431690758220311
database1/img00029527.webp,9.6e-05,1.0,0.1680614725538098
database1/img00029586.webp,0.049823,0.0,0.2213017136874365
database1/img00029691.webp,0.030185,1.0,0.2386502444725941
database1/img00029706.webp,0.21533,1.0,0.3927916708831348
database1/img00029758.webp,0.113217,0.0,0.2123508382481299
database1/img00029778.webp,0.154551,0.0,0.2568326287760488
database1/img00029960.webp,0.383842,0.0,0.2579828388351776
database2/database2/test/148.webp,0.048036,1.0,0.2147504409429093
database2/database2/test/190.webp,0.086509,1.0,0.3215737177655206
database2/database2/test/216.webp,0.245817,0.0,0.2093654977179602
database2/database2/test/232.webp,0.275174,0.0,0.2162026527789421
database2/database2/test/239.webp,0.175156,0.0,0.2509118620515976
database2/database2/test/266.webp,0.213241,0.0,0.2282916339951209
database2/database2/test/34.webp,0.050154,0.0,0.1915001422830231
database2/database2/test/453.webp,0.089504,1.0,0.1587682155220423
database2/database2/test/472.webp,0.226614,1.0,0.2693839988764247
database2/database2/test/91.webp,0.465517,1.0,0.2351715964948491
database2/database2/train/1009.webp,0.104761,1.0,0.2425616999375453
database2/database2/train/1240.webp,0.146101,0.0,0.2267152580376605
database2/database2/train/1258.webp,0.246853,0.0,0.4012103044337403
database2/database2/train/127.webp,0.075508,0.0,0.1858491826964896
database2/database2/train/1279.webp,0.000502,1.0,0.3231118491821514
database2/database2/train/1311.webp,0.172932,1.0,0.4136552095729057
database2/database2/train/174.webp,0.051776,1.0,0.3908925666081784
database2/database2/train/203.webp,0.050641,1.0,0.2305807724721723
database2/database2/train/219.webp,0.142928,0.0,0.2384715012290685
database2/database2/train/233.webp,0.281943,1.0,0.255316912707261
database2/database2/train/26.webp,0.011878,0.0,0.1964514039308223
database2/database2/train/34.webp,0.095641,0.0,0.2172773110431743
database2/database2/train/433.webp,0.036418,1.0,0.2324688312118493
database2/database2/train/436.webp,0.026337,1.0,0.1914627098203433
database2/database2/train/515.webp,0.012181,1.0,0.2170619932777944
database2/database2/train/547.webp,0.0,1.0,0.1573944512809869
database2/database2/train/613.webp,0.048432,0.0,0.1987401363575527
database2/database2/train/624.webp,0.123039,1.0,0.3038358399643215
database2/database2/train/650.webp,0.113219,0.0,0.2131089463184957
database2/database2/train/766.webp,0.167917,0.0,0.2626689967823814
database2/database2/train/814.webp,0.3,0.0,0.2665111597081349
database2/database2/train/846.webp,0.020085,1.0,0.2301960617143149
database2/database2/train/900.webp,0.417188,1.0,0.2440977281662252
database2/database2/train/928.webp,0.09983,0.0,0.22099586890692
database2/database2/train/97.webp,0.048559,1.0,0.2353216247645144
database2/database2/train/992.webp,0.32608,0.0,0.2565724302714621
database3/database3/m.0109kg/59-FaceId-0_align.webp,0.264823,0.0,0.2565625885772162
database3/database3/m.010bk0/59-FaceId-0_align.webp,0.021845,1.0,0.3251912755177769
database3/database3/m.010ngb/60-FaceId-0_align.webp,0.012915,1.0,0.2009111194044681
database3/database3/m.010p3/45-FaceId-0_align.webp,0.01465,1.0,0.242716290863014
database3/database3/m.010p3/69-FaceId-0_align.webp,0.027584,1.0,0.2295086369374141
database3/database3/m.010p3/82-FaceId-0_align.webp,0.013896,1.0,0.2069551533354349
database3/database3/m.010wty2t/83-FaceId-1_align.webp,0.168202,1.0,0.3055194456786288
database3/database3/m.0112yl/20-FaceId-0_align.webp,0.035573,1.0,0.2596310892507146
database3/database3/m.01167d3z/34-FaceId-0_align.webp,0.37993,1.0,0.2688940552218317
database3/database3/m.01167d3z/74-FaceId-0_align.webp,0.319357,1.0,0.2533950663766828
database3/database3/m.011_0k/17-FaceId-0_align.webp,0.022011,1.0,0.2172778559332093
database3/database3/m.011_0k/3-FaceId-0_align.webp,0.017225,1.0,0.2341509766839468
database3/database3/m.011_0k/43-FaceId-0_align.webp,0.025252,1.0,0.2263869664542134
database3/database3/m.011_0k/77-FaceId-0_align.webp,0.126436,1.0,0.3723899208888885
database3/database3/m.011_2h/101-FaceId-0_align.webp,0.183945,0.0,0.2498493454539207
database3/database3/m.011_2h/18-FaceId-0_align.webp,0.139464,0.0,0.3093745112010629
database3/database3/m.011_2h/21-FaceId-0_align.webp,0.028243,0.0,0.2273744616803998
database3/database3/m.011_3d/107-FaceId-0_align.webp,0.091414,1.0,0.2450111841848686
database3/database3/m.011_3d/31-FaceId-0_align.webp,0.156269,1.0,0.2369371588827421
database3/database3/m.011_3d/35-FaceId-0_align.webp,0.154662,1.0,0.3146705892217282
database3/database3/m.011_3s/106-FaceId-0_align.webp,0.132155,0.0,0.2372047420799255
database3/database3/m.011_3s/93-FaceId-0_align.webp,0.255275,0.0,0.2709762479427429
database3/database3/m.011_8/14-FaceId-0_align.webp,0.108434,1.0,0.2239431872804013
database3/database3/m.011_nf/83-FaceId-0_align.webp,0.036792,1.0,0.2211935484877293
database3/database3/m.011_pk/73-FaceId-0_align.webp,0.106935,1.0,0.2551285859556775
database3/database3/m.011_pk/98-FaceId-0_align.webp,0.021278,1.0,0.1787016541822236
database3/database3/m.011_r9/15-FaceId-0_align.webp,0.000453,1.0,0.1976457355491704
database3/database3/m.011_r9/35-FaceId-0_align.webp,0.0,1.0,0.1510782483102606
database3/database3/m.011h_w/16-FaceId-0_align.webp,0.023388,1.0,0.3150115532066763
database3/database3/m.011h_w/57-FaceId-0_align.webp,0.034974,1.0,0.2658133329419376
database3/database3/m.011hdn/3-FaceId-0_align.webp,0.144586,1.0,0.3050758059165032
database3/database3/m.011hm1/28-FaceId-0_align.webp,0.045589,0.0,0.2585069485806991
database3/database3/m.011hm1/59-FaceId-0_align.webp,0.308314,0.0,0.2235780789021919
database3/database3/m.011hmd/24-FaceId-0_align.webp,0.029049,1.0,0.2838959148826003
database3/database3/m.011jfg/102-FaceId-0_align.webp,0.016853,0.0,0.2197786400759952
database3/database3/m.011jfg/64-FaceId-0_align.webp,0.014724,0.0,0.228222875201213
database3/database3/m.011kd9/42-FaceId-0_align.webp,0.092666,1.0,0.0
database3/database3/m.011kd9/48-FaceId-0_align.webp,0.021031,1.0,0.3155495340672507
database3/database3/m.011l17/115-FaceId-0_align.webp,0.008147,1.0,0.1908074051332028
database3/database3/m.011l17/73-FaceId-0_align.webp,0.013848,1.0,0.2333708418227162
database3/database3/m.011l17/78-FaceId-0_align.webp,0.000371,1.0,0.2049063849518986
database3/database3/m.011lf5/30-FaceId-0_align.webp,0.003745,1.0,0.2144946931472471
database3/database3/m.011lhy/14-FaceId-0_align.webp,0.06605,1.0,0.1722049361288956
database3/database3/m.011m1y/65-FaceId-0_align.webp,0.010331,1.0,0.2943481052992149
database3/database3/m.011m1y/93-FaceId-0_align.webp,0.010174,1.0,0.1989185813122645
database3/database3/m.011m33/35-FaceId-0_align.webp,0.10764,0.0,0.203942394743534
database3/database3/m.011m33/96-FaceId-0_align.webp,0.077455,0.0,0.2476832900410882
database3/database3/m.011m33/98-FaceId-0_align.webp,0.093352,0.0,0.2727336456092488
database3/database3/m.011p3/100-FaceId-0_align.webp,0.261068,0.0,0.2719934826448336
database3/database3/m.011p3/38-FaceId-0_align.webp,0.260325,0.0,0.2124910593681078
database3/database3/m.011qm2/8-FaceId-0_align.webp,0.02115,1.0,0.2089078880776986
database3/database3/m.011w1b/4-FaceId-0_align.webp,0.011173,0.0,0.2177827220557106
database3/database3/m.011w1b/5-FaceId-0_align.webp,0.149673,0.0,0.2208332117761383
database3/database3/m.011w1b/65-FaceId-0_align.webp,0.028609,0.0,0.2135733016416068
database3/database3/m.011w1b/75-FaceId-0_align.webp,0.102741,0.0,0.24102878377497
database3/database3/m.011xgp/24-FaceId-0_align.webp,0.060348,1.0,0.2301017297447135
database3/database3/m.011xgp/72-FaceId-0_align.webp,0.024118,1.0,0.2620852330764941
database3/database3/m.011xjd/62-FaceId-0_align.webp,0.025855,1.0,0.2384679650791343
database3/database3/m.011xl3/35-FaceId-0_align.webp,0.101991,1.0,0.2450116477353096
database3/database3/m.011xl3/86-FaceId-0_align.webp,0.095741,1.0,0.3280957300375853
database3/database3/m.011xl3/92-FaceId-0_align.webp,0.15032,1.0,0.2470202750721691
database3/database3/m.011xl3/99-FaceId-0_align.webp,0.04585,1.0,0.216428056131792
database3/database3/m.011xll/89-FaceId-0_align.webp,0.057752,1.0,0.300325793978887
database3/database3/m.011ybj/52-FaceId-0_align.webp,0.042728,1.0,0.2123484055641104
database3/database3/m.011ybj/61-FaceId-0_align.webp,0.033422,1.0,0.1985617568361829
database3/database3/m.011yx0/17-FaceId-0_align.webp,0.03676,1.0,0.2210428183262422
database3/database3/m.011yx0/7-FaceId-0_align.webp,0.025923,1.0,0.2094587362603121
database3/database3/m.011z69/22-FaceId-0_align.webp,0.003956,1.0,0.1732280498994431
database3/database3/m.011z69/27-FaceId-0_align.webp,0.057013,1.0,0.1879983846152867
database3/database3/m.011z69/67-FaceId-0_align.webp,0.026898,1.0,0.2092917356490971
database3/database3/m.011zfk/22-FaceId-0_align.webp,0.214757,1.0,0.1811316258126584
database3/database3/m.011zfz/75-FaceId-0_align.webp,0.159958,0.0,0.2306890086539091
database3/database3/m.011zg9/22-FaceId-0_align.webp,0.107141,0.0,0.2027780121254243
database3/database3/m.011zg9/39-FaceId-0_align.webp,0.053582,0.0,0.2023367157964044
database3/database3/m.011zgs/52-FaceId-0_align.webp,0.127677,0.0,0.3677479715122133
database3/database3/m.011zkh/84-FaceId-0_align.webp,0.008351,1.0,0.2046891872133724
database3/database3/m.011zwl/37-FaceId-0_align.webp,0.073722,1.0,0.2064831109626383
database3/database3/m.01200d/24-FaceId-0_align.webp,0.036817,1.0,0.1851479161723189
database3/database3/m.01200d/80-FaceId-0_align.webp,0.017066,1.0,0.1955080398237808
database3/database3/m.012052/1-FaceId-0_align.webp,0.109494,1.0,0.214197590726114
database3/database3/m.012052/30-FaceId-0_align.webp,0.193814,1.0,0.3825828557950955
database3/database3/m.012052/63-FaceId-0_align.webp,0.135953,1.0,0.2556828934694733
database3/database3/m.0122lq/12-FaceId-0_align.webp,0.034174,1.0,0.1882303599580953
database3/database3/m.0122lq/62-FaceId-0_align.webp,0.002899,1.0,0.2797608795022642
database3/database3/m.0122lq/73-FaceId-0_align.webp,0.026793,1.0,0.2040084424257413
database3/database3/m.0122m5/94-FaceId-0_align.webp,0.003731,1.0,0.277996166596521
database3/database3/m.01233w/1-FaceId-0_align.webp,0.049894,1.0,0.194942032066207
database3/database3/m.01233w/25-FaceId-0_align.webp,0.043404,1.0,0.2268933908369725
database3/database3/m.01239/57-FaceId-0_align.webp,0.01656,1.0,0.2376450418533541
database3/database3/m.01239/68-FaceId-0_align.webp,0.012855,1.0,0.2161731538216238
database3/database3/m.0123x2/101-FaceId-0_align.webp,0.244668,1.0,0.2443449255977149
database3/database3/m.01241v/54-FaceId-0_align.webp,0.010871,1.0,0.1958399116057292
database3/database3/m.0124t/70-FaceId-0_align.webp,0.066352,0.0,0.2962422940919573
database3/database3/m.01257s/41-FaceId-1_align.webp,0.025408,1.0,0.2157656197991216
database3/database3/m.0126rp/46-FaceId-0_align.webp,0.064149,1.0,0.2035949356463611
database3/database3/m.0126rp/48-FaceId-0_align.webp,0.020111,1.0,0.2067263947828484
database3/database3/m.0126y2/49-FaceId-0_align.webp,0.042913,1.0,0.2131580175211261
database3/database3/m.0126y2/81-FaceId-0_align.webp,0.011658,1.0,0.316818835018596
database3/database3/m.0126y2/92-FaceId-0_align.webp,0.2594,1.0,0.2755765589924873
database3/database3/m.01270s/15-FaceId-0_align.webp,0.00523,1.0,0.1764614943149361
database3/database3/m.01270s/43-FaceId-0_align.webp,0.024273,1.0,0.2147637800193241
database3/database3/m.01271_/40-FaceId-0_align.webp,0.046844,0.0,0.2255058604829903
database3/database3/m.01271_/42-FaceId-0_align.webp,0.082785,0.0,0.2553054147491219
database3/database3/m.01271_/92-FaceId-0_align.webp,0.131196,0.0,0.2227674828045124
database3/database3/m.0127fx/6-FaceId-0_align.webp,0.010653,1.0,0.2114722398018937
database3/database3/m.0127gn/12-FaceId-0_align.webp,0.02417,1.0,0.1922566922387106
database3/database3/m.0127tk/114-FaceId-0_align.webp,0.088119,1.0,0.2009030856849443
database3/database3/m.0127tk/121-FaceId-0_align.webp,0.110272,1.0,0.2335460917507708
database3/database3/m.0127tk/32-FaceId-0_align.webp,0.044592,1.0,0.2158936576219116
database3/database3/m.0127tk/61-FaceId-0_align.webp,0.157887,1.0,0.2360217866245341
database3/database3/m.0127tk/75-FaceId-0_align.webp,0.118857,1.0,0.2328611143101677
database3/database3/m.0127tk/83-FaceId-0_align.webp,0.180049,1.0,0.2179261652604442
database3/database3/m.0127zt/62-FaceId-0_align.webp,0.099007,0.0,0.2259695301643501
database3/database3/m.012801/76-FaceId-0_align.webp,0.060329,1.0,0.2109709446365072
database3/database3/m.012981/36-FaceId-0_align.webp,0.038673,1.0,0.1999470329671077
database3/database3/m.012_53/112-FaceId-0_align.webp,0.081654,0.0,0.2067152407139841
database3/database3/m.012_53/73-FaceId-0_align.webp,0.056783,0.0,0.211565303514612
database3/database3/m.012_jj/10-FaceId-0_align.webp,0.005143,1.0,0.1990896848724178
database3/database3/m.012_jj/103-FaceId-0_align.webp,0.04174,1.0,0.1673930038940549
database3/database3/m.012_jj/83-FaceId-0_align.webp,0.123978,1.0,0.2037710242492218
database3/database3/m.012c6j/57-FaceId-0_align.webp,0.0,1.0,0.1376287436689461
database3/database3/m.012c6x/43-FaceId-0_align.webp,0.000386,1.0,0.2474618832750972
database3/database3/m.012c8f/13-FaceId-0_align.webp,0.010098,1.0,0.2256264408608175
database3/database3/m.012c8f/85-FaceId-0_align.webp,0.121074,1.0,0.3328495561606895
database3/database3/m.012ck8/1-FaceId-0_align.webp,0.250793,0.0,0.3072641331948563
database3/database3/m.012cm5/19-FaceId-0_align.webp,0.050828,1.0,0.2112555358045703
database3/database3/m.012cm5/75-FaceId-0_align.webp,0.032775,1.0,0.1470863928759305
database3/database3/m.012cm5/90-FaceId-0_align.webp,0.082057,1.0,0.2314598058107245
database3/database3/m.012cnn/11-FaceId-0_align.webp,0.107545,0.0,0.1955132214049247
database3/database3/m.012cph/108-FaceId-0_align.webp,0.01551,1.0,0.195467498511527
database3/database3/m.012cph/17-FaceId-0_align.webp,0.005549,1.0,0.2454514924749321
database3/database3/m.012cph/68-FaceId-0_align.webp,0.017584,1.0,0.2502626836537673
database3/database3/m.012cyp/33-FaceId-0_align.webp,0.012748,0.0,0.1910281783328175
database3/database3/m.012cyp/43-FaceId-0_align.webp,0.207358,0.0,0.2152781719296977
database3/database3/m.012cyp/7-FaceId-0_align.webp,0.030272,0.0,0.1984364712806264
database3/database3/m.012czd/35-FaceId-0_align.webp,0.035058,0.0,0.1822634679643426
database3/database3/m.012czd/90-FaceId-0_align.webp,0.001711,0.0,0.2245638727740901
database3/database3/m.012dtw/86-FaceId-0_align.webp,0.075626,1.0,0.2571955102878256
database3/database3/m.012fgx/58-FaceId-0_align.webp,0.039289,1.0,0.1942804425152946
database3/database3/m.012g8l/75-FaceId-0_align.webp,0.015517,1.0,0.247228684451359
database3/database3/m.012gbb/1-FaceId-0_align.webp,0.057132,0.0,0.2411415746406578
database3/database3/m.012gbb/104-FaceId-0_align.webp,0.023381,0.0,0.2069506974706747
database3/database3/m.012gbb/86-FaceId-0_align.webp,0.070682,0.0,0.2393430216351016
database3/database3/m.012gdw/54-FaceId-0_align.webp,0.06697,1.0,0.1859668435560538
database3/database3/m.012gl8/17-FaceId-0_align.webp,0.06567,0.0,0.2175874696824016
database3/database3/m.012gl8/38-FaceId-0_align.webp,0.063039,0.0,0.2159546177407462
database3/database3/m.012gq6/33-FaceId-0_align.webp,0.016946,1.0,0.1883666708746552
database3/database3/m.012gr9/29-FaceId-0_align.webp,0.156273,0.0,0.2609941365557238
database3/database3/m.012gx2/64-FaceId-0_align.webp,0.000577,1.0,0.1964376404021311
database3/database3/m.012gx2/77-FaceId-0_align.webp,0.126437,1.0,0.2466218030854909
database3/database3/m.012gx2/8-FaceId-0_align.webp,0.019361,1.0,0.1801339372779198
database3/database3/m.012gx2/99-FaceId-0_align.webp,0.025003,1.0,0.230619202666871
database3/database3/m.012h65/109-FaceId-0_align.webp,0.210562,1.0,0.4106989440051615
database3/database3/m.012hqb/33-FaceId-0_align.webp,0.004406,1.0,0.245797766411586
database3/database3/m.012hr4/21-FaceId-0_align.webp,0.126033,1.0,0.2166677595091307
database3/database3/m.012hr4/67-FaceId-0_align.webp,0.183915,1.0,0.2120672720986923
database3/database3/m.012hr4/74-FaceId-0_align.webp,0.037244,1.0,0.2170855207151083
database3/database3/m.012hsb/101-FaceId-0_align.webp,0.192286,1.0,0.2101488279516681
database3/database3/m.012hsb/74-FaceId-0_align.webp,0.057902,1.0,0.2243855192838176
database3/database3/m.012hz4/77-FaceId-0_align.webp,0.118119,0.0,0.2761555050187957
database3/database3/m.012j2r/108-FaceId-0_align.webp,0.027644,1.0,0.1914904682788347
database3/database3/m.012j2r/38-FaceId-0_align.webp,0.010758,1.0,0.2165107860360531
database3/database3/m.012j2r/9-FaceId-0_align.webp,0.029992,1.0,0.193531886768446
database3/database3/m.012kdb/7-FaceId-0_align.webp,0.154185,0.0,0.2182249977084409
database3/database3/m.012kk4/31-FaceId-1_align.webp,0.026924,1.0,0.239118051103392
database3/database3/m.012l22/20-FaceId-0_align.webp,0.182682,1.0,0.3653439442664093
database3/database3/m.012l22/56-FaceId-0_align.webp,0.079127,1.0,0.3216818705773995
database3/database3/m.012lyg/82-FaceId-0_align.webp,0.015571,1.0,0.1891798178984478
database3/database3/m.012m1c/109-FaceId-0_align.webp,0.052592,0.0,0.2083913899370794
database3/database3/m.012m1c/113-FaceId-0_align.webp,0.018979,0.0,0.2129025624996027
database3/database3/m.012m1c/56-FaceId-0_align.webp,0.076711,0.0,0.1761263921682277
database3/database3/m.012m7r/99-FaceId-0_align.webp,0.002972,1.0,0.2949458748424226
database3/database3/m.012mh_/3-FaceId-0_align.webp,0.065168,1.0,0.2035099216701596
database3/database3/m.012mh_/6-FaceId-0_align.webp,0.002681,1.0,0.1857620735449605
database3/database3/m.012mk7/90-FaceId-0_align.webp,0.032433,1.0,0.1874280815196758
database3/database3/m.012ml0/96-FaceId-0_align.webp,0.031451,1.0,0.2007144366031851
database3/database3/m.012mmb/47-FaceId-0_align.webp,0.146313,0.0,0.2684017626907183
database3/database3/m.012mn4/43-FaceId-0_align.webp,0.005783,1.0,0.2193683069428289
database3/database3/m.012nry/108-FaceId-0_align.webp,0.006878,1.0,0.1682619902381507
database3/database3/m.012nry/28-FaceId-0_align.webp,0.006764,1.0,0.2640778325034212
database3/database3/m.012nry/3-FaceId-0_align.webp,0.008173,1.0,0.2150277094971464
database3/database3/m.012nry/57-FaceId-0_align.webp,0.00436,1.0,0.2260131735809244
database3/database3/m.012pjh/2-FaceId-0_align.webp,0.0,1.0,0.2167092256928268
database3/database3/m.012q4n/50-FaceId-0_align.webp,0.004622,1.0,0.3672358651488282
database3/database3/m.012qfw/20-FaceId-1_align.webp,0.162552,0.0,0.1857290827800197
database3/database3/m.012qfw/41-FaceId-0_align.webp,0.211858,0.0,0.1889249731690433
database3/database3/m.012qgc/82-FaceId-0_align.webp,0.002042,1.0,0.2266251454285581
database3/database3/m.012rng/35-FaceId-0_align.webp,0.036379,1.0,0.278393252280847
database3/database3/m.012rng/47-FaceId-0_align.webp,0.022161,1.0,0.4806027213095088
database3/database3/m.012rng/48-FaceId-0_align.webp,0.01786,1.0,0.2100641251888479
database3/database3/m.012rth/93-FaceId-0_align.webp,0.046323,1.0,0.4227213338522121
database3/database3/m.012s1x/11-FaceId-0_align.webp,0.049377,1.0,0.2189082267422241
database3/database3/m.012s5j/122-FaceId-0_align.webp,0.205872,0.0,0.2610616080577618
database3/database3/m.012s9f/0-FaceId-0_align.webp,0.000412,1.0,0.1827982685347454
database3/database3/m.012st7/14-FaceId-0_align.webp,0.003821,1.0,0.2828598419995464
database3/database3/m.012t1d/17-FaceId-0_align.webp,0.167599,1.0,0.2034139869383746
database3/database3/m.012t1d/37-FaceId-0_align.webp,0.016467,1.0,0.2123706772312147
database3/database3/m.012t1d/80-FaceId-0_align.webp,0.014504,1.0,0.2637866131566528
database3/database3/m.012t3l/22-FaceId-0_align.webp,0.012766,1.0,0.0
database3/database3/m.012t7s/3-FaceId-0_align.webp,0.014581,1.0,0.1924182907437413
database3/database3/m.012tmz/123-FaceId-0_align.webp,0.001629,1.0,0.1860381050686549
database3/database3/m.012v1t/29-FaceId-0_align.webp,0.118114,0.0,0.2100152593327981
database3/database3/m.012v1t/67-FaceId-0_align.webp,0.072956,0.0,0.2052707203298775
database3/database3/m.012v1t/93-FaceId-0_align.webp,0.033657,0.0,0.2119747575262394
database3/database3/m.012vby/3-FaceId-0_align.webp,0.002151,1.0,0.2526790764811678
database3/database3/m.012vby/36-FaceId-0_align.webp,0.0,1.0,0.3103908876210944
database3/database3/m.012vd6/49-FaceId-0_align.webp,0.124288,0.0,0.2431517732165573
database3/database3/m.012vd6/5-FaceId-0_align.webp,0.104381,0.0,0.2112458036808096
database3/database3/m.012vd6/75-FaceId-1_align.webp,0.054381,0.0,0.2484435048253753
database3/database3/m.012vf6/90-FaceId-0_align.webp,0.069167,0.0,0.2381049190481247
database3/database3/m.012vhn/10-FaceId-0_align.webp,0.009813,1.0,0.18948003769773
database3/database3/m.012vhn/4-FaceId-0_align.webp,0.005793,1.0,0.129885066287111
database3/database3/m.012vq0/30-FaceId-0_align.webp,0.028246,1.0,0.2067166918638556
database3/database3/m.012vq0/67-FaceId-0_align.webp,0.017872,1.0,0.2209704502325007
database3/database3/m.012vqh/80-FaceId-0_align.webp,0.078239,0.0,0.2728266288044667
database3/database3/m.012w05/52-FaceId-0_align.webp,0.000408,1.0,0.2158384454200536
database3/database3/m.012w3k/19-FaceId-0_align.webp,0.109411,1.0,0.2761784538612915
database3/database3/m.012w3k/33-FaceId-0_align.webp,0.07009,1.0,0.2180920593817219
database3/database3/m.012w3k/4-FaceId-0_align.webp,0.071086,1.0,0.235982075409167
database3/database3/m.012wfh/73-FaceId-0_align.webp,0.055456,0.0,0.2994177262274206
database3/database3/m.012wfh/77-FaceId-0_align.webp,0.055,0.0,0.2157744959562108
database3/database3/m.012wgv/56-FaceId-0_align.webp,0.072911,1.0,0.2305866674077525
database3/database3/m.012x2b/18-FaceId-0_align.webp,0.0,1.0,0.2330227593038801
database3/database3/m.012x2b/46-FaceId-0_align.webp,0.039092,1.0,0.2204015325698755
database3/database3/m.012x2b/54-FaceId-0_align.webp,0.049838,1.0,0.2014735769531896
database3/database3/m.012x2b/72-FaceId-0_align.webp,0.008788,1.0,0.1994636542116579
database3/database3/m.012x5/81-FaceId-0_align.webp,0.058123,0.0,0.231763520364449
database3/database3/m.012xdy/81-FaceId-0_align.webp,0.012382,1.0,0.2426639883503889
database3/database3/m.012xls/57-FaceId-0_align.webp,0.114584,1.0,0.4975137069378027
database3/database3/m.012xls/70-FaceId-0_align.webp,0.126797,1.0,0.1782811866217271
database3/database3/m.012xls/74-FaceId-0_align.webp,0.018384,1.0,0.4237461882032696
database3/database3/m.012y1h/86-FaceId-0_align.webp,0.123838,1.0,0.2537630946410446
database3/database3/m.012ycy/16-FaceId-0_align.webp,0.002336,1.0,0.2426423036827399
database3/database3/m.012ycy/21-FaceId-0_align.webp,0.164069,1.0,0.2251986312778869
database3/database3/m.012ycy/73-FaceId-0_align.webp,0.017165,1.0,0.2337868000207764
database3/database3/m.012ycy/99-FaceId-0_align.webp,0.136797,1.0,0.1355798706633981
database3/database3/m.012yg1/19-FaceId-0_align.webp,0.003406,1.0,0.3132077291482982
database3/database3/m.012yg1/21-FaceId-0_align.webp,0.007301,1.0,0.2492629950471448
database3/database3/m.012yg1/66-FaceId-0_align.webp,0.007466,1.0,0.274614223167524
database3/database3/m.012yhd/22-FaceId-0_align.webp,0.043044,1.0,0.2409709894003162
database3/database3/m.012yhd/41-FaceId-0_align.webp,0.014599,1.0,0.2402805074729138
database3/database3/m.012yhd/87-FaceId-0_align.webp,0.016417,1.0,0.2515463662767501
database3/database3/m.012ysy/40-FaceId-0_align.webp,0.005784,1.0,0.2212235358539811
database3/database3/m.012yxk/51-FaceId-0_align.webp,0.111796,1.0,0.2651113999301071
database3/database3/m.012z8_/39-FaceId-0_align.webp,0.076699,1.0,0.1850819626678941
database3/database3/m.012zrl/119-FaceId-0_align.webp,0.19435,0.0,0.1852447398918516
database3/database3/m.012zrl/22-FaceId-0_align.webp,0.184216,0.0,0.2278460364088775
database3/database3/m.012zrl/34-FaceId-0_align.webp,0.221002,0.0,0.2837257227931717
database3/database3/m.01300z/111-FaceId-0_align.webp,0.011168,1.0,0.2074714514041309
database3/database3/m.01300z/46-FaceId-0_align.webp,0.004916,1.0,0.2149697999889704
database3/database3/m.01306d/26-FaceId-0_align.webp,0.043181,1.0,0.2458364968729069
database3/database3/m.0130py/108-FaceId-0_align.webp,0.041408,1.0,0.3105073251820613
database3/database3/m.0130py/9-FaceId-0_align.webp,0.045214,1.0,0.1955091102824565
database3/database3/m.0130sy/65-FaceId-0_align.webp,0.067207,1.0,0.1194076773975181
database3/database3/m.013107/34-FaceId-0_align.webp,0.131929,0.0,0.2210715935108834
database3/database3/m.0131kb/28-FaceId-0_align.webp,0.0,1.0,0.143146032709493
database3/database3/m.0131kb/47-FaceId-0_align.webp,0.0,1.0,0.1973404409174384
database3/database3/m.0131kb/76-FaceId-0_align.webp,0.081559,1.0,0.3216037600261181
database3/database3/m.013267/23-FaceId-0_align.webp,0.049038,1.0,0.2262356430872008
database3/database3/m.0132k4/103-FaceId-0_align.webp,0.076004,1.0,0.2637327073200513
database3/database3/m.0132k4/97-FaceId-0_align.webp,0.101202,1.0,0.2453201343116087
database3/database3/m.0132kn/100-FaceId-0_align.webp,0.045478,1.0,0.2288525810972854
database3/database3/m.0132q1/29-FaceId-0_align.webp,0.017581,0.0,0.2177034380635254
database3/database3/m.013339/106-FaceId-0_align.webp,0.058305,1.0,0.2032147886916299
database3/database3/m.013339/23-FaceId-0_align.webp,0.255508,1.0,0.2481815502629892
database3/database3/m.013339/80-FaceId-0_align.webp,0.066481,1.0,0.2642089956946194
database3/database3/m.01338h/81-FaceId-0_align.webp,0.088482,0.0,0.1929126290776168
database3/database3/m.0133c4/15-FaceId-0_align.webp,0.207364,1.0,0.2164144013023551
database3/database3/m.0133x7/100-FaceId-0_align.webp,0.144974,0.0,0.2201558874981989
database3/database3/m.0133yt/45-FaceId-0_align.webp,0.102482,1.0,0.2790203207572139
database3/database3/m.01341q/51-FaceId-0_align.webp,0.043853,1.0,0.3148208678556317
database3/database3/m.013423/105-FaceId-0_align.webp,0.016474,0.0,0.3210906284627813
database3/database3/m.013423/43-FaceId-0_align.webp,0.10846,0.0,0.213026861993405
database3/database3/m.0134cp/27-FaceId-0_align.webp,0.030912,1.0,0.2385561514542694
database3/database3/m.0134cp/34-FaceId-1_align.webp,0.031754,1.0,0.2375304004366054
database3/database3/m.0134cp/53-FaceId-0_align.webp,0.019724,1.0,0.2183646645961978
database3/database3/m.0134dc/38-FaceId-0_align.webp,0.000768,1.0,0.2334317025979007
database3/database3/m.0134dc/73-FaceId-0_align.webp,0.003398,1.0,0.3220550098623425
database3/database3/m.0134fr/66-FaceId-0_align.webp,0.01299,1.0,0.2258718958851287
database3/database3/m.0134fr/82-FaceId-0_align.webp,0.004786,1.0,0.2483120051517535
database3/database3/m.0134wr/11-FaceId-2_align.webp,0.000566,1.0,0.2081169894655366
database3/database3/m.0134wr/30-FaceId-2_align.webp,0.080915,1.0,0.2135776128604453
database3/database3/m.0134wr/52-FaceId-2_align.webp,0.028557,1.0,0.1317586361066694
database3/database3/m.0134wr/65-FaceId-1_align.webp,0.001253,1.0,0.1995348283479706
database3/database3/m.0134wr/69-FaceId-2_align.webp,0.064238,1.0,0.2163984600568335
database3/database3/m.0134wr/89-FaceId-1_align.webp,0.188914,1.0,0.1908697837763854
database3/database3/m.0135nb/89-FaceId-0_align.webp,0.051256,1.0,0.2225160065954446
database3/database3/m.01368v/100-FaceId-0_align.webp,0.078994,0.0,0.2034635538894376
database3/database3/m.01368v/58-FaceId-0_align.webp,0.186435,0.0,0.2057889893605758
database3/database3/m.01368v/59-FaceId-1_align.webp,0.101878,0.0,0.1908862601543554
database3/database3/m.0136ms/38-FaceId-0_align.webp,0.015722,1.0,0.1935845536149074
database3/database3/m.0136p1/103-FaceId-0_align.webp,0.341015,0.0,0.2739305630246797
database3/database3/m.0136p1/13-FaceId-0_align.webp,0.259257,0.0,0.2419992455247372
database3/database3/m.0136p1/66-FaceId-0_align.webp,0.075301,0.0,0.218236056558175
database3/database3/m.0136pk/68-FaceId-0_align.webp,0.195786,1.0,0.2643274719686021
database3/database3/m.0136pk/87-FaceId-0_align.webp,0.172482,1.0,0.2437931741664114
database3/database3/m.0136tm/24-FaceId-0_align.webp,0.011359,1.0,0.2172863372740519
database3/database3/m.0137s4/92-FaceId-0_align.webp,0.014219,1.0,0.4360512379060688
database3/database3/m.01380_/30-FaceId-0_align.webp,0.062935,1.0,0.2904232364429179
database3/database3/m.01380_/84-FaceId-0_align.webp,0.019541,1.0,0.2291339336681778
database3/database3/m.013823/15-FaceId-0_align.webp,0.004502,1.0,0.1717822603332514
database3/database3/m.013823/5-FaceId-0_align.webp,0.029677,1.0,0.1777125963235801
database3/database3/m.013846/35-FaceId-0_align.webp,0.005272,1.0,0.2255418393665732
database3/database3/m.013846/71-FaceId-0_align.webp,0.036782,1.0,0.2150539477674315
database3/database3/m.01386_/97-FaceId-0_align.webp,0.01382,1.0,0.1901800433843926
database3/database3/m.01386m/93-FaceId-0_align.webp,0.049853,1.0,0.2223844373924675
database3/database3/m.01387g/36-FaceId-0_align.webp,0.020561,1.0,0.1937743113812375
database3/database3/m.01387g/90-FaceId-0_align.webp,0.00159,1.0,0.1718358403283269
database3/database3/m.01387y/2-FaceId-0_align.webp,0.062856,1.0,0.2380657274032394
database3/database3/m.01387y/32-FaceId-0_align.webp,0.048091,1.0,0.2394603886038672
database3/database3/m.01387y/46-FaceId-0_align.webp,0.0006,1.0,0.1903271432839619
database3/database3/m.01388c/29-FaceId-0_align.webp,0.136546,1.0,0.2285019098119694
database3/database3/m.01388c/82-FaceId-0_align.webp,0.007483,1.0,0.233518842173875
database3/database3/m.01388c/92-FaceId-0_align.webp,0.007604,1.0,0.2110152113929917
database3/database3/m.01389w/75-FaceId-1_align.webp,0.011085,1.0,0.1827052789738924
database3/database3/m.01389w/76-FaceId-0_align.webp,0.018887,1.0,0.2077016079596092
database3/database3/m.0138b7/49-FaceId-0_align.webp,0.173256,1.0,0.1937096876304198
database3/database3/m.0138b7/63-FaceId-0_align.webp,0.091583,1.0,0.2860710185366915
database3/database3/m.0138m1/11-FaceId-0_align.webp,0.033355,1.0,0.2431607601161003
database3/database3/m.0138m1/60-FaceId-0_align.webp,0.027664,1.0,0.1943505793918289
database3/database3/m.0139rh/103-FaceId-0_align.webp,0.008771,1.0,0.1965454528420587
database3/database3/m.0139rh/5-FaceId-0_align.webp,0.009412,1.0,0.1789776109544108
database3/database3/m.013_4m/89-FaceId-0_align.webp,0.106225,1.0,0.1865874847294157
database3/database3/m.013_gz/96-FaceId-0_align.webp,0.14677,0.0,0.2273012552021402
database3/database3/m.013_tp/47-FaceId-0_align.webp,0.000171,1.0,0.2448571209685391
database3/database3/m.013b7z/45-FaceId-0_align.webp,0.025843,1.0,0.2246333893289873
database3/database3/m.013bym/61-FaceId-0_align.webp,0.110889,0.0,0.2210363522586973
database3/database3/m.013bym/65-FaceId-0_align.webp,0.249006,0.0,0.193593335763302
database3/database3/m.013bym/66-FaceId-0_align.webp,0.288548,0.0,0.2412975529424225
database3/database3/m.013bym/71-FaceId-0_align.webp,0.115164,0.0,0.2165930585630394
database3/database3/m.013m5y/73-FaceId-0_align.webp,0.0,1.0,0.2649290821491588
database3/database3/m.013p_0/60-FaceId-0_align.webp,0.015459,1.0,0.2854883303994484
database3/database3/m.013p_j/3-FaceId-0_align.webp,0.046784,1.0,0.2154578283210981
database3/database3/m.013p_j/43-FaceId-0_align.webp,0.026287,1.0,0.2118101332295453
database3/database3/m.013p_w/1-FaceId-0_align.webp,0.045903,0.0,0.2201402492618366
database3/database3/m.013p_w/90-FaceId-1_align.webp,0.028906,0.0,0.203680965378217
database3/database3/m.013pp3/83-FaceId-0_align.webp,0.052247,1.0,0.2647708313415995
database3/database3/m.013ppl/76-FaceId-0_align.webp,0.018885,1.0,0.1901553124322013
database3/database3/m.013q78/86-FaceId-0_align.webp,0.03,1.0,0.2202250460236418
database3/database3/m.013q8x/26-FaceId-0_align.webp,0.110943,1.0,0.2840938798176856
database3/database3/m.013q8x/42-FaceId-0_align.webp,0.056383,1.0,0.2099454882266195
database3/database3/m.013q8x/99-FaceId-0_align.webp,0.005069,1.0,0.2154102243634587
database3/database3/m.013qb0/82-FaceId-0_align.webp,0.080376,1.0,0.2261288724440276
database3/database3/m.013qb0/94-FaceId-0_align.webp,0.14541,1.0,0.2168000803644405
database3/database3/m.013qjp/42-FaceId-0_align.webp,0.027503,1.0,0.2129765971442587
database3/database3/m.013qjp/83-FaceId-0_align.webp,0.014,1.0,0.2194832684993203
database3/database3/m.013qpt/31-FaceId-0_align.webp,0.020067,1.0,0.2068768485234425
database3/database3/m.013qq4/70-FaceId-0_align.webp,0.020855,1.0,0.1998549266041777
database3/database3/m.013qwl/61-FaceId-0_align.webp,0.006336,1.0,0.2056510291484256
database3/database3/m.013qwy/18-FaceId-0_align.webp,0.050242,1.0,0.217042733041909
database3/database3/m.013qy3/30-FaceId-0_align.webp,0.004735,1.0,0.2960665048331848
database3/database3/m.013qy3/92-FaceId-0_align.webp,0.026678,1.0,0.199360248888239
database3/database3/m.013qyh/56-FaceId-1_align.webp,0.057576,1.0,0.407952843218019
database3/database3/m.013r6h/27-FaceId-0_align.webp,0.054123,1.0,0.1691059787454953
database3/database3/m.013r6h/46-FaceId-0_align.webp,0.123792,1.0,0.401432524458912
database3/database3/m.013s1b/47-FaceId-0_align.webp,0.148289,1.0,0.2828092157306482
database3/database3/m.013s1t/21-FaceId-0_align.webp,0.005317,1.0,0.2129565391668081
database3/database3/m.013s3/75-FaceId-0_align.webp,0.061568,1.0,0.281414645576102
database3/database3/m.013s6x/6-FaceId-0_align.webp,0.031839,1.0,0.2145226285068648
database3/database3/m.013s8s/33-FaceId-0_align.webp,0.074629,0.0,0.2058294775198004
database3/database3/m.013sjh/7-FaceId-0_align.webp,0.189385,1.0,0.2702510783146858
database3/database3/m.013t9y/12-FaceId-0_align.webp,0.013435,1.0,0.2820206327662152
database3/database3/m.013tjc/54-FaceId-0_align.webp,0.0,1.0,0.2592201593955989
database3/database3/m.013tjc/56-FaceId-0_align.webp,0.015964,1.0,0.2114059840647482
database3/database3/m.013v12/3-FaceId-0_align.webp,0.018587,1.0,0.2082754997720443
database3/database3/m.013v12/7-FaceId-0_align.webp,0.019979,1.0,0.2065117759005052
database3/database3/m.013v5j/57-FaceId-0_align.webp,0.119854,0.0,0.2050021725414891
database3/database3/m.013vdl/109-FaceId-0_align.webp,0.167747,0.0,0.1808114641026652
database3/database3/m.013vdl/32-FaceId-0_align.webp,0.021263,0.0,0.2016984312824843
database3/database3/m.013vtr/20-FaceId-0_align.webp,0.015954,1.0,0.2192758878822087
database3/database3/m.013w7j/20-FaceId-0_align.webp,0.009375,1.0,0.2923666507392952
database3/database3/m.013w7j/32-FaceId-0_align.webp,0.001151,1.0,0.2296185197905715
database3/database3/m.013w7j/64-FaceId-0_align.webp,0.008592,1.0,0.3118678183596779
database3/database3/m.013w8h/4-FaceId-0_align.webp,0.094597,1.0,0.2037881582317358
database3/database3/m.013wt0/40-FaceId-1_align.webp,0.123008,0.0,0.2263065165737309
database3/database3/m.013wz9/26-FaceId-0_align.webp,0.18678,0.0,0.2264008543803435
database3/database3/m.013wz9/73-FaceId-0_align.webp,0.219059,0.0,0.23231222831569
database3/database3/m.013xhr/100-FaceId-0_align.webp,0.00219,1.0,0.2267311141775292
database3/database3/m.013xhr/23-FaceId-0_align.webp,0.015916,1.0,0.2251769491606483
database3/database3/m.013xhr/24-FaceId-0_align.webp,0.064866,1.0,0.2133023848864255
database3/database3/m.013xhr/33-FaceId-0_align.webp,0.013765,1.0,0.3266586377817791
database3/database3/m.013xhr/42-FaceId-0_align.webp,0.02596,1.0,0.2696598366938346
database3/database3/m.013xs1/10-FaceId-0_align.webp,0.059547,1.0,0.176185303459449
database3/database3/m.013y2b/23-FaceId-0_align.webp,0.154363,0.0,0.2138330461044501
database3/database3/m.013y2b/32-FaceId-0_align.webp,0.092369,0.0,0.2052495802637958
database3/database3/m.013y2b/66-FaceId-0_align.webp,0.108782,0.0,0.211523116852753
database3/database3/m.013y2s/40-FaceId-0_align.webp,0.026989,0.0,0.2018303267347666
database3/database3/m.013y2s/73-FaceId-0_align.webp,0.075667,0.0,0.1929116148684598
database3/database3/m.013yd0/51-FaceId-0_align.webp,0.167678,0.0,0.2188863852179904
database3/database3/m.013yd0/92-FaceId-0_align.webp,0.096098,0.0,0.1989221924849154
database3/database3/m.013ykk/37-FaceId-0_align.webp,0.042458,0.0,0.2307389363904458
database3/database3/m.013ykx/9-FaceId-0_align.webp,0.117351,0.0,0.2151733657253002
database3/database3/m.013ylm/42-FaceId-0_align.webp,0.120671,0.0,0.2284888467899055
database3/database3/m.013ylm/97-FaceId-0_align.webp,0.133134,0.0,0.2352967238939453
database3/database3/m.013yvd/37-FaceId-0_align.webp,0.027946,1.0,0.191033475603042
database3/database3/m.013yvd/75-FaceId-0_align.webp,0.027604,1.0,0.2007702541174358
database3/database3/m.013yyq/27-FaceId-0_align.webp,0.014857,1.0,0.2385157333667275
database3/database3/m.013yyq/44-FaceId-0_align.webp,0.06122,1.0,0.6026202919325426
database3/database3/m.013yyq/48-FaceId-0_align.webp,0.11735,1.0,0.2526664650650946
database3/database3/m.013zjz/16-FaceId-0_align.webp,0.071353,1.0,0.2485541288962097
database3/database3/m.013zm7/89-FaceId-0_align.webp,0.144683,1.0,0.2201852515191613
database3/database3/m.013zpf/72-FaceId-0_align.webp,0.0,0.0,0.2994189342827997
database3/database3/m.013zpf/88-FaceId-0_align.webp,0.169008,0.0,0.2195018537137265
database3/database3/m.013zr7/15-FaceId-0_align.webp,0.062795,1.0,0.196658854437951
database3/database3/m.013zs9/83-FaceId-0_align.webp,0.33489,0.0,0.2586325582727138
database3/database3/m.013zyw/16-FaceId-0_align.webp,0.043076,1.0,0.1884839261459964
database3/database3/m.013zyw/19-FaceId-0_align.webp,0.020445,1.0,0.1756827279760115
database3/database3/m.013zyw/21-FaceId-0_align.webp,0.01715,1.0,0.1816679883847156
database3/database3/m.01400g/101-FaceId-0_align.webp,0.057026,0.0,0.2637698633869341
database3/database3/m.01400g/117-FaceId-0_align.webp,0.219786,0.0,0.2765991506447408
database3/database3/m.01400g/31-FaceId-0_align.webp,0.04717,0.0,0.2163861135698307
database3/database3/m.01400g/47-FaceId-0_align.webp,0.103943,0.0,0.2180578383102221
database3/database3/m.014029/72-FaceId-0_align.webp,0.164078,0.0,0.1923683551052368
database3/database3/m.0140ly/8-FaceId-0_align.webp,0.018837,1.0,0.1942784193941212
database3/database3/m.0140v2/84-FaceId-0_align.webp,0.185102,1.0,0.3473653878577047
database3/database3/m.0141qv/12-FaceId-0_align.webp,0.026897,1.0,0.2113059433083542
database3/database3/m.0142n8/3-FaceId-0_align.webp,0.193323,1.0,0.1690803499578849
database3/database3/m.0142n8/5-FaceId-0_align.webp,0.020679,1.0,0.223328881103961
database3/database3/m.0142sv/3-FaceId-0_align.webp,0.0,1.0,0.1539077259419656
database3/database3/m.0142sv/32-FaceId-0_align.webp,0.0,1.0,0.1602599268694023
database3/database3/m.01433m/64-FaceId-0_align.webp,0.03742,0.0,0.2810687126834181
database3/database3/m.0143sn/66-FaceId-0_align.webp,0.02374,1.0,0.2203862279382247
database3/database3/m.0143wl/30-FaceId-0_align.webp,0.034923,1.0,0.2305929091254888
database3/database3/m.0143wl/81-FaceId-0_align.webp,0.051966,1.0,0.2411671029926353
database3/database3/m.014488/3-FaceId-0_align.webp,0.020128,1.0,0.1939980687610671
database3/database3/m.01449w/57-FaceId-0_align.webp,0.017199,1.0,0.3135183438482062
database3/database3/m.01449w/80-FaceId-0_align.webp,0.016942,1.0,0.2573659048268354
database3/database3/m.01449w/99-FaceId-0_align.webp,0.011762,1.0,0.275532723135485
database3/database3/m.0144_b/77-FaceId-0_align.webp,0.037923,1.0,0.1800375459202429
database3/database3/m.0144_b/99-FaceId-0_align.webp,0.002226,1.0,0.1851565158510432
database3/database3/m.0144k5/45-FaceId-0_align.webp,0.060457,0.0,0.2125867483861023
database3/database3/m.0144k5/53-FaceId-0_align.webp,0.099321,0.0,0.2360626827751257
database3/database3/m.0144k5/58-FaceId-0_align.webp,0.088277,0.0,0.21262534804987
database3/database3/m.0144k5/85-FaceId-0_align.webp,0.078258,0.0,0.2291255847971849
database3/database3/m.014508/74-FaceId-0_align.webp,0.033711,1.0,0.2175708324277731
database3/database3/m.0146fs/16-FaceId-0_align.webp,0.00871,1.0,0.2021589986427959
database3/database3/m.0147cn/44-FaceId-0_align.webp,0.171045,1.0,0.2247690349002573
database3/database3/m.0147cn/79-FaceId-0_align.webp,0.059428,1.0,0.2424375151000283
database3/database3/m.0147jt/99-FaceId-0_align.webp,0.019999,1.0,0.2250452464671141
database3/database3/m.0147qz/78-FaceId-0_align.webp,0.010623,1.0,0.2208146963729166
database3/database3/m.01480y/76-FaceId-0_align.webp,0.0,1.0,0.1648927062532953
database3/database3/m.0148_m/52-FaceId-0_align.webp,0.01178,1.0,0.2449221330681567
database3/database3/m.0148m9/58-FaceId-0_align.webp,0.040365,1.0,0.1889939912306633
database3/database3/m.0148qq/63-FaceId-1_align.webp,0.082134,1.0,0.2804090391921469
database3/database3/m.0148x0/17-FaceId-0_align.webp,0.195787,0.0,0.2389617895264916
database3/database3/m.014902/18-FaceId-0_align.webp,0.02167,1.0,0.2295373591849826
database3/database3/m.01491d/96-FaceId-0_align.webp,0.018562,1.0,0.1890583070509353
database3/database3/m.014936/66-FaceId-0_align.webp,0.009581,0.0,0.2243562502832716
database3/database3/m.0149k5/29-FaceId-0_align.webp,0.022158,1.0,0.2151021885705062
database3/database3/m.0149k5/81-FaceId-0_align.webp,0.042078,1.0,0.2809414712743104
database3/database3/m.0149vp/23-FaceId-0_align.webp,0.153482,1.0,0.0722868698420685
database3/database3/m.0149vp/3-FaceId-0_align.webp,0.055794,1.0,0.2121407923195672
database3/database3/m.0149vp/63-FaceId-0_align.webp,0.126629,1.0,0.2330656967312062
database3/database3/m.0149wl/102-FaceId-0_align.webp,0.022928,1.0,0.2667839997520456
database3/database3/m.0149wl/45-FaceId-0_align.webp,0.024169,1.0,0.2956056977449248
database3/database3/m.0149xx/94-FaceId-0_align.webp,0.042337,1.0,0.254645543861962
database3/database3/m.014_1g/72-FaceId-0_align.webp,0.019311,0.0,0.22163214213509
database3/database3/m.014_1g/8-FaceId-0_align.webp,0.209769,0.0,0.2467689694491772
database3/database3/m.014_4y/6-FaceId-0_align.webp,0.048047,1.0,0.2168072685688122
database3/database3/m.014_sl/106-FaceId-0_align.webp,0.23715,0.0,0.2501988962739188
database3/database3/m.014_sl/74-FaceId-0_align.webp,0.390836,0.0,0.2147313657169964
database3/database3/m.014bn_/16-FaceId-0_align.webp,0.037637,1.0,0.199883022327237
database3/database3/m.014bn_/85-FaceId-1_align.webp,0.012813,1.0,0.2050461067385885
database3/database3/m.014bps/75-FaceId-0_align.webp,0.000105,1.0,0.2311715829821075
database3/database3/m.014byr/85-FaceId-0_align.webp,0.140079,1.0,0.2511281075975508
database3/database3/m.014bz_/33-FaceId-0_align.webp,0.044503,1.0,0.2266886456981645
database3/database3/m.014c0y/76-FaceId-0_align.webp,0.175143,1.0,0.224491746957956
database3/database3/m.014c40/62-FaceId-0_align.webp,0.041412,1.0,0.2784048208652825
database3/database3/m.014c40/70-FaceId-0_align.webp,0.059838,1.0,0.2110707004969574
database3/database3/m.014cq/6-FaceId-0_align.webp,0.092137,1.0,0.2044640353259397
database3/database3/m.014cq/86-FaceId-0_align.webp,0.009035,1.0,0.2254545977467302
database3/database3/m.014cw2/26-FaceId-0_align.webp,0.010138,1.0,0.2007448778181139
database3/database3/m.014cw2/50-FaceId-0_align.webp,0.006571,1.0,0.2026262314274337
database3/database3/m.014d0v/117-FaceId-0_align.webp,0.00171,1.0,0.1965468295478692
database3/database3/m.014d0v/5-FaceId-0_align.webp,0.0,1.0,0.1545436847443041
database3/database3/m.014d0v/76-FaceId-0_align.webp,0.001899,1.0,0.1952262268588821
database3/database3/m.014d15/7-FaceId-0_align.webp,0.067756,1.0,0.2324964632269729
database3/database3/m.014d3/12-FaceId-0_align.webp,0.002261,1.0,0.2052395374169818
database3/database3/m.014d3/72-FaceId-0_align.webp,0.018566,1.0,0.198651594980989
database3/database3/m.014d3y/82-FaceId-0_align.webp,0.033512,0.0,0.5770148623500901
database3/database3/m.014dg1/103-FaceId-0_align.webp,0.026524,1.0,0.2060674252977419
database3/database3/m.014dg1/51-FaceId-0_align.webp,0.001679,1.0,0.2298797548144176
database3/database3/m.014dg1/65-FaceId-0_align.webp,0.0,1.0,0.1585719865358656
database3/database3/m.014dg1/7-FaceId-0_align.webp,0.01106,1.0,0.2327902461451161
database3/database3/m.014dg1/86-FaceId-0_align.webp,0.019596,1.0,0.2193620397876034
database3/database3/m.014dm6/105-FaceId-0_align.webp,0.23153,1.0,0.2277254496730144
database3/database3/m.014dy_/50-FaceId-0_align.webp,0.069776,1.0,0.1586539406099314
database3/database3/m.014dy_/73-FaceId-0_align.webp,0.01239,1.0,0.1996422813287502
database3/database3/m.014f8k/25-FaceId-0_align.webp,0.24634,0.0,0.2138018851902726
database3/database3/m.014f8k/9-FaceId-0_align.webp,0.182534,0.0,0.2147991673370636
database3/database3/m.014fcb/0-FaceId-0_align.webp,0.028343,1.0,0.217039275534848
database3/database3/m.014fd7/98-FaceId-0_align.webp,0.096652,1.0,0.2245907354437615
database3/database3/m.014g17/1-FaceId-0_align.webp,0.005705,1.0,0.2236250786625752
database3/database3/m.014g17/9-FaceId-0_align.webp,0.079641,1.0,0.2823315218358587
database3/database3/m.014g22/90-FaceId-0_align.webp,0.35161,0.0,0.2616960598219935
database3/database3/m.014g6c/86-FaceId-0_align.webp,0.02888,1.0,0.2238297356125949
database3/database3/m.014g6v/43-FaceId-0_align.webp,0.001902,1.0,0.198359915198797
database3/database3/m.014g79/86-FaceId-0_align.webp,0.049609,1.0,0.2232591496428042
database3/database3/m.014g8p/48-FaceId-0_align.webp,0.000256,1.0,0.2581184773050869
database3/database3/m.014g9y/12-FaceId-0_align.webp,0.038159,0.0,0.2271744036568696
database3/database3/m.014g_f/26-FaceId-0_align.webp,0.000817,1.0,0.1353862462982085
database3/database3/m.014g_f/35-FaceId-0_align.webp,0.001771,1.0,0.2064725606026404
database3/database3/m.014gf8/102-FaceId-0_align.webp,0.00204,1.0,0.4555486704192427
database3/database3/m.014gf8/28-FaceId-0_align.webp,0.018311,1.0,0.1841186655325272
database3/database3/m.014gf8/69-FaceId-0_align.webp,0.050273,1.0,0.2105902811244608
database3/database3/m.014gf8/9-FaceId-0_align.webp,0.034223,1.0,0.2067409617791336
database3/database3/m.014gsd/79-FaceId-0_align.webp,0.118598,1.0,0.2405387698458444
database3/database3/m.014h_s/80-FaceId-0_align.webp,0.173494,0.0,0.2325388320009064
database3/database3/m.014hlm/54-FaceId-0_align.webp,0.078394,0.0,0.2130224575554232
database3/database3/m.014hmv/53-FaceId-1_align.webp,0.0,1.0,0.2096795667835316
database3/database3/m.014j8m/72-FaceId-0_align.webp,0.0057,1.0,0.226863788712754
database3/database3/m.014jb8/10-FaceId-0_align.webp,0.009911,1.0,0.3151554172952473
database3/database3/m.014jk0/16-FaceId-0_align.webp,0.026202,1.0,0.2794489356647808
database3/database3/m.014jk0/61-FaceId-0_align.webp,0.011335,1.0,0.4101596300134139
database3/database3/m.014jk0/74-FaceId-0_align.webp,0.003357,1.0,0.3495512064124374
database3/database3/m.014jxq/20-FaceId-0_align.webp,0.165895,0.0,0.2360721520323123
database3/database3/m.014jxq/43-FaceId-0_align.webp,0.136492,0.0,0.1851861387665478
database3/database3/m.014jy6/23-FaceId-0_align.webp,0.150311,1.0,0.3271441772849927
database3/database3/m.014jy6/50-FaceId-0_align.webp,0.042148,1.0,0.210531534154775
database3/database3/m.014jy6/97-FaceId-0_align.webp,0.061362,1.0,0.2877801889014971
database3/database3/m.014k1v/95-FaceId-3_align.webp,0.133686,1.0,0.2671387113613729
database3/database3/m.014k2p/25-FaceId-0_align.webp,0.315824,1.0,0.2461740772159713
database3/database3/m.014kbz/16-FaceId-0_align.webp,0.028027,1.0,0.214015934801692
database3/database3/m.014kbz/22-FaceId-0_align.webp,0.028933,1.0,0.2209859616934769
database3/database3/m.014kbz/81-FaceId-0_align.webp,0.006506,1.0,0.2236581893359205
database3/database3/m.014kxv/1-FaceId-0_align.webp,0.013313,1.0,0.198793495239744
database3/database3/m.014kxv/11-FaceId-0_align.webp,0.053384,1.0,0.1759789600503792
database3/database3/m.014lb1/14-FaceId-2_align.webp,0.000111,0.0,0.1793839951766642
database3/database3/m.014lb1/47-FaceId-0_align.webp,0.167631,0.0,0.2143316246566364
database3/database3/m.014lb1/62-FaceId-1_align.webp,0.053145,0.0,0.2037318095887879
database3/database3/m.014lyb/65-FaceId-0_align.webp,0.056831,1.0,0.207163195069418
database3/database3/m.014m_1/70-FaceId-0_align.webp,0.018552,1.0,0.2073458985228085
database3/database3/m.014mvy/17-FaceId-0_align.webp,0.196734,1.0,0.2846737242316512
database3/database3/m.014mvy/58-FaceId-0_align.webp,0.218895,1.0,0.2945704919556424
database3/database3/m.014n_k/48-FaceId-0_align.webp,0.006557,1.0,0.2176032955257078
database3/database3/m.014n_k/70-FaceId-0_align.webp,0.029858,1.0,0.2031363813553626
database3/database3/m.014nfw/87-FaceId-0_align.webp,0.123499,0.0,0.2146258978333598
database3/database3/m.014p33/83-FaceId-2_align.webp,0.084076,0.0,0.198346196213668
database3/database3/m.014p33/87-FaceId-0_align.webp,0.07546,0.0,0.2117241709700101
database3/database3/m.014ptb/14-FaceId-1_align.webp,0.016295,1.0,0.2442529428494226
database3/database3/m.014ptb/5-FaceId-0_align.webp,0.001038,1.0,0.2892193423970891
database3/database3/m.014ptb/50-FaceId-0_align.webp,0.185526,1.0,0.200490340563779
database3/database3/m.014pxk/118-FaceId-0_align.webp,0.227914,1.0,0.2680940049385631
database3/database3/m.014pys/19-FaceId-0_align.webp,0.047245,1.0,0.2958109552737583
database3/database3/m.014pzz/110-FaceId-0_align.webp,0.13041,0.0,0.2086291084242413
database3/database3/m.014qjt/47-FaceId-0_align.webp,0.002851,1.0,0.2220728334822383
database3/database3/m.014r6r/81-FaceId-0_align.webp,0.091441,0.0,0.1965441141655615
database3/database3/m.014s81/3-FaceId-0_align.webp,0.077926,1.0,0.221064672087466
database3/database3/m.014sj7/7-FaceId-0_align.webp,0.074577,1.0,0.2475655956133481
database3/database3/m.014skb/4-FaceId-0_align.webp,0.096076,0.0,0.2163184231744183
database3/database3/m.014skb/53-FaceId-0_align.webp,0.075066,0.0,0.2079020196812447
database3/database3/m.014skb/55-FaceId-0_align.webp,0.080414,0.0,0.2196045413310122
database3/database3/m.014v1q/8-FaceId-1_align.webp,0.038359,1.0,0.2429084914229461
database3/database3/m.014v6x/16-FaceId-0_align.webp,0.159906,0.0,0.2102120171803976
database3/database3/m.014v6x/20-FaceId-0_align.webp,0.306955,0.0,0.2331787375505221
database3/database3/m.014v6x/88-FaceId-0_align.webp,0.075191,0.0,0.1923650665952137
database3/database3/m.014vbq/60-FaceId-0_align.webp,0.005701,1.0,0.2588679426622057
database3/database3/m.014vnb/46-FaceId-0_align.webp,0.027126,1.0,0.2044850126851382
database3/database3/m.014vnb/51-FaceId-0_align.webp,0.043084,1.0,0.196883433347728
database3/database3/m.014vtj/100-FaceId-0_align.webp,0.000679,1.0,0.2132648744652475
database3/database3/m.014wsb/38-FaceId-0_align.webp,0.106862,1.0,0.2137544229622544
database3/database3/m.014x0w/28-FaceId-0_align.webp,0.353028,0.0,0.3894181599362356
database3/database3/m.014x0w/74-FaceId-0_align.webp,0.177523,0.0,0.2199786265584717
database3/database3/m.014x0w/96-FaceId-0_align.webp,0.217684,0.0,0.236465810422821
database3/database3/m.014xn7/100-FaceId-0_align.webp,0.007084,1.0,0.1743215036151691
database3/database3/m.014xn7/42-FaceId-0_align.webp,0.003105,1.0,0.1890178939836861
database3/database3/m.014xr2/5-FaceId-0_align.webp,0.387134,0.0,0.3017185344021588
database3/database3/m.014xr2/87-FaceId-0_align.webp,0.341771,0.0,0.261417902274401
database3/database3/m.014xzx/93-FaceId-0_align.webp,0.351892,1.0,0.2640728718180455
database3/database3/m.014y6/74-FaceId-0_align.webp,0.012495,1.0,0.2124913136477597
database3/database3/m.014y6/95-FaceId-0_align.webp,0.006882,1.0,0.2292641948530202
database3/database3/m.014y7g/1-FaceId-0_align.webp,0.005692,1.0,0.1974663387465561
database3/database3/m.014z8v/77-FaceId-0_align.webp,0.004141,1.0,0.2032416541993901
database3/database3/m.014zfs/76-FaceId-0_align.webp,0.024924,1.0,0.1995359849447498
database3/database3/m.014zxh/99-FaceId-0_align.webp,0.008633,1.0,0.3394140469279502
database3/database3/m.014zy/105-FaceId-0_align.webp,0.175949,1.0,0.2696118985223523
database3/database3/m.014zy/22-FaceId-0_align.webp,0.048224,1.0,0.2458615868465175
database3/database3/m.014zy/56-FaceId-0_align.webp,0.135716,1.0,0.3411111250998457
database3/database3/m.015076/99-FaceId-0_align.webp,0.0064,1.0,0.2880809883885959
database3/database3/m.01507p/0-FaceId-0_align.webp,0.067522,1.0,0.2295422424191365
database3/database3/m.01509x/60-FaceId-0_align.webp,0.015557,1.0,0.2216963929798168
database3/database3/m.0150bp/103-FaceId-0_align.webp,0.041675,0.0,0.1935171572438148
database3/database3/m.0150j5/31-FaceId-0_align.webp,0.003889,1.0,0.1740647733594102
database3/database3/m.0150j5/4-FaceId-0_align.webp,0.006229,1.0,0.1939732082728413
database3/database3/m.0150j5/71-FaceId-0_align.webp,0.062123,1.0,0.2023725162340729
database3/database3/m.0150j5/81-FaceId-0_align.webp,0.001136,1.0,0.1478960064272867
database3/database3/m.0150j5/86-FaceId-0_align.webp,0.002669,1.0,0.1864056904610339
database3/database3/m.0150m1/111-FaceId-0_align.webp,0.023781,1.0,0.2467690654428028
database3/database3/m.0150m1/13-FaceId-0_align.webp,0.071346,1.0,0.2224349021507146
database3/database3/m.0150mg/0-FaceId-0_align.webp,0.057671,1.0,0.3334337337125723
database3/database3/m.0150mg/69-FaceId-0_align.webp,0.220147,1.0,0.2439251656128035
database3/database3/m.0150mg/88-FaceId-0_align.webp,0.14546,1.0,0.2291479038721589
database3/database3/m.0150mg/97-FaceId-0_align.webp,0.078806,1.0,0.2322526125493503
database3/database3/m.0150rl/42-FaceId-0_align.webp,0.016396,0.0,0.1887338191013893
database3/database3/m.0150t6/36-FaceId-0_align.webp,0.017669,1.0,0.1975953309750667
database3/database3/m.0150t6/41-FaceId-0_align.webp,0.022058,1.0,0.1869463905060178
database3/database3/m.0150t6/63-FaceId-0_align.webp,0.015119,1.0,0.2146496543787833
database3/database3/m.01519n/21-FaceId-0_align.webp,0.389316,0.0,0.2947902221512944
database3/database3/m.01519n/69-FaceId-0_align.webp,0.017235,0.0,0.2295080967473025
database3/database3/m.0151fv/54-FaceId-0_align.webp,0.017876,0.0,0.1907469444153399
database3/database3/m.0151fv/90-FaceId-0_align.webp,0.296844,0.0,0.2434342971628607
database3/database3/m.0151fv/94-FaceId-0_align.webp,0.121468,0.0,0.2785807706953433
database3/database3/m.0151n1/16-FaceId-0_align.webp,0.044648,1.0,0.2203289501545327
database3/database3/m.0151n1/26-FaceId-0_align.webp,0.101903,1.0,0.2392893212914791
database3/database3/m.0151n1/29-FaceId-0_align.webp,0.049938,1.0,0.2541049066009427
database3/database3/m.0151n1/36-FaceId-0_align.webp,0.038201,1.0,0.237000947539718
database3/database3/m.0151n1/53-FaceId-0_align.webp,0.021607,1.0,0.2596390768804251
database3/database3/m.0151p8/29-FaceId-0_align.webp,0.003452,1.0,0.1734317884552618
database3/database3/m.0151xv/30-FaceId-0_align.webp,0.007121,1.0,0.2191158463678536
database3/database3/m.0151xv/44-FaceId-0_align.webp,0.021629,1.0,0.2197060429552007
database3/database3/m.0151xv/88-FaceId-0_align.webp,0.006779,1.0,0.2350641381228859
database3/database3/m.0151zx/92-FaceId-0_align.webp,0.043036,1.0,0.2609082746461599
database3/database3/m.0152cw/42-FaceId-0_align.webp,0.083199,0.0,0.2118868889457046
database3/database3/m.0152xn/72-FaceId-0_align.webp,0.043462,1.0,0.2455032855357034
database3/database3/m.015302/4-FaceId-0_align.webp,0.000416,1.0,0.1784371373330862
database3/database3/m.0153dp/1-FaceId-0_align.webp,0.039324,1.0,0.2221064767579803
database3/database3/m.0153dp/88-FaceId-0_align.webp,0.057869,1.0,0.1913990805381621
database3/database3/m.0153vt/1-FaceId-0_align.webp,0.335303,1.0,0.2236645517366278
database3/database3/m.0153vt/81-FaceId-0_align.webp,0.087285,1.0,0.2418700692326321
database3/database3/m.0153y1/16-FaceId-0_align.webp,0.166114,0.0,0.2244335219781665
database3/database3/m.01541z/117-FaceId-0_align.webp,0.111734,0.0,0.2109787855420813
database3/database3/m.01547g/3-FaceId-0_align.webp,0.153164,0.0,0.2203809709692628
database3/database3/m.01547g/73-FaceId-0_align.webp,0.246081,0.0,0.217568144527985
database3/database3/m.0154d7/52-FaceId-0_align.webp,0.115018,1.0,0.2395588990079575
database3/database3/m.0154ff/10-FaceId-0_align.webp,0.121913,0.0,0.2049203913815883
database3/database3/m.0154hr/101-FaceId-0_align.webp,0.090433,0.0,0.2341076094718349
database3/database3/m.0154hr/109-FaceId-0_align.webp,0.038439,0.0,0.2432048825942582
database3/database3/m.0154hr/18-FaceId-0_align.webp,0.07836,0.0,0.2597888960930561
database3/database3/m.0154hr/28-FaceId-0_align.webp,0.045785,0.0,0.2143602243841856
database3/database3/m.0154s9/24-FaceId-0_align.webp,0.052837,1.0,0.1965841927245088
database3/database3/m.0154x6/57-FaceId-0_align.webp,0.061779,0.0,0.2059897585870536
database3/database3/m.01552j/40-FaceId-0_align.webp,0.017747,1.0,0.1985385006624221
database3/database3/m.01558d/79-FaceId-0_align.webp,0.014812,1.0,0.1561162308704062
database3/database3/m.01558d/8-FaceId-0_align.webp,0.124089,1.0,0.1925638396132643
database3/database3/m.0155zp/26-FaceId-0_align.webp,0.000547,1.0,0.1976315210008708
database3/database3/m.0155zp/7-FaceId-0_align.webp,0.015991,1.0,0.2040597901488406
database3/database3/m.0155zp/79-FaceId-0_align.webp,0.02849,1.0,0.2583854221028242
database3/database3/m.0155zp/88-FaceId-0_align.webp,0.072148,1.0,0.2135274949491955
database3/database3/m.0156dg/11-FaceId-0_align.webp,0.153809,0.0,0.2542304347924516
database3/database3/m.0156dg/2-FaceId-0_align.webp,0.144571,0.0,0.2646789981614437
database3/database3/m.0156y1/31-FaceId-0_align.webp,0.047284,1.0,0.2122451303503998
database3/database3/m.01574b/45-FaceId-0_align.webp,0.070647,0.0,0.2289548093868558
database3/database3/m.015796/86-FaceId-0_align.webp,0.081944,0.0,0.2215990735765554
database3/database3/m.0157m/20-FaceId-0_align.webp,0.028257,1.0,0.1786201853111734
database3/database3/m.0157m/24-FaceId-0_align.webp,0.028454,1.0,0.1966897549604582
database3/database3/m.0157m/25-FaceId-0_align.webp,0.020124,1.0,0.1953556934859089
database3/database3/m.0157m/73-FaceId-0_align.webp,0.033963,1.0,0.2167609659813428
database3/database3/m.0157r6/22-FaceId-1_align.webp,0.0,1.0,0.2579962346670625
database3/database3/m.0157ry/29-FaceId-0_align.webp,0.027582,1.0,0.217433421486386
database3/database3/m.015882/17-FaceId-0_align.webp,0.396178,0.0,0.2393992619377264
database3/database3/m.015882/20-FaceId-0_align.webp,0.380878,0.0,0.2590396082698157
database3/database3/m.015882/75-FaceId-0_align.webp,0.386665,0.0,0.2649115139762429
database3/database3/m.0158r2/73-FaceId-0_align.webp,0.173377,0.0,0.2185040126598995
database3/database3/m.01598m/79-FaceId-0_align.webp,0.475474,0.0,0.2566246679061789
database3/database3/m.0159wm/104-FaceId-0_align.webp,0.007308,1.0,0.160291325585812
database3/database3/m.0159wm/9-FaceId-0_align.webp,0.002891,1.0,0.1420282990703375
database3/database3/m.015_44/31-FaceId-0_align.webp,0.062168,0.0,0.2026366392297606
database3/database3/m.015_44/64-FaceId-0_align.webp,0.356589,0.0,0.276044801374172
database3/database3/m.015_44/84-FaceId-0_align.webp,0.3229,0.0,0.2768784525433414
database3/database3/m.015b67/34-FaceId-0_align.webp,0.034996,1.0,0.2053464849768034
database3/database3/m.015bhj/103-FaceId-1_align.webp,0.041754,1.0,0.0
database3/database3/m.015bhj/70-FaceId-0_align.webp,0.00385,1.0,0.2007533910711372
database3/database3/m.015bnf/68-FaceId-0_align.webp,0.066968,0.0,0.2125799017977749
database3/database3/m.015brk/18-FaceId-0_align.webp,0.023166,1.0,0.2215169611641296
database3/database3/m.015bw2/110-FaceId-0_align.webp,0.01319,1.0,0.2135465357775801
database3/database3/m.015bw2/40-FaceId-0_align.webp,0.013047,1.0,0.2347651134312181
database3/database3/m.015bw2/68-FaceId-0_align.webp,0.00956,1.0,0.2351940615087657
database3/database3/m.015c2f/3-FaceId-0_align.webp,0.072717,0.0,0.2063974021995943
database3/database3/m.015c2f/47-FaceId-0_align.webp,0.01548,0.0,0.2270850598324887
database3/database3/m.015c2f/49-FaceId-0_align.webp,0.031524,0.0,0.2197926769516863
database3/database3/m.015c2f/8-FaceId-0_align.webp,0.126031,0.0,0.2249434728471569
database3/database3/m.015c4g/7-FaceId-0_align.webp,0.000573,1.0,0.2024977046411703
database3/database3/m.015c4g/83-FaceId-0_align.webp,0.000391,1.0,0.1814366483391935
database3/database3/m.015cyn/17-FaceId-0_align.webp,0.046212,1.0,0.2076751548597117
database3/database3/m.015cyn/5-FaceId-0_align.webp,0.152464,1.0,0.1809649407849428
database3/database3/m.015czg/24-FaceId-0_align.webp,0.141052,1.0,0.222529102709368
database3/database3/m.015d2r/66-FaceId-0_align.webp,0.064087,1.0,0.3586547057697328
database3/database3/m.015d2r/86-FaceId-0_align.webp,0.029999,1.0,0.2148350683073221
database3/database3/m.015dcj/83-FaceId-0_align.webp,0.023385,1.0,0.2241295309738581
database3/database3/m.015dgg/80-FaceId-0_align.webp,0.001775,1.0,0.2350506078455422
database3/database3/m.015djp/24-FaceId-0_align.webp,0.0,1.0,0.1742566460215818
database3/database3/m.015djp/27-FaceId-0_align.webp,0.037685,1.0,0.2218164773624683
database3/database3/m.015dk3/22-FaceId-0_align.webp,0.027592,1.0,0.1828164108058683
database3/database3/m.015dnt/38-FaceId-0_align.webp,0.001692,1.0,0.2340969712622308
database3/database3/m.015dnt/42-FaceId-1_align.webp,0.102539,1.0,0.1488599698438366
database3/database3/m.015dqj/29-FaceId-0_align.webp,0.034796,1.0,0.2177932005436287
database3/database3/m.015dsz/54-FaceId-1_align.webp,0.002756,1.0,0.1853147663124455
database3/database3/m.015dx/106-FaceId-0_align.webp,0.065832,0.0,0.214047632081087
database3/database3/m.015dx/112-FaceId-0_align.webp,0.282009,0.0,0.2296454524667495
database3/database3/m.015dx/117-FaceId-0_align.webp,0.154935,0.0,0.1951474469738498
database3/database3/m.015dx/16-FaceId-0_align.webp,0.065933,0.0,0.2295193151496381
database3/database3/m.015dx/75-FaceId-0_align.webp,0.127561,0.0,0.2411480427207575
database3/database3/m.015dz8/51-FaceId-0_align.webp,0.051527,1.0,0.2148235918271314
database3/database3/m.015f6_/9-FaceId-0_align.webp,0.050822,1.0,0.2220053319336255
database3/database3/m.015fxn/110-FaceId-1_align.webp,0.050721,0.0,0.2074169402841599
database3/database3/m.015fyd/19-FaceId-0_align.webp,0.055834,0.0,0.2159131112069933
database3/database3/m.015g36/86-FaceId-0_align.webp,0.010069,0.0,0.2067055762393606
database3/database3/m.015g98/4-FaceId-0_align.webp,0.031227,1.0,0.2369505905560359
database3/database3/m.015g_7/108-FaceId-0_align.webp,0.075445,1.0,0.2125042870919497
database3/database3/m.015ghl/29-FaceId-0_align.webp,0.035495,0.0,0.2065587972022587
database3/database3/m.015ghl/58-FaceId-0_align.webp,0.114793,0.0,0.1744641940195717
database3/database3/m.015ghl/7-FaceId-0_align.webp,0.022651,0.0,0.1891716535804213
database3/database3/m.015gjr/36-FaceId-0_align.webp,0.054888,1.0,0.2131906643980414
database3/database3/m.015gjr/40-FaceId-0_align.webp,0.045893,1.0,0.1836160047152167
database3/database3/m.015gjr/84-FaceId-0_align.webp,0.042274,1.0,0.3266942537433666
database3/database3/m.015gqm/96-FaceId-1_align.webp,0.236979,1.0,0.2520208044917833
database3/database3/m.015grj/83-FaceId-0_align.webp,0.0,1.0,0.1795469656359559
database3/database3/m.015grj/95-FaceId-0_align.webp,0.006074,1.0,0.1707051875735977
database3/database3/m.015grj/98-FaceId-0_align.webp,0.00126,1.0,0.1484524487641982
database3/database3/m.015gsv/100-FaceId-0_align.webp,0.087077,1.0,0.2372377525135638
database3/database3/m.015gsv/72-FaceId-0_align.webp,0.017745,1.0,0.2114528738695674
database3/database3/m.015gx1/70-FaceId-0_align.webp,0.056653,1.0,0.2132707156039351
database3/database3/m.015gy7/28-FaceId-0_align.webp,0.011386,1.0,0.2282639762773538
database3/database3/m.015gzc/94-FaceId-0_align.webp,0.077714,1.0,0.2126885484173551
database3/database3/m.015h25/3-FaceId-0_align.webp,0.001481,1.0,0.1717342780815329
database3/database3/m.015h7y/30-FaceId-0_align.webp,0.014431,1.0,0.2242802369229156
database3/database3/m.015htz/46-FaceId-0_align.webp,0.135648,0.0,0.2124919748896256
database3/database3/m.015j58/58-FaceId-0_align.webp,0.016994,1.0,0.2122769208314191
database3/database3/m.015j6h/20-FaceId-0_align.webp,0.005265,1.0,0.2229400261511452
database3/database3/m.015j6h/37-FaceId-0_align.webp,0.094841,1.0,0.2521333508814302
database3/database3/m.015j6y/47-FaceId-0_align.webp,0.10488,0.0,0.2512258974627498
database3/database3/m.015j6y/5-FaceId-0_align.webp,0.085053,0.0,0.206144486311041
database3/database3/m.015j6y/73-FaceId-1_align.webp,0.12413,0.0,0.2174631589801633
database3/database3/m.015j8x/17-FaceId-0_align.webp,0.049084,1.0,0.2298089268545416
database3/database3/m.015j8x/42-FaceId-0_align.webp,0.021866,1.0,0.2884662656571975
database3/database3/m.015jjw/46-FaceId-0_align.webp,0.068702,1.0,0.2698675509816849
database3/database3/m.015jjw/69-FaceId-0_align.webp,0.113403,1.0,0.2802660698897225
database3/database3/m.015jvm/105-FaceId-0_align.webp,0.006549,1.0,0.1906235719680432
database3/database3/m.015jvm/32-FaceId-0_align.webp,0.01088,1.0,0.184237139135409
database3/database3/m.015jvm/85-FaceId-0_align.webp,0.111985,1.0,0.2419729915710646
database3/database3/m.015k04/104-FaceId-0_align.webp,0.087765,0.0,0.1901162249121327
database3/database3/m.015k04/33-FaceId-0_align.webp,0.019732,0.0,0.2219619311868669
database3/database3/m.015k04/68-FaceId-0_align.webp,0.032064,0.0,0.2163375632785883
database3/database3/m.015k9x/19-FaceId-0_align.webp,0.079615,0.0,0.2129365784201412
database3/database3/m.015k9x/84-FaceId-0_align.webp,0.154994,0.0,0.6344965121989139
database3/database3/m.015kbd/21-FaceId-0_align.webp,0.030994,1.0,0.185716789793355
database3/database3/m.015kbd/80-FaceId-0_align.webp,0.061754,1.0,0.3898356031892069
database3/database3/m.015khm/4-FaceId-0_align.webp,0.027803,1.0,0.1559060567238758
database3/database3/m.015klf/75-FaceId-0_align.webp,0.0,1.0,0.160854035274111
database3/database3/m.015ksl/24-FaceId-0_align.webp,0.23069,1.0,0.2127478888142725
database3/database3/m.015ksl/26-FaceId-1_align.webp,0.043132,1.0,0.3749072561002209
database3/database3/m.015ksl/31-FaceId-0_align.webp,0.096817,1.0,0.2152599182290402
database3/database3/m.015ksl/72-FaceId-0_align.webp,0.014945,1.0,0.2140094004758964
database3/database3/m.015ksy/70-FaceId-0_align.webp,0.064697,1.0,0.2036371075011526
database3/database3/m.015ksy/90-FaceId-0_align.webp,0.039383,1.0,0.2038115994240654
database3/database3/m.015kt_/7-FaceId-0_align.webp,0.084368,1.0,0.1914821726167482
database3/database3/m.015l1l/126-FaceId-0_align.webp,0.0,1.0,0.1459739835439159
database3/database3/m.015l51/58-FaceId-0_align.webp,0.077217,1.0,0.1917259835131378
database3/database3/m.015lg2/3-FaceId-0_align.webp,0.081487,1.0,0.3303288907692123
database3/database3/m.015m2c/35-FaceId-0_align.webp,0.111821,0.0,0.3130702148179408
database3/database3/m.015m2c/62-FaceId-0_align.webp,0.107098,0.0,0.2982070573233381
database3/database3/m.015m2c/96-FaceId-0_align.webp,0.077293,0.0,0.3147655948551703
database3/database3/m.015m2v/50-FaceId-0_align.webp,0.014038,1.0,0.1956483066389266
database3/database3/m.015m_9/103-FaceId-0_align.webp,0.203457,0.0,0.2606160047772037
database3/database3/m.015m_9/23-FaceId-0_align.webp,0.194385,0.0,0.2138080939126712
database3/database3/m.015mfy/124-FaceId-0_align.webp,0.011509,1.0,0.2980392091275177
database3/database3/m.015mfy/44-FaceId-0_align.webp,0.015486,1.0,0.3124302961004626
database3/database3/m.015ncq/12-FaceId-0_align.webp,0.097302,0.0,0.2165830420486334
database3/database3/m.015ncq/15-FaceId-0_align.webp,0.108176,0.0,0.2185680150773769
database3/database3/m.015ncq/43-FaceId-0_align.webp,0.173231,0.0,0.2816693381819251
database3/database3/m.015nr6/10-FaceId-0_align.webp,0.135309,0.0,0.1952439548973172
database3/database3/m.015nxw/46-FaceId-0_align.webp,0.033616,1.0,0.2164418407602418
database3/database3/m.015nz8/33-FaceId-0_align.webp,0.258768,1.0,0.2144822050641172
database3/database3/m.015p0c/3-FaceId-0_align.webp,0.047687,1.0,0.1877955058844045
database3/database3/m.015p37/5-FaceId-0_align.webp,0.024022,0.0,0.3319033995947153
database3/database3/m.015p3p/83-FaceId-3_align.webp,0.095309,1.0,0.2772842081537774
database3/database3/m.015p_p/4-FaceId-0_align.webp,0.041582,1.0,0.3319568718093252
database3/database3/m.015ph6/52-FaceId-0_align.webp,0.019715,1.0,0.2009566004568249
database3/database3/m.015ph6/9-FaceId-0_align.webp,0.017184,1.0,0.1717161985241102
database3/database3/m.015phm/91-FaceId-0_align.webp,0.017375,1.0,0.1681221932153042
database3/database3/m.015pqq/24-FaceId-0_align.webp,0.179784,0.0,0.2201896800117659
database3/database3/m.015pqq/66-FaceId-0_align.webp,0.136121,0.0,0.3008332335396074
database3/database3/m.015pqq/87-FaceId-0_align.webp,0.018013,0.0,0.2261795750930454
database3/database3/m.015pt7/51-FaceId-0_align.webp,0.127322,1.0,0.2497874742803992
database3/database3/m.015pt7/58-FaceId-0_align.webp,0.035197,1.0,0.2034736250179201
database3/database3/m.015pt7/60-FaceId-0_align.webp,0.049196,1.0,0.2775269785149086
database3/database3/m.015pvh/112-FaceId-0_align.webp,0.330281,0.0,0.2454333438267542
database3/database3/m.015px7/44-FaceId-0_align.webp,0.034165,1.0,0.2034956759270375
database3/database3/m.015px7/91-FaceId-0_align.webp,0.015722,1.0,0.2300693151467376
database3/database3/m.015pxr/76-FaceId-0_align.webp,0.013737,1.0,0.2062411889652305
database3/database3/m.015pxr/85-FaceId-0_align.webp,0.04711,1.0,0.2286299600857197
database3/database3/m.015pz3/26-FaceId-0_align.webp,0.029214,1.0,0.221533035040335
database3/database3/m.015q3m/88-FaceId-0_align.webp,0.02977,1.0,0.1763475634903034
database3/database3/m.015q43/44-FaceId-0_align.webp,0.14431,0.0,0.2324674074748376
database3/database3/m.015q43/83-FaceId-0_align.webp,0.202776,0.0,0.2537964123790355
database3/database3/m.015q7v/66-FaceId-0_align.webp,0.123951,1.0,0.2273958263272173
database3/database3/m.015q7v/70-FaceId-0_align.webp,0.084162,1.0,0.2265946026954709
database3/database3/m.015q7v/74-FaceId-0_align.webp,0.166774,1.0,0.3374615111804434
database3/database3/m.015q7v/95-FaceId-0_align.webp,0.114436,1.0,0.2036400712499391
database3/database3/m.015q9_/38-FaceId-0_align.webp,0.073529,1.0,0.2344175118750448
database3/database3/m.015q9_/55-FaceId-0_align.webp,0.228226,1.0,0.233942486983651
database3/database3/m.015qgb/80-FaceId-0_align.webp,0.240744,0.0,0.2683009297366497
database3/database3/m.015ql4/49-FaceId-0_align.webp,0.010843,1.0,0.2066866520614492
database3/database3/m.015ql_/79-FaceId-0_align.webp,0.076307,0.0,0.235469629123095
database3/database3/m.015qlm/10-FaceId-0_align.webp,0.050821,0.0,0.2251272277015664
database3/database3/m.015qlm/70-FaceId-0_align.webp,0.030997,0.0,0.2248620890455304
database3/database3/m.015qpn/63-FaceId-0_align.webp,0.366396,1.0,0.1836238104161222
database3/database3/m.015qq1/36-FaceId-0_align.webp,0.022633,1.0,0.190482320445731
database3/database3/m.015qty/73-FaceId-0_align.webp,0.019129,1.0,0.1837386482878073
database3/database3/m.015qty/74-FaceId-0_align.webp,0.007618,1.0,0.2065608530833044
database3/database3/m.015qv9/29-FaceId-0_align.webp,0.006101,1.0,0.2130720778170207
database3/database3/m.015qxn/75-FaceId-0_align.webp,0.029389,1.0,0.1777902014847637
database3/database3/m.015qxn/81-FaceId-0_align.webp,0.000968,1.0,0.2649925445960429
database3/database3/m.015qyf/14-FaceId-0_align.webp,0.032701,1.0,0.2194567652299152
database3/database3/m.015qzv/12-FaceId-0_align.webp,0.03298,1.0,0.3230001875513186
database3/database3/m.015qzv/45-FaceId-0_align.webp,0.048204,1.0,0.3037415708628834
database3/database3/m.015qzv/55-FaceId-0_align.webp,0.094832,1.0,0.3655220415163385
database3/database3/m.015qzv/57-FaceId-0_align.webp,0.068867,1.0,0.2412222286136143
database3/database3/m.015r3q/35-FaceId-0_align.webp,0.001755,1.0,0.3099561941581972
database3/database3/m.015r4v/28-FaceId-0_align.webp,0.015627,1.0,0.2309799396917983
database3/database3/m.015rhv/21-FaceId-0_align.webp,0.274759,1.0,0.2910871284648256
database3/database3/m.015rmq/88-FaceId-0_align.webp,0.016982,1.0,0.1987569750105093
database3/database3/m.015t_m/31-FaceId-0_align.webp,0.0851,1.0,0.1464748373536247
database3/database3/m.015thk/1-FaceId-0_align.webp,0.117609,1.0,0.2085921671889056
database3/database3/m.015thk/47-FaceId-0_align.webp,0.223814,1.0,0.2871702074956758
database3/database3/m.015thk/89-FaceId-0_align.webp,0.010677,1.0,0.3109396068920432
database3/database3/m.015tp7/25-FaceId-0_align.webp,0.089928,1.0,0.2201255167384415
database3/database3/m.015tp7/4-FaceId-0_align.webp,0.078982,1.0,0.2267528137204915
database3/database3/m.015tv5/22-FaceId-0_align.webp,0.009031,1.0,0.2108214710010377
database3/database3/m.015tv5/54-FaceId-0_align.webp,0.027498,1.0,0.2123949517175608
database3/database3/m.015tyq/50-FaceId-0_align.webp,0.029346,1.0,0.2541678105518868
database3/database3/m.015tyq/63-FaceId-0_align.webp,0.05956,1.0,0.3279520562269956
database3/database3/m.015v98/49-FaceId-0_align.webp,0.062142,0.0,0.2306814075201412
database3/database3/m.015v98/79-FaceId-0_align.webp,0.070144,0.0,0.2280754676482754
database3/database3/m.015vql/63-FaceId-0_align.webp,0.02634,1.0,0.2307686542981193
database3/database3/m.015vyh/54-FaceId-0_align.webp,0.020372,1.0,0.2063197158408203
database3/database3/m.015wfg/59-FaceId-0_align.webp,0.021245,1.0,0.2220932721564538
database3/database3/m.015wfy/41-FaceId-0_align.webp,0.10115,1.0,0.200259597595808
database3/database3/m.015wfy/43-FaceId-0_align.webp,0.000923,1.0,0.2850159660042037
database3/database3/m.015wfy/78-FaceId-0_align.webp,0.064575,1.0,0.3144293201475125
database3/database3/m.015wfy/91-FaceId-0_align.webp,0.156,1.0,0.2970902068150901
database3/database3/m.015wgw/16-FaceId-0_align.webp,0.030553,1.0,0.1996578204340985
database3/database3/m.015wgw/5-FaceId-0_align.webp,0.079937,1.0,0.2223204831000811
database3/database3/m.015wkb/94-FaceId-0_align.webp,0.010721,1.0,0.1976031206943977
database3/database3/m.015x3n/93-FaceId-0_align.webp,0.0,0.0,0.5189049907966092
database3/database3/m.015x63/126-FaceId-0_align.webp,0.077609,0.0,0.2275126912295658
database3/database3/m.015xnd/46-FaceId-0_align.webp,0.021854,1.0,0.2641583767290105
database3/database3/m.015xnd/72-FaceId-0_align.webp,0.171432,1.0,0.3502719504687538
database3/database3/m.015xsn/17-FaceId-0_align.webp,0.021828,1.0,0.2653730718220356
database3/database3/m.015xww/31-FaceId-0_align.webp,0.075773,1.0,0.1952858320735565
database3/database3/m.015xys/54-FaceId-0_align.webp,0.054138,1.0,0.1848371628027086
database3/database3/m.015y4c/42-FaceId-0_align.webp,0.097688,1.0,0.1752220437069666
database3/database3/m.015y4c/72-FaceId-0_align.webp,0.027368,1.0,0.2037927421620168
database3/database3/m.015y4c/79-FaceId-0_align.webp,0.010835,1.0,0.1813418885179176
database3/database3/m.015yb0/108-FaceId-0_align.webp,0.073526,1.0,0.1892078711582806
database3/database3/m.015ybz/5-FaceId-0_align.webp,0.004767,1.0,0.3832898085210945
database3/database3/m.015yg9/69-FaceId-0_align.webp,0.021682,1.0,0.2578809097710103
database3/database3/m.015ykr/19-FaceId-0_align.webp,0.078311,0.0,0.2136160718991092
database3/database3/m.015ykr/9-FaceId-0_align.webp,0.026904,0.0,0.181826566591952
database3/database3/m.015z4j/106-FaceId-1_align.webp,0.203863,0.0,0.2387722177721936
database3/database3/m.015z4j/30-FaceId-0_align.webp,0.022438,0.0,0.2072953726181571
database3/database3/m.015zj4/3-FaceId-0_align.webp,0.026859,1.0,0.2749345095964888
database3/database3/m.015zjx/34-FaceId-0_align.webp,0.188292,1.0,0.2267368969636816
database3/database3/m.015zm4/92-FaceId-0_align.webp,0.019768,1.0,0.2906939206169642
database3/database3/m.015zmm/35-FaceId-0_align.webp,0.071991,0.0,0.2095684725042272
database3/database3/m.016077/95-FaceId-0_align.webp,0.023638,1.0,0.2314642329729713
database3/database3/m.0160pf/102-FaceId-0_align.webp,0.037457,1.0,0.2163511899650887
database3/database3/m.016194/12-FaceId-0_align.webp,0.028771,1.0,0.2163685544675768
database3/database3/m.016194/6-FaceId-0_align.webp,0.025295,1.0,0.1847334446222762
database3/database3/m.0161h5/105-FaceId-0_align.webp,0.042175,0.0,0.2158250396525349
database3/database3/m.0161hn/33-FaceId-0_align.webp,0.010683,1.0,0.2404138644456986
database3/database3/m.0162c8/22-FaceId-0_align.webp,0.021055,1.0,0.2272844998084275
database3/database3/m.0162c8/71-FaceId-0_align.webp,0.041746,1.0,0.2203020783906715
database3/database3/m.0162c8/72-FaceId-0_align.webp,0.034776,1.0,0.2222708416418125
database3/database3/m.0162lw/68-FaceId-0_align.webp,0.026272,1.0,0.212160772395323
database3/database3/m.0162n1/16-FaceId-0_align.webp,0.013549,1.0,0.3137401041604886
database3/database3/m.0162n1/17-FaceId-0_align.webp,0.15524,1.0,0.3162651859528204
database3/database3/m.01635v/83-FaceId-0_align.webp,0.001023,1.0,0.1670714780089416
database3/database3/m.0163bt/91-FaceId-0_align.webp,0.100672,1.0,0.2311598279089654
database3/database3/m.0163kf/72-FaceId-0_align.webp,0.120095,0.0,0.2106162898117193
database3/database3/m.0163kf/83-FaceId-0_align.webp,0.098981,0.0,0.2476757920595463
database3/database3/m.0163rk/30-FaceId-0_align.webp,0.022552,1.0,0.2134480435302065
database3/database3/m.0163s9/24-FaceId-0_align.webp,0.074147,1.0,0.2159776178756193
database3/database3/m.0163s9/74-FaceId-0_align.webp,0.166715,1.0,0.2255560122357421
database3/database3/m.0163t3/106-FaceId-0_align.webp,0.195337,0.0,0.2276291020132323
database3/database3/m.0163t3/9-FaceId-0_align.webp,0.08181,0.0,0.2174390612796899
database3/database3/m.0163y8/74-FaceId-0_align.webp,0.077227,1.0,0.2281608561888914
database3/database3/m.0164c4/60-FaceId-0_align.webp,0.111711,0.0,0.2047158753265509
database3/database3/m.0164lp/69-FaceId-0_align.webp,0.064522,1.0,0.1794241595083208
database3/database3/m.0164lp/92-FaceId-0_align.webp,0.151037,1.0,0.3168826561633404
database3/database3/m.0164nb/3-FaceId-0_align.webp,0.089532,1.0,0.2139243464136396
database3/database3/m.0164y7/34-FaceId-0_align.webp,0.005214,1.0,0.2076637982996378
database3/database3/m.0165cp/26-FaceId-0_align.webp,0.006703,0.0,0.1925558220047364
database3/database3/m.0165cp/52-FaceId-0_align.webp,0.057554,0.0,0.1808483011047774
database3/database3/m.0165gc/85-FaceId-0_align.webp,0.006716,1.0,0.1933044449893137
database3/database3/m.0165gc/99-FaceId-0_align.webp,0.120842,1.0,0.2224757716772897
database3/database3/m.0165ky/57-FaceId-0_align.webp,0.015031,1.0,0.2699443873264806
database3/database3/m.0165n5/59-FaceId-0_align.webp,0.014306,0.0,0.1698537857385666
database3/database3/m.01666h/59-FaceId-0_align.webp,0.366126,0.0,0.2436500867048064
database3/database3/m.01666h/65-FaceId-0_align.webp,0.324656,0.0,0.2590394793613082
database3/database3/m.0166rp/41-FaceId-0_align.webp,0.108225,1.0,0.2167069478181085
database3/database3/m.0166rp/55-FaceId-0_align.webp,0.058677,1.0,0.2551846016692197
database3/database3/m.0166w_/52-FaceId-0_align.webp,0.055626,1.0,0.1980793377399529
database3/database3/m.0166w_/7-FaceId-0_align.webp,0.051227,1.0,0.1723091882770204
database3/database3/m.0166yl/4-FaceId-0_align.webp,0.128426,1.0,0.1886775795914077
database3/database3/m.0166yl/42-FaceId-0_align.webp,0.00821,1.0,0.1994144764272605
database3/database3/m.0166zk/13-FaceId-0_align.webp,0.040817,1.0,0.3411831815794382
database3/database3/m.0166zk/42-FaceId-0_align.webp,0.020069,1.0,0.2872217670090996
database3/database3/m.0166zk/72-FaceId-0_align.webp,0.015452,1.0,0.2147308096061523
database3/database3/m.01678_/78-FaceId-0_align.webp,0.014927,1.0,0.1827378569413292
database3/database3/m.0167h6/35-FaceId-0_align.webp,0.000892,1.0,0.1873537669609304
database3/database3/m.0167xk/87-FaceId-0_align.webp,0.035118,1.0,0.2276693109269401
database3/database3/m.016883/25-FaceId-0_align.webp,0.021581,1.0,0.2143918507033586
database3/database3/m.016883/35-FaceId-0_align.webp,0.016967,1.0,0.2395776068998654
database3/database3/m.016883/79-FaceId-0_align.webp,0.042662,1.0,0.2157022612922541
database3/database3/m.0168cl/73-FaceId-0_align.webp,0.16573,1.0,0.2047524135791922
database3/database3/m.0168ql/60-FaceId-0_align.webp,0.01118,1.0,0.1528752551912931
database3/database3/m.0168vx/9-FaceId-0_align.webp,0.182986,0.0,0.1993809189212849
database3/database3/m.01693z/106-FaceId-0_align.webp,0.308514,1.0,0.2631824195594779
database3/database3/m.01693z/67-FaceId-0_align.webp,0.053019,1.0,0.196684368106163
database3/database3/m.016959/105-FaceId-0_align.webp,0.10109,1.0,0.2585231226418207
database3/database3/m.016959/51-FaceId-0_align.webp,0.067755,1.0,0.231920564731794
database3/database3/m.0169ff/102-FaceId-0_align.webp,0.033338,1.0,0.247008342895932
database3/database3/m.0169ff/36-FaceId-0_align.webp,0.024259,1.0,0.2198599781659094
database3/database3/m.0169ff/79-FaceId-0_align.webp,0.137366,1.0,0.2242247723777686
database3/database3/m.0169mh/14-FaceId-0_align.webp,0.084985,0.0,0.256636818451065
database3/database3/m.0169r6/43-FaceId-0_align.webp,0.109367,0.0,0.2376559915667758
database3/database3/m.0169v2/37-FaceId-0_align.webp,0.237432,0.0,0.2423709707527771
database3/database3/m.0169v2/60-FaceId-0_align.webp,0.294775,0.0,0.2507726658276811
database3/database3/m.0169x_/12-FaceId-0_align.webp,0.169443,1.0,0.1901530867835409
database3/database3/m.016_js/82-FaceId-0_align.webp,0.00161,0.0,0.1930523599106057
database3/database3/m.016_js/90-FaceId-0_align.webp,0.074161,0.0,0.2219208885853467
database3/database3/m.016_mj/9-FaceId-0_align.webp,0.005546,1.0,0.2200294963946123
database3/database3/m.016b6z/92-FaceId-0_align.webp,0.053278,1.0,0.2459118170383994
database3/database3/m.016b90/0-FaceId-0_align.webp,0.006801,1.0,0.1966368833675005
database3/database3/m.016b90/79-FaceId-0_align.webp,0.0,1.0,0.1266700113580722
database3/database3/m.016b90/8-FaceId-0_align.webp,0.046454,1.0,0.1686202484691562
database3/database3/m.016b90/93-FaceId-0_align.webp,0.01334,1.0,0.1972500317951883
database3/database3/m.016cn6/6-FaceId-0_align.webp,0.062721,1.0,0.2588705247582136
database3/database3/m.016cn6/90-FaceId-0_align.webp,0.090699,1.0,0.2095180202804321
database3/database3/m.016cz6/23-FaceId-1_align.webp,0.213677,1.0,0.4637095948016371
database3/database3/m.016db7/11-FaceId-0_align.webp,0.00104,1.0,0.2423530739959688
database3/database3/m.016dbr/42-FaceId-0_align.webp,0.02227,1.0,0.2174446813050627
database3/database3/m.016fjj/77-FaceId-0_align.webp,0.012807,1.0,0.2133106313876177
database3/database3/m.016fnv/40-FaceId-0_align.webp,0.049743,1.0,0.2122775722078727
database3/database3/m.016g29/40-FaceId-0_align.webp,0.003894,1.0,0.2421427132920898
database3/database3/m.016g29/95-FaceId-0_align.webp,0.017798,1.0,0.1687882880159233
database3/database3/m.016ggh/74-FaceId-0_align.webp,0.004674,1.0,0.1924726986013747
database3/database3/m.016ghw/12-FaceId-0_align.webp,0.035794,1.0,0.2785174399983375
database3/database3/m.016gkf/85-FaceId-0_align.webp,0.159983,1.0,0.2219959118543239
database3/database3/m.016gnp/45-FaceId-0_align.webp,0.027576,1.0,0.2026326154189043
database3/database3/m.016gnp/48-FaceId-0_align.webp,0.0,1.0,0.2210146685642044
database3/database3/m.016gr2/107-FaceId-0_align.webp,0.0,1.0,0.2423180696197399
database3/database3/m.016gr2/38-FaceId-0_align.webp,0.0,1.0,0.1710310666388648
database3/database3/m.016hgp/12-FaceId-0_align.webp,0.055372,0.0,0.210899406863853
database3/database3/m.016hgp/32-FaceId-12_align.webp,0.159452,0.0,0.3762075524155962
database3/database3/m.016hgp/77-FaceId-4_align.webp,0.110387,0.0,0.2058038479165315
database3/database3/m.016hgp/77-FaceId-7_align.webp,0.08977,0.0,0.2100380989496373
database3/database3/m.016hgp/77-FaceId-9_align.webp,0.121788,0.0,0.2126974518181996
database3/database3/m.016hj7/88-FaceId-0_align.webp,0.028831,1.0,0.182669523440135
database3/database3/m.016hk4/98-FaceId-0_align.webp,0.002253,1.0,0.2071218942278801
database3/database3/m.016hmf/90-FaceId-0_align.webp,0.168251,1.0,0.2409607192896832
database3/database3/m.016hrc/46-FaceId-0_align.webp,0.064797,0.0,0.2322557423043765
database3/database3/m.016htr/23-FaceId-0_align.webp,0.041326,1.0,0.2105246335779448
database3/database3/m.016htr/80-FaceId-0_align.webp,0.0,1.0,0.3460554027262383
database3/database3/m.016hvl/14-FaceId-0_align.webp,0.018608,1.0,0.2445866834631465
database3/database3/m.016hvl/79-FaceId-0_align.webp,0.027134,1.0,0.225012261837156
database3/database3/m.016hzm/79-FaceId-0_align.webp,0.040554,1.0,0.2918065463693127
database3/database3/m.016j4q/17-FaceId-0_align.webp,0.014713,1.0,0.6536557595647547
database3/database3/m.016j4q/73-FaceId-0_align.webp,0.027874,1.0,0.3876541832072283
database3/database3/m.016j55/23-FaceId-0_align.webp,0.003044,1.0,0.2444983374145968
database3/database3/m.016j_c/80-FaceId-0_align.webp,0.167359,0.0,0.2361665403443824
database3/database3/m.016k0j/73-FaceId-0_align.webp,0.021214,0.0,0.2189209924949064
database3/database3/m.016k38/76-FaceId-0_align.webp,0.03171,1.0,0.2690842265876877
database3/database3/m.016k38/86-FaceId-0_align.webp,0.0969,1.0,0.3089871145888483
database3/database3/m.016k58/57-FaceId-0_align.webp,0.285077,0.0,0.2437599697631934
database3/database3/m.016k6x/11-FaceId-0_align.webp,0.0,1.0,0.1792850494941827
database3/database3/m.016k6x/19-FaceId-0_align.webp,0.0,1.0,0.1651851396700225
database3/database3/m.016k92/3-FaceId-0_align.webp,0.164786,1.0,0.2464616903464455
database3/database3/m.016k92/39-FaceId-0_align.webp,0.115077,1.0,0.243434375671536
database3/database3/m.016k92/53-FaceId-0_align.webp,0.124335,1.0,0.2437901367769501
database3/database3/m.016k_v/117-FaceId-0_align.webp,0.172292,0.0,0.2113525331834348
database3/database3/m.016k_v/31-FaceId-0_align.webp,0.103765,0.0,0.2204359542444249
database3/database3/m.016k_v/6-FaceId-0_align.webp,0.102662,0.0,0.2149384871213975
database3/database3/m.016kdv/96-FaceId-0_align.webp,0.10171,1.0,0.2004435212524658
database3/database3/m.016kft/30-FaceId-0_align.webp,0.094506,1.0,0.2366154019343331
database3/database3/m.016khd/116-FaceId-0_align.webp,0.014365,1.0,0.3216169804784859
database3/database3/m.016khd/18-FaceId-0_align.webp,0.045446,1.0,0.2541361573489061
database3/database3/m.016khd/77-FaceId-0_align.webp,0.016363,1.0,0.1948496420081375
database3/database3/m.016kjs/51-FaceId-0_align.webp,0.103247,1.0,0.2179488769652723
database3/database3/m.016kqk/22-FaceId-0_align.webp,0.109366,1.0,0.2521824540813416
database3/database3/m.016kqk/57-FaceId-0_align.webp,0.028005,1.0,0.2591286434492578
database3/database3/m.016ksk/77-FaceId-0_align.webp,0.033554,1.0,0.2728081881686132
database3/database3/m.016l53/34-FaceId-0_align.webp,0.004644,1.0,0.3229250280583571
database3/database3/m.016l_5/13-FaceId-1_align.webp,0.028409,0.0,0.3274791102849052
database3/database3/m.016l_5/23-FaceId-0_align.webp,0.13632,0.0,0.218878784156128
database3/database3/m.016l_5/69-FaceId-0_align.webp,0.067658,0.0,0.2097163526561613
database3/database3/m.016lb3/2-FaceId-0_align.webp,0.005513,1.0,0.201641108010021
database3/database3/m.016lh0/74-FaceId-0_align.webp,0.000336,1.0,0.2027326952322348
database3/database3/m.016m0v/15-FaceId-0_align.webp,0.003574,1.0,0.2866701033533254
database3/database3/m.016m0v/47-FaceId-0_align.webp,0.010823,1.0,0.3053005689927069
database3/database3/m.016m0v/48-FaceId-0_align.webp,0.006305,1.0,0.2477350989757006
database3/database3/m.016mgj/22-FaceId-0_align.webp,0.177659,0.0,0.2221695864768167
database3/database3/m.016mgj/72-FaceId-0_align.webp,0.141048,0.0,0.3336002178924867
database3/database3/m.016ntp/45-FaceId-0_align.webp,0.056576,0.0,0.4057381379324148
database3/database3/m.016ntp/58-FaceId-0_align.webp,0.194583,0.0,0.3273756089616282
database3/database3/m.016ntp/78-FaceId-0_align.webp,0.262576,0.0,0.2660113132636613
database3/database3/m.016ntp/85-FaceId-0_align.webp,0.141759,0.0,0.2445412457614434
database3/database3/m.016nvh/2-FaceId-0_align.webp,0.143526,1.0,0.2400596285524763
database3/database3/m.016nvy/82-FaceId-0_align.webp,0.14288,0.0,0.2189304904453781
database3/database3/m.016nws/82-FaceId-0_align.webp,0.154826,1.0,0.2417562962765397
database3/database3/m.016pns/55-FaceId-0_align.webp,0.055966,1.0,0.2367495110790356
database3/database3/m.016q0w/27-FaceId-0_align.webp,0.009996,1.0,0.2211120293617601
database3/database3/m.016q2n/25-FaceId-0_align.webp,0.030179,0.0,0.2144348474858486
database3/database3/m.016q2n/89-FaceId-0_align.webp,0.007529,0.0,0.2266867967432674
database3/database3/m.016q4_/99-FaceId-1_align.webp,0.000294,0.0,0.1909173170598227
database3/database3/m.016qrb/16-FaceId-0_align.webp,0.039165,0.0,0.219543412221195
database3/database3/m.016qrb/78-FaceId-0_align.webp,0.145711,0.0,0.2011111702285246
database3/database3/m.016qtt/15-FaceId-0_align.webp,0.187503,1.0,0.2249345944237591
database3/database3/m.016qtt/25-FaceId-0_align.webp,0.283035,1.0,0.22173864330223
database3/database3/m.016r3x/42-FaceId-0_align.webp,0.001242,1.0,0.1558113791376661
database3/database3/m.016r3x/44-FaceId-0_align.webp,0.007495,1.0,0.2173882972827713
database3/database3/m.016sff/35-FaceId-0_align.webp,0.025858,1.0,0.3963987284884846
database3/database3/m.016sp_/9-FaceId-0_align.webp,0.355835,1.0,0.2029693217803477
database3/database3/m.016swh/38-FaceId-0_align.webp,0.0,1.0,0.1902959022956253
database3/database3/m.016sz1/68-FaceId-0_align.webp,0.00381,1.0,0.2326987355863627
database3/database3/m.016szr/0-FaceId-0_align.webp,0.081751,1.0,0.3324187836026915
database3/database3/m.016szr/31-FaceId-0_align.webp,0.150774,1.0,0.3164995218711932
database3/database3/m.016t00/27-FaceId-0_align.webp,0.010723,1.0,0.2438115050371601
database3/database3/m.016t00/29-FaceId-0_align.webp,0.026052,1.0,0.229878293522155
database3/database3/m.016t00/49-FaceId-0_align.webp,0.061342,1.0,0.2506538892210432
database3/database3/m.016tb7/64-FaceId-0_align.webp,0.020212,0.0,0.2110060738770065
database3/database3/m.016tbr/53-FaceId-0_align.webp,0.052696,1.0,0.2342017220206668
database3/database3/m.016tbr/91-FaceId-0_align.webp,0.278026,1.0,0.2643380961463409
database3/database3/m.016tbr/97-FaceId-0_align.webp,0.035531,1.0,0.2446147038920128
database3/database3/m.016tcm/7-FaceId-0_align.webp,0.0,1.0,0.2093014809787115
database3/database3/m.016tqw/18-FaceId-0_align.webp,0.009857,1.0,0.2126668076439245
database3/database3/m.016vqk/91-FaceId-0_align.webp,0.041054,1.0,0.2128782553226384
database3/database3/m.016vxj/34-FaceId-0_align.webp,0.081238,1.0,0.1985738313259666
database3/database3/m.016vy9/16-FaceId-0_align.webp,0.135759,0.0,0.2260655253876874
database3/database3/m.016vy9/41-FaceId-0_align.webp,0.023537,0.0,0.206925587034902
database3/database3/m.016vyp/28-FaceId-0_align.webp,0.086364,1.0,0.2175099534036472
database3/database3/m.016vyp/92-FaceId-0_align.webp,0.043472,1.0,0.2075493001494011
database3/database3/m.016wdq/47-FaceId-0_align.webp,0.021942,1.0,0.3985106955971896
database3/database3/m.016wvy/16-FaceId-0_align.webp,0.016451,1.0,0.2138047977165037
database3/database3/m.016wvy/70-FaceId-0_align.webp,0.279688,1.0,0.254629593964474
database3/database3/m.016wvy/90-FaceId-0_align.webp,0.0652,1.0,0.3400902764717253
database3/database3/m.016xk5/94-FaceId-0_align.webp,0.039665,1.0,0.2045195657249562
database3/database3/m.016yr0/49-FaceId-0_align.webp,0.028821,1.0,0.2069617518412081
database3/database3/m.016yr0/53-FaceId-0_align.webp,0.03224,1.0,0.2010890873818968
database3/database3/m.016yr0/98-FaceId-0_align.webp,0.103354,1.0,0.2277661714669057
database3/database3/m.016ywr/2-FaceId-0_align.webp,0.022088,1.0,0.2506137180231967
database3/database3/m.016ywr/21-FaceId-0_align.webp,0.053813,1.0,0.2307495296979353
database3/database3/m.016ywr/76-FaceId-0_align.webp,0.0,1.0,0.1888040696620863
database3/database3/m.016z3d/40-FaceId-0_align.webp,0.041987,1.0,0.2087118236386642
database3/database3/m.016z3d/43-FaceId-0_align.webp,0.184794,1.0,0.2245723163583608
database3/database3/m.016z3d/48-FaceId-0_align.webp,0.181018,1.0,0.2185503307372687
database3/database3/m.016z68/21-FaceId-0_align.webp,0.185954,1.0,0.2435738717487472
database3/database3/m.016z68/89-FaceId-0_align.webp,0.268667,1.0,0.2402580848954373
database3/database3/m.016zp5/13-FaceId-0_align.webp,0.016071,1.0,0.1888340353602059
database3/database3/m.016zp5/31-FaceId-0_align.webp,0.101464,1.0,0.3369766583874503
database3/database3/m.016zp5/64-FaceId-0_align.webp,0.006697,1.0,0.20905558580148
database3/database3/m.016zp5/68-FaceId-0_align.webp,0.014376,1.0,0.2174832726972472
database3/database3/m.016zvk/22-FaceId-0_align.webp,0.104809,0.0,0.2262169858195848
database3/database3/m.016zvk/81-FaceId-0_align.webp,0.147393,0.0,0.2249869836232198
database3/database3/m.016zvk/88-FaceId-0_align.webp,0.080384,0.0,0.180793819181292
database3/database3/m.016zvk/91-FaceId-0_align.webp,0.084334,0.0,0.2148073069886061
database3/database3/m.0170pk/112-FaceId-0_align.webp,0.029113,1.0,0.2828501010732238
database3/database3/m.0170pk/32-FaceId-0_align.webp,0.0,1.0,0.285896067396606
database3/database3/m.0170pk/71-FaceId-0_align.webp,0.003334,1.0,0.226921525441964
database3/database3/m.0170pk/93-FaceId-0_align.webp,0.020024,1.0,0.3114593276262953
database3/database3/m.0170q1/39-FaceId-0_align.webp,0.098023,0.0,0.2788786500113014
database3/database3/m.0170qf/10-FaceId-0_align.webp,0.012168,1.0,0.2036918749105923
database3/database3/m.0170qf/66-FaceId-0_align.webp,0.173717,1.0,0.2387160195464515
database3/database3/m.0170s4/35-FaceId-0_align.webp,0.00841,1.0,0.2270766084666446
database3/database3/m.0170s4/44-FaceId-0_align.webp,0.007374,1.0,0.161441015697889
database3/database3/m.0170s4/48-FaceId-0_align.webp,0.0,1.0,0.1681777063532059
database3/database3/m.0170s4/85-FaceId-0_align.webp,0.00918,1.0,0.2008239642494293
database3/database3/m.0170s4/86-FaceId-0_align.webp,0.00659,1.0,0.1927068795008296
database3/database3/m.0170zz/7-FaceId-0_align.webp,0.0033,1.0,0.2694550333004253
database3/database3/m.017115/2-FaceId-0_align.webp,0.178391,1.0,0.2718325985380649
database3/database3/m.0171cm/52-FaceId-0_align.webp,0.078391,1.0,0.3344746024464402
database3/database3/m.0171cm/9-FaceId-0_align.webp,0.020679,1.0,0.3256413900350457
database3/database3/m.0171dv/105-FaceId-0_align.webp,0.019879,1.0,0.1824820403502307
database3/database3/m.0171dv/106-FaceId-0_align.webp,0.079343,1.0,0.2067506492578879
database3/database3/m.0171z8/39-FaceId-0_align.webp,0.1172,0.0,0.4668732885375878
database3/database3/m.01721f/98-FaceId-0_align.webp,0.00066,1.0,0.1563130753275135
database3/database3/m.01728m/45-FaceId-0_align.webp,0.026608,1.0,0.2835899010705193
database3/database3/m.01734j/10-FaceId-0_align.webp,0.107434,1.0,0.3109699487666765
database3/database3/m.01737y/7-FaceId-0_align.webp,0.023524,1.0,0.1949335095904115
database3/database3/m.0173cq/55-FaceId-0_align.webp,0.0687,0.0,0.2273757079763456
database3/database3/m.0173cq/82-FaceId-0_align.webp,0.052898,0.0,0.1832014521119411
database3/database3/m.0173p_/66-FaceId-0_align.webp,0.12779,0.0,0.2643842946739357
database3/database3/m.0173p_/82-FaceId-0_align.webp,0.039784,0.0,0.2097392457481326
database3/database3/m.0173p_/97-FaceId-0_align.webp,0.06989,0.0,0.2210345309207395
database3/database3/m.0173s_/56-FaceId-0_align.webp,0.320216,0.0,0.2238630435635072
database3/database3/m.01741h/75-FaceId-0_align.webp,0.057681,1.0,0.3485338016867608
database3/database3/m.01742l/53-FaceId-0_align.webp,0.210558,0.0,0.2646652128611664
database3/database3/m.01744d/24-FaceId-0_align.webp,0.021138,1.0,0.217079706447552
database3/database3/m.01744d/66-FaceId-0_align.webp,0.069833,1.0,0.2274210622565899
database3/database3/m.017458/60-FaceId-0_align.webp,0.031087,1.0,0.3925253639045412
database3/database3/m.0174z2/31-FaceId-0_align.webp,0.019356,1.0,0.2072796403960352
database3/database3/m.0175m_/104-FaceId-0_align.webp,0.011519,1.0,0.2623985677879118
database3/database3/m.0175m_/106-FaceId-0_align.webp,0.008092,1.0,0.2002495151012634
database3/database3/m.0175s7/91-FaceId-0_align.webp,0.271553,1.0,0.2631614582459507
database3/database3/m.0175w3/23-FaceId-0_align.webp,0.084707,1.0,0.3129815039927488
database3/database3/m.0175w3/40-FaceId-0_align.webp,0.14122,1.0,0.374246280678689
database3/database3/m.0175w3/8-FaceId-0_align.webp,0.022898,1.0,0.412904124038441
database3/database3/m.01762z/69-FaceId-0_align.webp,0.001793,1.0,0.1947740281138776
database3/database3/m.017729/106-FaceId-0_align.webp,0.004005,1.0,0.2188864880958853
database3/database3/m.01772q/118-FaceId-0_align.webp,0.005376,1.0,0.1761070794825665
database3/database3/m.01778_/1-FaceId-0_align.webp,0.151831,0.0,0.3344795775861435
database3/database3/m.01778_/5-FaceId-0_align.webp,0.080886,0.0,0.309931762168957
database3/database3/m.0177s6/54-FaceId-0_align.webp,0.003871,1.0,0.3594632484019829
database3/database3/m.0177s6/83-FaceId-0_align.webp,0.194958,1.0,0.3200103311161334
database3/database3/m.0178_j/46-FaceId-0_align.webp,0.038586,1.0,0.3025927290076192
database3/database3/m.0178d6/53-FaceId-0_align.webp,0.019408,1.0,0.2024082419462336
database3/database3/m.0178d6/9-FaceId-0_align.webp,0.038126,1.0,0.2241088503989286
database3/database3/m.0178sb/20-FaceId-0_align.webp,0.025953,1.0,0.1971480267892408
database3/database3/m.01791s/104-FaceId-0_align.webp,0.057011,1.0,0.4392941493911802
database3/database3/m.01793l/15-FaceId-0_align.webp,0.11519,1.0,0.3588866529283888
database3/database3/m.01793l/3-FaceId-0_align.webp,0.021997,1.0,0.3098371095474185
database3/database3/m.01793l/48-FaceId-0_align.webp,0.070141,1.0,0.3871779131393065
database3/database3/m.01793l/77-FaceId-0_align.webp,0.068916,1.0,0.3560063011350907
database3/database3/m.01794d/22-FaceId-0_align.webp,0.132698,1.0,0.2120371960694828
database3/database3/m.0179n7/47-FaceId-0_align.webp,0.025063,1.0,0.2124227764735388
database3/database3/m.0179ys/22-FaceId-0_align.webp,0.03888,1.0,0.2431916160914062
database3/database3/m.017_65/24-FaceId-0_align.webp,0.104039,1.0,0.2864150081960519
database3/database3/m.017__g/2-FaceId-0_align.webp,0.026314,1.0,0.2043332543248477
database3/database3/m.017__g/30-FaceId-0_align.webp,0.064708,1.0,0.2349911760902576
database3/database3/m.017_dr/0-FaceId-1_align.webp,0.037641,1.0,0.3051785577871327
database3/database3/m.017_dr/14-FaceId-0_align.webp,0.005491,1.0,0.2381399430248775
database3/database3/m.017_dr/47-FaceId-0_align.webp,0.191478,1.0,0.2351068253677033
database3/database3/m.017_dr/57-FaceId-0_align.webp,0.038308,1.0,0.3426880436371562
database3/database3/m.017_j4/45-FaceId-0_align.webp,0.032452,1.0,0.3050092093139317
database3/database3/m.017_j4/54-FaceId-0_align.webp,0.009302,1.0,0.3074544584865228
database3/database3/m.017_j4/93-FaceId-0_align.webp,0.05205,1.0,0.4088003168065008
database3/database3/m.017_l1/23-FaceId-0_align.webp,0.033635,1.0,0.1924008333539751
database3/database3/m.017_l1/5-FaceId-0_align.webp,0.0,1.0,0.1874041801575896
database3/database3/m.017_xx/84-FaceId-0_align.webp,0.180042,0.0,0.2250071523230657
database3/database3/m.017bd/83-FaceId-0_align.webp,0.002036,1.0,0.2854783852180061
database3/database3/m.017bd/85-FaceId-0_align.webp,0.002715,1.0,0.3177253779341421
database3/database3/m.017bk6/90-FaceId-2_align.webp,0.056904,0.0,0.2015787888387401
database3/database3/m.017bxq/72-FaceId-0_align.webp,0.032315,1.0,0.2710893653919745
database3/database3/m.017c87/108-FaceId-0_align.webp,0.012746,1.0,0.2979788559227697
database3/database3/m.017c87/7-FaceId-0_align.webp,0.008884,1.0,0.1705169829246321
database3/database3/m.017cgg/62-FaceId-0_align.webp,0.009893,1.0,0.3205578664218828
database3/database3/m.017d3v/21-FaceId-0_align.webp,0.000486,1.0,0.1341920456333588
database3/database3/m.017dpj/104-FaceId-0_align.webp,0.159674,1.0,0.3224854626772056
database3/database3/m.017dpj/116-FaceId-0_align.webp,0.004563,1.0,0.2773711467257173
database3/database3/m.017dpj/14-FaceId-0_align.webp,0.012759,1.0,0.2703652696909465
database3/database3/m.017dpj/6-FaceId-0_align.webp,0.157516,1.0,0.3261628804680734
database3/database3/m.017dpj/81-FaceId-0_align.webp,0.117413,1.0,0.3919467150778618
database3/database3/m.017dpj/98-FaceId-0_align.webp,0.093515,1.0,0.3099202849032442
database3/database3/m.017f4y/21-FaceId-0_align.webp,0.009046,1.0,0.2220868859257552
database3/database3/m.017fgp/17-FaceId-0_align.webp,0.004873,1.0,0.2754551525119146
database3/database3/m.017fhk/5-FaceId-0_align.webp,0.05945,1.0,0.2979707104706557
database3/database3/m.017fhk/70-FaceId-0_align.webp,0.025921,1.0,0.1813814206706405
database3/database3/m.017fhk/87-FaceId-0_align.webp,0.146412,1.0,0.2944680653672935
database3/database3/m.017fj_/2-FaceId-0_align.webp,0.022486,1.0,0.2082566274666382
database3/database3/m.017fj_/97-FaceId-0_align.webp,0.013264,1.0,0.3340432828600142
database3/database3/m.017fks/21-FaceId-0_align.webp,0.013755,1.0,0.2079091330318989
database3/database3/m.017fks/34-FaceId-0_align.webp,0.010024,1.0,0.3026915155903213
database3/database3/m.017fl5/7-FaceId-0_align.webp,0.088967,1.0,0.2282329559866264
database3/database3/m.017fl5/89-FaceId-0_align.webp,0.156395,1.0,0.2792436970025603
database3/database3/m.017fl_/0-FaceId-0_align.webp,0.016489,1.0,0.3516519854670472
database3/database3/m.017fp0/26-FaceId-0_align.webp,0.014762,1.0,0.1890005392216185
database3/database3/m.017fp0/70-FaceId-0_align.webp,0.102621,1.0,0.2258092136904778
database3/database3/m.017fp0/85-FaceId-0_align.webp,0.016216,1.0,0.2243223023471435
database3/database3/m.017fp0/92-FaceId-0_align.webp,0.03683,1.0,0.3324192502029259
database3/database3/m.017frf/2-FaceId-0_align.webp,0.239226,1.0,0.1988099407639427
database3/database3/m.017frf/48-FaceId-0_align.webp,0.242631,1.0,0.2173706753181443
database3/database3/m.017ft0/4-FaceId-0_align.webp,0.025186,0.0,0.202251536025134
database3/database3/m.017fxp/62-FaceId-0_align.webp,0.006207,1.0,0.2724291407428205
database3/database3/m.017fzy/33-FaceId-0_align.webp,0.135665,1.0,0.1989466343589438
database3/database3/m.017fzy/38-FaceId-0_align.webp,0.020138,1.0,0.2258744641334814
database3/database3/m.017fzy/44-FaceId-0_align.webp,0.119262,1.0,0.2397634354855197
database3/database3/m.017fzy/7-FaceId-0_align.webp,0.042513,1.0,0.2107936198522663
database3/database3/m.017fzy/84-FaceId-0_align.webp,0.1089,1.0,0.2283179684288779
database3/database3/m.017fzy/88-FaceId-0_align.webp,0.093437,1.0,0.2071935259651809
database3/database3/m.017g21/51-FaceId-0_align.webp,0.121234,1.0,0.2414567744919888
database3/database3/m.017g2y/13-FaceId-0_align.webp,0.026164,1.0,0.2110975138896224
database3/database3/m.017gd_/53-FaceId-0_align.webp,0.006889,1.0,0.3323851847367007
database3/database3/m.017gd_/59-FaceId-0_align.webp,0.012556,1.0,0.2820353112886875
database3/database3/m.017gxw/53-FaceId-0_align.webp,0.064935,0.0,0.2165377375093015
database3/database3/m.017h4c/0-FaceId-0_align.webp,0.049628,1.0,0.3151028278888495
database3/database3/m.017h_2/23-FaceId-0_align.webp,0.06887,1.0,0.3374293104082199
database3/database3/m.017hgl/21-FaceId-0_align.webp,0.089799,1.0,0.2386087396810986
database3/database3/m.017hgl/42-FaceId-0_align.webp,0.004642,1.0,0.227922434214742
database3/database3/m.017hjk/57-FaceId-0_align.webp,0.009431,1.0,0.2424122056864114
database3/database3/m.017hm9/3-FaceId-0_align.webp,0.001744,1.0,0.2605586223680867
database3/database3/m.017hm9/36-FaceId-0_align.webp,0.002432,1.0,0.223197523139936
database3/database3/m.017hw4/23-FaceId-0_align.webp,0.000412,1.0,0.2216137624889072
database3/database3/m.017hwl/3-FaceId-0_align.webp,0.014017,1.0,0.334990476948504
database3/database3/m.017j1w/26-FaceId-0_align.webp,0.021211,1.0,0.1894469705002746
database3/database3/m.017j1w/35-FaceId-0_align.webp,0.039099,1.0,0.3623167452215302
database3/database3/m.017j1w/8-FaceId-0_align.webp,0.052854,1.0,0.1910518905041902
database3/database3/m.017j2b/85-FaceId-0_align.webp,0.008707,1.0,0.2562208524001065
database3/database3/m.017jwg/17-FaceId-0_align.webp,0.002376,1.0,0.2345225591672153
database3/database3/m.017jwg/53-FaceId-0_align.webp,0.066995,0.0,0.2294997535798263
database3/database3/m.017jwg/82-FaceId-0_align.webp,0.035246,1.0,0.2344087617378262
database3/database3/m.017kb5/32-FaceId-0_align.webp,0.006182,1.0,0.2183095956835474
database3/database3/m.017kgm/108-FaceId-1_align.webp,0.015319,1.0,0.1551172450973771
database3/database3/m.017kgm/94-FaceId-0_align.webp,0.003416,1.0,0.1763734661459321
database3/database3/m.017kq/37-FaceId-0_align.webp,0.040762,1.0,0.3169460195356123
database3/database3/m.017kq/48-FaceId-0_align.webp,0.009092,1.0,0.3029457151781912
database3/database3/m.017l4/11-FaceId-0_align.webp,0.001488,1.0,0.1992369473572153
database3/database3/m.017l4/73-FaceId-0_align.webp,0.09873,1.0,0.2280078321442362
database3/database3/m.017l4/80-FaceId-0_align.webp,0.025497,1.0,0.3108499440015548
database3/database3/m.017l7y/97-FaceId-0_align.webp,0.002424,1.0,0.1970219993388291
database3/database3/m.017lcg/63-FaceId-0_align.webp,0.136168,1.0,0.2227166279847409
database3/database3/m.017m2y/105-FaceId-0_align.webp,0.084072,0.0,0.2182995262332873
database3/database3/m.017m2y/30-FaceId-0_align.webp,0.20052,0.0,0.2313742937926522
database3/database3/m.017mrb/26-FaceId-0_align.webp,0.125876,1.0,0.2133201110665276
database3/database3/m.017q3j/27-FaceId-0_align.webp,0.040475,1.0,0.2063000647103083
database3/database3/m.017q3j/87-FaceId-1_align.webp,0.137407,1.0,0.2560778484468885
database3/database3/m.017qkp/105-FaceId-0_align.webp,0.016276,1.0,0.1935832166816044
database3/database3/m.017qkp/8-FaceId-0_align.webp,0.006413,1.0,0.2045153415064833
database3/database3/m.017r13/15-FaceId-0_align.webp,0.004576,1.0,0.1968509390961177
database3/database3/m.017r13/32-FaceId-0_align.webp,0.001926,1.0,0.190118602625519
database3/database3/m.017r13/71-FaceId-0_align.webp,0.149849,1.0,0.2177444638940097
database3/database3/m.017r5g/69-FaceId-0_align.webp,0.246362,0.0,0.2551433085632906
database3/database3/m.017rh4/92-FaceId-0_align.webp,0.059749,1.0,0.2232470413862726
database3/database3/m.017rjs/94-FaceId-0_align.webp,0.227853,1.0,0.2086542720312444
database3/database3/m.017tk3/113-FaceId-0_align.webp,0.041074,1.0,0.2354170360789664
database3/database3/m.017tk3/5-FaceId-0_align.webp,0.023981,1.0,0.2365854138061353
database3/database3/m.017tk3/61-FaceId-0_align.webp,0.058875,1.0,0.2563095338429175
database3/database3/m.017tk3/83-FaceId-0_align.webp,0.016266,1.0,0.2221458703374872
database3/database3/m.017tkv/15-FaceId-0_align.webp,0.09519,0.0,0.2044316792375427
database3/database3/m.017tkv/5-FaceId-0_align.webp,0.108291,0.0,0.2171958753698983
database3/database3/m.017tlt/70-FaceId-0_align.webp,0.079127,1.0,0.167899866787875
database3/database3/m.017tn4/17-FaceId-0_align.webp,0.026983,1.0,0.3078936229115405
database3/database3/m.017tn4/54-FaceId-2_align.webp,0.042656,1.0,0.2672079070731674
database3/database3/m.017tnz/116-FaceId-0_align.webp,0.135035,1.0,0.2279017567257809
database3/database3/m.017vfn/43-FaceId-0_align.webp,0.036126,1.0,0.2163861888443092
database3/database3/m.017vkk/88-FaceId-0_align.webp,0.022172,0.0,0.2185120992629702
database3/database3/m.017vkx/34-FaceId-1_align.webp,0.050784,1.0,0.3399223034527449
database3/database3/m.017wbg/77-FaceId-0_align.webp,0.079706,1.0,0.2069153666788967
database3/database3/m.017x_s/36-FaceId-0_align.webp,0.021378,1.0,0.325462673509521
database3/database3/m.017xm3/52-FaceId-0_align.webp,0.225925,0.0,0.2292666038628275
database3/database3/m.017yfz/93-FaceId-0_align.webp,0.237267,1.0,0.0
database3/database3/m.017yvm/5-FaceId-0_align.webp,0.011632,1.0,0.2139769926522711
database3/database3/m.017yvm/93-FaceId-0_align.webp,0.007487,1.0,0.2808025307263356
database3/database3/m.017yzt/119-FaceId-0_align.webp,0.299381,0.0,0.2384136972281028
database3/database3/m.017yzt/55-FaceId-0_align.webp,0.055778,0.0,0.1970903121472026
database3/database3/m.017yzt/61-FaceId-0_align.webp,0.0,0.0,0.1844178941326551
database3/database3/m.017z_/91-FaceId-0_align.webp,0.06531,1.0,0.3102996155068279
database3/database3/m.017zng/39-FaceId-0_align.webp,0.114304,1.0,0.2023862238100251
database3/database3/m.017zng/73-FaceId-0_align.webp,0.087005,1.0,0.2396481427870013
database3/database3/m.017zng/97-FaceId-0_align.webp,0.096418,1.0,0.1842734485451923
database3/database3/m.01804k/55-FaceId-0_align.webp,0.104401,0.0,0.2160108482902777
database3/database3/m.01807/65-FaceId-0_align.webp,0.087681,1.0,0.347227229853973
database3/database3/m.01807/73-FaceId-0_align.webp,0.147607,1.0,0.3675476223037888
database3/database3/m.018144/31-FaceId-0_align.webp,0.317719,1.0,0.2038843848151435
database3/database3/m.018144/55-FaceId-0_align.webp,0.076827,1.0,0.2158556743604904
database3/database3/m.01815s/106-FaceId-0_align.webp,0.234236,0.0,0.2291616995530839
database3/database3/m.01815s/50-FaceId-0_align.webp,0.243106,0.0,0.2217308657481466
database3/database3/m.01815s/64-FaceId-0_align.webp,0.173641,0.0,0.2249507778269495
database3/database3/m.0181gp/6-FaceId-0_align.webp,0.043543,1.0,0.219736917515527
database3/database3/m.0181j_/107-FaceId-0_align.webp,0.027129,0.0,0.2149906774053492
database3/database3/m.0181kg/14-FaceId-0_align.webp,0.119867,1.0,0.3321250870462562
database3/database3/m.0181lj/18-FaceId-0_align.webp,0.190172,1.0,0.1686021112148413
database3/database3/m.0181p_/19-FaceId-0_align.webp,0.041166,1.0,0.2964083386828345
database3/database3/m.0181p_/99-FaceId-0_align.webp,0.035046,1.0,0.2246043397647803
database3/database3/m.0181ph/4-FaceId-0_align.webp,0.019163,1.0,0.2839095428133708
database3/database3/m.0181ph/8-FaceId-0_align.webp,0.037384,1.0,0.0
database3/database3/m.0181x9/43-FaceId-0_align.webp,0.029481,1.0,0.2207411028222107
database3/database3/m.0181xq/13-FaceId-0_align.webp,0.002527,0.0,0.2405767859075994
database3/database3/m.0182hg/59-FaceId-0_align.webp,0.003662,1.0,0.2018972961685744
database3/database3/m.0182q2/111-FaceId-0_align.webp,0.014398,1.0,0.2217118320361928
database3/database3/m.0182q2/47-FaceId-0_align.webp,0.020684,1.0,0.2254216684824903
database3/database3/m.0182q2/58-FaceId-0_align.webp,0.034155,1.0,0.1950702341117126
database3/database3/m.0182vk/101-FaceId-0_align.webp,0.185784,1.0,0.3753000236270096
database3/database3/m.0182vk/97-FaceId-0_align.webp,0.113244,1.0,0.2363544489560556
database3/database3/m.01830j/15-FaceId-0_align.webp,0.208446,0.0,0.2549258880955622
database3/database3/m.01833g/76-FaceId-0_align.webp,0.008544,1.0,0.2386943433772545
database3/database3/m.018348/1-FaceId-0_align.webp,0.029671,1.0,0.2552614042753398
database3/database3/m.0183f9/72-FaceId-0_align.webp,0.028848,1.0,0.3206102883868844
database3/database3/m.018417/7-FaceId-0_align.webp,0.270045,0.0,0.2325029938613507
database3/database3/m.018493/45-FaceId-0_align.webp,0.059135,0.0,0.234899182193999
database3/database3/m.0184cd/37-FaceId-0_align.webp,0.012663,0.0,0.2195617980986677
database3/database3/m.0184cd/69-FaceId-0_align.webp,0.041234,0.0,0.2203656016901787
database3/database3/m.0184jc/9-FaceId-0_align.webp,0.061679,1.0,0.2533819596082979
database3/database3/m.0184xq/86-FaceId-0_align.webp,0.010468,1.0,0.2656188517864891
database3/database3/m.0185gs/107-FaceId-0_align.webp,0.133885,1.0,0.2097973018038842
database3/database3/m.0187y5/50-FaceId-0_align.webp,0.011259,1.0,0.445565656625004
database3/database3/m.0187y5/55-FaceId-0_align.webp,0.018906,1.0,0.2297933861854073
database3/database3/m.0188n0/16-FaceId-0_align.webp,0.119925,1.0,0.2395887708841788
database3/database3/m.0188n0/81-FaceId-0_align.webp,0.437819,1.0,0.2602021818884478
database3/database3/m.0188n0/93-FaceId-0_align.webp,0.241643,1.0,0.2817068509744542
database3/database3/m.0188nj/68-FaceId-0_align.webp,0.036499,1.0,0.198135290224408
database3/database3/m.018_3q/101-FaceId-0_align.webp,0.001235,1.0,0.5284344124626049
database3/database3/m.018_3q/89-FaceId-0_align.webp,0.024563,1.0,0.1925173906177557
database3/database3/m.018_lb/81-FaceId-0_align.webp,0.104704,0.0,0.1792192496327745
database3/database3/m.018c42/45-FaceId-1_align.webp,0.268912,1.0,0.2206132267267581
database3/database3/m.018c42/5-FaceId-0_align.webp,0.033426,1.0,0.2195908924522998
database3/database3/m.018cx_/16-FaceId-0_align.webp,0.128439,0.0,0.2123778688606388
database3/database3/m.018dnt/83-FaceId-0_align.webp,0.012334,1.0,0.2133153489860476
database3/database3/m.018dpq/74-FaceId-0_align.webp,0.08469,1.0,0.2124971243862731
database3/database3/m.018dpq/9-FaceId-0_align.webp,0.06436,1.0,0.267301699784997
database3/database3/m.018dq3/21-FaceId-0_align.webp,0.264271,0.0,0.238711734240472
database3/database3/m.018dq3/43-FaceId-0_align.webp,0.005771,0.0,0.2159117074231329
database3/database3/m.018dqg/14-FaceId-0_align.webp,0.002005,1.0,0.1960095745741439
database3/database3/m.018dyl/57-FaceId-0_align.webp,0.066796,1.0,0.1755513794148557
database3/database3/m.018f07/77-FaceId-0_align.webp,0.067893,1.0,0.2526354894749229
database3/database3/m.018f07/88-FaceId-0_align.webp,0.019681,1.0,0.2014254249705349
database3/database3/m.018f_y/78-FaceId-0_align.webp,0.005574,1.0,0.4402546882458941
database3/database3/m.018fkc/18-FaceId-0_align.webp,0.048624,0.0,0.2630052933292671
database3/database3/m.018fkc/51-FaceId-0_align.webp,0.004824,1.0,0.2132046230836018
database3/database3/m.018fmr/107-FaceId-0_align.webp,0.087037,0.0,0.2297894739761518
database3/database3/m.018fmr/38-FaceId-0_align.webp,0.082888,0.0,0.3029137491066296
database3/database3/m.018fmr/39-FaceId-0_align.webp,0.154489,0.0,0.2191916651178079
database3/database3/m.018fmr/77-FaceId-0_align.webp,0.094029,0.0,0.2088663660815278
database3/database3/m.018fmr/96-FaceId-0_align.webp,0.118151,0.0,0.2484357481593014
database3/database3/m.018fvy/74-FaceId-0_align.webp,0.006913,1.0,0.2058503475260502
database3/database3/m.018fwb/106-FaceId-0_align.webp,0.105164,0.0,0.2460240798322607
database3/database3/m.018fyy/5-FaceId-0_align.webp,0.161114,0.0,0.2157491081692991
database3/database3/m.018fzs/56-FaceId-0_align.webp,0.057952,1.0,0.3096648179899511
database3/database3/m.018fzs/60-FaceId-0_align.webp,0.058021,1.0,0.1962020489961999
database3/database3/m.018fzs/89-FaceId-0_align.webp,0.00707,1.0,0.1945686197149393
database3/database3/m.018g4z/59-FaceId-0_align.webp,0.266921,0.0,0.3291464531811994
database3/database3/m.018gcf/20-FaceId-0_align.webp,0.017916,1.0,0.203502886181973
database3/database3/m.018gcf/28-FaceId-0_align.webp,0.0,1.0,0.2285826318899546
database3/database3/m.018gjx/0-FaceId-0_align.webp,0.03658,1.0,0.2130193844215044
database3/database3/m.018gjx/88-FaceId-1_align.webp,0.040357,1.0,0.2142203238738322
database3/database3/m.018gkb/31-FaceId-0_align.webp,0.133832,1.0,0.2803626581549579
database3/database3/m.018gkb/69-FaceId-0_align.webp,0.119964,1.0,0.213761352578623
database3/database3/m.018gl5/55-FaceId-0_align.webp,0.0,1.0,0.2049664560325973
database3/database3/m.018gn4/7-FaceId-0_align.webp,0.045659,1.0,0.2283668427813024
database3/database3/m.018gn4/95-FaceId-0_align.webp,0.084694,1.0,0.2258447274230272
database3/database3/m.018gqj/17-FaceId-0_align.webp,0.18042,1.0,0.2190710034150496
database3/database3/m.018gqj/45-FaceId-0_align.webp,0.048033,1.0,0.2193287718265601
database3/database3/m.018gqj/51-FaceId-0_align.webp,0.113401,1.0,0.2328839301866556
database3/database3/m.018gqj/9-FaceId-0_align.webp,0.182644,1.0,0.2407519493242812
database3/database3/m.018gsl/54-FaceId-0_align.webp,0.015144,1.0,0.3916083609280671
database3/database3/m.018gw3/19-FaceId-0_align.webp,0.042889,1.0,0.3437280342528199
database3/database3/m.018h84/20-FaceId-0_align.webp,0.006714,1.0,0.2234086361871108
database3/database3/m.018h84/4-FaceId-0_align.webp,0.077047,1.0,0.1750130985307083
database3/database3/m.018hhw/26-FaceId-0_align.webp,0.058762,0.0,0.2224602103226126
database3/database3/m.018hwl/22-FaceId-0_align.webp,0.105538,1.0,0.2635760894776199
database3/database3/m.018j3w/52-FaceId-0_align.webp,0.03127,1.0,0.1779085673344567
database3/database3/m.018j4c/21-FaceId-0_align.webp,0.159984,1.0,0.2104356348152461
database3/database3/m.018j4c/60-FaceId-0_align.webp,0.116911,1.0,0.2645580522868249
database3/database3/m.018j4c/72-FaceId-0_align.webp,0.050298,1.0,0.2195014574072024
database3/database3/m.018j5m/87-FaceId-0_align.webp,0.119486,0.0,0.256513320274198
database3/database3/m.018jnn/6-FaceId-0_align.webp,0.046059,1.0,0.1820624694528756
database3/database3/m.018jnn/60-FaceId-0_align.webp,0.021036,1.0,0.178394653862931
database3/database3/m.018jz8/4-FaceId-0_align.webp,0.129694,1.0,0.2157591954079734
database3/database3/m.018kd0/56-FaceId-0_align.webp,0.078738,1.0,0.22452116107963
database3/database3/m.018kjc/45-FaceId-0_align.webp,0.336481,1.0,0.2626329575782186
database3/database3/m.018kjc/74-FaceId-0_align.webp,0.359873,1.0,0.2558397541415019
database3/database3/m.018lb1/1-FaceId-0_align.webp,0.066363,0.0,0.2156970051238131
database3/database3/m.018lb1/113-FaceId-0_align.webp,0.174767,0.0,0.2258986396017384
database3/database3/m.018lb1/45-FaceId-0_align.webp,0.011283,0.0,0.2013094111253592
database3/database3/m.018lb1/60-FaceId-0_align.webp,0.101898,0.0,0.2121874685550885
database3/database3/m.018lb1/67-FaceId-0_align.webp,0.058712,0.0,0.2329919341587264
database3/database3/m.018lp7/31-FaceId-0_align.webp,0.068826,0.0,0.2313276719109509
database3/database3/m.018lp7/5-FaceId-0_align.webp,0.037973,0.0,0.2180327258249537
database3/database3/m.018lpm/41-FaceId-0_align.webp,0.03151,1.0,0.299023492313626
database3/database3/m.018lx_/11-FaceId-0_align.webp,0.157239,1.0,0.2632621475739241
database3/database3/m.018lxn/67-FaceId-0_align.webp,0.041223,0.0,0.2081687323462577
database3/database3/m.018m5c/31-FaceId-0_align.webp,0.012538,1.0,0.1792575748319895
database3/database3/m.018m5c/6-FaceId-0_align.webp,0.013236,1.0,0.1895422694606468
database3/database3/m.018m5c/74-FaceId-0_align.webp,0.007729,1.0,0.223724596290119
database3/database3/m.018mfl/68-FaceId-0_align.webp,0.01486,1.0,0.2520891957106202
database3/database3/m.018n52/37-FaceId-0_align.webp,0.024108,1.0,0.1910044452076899
database3/database3/m.018n7d/44-FaceId-0_align.webp,0.002157,1.0,0.1908607549310595
database3/database3/m.018n9d/58-FaceId-0_align.webp,0.182622,1.0,0.2049899316018645
database3/database3/m.018nqq/25-FaceId-0_align.webp,0.02666,1.0,0.1835324265207842
database3/database3/m.018nqq/56-FaceId-0_align.webp,0.002557,1.0,0.2475648536256977
database3/database3/m.018nwp/42-FaceId-0_align.webp,0.023176,1.0,0.3277600727572283
database3/database3/m.018p19/2-FaceId-0_align.webp,0.029409,1.0,0.2640072650111882
database3/database3/m.018pj3/21-FaceId-0_align.webp,0.206243,0.0,0.1871193331160615
database3/database3/m.018pkl/117-FaceId-0_align.webp,0.00271,1.0,0.2538551494263742
database3/database3/m.018ptf/125-FaceId-1_align.webp,0.193842,0.0,0.2846917097995429
database3/database3/m.018ptf/6-FaceId-0_align.webp,0.184452,1.0,0.2125725668183101
database3/database3/m.018ptf/69-FaceId-0_align.webp,0.264398,1.0,0.2859693808429098
database3/database3/m.018ptf/87-FaceId-0_align.webp,0.284614,1.0,0.2497141461295158
database3/database3/m.018pyg/114-FaceId-0_align.webp,0.004286,0.0,0.1903360116564522
database3/database3/m.018pyg/50-FaceId-0_align.webp,0.094308,0.0,0.1859891986952436
database3/database3/m.018q7p/61-FaceId-0_align.webp,0.113962,1.0,0.2259331972331709
database3/database3/m.018qkz/35-FaceId-0_align.webp,0.11651,0.0,0.2312362316918901
database3/database3/m.018qkz/48-FaceId-0_align.webp,0.078768,0.0,0.237573551027916
database3/database3/m.018qlp/1-FaceId-0_align.webp,0.057596,0.0,0.2380483717342779
database3/database3/m.018qlp/2-FaceId-0_align.webp,0.201501,0.0,0.2623576058742485
database3/database3/m.018qlp/67-FaceId-0_align.webp,0.023725,0.0,0.2054926918710363
database3/database3/m.018qlp/73-FaceId-0_align.webp,0.048836,0.0,0.2204810303731385
database3/database3/m.018qlp/81-FaceId-0_align.webp,0.220874,0.0,0.2351744996917255
database3/database3/m.018qlp/99-FaceId-0_align.webp,0.098556,0.0,0.2291750373915086
database3/database3/m.018qn8/16-FaceId-0_align.webp,0.180079,0.0,0.2299507061818054
database3/database3/m.018qn8/24-FaceId-0_align.webp,0.067297,0.0,0.228877426039778
database3/database3/m.018qn8/3-FaceId-0_align.webp,0.144663,0.0,0.2309677495993485
database3/database3/m.018qpb/20-FaceId-0_align.webp,0.030827,0.0,0.1715789087388748
database3/database3/m.018qpb/42-FaceId-0_align.webp,0.04676,0.0,0.2032255109204837
database3/database3/m.018qr9/59-FaceId-0_align.webp,0.041718,0.0,0.2097930561350356
database3/database3/m.018qwf/0-FaceId-0_align.webp,0.034965,1.0,0.1691059659499025
database3/database3/m.018qx5/48-FaceId-0_align.webp,0.145397,0.0,0.3209419505642661
database3/database3/m.018r3g/1-FaceId-0_align.webp,0.015575,1.0,0.3940645880341107
database3/database3/m.018rsq/63-FaceId-0_align.webp,0.05182,1.0,0.1969506914940405
database3/database3/m.018rsq/82-FaceId-0_align.webp,0.021029,1.0,0.2112501240259618
database3/database3/m.018ry5/78-FaceId-0_align.webp,0.052713,1.0,0.2261189014778455
database3/database3/m.018s7v/75-FaceId-0_align.webp,0.055964,0.0,0.2328478685928647
database3/database3/m.018slq/19-FaceId-0_align.webp,0.164016,1.0,0.2303207878390343
database3/database3/m.018swb/94-FaceId-0_align.webp,0.035612,1.0,0.2332416446792105
database3/database3/m.018t67/2-FaceId-0_align.webp,0.002151,1.0,0.1689410794266662
database3/database3/m.018t67/75-FaceId-0_align.webp,0.002161,1.0,0.1788580063374331
database3/database3/m.018t67/76-FaceId-0_align.webp,0.014984,1.0,0.1870076483916308
database3/database3/m.018tfd/63-FaceId-0_align.webp,0.039426,1.0,0.1733567532255282
database3/database3/m.018tvs/4-FaceId-0_align.webp,0.186437,1.0,0.2375980755793362
database3/database3/m.018v8c/66-FaceId-0_align.webp,0.031012,1.0,0.1831033794346419
database3/database3/m.018v_8/56-FaceId-0_align.webp,0.065146,1.0,0.1865539054472504
database3/database3/m.018vhw/41-FaceId-2_align.webp,0.017996,1.0,0.3413153303283882
database3/database3/m.018vhw/84-FaceId-1_align.webp,0.010037,1.0,0.234480419336073
database3/database3/m.018vhw/94-FaceId-0_align.webp,0.022504,1.0,0.1988776339005579
database3/database3/m.018w6s/30-FaceId-0_align.webp,0.009687,1.0,0.4171286494368208
database3/database3/m.018wh0/34-FaceId-0_align.webp,0.038341,1.0,0.1859695547189156
database3/database3/m.018wqb/36-FaceId-1_align.webp,0.061601,1.0,0.2904223869965682
database3/database3/m.018x3/82-FaceId-0_align.webp,0.000249,1.0,0.1861233492789348
database3/database3/m.018x3/89-FaceId-0_align.webp,0.006661,1.0,0.2510118744393376
database3/database3/m.018xrz/49-FaceId-0_align.webp,0.084464,1.0,0.2260000923943412
database3/database3/m.018y0w/54-FaceId-0_align.webp,0.014612,1.0,0.2091483201526235
database3/database3/m.018y2s/21-FaceId-0_align.webp,0.010478,1.0,0.2181899984862719
database3/database3/m.018y4x/104-FaceId-0_align.webp,0.014664,1.0,0.2042810596212851
database3/database3/m.018y4x/94-FaceId-0_align.webp,0.083805,1.0,0.1747427744538863
database3/database3/m.018ycp/32-FaceId-0_align.webp,0.169605,1.0,0.2027300931084118
database3/database3/m.018ycp/64-FaceId-0_align.webp,0.011204,1.0,0.1979501656943938
