filename,target,gender,pred
database1/img00000154.webp,0.036749,1.0,0.0402293578085356
database1/img00000271.webp,0.229724,1.0,0.0587142062592791
database1/img00000323.webp,0.120628,0.0,0.0371363958581845
database1/img00000364.webp,0.00341,1.0,0.0362953087146321
database1/img00000371.webp,0.000249,1.0,0.0456912350342294
database1/img00000438.webp,0.102267,0.0,0.0405379558633037
database1/img00000448.webp,0.032257,0.0,0.0453440355070031
database1/img00000477.webp,0.158779,0.0,0.0280319891024027
database1/img00000491.webp,0.333523,0.0,0.0466225425927244
database1/img00000679.webp,0.022454,0.0,0.0399271585866648
database1/img00000766.webp,0.241328,0.0,0.0478791670518967
database1/img00000781.webp,0.01402,1.0,0.0400733781932576
database1/img00000793.webp,0.308688,0.0,0.0605885662926653
database1/img00000806.webp,0.083687,1.0,0.0428084848821387
database1/img00000857.webp,0.167176,0.0,0.0412252160005683
database1/img00000882.webp,0.118298,0.0,0.0405775868786381
database1/img00000903.webp,0.006576,1.0,0.0520912887926213
database1/img00000929.webp,0.021546,1.0,0.0501077594065566
database1/img00000941.webp,0.232414,0.0,0.0459974712926683
database1/img00001032.webp,0.044127,1.0,0.0545682148376238
database1/img00001145.webp,0.022379,1.0,0.036753667943714
database1/img00001291.webp,0.022322,0.0,0.0386408897425673
database1/img00001371.webp,0.148865,0.0,0.0440984233391082
database1/img00001491.webp,0.264813,0.0,0.0586642470381042
database1/img00001551.webp,0.054068,1.0,0.0431243399949555
database1/img00001573.webp,0.095382,0.0,0.0323323247297084
database1/img00001650.webp,0.088325,0.0,0.030899317406722
database1/img00001652.webp,0.074782,1.0,0.0446815927477094
database1/img00001674.webp,0.188753,0.0,0.0589571697699248
database1/img00001701.webp,0.002942,1.0,0.0450226410315285
database1/img00001779.webp,0.009358,1.0,0.1021652276504415
database1/img00001812.webp,0.017934,0.0,0.0306716948747026
database1/img00001859.webp,0.006232,1.0,0.0508980694645324
database1/img00001872.webp,0.094988,0.0,0.0399501744414788
database1/img00001883.webp,0.015755,0.0,0.0416487469790339
database1/img00001978.webp,0.02291,1.0,0.0494895280693125
database1/img00002013.webp,0.068771,1.0,0.0406002152532412
database1/img00002073.webp,0.265663,0.0,0.0475099883444915
database1/img00002136.webp,0.083835,0.0,0.0403084121014703
database1/img00002187.webp,0.062593,1.0,0.0497409764961935
database1/img00002221.webp,0.024328,1.0,0.0457622136604354
database1/img00002227.webp,0.172367,0.0,0.0508476499866713
database1/img00002414.webp,0.290565,0.0,0.0857628719802131
database1/img00002415.webp,0.370759,0.0,0.0563959350860226
database1/img00002527.webp,0.008082,0.0,0.0417215202877399
database1/img00002649.webp,0.108227,0.0,0.0383078664828506
database1/img00002695.webp,0.191496,0.0,0.0395269923401816
database1/img00002698.webp,0.019352,0.0,0.040139008596334
database1/img00002713.webp,0.025594,1.0,0.0616011124277661
database1/img00002737.webp,0.01324,1.0,0.0436035270890254
database1/img00002813.webp,0.015997,0.0,0.0320998814181873
database1/img00002915.webp,0.059948,0.0,0.0367010819939011
database1/img00002916.webp,0.061003,0.0,0.0388411106611434
database1/img00003052.webp,0.34648,0.0,0.0480462987318168
database1/img00003146.webp,0.130163,0.0,0.0295618512850456
database1/img00003162.webp,0.193332,0.0,0.0520033436962499
database1/img00003199.webp,0.314562,0.0,0.045715048840575
database1/img00003273.webp,0.126445,0.0,0.0522028450675723
database1/img00003300.webp,0.007141,1.0,0.0501156062957457
database1/img00003360.webp,0.008946,1.0,0.0419503904122335
database1/img00003390.webp,0.054933,0.0,0.0491093765606364
database1/img00003437.webp,0.01322,1.0,0.0366100613639388
database1/img00003452.webp,0.040754,0.0,0.0357923679671863
database1/img00003584.webp,0.23463,0.0,0.048475626069869
database1/img00003713.webp,0.000555,1.0,0.0346664849704203
database1/img00003746.webp,0.099051,1.0,0.0470690650959293
database1/img00003877.webp,0.01258,0.0,0.0463746223480381
database1/img00003884.webp,0.091278,0.0,0.0343581366349642
database1/img00003887.webp,0.010493,1.0,0.0816912037076178
database1/img00003978.webp,0.178955,0.0,0.0245937418745948
database1/img00004026.webp,0.365443,0.0,0.0519879745772295
database1/img00004041.webp,0.094007,0.0,0.0341524080818677
database1/img00004164.webp,0.026259,1.0,0.0387303916725748
database1/img00004216.webp,0.034337,0.0,0.0375134365278158
database1/img00004261.webp,0.165876,0.0,0.0484021522964334
database1/img00004273.webp,0.156777,0.0,0.0378750561166428
database1/img00004308.webp,0.126358,0.0,0.0394365371673508
database1/img00004416.webp,0.13739,1.0,0.0530292873919607
database1/img00004426.webp,0.364242,1.0,0.0738988469934099
database1/img00004540.webp,0.140347,0.0,0.0326551150735766
database1/img00004621.webp,0.130906,0.0,0.0419078131707742
database1/img00004701.webp,0.060368,0.0,0.0288990460908584
database1/img00004841.webp,0.021785,1.0,0.0402133233603683
database1/img00004851.webp,0.058337,1.0,0.0418460146489585
database1/img00004895.webp,0.001337,1.0,0.0404677893710599
database1/img00005027.webp,0.095752,1.0,0.0526496442306467
database1/img00005030.webp,0.114344,0.0,0.0424855506450716
database1/img00005095.webp,0.018419,0.0,0.0440055285625622
database1/img00005116.webp,0.107525,0.0,0.046902426060843
database1/img00005179.webp,0.058586,1.0,0.0462505420605599
database1/img00005208.webp,0.021009,1.0,0.1014107973410264
database1/img00005271.webp,0.408256,0.0,0.0583234226617109
database1/img00005293.webp,0.043233,0.0,0.0394798331761664
database1/img00005339.webp,0.173984,0.0,0.0304416287899642
database1/img00005347.webp,0.002911,0.0,0.0303843490304708
database1/img00005361.webp,0.189098,0.0,0.0408522412487096
database1/img00005501.webp,0.145725,0.0,0.0371211772604495
database1/img00005507.webp,0.232343,0.0,0.0728200911679826
database1/img00005509.webp,0.003247,1.0,0.0937627279173124
database1/img00005522.webp,0.185571,0.0,0.0375896822377663
database1/img00005579.webp,0.037795,1.0,0.0475277289645721
database1/img00005689.webp,0.281579,0.0,0.0409299173328072
database1/img00005696.webp,0.366924,0.0,0.07034740752168
database1/img00005723.webp,0.013358,0.0,0.0521730395643815
database1/img00005726.webp,0.041346,1.0,0.0471098253148221
database1/img00005753.webp,0.009879,0.0,0.043814467828298
database1/img00005766.webp,0.177714,0.0,0.0420717128423668
database1/img00005768.webp,0.024309,1.0,0.0539515015208145
database1/img00005822.webp,0.022373,0.0,0.0309274971373411
database1/img00005851.webp,0.375359,0.0,0.0482451371449789
database1/img00005896.webp,0.063671,0.0,0.0516688987392403
database1/img00005910.webp,0.374925,0.0,0.0444447955031503
database1/img00006003.webp,0.020291,1.0,0.0484756648976296
database1/img00006021.webp,0.018409,1.0,0.1046819396984054
database1/img00006047.webp,0.105454,0.0,0.0376874385274721
database1/img00006101.webp,0.326093,0.0,0.0511580135492722
database1/img00006168.webp,0.00248,1.0,0.0318120993110104
database1/img00006196.webp,0.0412,1.0,0.0421252692750137
database1/img00006204.webp,0.331116,1.0,0.0499194892494994
database1/img00006269.webp,0.011789,1.0,0.0456279095253422
database1/img00006334.webp,0.003849,1.0,0.0344040279777543
database1/img00006414.webp,0.208227,0.0,0.043288290529838
database1/img00006420.webp,0.026323,1.0,0.0483682224390696
database1/img00006436.webp,0.008945,1.0,0.0562671365679878
database1/img00006571.webp,0.06176,0.0,0.0345821339074718
database1/img00006576.webp,0.028441,1.0,0.0675481743831514
database1/img00006629.webp,0.000814,1.0,0.0298687586034804
database1/img00006690.webp,0.119839,0.0,0.0375137733946047
database1/img00006694.webp,0.019638,1.0,0.0390798479331792
database1/img00006722.webp,0.383369,0.0,0.0612045426086841
database1/img00006757.webp,0.169654,1.0,0.0680405736728228
database1/img00007032.webp,0.079705,0.0,0.0427669175678223
database1/img00007152.webp,0.296672,0.0,0.0543174012870384
database1/img00007289.webp,0.004896,1.0,0.0505778769527177
database1/img00007329.webp,0.096683,0.0,0.042341606335457
database1/img00007335.webp,0.012784,1.0,0.0501104327556512
database1/img00007354.webp,0.047242,0.0,0.0346894381045194
database1/img00007383.webp,0.020362,1.0,0.0321233070029164
database1/img00007416.webp,0.105824,1.0,0.0498275857174102
database1/img00007435.webp,0.275659,0.0,0.0706909020704058
database1/img00007452.webp,0.091268,0.0,0.0365147042214882
database1/img00007454.webp,0.052407,1.0,0.0544803732180436
database1/img00007468.webp,0.289625,0.0,0.0675898861294384
database1/img00007470.webp,0.024029,1.0,0.1249939355833733
database1/img00007537.webp,0.023879,0.0,0.0407512491832407
database1/img00007538.webp,0.239526,0.0,0.0439164920255724
database1/img00007592.webp,0.092299,0.0,0.0395262473281082
database1/img00007663.webp,0.000453,1.0,0.0369580633828959
database1/img00007675.webp,0.145663,0.0,0.0358349246273059
database1/img00007764.webp,0.212475,0.0,0.0417617717293612
database1/img00007790.webp,0.273678,0.0,0.0539685519928966
database1/img00007837.webp,0.07434,0.0,0.0365687489835826
database1/img00007851.webp,0.187909,0.0,0.0430266508970494
database1/img00007897.webp,0.021438,1.0,0.0438049632670235
database1/img00007955.webp,0.100119,0.0,0.0381833170402705
database1/img00007965.webp,0.126287,0.0,0.0297830278740492
database1/img00008054.webp,0.125876,0.0,0.0317378885116542
database1/img00008062.webp,0.192134,0.0,0.0560688137335832
database1/img00008079.webp,0.010384,1.0,0.0434428534944395
database1/img00008191.webp,0.127108,1.0,0.0553731446993423
database1/img00008233.webp,0.03355,1.0,0.053358839476913
database1/img00008333.webp,0.123145,0.0,0.0377510309052548
database1/img00008350.webp,0.003002,0.0,0.0341597304309238
database1/img00008419.webp,0.136366,0.0,0.0442735696767592
database1/img00008444.webp,0.19563,0.0,0.0407337854960353
database1/img00008485.webp,0.153649,0.0,0.0314895398469576
database1/img00008500.webp,0.243166,1.0,0.0510668611707938
database1/img00008540.webp,0.020411,1.0,0.0450678699118224
database1/img00008619.webp,0.172849,1.0,0.0429980814526503
database1/img00008684.webp,0.116788,1.0,0.0900167939902753
database1/img00008694.webp,0.257404,1.0,0.0592825154644041
database1/img00008702.webp,0.150713,0.0,0.0391656301720235
database1/img00008778.webp,0.047436,1.0,0.0494178923733314
database1/img00008864.webp,0.142253,1.0,0.0423049256631697
database1/img00008929.webp,0.025151,1.0,0.0352745060976934
database1/img00009119.webp,0.134423,0.0,0.0392521315452988
database1/img00009131.webp,0.11769,0.0,0.0358136819151652
database1/img00009180.webp,0.22272,0.0,0.0517959015752159
database1/img00009210.webp,0.133618,1.0,0.043258924068911
database1/img00009215.webp,0.015083,1.0,0.1066636456247172
database1/img00009309.webp,0.232271,0.0,0.0674051668796439
database1/img00009310.webp,0.032707,1.0,0.0543072477991519
database1/img00009395.webp,0.188981,0.0,0.0336044613736685
database1/img00009397.webp,0.022474,0.0,0.0341831597052841
database1/img00009399.webp,0.009987,1.0,0.0387429105242692
database1/img00009423.webp,0.205953,0.0,0.0415744721757772
database1/img00009521.webp,0.096612,0.0,0.0337266082376393
database1/img00009606.webp,0.062144,1.0,0.0414332467018299
database1/img00009643.webp,0.076471,0.0,0.0380948146937497
database1/img00009666.webp,0.249637,0.0,0.0414054775138074
database1/img00009740.webp,0.056754,0.0,0.0404592302491686
database1/img00009804.webp,0.00402,1.0,0.0781877793579845
database1/img00009898.webp,0.123271,0.0,0.0376074644493585
database1/img00009952.webp,0.220282,0.0,0.0480606534493577
database1/img00009963.webp,0.081114,1.0,0.046330541436278
database1/img00010009.webp,0.161796,0.0,0.0360483059941382
database1/img00010196.webp,0.131846,0.0,0.0367261724669852
database1/img00010250.webp,0.119697,0.0,0.0553239314609268
database1/img00010353.webp,0.145055,0.0,0.040454479261686
database1/img00010363.webp,0.133258,0.0,0.0378940894052289
database1/img00010383.webp,0.010398,1.0,0.0294680602971622
database1/img00010445.webp,0.356323,0.0,0.0430067192745958
database1/img00010509.webp,0.056891,1.0,0.0583749040269273
database1/img00010530.webp,0.091729,0.0,0.0410457742701623
database1/img00010535.webp,0.304853,0.0,0.0583918308883956
database1/img00010537.webp,0.013696,0.0,0.0472141977399527
database1/img00010580.webp,0.154987,1.0,0.038983850862687
database1/img00010612.webp,0.334599,0.0,0.0470881058103005
database1/img00010629.webp,0.060911,0.0,0.0329013173746307
database1/img00010643.webp,0.114721,1.0,0.038428075641425
database1/img00010674.webp,0.023709,0.0,0.038608881631902
database1/img00010757.webp,0.206361,0.0,0.0424419089685927
database1/img00010780.webp,0.013969,0.0,0.0394247182055172
database1/img00010790.webp,0.031334,0.0,0.0346043055125213
database1/img00010806.webp,0.065196,0.0,0.0380702043213372
database1/img00010887.webp,0.081617,0.0,0.0406526397739441
database1/img00010888.webp,0.233141,1.0,0.0628552554641629
database1/img00010982.webp,0.00745,1.0,0.0531774697789508
database1/img00010983.webp,0.20866,0.0,0.0410317898024556
database1/img00011118.webp,0.178597,1.0,0.0785862691402691
database1/img00011128.webp,0.27358,1.0,0.045042358604766
database1/img00011142.webp,0.28074,1.0,0.0553568311880007
database1/img00011296.webp,0.108452,1.0,0.0575563579454089
database1/img00011507.webp,0.092578,0.0,0.0488101526973678
database1/img00011516.webp,0.087323,0.0,0.0383225737343589
database1/img00011597.webp,0.091441,0.0,0.0386068356191219
database1/img00011619.webp,0.253533,0.0,0.0501690806161606
database1/img00011623.webp,0.079619,0.0,0.035017497629965
database1/img00011711.webp,0.412517,0.0,0.0693516286707313
database1/img00011737.webp,0.360567,0.0,0.0519994783791811
database1/img00011787.webp,0.009168,1.0,0.0411754999759536
database1/img00011827.webp,0.096535,0.0,0.0405182470614991
database1/img00011910.webp,0.153312,0.0,0.0425275347034182
database1/img00011946.webp,0.118833,0.0,0.0394365995058554
database1/img00011981.webp,0.044401,1.0,0.0449866780000994
database1/img00011982.webp,0.064973,1.0,0.038529223430363
database1/img00012046.webp,0.013245,1.0,0.0472386101602165
database1/img00012050.webp,0.169118,0.0,0.0372772915572923
database1/img00012055.webp,0.118938,0.0,0.0404015896717619
database1/img00012083.webp,0.105677,1.0,0.0418498754268875
database1/img00012173.webp,0.148639,0.0,0.0401907386566504
database1/img00012174.webp,0.13274,0.0,0.0437242779881844
database1/img00012175.webp,0.161502,0.0,0.0436370218849047
database1/img00012194.webp,0.057599,0.0,0.0395444986955516
database1/img00012259.webp,0.022948,1.0,0.0857723345045723
database1/img00012293.webp,0.081765,0.0,0.0404426149051139
database1/img00012367.webp,0.265563,0.0,0.0540314839025028
database1/img00012402.webp,0.08769,0.0,0.0399684806187955
database1/img00012413.webp,0.178087,0.0,0.0413849854996101
database1/img00012417.webp,0.047864,1.0,0.0398618832079629
database1/img00012444.webp,0.279593,0.0,0.0465875895375504
database1/img00012509.webp,0.14518,0.0,0.0321930997195
database1/img00012555.webp,0.159567,0.0,0.0429301703561595
database1/img00012681.webp,0.00788,1.0,0.0393018095026678
database1/img00012805.webp,0.03627,0.0,0.0392691980856426
database1/img00012844.webp,0.027729,1.0,0.0452777896475023
database1/img00012874.webp,0.002528,1.0,0.0839364774943598
database1/img00012883.webp,0.105193,1.0,0.0422186358256437
database1/img00012980.webp,0.021348,1.0,0.0439435858362629
database1/img00013033.webp,0.378744,0.0,0.0559155401330245
database1/img00013074.webp,0.20406,0.0,0.0553593618872141
database1/img00013089.webp,0.0,1.0,0.0338512296338861
database1/img00013099.webp,0.124905,0.0,0.0557250578652753
database1/img00013109.webp,0.255454,0.0,0.1129097380168255
database1/img00013151.webp,0.003784,1.0,0.0388506496049935
database1/img00013182.webp,0.112701,0.0,0.0373588200028945
database1/img00013213.webp,0.208104,1.0,0.0641959797343216
database1/img00013311.webp,0.021686,1.0,0.0448354968685844
database1/img00013313.webp,0.096531,0.0,0.0462098856925809
database1/img00013345.webp,0.111239,1.0,0.0433537149247574
database1/img00013392.webp,0.234015,0.0,0.0405121040271267
database1/img00013433.webp,0.013693,1.0,0.045622859036801
database1/img00013450.webp,0.007936,1.0,0.0398936480078801
database1/img00013515.webp,0.055869,0.0,0.0377371095824919
database1/img00013591.webp,0.097683,0.0,0.036421263512663
database1/img00013659.webp,0.005492,0.0,0.0419910999218267
database1/img00013777.webp,0.039118,0.0,0.0381436506246418
database1/img00013856.webp,0.08085,0.0,0.0510586684741215
database1/img00013896.webp,0.155239,0.0,0.0424285347507099
database1/img00013978.webp,0.216187,1.0,0.0539910724236621
database1/img00014030.webp,0.009111,0.0,0.0522241210135377
database1/img00014146.webp,0.019737,0.0,0.0395217027973548
database1/img00014277.webp,0.009327,1.0,0.0521555523477661
database1/img00014440.webp,0.313716,0.0,0.0535462210661678
database1/img00014506.webp,0.002933,0.0,0.0448415203404047
database1/img00014634.webp,0.124116,1.0,0.0417494977778122
database1/img00014645.webp,0.294956,1.0,0.051361557216475
database1/img00014657.webp,0.009173,1.0,0.0352796871860524
database1/img00014808.webp,0.222577,0.0,0.0507374989061198
database1/img00014845.webp,0.184098,0.0,0.042680012614311
database1/img00014912.webp,0.085464,0.0,0.0408369983987506
database1/img00014924.webp,0.071344,1.0,0.0541045956384185
database1/img00015038.webp,0.222266,1.0,0.0520113185064279
database1/img00015081.webp,0.134204,0.0,0.0589604142624653
database1/img00015348.webp,0.225921,0.0,0.0498519302028867
database1/img00015359.webp,0.033386,0.0,0.0380249494386754
database1/img00015476.webp,0.164199,0.0,0.0570457612308069
database1/img00015498.webp,0.128891,0.0,0.0348095865747448
database1/img00015505.webp,0.086803,0.0,0.0387521866734779
database1/img00015509.webp,0.096299,1.0,0.0547148328754879
database1/img00015766.webp,0.128287,0.0,0.0369945436995694
database1/img00015784.webp,0.198335,0.0,0.0458840280838649
database1/img00015947.webp,0.126497,0.0,0.0386256943109674
database1/img00016004.webp,0.076385,0.0,0.0396576876263803
database1/img00016096.webp,0.018479,1.0,0.0496727574265293
database1/img00016164.webp,0.009807,1.0,0.0442625552434408
database1/img00016181.webp,0.000908,1.0,0.0369163800332836
database1/img00016288.webp,0.368142,0.0,0.085565810560939
database1/img00016296.webp,0.233928,0.0,0.0409264652619356
database1/img00016398.webp,0.070727,0.0,0.0381244552361727
database1/img00016442.webp,0.050167,0.0,0.037108696282731
database1/img00016457.webp,0.145227,1.0,0.0434269853101296
database1/img00016490.webp,0.091022,0.0,0.0326960011061807
database1/img00016497.webp,0.144198,0.0,0.042268173616953
database1/img00016611.webp,0.10049,0.0,0.0385442757985902
database1/img00016679.webp,0.001846,0.0,0.0502428456506813
database1/img00016886.webp,0.012909,1.0,0.0401425410001489
database1/img00016934.webp,0.076123,1.0,0.0367097322004164
database1/img00016955.webp,0.030027,1.0,0.0532857829394309
database1/img00017135.webp,0.137474,0.0,0.0389862289851592
database1/img00017144.webp,0.291437,0.0,0.0452779580380664
database1/img00017157.webp,0.097188,0.0,0.0383499930867452
database1/img00017237.webp,0.019539,0.0,0.0363591539201162
database1/img00017467.webp,0.193369,0.0,0.0559246557875945
database1/img00017485.webp,0.231654,0.0,0.0676497637620484
database1/img00017623.webp,0.273226,0.0,0.0438553424538869
database1/img00017648.webp,0.013591,1.0,0.0355671735414065
database1/img00017737.webp,0.0127,1.0,0.0458895187412616
database1/img00017893.webp,0.369649,0.0,0.0529782883738891
database1/img00018025.webp,0.125656,0.0,0.0353687316985563
database1/img00018042.webp,0.016056,1.0,0.0409272550629983
database1/img00018045.webp,0.096288,0.0,0.0379723045482317
database1/img00018076.webp,0.184672,1.0,0.0432494362937128
database1/img00018117.webp,0.020611,0.0,0.0434599965851661
database1/img00018133.webp,0.049189,0.0,0.0394848947883496
database1/img00018173.webp,0.28192,0.0,0.0489818655038385
database1/img00018225.webp,0.130293,0.0,0.0337929538461315
database1/img00018284.webp,0.238474,0.0,0.0448967049294679
database1/img00018380.webp,0.182421,0.0,0.0371481066588744
database1/img00018422.webp,0.021826,0.0,0.0435568482184046
database1/img00018465.webp,0.041569,1.0,0.0461877359575635
database1/img00018500.webp,0.147015,0.0,0.0372875699687394
database1/img00018591.webp,0.11045,0.0,0.0460485593561241
database1/img00018619.webp,0.026771,1.0,0.0473266525846513
database1/img00018643.webp,0.14475,0.0,0.0430538599904913
database1/img00018689.webp,0.008002,0.0,0.0463367915172467
database1/img00018779.webp,0.045676,1.0,0.0404978927014704
database1/img00018873.webp,0.099329,0.0,0.0356917988842458
database1/img00018963.webp,0.0236,1.0,0.1391241696770783
database1/img00019125.webp,0.039224,1.0,0.0491941733703915
database1/img00019151.webp,0.151887,0.0,0.053509706218658
database1/img00019162.webp,0.357571,0.0,0.0541304157813161
database1/img00019165.webp,0.070241,1.0,0.0526945268697224
database1/img00019172.webp,0.017685,0.0,0.0349979278298041
database1/img00019200.webp,0.017214,1.0,0.0429854596794171
database1/img00019353.webp,0.013152,0.0,0.0362314855906905
database1/img00019360.webp,0.02429,1.0,0.0408930399962424
database1/img00019362.webp,0.226958,0.0,0.0422753995942417
database1/img00019406.webp,0.122785,0.0,0.0417327797703638
database1/img00019511.webp,0.00639,1.0,0.0415802562723736
database1/img00019553.webp,0.097165,0.0,0.0389081847448715
database1/img00019616.webp,0.008603,1.0,0.0484668167721713
database1/img00019625.webp,0.044642,1.0,0.0543999289280958
database1/img00019811.webp,0.135181,0.0,0.0383464850497485
database1/img00019846.webp,0.085115,0.0,0.0394852305331514
database1/img00019883.webp,0.295134,0.0,0.0612176400419252
database1/img00019956.webp,0.121542,0.0,0.0385217320392604
database1/img00020019.webp,0.245216,0.0,0.0445901203123586
database1/img00020092.webp,0.229511,0.0,0.0540851330402466
database1/img00020095.webp,0.369647,0.0,0.0550194955589279
database1/img00020106.webp,0.016139,1.0,0.0363717860970587
database1/img00020280.webp,0.093764,0.0,0.0379716443455228
database1/img00020383.webp,0.174486,0.0,0.0411108483081812
database1/img00020425.webp,0.105022,0.0,0.0367131862265223
database1/img00020495.webp,0.101841,0.0,0.0413203255777367
database1/img00020506.webp,0.143822,0.0,0.0411922917760341
database1/img00020690.webp,0.113169,0.0,0.0383319365356308
database1/img00020757.webp,0.123725,0.0,0.0390495668561668
database1/img00020765.webp,0.148549,0.0,0.0383632142263722
database1/img00020799.webp,0.406729,0.0,0.0680415947814611
database1/img00020831.webp,0.0,1.0,0.0310182099762838
database1/img00020839.webp,0.164052,0.0,0.0361023929234158
database1/img00020840.webp,0.164657,0.0,0.0420350025770074
database1/img00020876.webp,0.039848,0.0,0.0439347473654316
database1/img00020958.webp,0.18413,1.0,0.0516319769377306
database1/img00021024.webp,0.011248,1.0,0.0505571195166591
database1/img00021028.webp,0.079159,0.0,0.0338892225153487
database1/img00021119.webp,0.231027,0.0,0.0322736147210656
database1/img00021174.webp,0.029653,1.0,0.0423758303451546
database1/img00021203.webp,0.100309,1.0,0.085749098560114
database1/img00021240.webp,0.12352,0.0,0.0408940536837959
database1/img00021256.webp,0.115372,0.0,0.0370247885036036
database1/img00021294.webp,0.230757,0.0,0.0500541946397665
database1/img00021336.webp,0.216002,0.0,0.0414715641837999
database1/img00021374.webp,0.038864,0.0,0.0392804849194821
database1/img00021382.webp,0.023478,1.0,0.0967644063725477
database1/img00021398.webp,0.118902,0.0,0.1035933014934684
database1/img00021523.webp,0.125539,0.0,0.0400866301501043
database1/img00021529.webp,0.020743,0.0,0.0402475047708204
database1/img00021585.webp,0.323915,0.0,0.0423679887842997
database1/img00021592.webp,0.053661,1.0,0.0444415592436236
database1/img00021620.webp,0.012103,1.0,0.049150056877077
database1/img00021622.webp,0.258145,0.0,0.0485543263942837
database1/img00021629.webp,0.347567,0.0,0.0532497758031473
database1/img00021724.webp,0.117861,0.0,0.0414294614140591
database1/img00021737.webp,0.042247,1.0,0.0432307285331191
database1/img00021763.webp,0.319156,0.0,0.0651422913988742
database1/img00021881.webp,0.200485,0.0,0.0375675228335225
database1/img00021891.webp,0.158308,0.0,0.0390810231728188
database1/img00022037.webp,0.280548,0.0,0.0574477408255947
database1/img00022062.webp,0.084716,1.0,0.0350655424120687
database1/img00022089.webp,0.105552,0.0,0.0385008064414838
database1/img00022098.webp,0.019455,1.0,0.0433558706836743
database1/img00022099.webp,0.017022,1.0,0.0500248146029662
database1/img00022106.webp,0.009696,1.0,0.0415352962425911
database1/img00022110.webp,0.247685,0.0,0.0619412957434791
database1/img00022174.webp,0.246505,1.0,0.0525186954316288
database1/img00022220.webp,0.197348,0.0,0.0741493492148198
database1/img00022367.webp,0.130304,0.0,0.0436351099529902
database1/img00022458.webp,0.178211,1.0,0.0442888549445728
database1/img00022462.webp,0.147091,1.0,0.0468344256188901
database1/img00022521.webp,0.025301,1.0,0.0393936776327501
database1/img00022669.webp,0.094607,1.0,0.1145753928054723
database1/img00022715.webp,0.056654,0.0,0.0337907090376887
database1/img00022789.webp,0.207616,0.0,0.0715461883055991
database1/img00022833.webp,0.037262,1.0,0.046633983870278
database1/img00022848.webp,0.082086,0.0,0.0384303750440331
database1/img00022964.webp,0.170935,0.0,0.0428382367314962
database1/img00023014.webp,0.001544,1.0,0.1253144230360363
database1/img00023146.webp,0.103648,1.0,0.0514939896849242
database1/img00023176.webp,0.028973,1.0,0.0793155749730449
database1/img00023181.webp,0.102577,0.0,0.0413336886505931
database1/img00023337.webp,0.089515,0.0,0.0358152694541791
database1/img00023439.webp,0.005019,1.0,0.0456952135870773
database1/img00023478.webp,0.105124,0.0,0.0343416962262722
database1/img00023517.webp,0.050744,0.0,0.043022650714304
database1/img00023568.webp,0.010958,1.0,0.0545705291541389
database1/img00023725.webp,0.203847,0.0,0.0414148759427177
database1/img00023876.webp,0.079286,0.0,0.036319710447151
database1/img00023903.webp,0.124474,0.0,0.0296450966989731
database1/img00024004.webp,0.151347,0.0,0.045505907637659
database1/img00024033.webp,0.008003,1.0,0.0479551045865737
database1/img00024054.webp,0.158105,0.0,0.0387689080095903
database1/img00024075.webp,0.098827,0.0,0.0424570022526296
database1/img00024097.webp,0.056329,1.0,0.0400037649514521
database1/img00024151.webp,0.223931,0.0,0.0351927779599916
database1/img00024251.webp,0.125194,0.0,0.0382639360926844
database1/img00024286.webp,0.203387,0.0,0.0707949043770242
database1/img00024330.webp,0.039351,0.0,0.0542833208640912
database1/img00024429.webp,0.001011,1.0,0.0345170157708506
database1/img00024472.webp,0.231978,0.0,0.0459665509035871
database1/img00024480.webp,0.229159,0.0,0.0446851284177403
database1/img00024496.webp,0.010786,0.0,0.0499621608408356
database1/img00024553.webp,0.040348,1.0,0.0460630463602308
database1/img00024607.webp,0.016616,1.0,0.0440639375610694
database1/img00024687.webp,0.27365,0.0,0.0481001955645225
database1/img00024753.webp,0.192923,0.0,0.0433940940782816
database1/img00024774.webp,0.053221,0.0,0.0381887204002365
database1/img00025064.webp,0.015037,0.0,0.0327251983671326
database1/img00025075.webp,0.298755,0.0,0.0514486745169301
database1/img00025133.webp,0.155681,1.0,0.0595141246245996
database1/img00025166.webp,0.014644,0.0,0.0406040946566473
database1/img00025308.webp,0.026547,1.0,0.044634741655539
database1/img00025347.webp,0.003317,1.0,0.0481552900491631
database1/img00025392.webp,0.084647,0.0,0.0393466876195452
database1/img00025465.webp,0.083236,0.0,0.0519441436423088
database1/img00025509.webp,0.003962,0.0,0.050864835871346
database1/img00025534.webp,0.073372,0.0,0.0430473153668735
database1/img00025566.webp,0.059194,1.0,0.0486656310866961
database1/img00025641.webp,0.045629,1.0,0.0504587299765093
database1/img00025678.webp,0.113275,0.0,0.0401753448021996
database1/img00025969.webp,0.033245,1.0,0.0438751427334143
database1/img00026052.webp,0.217685,0.0,0.0486237598604514
database1/img00026073.webp,0.052874,0.0,0.0362501066861987
database1/img00026088.webp,0.15625,0.0,0.0426625330205926
database1/img00026103.webp,0.013345,1.0,0.0524518099027421
database1/img00026169.webp,0.063574,1.0,0.0575807883087516
database1/img00026178.webp,0.317092,0.0,0.06117922399663
database1/img00026249.webp,0.008453,1.0,0.0519693430201367
database1/img00026281.webp,0.219012,1.0,0.0653504575215084
database1/img00026282.webp,0.011198,1.0,0.0490739241653698
database1/img00026305.webp,0.138547,1.0,0.0484962448276562
database1/img00026333.webp,0.154155,0.0,0.0378556469232523
database1/img00026341.webp,0.145098,0.0,0.1018995007847718
database1/img00026380.webp,0.102089,0.0,0.0423665792486485
database1/img00026418.webp,0.030072,1.0,0.0413694395417865
database1/img00026462.webp,0.007743,0.0,0.0413478444046404
database1/img00026473.webp,0.0,1.0,0.0419704939278019
database1/img00026493.webp,0.222605,0.0,0.0398254218012952
database1/img00026505.webp,0.024604,1.0,0.0514938292682281
database1/img00026554.webp,0.005176,1.0,0.0486610051181436
database1/img00026653.webp,0.0,0.0,0.0306358872628548
database1/img00026673.webp,0.305916,0.0,0.0441039412221055
database1/img00026714.webp,0.210407,0.0,0.0423171758070052
database1/img00026908.webp,0.046474,0.0,0.0382695165624622
database1/img00027013.webp,0.003769,0.0,0.0378089447039899
database1/img00027032.webp,0.007456,0.0,0.0513396952540475
database1/img00027062.webp,0.046983,1.0,0.0402156174948671
database1/img00027147.webp,0.083316,1.0,0.0523999990648695
database1/img00027201.webp,0.173566,0.0,0.0400093748031858
database1/img00027213.webp,0.102301,0.0,0.040008472019086
database1/img00027267.webp,0.025949,0.0,0.0388520478495669
database1/img00027278.webp,0.04282,0.0,0.0392353491629285
database1/img00027291.webp,0.037481,1.0,0.0489606079588177
database1/img00027300.webp,0.162757,0.0,0.0403196422444365
database1/img00027329.webp,0.120534,0.0,0.0285770937022025
database1/img00027355.webp,0.012954,0.0,0.0417140860700256
database1/img00027400.webp,0.093064,1.0,0.1421620299481104
database1/img00027672.webp,0.024684,0.0,0.0371720891146162
database1/img00027691.webp,0.263468,1.0,0.0537194525169325
database1/img00027708.webp,0.011879,1.0,0.0795217495397019
database1/img00027826.webp,0.008279,1.0,0.0468352026151578
database1/img00027870.webp,0.156292,0.0,0.0428063176231299
database1/img00027888.webp,0.010368,1.0,0.0479771411974953
database1/img00027943.webp,0.005057,1.0,0.0532146552377016
database1/img00027980.webp,0.1488,0.0,0.0403033823677548
database1/img00028069.webp,0.00506,1.0,0.0508446714842644
database1/img00028087.webp,0.001205,1.0,0.0346668373679186
database1/img00028101.webp,0.0173,1.0,0.0411987627080688
database1/img00028174.webp,0.122309,0.0,0.0387523812877213
database1/img00028222.webp,0.107143,0.0,0.0381520220987615
database1/img00028224.webp,0.146398,0.0,0.0459057581844718
database1/img00028300.webp,0.012183,0.0,0.0413196197498416
database1/img00028356.webp,0.152613,0.0,0.0310278192111672
database1/img00028517.webp,0.382837,0.0,0.0580371728038999
database1/img00028551.webp,0.203166,0.0,0.0668787995672566
database1/img00028578.webp,0.061325,0.0,0.0363569787760936
database1/img00028581.webp,0.020189,1.0,0.0409674331222679
database1/img00028723.webp,0.12276,0.0,0.0422863719579727
database1/img00028742.webp,0.061928,0.0,0.0320420977251331
database1/img00028757.webp,0.031527,1.0,0.0458250315060848
database1/img00028784.webp,0.01652,0.0,0.0385043851823247
database1/img00028843.webp,0.045216,1.0,0.0547927514038024
database1/img00028942.webp,0.085705,0.0,0.0326423991564182
database1/img00029059.webp,0.201976,0.0,0.0429272682020736
database1/img00029154.webp,0.027398,0.0,0.087363210808986
database1/img00029252.webp,0.011317,1.0,0.0499886239145532
database1/img00029315.webp,0.223811,0.0,0.0487427207365922
database1/img00029326.webp,0.073163,0.0,0.0342730668998247
database1/img00029393.webp,0.181547,0.0,0.0401559495412537
database1/img00029479.webp,0.172507,1.0,0.0534937082433822
database1/img00029527.webp,9.6e-05,1.0,0.0366866760790264
database1/img00029586.webp,0.049823,0.0,0.0404835711824643
database1/img00029691.webp,0.030185,1.0,0.0523908080145959
database1/img00029706.webp,0.21533,1.0,0.1076039119652915
database1/img00029758.webp,0.113217,0.0,0.0377914614899007
database1/img00029778.webp,0.154551,0.0,0.0571806894316988
database1/img00029960.webp,0.383842,0.0,0.0523439524121407
database2/database2/test/148.webp,0.048036,1.0,0.0412509579331583
database2/database2/test/190.webp,0.086509,1.0,0.1136565334408731
database2/database2/test/216.webp,0.245817,0.0,0.0381433868845812
database2/database2/test/232.webp,0.275174,0.0,0.0451385484524361
database2/database2/test/239.webp,0.175156,0.0,0.0522961312637805
database2/database2/test/266.webp,0.213241,0.0,0.0438308408621371
database2/database2/test/34.webp,0.050154,0.0,0.0396164868100092
database2/database2/test/453.webp,0.089504,1.0,0.026005158777186
database2/database2/test/472.webp,0.226614,1.0,0.0664136123933002
database2/database2/test/91.webp,0.465517,1.0,0.0480961958079982
database2/database2/train/1009.webp,0.104761,1.0,0.0754710722000622
database2/database2/train/1240.webp,0.146101,0.0,0.0460594422380519
database2/database2/train/1258.webp,0.246853,0.0,0.1578466398692405
database2/database2/train/127.webp,0.075508,0.0,0.0318462213385584
database2/database2/train/1279.webp,0.000502,1.0,0.105939242598866
database2/database2/train/1311.webp,0.172932,1.0,0.1519572411167127
database2/database2/train/174.webp,0.051776,1.0,0.1478352372670149
database2/database2/train/203.webp,0.050641,1.0,0.0473860383767128
database2/database2/train/219.webp,0.142928,0.0,0.0474236719073909
database2/database2/train/233.webp,0.281943,1.0,0.0611367025682352
database2/database2/train/26.webp,0.011878,0.0,0.0379179637342432
database2/database2/train/34.webp,0.095641,0.0,0.0571415124171453
database2/database2/train/433.webp,0.036418,1.0,0.0507752794234961
database2/database2/train/436.webp,0.026337,1.0,0.0432097225735174
database2/database2/train/515.webp,0.012181,1.0,0.0441679932269769
database2/database2/train/547.webp,0.0,1.0,0.0319849896032831
database2/database2/train/613.webp,0.048432,0.0,0.0380133245964402
database2/database2/train/624.webp,0.123039,1.0,0.0961378949665083
database2/database2/train/650.webp,0.113219,0.0,0.0421058669273946
database2/database2/train/766.webp,0.167917,0.0,0.0539470081219669
database2/database2/train/814.webp,0.3,0.0,0.0552239282436905
database2/database2/train/846.webp,0.020085,1.0,0.0480042265577256
database2/database2/train/900.webp,0.417188,1.0,0.0531869551440049
database2/database2/train/928.webp,0.09983,0.0,0.0404545646664818
database2/database2/train/97.webp,0.048559,1.0,0.0547692400862318
database2/database2/train/992.webp,0.32608,0.0,0.05735145385441
database3/database3/m.0109kg/59-FaceId-0_align.webp,0.264823,0.0,0.0517968530156916
database3/database3/m.010bk0/59-FaceId-0_align.webp,0.021845,1.0,0.1058601899793539
database3/database3/m.010ngb/60-FaceId-0_align.webp,0.012915,1.0,0.0392105918044053
database3/database3/m.010p3/45-FaceId-0_align.webp,0.01465,1.0,0.0545002900624829
database3/database3/m.010p3/69-FaceId-0_align.webp,0.027584,1.0,0.0475394548949113
database3/database3/m.010p3/82-FaceId-0_align.webp,0.013896,1.0,0.0429556306019285
database3/database3/m.010wty2t/83-FaceId-1_align.webp,0.168202,1.0,0.0765988651000183
database3/database3/m.0112yl/20-FaceId-0_align.webp,0.035573,1.0,0.0575676370633527
database3/database3/m.01167d3z/34-FaceId-0_align.webp,0.37993,1.0,0.0636603253758457
database3/database3/m.01167d3z/74-FaceId-0_align.webp,0.319357,1.0,0.0563776095660527
database3/database3/m.011_0k/17-FaceId-0_align.webp,0.022011,1.0,0.0450630847952547
database3/database3/m.011_0k/3-FaceId-0_align.webp,0.017225,1.0,0.0482124813930283
database3/database3/m.011_0k/43-FaceId-0_align.webp,0.025252,1.0,0.0451087363398218
database3/database3/m.011_0k/77-FaceId-0_align.webp,0.126436,1.0,0.0975975792123028
database3/database3/m.011_2h/101-FaceId-0_align.webp,0.183945,0.0,0.0496223034621319
database3/database3/m.011_2h/18-FaceId-0_align.webp,0.139464,0.0,0.0735160199052559
database3/database3/m.011_2h/21-FaceId-0_align.webp,0.028243,0.0,0.042351928255663
database3/database3/m.011_3d/107-FaceId-0_align.webp,0.091414,1.0,0.0539245198176847
database3/database3/m.011_3d/31-FaceId-0_align.webp,0.156269,1.0,0.0528468356490514
database3/database3/m.011_3d/35-FaceId-0_align.webp,0.154662,1.0,0.1553088133240804
database3/database3/m.011_3s/106-FaceId-0_align.webp,0.132155,0.0,0.0476505205890833
database3/database3/m.011_3s/93-FaceId-0_align.webp,0.255275,0.0,0.0567812343321388
database3/database3/m.011_8/14-FaceId-0_align.webp,0.108434,1.0,0.0438120838235467
database3/database3/m.011_nf/83-FaceId-0_align.webp,0.036792,1.0,0.0484931369261424
database3/database3/m.011_pk/73-FaceId-0_align.webp,0.106935,1.0,0.0579261017196381
database3/database3/m.011_pk/98-FaceId-0_align.webp,0.021278,1.0,0.0338442939936182
database3/database3/m.011_r9/15-FaceId-0_align.webp,0.000453,1.0,0.0409252069486475
database3/database3/m.011_r9/35-FaceId-0_align.webp,0.0,1.0,0.0286300227791869
database3/database3/m.011h_w/16-FaceId-0_align.webp,0.023388,1.0,0.0963105563383554
database3/database3/m.011h_w/57-FaceId-0_align.webp,0.034974,1.0,0.0754708949197698
database3/database3/m.011hdn/3-FaceId-0_align.webp,0.144586,1.0,0.0729175497304157
database3/database3/m.011hm1/28-FaceId-0_align.webp,0.045589,0.0,0.0570725026775869
database3/database3/m.011hm1/59-FaceId-0_align.webp,0.308314,0.0,0.0584231083652545
database3/database3/m.011hmd/24-FaceId-0_align.webp,0.029049,1.0,0.0828270486035621
database3/database3/m.011jfg/102-FaceId-0_align.webp,0.016853,0.0,0.0440692352054066
database3/database3/m.011jfg/64-FaceId-0_align.webp,0.014724,0.0,0.0459986893998761
database3/database3/m.011kd9/42-FaceId-0_align.webp,0.092666,1.0,0.0
database3/database3/m.011kd9/48-FaceId-0_align.webp,0.021031,1.0,0.103049187362253
database3/database3/m.011l17/115-FaceId-0_align.webp,0.008147,1.0,0.0429350763449224
database3/database3/m.011l17/73-FaceId-0_align.webp,0.013848,1.0,0.0486672838075936
database3/database3/m.011l17/78-FaceId-0_align.webp,0.000371,1.0,0.0405144131471588
database3/database3/m.011lf5/30-FaceId-0_align.webp,0.003745,1.0,0.0505013956300607
database3/database3/m.011lhy/14-FaceId-0_align.webp,0.06605,1.0,0.032743264653938
database3/database3/m.011m1y/65-FaceId-0_align.webp,0.010331,1.0,0.0904844171651865
database3/database3/m.011m1y/93-FaceId-0_align.webp,0.010174,1.0,0.0380378496745856
database3/database3/m.011m33/35-FaceId-0_align.webp,0.10764,0.0,0.035513416986988
database3/database3/m.011m33/96-FaceId-0_align.webp,0.077455,0.0,0.0494997037887475
database3/database3/m.011m33/98-FaceId-0_align.webp,0.093352,0.0,0.0864145622058295
database3/database3/m.011p3/100-FaceId-0_align.webp,0.261068,0.0,0.0610285281032381
database3/database3/m.011p3/38-FaceId-0_align.webp,0.260325,0.0,0.042410620031901
database3/database3/m.011qm2/8-FaceId-0_align.webp,0.02115,1.0,0.0416844078407521
database3/database3/m.011w1b/4-FaceId-0_align.webp,0.011173,0.0,0.0394162870395418
database3/database3/m.011w1b/5-FaceId-0_align.webp,0.149673,0.0,0.0413894184170043
database3/database3/m.011w1b/65-FaceId-0_align.webp,0.028609,0.0,0.0382125651142434
database3/database3/m.011w1b/75-FaceId-0_align.webp,0.102741,0.0,0.0468665989342956
database3/database3/m.011xgp/24-FaceId-0_align.webp,0.060348,1.0,0.0481235574454899
database3/database3/m.011xgp/72-FaceId-0_align.webp,0.024118,1.0,0.0641002872453987
database3/database3/m.011xjd/62-FaceId-0_align.webp,0.025855,1.0,0.0545819202456507
database3/database3/m.011xl3/35-FaceId-0_align.webp,0.101991,1.0,0.0495268639785952
database3/database3/m.011xl3/86-FaceId-0_align.webp,0.095741,1.0,0.0977239257876216
database3/database3/m.011xl3/92-FaceId-0_align.webp,0.15032,1.0,0.0487055284001782
database3/database3/m.011xl3/99-FaceId-0_align.webp,0.04585,1.0,0.0437653732126726
database3/database3/m.011xll/89-FaceId-0_align.webp,0.057752,1.0,0.0838352821633235
database3/database3/m.011ybj/52-FaceId-0_align.webp,0.042728,1.0,0.0442433821501605
database3/database3/m.011ybj/61-FaceId-0_align.webp,0.033422,1.0,0.0399304888301704
database3/database3/m.011yx0/17-FaceId-0_align.webp,0.03676,1.0,0.0476457456446058
database3/database3/m.011yx0/7-FaceId-0_align.webp,0.025923,1.0,0.0416566464720583
database3/database3/m.011z69/22-FaceId-0_align.webp,0.003956,1.0,0.0376587329821233
database3/database3/m.011z69/27-FaceId-0_align.webp,0.057013,1.0,0.042185742961115
database3/database3/m.011z69/67-FaceId-0_align.webp,0.026898,1.0,0.0429407949158628
database3/database3/m.011zfk/22-FaceId-0_align.webp,0.214757,1.0,0.0440462791392779
database3/database3/m.011zfz/75-FaceId-0_align.webp,0.159958,0.0,0.0433973372993401
database3/database3/m.011zg9/22-FaceId-0_align.webp,0.107141,0.0,0.0351411267678851
database3/database3/m.011zg9/39-FaceId-0_align.webp,0.053582,0.0,0.039152902357906
database3/database3/m.011zgs/52-FaceId-0_align.webp,0.127677,0.0,0.1368371806207027
database3/database3/m.011zkh/84-FaceId-0_align.webp,0.008351,1.0,0.0446226877240992
database3/database3/m.011zwl/37-FaceId-0_align.webp,0.073722,1.0,0.0492598788617803
database3/database3/m.01200d/24-FaceId-0_align.webp,0.036817,1.0,0.0358907697964134
database3/database3/m.01200d/80-FaceId-0_align.webp,0.017066,1.0,0.03831950871904
database3/database3/m.012052/1-FaceId-0_align.webp,0.109494,1.0,0.0409298990475743
database3/database3/m.012052/30-FaceId-0_align.webp,0.193814,1.0,0.130336592459501
database3/database3/m.012052/63-FaceId-0_align.webp,0.135953,1.0,0.0561298047890196
database3/database3/m.0122lq/12-FaceId-0_align.webp,0.034174,1.0,0.0347908121921186
database3/database3/m.0122lq/62-FaceId-0_align.webp,0.002899,1.0,0.070800469050187
database3/database3/m.0122lq/73-FaceId-0_align.webp,0.026793,1.0,0.0395485382995465
database3/database3/m.0122m5/94-FaceId-0_align.webp,0.003731,1.0,0.0921970764940844
database3/database3/m.01233w/1-FaceId-0_align.webp,0.049894,1.0,0.0376212264931318
database3/database3/m.01233w/25-FaceId-0_align.webp,0.043404,1.0,0.0675976496200456
database3/database3/m.01239/57-FaceId-0_align.webp,0.01656,1.0,0.0523319373476873
database3/database3/m.01239/68-FaceId-0_align.webp,0.012855,1.0,0.0444151150058945
database3/database3/m.0123x2/101-FaceId-0_align.webp,0.244668,1.0,0.0724347112293084
database3/database3/m.01241v/54-FaceId-0_align.webp,0.010871,1.0,0.0330221511780932
database3/database3/m.0124t/70-FaceId-0_align.webp,0.066352,0.0,0.1035025079922489
database3/database3/m.01257s/41-FaceId-1_align.webp,0.025408,1.0,0.0479073392061954
database3/database3/m.0126rp/46-FaceId-0_align.webp,0.064149,1.0,0.0367424269664279
database3/database3/m.0126rp/48-FaceId-0_align.webp,0.020111,1.0,0.0404607561949678
database3/database3/m.0126y2/49-FaceId-0_align.webp,0.042913,1.0,0.0479394259771618
database3/database3/m.0126y2/81-FaceId-0_align.webp,0.011658,1.0,0.1066423678608612
database3/database3/m.0126y2/92-FaceId-0_align.webp,0.2594,1.0,0.0800781353519778
database3/database3/m.01270s/15-FaceId-0_align.webp,0.00523,1.0,0.0331755843421626
database3/database3/m.01270s/43-FaceId-0_align.webp,0.024273,1.0,0.0446454714848782
database3/database3/m.01271_/40-FaceId-0_align.webp,0.046844,0.0,0.0417734008127269
database3/database3/m.01271_/42-FaceId-0_align.webp,0.082785,0.0,0.0807526277440651
database3/database3/m.01271_/92-FaceId-0_align.webp,0.131196,0.0,0.0409716280108282
database3/database3/m.0127fx/6-FaceId-0_align.webp,0.010653,1.0,0.042049511110058
database3/database3/m.0127gn/12-FaceId-0_align.webp,0.02417,1.0,0.036995871362171
database3/database3/m.0127tk/114-FaceId-0_align.webp,0.088119,1.0,0.0387646010121538
database3/database3/m.0127tk/121-FaceId-0_align.webp,0.110272,1.0,0.0461343540946051
database3/database3/m.0127tk/32-FaceId-0_align.webp,0.044592,1.0,0.0407685992047136
database3/database3/m.0127tk/61-FaceId-0_align.webp,0.157887,1.0,0.0485661695840979
database3/database3/m.0127tk/75-FaceId-0_align.webp,0.118857,1.0,0.0462129222581795
database3/database3/m.0127tk/83-FaceId-0_align.webp,0.180049,1.0,0.0403175735606844
database3/database3/m.0127zt/62-FaceId-0_align.webp,0.099007,0.0,0.0419166514730117
database3/database3/m.012801/76-FaceId-0_align.webp,0.060329,1.0,0.0402862658690183
database3/database3/m.012981/36-FaceId-0_align.webp,0.038673,1.0,0.0408624323212762
database3/database3/m.012_53/112-FaceId-0_align.webp,0.081654,0.0,0.036134718438942
database3/database3/m.012_53/73-FaceId-0_align.webp,0.056783,0.0,0.0375588690399042
database3/database3/m.012_jj/10-FaceId-0_align.webp,0.005143,1.0,0.0413075472058976
database3/database3/m.012_jj/103-FaceId-0_align.webp,0.04174,1.0,0.0301686001173778
database3/database3/m.012_jj/83-FaceId-0_align.webp,0.123978,1.0,0.040354039324165
database3/database3/m.012c6j/57-FaceId-0_align.webp,0.0,1.0,0.0253541472432474
database3/database3/m.012c6x/43-FaceId-0_align.webp,0.000386,1.0,0.0665716974029658
database3/database3/m.012c8f/13-FaceId-0_align.webp,0.010098,1.0,0.0473601470093518
database3/database3/m.012c8f/85-FaceId-0_align.webp,0.121074,1.0,0.121397043213256
database3/database3/m.012ck8/1-FaceId-0_align.webp,0.250793,0.0,0.076491559994148
database3/database3/m.012cm5/19-FaceId-0_align.webp,0.050828,1.0,0.0482631467776585
database3/database3/m.012cm5/75-FaceId-0_align.webp,0.032775,1.0,0.0272162047219702
database3/database3/m.012cm5/90-FaceId-0_align.webp,0.082057,1.0,0.0655907330154945
database3/database3/m.012cnn/11-FaceId-0_align.webp,0.107545,0.0,0.0453142427524623
database3/database3/m.012cph/108-FaceId-0_align.webp,0.01551,1.0,0.045941024799178
database3/database3/m.012cph/17-FaceId-0_align.webp,0.005549,1.0,0.0597804180240283
database3/database3/m.012cph/68-FaceId-0_align.webp,0.017584,1.0,0.0621625703782617
database3/database3/m.012cyp/33-FaceId-0_align.webp,0.012748,0.0,0.0371423468927067
database3/database3/m.012cyp/43-FaceId-0_align.webp,0.207358,0.0,0.0397265415585918
database3/database3/m.012cyp/7-FaceId-0_align.webp,0.030272,0.0,0.0364696030491197
database3/database3/m.012czd/35-FaceId-0_align.webp,0.035058,0.0,0.0340503438213189
database3/database3/m.012czd/90-FaceId-0_align.webp,0.001711,0.0,0.0445728308570483
database3/database3/m.012dtw/86-FaceId-0_align.webp,0.075626,1.0,0.0637095455579411
database3/database3/m.012fgx/58-FaceId-0_align.webp,0.039289,1.0,0.0372738231146445
database3/database3/m.012g8l/75-FaceId-0_align.webp,0.015517,1.0,0.0542343598215992
database3/database3/m.012gbb/1-FaceId-0_align.webp,0.057132,0.0,0.0475720400914392
database3/database3/m.012gbb/104-FaceId-0_align.webp,0.023381,0.0,0.0366304714963572
database3/database3/m.012gbb/86-FaceId-0_align.webp,0.070682,0.0,0.0561190763111922
database3/database3/m.012gdw/54-FaceId-0_align.webp,0.06697,1.0,0.0449516017583611
database3/database3/m.012gl8/17-FaceId-0_align.webp,0.06567,0.0,0.0413720224574146
database3/database3/m.012gl8/38-FaceId-0_align.webp,0.063039,0.0,0.0408758237508611
database3/database3/m.012gq6/33-FaceId-0_align.webp,0.016946,1.0,0.0371483371712959
database3/database3/m.012gr9/29-FaceId-0_align.webp,0.156273,0.0,0.0581163257845684
database3/database3/m.012gx2/64-FaceId-0_align.webp,0.000577,1.0,0.0399625503304645
database3/database3/m.012gx2/77-FaceId-0_align.webp,0.126437,1.0,0.0554736519771678
database3/database3/m.012gx2/8-FaceId-0_align.webp,0.019361,1.0,0.0333584519791878
database3/database3/m.012gx2/99-FaceId-0_align.webp,0.025003,1.0,0.0521554077450692
database3/database3/m.012h65/109-FaceId-0_align.webp,0.210562,1.0,0.1203814952986401
database3/database3/m.012hqb/33-FaceId-0_align.webp,0.004406,1.0,0.0542445336957583
database3/database3/m.012hr4/21-FaceId-0_align.webp,0.126033,1.0,0.0426499238520784
database3/database3/m.012hr4/67-FaceId-0_align.webp,0.183915,1.0,0.0428073515026414
database3/database3/m.012hr4/74-FaceId-0_align.webp,0.037244,1.0,0.0432185795320905
database3/database3/m.012hsb/101-FaceId-0_align.webp,0.192286,1.0,0.0542035177784897
database3/database3/m.012hsb/74-FaceId-0_align.webp,0.057902,1.0,0.0467190306139852
database3/database3/m.012hz4/77-FaceId-0_align.webp,0.118119,0.0,0.0612607233639939
database3/database3/m.012j2r/108-FaceId-0_align.webp,0.027644,1.0,0.0346915332353241
database3/database3/m.012j2r/38-FaceId-0_align.webp,0.010758,1.0,0.0429303760055786
database3/database3/m.012j2r/9-FaceId-0_align.webp,0.029992,1.0,0.0354873212995858
database3/database3/m.012kdb/7-FaceId-0_align.webp,0.154185,0.0,0.0429162369303179
database3/database3/m.012kk4/31-FaceId-1_align.webp,0.026924,1.0,0.0519747380441344
database3/database3/m.012l22/20-FaceId-0_align.webp,0.182682,1.0,0.1222109749754104
database3/database3/m.012l22/56-FaceId-0_align.webp,0.079127,1.0,0.099518707054563
database3/database3/m.012lyg/82-FaceId-0_align.webp,0.015571,1.0,0.036540002487355
database3/database3/m.012m1c/109-FaceId-0_align.webp,0.052592,0.0,0.0369178293033443
database3/database3/m.012m1c/113-FaceId-0_align.webp,0.018979,0.0,0.0380046190866029
database3/database3/m.012m1c/56-FaceId-0_align.webp,0.076711,0.0,0.0278073046781809
database3/database3/m.012m7r/99-FaceId-0_align.webp,0.002972,1.0,0.1075875734737763
database3/database3/m.012mh_/3-FaceId-0_align.webp,0.065168,1.0,0.0392790417341154
database3/database3/m.012mh_/6-FaceId-0_align.webp,0.002681,1.0,0.0370524073247146
database3/database3/m.012mk7/90-FaceId-0_align.webp,0.032433,1.0,0.034957074115669
database3/database3/m.012ml0/96-FaceId-0_align.webp,0.031451,1.0,0.0356640834038257
database3/database3/m.012mmb/47-FaceId-0_align.webp,0.146313,0.0,0.0558446959519012
database3/database3/m.012mn4/43-FaceId-0_align.webp,0.005783,1.0,0.0470597708190714
database3/database3/m.012nry/108-FaceId-0_align.webp,0.006878,1.0,0.0305354832832682
database3/database3/m.012nry/28-FaceId-0_align.webp,0.006764,1.0,0.0691073689551261
database3/database3/m.012nry/3-FaceId-0_align.webp,0.008173,1.0,0.0428918298033001
database3/database3/m.012nry/57-FaceId-0_align.webp,0.00436,1.0,0.0486514338143201
database3/database3/m.012pjh/2-FaceId-0_align.webp,0.0,1.0,0.0470204210908631
database3/database3/m.012q4n/50-FaceId-0_align.webp,0.004622,1.0,0.1320140482512875
database3/database3/m.012qfw/20-FaceId-1_align.webp,0.162552,0.0,0.0340669607203816
database3/database3/m.012qfw/41-FaceId-0_align.webp,0.211858,0.0,0.0341490102130488
database3/database3/m.012qgc/82-FaceId-0_align.webp,0.002042,1.0,0.0489609994532412
database3/database3/m.012rng/35-FaceId-0_align.webp,0.036379,1.0,0.0793875911418892
database3/database3/m.012rng/47-FaceId-0_align.webp,0.022161,1.0,0.2208024230620794
database3/database3/m.012rng/48-FaceId-0_align.webp,0.01786,1.0,0.0419271444166767
database3/database3/m.012rth/93-FaceId-0_align.webp,0.046323,1.0,0.1655019475289819
database3/database3/m.012s1x/11-FaceId-0_align.webp,0.049377,1.0,0.0450388770471759
database3/database3/m.012s5j/122-FaceId-0_align.webp,0.205872,0.0,0.0533211676124292
database3/database3/m.012s9f/0-FaceId-0_align.webp,0.000412,1.0,0.038534979119438
database3/database3/m.012st7/14-FaceId-0_align.webp,0.003821,1.0,0.0839547782598475
database3/database3/m.012t1d/17-FaceId-0_align.webp,0.167599,1.0,0.0483166376155887
database3/database3/m.012t1d/37-FaceId-0_align.webp,0.016467,1.0,0.0422553196953208
database3/database3/m.012t1d/80-FaceId-0_align.webp,0.014504,1.0,0.0704608204945256
database3/database3/m.012t3l/22-FaceId-0_align.webp,0.012766,1.0,0.0
database3/database3/m.012t7s/3-FaceId-0_align.webp,0.014581,1.0,0.0441253466848755
database3/database3/m.012tmz/123-FaceId-0_align.webp,0.001629,1.0,0.0416693068070404
database3/database3/m.012v1t/29-FaceId-0_align.webp,0.118114,0.0,0.0371055579991672
database3/database3/m.012v1t/67-FaceId-0_align.webp,0.072956,0.0,0.0357482900592461
database3/database3/m.012v1t/93-FaceId-0_align.webp,0.033657,0.0,0.0376814656729978
database3/database3/m.012vby/3-FaceId-0_align.webp,0.002151,1.0,0.0582786566137351
database3/database3/m.012vby/36-FaceId-0_align.webp,0.0,1.0,0.1095100984503557
database3/database3/m.012vd6/49-FaceId-0_align.webp,0.124288,0.0,0.0538452153278827
database3/database3/m.012vd6/5-FaceId-0_align.webp,0.104381,0.0,0.0426271229011818
database3/database3/m.012vd6/75-FaceId-1_align.webp,0.054381,0.0,0.0697611219121068
database3/database3/m.012vf6/90-FaceId-0_align.webp,0.069167,0.0,0.0513928068241739
database3/database3/m.012vhn/10-FaceId-0_align.webp,0.009813,1.0,0.0375194392023042
database3/database3/m.012vhn/4-FaceId-0_align.webp,0.005793,1.0,0.0224402524006646
database3/database3/m.012vq0/30-FaceId-0_align.webp,0.028246,1.0,0.0394966985387343
database3/database3/m.012vq0/67-FaceId-0_align.webp,0.017872,1.0,0.045738614378897
database3/database3/m.012vqh/80-FaceId-0_align.webp,0.078239,0.0,0.0632850958885948
database3/database3/m.012w05/52-FaceId-0_align.webp,0.000408,1.0,0.0479420046617145
database3/database3/m.012w3k/19-FaceId-0_align.webp,0.109411,1.0,0.0766357139725495
database3/database3/m.012w3k/33-FaceId-0_align.webp,0.07009,1.0,0.0429911786386126
database3/database3/m.012w3k/4-FaceId-0_align.webp,0.071086,1.0,0.0495036587728311
database3/database3/m.012wfh/73-FaceId-0_align.webp,0.055456,0.0,0.0891990485118141
database3/database3/m.012wfh/77-FaceId-0_align.webp,0.055,0.0,0.0469658996598755
database3/database3/m.012wgv/56-FaceId-0_align.webp,0.072911,1.0,0.0471522588498065
database3/database3/m.012x2b/18-FaceId-0_align.webp,0.0,1.0,0.0515804517480627
database3/database3/m.012x2b/46-FaceId-0_align.webp,0.039092,1.0,0.055571314071517
database3/database3/m.012x2b/54-FaceId-0_align.webp,0.049838,1.0,0.0377588811136801
database3/database3/m.012x2b/72-FaceId-0_align.webp,0.008788,1.0,0.0375553642190122
database3/database3/m.012x5/81-FaceId-0_align.webp,0.058123,0.0,0.0481569726039876
database3/database3/m.012xdy/81-FaceId-0_align.webp,0.012382,1.0,0.0517773635748414
database3/database3/m.012xls/57-FaceId-0_align.webp,0.114584,1.0,0.2447713241119991
database3/database3/m.012xls/70-FaceId-0_align.webp,0.126797,1.0,0.0444492648985391
database3/database3/m.012xls/74-FaceId-0_align.webp,0.018384,1.0,0.1565890006915603
database3/database3/m.012y1h/86-FaceId-0_align.webp,0.123838,1.0,0.0525965744708794
database3/database3/m.012ycy/16-FaceId-0_align.webp,0.002336,1.0,0.0532744987068132
database3/database3/m.012ycy/21-FaceId-0_align.webp,0.164069,1.0,0.0487340326552412
database3/database3/m.012ycy/73-FaceId-0_align.webp,0.017165,1.0,0.0538408359148567
database3/database3/m.012ycy/99-FaceId-0_align.webp,0.136797,1.0,0.0244101759549699
database3/database3/m.012yg1/19-FaceId-0_align.webp,0.003406,1.0,0.099102907564641
database3/database3/m.012yg1/21-FaceId-0_align.webp,0.007301,1.0,0.0572539034679049
database3/database3/m.012yg1/66-FaceId-0_align.webp,0.007466,1.0,0.0717963548254317
database3/database3/m.012yhd/22-FaceId-0_align.webp,0.043044,1.0,0.0572453129262335
database3/database3/m.012yhd/41-FaceId-0_align.webp,0.014599,1.0,0.0542525042210815
database3/database3/m.012yhd/87-FaceId-0_align.webp,0.016417,1.0,0.0572965988121408
database3/database3/m.012ysy/40-FaceId-0_align.webp,0.005784,1.0,0.0463588836140981
database3/database3/m.012yxk/51-FaceId-0_align.webp,0.111796,1.0,0.0615808765566305
database3/database3/m.012z8_/39-FaceId-0_align.webp,0.076699,1.0,0.0450280342522467
database3/database3/m.012zrl/119-FaceId-0_align.webp,0.19435,0.0,0.0302497306328646
database3/database3/m.012zrl/22-FaceId-0_align.webp,0.184216,0.0,0.0424985354935271
database3/database3/m.012zrl/34-FaceId-0_align.webp,0.221002,0.0,0.0612702562608818
database3/database3/m.01300z/111-FaceId-0_align.webp,0.011168,1.0,0.0404406211434374
database3/database3/m.01300z/46-FaceId-0_align.webp,0.004916,1.0,0.0443082262076923
database3/database3/m.01306d/26-FaceId-0_align.webp,0.043181,1.0,0.0506116369432621
database3/database3/m.0130py/108-FaceId-0_align.webp,0.041408,1.0,0.0964754249960851
database3/database3/m.0130py/9-FaceId-0_align.webp,0.045214,1.0,0.0419019961044054
database3/database3/m.0130sy/65-FaceId-0_align.webp,0.067207,1.0,0.0254571669714446
database3/database3/m.013107/34-FaceId-0_align.webp,0.131929,0.0,0.041464499461653
database3/database3/m.0131kb/28-FaceId-0_align.webp,0.0,1.0,0.0260862019710024
database3/database3/m.0131kb/47-FaceId-0_align.webp,0.0,1.0,0.0441957804700141
database3/database3/m.0131kb/76-FaceId-0_align.webp,0.081559,1.0,0.094696952855511
database3/database3/m.013267/23-FaceId-0_align.webp,0.049038,1.0,0.0482933013742706
database3/database3/m.0132k4/103-FaceId-0_align.webp,0.076004,1.0,0.0678781889665952
database3/database3/m.0132k4/97-FaceId-0_align.webp,0.101202,1.0,0.0560403907888627
database3/database3/m.0132kn/100-FaceId-0_align.webp,0.045478,1.0,0.0495286628363451
database3/database3/m.0132q1/29-FaceId-0_align.webp,0.017581,0.0,0.042488110853405
database3/database3/m.013339/106-FaceId-0_align.webp,0.058305,1.0,0.0393267185451821
database3/database3/m.013339/23-FaceId-0_align.webp,0.255508,1.0,0.0718468963478795
database3/database3/m.013339/80-FaceId-0_align.webp,0.066481,1.0,0.0599866154769923
database3/database3/m.01338h/81-FaceId-0_align.webp,0.088482,0.0,0.0373753648194795
database3/database3/m.0133c4/15-FaceId-0_align.webp,0.207364,1.0,0.0409735103930637
database3/database3/m.0133x7/100-FaceId-0_align.webp,0.144974,0.0,0.0401347686699409
database3/database3/m.0133yt/45-FaceId-0_align.webp,0.102482,1.0,0.0684871254838118
database3/database3/m.01341q/51-FaceId-0_align.webp,0.043853,1.0,0.1011013959353242
database3/database3/m.013423/105-FaceId-0_align.webp,0.016474,0.0,0.0850137217592682
database3/database3/m.013423/43-FaceId-0_align.webp,0.10846,0.0,0.0380904017228395
database3/database3/m.0134cp/27-FaceId-0_align.webp,0.030912,1.0,0.0514092951722699
database3/database3/m.0134cp/34-FaceId-1_align.webp,0.031754,1.0,0.0531231122247094
database3/database3/m.0134cp/53-FaceId-0_align.webp,0.019724,1.0,0.0449648125287896
database3/database3/m.0134dc/38-FaceId-0_align.webp,0.000768,1.0,0.0679299948457457
database3/database3/m.0134dc/73-FaceId-0_align.webp,0.003398,1.0,0.1070070593207622
database3/database3/m.0134fr/66-FaceId-0_align.webp,0.01299,1.0,0.048594463977356
database3/database3/m.0134fr/82-FaceId-0_align.webp,0.004786,1.0,0.0570503700937869
database3/database3/m.0134wr/11-FaceId-2_align.webp,0.000566,1.0,0.0557556349459354
database3/database3/m.0134wr/30-FaceId-2_align.webp,0.080915,1.0,0.0394139595779258
database3/database3/m.0134wr/52-FaceId-2_align.webp,0.028557,1.0,0.0291266113174568
database3/database3/m.0134wr/65-FaceId-1_align.webp,0.001253,1.0,0.0348431125944647
database3/database3/m.0134wr/69-FaceId-2_align.webp,0.064238,1.0,0.0411921429468285
database3/database3/m.0134wr/89-FaceId-1_align.webp,0.188914,1.0,0.0335024298794498
database3/database3/m.0135nb/89-FaceId-0_align.webp,0.051256,1.0,0.0463435197123375
database3/database3/m.01368v/100-FaceId-0_align.webp,0.078994,0.0,0.0405086871618277
database3/database3/m.01368v/58-FaceId-0_align.webp,0.186435,0.0,0.0398463417664835
database3/database3/m.01368v/59-FaceId-1_align.webp,0.101878,0.0,0.0360029748123634
database3/database3/m.0136ms/38-FaceId-0_align.webp,0.015722,1.0,0.047780824569512
database3/database3/m.0136p1/103-FaceId-0_align.webp,0.341015,0.0,0.0647464589411056
database3/database3/m.0136p1/13-FaceId-0_align.webp,0.259257,0.0,0.0469888242144979
database3/database3/m.0136p1/66-FaceId-0_align.webp,0.075301,0.0,0.0395700764747627
database3/database3/m.0136pk/68-FaceId-0_align.webp,0.195786,1.0,0.0549752431563259
database3/database3/m.0136pk/87-FaceId-0_align.webp,0.172482,1.0,0.049204137790121
database3/database3/m.0136tm/24-FaceId-0_align.webp,0.011359,1.0,0.0443835737858965
database3/database3/m.0137s4/92-FaceId-0_align.webp,0.014219,1.0,0.1960403836530757
database3/database3/m.01380_/30-FaceId-0_align.webp,0.062935,1.0,0.0920918461605918
database3/database3/m.01380_/84-FaceId-0_align.webp,0.019541,1.0,0.0492208451750442
database3/database3/m.013823/15-FaceId-0_align.webp,0.004502,1.0,0.0333979445912973
database3/database3/m.013823/5-FaceId-0_align.webp,0.029677,1.0,0.032124093214351
database3/database3/m.013846/35-FaceId-0_align.webp,0.005272,1.0,0.0503475899744783
database3/database3/m.013846/71-FaceId-0_align.webp,0.036782,1.0,0.045118314699652
database3/database3/m.01386_/97-FaceId-0_align.webp,0.01382,1.0,0.0380937615113624
database3/database3/m.01386m/93-FaceId-0_align.webp,0.049853,1.0,0.0508801619002688
database3/database3/m.01387g/36-FaceId-0_align.webp,0.020561,1.0,0.0457266357017345
database3/database3/m.01387g/90-FaceId-0_align.webp,0.00159,1.0,0.0360094961569597
database3/database3/m.01387y/2-FaceId-0_align.webp,0.062856,1.0,0.0517531728944677
database3/database3/m.01387y/32-FaceId-0_align.webp,0.048091,1.0,0.0525089418431261
database3/database3/m.01387y/46-FaceId-0_align.webp,0.0006,1.0,0.0373982448450032
database3/database3/m.01388c/29-FaceId-0_align.webp,0.136546,1.0,0.058025427609756
database3/database3/m.01388c/82-FaceId-0_align.webp,0.007483,1.0,0.0500467045929146
database3/database3/m.01388c/92-FaceId-0_align.webp,0.007604,1.0,0.0413944291738675
database3/database3/m.01389w/75-FaceId-1_align.webp,0.011085,1.0,0.0355320218185292
database3/database3/m.01389w/76-FaceId-0_align.webp,0.018887,1.0,0.0414933546914857
database3/database3/m.0138b7/49-FaceId-0_align.webp,0.173256,1.0,0.0478715306740178
database3/database3/m.0138b7/63-FaceId-0_align.webp,0.091583,1.0,0.0982282393640426
database3/database3/m.0138m1/11-FaceId-0_align.webp,0.033355,1.0,0.0551159041614506
database3/database3/m.0138m1/60-FaceId-0_align.webp,0.027664,1.0,0.0373035812190619
database3/database3/m.0139rh/103-FaceId-0_align.webp,0.008771,1.0,0.0368307839209335
database3/database3/m.0139rh/5-FaceId-0_align.webp,0.009412,1.0,0.0330711098762225
database3/database3/m.013_4m/89-FaceId-0_align.webp,0.106225,1.0,0.0335292626005942
database3/database3/m.013_gz/96-FaceId-0_align.webp,0.14677,0.0,0.0423296301619137
database3/database3/m.013_tp/47-FaceId-0_align.webp,0.000171,1.0,0.062949722134884
database3/database3/m.013b7z/45-FaceId-0_align.webp,0.025843,1.0,0.0491132251899446
database3/database3/m.013bym/61-FaceId-0_align.webp,0.110889,0.0,0.0404027334176886
database3/database3/m.013bym/65-FaceId-0_align.webp,0.249006,0.0,0.0362714536799318
database3/database3/m.013bym/66-FaceId-0_align.webp,0.288548,0.0,0.0494448423401453
database3/database3/m.013bym/71-FaceId-0_align.webp,0.115164,0.0,0.0390580851144226
database3/database3/m.013m5y/73-FaceId-0_align.webp,0.0,1.0,0.0733303512312212
database3/database3/m.013p_0/60-FaceId-0_align.webp,0.015459,1.0,0.1484593629056266
database3/database3/m.013p_j/3-FaceId-0_align.webp,0.046784,1.0,0.0455407992821854
database3/database3/m.013p_j/43-FaceId-0_align.webp,0.026287,1.0,0.0465985741096448
database3/database3/m.013p_w/1-FaceId-0_align.webp,0.045903,0.0,0.0434913744520287
database3/database3/m.013p_w/90-FaceId-1_align.webp,0.028906,0.0,0.041008799411279
database3/database3/m.013pp3/83-FaceId-0_align.webp,0.052247,1.0,0.0596361000795602
database3/database3/m.013ppl/76-FaceId-0_align.webp,0.018885,1.0,0.0439608014135859
database3/database3/m.013q78/86-FaceId-0_align.webp,0.03,1.0,0.0466599079389441
database3/database3/m.013q8x/26-FaceId-0_align.webp,0.110943,1.0,0.0835705046131286
database3/database3/m.013q8x/42-FaceId-0_align.webp,0.056383,1.0,0.0399279619129637
database3/database3/m.013q8x/99-FaceId-0_align.webp,0.005069,1.0,0.0473942583303836
database3/database3/m.013qb0/82-FaceId-0_align.webp,0.080376,1.0,0.0647841415140261
database3/database3/m.013qb0/94-FaceId-0_align.webp,0.14541,1.0,0.0512065296735043
database3/database3/m.013qjp/42-FaceId-0_align.webp,0.027503,1.0,0.0417563897638468
database3/database3/m.013qjp/83-FaceId-0_align.webp,0.014,1.0,0.0462142522684822
database3/database3/m.013qpt/31-FaceId-0_align.webp,0.020067,1.0,0.0406565802654965
database3/database3/m.013qq4/70-FaceId-0_align.webp,0.020855,1.0,0.03978007390729
database3/database3/m.013qwl/61-FaceId-0_align.webp,0.006336,1.0,0.0410079423367676
database3/database3/m.013qwy/18-FaceId-0_align.webp,0.050242,1.0,0.0424334155502097
database3/database3/m.013qy3/30-FaceId-0_align.webp,0.004735,1.0,0.0914480980852434
database3/database3/m.013qy3/92-FaceId-0_align.webp,0.026678,1.0,0.0418094174787905
database3/database3/m.013qyh/56-FaceId-1_align.webp,0.057576,1.0,0.1472853622690505
database3/database3/m.013r6h/27-FaceId-0_align.webp,0.054123,1.0,0.0300137112121731
database3/database3/m.013r6h/46-FaceId-0_align.webp,0.123792,1.0,0.1298099687503476
database3/database3/m.013s1b/47-FaceId-0_align.webp,0.148289,1.0,0.0729623247123519
database3/database3/m.013s1t/21-FaceId-0_align.webp,0.005317,1.0,0.0464959143478476
database3/database3/m.013s3/75-FaceId-0_align.webp,0.061568,1.0,0.0858152710139231
database3/database3/m.013s6x/6-FaceId-0_align.webp,0.031839,1.0,0.042072629029289
database3/database3/m.013s8s/33-FaceId-0_align.webp,0.074629,0.0,0.0358769988131812
database3/database3/m.013sjh/7-FaceId-0_align.webp,0.189385,1.0,0.0605304632164745
database3/database3/m.013t9y/12-FaceId-0_align.webp,0.013435,1.0,0.0772554189139494
database3/database3/m.013tjc/54-FaceId-0_align.webp,0.0,1.0,0.0624817704839371
database3/database3/m.013tjc/56-FaceId-0_align.webp,0.015964,1.0,0.0429440908932445
database3/database3/m.013v12/3-FaceId-0_align.webp,0.018587,1.0,0.0426838087356795
database3/database3/m.013v12/7-FaceId-0_align.webp,0.019979,1.0,0.043943340105229
database3/database3/m.013v5j/57-FaceId-0_align.webp,0.119854,0.0,0.0356369864637406
database3/database3/m.013vdl/109-FaceId-0_align.webp,0.167747,0.0,0.0316438176147109
database3/database3/m.013vdl/32-FaceId-0_align.webp,0.021263,0.0,0.038365635747132
database3/database3/m.013vtr/20-FaceId-0_align.webp,0.015954,1.0,0.0444930015708715
database3/database3/m.013w7j/20-FaceId-0_align.webp,0.009375,1.0,0.0868030333998218
database3/database3/m.013w7j/32-FaceId-0_align.webp,0.001151,1.0,0.0482688143184581
database3/database3/m.013w7j/64-FaceId-0_align.webp,0.008592,1.0,0.1049658250592083
database3/database3/m.013w8h/4-FaceId-0_align.webp,0.094597,1.0,0.042134572535197
database3/database3/m.013wt0/40-FaceId-1_align.webp,0.123008,0.0,0.0447322311696983
database3/database3/m.013wz9/26-FaceId-0_align.webp,0.18678,0.0,0.0451432689620907
database3/database3/m.013wz9/73-FaceId-0_align.webp,0.219059,0.0,0.0499931074683309
database3/database3/m.013xhr/100-FaceId-0_align.webp,0.00219,1.0,0.0647626766994985
database3/database3/m.013xhr/23-FaceId-0_align.webp,0.015916,1.0,0.0445448588808352
database3/database3/m.013xhr/24-FaceId-0_align.webp,0.064866,1.0,0.0381781026584137
database3/database3/m.013xhr/33-FaceId-0_align.webp,0.013765,1.0,0.1041778030118228
database3/database3/m.013xhr/42-FaceId-0_align.webp,0.02596,1.0,0.0771159585521667
database3/database3/m.013xs1/10-FaceId-0_align.webp,0.059547,1.0,0.0417077636436392
database3/database3/m.013y2b/23-FaceId-0_align.webp,0.154363,0.0,0.0382353662526946
database3/database3/m.013y2b/32-FaceId-0_align.webp,0.092369,0.0,0.0374796672841925
database3/database3/m.013y2b/66-FaceId-0_align.webp,0.108782,0.0,0.0378955349046169
database3/database3/m.013y2s/40-FaceId-0_align.webp,0.026989,0.0,0.0380539300327099
database3/database3/m.013y2s/73-FaceId-0_align.webp,0.075667,0.0,0.0464462945066088
database3/database3/m.013yd0/51-FaceId-0_align.webp,0.167678,0.0,0.0397527615383082
database3/database3/m.013yd0/92-FaceId-0_align.webp,0.096098,0.0,0.035484358145497
database3/database3/m.013ykk/37-FaceId-0_align.webp,0.042458,0.0,0.0466435444153645
database3/database3/m.013ykx/9-FaceId-0_align.webp,0.117351,0.0,0.0401118336663646
database3/database3/m.013ylm/42-FaceId-0_align.webp,0.120671,0.0,0.0472854071495045
database3/database3/m.013ylm/97-FaceId-0_align.webp,0.133134,0.0,0.0448897590860444
database3/database3/m.013yvd/37-FaceId-0_align.webp,0.027946,1.0,0.0363766249428488
database3/database3/m.013yvd/75-FaceId-0_align.webp,0.027604,1.0,0.0390448037126177
database3/database3/m.013yyq/27-FaceId-0_align.webp,0.014857,1.0,0.0537890704449468
database3/database3/m.013yyq/44-FaceId-0_align.webp,0.06122,1.0,0.5084005389784408
database3/database3/m.013yyq/48-FaceId-0_align.webp,0.11735,1.0,0.0569372947783708
database3/database3/m.013zjz/16-FaceId-0_align.webp,0.071353,1.0,0.0565805292546294
database3/database3/m.013zm7/89-FaceId-0_align.webp,0.144683,1.0,0.0596040427203016
database3/database3/m.013zpf/72-FaceId-0_align.webp,0.0,0.0,0.104967112557254
database3/database3/m.013zpf/88-FaceId-0_align.webp,0.169008,0.0,0.0409289778885315
database3/database3/m.013zr7/15-FaceId-0_align.webp,0.062795,1.0,0.0381463750009669
database3/database3/m.013zs9/83-FaceId-0_align.webp,0.33489,0.0,0.05249503862266
database3/database3/m.013zyw/16-FaceId-0_align.webp,0.043076,1.0,0.0338748200488239
database3/database3/m.013zyw/19-FaceId-0_align.webp,0.020445,1.0,0.0312527713201457
database3/database3/m.013zyw/21-FaceId-0_align.webp,0.01715,1.0,0.0336346702184693
database3/database3/m.01400g/101-FaceId-0_align.webp,0.057026,0.0,0.065985540783251
database3/database3/m.01400g/117-FaceId-0_align.webp,0.219786,0.0,0.0588946927066367
database3/database3/m.01400g/31-FaceId-0_align.webp,0.04717,0.0,0.0408885018650459
database3/database3/m.01400g/47-FaceId-0_align.webp,0.103943,0.0,0.0407770033133589
database3/database3/m.014029/72-FaceId-0_align.webp,0.164078,0.0,0.0331197082097055
database3/database3/m.0140ly/8-FaceId-0_align.webp,0.018837,1.0,0.0365832737524077
database3/database3/m.0140v2/84-FaceId-0_align.webp,0.185102,1.0,0.1200725480564877
database3/database3/m.0141qv/12-FaceId-0_align.webp,0.026897,1.0,0.0404075065283075
database3/database3/m.0142n8/3-FaceId-0_align.webp,0.193323,1.0,0.0390119243501264
database3/database3/m.0142n8/5-FaceId-0_align.webp,0.020679,1.0,0.0482256534474904
database3/database3/m.0142sv/3-FaceId-0_align.webp,0.0,1.0,0.0295936559556497
database3/database3/m.0142sv/32-FaceId-0_align.webp,0.0,1.0,0.0300047380799956
database3/database3/m.01433m/64-FaceId-0_align.webp,0.03742,0.0,0.085864601723038
database3/database3/m.0143sn/66-FaceId-0_align.webp,0.02374,1.0,0.0475910446659638
database3/database3/m.0143wl/30-FaceId-0_align.webp,0.034923,1.0,0.0494199430223347
database3/database3/m.0143wl/81-FaceId-0_align.webp,0.051966,1.0,0.0526302426133033
database3/database3/m.014488/3-FaceId-0_align.webp,0.020128,1.0,0.0364480644577162
database3/database3/m.01449w/57-FaceId-0_align.webp,0.017199,1.0,0.098703853066711
database3/database3/m.01449w/80-FaceId-0_align.webp,0.016942,1.0,0.0707563587009469
database3/database3/m.01449w/99-FaceId-0_align.webp,0.011762,1.0,0.081808549000039
database3/database3/m.0144_b/77-FaceId-0_align.webp,0.037923,1.0,0.0356679893411529
database3/database3/m.0144_b/99-FaceId-0_align.webp,0.002226,1.0,0.0434288865844261
database3/database3/m.0144k5/45-FaceId-0_align.webp,0.060457,0.0,0.0399219380063721
database3/database3/m.0144k5/53-FaceId-0_align.webp,0.099321,0.0,0.0450893101823189
database3/database3/m.0144k5/58-FaceId-0_align.webp,0.088277,0.0,0.037873923667509
database3/database3/m.0144k5/85-FaceId-0_align.webp,0.078258,0.0,0.053368917751078
database3/database3/m.014508/74-FaceId-0_align.webp,0.033711,1.0,0.0437664996210244
database3/database3/m.0146fs/16-FaceId-0_align.webp,0.00871,1.0,0.0429430468683677
database3/database3/m.0147cn/44-FaceId-0_align.webp,0.171045,1.0,0.0511952196952582
database3/database3/m.0147cn/79-FaceId-0_align.webp,0.059428,1.0,0.054648686178167
database3/database3/m.0147jt/99-FaceId-0_align.webp,0.019999,1.0,0.0459098711088599
database3/database3/m.0147qz/78-FaceId-0_align.webp,0.010623,1.0,0.05685615896784
database3/database3/m.01480y/76-FaceId-0_align.webp,0.0,1.0,0.0347162122130749
database3/database3/m.0148_m/52-FaceId-0_align.webp,0.01178,1.0,0.056253058332848
database3/database3/m.0148m9/58-FaceId-0_align.webp,0.040365,1.0,0.0441852533126721
database3/database3/m.0148qq/63-FaceId-1_align.webp,0.082134,1.0,0.0750052803959415
database3/database3/m.0148x0/17-FaceId-0_align.webp,0.195787,0.0,0.046013145258296
database3/database3/m.014902/18-FaceId-0_align.webp,0.02167,1.0,0.0497159000198036
database3/database3/m.01491d/96-FaceId-0_align.webp,0.018562,1.0,0.0369508928766579
database3/database3/m.014936/66-FaceId-0_align.webp,0.009581,0.0,0.04214876556972
database3/database3/m.0149k5/29-FaceId-0_align.webp,0.022158,1.0,0.0432580386121785
database3/database3/m.0149k5/81-FaceId-0_align.webp,0.042078,1.0,0.078516855636236
database3/database3/m.0149vp/23-FaceId-0_align.webp,0.153482,1.0,0.0122959710743801
database3/database3/m.0149vp/3-FaceId-0_align.webp,0.055794,1.0,0.0423640469581256
database3/database3/m.0149vp/63-FaceId-0_align.webp,0.126629,1.0,0.0530191116150444
database3/database3/m.0149wl/102-FaceId-0_align.webp,0.022928,1.0,0.0755515636468502
database3/database3/m.0149wl/45-FaceId-0_align.webp,0.024169,1.0,0.0874934679619982
database3/database3/m.0149xx/94-FaceId-0_align.webp,0.042337,1.0,0.0775565711815102
database3/database3/m.014_1g/72-FaceId-0_align.webp,0.019311,0.0,0.0413914820124643
database3/database3/m.014_1g/8-FaceId-0_align.webp,0.209769,0.0,0.0535666715246931
database3/database3/m.014_4y/6-FaceId-0_align.webp,0.048047,1.0,0.0420192833523923
database3/database3/m.014_sl/106-FaceId-0_align.webp,0.23715,0.0,0.0496729769628659
database3/database3/m.014_sl/74-FaceId-0_align.webp,0.390836,0.0,0.038501151055712
database3/database3/m.014bn_/16-FaceId-0_align.webp,0.037637,1.0,0.0376343242743189
database3/database3/m.014bn_/85-FaceId-1_align.webp,0.012813,1.0,0.0407167666176773
database3/database3/m.014bps/75-FaceId-0_align.webp,0.000105,1.0,0.0511690456445612
database3/database3/m.014byr/85-FaceId-0_align.webp,0.140079,1.0,0.0584778666011931
database3/database3/m.014bz_/33-FaceId-0_align.webp,0.044503,1.0,0.0492961888833457
database3/database3/m.014c0y/76-FaceId-0_align.webp,0.175143,1.0,0.0478193071208249
database3/database3/m.014c40/62-FaceId-0_align.webp,0.041412,1.0,0.0789638971124988
database3/database3/m.014c40/70-FaceId-0_align.webp,0.059838,1.0,0.0413192443987211
database3/database3/m.014cq/6-FaceId-0_align.webp,0.092137,1.0,0.0397312532220222
database3/database3/m.014cq/86-FaceId-0_align.webp,0.009035,1.0,0.0641425277483025
database3/database3/m.014cw2/26-FaceId-0_align.webp,0.010138,1.0,0.0378887949803348
database3/database3/m.014cw2/50-FaceId-0_align.webp,0.006571,1.0,0.0394849140432058
database3/database3/m.014d0v/117-FaceId-0_align.webp,0.00171,1.0,0.0431871578134758
database3/database3/m.014d0v/5-FaceId-0_align.webp,0.0,1.0,0.0281175420455057
database3/database3/m.014d0v/76-FaceId-0_align.webp,0.001899,1.0,0.0416269901780321
database3/database3/m.014d15/7-FaceId-0_align.webp,0.067756,1.0,0.0495821611144386
database3/database3/m.014d3/12-FaceId-0_align.webp,0.002261,1.0,0.0437559578467811
database3/database3/m.014d3/72-FaceId-0_align.webp,0.018566,1.0,0.0423279966868577
database3/database3/m.014d3y/82-FaceId-0_align.webp,0.033512,0.0,0.2528790495727729
database3/database3/m.014dg1/103-FaceId-0_align.webp,0.026524,1.0,0.0395796387492339
database3/database3/m.014dg1/51-FaceId-0_align.webp,0.001679,1.0,0.0491888434083386
database3/database3/m.014dg1/65-FaceId-0_align.webp,0.0,1.0,0.0295160917894284
database3/database3/m.014dg1/7-FaceId-0_align.webp,0.01106,1.0,0.0495775031573349
database3/database3/m.014dg1/86-FaceId-0_align.webp,0.019596,1.0,0.0448462974339568
database3/database3/m.014dm6/105-FaceId-0_align.webp,0.23153,1.0,0.0448632788595051
database3/database3/m.014dy_/50-FaceId-0_align.webp,0.069776,1.0,0.0274715265539909
database3/database3/m.014dy_/73-FaceId-0_align.webp,0.01239,1.0,0.0378444008172772
database3/database3/m.014f8k/25-FaceId-0_align.webp,0.24634,0.0,0.0389950081278816
database3/database3/m.014f8k/9-FaceId-0_align.webp,0.182534,0.0,0.0399806637477531
database3/database3/m.014fcb/0-FaceId-0_align.webp,0.028343,1.0,0.0446816065242407
database3/database3/m.014fd7/98-FaceId-0_align.webp,0.096652,1.0,0.0486677564302336
database3/database3/m.014g17/1-FaceId-0_align.webp,0.005705,1.0,0.047014192712279
database3/database3/m.014g17/9-FaceId-0_align.webp,0.079641,1.0,0.0684831433539411
database3/database3/m.014g22/90-FaceId-0_align.webp,0.35161,0.0,0.0594853392515906
database3/database3/m.014g6c/86-FaceId-0_align.webp,0.02888,1.0,0.0457422676918991
database3/database3/m.014g6v/43-FaceId-0_align.webp,0.001902,1.0,0.0394456994260755
database3/database3/m.014g79/86-FaceId-0_align.webp,0.049609,1.0,0.0470467840744303
database3/database3/m.014g8p/48-FaceId-0_align.webp,0.000256,1.0,0.0603497766070844
database3/database3/m.014g9y/12-FaceId-0_align.webp,0.038159,0.0,0.0422898593037481
database3/database3/m.014g_f/26-FaceId-0_align.webp,0.000817,1.0,0.0248223277811491
database3/database3/m.014g_f/35-FaceId-0_align.webp,0.001771,1.0,0.0411068845511347
database3/database3/m.014gf8/102-FaceId-0_align.webp,0.00204,1.0,0.2091272025220205
database3/database3/m.014gf8/28-FaceId-0_align.webp,0.018311,1.0,0.0334829229115506
database3/database3/m.014gf8/69-FaceId-0_align.webp,0.050273,1.0,0.0440136735011
database3/database3/m.014gf8/9-FaceId-0_align.webp,0.034223,1.0,0.0420076321439694
database3/database3/m.014gsd/79-FaceId-0_align.webp,0.118598,1.0,0.0514174905492008
database3/database3/m.014h_s/80-FaceId-0_align.webp,0.173494,0.0,0.0439681379544429
database3/database3/m.014hlm/54-FaceId-0_align.webp,0.078394,0.0,0.0380408737275653
database3/database3/m.014hmv/53-FaceId-1_align.webp,0.0,1.0,0.0444188993071289
database3/database3/m.014j8m/72-FaceId-0_align.webp,0.0057,1.0,0.0475813101488535
database3/database3/m.014jb8/10-FaceId-0_align.webp,0.009911,1.0,0.1003726173302731
database3/database3/m.014jk0/16-FaceId-0_align.webp,0.026202,1.0,0.069212866290669
database3/database3/m.014jk0/61-FaceId-0_align.webp,0.011335,1.0,0.2515974440894569
database3/database3/m.014jk0/74-FaceId-0_align.webp,0.003357,1.0,0.1130211419114201
database3/database3/m.014jxq/20-FaceId-0_align.webp,0.165895,0.0,0.0450863874714676
database3/database3/m.014jxq/43-FaceId-0_align.webp,0.136492,0.0,0.0331165233542089
database3/database3/m.014jy6/23-FaceId-0_align.webp,0.150311,1.0,0.0979130255372268
database3/database3/m.014jy6/50-FaceId-0_align.webp,0.042148,1.0,0.0408238314120344
database3/database3/m.014jy6/97-FaceId-0_align.webp,0.061362,1.0,0.0825120911654465
database3/database3/m.014k1v/95-FaceId-3_align.webp,0.133686,1.0,0.083514098837187
database3/database3/m.014k2p/25-FaceId-0_align.webp,0.315824,1.0,0.0513189718078537
database3/database3/m.014kbz/16-FaceId-0_align.webp,0.028027,1.0,0.0438704087892585
database3/database3/m.014kbz/22-FaceId-0_align.webp,0.028933,1.0,0.0469556793851207
database3/database3/m.014kbz/81-FaceId-0_align.webp,0.006506,1.0,0.0483168908832811
database3/database3/m.014kxv/1-FaceId-0_align.webp,0.013313,1.0,0.0385988242756818
database3/database3/m.014kxv/11-FaceId-0_align.webp,0.053384,1.0,0.0314829802251164
database3/database3/m.014lb1/14-FaceId-2_align.webp,0.000111,0.0,0.0382321594341081
database3/database3/m.014lb1/47-FaceId-0_align.webp,0.167631,0.0,0.0383809010373385
database3/database3/m.014lb1/62-FaceId-1_align.webp,0.053145,0.0,0.0352699524415834
database3/database3/m.014lyb/65-FaceId-0_align.webp,0.056831,1.0,0.043533053784666
database3/database3/m.014m_1/70-FaceId-0_align.webp,0.018552,1.0,0.041444500282021
database3/database3/m.014mvy/17-FaceId-0_align.webp,0.196734,1.0,0.0616028952791018
database3/database3/m.014mvy/58-FaceId-0_align.webp,0.218895,1.0,0.0665154187210481
database3/database3/m.014n_k/48-FaceId-0_align.webp,0.006557,1.0,0.0440773345114429
database3/database3/m.014n_k/70-FaceId-0_align.webp,0.029858,1.0,0.038110657496632
database3/database3/m.014nfw/87-FaceId-0_align.webp,0.123499,0.0,0.0392352537362707
database3/database3/m.014p33/83-FaceId-2_align.webp,0.084076,0.0,0.0363146506098719
database3/database3/m.014p33/87-FaceId-0_align.webp,0.07546,0.0,0.0415165877835186
database3/database3/m.014ptb/14-FaceId-1_align.webp,0.016295,1.0,0.0718789005370437
database3/database3/m.014ptb/5-FaceId-0_align.webp,0.001038,1.0,0.0944930899336483
database3/database3/m.014ptb/50-FaceId-0_align.webp,0.185526,1.0,0.0406164570465367
database3/database3/m.014pxk/118-FaceId-0_align.webp,0.227914,1.0,0.08240154584434
database3/database3/m.014pys/19-FaceId-0_align.webp,0.047245,1.0,0.0857649509226805
database3/database3/m.014pzz/110-FaceId-0_align.webp,0.13041,0.0,0.0366949897078526
database3/database3/m.014qjt/47-FaceId-0_align.webp,0.002851,1.0,0.0479099471404355
database3/database3/m.014r6r/81-FaceId-0_align.webp,0.091441,0.0,0.0378257083323242
database3/database3/m.014s81/3-FaceId-0_align.webp,0.077926,1.0,0.0592766061273275
database3/database3/m.014sj7/7-FaceId-0_align.webp,0.074577,1.0,0.0530361183754017
database3/database3/m.014skb/4-FaceId-0_align.webp,0.096076,0.0,0.042389148065099
database3/database3/m.014skb/53-FaceId-0_align.webp,0.075066,0.0,0.0418565589210885
database3/database3/m.014skb/55-FaceId-0_align.webp,0.080414,0.0,0.0439741694588768
database3/database3/m.014v1q/8-FaceId-1_align.webp,0.038359,1.0,0.0547173097405761
database3/database3/m.014v6x/16-FaceId-0_align.webp,0.159906,0.0,0.0383846589852994
database3/database3/m.014v6x/20-FaceId-0_align.webp,0.306955,0.0,0.0441690831152084
database3/database3/m.014v6x/88-FaceId-0_align.webp,0.075191,0.0,0.0320514026959473
database3/database3/m.014vbq/60-FaceId-0_align.webp,0.005701,1.0,0.1193281587988293
database3/database3/m.014vnb/46-FaceId-0_align.webp,0.027126,1.0,0.045625788473873
database3/database3/m.014vnb/51-FaceId-0_align.webp,0.043084,1.0,0.047724215624994
database3/database3/m.014vtj/100-FaceId-0_align.webp,0.000679,1.0,0.0445855224402961
database3/database3/m.014wsb/38-FaceId-0_align.webp,0.106862,1.0,0.0409497994221555
database3/database3/m.014x0w/28-FaceId-0_align.webp,0.353028,0.0,0.1088258059483736
database3/database3/m.014x0w/74-FaceId-0_align.webp,0.177523,0.0,0.0400809164746563
database3/database3/m.014x0w/96-FaceId-0_align.webp,0.217684,0.0,0.045213328363836
database3/database3/m.014xn7/100-FaceId-0_align.webp,0.007084,1.0,0.03639968445817
database3/database3/m.014xn7/42-FaceId-0_align.webp,0.003105,1.0,0.0423734975705892
database3/database3/m.014xr2/5-FaceId-0_align.webp,0.387134,0.0,0.0680621198721632
database3/database3/m.014xr2/87-FaceId-0_align.webp,0.341771,0.0,0.0543792163218459
database3/database3/m.014xzx/93-FaceId-0_align.webp,0.351892,1.0,0.0562636925340602
database3/database3/m.014y6/74-FaceId-0_align.webp,0.012495,1.0,0.041565832589351
database3/database3/m.014y6/95-FaceId-0_align.webp,0.006882,1.0,0.0475660587890449
database3/database3/m.014y7g/1-FaceId-0_align.webp,0.005692,1.0,0.0420920631550314
database3/database3/m.014z8v/77-FaceId-0_align.webp,0.004141,1.0,0.045495519391439
database3/database3/m.014zfs/76-FaceId-0_align.webp,0.024924,1.0,0.0443950589312462
database3/database3/m.014zxh/99-FaceId-0_align.webp,0.008633,1.0,0.1123998443495271
database3/database3/m.014zy/105-FaceId-0_align.webp,0.175949,1.0,0.0581999775687868
database3/database3/m.014zy/22-FaceId-0_align.webp,0.048224,1.0,0.0537322840607694
database3/database3/m.014zy/56-FaceId-0_align.webp,0.135716,1.0,0.1079413558437211
database3/database3/m.015076/99-FaceId-0_align.webp,0.0064,1.0,0.0814191447549227
database3/database3/m.01507p/0-FaceId-0_align.webp,0.067522,1.0,0.0489355989863103
database3/database3/m.01509x/60-FaceId-0_align.webp,0.015557,1.0,0.0454189662940367
database3/database3/m.0150bp/103-FaceId-0_align.webp,0.041675,0.0,0.0356851311919814
database3/database3/m.0150j5/31-FaceId-0_align.webp,0.003889,1.0,0.0362137472991833
database3/database3/m.0150j5/4-FaceId-0_align.webp,0.006229,1.0,0.0377781342783257
database3/database3/m.0150j5/71-FaceId-0_align.webp,0.062123,1.0,0.044550560047423
database3/database3/m.0150j5/81-FaceId-0_align.webp,0.001136,1.0,0.0287679865883467
database3/database3/m.0150j5/86-FaceId-0_align.webp,0.002669,1.0,0.0379526383574784
database3/database3/m.0150m1/111-FaceId-0_align.webp,0.023781,1.0,0.0485424164505168
database3/database3/m.0150m1/13-FaceId-0_align.webp,0.071346,1.0,0.0408914764175934
database3/database3/m.0150mg/0-FaceId-0_align.webp,0.057671,1.0,0.0995118610479687
database3/database3/m.0150mg/69-FaceId-0_align.webp,0.220147,1.0,0.0541076472850057
database3/database3/m.0150mg/88-FaceId-0_align.webp,0.14546,1.0,0.0535386140932356
database3/database3/m.0150mg/97-FaceId-0_align.webp,0.078806,1.0,0.0454167534146468
database3/database3/m.0150rl/42-FaceId-0_align.webp,0.016396,0.0,0.0356900483962711
database3/database3/m.0150t6/36-FaceId-0_align.webp,0.017669,1.0,0.0380956118185211
database3/database3/m.0150t6/41-FaceId-0_align.webp,0.022058,1.0,0.0336652914439307
database3/database3/m.0150t6/63-FaceId-0_align.webp,0.015119,1.0,0.045453943954675
database3/database3/m.01519n/21-FaceId-0_align.webp,0.389316,0.0,0.0654540228193255
database3/database3/m.01519n/69-FaceId-0_align.webp,0.017235,0.0,0.0430165597935174
database3/database3/m.0151fv/54-FaceId-0_align.webp,0.017876,0.0,0.0375391830352151
database3/database3/m.0151fv/90-FaceId-0_align.webp,0.296844,0.0,0.0474666419553791
database3/database3/m.0151fv/94-FaceId-0_align.webp,0.121468,0.0,0.0629906440364348
database3/database3/m.0151n1/16-FaceId-0_align.webp,0.044648,1.0,0.0432571703477875
database3/database3/m.0151n1/26-FaceId-0_align.webp,0.101903,1.0,0.0461184391010431
database3/database3/m.0151n1/29-FaceId-0_align.webp,0.049938,1.0,0.0577068727759327
database3/database3/m.0151n1/36-FaceId-0_align.webp,0.038201,1.0,0.0516240349401028
database3/database3/m.0151n1/53-FaceId-0_align.webp,0.021607,1.0,0.0586284283845605
database3/database3/m.0151p8/29-FaceId-0_align.webp,0.003452,1.0,0.0322065704573519
database3/database3/m.0151xv/30-FaceId-0_align.webp,0.007121,1.0,0.0450883092170323
database3/database3/m.0151xv/44-FaceId-0_align.webp,0.021629,1.0,0.0449754482639346
database3/database3/m.0151xv/88-FaceId-0_align.webp,0.006779,1.0,0.0516022082414577
database3/database3/m.0151zx/92-FaceId-0_align.webp,0.043036,1.0,0.06462233062034
database3/database3/m.0152cw/42-FaceId-0_align.webp,0.083199,0.0,0.0376563881321413
database3/database3/m.0152xn/72-FaceId-0_align.webp,0.043462,1.0,0.0682895842323072
database3/database3/m.015302/4-FaceId-0_align.webp,0.000416,1.0,0.0343537395167946
database3/database3/m.0153dp/1-FaceId-0_align.webp,0.039324,1.0,0.0501728704868868
database3/database3/m.0153dp/88-FaceId-0_align.webp,0.057869,1.0,0.043824731598919
database3/database3/m.0153vt/1-FaceId-0_align.webp,0.335303,1.0,0.0425602673031172
database3/database3/m.0153vt/81-FaceId-0_align.webp,0.087285,1.0,0.0532863741000134
database3/database3/m.0153y1/16-FaceId-0_align.webp,0.166114,0.0,0.0414428897335631
database3/database3/m.01541z/117-FaceId-0_align.webp,0.111734,0.0,0.0419327239688802
database3/database3/m.01547g/3-FaceId-0_align.webp,0.153164,0.0,0.0402660651558845
database3/database3/m.01547g/73-FaceId-0_align.webp,0.246081,0.0,0.0422541485824092
database3/database3/m.0154d7/52-FaceId-0_align.webp,0.115018,1.0,0.0521722060860568
database3/database3/m.0154ff/10-FaceId-0_align.webp,0.121913,0.0,0.03928036985873
database3/database3/m.0154hr/101-FaceId-0_align.webp,0.090433,0.0,0.0491085701567041
database3/database3/m.0154hr/109-FaceId-0_align.webp,0.038439,0.0,0.0525765679832357
database3/database3/m.0154hr/18-FaceId-0_align.webp,0.07836,0.0,0.0563755924541589
database3/database3/m.0154hr/28-FaceId-0_align.webp,0.045785,0.0,0.0436874762535404
database3/database3/m.0154s9/24-FaceId-0_align.webp,0.052837,1.0,0.036059175570967
database3/database3/m.0154x6/57-FaceId-0_align.webp,0.061779,0.0,0.0404265003037586
database3/database3/m.01552j/40-FaceId-0_align.webp,0.017747,1.0,0.0412353946023585
database3/database3/m.01558d/79-FaceId-0_align.webp,0.014812,1.0,0.0278930190066598
database3/database3/m.01558d/8-FaceId-0_align.webp,0.124089,1.0,0.0466681453067548
database3/database3/m.0155zp/26-FaceId-0_align.webp,0.000547,1.0,0.0423442418947113
database3/database3/m.0155zp/7-FaceId-0_align.webp,0.015991,1.0,0.042513324152911
database3/database3/m.0155zp/79-FaceId-0_align.webp,0.02849,1.0,0.0582211853399021
database3/database3/m.0155zp/88-FaceId-0_align.webp,0.072148,1.0,0.0448262001817815
database3/database3/m.0156dg/11-FaceId-0_align.webp,0.153809,0.0,0.0510264332243202
database3/database3/m.0156dg/2-FaceId-0_align.webp,0.144571,0.0,0.0547482263658107
database3/database3/m.0156y1/31-FaceId-0_align.webp,0.047284,1.0,0.0418185863322761
database3/database3/m.01574b/45-FaceId-0_align.webp,0.070647,0.0,0.046529363525314
database3/database3/m.015796/86-FaceId-0_align.webp,0.081944,0.0,0.042692541417472
database3/database3/m.0157m/20-FaceId-0_align.webp,0.028257,1.0,0.0317524194610199
database3/database3/m.0157m/24-FaceId-0_align.webp,0.028454,1.0,0.0417586170509956
database3/database3/m.0157m/25-FaceId-0_align.webp,0.020124,1.0,0.0370824493247809
database3/database3/m.0157m/73-FaceId-0_align.webp,0.033963,1.0,0.0467820019311767
database3/database3/m.0157r6/22-FaceId-1_align.webp,0.0,1.0,0.0893335077977167
database3/database3/m.0157ry/29-FaceId-0_align.webp,0.027582,1.0,0.0530934973218685
database3/database3/m.015882/17-FaceId-0_align.webp,0.396178,0.0,0.0461506336966285
database3/database3/m.015882/20-FaceId-0_align.webp,0.380878,0.0,0.0526347485158726
database3/database3/m.015882/75-FaceId-0_align.webp,0.386665,0.0,0.0548965035932222
database3/database3/m.0158r2/73-FaceId-0_align.webp,0.173377,0.0,0.0401859125541879
database3/database3/m.01598m/79-FaceId-0_align.webp,0.475474,0.0,0.0518179705760493
database3/database3/m.0159wm/104-FaceId-0_align.webp,0.007308,1.0,0.0295193333969615
database3/database3/m.0159wm/9-FaceId-0_align.webp,0.002891,1.0,0.0252825089704588
database3/database3/m.015_44/31-FaceId-0_align.webp,0.062168,0.0,0.0408083121818821
database3/database3/m.015_44/64-FaceId-0_align.webp,0.356589,0.0,0.058515321345117
database3/database3/m.015_44/84-FaceId-0_align.webp,0.3229,0.0,0.0588163620447586
database3/database3/m.015b67/34-FaceId-0_align.webp,0.034996,1.0,0.0402550588001495
database3/database3/m.015bhj/103-FaceId-1_align.webp,0.041754,1.0,0.0
database3/database3/m.015bhj/70-FaceId-0_align.webp,0.00385,1.0,0.0420989398348804
database3/database3/m.015bnf/68-FaceId-0_align.webp,0.066968,0.0,0.0420407787535993
database3/database3/m.015brk/18-FaceId-0_align.webp,0.023166,1.0,0.0621894457703219
database3/database3/m.015bw2/110-FaceId-0_align.webp,0.01319,1.0,0.0437921991486983
database3/database3/m.015bw2/40-FaceId-0_align.webp,0.013047,1.0,0.0517357651443088
database3/database3/m.015bw2/68-FaceId-0_align.webp,0.00956,1.0,0.0520116278581943
database3/database3/m.015c2f/3-FaceId-0_align.webp,0.072717,0.0,0.0366737272802516
database3/database3/m.015c2f/47-FaceId-0_align.webp,0.01548,0.0,0.0422720394480787
database3/database3/m.015c2f/49-FaceId-0_align.webp,0.031524,0.0,0.0448265362804435
database3/database3/m.015c2f/8-FaceId-0_align.webp,0.126031,0.0,0.041754530985974
database3/database3/m.015c4g/7-FaceId-0_align.webp,0.000573,1.0,0.041387548797468
database3/database3/m.015c4g/83-FaceId-0_align.webp,0.000391,1.0,0.036666309780586
database3/database3/m.015cyn/17-FaceId-0_align.webp,0.046212,1.0,0.0422851831431027
database3/database3/m.015cyn/5-FaceId-0_align.webp,0.152464,1.0,0.033491324676073
database3/database3/m.015czg/24-FaceId-0_align.webp,0.141052,1.0,0.0570429204863536
database3/database3/m.015d2r/66-FaceId-0_align.webp,0.064087,1.0,0.110158858926127
database3/database3/m.015d2r/86-FaceId-0_align.webp,0.029999,1.0,0.0434651187620947
database3/database3/m.015dcj/83-FaceId-0_align.webp,0.023385,1.0,0.0454707465188246
database3/database3/m.015dgg/80-FaceId-0_align.webp,0.001775,1.0,0.0674374686878265
database3/database3/m.015djp/24-FaceId-0_align.webp,0.0,1.0,0.0353547436295893
database3/database3/m.015djp/27-FaceId-0_align.webp,0.037685,1.0,0.0462499276882729
database3/database3/m.015dk3/22-FaceId-0_align.webp,0.027592,1.0,0.036083487745146
database3/database3/m.015dnt/38-FaceId-0_align.webp,0.001692,1.0,0.0549297689769656
database3/database3/m.015dnt/42-FaceId-1_align.webp,0.102539,1.0,0.0237050103001558
database3/database3/m.015dqj/29-FaceId-0_align.webp,0.034796,1.0,0.0451058422627234
database3/database3/m.015dsz/54-FaceId-1_align.webp,0.002756,1.0,0.0358639518166731
database3/database3/m.015dx/106-FaceId-0_align.webp,0.065832,0.0,0.0382960562987736
database3/database3/m.015dx/112-FaceId-0_align.webp,0.282009,0.0,0.0430599013063004
database3/database3/m.015dx/117-FaceId-0_align.webp,0.154935,0.0,0.0328284911317958
database3/database3/m.015dx/16-FaceId-0_align.webp,0.065933,0.0,0.0445499141348819
database3/database3/m.015dx/75-FaceId-0_align.webp,0.127561,0.0,0.0467135960607226
database3/database3/m.015dz8/51-FaceId-0_align.webp,0.051527,1.0,0.0387483728524765
database3/database3/m.015f6_/9-FaceId-0_align.webp,0.050822,1.0,0.0471262240892899
database3/database3/m.015fxn/110-FaceId-1_align.webp,0.050721,0.0,0.0363393595604675
database3/database3/m.015fyd/19-FaceId-0_align.webp,0.055834,0.0,0.045381365384347
database3/database3/m.015g36/86-FaceId-0_align.webp,0.010069,0.0,0.0411837188006925
database3/database3/m.015g98/4-FaceId-0_align.webp,0.031227,1.0,0.0553355513222638
database3/database3/m.015g_7/108-FaceId-0_align.webp,0.075445,1.0,0.0395158046168838
database3/database3/m.015ghl/29-FaceId-0_align.webp,0.035495,0.0,0.039077030534338
database3/database3/m.015ghl/58-FaceId-0_align.webp,0.114793,0.0,0.0283688742888768
database3/database3/m.015ghl/7-FaceId-0_align.webp,0.022651,0.0,0.0349817301209991
database3/database3/m.015gjr/36-FaceId-0_align.webp,0.054888,1.0,0.0464144798788066
database3/database3/m.015gjr/40-FaceId-0_align.webp,0.045893,1.0,0.042110752526875
database3/database3/m.015gjr/84-FaceId-0_align.webp,0.042274,1.0,0.1037351466195641
database3/database3/m.015gqm/96-FaceId-1_align.webp,0.236979,1.0,0.0763545748029578
database3/database3/m.015grj/83-FaceId-0_align.webp,0.0,1.0,0.0389382526606218
database3/database3/m.015grj/95-FaceId-0_align.webp,0.006074,1.0,0.0371225491853805
database3/database3/m.015grj/98-FaceId-0_align.webp,0.00126,1.0,0.0277839437211252
database3/database3/m.015gsv/100-FaceId-0_align.webp,0.087077,1.0,0.0578514259840805
database3/database3/m.015gsv/72-FaceId-0_align.webp,0.017745,1.0,0.042647271820818
database3/database3/m.015gx1/70-FaceId-0_align.webp,0.056653,1.0,0.0420451262379239
database3/database3/m.015gy7/28-FaceId-0_align.webp,0.011386,1.0,0.0497449933754768
database3/database3/m.015gzc/94-FaceId-0_align.webp,0.077714,1.0,0.0567839061664566
database3/database3/m.015h25/3-FaceId-0_align.webp,0.001481,1.0,0.032976130324549
database3/database3/m.015h7y/30-FaceId-0_align.webp,0.014431,1.0,0.0473359948988336
database3/database3/m.015htz/46-FaceId-0_align.webp,0.135648,0.0,0.0378334453963681
database3/database3/m.015j58/58-FaceId-0_align.webp,0.016994,1.0,0.0426530892860795
database3/database3/m.015j6h/20-FaceId-0_align.webp,0.005265,1.0,0.0475995831196385
database3/database3/m.015j6h/37-FaceId-0_align.webp,0.094841,1.0,0.0553553380211495
database3/database3/m.015j6y/47-FaceId-0_align.webp,0.10488,0.0,0.0682843972211922
database3/database3/m.015j6y/5-FaceId-0_align.webp,0.085053,0.0,0.0360090424075905
database3/database3/m.015j6y/73-FaceId-1_align.webp,0.12413,0.0,0.0460416560553666
database3/database3/m.015j8x/17-FaceId-0_align.webp,0.049084,1.0,0.0565233757951467
database3/database3/m.015j8x/42-FaceId-0_align.webp,0.021866,1.0,0.076790838614907
database3/database3/m.015jjw/46-FaceId-0_align.webp,0.068702,1.0,0.0716169306875629
database3/database3/m.015jjw/69-FaceId-0_align.webp,0.113403,1.0,0.0938067844108885
database3/database3/m.015jvm/105-FaceId-0_align.webp,0.006549,1.0,0.0377713209320581
database3/database3/m.015jvm/32-FaceId-0_align.webp,0.01088,1.0,0.0353209805517118
database3/database3/m.015jvm/85-FaceId-0_align.webp,0.111985,1.0,0.0689501484105765
database3/database3/m.015k04/104-FaceId-0_align.webp,0.087765,0.0,0.0344048149932729
database3/database3/m.015k04/33-FaceId-0_align.webp,0.019732,0.0,0.0444513456501959
database3/database3/m.015k04/68-FaceId-0_align.webp,0.032064,0.0,0.0417905966657051
database3/database3/m.015k9x/19-FaceId-0_align.webp,0.079615,0.0,0.0491217499576642
database3/database3/m.015k9x/84-FaceId-0_align.webp,0.154994,0.0,0.2946972256141646
database3/database3/m.015kbd/21-FaceId-0_align.webp,0.030994,1.0,0.0346313599056408
database3/database3/m.015kbd/80-FaceId-0_align.webp,0.061754,1.0,0.1347420839386386
database3/database3/m.015khm/4-FaceId-0_align.webp,0.027803,1.0,0.0281207571958738
database3/database3/m.015klf/75-FaceId-0_align.webp,0.0,1.0,0.0302508107370629
database3/database3/m.015ksl/24-FaceId-0_align.webp,0.23069,1.0,0.0564410291433023
database3/database3/m.015ksl/26-FaceId-1_align.webp,0.043132,1.0,0.1276041244449247
database3/database3/m.015ksl/31-FaceId-0_align.webp,0.096817,1.0,0.0566477536668152
database3/database3/m.015ksl/72-FaceId-0_align.webp,0.014945,1.0,0.0428078550573369
database3/database3/m.015ksy/70-FaceId-0_align.webp,0.064697,1.0,0.0398265456135749
database3/database3/m.015ksy/90-FaceId-0_align.webp,0.039383,1.0,0.0415807415709117
database3/database3/m.015kt_/7-FaceId-0_align.webp,0.084368,1.0,0.0496656545410476
database3/database3/m.015l1l/126-FaceId-0_align.webp,0.0,1.0,0.025975730479894
database3/database3/m.015l51/58-FaceId-0_align.webp,0.077217,1.0,0.0352455742814892
database3/database3/m.015lg2/3-FaceId-0_align.webp,0.081487,1.0,0.1095526582912733
database3/database3/m.015m2c/35-FaceId-0_align.webp,0.111821,0.0,0.0934450914647395
database3/database3/m.015m2c/62-FaceId-0_align.webp,0.107098,0.0,0.0843101149451101
database3/database3/m.015m2c/96-FaceId-0_align.webp,0.077293,0.0,0.092736783850081
database3/database3/m.015m2v/50-FaceId-0_align.webp,0.014038,1.0,0.0458814969373579
database3/database3/m.015m_9/103-FaceId-0_align.webp,0.203457,0.0,0.058033054910437
database3/database3/m.015m_9/23-FaceId-0_align.webp,0.194385,0.0,0.0432450985496145
database3/database3/m.015mfy/124-FaceId-0_align.webp,0.011509,1.0,0.1001334431738688
database3/database3/m.015mfy/44-FaceId-0_align.webp,0.015486,1.0,0.1005059655424543
database3/database3/m.015ncq/12-FaceId-0_align.webp,0.097302,0.0,0.045689804090399
database3/database3/m.015ncq/15-FaceId-0_align.webp,0.108176,0.0,0.0425901670711952
database3/database3/m.015ncq/43-FaceId-0_align.webp,0.173231,0.0,0.0697438675588901
database3/database3/m.015nr6/10-FaceId-0_align.webp,0.135309,0.0,0.0340823114968873
database3/database3/m.015nxw/46-FaceId-0_align.webp,0.033616,1.0,0.0436980533426897
database3/database3/m.015nz8/33-FaceId-0_align.webp,0.258768,1.0,0.0562159334278597
database3/database3/m.015p0c/3-FaceId-0_align.webp,0.047687,1.0,0.0361786155698071
database3/database3/m.015p37/5-FaceId-0_align.webp,0.024022,0.0,0.1059148026075257
database3/database3/m.015p3p/83-FaceId-3_align.webp,0.095309,1.0,0.0614441088096307
database3/database3/m.015p_p/4-FaceId-0_align.webp,0.041582,1.0,0.1019574254582565
database3/database3/m.015ph6/52-FaceId-0_align.webp,0.019715,1.0,0.0418888827434745
database3/database3/m.015ph6/9-FaceId-0_align.webp,0.017184,1.0,0.0340843182427227
database3/database3/m.015phm/91-FaceId-0_align.webp,0.017375,1.0,0.0305995535182186
database3/database3/m.015pqq/24-FaceId-0_align.webp,0.179784,0.0,0.048413164551699
database3/database3/m.015pqq/66-FaceId-0_align.webp,0.136121,0.0,0.1011383426007042
database3/database3/m.015pqq/87-FaceId-0_align.webp,0.018013,0.0,0.0478639024305318
database3/database3/m.015pt7/51-FaceId-0_align.webp,0.127322,1.0,0.0510572544722825
database3/database3/m.015pt7/58-FaceId-0_align.webp,0.035197,1.0,0.0392154554149619
database3/database3/m.015pt7/60-FaceId-0_align.webp,0.049196,1.0,0.0703124018247112
database3/database3/m.015pvh/112-FaceId-0_align.webp,0.330281,0.0,0.0481055125967892
database3/database3/m.015px7/44-FaceId-0_align.webp,0.034165,1.0,0.0384882726175807
database3/database3/m.015px7/91-FaceId-0_align.webp,0.015722,1.0,0.0532257356930549
database3/database3/m.015pxr/76-FaceId-0_align.webp,0.013737,1.0,0.0398233416234566
database3/database3/m.015pxr/85-FaceId-0_align.webp,0.04711,1.0,0.0521991091538098
database3/database3/m.015pz3/26-FaceId-0_align.webp,0.029214,1.0,0.0457540611214643
database3/database3/m.015q3m/88-FaceId-0_align.webp,0.02977,1.0,0.0388302594347963
database3/database3/m.015q43/44-FaceId-0_align.webp,0.14431,0.0,0.0439486314414456
database3/database3/m.015q43/83-FaceId-0_align.webp,0.202776,0.0,0.0508686340851044
database3/database3/m.015q7v/66-FaceId-0_align.webp,0.123951,1.0,0.0453908154569466
database3/database3/m.015q7v/70-FaceId-0_align.webp,0.084162,1.0,0.0462910722157211
database3/database3/m.015q7v/74-FaceId-0_align.webp,0.166774,1.0,0.1091677611435278
database3/database3/m.015q7v/95-FaceId-0_align.webp,0.114436,1.0,0.0426935541650948
database3/database3/m.015q9_/38-FaceId-0_align.webp,0.073529,1.0,0.0503072811267687
database3/database3/m.015q9_/55-FaceId-0_align.webp,0.228226,1.0,0.0492741461770584
database3/database3/m.015qgb/80-FaceId-0_align.webp,0.240744,0.0,0.0644864933621836
database3/database3/m.015ql4/49-FaceId-0_align.webp,0.010843,1.0,0.041851629633845
database3/database3/m.015ql_/79-FaceId-0_align.webp,0.076307,0.0,0.0481832204897164
database3/database3/m.015qlm/10-FaceId-0_align.webp,0.050821,0.0,0.0419095634537034
database3/database3/m.015qlm/70-FaceId-0_align.webp,0.030997,0.0,0.0415748521265673
database3/database3/m.015qpn/63-FaceId-0_align.webp,0.366396,1.0,0.0451380335063859
database3/database3/m.015qq1/36-FaceId-0_align.webp,0.022633,1.0,0.0366627657451282
database3/database3/m.015qty/73-FaceId-0_align.webp,0.019129,1.0,0.0373170582749347
database3/database3/m.015qty/74-FaceId-0_align.webp,0.007618,1.0,0.0416152660139877
database3/database3/m.015qv9/29-FaceId-0_align.webp,0.006101,1.0,0.0478893009135605
database3/database3/m.015qxn/75-FaceId-0_align.webp,0.029389,1.0,0.0402610630216624
database3/database3/m.015qxn/81-FaceId-0_align.webp,0.000968,1.0,0.0808050072518465
database3/database3/m.015qyf/14-FaceId-0_align.webp,0.032701,1.0,0.0461456664632041
database3/database3/m.015qzv/12-FaceId-0_align.webp,0.03298,1.0,0.1013296509133351
database3/database3/m.015qzv/45-FaceId-0_align.webp,0.048204,1.0,0.0897838713724955
database3/database3/m.015qzv/55-FaceId-0_align.webp,0.094832,1.0,0.123891532604468
database3/database3/m.015qzv/57-FaceId-0_align.webp,0.068867,1.0,0.052863099797063
database3/database3/m.015r3q/35-FaceId-0_align.webp,0.001755,1.0,0.0944401147256456
database3/database3/m.015r4v/28-FaceId-0_align.webp,0.015627,1.0,0.0572085102657249
database3/database3/m.015rhv/21-FaceId-0_align.webp,0.274759,1.0,0.0713161929369244
database3/database3/m.015rmq/88-FaceId-0_align.webp,0.016982,1.0,0.0404368054605149
database3/database3/m.015t_m/31-FaceId-0_align.webp,0.0851,1.0,0.0285662486334185
database3/database3/m.015thk/1-FaceId-0_align.webp,0.117609,1.0,0.0410029711336289
database3/database3/m.015thk/47-FaceId-0_align.webp,0.223814,1.0,0.0637646950144833
database3/database3/m.015thk/89-FaceId-0_align.webp,0.010677,1.0,0.097001320889034
database3/database3/m.015tp7/25-FaceId-0_align.webp,0.089928,1.0,0.0458348272578904
database3/database3/m.015tp7/4-FaceId-0_align.webp,0.078982,1.0,0.0490490750432376
database3/database3/m.015tv5/22-FaceId-0_align.webp,0.009031,1.0,0.0475638056997794
database3/database3/m.015tv5/54-FaceId-0_align.webp,0.027498,1.0,0.0416842701244327
database3/database3/m.015tyq/50-FaceId-0_align.webp,0.029346,1.0,0.0709154848762538
database3/database3/m.015tyq/63-FaceId-0_align.webp,0.05956,1.0,0.1106556023532988
database3/database3/m.015v98/49-FaceId-0_align.webp,0.062142,0.0,0.0507128008407738
database3/database3/m.015v98/79-FaceId-0_align.webp,0.070144,0.0,0.0522301773009671
database3/database3/m.015vql/63-FaceId-0_align.webp,0.02634,1.0,0.0498503276706143
database3/database3/m.015vyh/54-FaceId-0_align.webp,0.020372,1.0,0.0404620037041141
database3/database3/m.015wfg/59-FaceId-0_align.webp,0.021245,1.0,0.0474090815843291
database3/database3/m.015wfy/41-FaceId-0_align.webp,0.10115,1.0,0.0390580517230592
database3/database3/m.015wfy/43-FaceId-0_align.webp,0.000923,1.0,0.0888943530173979
database3/database3/m.015wfy/78-FaceId-0_align.webp,0.064575,1.0,0.0974305815889738
database3/database3/m.015wfy/91-FaceId-0_align.webp,0.156,1.0,0.0814935699558832
database3/database3/m.015wgw/16-FaceId-0_align.webp,0.030553,1.0,0.0390284668853959
database3/database3/m.015wgw/5-FaceId-0_align.webp,0.079937,1.0,0.0486491494228311
database3/database3/m.015wkb/94-FaceId-0_align.webp,0.010721,1.0,0.0371797358388756
database3/database3/m.015x3n/93-FaceId-0_align.webp,0.0,0.0,0.259337410460873
database3/database3/m.015x63/126-FaceId-0_align.webp,0.077609,0.0,0.0424158373763105
database3/database3/m.015xnd/46-FaceId-0_align.webp,0.021854,1.0,0.0663985663863882
database3/database3/m.015xnd/72-FaceId-0_align.webp,0.171432,1.0,0.1062562513055075
database3/database3/m.015xsn/17-FaceId-0_align.webp,0.021828,1.0,0.0772986273209029
database3/database3/m.015xww/31-FaceId-0_align.webp,0.075773,1.0,0.0487337982759715
database3/database3/m.015xys/54-FaceId-0_align.webp,0.054138,1.0,0.0408079832199401
database3/database3/m.015y4c/42-FaceId-0_align.webp,0.097688,1.0,0.0313267137049292
database3/database3/m.015y4c/72-FaceId-0_align.webp,0.027368,1.0,0.0386695816787018
database3/database3/m.015y4c/79-FaceId-0_align.webp,0.010835,1.0,0.0328108928655452
database3/database3/m.015yb0/108-FaceId-0_align.webp,0.073526,1.0,0.0349930295442308
database3/database3/m.015ybz/5-FaceId-0_align.webp,0.004767,1.0,0.1452517351253363
database3/database3/m.015yg9/69-FaceId-0_align.webp,0.021682,1.0,0.0715305266682059
database3/database3/m.015ykr/19-FaceId-0_align.webp,0.078311,0.0,0.0431253311098256
database3/database3/m.015ykr/9-FaceId-0_align.webp,0.026904,0.0,0.0350153758664656
database3/database3/m.015z4j/106-FaceId-1_align.webp,0.203863,0.0,0.0459585363096849
database3/database3/m.015z4j/30-FaceId-0_align.webp,0.022438,0.0,0.0397632051244803
database3/database3/m.015zj4/3-FaceId-0_align.webp,0.026859,1.0,0.0777785583139663
database3/database3/m.015zjx/34-FaceId-0_align.webp,0.188292,1.0,0.0604539072426974
database3/database3/m.015zm4/92-FaceId-0_align.webp,0.019768,1.0,0.079147686504213
database3/database3/m.015zmm/35-FaceId-0_align.webp,0.071991,0.0,0.0428773528407115
database3/database3/m.016077/95-FaceId-0_align.webp,0.023638,1.0,0.048467079873427
database3/database3/m.0160pf/102-FaceId-0_align.webp,0.037457,1.0,0.0480178796334926
database3/database3/m.016194/12-FaceId-0_align.webp,0.028771,1.0,0.0444773845192209
database3/database3/m.016194/6-FaceId-0_align.webp,0.025295,1.0,0.0351736739193055
database3/database3/m.0161h5/105-FaceId-0_align.webp,0.042175,0.0,0.0388339985024886
database3/database3/m.0161hn/33-FaceId-0_align.webp,0.010683,1.0,0.0643344922187709
database3/database3/m.0162c8/22-FaceId-0_align.webp,0.021055,1.0,0.0488683487123558
database3/database3/m.0162c8/71-FaceId-0_align.webp,0.041746,1.0,0.0466588625302515
database3/database3/m.0162c8/72-FaceId-0_align.webp,0.034776,1.0,0.046568630870937
database3/database3/m.0162lw/68-FaceId-0_align.webp,0.026272,1.0,0.0570818368441169
database3/database3/m.0162n1/16-FaceId-0_align.webp,0.013549,1.0,0.0967163472685998
database3/database3/m.0162n1/17-FaceId-0_align.webp,0.15524,1.0,0.1007684146839076
database3/database3/m.01635v/83-FaceId-0_align.webp,0.001023,1.0,0.0320450457643041
database3/database3/m.0163bt/91-FaceId-0_align.webp,0.100672,1.0,0.0526067640754797
database3/database3/m.0163kf/72-FaceId-0_align.webp,0.120095,0.0,0.0416025546921769
database3/database3/m.0163kf/83-FaceId-0_align.webp,0.098981,0.0,0.0539838425516233
database3/database3/m.0163rk/30-FaceId-0_align.webp,0.022552,1.0,0.043094383483324
database3/database3/m.0163s9/24-FaceId-0_align.webp,0.074147,1.0,0.0490265574490343
database3/database3/m.0163s9/74-FaceId-0_align.webp,0.166715,1.0,0.0439320069675597
database3/database3/m.0163t3/106-FaceId-0_align.webp,0.195337,0.0,0.043326331998763
database3/database3/m.0163t3/9-FaceId-0_align.webp,0.08181,0.0,0.0400931769498089
database3/database3/m.0163y8/74-FaceId-0_align.webp,0.077227,1.0,0.0526195421241693
database3/database3/m.0164c4/60-FaceId-0_align.webp,0.111711,0.0,0.0367969793723931
database3/database3/m.0164lp/69-FaceId-0_align.webp,0.064522,1.0,0.0398184759594662
database3/database3/m.0164lp/92-FaceId-0_align.webp,0.151037,1.0,0.1045225040979652
database3/database3/m.0164nb/3-FaceId-0_align.webp,0.089532,1.0,0.039365359931633
database3/database3/m.0164y7/34-FaceId-0_align.webp,0.005214,1.0,0.0470972233866799
database3/database3/m.0165cp/26-FaceId-0_align.webp,0.006703,0.0,0.0356058209366323
database3/database3/m.0165cp/52-FaceId-0_align.webp,0.057554,0.0,0.0312560688655548
database3/database3/m.0165gc/85-FaceId-0_align.webp,0.006716,1.0,0.0369294416804658
database3/database3/m.0165gc/99-FaceId-0_align.webp,0.120842,1.0,0.0410687763388333
database3/database3/m.0165ky/57-FaceId-0_align.webp,0.015031,1.0,0.081376691305988
database3/database3/m.0165n5/59-FaceId-0_align.webp,0.014306,0.0,0.0383355520109399
database3/database3/m.01666h/59-FaceId-0_align.webp,0.366126,0.0,0.047742677109644
database3/database3/m.01666h/65-FaceId-0_align.webp,0.324656,0.0,0.0563012185926179
database3/database3/m.0166rp/41-FaceId-0_align.webp,0.108225,1.0,0.056972668058572
database3/database3/m.0166rp/55-FaceId-0_align.webp,0.058677,1.0,0.057917614853529
database3/database3/m.0166w_/52-FaceId-0_align.webp,0.055626,1.0,0.0367502447580061
database3/database3/m.0166w_/7-FaceId-0_align.webp,0.051227,1.0,0.0295584880649841
database3/database3/m.0166yl/4-FaceId-0_align.webp,0.128426,1.0,0.0395804191054884
database3/database3/m.0166yl/42-FaceId-0_align.webp,0.00821,1.0,0.0434162118386819
database3/database3/m.0166zk/13-FaceId-0_align.webp,0.040817,1.0,0.1177837514857882
database3/database3/m.0166zk/42-FaceId-0_align.webp,0.020069,1.0,0.0840273344264058
database3/database3/m.0166zk/72-FaceId-0_align.webp,0.015452,1.0,0.0458957303478373
database3/database3/m.01678_/78-FaceId-0_align.webp,0.014927,1.0,0.0383566327960636
database3/database3/m.0167h6/35-FaceId-0_align.webp,0.000892,1.0,0.0369777449699837
database3/database3/m.0167xk/87-FaceId-0_align.webp,0.035118,1.0,0.0486900336740609
database3/database3/m.016883/25-FaceId-0_align.webp,0.021581,1.0,0.0389420285094813
database3/database3/m.016883/35-FaceId-0_align.webp,0.016967,1.0,0.0462124938064835
database3/database3/m.016883/79-FaceId-0_align.webp,0.042662,1.0,0.0410705872488915
database3/database3/m.0168cl/73-FaceId-0_align.webp,0.16573,1.0,0.0526598796273237
database3/database3/m.0168ql/60-FaceId-0_align.webp,0.01118,1.0,0.0257149094939303
database3/database3/m.0168vx/9-FaceId-0_align.webp,0.182986,0.0,0.0342796898213527
database3/database3/m.01693z/106-FaceId-0_align.webp,0.308514,1.0,0.06961638878159
database3/database3/m.01693z/67-FaceId-0_align.webp,0.053019,1.0,0.0344212674745316
database3/database3/m.016959/105-FaceId-0_align.webp,0.10109,1.0,0.0582825330183529
database3/database3/m.016959/51-FaceId-0_align.webp,0.067755,1.0,0.0458551020214459
database3/database3/m.0169ff/102-FaceId-0_align.webp,0.033338,1.0,0.0562631829191932
database3/database3/m.0169ff/36-FaceId-0_align.webp,0.024259,1.0,0.043810742956233
database3/database3/m.0169ff/79-FaceId-0_align.webp,0.137366,1.0,0.0453488510890629
database3/database3/m.0169mh/14-FaceId-0_align.webp,0.084985,0.0,0.0589112783486063
database3/database3/m.0169r6/43-FaceId-0_align.webp,0.109367,0.0,0.047268164812704
database3/database3/m.0169v2/37-FaceId-0_align.webp,0.237432,0.0,0.0520846677390931
database3/database3/m.0169v2/60-FaceId-0_align.webp,0.294775,0.0,0.0550807730144595
database3/database3/m.0169x_/12-FaceId-0_align.webp,0.169443,1.0,0.0474204179547953
database3/database3/m.016_js/82-FaceId-0_align.webp,0.00161,0.0,0.037864239930367
database3/database3/m.016_js/90-FaceId-0_align.webp,0.074161,0.0,0.0513738336979115
database3/database3/m.016_mj/9-FaceId-0_align.webp,0.005546,1.0,0.0473093942289907
database3/database3/m.016b6z/92-FaceId-0_align.webp,0.053278,1.0,0.0538976700238986
database3/database3/m.016b90/0-FaceId-0_align.webp,0.006801,1.0,0.0379231315484927
database3/database3/m.016b90/79-FaceId-0_align.webp,0.0,1.0,0.022449019371904
database3/database3/m.016b90/8-FaceId-0_align.webp,0.046454,1.0,0.0311002751835076
database3/database3/m.016b90/93-FaceId-0_align.webp,0.01334,1.0,0.0396338938976707
database3/database3/m.016cn6/6-FaceId-0_align.webp,0.062721,1.0,0.0819532567448271
database3/database3/m.016cn6/90-FaceId-0_align.webp,0.090699,1.0,0.0542196163969452
database3/database3/m.016cz6/23-FaceId-1_align.webp,0.213677,1.0,0.2419791146260607
database3/database3/m.016db7/11-FaceId-0_align.webp,0.00104,1.0,0.0660609814142071
database3/database3/m.016dbr/42-FaceId-0_align.webp,0.02227,1.0,0.0445827240342942
database3/database3/m.016fjj/77-FaceId-0_align.webp,0.012807,1.0,0.0403500769622722
database3/database3/m.016fnv/40-FaceId-0_align.webp,0.049743,1.0,0.0428488034052929
database3/database3/m.016g29/40-FaceId-0_align.webp,0.003894,1.0,0.070158198819772
database3/database3/m.016g29/95-FaceId-0_align.webp,0.017798,1.0,0.0295585821882371
database3/database3/m.016ggh/74-FaceId-0_align.webp,0.004674,1.0,0.0375973566079371
database3/database3/m.016ghw/12-FaceId-0_align.webp,0.035794,1.0,0.0796302858555201
database3/database3/m.016gkf/85-FaceId-0_align.webp,0.159983,1.0,0.0445161800247708
database3/database3/m.016gnp/45-FaceId-0_align.webp,0.027576,1.0,0.041456524927587
database3/database3/m.016gnp/48-FaceId-0_align.webp,0.0,1.0,0.0454884213945084
database3/database3/m.016gr2/107-FaceId-0_align.webp,0.0,1.0,0.0599159466770361
database3/database3/m.016gr2/38-FaceId-0_align.webp,0.0,1.0,0.0353069299860183
database3/database3/m.016hgp/12-FaceId-0_align.webp,0.055372,0.0,0.0391887547279634
database3/database3/m.016hgp/32-FaceId-12_align.webp,0.159452,0.0,0.1255213988449404
database3/database3/m.016hgp/77-FaceId-4_align.webp,0.110387,0.0,0.0378834421431638
database3/database3/m.016hgp/77-FaceId-7_align.webp,0.08977,0.0,0.0390605773325276
database3/database3/m.016hgp/77-FaceId-9_align.webp,0.121788,0.0,0.0422096761189315
database3/database3/m.016hj7/88-FaceId-0_align.webp,0.028831,1.0,0.0329678051505887
database3/database3/m.016hk4/98-FaceId-0_align.webp,0.002253,1.0,0.0436560182770474
database3/database3/m.016hmf/90-FaceId-0_align.webp,0.168251,1.0,0.0501481036626141
database3/database3/m.016hrc/46-FaceId-0_align.webp,0.064797,0.0,0.0505647279522478
database3/database3/m.016htr/23-FaceId-0_align.webp,0.041326,1.0,0.0442193432756871
database3/database3/m.016htr/80-FaceId-0_align.webp,0.0,1.0,0.096945408164223
database3/database3/m.016hvl/14-FaceId-0_align.webp,0.018608,1.0,0.0530882289870791
database3/database3/m.016hvl/79-FaceId-0_align.webp,0.027134,1.0,0.0448275562613032
database3/database3/m.016hzm/79-FaceId-0_align.webp,0.040554,1.0,0.0857071550571842
database3/database3/m.016j4q/17-FaceId-0_align.webp,0.014713,1.0,0.2895579206103132
database3/database3/m.016j4q/73-FaceId-0_align.webp,0.027874,1.0,0.1476092726577698
database3/database3/m.016j55/23-FaceId-0_align.webp,0.003044,1.0,0.0555199584429144
database3/database3/m.016j_c/80-FaceId-0_align.webp,0.167359,0.0,0.0506198855506307
database3/database3/m.016k0j/73-FaceId-0_align.webp,0.021214,0.0,0.045129350639701
database3/database3/m.016k38/76-FaceId-0_align.webp,0.03171,1.0,0.0770692326030131
database3/database3/m.016k38/86-FaceId-0_align.webp,0.0969,1.0,0.0922582443912176
database3/database3/m.016k58/57-FaceId-0_align.webp,0.285077,0.0,0.0528593057827455
database3/database3/m.016k6x/11-FaceId-0_align.webp,0.0,1.0,0.0380883643005533
database3/database3/m.016k6x/19-FaceId-0_align.webp,0.0,1.0,0.0335241326467285
database3/database3/m.016k92/3-FaceId-0_align.webp,0.164786,1.0,0.0552586061415969
database3/database3/m.016k92/39-FaceId-0_align.webp,0.115077,1.0,0.0514207083907318
database3/database3/m.016k92/53-FaceId-0_align.webp,0.124335,1.0,0.0525728529509428
database3/database3/m.016k_v/117-FaceId-0_align.webp,0.172292,0.0,0.037496099455284
database3/database3/m.016k_v/31-FaceId-0_align.webp,0.103765,0.0,0.0402199595589403
database3/database3/m.016k_v/6-FaceId-0_align.webp,0.102662,0.0,0.0404226722262828
database3/database3/m.016kdv/96-FaceId-0_align.webp,0.10171,1.0,0.0419418979213464
database3/database3/m.016kft/30-FaceId-0_align.webp,0.094506,1.0,0.0491863682080366
database3/database3/m.016khd/116-FaceId-0_align.webp,0.014365,1.0,0.1065561545199344
database3/database3/m.016khd/18-FaceId-0_align.webp,0.045446,1.0,0.0691907705939064
database3/database3/m.016khd/77-FaceId-0_align.webp,0.016363,1.0,0.0388952383092869
database3/database3/m.016kjs/51-FaceId-0_align.webp,0.103247,1.0,0.055510845142661
database3/database3/m.016kqk/22-FaceId-0_align.webp,0.109366,1.0,0.0596022918466908
database3/database3/m.016kqk/57-FaceId-0_align.webp,0.028005,1.0,0.0585706452220054
database3/database3/m.016ksk/77-FaceId-0_align.webp,0.033554,1.0,0.0862758741752025
database3/database3/m.016l53/34-FaceId-0_align.webp,0.004644,1.0,0.1180555416636938
database3/database3/m.016l_5/13-FaceId-1_align.webp,0.028409,0.0,0.0942599775346214
database3/database3/m.016l_5/23-FaceId-0_align.webp,0.13632,0.0,0.0399231713224009
database3/database3/m.016l_5/69-FaceId-0_align.webp,0.067658,0.0,0.0390894955623033
database3/database3/m.016lb3/2-FaceId-0_align.webp,0.005513,1.0,0.0387107653073924
database3/database3/m.016lh0/74-FaceId-0_align.webp,0.000336,1.0,0.0425486038540587
database3/database3/m.016m0v/15-FaceId-0_align.webp,0.003574,1.0,0.0874492981480567
database3/database3/m.016m0v/47-FaceId-0_align.webp,0.010823,1.0,0.1007012383686106
database3/database3/m.016m0v/48-FaceId-0_align.webp,0.006305,1.0,0.0673093485727305
database3/database3/m.016mgj/22-FaceId-0_align.webp,0.177659,0.0,0.0407484852114336
database3/database3/m.016mgj/72-FaceId-0_align.webp,0.141048,0.0,0.107573891113218
database3/database3/m.016ntp/45-FaceId-0_align.webp,0.056576,0.0,0.115810343020801
database3/database3/m.016ntp/58-FaceId-0_align.webp,0.194583,0.0,0.0839383260057788
database3/database3/m.016ntp/78-FaceId-0_align.webp,0.262576,0.0,0.0564521550569469
database3/database3/m.016ntp/85-FaceId-0_align.webp,0.141759,0.0,0.0478142227130785
database3/database3/m.016nvh/2-FaceId-0_align.webp,0.143526,1.0,0.0467133643714654
database3/database3/m.016nvy/82-FaceId-0_align.webp,0.14288,0.0,0.0398046314589371
database3/database3/m.016nws/82-FaceId-0_align.webp,0.154826,1.0,0.0667999763432102
database3/database3/m.016pns/55-FaceId-0_align.webp,0.055966,1.0,0.0521573457769591
database3/database3/m.016q0w/27-FaceId-0_align.webp,0.009996,1.0,0.0440255944027181
database3/database3/m.016q2n/25-FaceId-0_align.webp,0.030179,0.0,0.0432828306633515
database3/database3/m.016q2n/89-FaceId-0_align.webp,0.007529,0.0,0.0476745506825405
database3/database3/m.016q4_/99-FaceId-1_align.webp,0.000294,0.0,0.0380335380319947
database3/database3/m.016qrb/16-FaceId-0_align.webp,0.039165,0.0,0.0400418986834959
database3/database3/m.016qrb/78-FaceId-0_align.webp,0.145711,0.0,0.039156102921081
database3/database3/m.016qtt/15-FaceId-0_align.webp,0.187503,1.0,0.0415971855429918
database3/database3/m.016qtt/25-FaceId-0_align.webp,0.283035,1.0,0.0525635162115242
database3/database3/m.016r3x/42-FaceId-0_align.webp,0.001242,1.0,0.0308589028824794
database3/database3/m.016r3x/44-FaceId-0_align.webp,0.007495,1.0,0.050829045058242
database3/database3/m.016sff/35-FaceId-0_align.webp,0.025858,1.0,0.1531642666618097
database3/database3/m.016sp_/9-FaceId-0_align.webp,0.355835,1.0,0.048889002840374
database3/database3/m.016swh/38-FaceId-0_align.webp,0.0,1.0,0.0434919637746364
database3/database3/m.016sz1/68-FaceId-0_align.webp,0.00381,1.0,0.0523319946552019
database3/database3/m.016szr/0-FaceId-0_align.webp,0.081751,1.0,0.1070897705273172
database3/database3/m.016szr/31-FaceId-0_align.webp,0.150774,1.0,0.1127131471907385
database3/database3/m.016t00/27-FaceId-0_align.webp,0.010723,1.0,0.0495520000871591
database3/database3/m.016t00/29-FaceId-0_align.webp,0.026052,1.0,0.046955684010541
database3/database3/m.016t00/49-FaceId-0_align.webp,0.061342,1.0,0.0556276838602062
database3/database3/m.016tb7/64-FaceId-0_align.webp,0.020212,0.0,0.0373933983569883
database3/database3/m.016tbr/53-FaceId-0_align.webp,0.052696,1.0,0.046186867768877
database3/database3/m.016tbr/91-FaceId-0_align.webp,0.278026,1.0,0.0567257588272124
database3/database3/m.016tbr/97-FaceId-0_align.webp,0.035531,1.0,0.0528429645771856
database3/database3/m.016tcm/7-FaceId-0_align.webp,0.0,1.0,0.0466325755365569
database3/database3/m.016tqw/18-FaceId-0_align.webp,0.009857,1.0,0.056381000734272
database3/database3/m.016vqk/91-FaceId-0_align.webp,0.041054,1.0,0.0448366563000149
database3/database3/m.016vxj/34-FaceId-0_align.webp,0.081238,1.0,0.0381180236986208
database3/database3/m.016vy9/16-FaceId-0_align.webp,0.135759,0.0,0.0419478689755745
database3/database3/m.016vy9/41-FaceId-0_align.webp,0.023537,0.0,0.0362849168256002
database3/database3/m.016vyp/28-FaceId-0_align.webp,0.086364,1.0,0.0429125234758384
database3/database3/m.016vyp/92-FaceId-0_align.webp,0.043472,1.0,0.0404024091567781
database3/database3/m.016wdq/47-FaceId-0_align.webp,0.021942,1.0,0.1530951402731543
database3/database3/m.016wvy/16-FaceId-0_align.webp,0.016451,1.0,0.042747577917731
database3/database3/m.016wvy/70-FaceId-0_align.webp,0.279688,1.0,0.0514504593360887
database3/database3/m.016wvy/90-FaceId-0_align.webp,0.0652,1.0,0.1144517650558875
database3/database3/m.016xk5/94-FaceId-0_align.webp,0.039665,1.0,0.0418608521483179
database3/database3/m.016yr0/49-FaceId-0_align.webp,0.028821,1.0,0.0407040815517349
database3/database3/m.016yr0/53-FaceId-0_align.webp,0.03224,1.0,0.0373372214763001
database3/database3/m.016yr0/98-FaceId-0_align.webp,0.103354,1.0,0.0463508914221415
database3/database3/m.016ywr/2-FaceId-0_align.webp,0.022088,1.0,0.0635839300578302
database3/database3/m.016ywr/21-FaceId-0_align.webp,0.053813,1.0,0.0462587027781031
database3/database3/m.016ywr/76-FaceId-0_align.webp,0.0,1.0,0.0374094062627257
database3/database3/m.016z3d/40-FaceId-0_align.webp,0.041987,1.0,0.0377012941284673
database3/database3/m.016z3d/43-FaceId-0_align.webp,0.184794,1.0,0.0417474124878051
database3/database3/m.016z3d/48-FaceId-0_align.webp,0.181018,1.0,0.0420172620841852
database3/database3/m.016z68/21-FaceId-0_align.webp,0.185954,1.0,0.0532814919097643
database3/database3/m.016z68/89-FaceId-0_align.webp,0.268667,1.0,0.051400876801897
database3/database3/m.016zp5/13-FaceId-0_align.webp,0.016071,1.0,0.0349901655550119
database3/database3/m.016zp5/31-FaceId-0_align.webp,0.101464,1.0,0.1196307101401379
database3/database3/m.016zp5/64-FaceId-0_align.webp,0.006697,1.0,0.0481856683134498
database3/database3/m.016zp5/68-FaceId-0_align.webp,0.014376,1.0,0.0465833983691722
database3/database3/m.016zvk/22-FaceId-0_align.webp,0.104809,0.0,0.0434552562844567
database3/database3/m.016zvk/81-FaceId-0_align.webp,0.147393,0.0,0.0416446086503155
database3/database3/m.016zvk/88-FaceId-0_align.webp,0.080384,0.0,0.0334244677582776
database3/database3/m.016zvk/91-FaceId-0_align.webp,0.084334,0.0,0.0385228692522326
database3/database3/m.0170pk/112-FaceId-0_align.webp,0.029113,1.0,0.0762229952731036
database3/database3/m.0170pk/32-FaceId-0_align.webp,0.0,1.0,0.0927182203162537
database3/database3/m.0170pk/71-FaceId-0_align.webp,0.003334,1.0,0.0511934195480385
database3/database3/m.0170pk/93-FaceId-0_align.webp,0.020024,1.0,0.0966665464158134
database3/database3/m.0170q1/39-FaceId-0_align.webp,0.098023,0.0,0.0818222261027638
database3/database3/m.0170qf/10-FaceId-0_align.webp,0.012168,1.0,0.0403753854783423
database3/database3/m.0170qf/66-FaceId-0_align.webp,0.173717,1.0,0.0506834748519094
database3/database3/m.0170s4/35-FaceId-0_align.webp,0.00841,1.0,0.0491724858682233
database3/database3/m.0170s4/44-FaceId-0_align.webp,0.007374,1.0,0.0297284200484504
database3/database3/m.0170s4/48-FaceId-0_align.webp,0.0,1.0,0.0330583993423324
database3/database3/m.0170s4/85-FaceId-0_align.webp,0.00918,1.0,0.0429565214025142
database3/database3/m.0170s4/86-FaceId-0_align.webp,0.00659,1.0,0.036160461536158
database3/database3/m.0170zz/7-FaceId-0_align.webp,0.0033,1.0,0.0779495414114196
database3/database3/m.017115/2-FaceId-0_align.webp,0.178391,1.0,0.0782489051965979
database3/database3/m.0171cm/52-FaceId-0_align.webp,0.078391,1.0,0.1082087343915008
database3/database3/m.0171cm/9-FaceId-0_align.webp,0.020679,1.0,0.1013884393371306
database3/database3/m.0171dv/105-FaceId-0_align.webp,0.019879,1.0,0.0427286576343384
database3/database3/m.0171dv/106-FaceId-0_align.webp,0.079343,1.0,0.054270687759707
database3/database3/m.0171z8/39-FaceId-0_align.webp,0.1172,0.0,0.1773987273413103
database3/database3/m.01721f/98-FaceId-0_align.webp,0.00066,1.0,0.0289862445011326
database3/database3/m.01728m/45-FaceId-0_align.webp,0.026608,1.0,0.0850720528183999
database3/database3/m.01734j/10-FaceId-0_align.webp,0.107434,1.0,0.0991095561686152
database3/database3/m.01737y/7-FaceId-0_align.webp,0.023524,1.0,0.037291543021637
database3/database3/m.0173cq/55-FaceId-0_align.webp,0.0687,0.0,0.0473212916177799
database3/database3/m.0173cq/82-FaceId-0_align.webp,0.052898,0.0,0.0391158067491656
database3/database3/m.0173p_/66-FaceId-0_align.webp,0.12779,0.0,0.0597806356245379
database3/database3/m.0173p_/82-FaceId-0_align.webp,0.039784,0.0,0.0370199987713805
database3/database3/m.0173p_/97-FaceId-0_align.webp,0.06989,0.0,0.0443183741996561
database3/database3/m.0173s_/56-FaceId-0_align.webp,0.320216,0.0,0.0590281100015575
database3/database3/m.01741h/75-FaceId-0_align.webp,0.057681,1.0,0.1125073331599314
database3/database3/m.01742l/53-FaceId-0_align.webp,0.210558,0.0,0.0565683567239737
database3/database3/m.01744d/24-FaceId-0_align.webp,0.021138,1.0,0.0460772662140104
database3/database3/m.01744d/66-FaceId-0_align.webp,0.069833,1.0,0.0466428537162501
database3/database3/m.017458/60-FaceId-0_align.webp,0.031087,1.0,0.1567599700299883
database3/database3/m.0174z2/31-FaceId-0_align.webp,0.019356,1.0,0.0431868868733083
database3/database3/m.0175m_/104-FaceId-0_align.webp,0.011519,1.0,0.0624960866599963
database3/database3/m.0175m_/106-FaceId-0_align.webp,0.008092,1.0,0.0393699276772488
database3/database3/m.0175s7/91-FaceId-0_align.webp,0.271553,1.0,0.0617773668966985
database3/database3/m.0175w3/23-FaceId-0_align.webp,0.084707,1.0,0.1137311384817187
database3/database3/m.0175w3/40-FaceId-0_align.webp,0.14122,1.0,0.152174356015338
database3/database3/m.0175w3/8-FaceId-0_align.webp,0.022898,1.0,0.1610435644022934
database3/database3/m.01762z/69-FaceId-0_align.webp,0.001793,1.0,0.0411318567713684
database3/database3/m.017729/106-FaceId-0_align.webp,0.004005,1.0,0.0559733755971962
database3/database3/m.01772q/118-FaceId-0_align.webp,0.005376,1.0,0.0337464043431223
database3/database3/m.01778_/1-FaceId-0_align.webp,0.151831,0.0,0.1054226764678216
database3/database3/m.01778_/5-FaceId-0_align.webp,0.080886,0.0,0.0917674342572626
database3/database3/m.0177s6/54-FaceId-0_align.webp,0.003871,1.0,0.1216148389749641
database3/database3/m.0177s6/83-FaceId-0_align.webp,0.194958,1.0,0.1178931351323017
database3/database3/m.0178_j/46-FaceId-0_align.webp,0.038586,1.0,0.0906846119614902
database3/database3/m.0178d6/53-FaceId-0_align.webp,0.019408,1.0,0.0400490920372417
database3/database3/m.0178d6/9-FaceId-0_align.webp,0.038126,1.0,0.0516410728047506
database3/database3/m.0178sb/20-FaceId-0_align.webp,0.025953,1.0,0.0404548398176294
database3/database3/m.01791s/104-FaceId-0_align.webp,0.057011,1.0,0.2128333500686965
database3/database3/m.01793l/15-FaceId-0_align.webp,0.11519,1.0,0.1234790435050065
database3/database3/m.01793l/3-FaceId-0_align.webp,0.021997,1.0,0.0944106407070505
database3/database3/m.01793l/48-FaceId-0_align.webp,0.070141,1.0,0.1472924149805178
database3/database3/m.01793l/77-FaceId-0_align.webp,0.068916,1.0,0.1251179372266342
database3/database3/m.01794d/22-FaceId-0_align.webp,0.132698,1.0,0.0468650486063292
database3/database3/m.0179n7/47-FaceId-0_align.webp,0.025063,1.0,0.0430785697518407
database3/database3/m.0179ys/22-FaceId-0_align.webp,0.03888,1.0,0.0522197056386988
database3/database3/m.017_65/24-FaceId-0_align.webp,0.104039,1.0,0.0660180360687385
database3/database3/m.017__g/2-FaceId-0_align.webp,0.026314,1.0,0.0408759640214588
database3/database3/m.017__g/30-FaceId-0_align.webp,0.064708,1.0,0.0498602656955562
database3/database3/m.017_dr/0-FaceId-1_align.webp,0.037641,1.0,0.1026074536241219
database3/database3/m.017_dr/14-FaceId-0_align.webp,0.005491,1.0,0.0531216957286515
database3/database3/m.017_dr/47-FaceId-0_align.webp,0.191478,1.0,0.0560146820385851
database3/database3/m.017_dr/57-FaceId-0_align.webp,0.038308,1.0,0.125299175556506
database3/database3/m.017_j4/45-FaceId-0_align.webp,0.032452,1.0,0.0916403072977569
database3/database3/m.017_j4/54-FaceId-0_align.webp,0.009302,1.0,0.0959997721457937
database3/database3/m.017_j4/93-FaceId-0_align.webp,0.05205,1.0,0.1676902924114856
database3/database3/m.017_l1/23-FaceId-0_align.webp,0.033635,1.0,0.0381808781106932
database3/database3/m.017_l1/5-FaceId-0_align.webp,0.0,1.0,0.0397255672880086
database3/database3/m.017_xx/84-FaceId-0_align.webp,0.180042,0.0,0.041619538195829
database3/database3/m.017bd/83-FaceId-0_align.webp,0.002036,1.0,0.0835135608783547
database3/database3/m.017bd/85-FaceId-0_align.webp,0.002715,1.0,0.1093174941967595
database3/database3/m.017bk6/90-FaceId-2_align.webp,0.056904,0.0,0.0346506754184759
database3/database3/m.017bxq/72-FaceId-0_align.webp,0.032315,1.0,0.0818320580343548
database3/database3/m.017c87/108-FaceId-0_align.webp,0.012746,1.0,0.0883525839587942
database3/database3/m.017c87/7-FaceId-0_align.webp,0.008884,1.0,0.0363684257849379
database3/database3/m.017cgg/62-FaceId-0_align.webp,0.009893,1.0,0.10927065398374
database3/database3/m.017d3v/21-FaceId-0_align.webp,0.000486,1.0,0.0242768947326025
database3/database3/m.017dpj/104-FaceId-0_align.webp,0.159674,1.0,0.1175036774752211
database3/database3/m.017dpj/116-FaceId-0_align.webp,0.004563,1.0,0.0821753351077217
database3/database3/m.017dpj/14-FaceId-0_align.webp,0.012759,1.0,0.0811639983914005
database3/database3/m.017dpj/6-FaceId-0_align.webp,0.157516,1.0,0.1194467288627446
database3/database3/m.017dpj/81-FaceId-0_align.webp,0.117413,1.0,0.1464690451410913
database3/database3/m.017dpj/98-FaceId-0_align.webp,0.093515,1.0,0.1070118762383501
database3/database3/m.017f4y/21-FaceId-0_align.webp,0.009046,1.0,0.0407797338283192
database3/database3/m.017fgp/17-FaceId-0_align.webp,0.004873,1.0,0.0943171220312318
database3/database3/m.017fhk/5-FaceId-0_align.webp,0.05945,1.0,0.0736178478938091
database3/database3/m.017fhk/70-FaceId-0_align.webp,0.025921,1.0,0.0373112804500575
database3/database3/m.017fhk/87-FaceId-0_align.webp,0.146412,1.0,0.0698864966724135
database3/database3/m.017fj_/2-FaceId-0_align.webp,0.022486,1.0,0.0419860340972843
database3/database3/m.017fj_/97-FaceId-0_align.webp,0.013264,1.0,0.1049412740468168
database3/database3/m.017fks/21-FaceId-0_align.webp,0.013755,1.0,0.0408362538056952
database3/database3/m.017fks/34-FaceId-0_align.webp,0.010024,1.0,0.1072411833830112
database3/database3/m.017fl5/7-FaceId-0_align.webp,0.088967,1.0,0.0448942552257457
database3/database3/m.017fl5/89-FaceId-0_align.webp,0.156395,1.0,0.0654363765750215
database3/database3/m.017fl_/0-FaceId-0_align.webp,0.016489,1.0,0.1271997188734153
database3/database3/m.017fp0/26-FaceId-0_align.webp,0.014762,1.0,0.0364642645421552
database3/database3/m.017fp0/70-FaceId-0_align.webp,0.102621,1.0,0.0478157468436299
database3/database3/m.017fp0/85-FaceId-0_align.webp,0.016216,1.0,0.0477975838072683
database3/database3/m.017fp0/92-FaceId-0_align.webp,0.03683,1.0,0.0832906725351545
database3/database3/m.017frf/2-FaceId-0_align.webp,0.239226,1.0,0.0505437647998952
database3/database3/m.017frf/48-FaceId-0_align.webp,0.242631,1.0,0.0570278947674347
database3/database3/m.017ft0/4-FaceId-0_align.webp,0.025186,0.0,0.0400997808912375
database3/database3/m.017fxp/62-FaceId-0_align.webp,0.006207,1.0,0.085601767397992
database3/database3/m.017fzy/33-FaceId-0_align.webp,0.135665,1.0,0.0376728885645952
database3/database3/m.017fzy/38-FaceId-0_align.webp,0.020138,1.0,0.0491265900655252
database3/database3/m.017fzy/44-FaceId-0_align.webp,0.119262,1.0,0.0496083477457946
database3/database3/m.017fzy/7-FaceId-0_align.webp,0.042513,1.0,0.0410212555623699
database3/database3/m.017fzy/84-FaceId-0_align.webp,0.1089,1.0,0.0558318088716574
database3/database3/m.017fzy/88-FaceId-0_align.webp,0.093437,1.0,0.0378050429141486
database3/database3/m.017g21/51-FaceId-0_align.webp,0.121234,1.0,0.0510884904279608
database3/database3/m.017g2y/13-FaceId-0_align.webp,0.026164,1.0,0.0418988935445604
database3/database3/m.017gd_/53-FaceId-0_align.webp,0.006889,1.0,0.0977404826613841
database3/database3/m.017gd_/59-FaceId-0_align.webp,0.012556,1.0,0.0819228193953408
database3/database3/m.017gxw/53-FaceId-0_align.webp,0.064935,0.0,0.0416881775799033
database3/database3/m.017h4c/0-FaceId-0_align.webp,0.049628,1.0,0.0952634092840175
database3/database3/m.017h_2/23-FaceId-0_align.webp,0.06887,1.0,0.1088720463233709
database3/database3/m.017hgl/21-FaceId-0_align.webp,0.089799,1.0,0.05772487242027
database3/database3/m.017hgl/42-FaceId-0_align.webp,0.004642,1.0,0.05078014979636
database3/database3/m.017hjk/57-FaceId-0_align.webp,0.009431,1.0,0.0705613652342439
database3/database3/m.017hm9/3-FaceId-0_align.webp,0.001744,1.0,0.0928945218271998
database3/database3/m.017hm9/36-FaceId-0_align.webp,0.002432,1.0,0.0472620330098029
database3/database3/m.017hw4/23-FaceId-0_align.webp,0.000412,1.0,0.0466971983505796
database3/database3/m.017hwl/3-FaceId-0_align.webp,0.014017,1.0,0.1111133949305643
database3/database3/m.017j1w/26-FaceId-0_align.webp,0.021211,1.0,0.0355777712372716
database3/database3/m.017j1w/35-FaceId-0_align.webp,0.039099,1.0,0.1358546735245728
database3/database3/m.017j1w/8-FaceId-0_align.webp,0.052854,1.0,0.035380387883311
database3/database3/m.017j2b/85-FaceId-0_align.webp,0.008707,1.0,0.0723024154899357
database3/database3/m.017jwg/17-FaceId-0_align.webp,0.002376,1.0,0.0539298834191908
database3/database3/m.017jwg/53-FaceId-0_align.webp,0.066995,0.0,0.0495417657307354
database3/database3/m.017jwg/82-FaceId-0_align.webp,0.035246,1.0,0.0493686888871827
database3/database3/m.017kb5/32-FaceId-0_align.webp,0.006182,1.0,0.0443103378264977
database3/database3/m.017kgm/108-FaceId-1_align.webp,0.015319,1.0,0.030187658738801
database3/database3/m.017kgm/94-FaceId-0_align.webp,0.003416,1.0,0.0351770594363402
database3/database3/m.017kq/37-FaceId-0_align.webp,0.040762,1.0,0.0959702304695122
database3/database3/m.017kq/48-FaceId-0_align.webp,0.009092,1.0,0.0919366742260985
database3/database3/m.017l4/11-FaceId-0_align.webp,0.001488,1.0,0.0356442222063025
database3/database3/m.017l4/73-FaceId-0_align.webp,0.09873,1.0,0.0451465498965497
database3/database3/m.017l4/80-FaceId-0_align.webp,0.025497,1.0,0.1025695534713604
database3/database3/m.017l7y/97-FaceId-0_align.webp,0.002424,1.0,0.0516767769796482
database3/database3/m.017lcg/63-FaceId-0_align.webp,0.136168,1.0,0.045523916085666
database3/database3/m.017m2y/105-FaceId-0_align.webp,0.084072,0.0,0.0395723135629631
database3/database3/m.017m2y/30-FaceId-0_align.webp,0.20052,0.0,0.0515236810688329
database3/database3/m.017mrb/26-FaceId-0_align.webp,0.125876,1.0,0.0427010266698134
database3/database3/m.017q3j/27-FaceId-0_align.webp,0.040475,1.0,0.0464419786016688
database3/database3/m.017q3j/87-FaceId-1_align.webp,0.137407,1.0,0.0795132210501155
database3/database3/m.017qkp/105-FaceId-0_align.webp,0.016276,1.0,0.0381240489945872
database3/database3/m.017qkp/8-FaceId-0_align.webp,0.006413,1.0,0.043221742798143
database3/database3/m.017r13/15-FaceId-0_align.webp,0.004576,1.0,0.0420843182017024
database3/database3/m.017r13/32-FaceId-0_align.webp,0.001926,1.0,0.0403780318412714
database3/database3/m.017r13/71-FaceId-0_align.webp,0.149849,1.0,0.0589590764730807
database3/database3/m.017r5g/69-FaceId-0_align.webp,0.246362,0.0,0.0513703248603744
database3/database3/m.017rh4/92-FaceId-0_align.webp,0.059749,1.0,0.0477451748531014
database3/database3/m.017rjs/94-FaceId-0_align.webp,0.227853,1.0,0.0465682402585538
database3/database3/m.017tk3/113-FaceId-0_align.webp,0.041074,1.0,0.0504959131542013
database3/database3/m.017tk3/5-FaceId-0_align.webp,0.023981,1.0,0.0517597454526106
database3/database3/m.017tk3/61-FaceId-0_align.webp,0.058875,1.0,0.0593870870881975
database3/database3/m.017tk3/83-FaceId-0_align.webp,0.016266,1.0,0.046806827076883
database3/database3/m.017tkv/15-FaceId-0_align.webp,0.09519,0.0,0.0354720970366556
database3/database3/m.017tkv/5-FaceId-0_align.webp,0.108291,0.0,0.0393504212888474
database3/database3/m.017tlt/70-FaceId-0_align.webp,0.079127,1.0,0.0281306530883834
database3/database3/m.017tn4/17-FaceId-0_align.webp,0.026983,1.0,0.0943633648362913
database3/database3/m.017tn4/54-FaceId-2_align.webp,0.042656,1.0,0.0774828504680725
database3/database3/m.017tnz/116-FaceId-0_align.webp,0.135035,1.0,0.0608701918546592
database3/database3/m.017vfn/43-FaceId-0_align.webp,0.036126,1.0,0.0418637470891756
database3/database3/m.017vkk/88-FaceId-0_align.webp,0.022172,0.0,0.0396395181817528
database3/database3/m.017vkx/34-FaceId-1_align.webp,0.050784,1.0,0.1111679831401051
database3/database3/m.017wbg/77-FaceId-0_align.webp,0.079706,1.0,0.042250481120552
database3/database3/m.017x_s/36-FaceId-0_align.webp,0.021378,1.0,0.0965863535287056
database3/database3/m.017xm3/52-FaceId-0_align.webp,0.225925,0.0,0.0429480344240475
database3/database3/m.017yfz/93-FaceId-0_align.webp,0.237267,1.0,0.0
database3/database3/m.017yvm/5-FaceId-0_align.webp,0.011632,1.0,0.0435165478446961
database3/database3/m.017yvm/93-FaceId-0_align.webp,0.007487,1.0,0.079669727522402
database3/database3/m.017yzt/119-FaceId-0_align.webp,0.299381,0.0,0.0652657269562411
database3/database3/m.017yzt/55-FaceId-0_align.webp,0.055778,0.0,0.0361985489902253
database3/database3/m.017yzt/61-FaceId-0_align.webp,0.0,0.0,0.0363523718773735
database3/database3/m.017z_/91-FaceId-0_align.webp,0.06531,1.0,0.0962105904664048
database3/database3/m.017zng/39-FaceId-0_align.webp,0.114304,1.0,0.0470585850310461
database3/database3/m.017zng/73-FaceId-0_align.webp,0.087005,1.0,0.0712052762192299
database3/database3/m.017zng/97-FaceId-0_align.webp,0.096418,1.0,0.0450496116520676
database3/database3/m.01804k/55-FaceId-0_align.webp,0.104401,0.0,0.0388847119411387
database3/database3/m.01807/65-FaceId-0_align.webp,0.087681,1.0,0.1115619011959474
database3/database3/m.01807/73-FaceId-0_align.webp,0.147607,1.0,0.1232636890271364
database3/database3/m.018144/31-FaceId-0_align.webp,0.317719,1.0,0.0441483216352609
database3/database3/m.018144/55-FaceId-0_align.webp,0.076827,1.0,0.0501381082440831
database3/database3/m.01815s/106-FaceId-0_align.webp,0.234236,0.0,0.0435816326932423
database3/database3/m.01815s/50-FaceId-0_align.webp,0.243106,0.0,0.042745940571739
database3/database3/m.01815s/64-FaceId-0_align.webp,0.173641,0.0,0.0441837686123538
database3/database3/m.0181gp/6-FaceId-0_align.webp,0.043543,1.0,0.0451008929108418
database3/database3/m.0181j_/107-FaceId-0_align.webp,0.027129,0.0,0.0425593384196014
database3/database3/m.0181kg/14-FaceId-0_align.webp,0.119867,1.0,0.1002186524962832
database3/database3/m.0181lj/18-FaceId-0_align.webp,0.190172,1.0,0.0282286431571571
database3/database3/m.0181p_/19-FaceId-0_align.webp,0.041166,1.0,0.0889123183103772
database3/database3/m.0181p_/99-FaceId-0_align.webp,0.035046,1.0,0.0451203079486057
database3/database3/m.0181ph/4-FaceId-0_align.webp,0.019163,1.0,0.0788204441926943
database3/database3/m.0181ph/8-FaceId-0_align.webp,0.037384,1.0,0.0
database3/database3/m.0181x9/43-FaceId-0_align.webp,0.029481,1.0,0.0462305249541893
database3/database3/m.0181xq/13-FaceId-0_align.webp,0.002527,0.0,0.0536247125987945
database3/database3/m.0182hg/59-FaceId-0_align.webp,0.003662,1.0,0.0399543061012608
database3/database3/m.0182q2/111-FaceId-0_align.webp,0.014398,1.0,0.0463624377380602
database3/database3/m.0182q2/47-FaceId-0_align.webp,0.020684,1.0,0.0457197230018035
database3/database3/m.0182q2/58-FaceId-0_align.webp,0.034155,1.0,0.0362036676265087
database3/database3/m.0182vk/101-FaceId-0_align.webp,0.185784,1.0,0.1161392055640225
database3/database3/m.0182vk/97-FaceId-0_align.webp,0.113244,1.0,0.0451765294238218
database3/database3/m.01830j/15-FaceId-0_align.webp,0.208446,0.0,0.0580636215703172
database3/database3/m.01833g/76-FaceId-0_align.webp,0.008544,1.0,0.0569532264043639
database3/database3/m.018348/1-FaceId-0_align.webp,0.029671,1.0,0.0657583710847508
database3/database3/m.0183f9/72-FaceId-0_align.webp,0.028848,1.0,0.0917780036916678
database3/database3/m.018417/7-FaceId-0_align.webp,0.270045,0.0,0.048507868601327
database3/database3/m.018493/45-FaceId-0_align.webp,0.059135,0.0,0.0463012877399729
database3/database3/m.0184cd/37-FaceId-0_align.webp,0.012663,0.0,0.0446988157053061
database3/database3/m.0184cd/69-FaceId-0_align.webp,0.041234,0.0,0.0419336823044062
database3/database3/m.0184jc/9-FaceId-0_align.webp,0.061679,1.0,0.065538812300985
database3/database3/m.0184xq/86-FaceId-0_align.webp,0.010468,1.0,0.0696525950747791
database3/database3/m.0185gs/107-FaceId-0_align.webp,0.133885,1.0,0.042408950132565
database3/database3/m.0187y5/50-FaceId-0_align.webp,0.011259,1.0,0.1892184759735706
database3/database3/m.0187y5/55-FaceId-0_align.webp,0.018906,1.0,0.0479258771192294
database3/database3/m.0188n0/16-FaceId-0_align.webp,0.119925,1.0,0.0489409747450773
database3/database3/m.0188n0/81-FaceId-0_align.webp,0.437819,1.0,0.0545637319971269
database3/database3/m.0188n0/93-FaceId-0_align.webp,0.241643,1.0,0.0690839437107877
database3/database3/m.0188nj/68-FaceId-0_align.webp,0.036499,1.0,0.037912049768922
database3/database3/m.018_3q/101-FaceId-0_align.webp,0.001235,1.0,0.2951842954339248
database3/database3/m.018_3q/89-FaceId-0_align.webp,0.024563,1.0,0.0357738366095299
database3/database3/m.018_lb/81-FaceId-0_align.webp,0.104704,0.0,0.0311236969296609
database3/database3/m.018c42/45-FaceId-1_align.webp,0.268912,1.0,0.0592572356357958
database3/database3/m.018c42/5-FaceId-0_align.webp,0.033426,1.0,0.0442657709167142
database3/database3/m.018cx_/16-FaceId-0_align.webp,0.128439,0.0,0.0399649516569616
database3/database3/m.018dnt/83-FaceId-0_align.webp,0.012334,1.0,0.0415430677290877
database3/database3/m.018dpq/74-FaceId-0_align.webp,0.08469,1.0,0.0574788261482647
database3/database3/m.018dpq/9-FaceId-0_align.webp,0.06436,1.0,0.081716721647693
database3/database3/m.018dq3/21-FaceId-0_align.webp,0.264271,0.0,0.0459296546392271
database3/database3/m.018dq3/43-FaceId-0_align.webp,0.005771,0.0,0.038855908004486
database3/database3/m.018dqg/14-FaceId-0_align.webp,0.002005,1.0,0.0393021123625701
database3/database3/m.018dyl/57-FaceId-0_align.webp,0.066796,1.0,0.0306641421710512
database3/database3/m.018f07/77-FaceId-0_align.webp,0.067893,1.0,0.0599934309085647
database3/database3/m.018f07/88-FaceId-0_align.webp,0.019681,1.0,0.0390482918375244
database3/database3/m.018f_y/78-FaceId-0_align.webp,0.005574,1.0,0.1874279140708351
database3/database3/m.018fkc/18-FaceId-0_align.webp,0.048624,0.0,0.0543642729048358
database3/database3/m.018fkc/51-FaceId-0_align.webp,0.004824,1.0,0.0459162122776675
database3/database3/m.018fmr/107-FaceId-0_align.webp,0.087037,0.0,0.0455867250966685
database3/database3/m.018fmr/38-FaceId-0_align.webp,0.082888,0.0,0.0718315539634125
database3/database3/m.018fmr/39-FaceId-0_align.webp,0.154489,0.0,0.0421376018732178
database3/database3/m.018fmr/77-FaceId-0_align.webp,0.094029,0.0,0.0419720657123201
database3/database3/m.018fmr/96-FaceId-0_align.webp,0.118151,0.0,0.0543905263145727
database3/database3/m.018fvy/74-FaceId-0_align.webp,0.006913,1.0,0.0425117021677401
database3/database3/m.018fwb/106-FaceId-0_align.webp,0.105164,0.0,0.0485771452951171
database3/database3/m.018fyy/5-FaceId-0_align.webp,0.161114,0.0,0.038804861198127
database3/database3/m.018fzs/56-FaceId-0_align.webp,0.057952,1.0,0.0968247857160564
database3/database3/m.018fzs/60-FaceId-0_align.webp,0.058021,1.0,0.0381343832201004
database3/database3/m.018fzs/89-FaceId-0_align.webp,0.00707,1.0,0.0371483844146181
database3/database3/m.018g4z/59-FaceId-0_align.webp,0.266921,0.0,0.1044999894350941
database3/database3/m.018gcf/20-FaceId-0_align.webp,0.017916,1.0,0.0392847871574988
database3/database3/m.018gcf/28-FaceId-0_align.webp,0.0,1.0,0.0487999854869315
database3/database3/m.018gjx/0-FaceId-0_align.webp,0.03658,1.0,0.0431091874367745
database3/database3/m.018gjx/88-FaceId-1_align.webp,0.040357,1.0,0.0439192474148216
database3/database3/m.018gkb/31-FaceId-0_align.webp,0.133832,1.0,0.0747469352719642
database3/database3/m.018gkb/69-FaceId-0_align.webp,0.119964,1.0,0.0558378710320703
database3/database3/m.018gl5/55-FaceId-0_align.webp,0.0,1.0,0.0407575976461305
database3/database3/m.018gn4/7-FaceId-0_align.webp,0.045659,1.0,0.0481904505654382
database3/database3/m.018gn4/95-FaceId-0_align.webp,0.084694,1.0,0.057332520537527
database3/database3/m.018gqj/17-FaceId-0_align.webp,0.18042,1.0,0.0467750007233679
database3/database3/m.018gqj/45-FaceId-0_align.webp,0.048033,1.0,0.0434542990929247
database3/database3/m.018gqj/51-FaceId-0_align.webp,0.113401,1.0,0.048260445163868
database3/database3/m.018gqj/9-FaceId-0_align.webp,0.182644,1.0,0.0557034993538828
database3/database3/m.018gsl/54-FaceId-0_align.webp,0.015144,1.0,0.1374895371963745
database3/database3/m.018gw3/19-FaceId-0_align.webp,0.042889,1.0,0.1195593387819772
database3/database3/m.018h84/20-FaceId-0_align.webp,0.006714,1.0,0.0472746230201727
database3/database3/m.018h84/4-FaceId-0_align.webp,0.077047,1.0,0.0328973465692884
database3/database3/m.018hhw/26-FaceId-0_align.webp,0.058762,0.0,0.0409507650416754
database3/database3/m.018hwl/22-FaceId-0_align.webp,0.105538,1.0,0.0593566585989294
database3/database3/m.018j3w/52-FaceId-0_align.webp,0.03127,1.0,0.0310963354082262
database3/database3/m.018j4c/21-FaceId-0_align.webp,0.159984,1.0,0.0551262478667615
database3/database3/m.018j4c/60-FaceId-0_align.webp,0.116911,1.0,0.0632598993475559
database3/database3/m.018j4c/72-FaceId-0_align.webp,0.050298,1.0,0.0451077329390867
database3/database3/m.018j5m/87-FaceId-0_align.webp,0.119486,0.0,0.0539461765304589
database3/database3/m.018jnn/6-FaceId-0_align.webp,0.046059,1.0,0.0348253650328786
database3/database3/m.018jnn/60-FaceId-0_align.webp,0.021036,1.0,0.0365416688406096
database3/database3/m.018jz8/4-FaceId-0_align.webp,0.129694,1.0,0.0436508415535369
database3/database3/m.018kd0/56-FaceId-0_align.webp,0.078738,1.0,0.0592794185104062
database3/database3/m.018kjc/45-FaceId-0_align.webp,0.336481,1.0,0.0672954206716823
database3/database3/m.018kjc/74-FaceId-0_align.webp,0.359873,1.0,0.0641868987091819
database3/database3/m.018lb1/1-FaceId-0_align.webp,0.066363,0.0,0.0387891890431084
database3/database3/m.018lb1/113-FaceId-0_align.webp,0.174767,0.0,0.0438830003390039
database3/database3/m.018lb1/45-FaceId-0_align.webp,0.011283,0.0,0.0388674374248933
database3/database3/m.018lb1/60-FaceId-0_align.webp,0.101898,0.0,0.037743028660362
database3/database3/m.018lb1/67-FaceId-0_align.webp,0.058712,0.0,0.0509672459640946
database3/database3/m.018lp7/31-FaceId-0_align.webp,0.068826,0.0,0.0446938335921538
database3/database3/m.018lp7/5-FaceId-0_align.webp,0.037973,0.0,0.0394917311667312
database3/database3/m.018lpm/41-FaceId-0_align.webp,0.03151,1.0,0.0872588544861499
database3/database3/m.018lx_/11-FaceId-0_align.webp,0.157239,1.0,0.0599530150958329
database3/database3/m.018lxn/67-FaceId-0_align.webp,0.041223,0.0,0.0365602937190728
database3/database3/m.018m5c/31-FaceId-0_align.webp,0.012538,1.0,0.0326009108502039
database3/database3/m.018m5c/6-FaceId-0_align.webp,0.013236,1.0,0.034827684326753
database3/database3/m.018m5c/74-FaceId-0_align.webp,0.007729,1.0,0.0483220143117983
database3/database3/m.018mfl/68-FaceId-0_align.webp,0.01486,1.0,0.0685372059231131
database3/database3/m.018n52/37-FaceId-0_align.webp,0.024108,1.0,0.0352030595798795
database3/database3/m.018n7d/44-FaceId-0_align.webp,0.002157,1.0,0.0429635749753461
database3/database3/m.018n9d/58-FaceId-0_align.webp,0.182622,1.0,0.0539602789113336
database3/database3/m.018nqq/25-FaceId-0_align.webp,0.02666,1.0,0.0331290868082565
database3/database3/m.018nqq/56-FaceId-0_align.webp,0.002557,1.0,0.0542722635753082
database3/database3/m.018nwp/42-FaceId-0_align.webp,0.023176,1.0,0.1164039099542495
database3/database3/m.018p19/2-FaceId-0_align.webp,0.029409,1.0,0.0612293412898838
database3/database3/m.018pj3/21-FaceId-0_align.webp,0.206243,0.0,0.0309040178215848
database3/database3/m.018pkl/117-FaceId-0_align.webp,0.00271,1.0,0.0552383328579213
database3/database3/m.018ptf/125-FaceId-1_align.webp,0.193842,0.0,0.0678227143678325
database3/database3/m.018ptf/6-FaceId-0_align.webp,0.184452,1.0,0.0382624910308434
database3/database3/m.018ptf/69-FaceId-0_align.webp,0.264398,1.0,0.0965943929140112
database3/database3/m.018ptf/87-FaceId-0_align.webp,0.284614,1.0,0.0495138789147447
database3/database3/m.018pyg/114-FaceId-0_align.webp,0.004286,0.0,0.0361622542069496
database3/database3/m.018pyg/50-FaceId-0_align.webp,0.094308,0.0,0.0324223669296543
database3/database3/m.018q7p/61-FaceId-0_align.webp,0.113962,1.0,0.0604089615240189
database3/database3/m.018qkz/35-FaceId-0_align.webp,0.11651,0.0,0.0442299834641379
database3/database3/m.018qkz/48-FaceId-0_align.webp,0.078768,0.0,0.0458313040598456
database3/database3/m.018qlp/1-FaceId-0_align.webp,0.057596,0.0,0.0530702886085995
database3/database3/m.018qlp/2-FaceId-0_align.webp,0.201501,0.0,0.0629001877925794
database3/database3/m.018qlp/67-FaceId-0_align.webp,0.023725,0.0,0.0357792441942709
database3/database3/m.018qlp/73-FaceId-0_align.webp,0.048836,0.0,0.0421496790445192
database3/database3/m.018qlp/81-FaceId-0_align.webp,0.220874,0.0,0.0458567008363689
database3/database3/m.018qlp/99-FaceId-0_align.webp,0.098556,0.0,0.0429711981566562
database3/database3/m.018qn8/16-FaceId-0_align.webp,0.180079,0.0,0.0434471213032906
database3/database3/m.018qn8/24-FaceId-0_align.webp,0.067297,0.0,0.0453788363005925
database3/database3/m.018qn8/3-FaceId-0_align.webp,0.144663,0.0,0.0449218260489823
database3/database3/m.018qpb/20-FaceId-0_align.webp,0.030827,0.0,0.0301598401011875
database3/database3/m.018qpb/42-FaceId-0_align.webp,0.04676,0.0,0.0361678856850324
database3/database3/m.018qr9/59-FaceId-0_align.webp,0.041718,0.0,0.0370358943818908
database3/database3/m.018qwf/0-FaceId-0_align.webp,0.034965,1.0,0.039203191058778
database3/database3/m.018qx5/48-FaceId-0_align.webp,0.145397,0.0,0.1059145632357913
database3/database3/m.018r3g/1-FaceId-0_align.webp,0.015575,1.0,0.1528058544675415
database3/database3/m.018rsq/63-FaceId-0_align.webp,0.05182,1.0,0.0383982790533175
database3/database3/m.018rsq/82-FaceId-0_align.webp,0.021029,1.0,0.0441855353318386
database3/database3/m.018ry5/78-FaceId-0_align.webp,0.052713,1.0,0.0474840806489617
database3/database3/m.018s7v/75-FaceId-0_align.webp,0.055964,0.0,0.0475003968442155
database3/database3/m.018slq/19-FaceId-0_align.webp,0.164016,1.0,0.0554138107047741
database3/database3/m.018swb/94-FaceId-0_align.webp,0.035612,1.0,0.0509738225142336
database3/database3/m.018t67/2-FaceId-0_align.webp,0.002151,1.0,0.0359849466466506
database3/database3/m.018t67/75-FaceId-0_align.webp,0.002161,1.0,0.0374364915132399
database3/database3/m.018t67/76-FaceId-0_align.webp,0.014984,1.0,0.0365084222046595
database3/database3/m.018tfd/63-FaceId-0_align.webp,0.039426,1.0,0.0318141177108416
database3/database3/m.018tvs/4-FaceId-0_align.webp,0.186437,1.0,0.0659846610025843
database3/database3/m.018v8c/66-FaceId-0_align.webp,0.031012,1.0,0.033458586520513
database3/database3/m.018v_8/56-FaceId-0_align.webp,0.065146,1.0,0.0340449590502949
database3/database3/m.018vhw/41-FaceId-2_align.webp,0.017996,1.0,0.1648533388807987
database3/database3/m.018vhw/84-FaceId-1_align.webp,0.010037,1.0,0.0491457209749708
database3/database3/m.018vhw/94-FaceId-0_align.webp,0.022504,1.0,0.0392939275706346
database3/database3/m.018w6s/30-FaceId-0_align.webp,0.009687,1.0,0.161752574863929
database3/database3/m.018wh0/34-FaceId-0_align.webp,0.038341,1.0,0.0372442675614252
database3/database3/m.018wqb/36-FaceId-1_align.webp,0.061601,1.0,0.0723506224993516
database3/database3/m.018x3/82-FaceId-0_align.webp,0.000249,1.0,0.0403431030655481
database3/database3/m.018x3/89-FaceId-0_align.webp,0.006661,1.0,0.0760551077328351
database3/database3/m.018xrz/49-FaceId-0_align.webp,0.084464,1.0,0.0538690143316427
database3/database3/m.018y0w/54-FaceId-0_align.webp,0.014612,1.0,0.0386141085561547
database3/database3/m.018y2s/21-FaceId-0_align.webp,0.010478,1.0,0.0445229344501241
database3/database3/m.018y4x/104-FaceId-0_align.webp,0.014664,1.0,0.0402020738984487
database3/database3/m.018y4x/94-FaceId-0_align.webp,0.083805,1.0,0.031493502411878
database3/database3/m.018ycp/32-FaceId-0_align.webp,0.169605,1.0,0.0517423439951131
database3/database3/m.018ycp/64-FaceId-0_align.webp,0.011204,1.0,0.0376988158505186
