filename,target,gender,pred
database1/img00000154.webp,0.036749,1.0,0.0496693833615254
database1/img00000271.webp,0.229724,1.0,0.069422957920792
database1/img00000323.webp,0.120628,0.0,0.0500166611129623
database1/img00000364.webp,0.00341,1.0,0.0448322432010168
database1/img00000371.webp,0.000249,1.0,0.0543262834957782
database1/img00000438.webp,0.102267,0.0,0.0539021775296683
database1/img00000448.webp,0.032257,0.0,0.0546006066734074
database1/img00000477.webp,0.158779,0.0,0.0370382435337807
database1/img00000491.webp,0.333523,0.0,0.0598557223630337
database1/img00000679.webp,0.022454,0.0,0.0485858431432502
database1/img00000766.webp,0.241328,0.0,0.0631456031617713
database1/img00000781.webp,0.01402,1.0,0.0475328852892182
database1/img00000793.webp,0.308688,0.0,0.0742783003567953
database1/img00000806.webp,0.083687,1.0,0.0479027645376549
database1/img00000857.webp,0.167176,0.0,0.0545719136551055
database1/img00000882.webp,0.118298,0.0,0.0546291379005133
database1/img00000903.webp,0.006576,1.0,0.0596952952825066
database1/img00000929.webp,0.021546,1.0,0.0542490555763536
database1/img00000941.webp,0.232414,0.0,0.0618556701030927
database1/img00001032.webp,0.044127,1.0,0.0623757625608335
database1/img00001145.webp,0.022379,1.0,0.0425458418492184
database1/img00001291.webp,0.022322,0.0,0.0486223150169244
database1/img00001371.webp,0.148865,0.0,0.0523802472791885
database1/img00001491.webp,0.264813,0.0,0.0767152369005114
database1/img00001551.webp,0.054068,1.0,0.0488018794048551
database1/img00001573.webp,0.095382,0.0,0.0389873958555864
database1/img00001650.webp,0.088325,0.0,0.0391399709616632
database1/img00001652.webp,0.074782,1.0,0.0505521706016755
database1/img00001674.webp,0.188753,0.0,0.0771437679311444
database1/img00001701.webp,0.002942,1.0,0.0529935275080906
database1/img00001779.webp,0.009358,1.0,0.1170652941770108
database1/img00001812.webp,0.017934,0.0,0.0407043548201769
database1/img00001859.webp,0.006232,1.0,0.0605804451958298
database1/img00001872.webp,0.094988,0.0,0.0535553705245628
database1/img00001883.webp,0.015755,0.0,0.057810043156803
database1/img00001978.webp,0.02291,1.0,0.0626128640378238
database1/img00002013.webp,0.068771,1.0,0.0455397571597496
database1/img00002073.webp,0.265663,0.0,0.0632379333144422
database1/img00002136.webp,0.083835,0.0,0.0534555309892304
database1/img00002187.webp,0.062593,1.0,0.057738572574178
database1/img00002221.webp,0.024328,1.0,0.0537710111766258
database1/img00002227.webp,0.172367,0.0,0.0617816688104228
database1/img00002414.webp,0.290565,0.0,0.1177100574432869
database1/img00002415.webp,0.370759,0.0,0.0745228026060121
database1/img00002527.webp,0.008082,0.0,0.0478309232480533
database1/img00002649.webp,0.108227,0.0,0.0511243655762605
database1/img00002695.webp,0.191496,0.0,0.0525877123352913
database1/img00002698.webp,0.019352,0.0,0.0549040832280954
database1/img00002713.webp,0.025594,1.0,0.0559040893414353
database1/img00002737.webp,0.01324,1.0,0.0525887284021349
database1/img00002813.webp,0.015997,0.0,0.041922260662267
database1/img00002915.webp,0.059948,0.0,0.0489820860000643
database1/img00002916.webp,0.061003,0.0,0.0533004926108374
database1/img00003052.webp,0.34648,0.0,0.0595677872183228
database1/img00003146.webp,0.130163,0.0,0.0341475228342098
database1/img00003162.webp,0.193332,0.0,0.0700396825396825
database1/img00003199.webp,0.314562,0.0,0.0615753494541373
database1/img00003273.webp,0.126445,0.0,0.070248548891204
database1/img00003300.webp,0.007141,1.0,0.0563875829000218
database1/img00003360.webp,0.008946,1.0,0.051423625619292
database1/img00003390.webp,0.054933,0.0,0.0536900952849759
database1/img00003437.webp,0.01322,1.0,0.0438787036232513
database1/img00003452.webp,0.040754,0.0,0.0407569627871209
database1/img00003584.webp,0.23463,0.0,0.0618889908622959
database1/img00003713.webp,0.000555,1.0,0.0341058032850888
database1/img00003746.webp,0.099051,1.0,0.0565356004250797
database1/img00003877.webp,0.01258,0.0,0.0535828071598215
database1/img00003884.webp,0.091278,0.0,0.0456348555879749
database1/img00003887.webp,0.010493,1.0,0.0802897328785498
database1/img00003978.webp,0.178955,0.0,0.0329778184911339
database1/img00004026.webp,0.365443,0.0,0.0704176334106728
database1/img00004041.webp,0.094007,0.0,0.0455054648944866
database1/img00004164.webp,0.026259,1.0,0.0472912834510176
database1/img00004216.webp,0.034337,0.0,0.0461269870440136
database1/img00004261.webp,0.165876,0.0,0.0673812617294644
database1/img00004273.webp,0.156777,0.0,0.048030362517995
database1/img00004308.webp,0.126358,0.0,0.0524253864235344
database1/img00004416.webp,0.13739,1.0,0.0489783305651048
database1/img00004426.webp,0.364242,1.0,0.0749235474006116
database1/img00004540.webp,0.140347,0.0,0.0427550225293898
database1/img00004621.webp,0.130906,0.0,0.0549281116293412
database1/img00004701.webp,0.060368,0.0,0.0374815750684354
database1/img00004841.webp,0.021785,1.0,0.0478001887237556
database1/img00004851.webp,0.058337,1.0,0.0556529951430113
database1/img00004895.webp,0.001337,1.0,0.0461837932874949
database1/img00005027.webp,0.095752,1.0,0.0664719246997728
database1/img00005030.webp,0.114344,0.0,0.0566502463054187
database1/img00005095.webp,0.018419,0.0,0.0588434223875549
database1/img00005116.webp,0.107525,0.0,0.0624115835899142
database1/img00005179.webp,0.058586,1.0,0.0522028493188672
database1/img00005208.webp,0.021009,1.0,0.1043560863075044
database1/img00005271.webp,0.408256,0.0,0.0778475826276973
database1/img00005293.webp,0.043233,0.0,0.0523740292897415
database1/img00005339.webp,0.173984,0.0,0.0391271900209673
database1/img00005347.webp,0.002911,0.0,0.0322336942835557
database1/img00005361.webp,0.189098,0.0,0.05120151371807
database1/img00005501.webp,0.145725,0.0,0.0491302804401845
database1/img00005507.webp,0.232343,0.0,0.0935596973611367
database1/img00005509.webp,0.003247,1.0,0.092880173718497
database1/img00005522.webp,0.185571,0.0,0.0477003121748179
database1/img00005579.webp,0.037795,1.0,0.0563611311593727
database1/img00005689.webp,0.281579,0.0,0.0542596740557658
database1/img00005696.webp,0.366924,0.0,0.0890336151450184
database1/img00005723.webp,0.013358,0.0,0.0570050335570469
database1/img00005726.webp,0.041346,1.0,0.0559359563958439
database1/img00005753.webp,0.009879,0.0,0.0545591658742909
database1/img00005766.webp,0.177714,0.0,0.0542328551098119
database1/img00005768.webp,0.024309,1.0,0.0629189325913747
database1/img00005822.webp,0.022373,0.0,0.0408346616432401
database1/img00005851.webp,0.375359,0.0,0.0617577197149643
database1/img00005896.webp,0.063671,0.0,0.0610295219541435
database1/img00005910.webp,0.374925,0.0,0.0577577529597852
database1/img00006003.webp,0.020291,1.0,0.0537848605577689
database1/img00006021.webp,0.018409,1.0,0.1023191902942556
database1/img00006047.webp,0.105454,0.0,0.050145425237411
database1/img00006101.webp,0.326093,0.0,0.0659586361095584
database1/img00006168.webp,0.00248,1.0,0.035862977602108
database1/img00006196.webp,0.0412,1.0,0.0514879546528105
database1/img00006204.webp,0.331116,1.0,0.0634043522843796
database1/img00006269.webp,0.011789,1.0,0.0544405930500131
database1/img00006334.webp,0.003849,1.0,0.0384035270913099
database1/img00006414.webp,0.208227,0.0,0.0575394471467552
database1/img00006420.webp,0.026323,1.0,0.0581916395555828
database1/img00006436.webp,0.008945,1.0,0.0642343613518779
database1/img00006571.webp,0.06176,0.0,0.0458207940976604
database1/img00006576.webp,0.028441,1.0,0.0597449093756992
database1/img00006629.webp,0.000814,1.0,0.0325375370484968
database1/img00006690.webp,0.119839,0.0,0.0494847536313438
database1/img00006694.webp,0.019638,1.0,0.0459207243832578
database1/img00006722.webp,0.383369,0.0,0.0823126427236869
database1/img00006757.webp,0.169654,1.0,0.0773802806304781
database1/img00007032.webp,0.079705,0.0,0.0538624570635094
database1/img00007152.webp,0.296672,0.0,0.0729064522455383
database1/img00007289.webp,0.004896,1.0,0.0597766285211267
database1/img00007329.webp,0.096683,0.0,0.0566259131685529
database1/img00007335.webp,0.012784,1.0,0.0560004817245739
database1/img00007354.webp,0.047242,0.0,0.0458710276038042
database1/img00007383.webp,0.020362,1.0,0.0398070304124583
database1/img00007416.webp,0.105824,1.0,0.0580539293950683
database1/img00007435.webp,0.275659,0.0,0.1026843539238018
database1/img00007452.webp,0.091268,0.0,0.0489414176355658
database1/img00007454.webp,0.052407,1.0,0.0671922486684921
database1/img00007468.webp,0.289625,0.0,0.0919950738916256
database1/img00007470.webp,0.024029,1.0,0.098419540229885
database1/img00007537.webp,0.023879,0.0,0.0497999608314914
database1/img00007538.webp,0.239526,0.0,0.0596706116030787
database1/img00007592.webp,0.092299,0.0,0.0527949176676768
database1/img00007663.webp,0.000453,1.0,0.0392962630024399
database1/img00007675.webp,0.145663,0.0,0.0475596547083729
database1/img00007764.webp,0.212475,0.0,0.0526523992246528
database1/img00007790.webp,0.273678,0.0,0.0706355983896547
database1/img00007837.webp,0.07434,0.0,0.048750385683431
database1/img00007851.webp,0.187909,0.0,0.0556397574984045
database1/img00007897.webp,0.021438,1.0,0.05143206426825
database1/img00007955.webp,0.100119,0.0,0.050541885352055
database1/img00007965.webp,0.126287,0.0,0.0393581498886965
database1/img00008054.webp,0.125876,0.0,0.0425531914893617
database1/img00008062.webp,0.192134,0.0,0.0759844703272323
database1/img00008079.webp,0.010384,1.0,0.0508343496237246
database1/img00008191.webp,0.127108,1.0,0.0702045746206688
database1/img00008233.webp,0.03355,1.0,0.056665719607286
database1/img00008333.webp,0.123145,0.0,0.0504019998648739
database1/img00008350.webp,0.003002,0.0,0.0387612918462537
database1/img00008419.webp,0.136366,0.0,0.0549815498154981
database1/img00008444.webp,0.19563,0.0,0.0544760996543092
database1/img00008485.webp,0.153649,0.0,0.0422052586938083
database1/img00008500.webp,0.243166,1.0,0.0612734143269269
database1/img00008540.webp,0.020411,1.0,0.0547148892817547
database1/img00008619.webp,0.172849,1.0,0.0576083668265698
database1/img00008684.webp,0.116788,1.0,0.0940847694457382
database1/img00008694.webp,0.257404,1.0,0.0793650793650793
database1/img00008702.webp,0.150713,0.0,0.0513247539742619
database1/img00008778.webp,0.047436,1.0,0.0619783996072655
database1/img00008864.webp,0.142253,1.0,0.0609111599737684
database1/img00008929.webp,0.025151,1.0,0.0431898417036784
database1/img00009119.webp,0.134423,0.0,0.0522788203753351
database1/img00009131.webp,0.11769,0.0,0.0437684686250651
database1/img00009180.webp,0.22272,0.0,0.069061876247505
database1/img00009210.webp,0.133618,1.0,0.0524820077505074
database1/img00009215.webp,0.015083,1.0,0.1016311166875784
database1/img00009309.webp,0.232271,0.0,0.0895197386991411
database1/img00009310.webp,0.032707,1.0,0.0634961193267111
database1/img00009395.webp,0.188981,0.0,0.0446204165949388
database1/img00009397.webp,0.022474,0.0,0.0414204750994814
database1/img00009399.webp,0.009987,1.0,0.0446910250122609
database1/img00009423.webp,0.205953,0.0,0.0564086615091552
database1/img00009521.webp,0.096612,0.0,0.0450396627833648
database1/img00009606.webp,0.062144,1.0,0.048947626040137
database1/img00009643.webp,0.076471,0.0,0.0508219267797498
database1/img00009666.webp,0.249637,0.0,0.0561368543431323
database1/img00009740.webp,0.056754,0.0,0.0506437496036024
database1/img00009804.webp,0.00402,1.0,0.0770652173913043
database1/img00009898.webp,0.123271,0.0,0.0508739712983744
database1/img00009952.webp,0.220282,0.0,0.0631786339754816
database1/img00009963.webp,0.081114,1.0,0.0565414057063326
database1/img00010009.webp,0.161796,0.0,0.0468814968814968
database1/img00010196.webp,0.131846,0.0,0.0488942639944713
database1/img00010250.webp,0.119697,0.0,0.0779716875140438
database1/img00010353.webp,0.145055,0.0,0.0544803914408822
database1/img00010363.webp,0.133258,0.0,0.0503522880933741
database1/img00010383.webp,0.010398,1.0,0.0318523210569179
database1/img00010445.webp,0.356323,0.0,0.0569093898075621
database1/img00010509.webp,0.056891,1.0,0.073644012543078
database1/img00010530.webp,0.091729,0.0,0.0549438449680687
database1/img00010535.webp,0.304853,0.0,0.080306334095623
database1/img00010537.webp,0.013696,0.0,0.0570944366526414
database1/img00010580.webp,0.154987,1.0,0.0521231567449481
database1/img00010612.webp,0.334599,0.0,0.0623052959501557
database1/img00010629.webp,0.060911,0.0,0.0438852573459414
database1/img00010643.webp,0.114721,1.0,0.0490429829790052
database1/img00010674.webp,0.023709,0.0,0.0429193744197671
database1/img00010757.webp,0.206361,0.0,0.0558197552038668
database1/img00010780.webp,0.013969,0.0,0.0517521187714131
database1/img00010790.webp,0.031334,0.0,0.0463266814486326
database1/img00010806.webp,0.065196,0.0,0.0506402793946449
database1/img00010887.webp,0.081617,0.0,0.0513175686817717
database1/img00010888.webp,0.233141,1.0,0.0752801530592323
database1/img00010982.webp,0.00745,1.0,0.0609431603244317
database1/img00010983.webp,0.20866,0.0,0.0546714789598884
database1/img00011118.webp,0.178597,1.0,0.0954902772031443
database1/img00011128.webp,0.27358,1.0,0.0587971073080896
database1/img00011142.webp,0.28074,1.0,0.0724472873726605
database1/img00011296.webp,0.108452,1.0,0.066226036631482
database1/img00011507.webp,0.092578,0.0,0.0442409815052188
database1/img00011516.webp,0.087323,0.0,0.0507851769681422
database1/img00011597.webp,0.091441,0.0,0.0514507717615764
database1/img00011619.webp,0.253533,0.0,0.0666162951769298
database1/img00011623.webp,0.079619,0.0,0.0453977636269461
database1/img00011711.webp,0.412517,0.0,0.0829352517985611
database1/img00011737.webp,0.360567,0.0,0.067261973791024
database1/img00011787.webp,0.009168,1.0,0.0486149544143776
database1/img00011827.webp,0.096535,0.0,0.054050219889346
database1/img00011910.webp,0.153312,0.0,0.0453702800273197
database1/img00011946.webp,0.118833,0.0,0.0526091586794462
database1/img00011981.webp,0.044401,1.0,0.0543529254071442
database1/img00011982.webp,0.064973,1.0,0.0480027061102739
database1/img00012046.webp,0.013245,1.0,0.0553544031911629
database1/img00012050.webp,0.169118,0.0,0.0497887323943661
database1/img00012055.webp,0.118938,0.0,0.0530569871343294
database1/img00012083.webp,0.105677,1.0,0.0502343017806935
database1/img00012173.webp,0.148639,0.0,0.0535177155357631
database1/img00012174.webp,0.13274,0.0,0.0517384105960264
database1/img00012175.webp,0.161502,0.0,0.0608909952606635
database1/img00012194.webp,0.057599,0.0,0.0528313714564324
database1/img00012259.webp,0.022948,1.0,0.0795055566839799
database1/img00012293.webp,0.081765,0.0,0.0541816620992505
database1/img00012367.webp,0.265563,0.0,0.0721361553567532
database1/img00012402.webp,0.08769,0.0,0.0534604227103191
database1/img00012413.webp,0.178087,0.0,0.0550818682562438
database1/img00012417.webp,0.047864,1.0,0.049446771269613
database1/img00012444.webp,0.279593,0.0,0.0626659361962156
database1/img00012509.webp,0.14518,0.0,0.0435756465078395
database1/img00012555.webp,0.159567,0.0,0.0573763891125785
database1/img00012681.webp,0.00788,1.0,0.0468876539417464
database1/img00012805.webp,0.03627,0.0,0.0524242835800624
database1/img00012844.webp,0.027729,1.0,0.0549640486725663
database1/img00012874.webp,0.002528,1.0,0.0786252354048964
database1/img00012883.webp,0.105193,1.0,0.0484874141131264
database1/img00012980.webp,0.021348,1.0,0.0534311758298457
database1/img00013033.webp,0.378744,0.0,0.0705730782077587
database1/img00013074.webp,0.20406,0.0,0.0728533933258342
database1/img00013089.webp,0.0,1.0,0.0358944696166329
database1/img00013099.webp,0.124905,0.0,0.0750103320016531
database1/img00013109.webp,0.255454,0.0,0.1190180739142163
database1/img00013151.webp,0.003784,1.0,0.0459513425463717
database1/img00013182.webp,0.112701,0.0,0.0492665113643518
database1/img00013213.webp,0.208104,1.0,0.0614689709347996
database1/img00013311.webp,0.021686,1.0,0.0524151476094028
database1/img00013313.webp,0.096531,0.0,0.0604668572206342
database1/img00013345.webp,0.111239,1.0,0.0573724746065409
database1/img00013392.webp,0.234015,0.0,0.0537191783641378
database1/img00013433.webp,0.013693,1.0,0.0535132619823173
database1/img00013450.webp,0.007936,1.0,0.0478022749613818
database1/img00013515.webp,0.055869,0.0,0.0509325681492109
database1/img00013591.webp,0.097683,0.0,0.0482668535746145
database1/img00013659.webp,0.005492,0.0,0.0556248144850103
database1/img00013777.webp,0.039118,0.0,0.0489297626372203
database1/img00013856.webp,0.08085,0.0,0.062632881391377
database1/img00013896.webp,0.155239,0.0,0.0564986915386163
database1/img00013978.webp,0.216187,1.0,0.0466835890078357
database1/img00014030.webp,0.009111,0.0,0.0608050148465852
database1/img00014146.webp,0.019737,0.0,0.0524893071000855
database1/img00014277.webp,0.009327,1.0,0.0605759400204475
database1/img00014440.webp,0.313716,0.0,0.0727291325695581
database1/img00014506.webp,0.002933,0.0,0.0549488746632679
database1/img00014634.webp,0.124116,1.0,0.0534280639431616
database1/img00014645.webp,0.294956,1.0,0.0683951146346689
database1/img00014657.webp,0.009173,1.0,0.0407041580372789
database1/img00014808.webp,0.222577,0.0,0.0640547965827405
database1/img00014845.webp,0.184098,0.0,0.056559405940594
database1/img00014912.webp,0.085464,0.0,0.0541680181641258
database1/img00014924.webp,0.071344,1.0,0.0640740867306838
database1/img00015038.webp,0.222266,1.0,0.063131825748041
database1/img00015081.webp,0.134204,0.0,0.0765482805830716
database1/img00015348.webp,0.225921,0.0,0.0657135001374759
database1/img00015359.webp,0.033386,0.0,0.0499579478553406
database1/img00015476.webp,0.164199,0.0,0.0806984260820685
database1/img00015498.webp,0.128891,0.0,0.045619459254819
database1/img00015505.webp,0.086803,0.0,0.0518953068592057
database1/img00015509.webp,0.096299,1.0,0.0627734586873983
database1/img00015766.webp,0.128287,0.0,0.0491345424453485
database1/img00015784.webp,0.198335,0.0,0.0515747017935295
database1/img00015947.webp,0.126497,0.0,0.05151205480489
database1/img00016004.webp,0.076385,0.0,0.0529287969133637
database1/img00016096.webp,0.018479,1.0,0.0481506431848073
database1/img00016164.webp,0.009807,1.0,0.0482025043759256
database1/img00016181.webp,0.000908,1.0,0.0413848344606621
database1/img00016288.webp,0.368142,0.0,0.0771071523530975
database1/img00016296.webp,0.233928,0.0,0.0547985563821168
database1/img00016398.webp,0.070727,0.0,0.0521833486781533
database1/img00016442.webp,0.050167,0.0,0.0500274876305662
database1/img00016457.webp,0.145227,1.0,0.0527839888567134
database1/img00016490.webp,0.091022,0.0,0.0433886263440007
database1/img00016497.webp,0.144198,0.0,0.0563397225118293
database1/img00016611.webp,0.10049,0.0,0.0512935649891195
database1/img00016679.webp,0.001846,0.0,0.0502925051303255
database1/img00016886.webp,0.012909,1.0,0.0453161431902345
database1/img00016934.webp,0.076123,1.0,0.0464960855451594
database1/img00016955.webp,0.030027,1.0,0.0648437253603305
database1/img00017135.webp,0.137474,0.0,0.0511838568324925
database1/img00017144.webp,0.291437,0.0,0.0595944609297725
database1/img00017157.webp,0.097188,0.0,0.0502378338821807
database1/img00017237.webp,0.019539,0.0,0.0483704557868544
database1/img00017467.webp,0.193369,0.0,0.0682384423733505
database1/img00017485.webp,0.231654,0.0,0.0905742507952452
database1/img00017623.webp,0.273226,0.0,0.0563581988964239
database1/img00017648.webp,0.013591,1.0,0.0417848128875455
database1/img00017737.webp,0.0127,1.0,0.0523636164563545
database1/img00017893.webp,0.369649,0.0,0.0586513033622969
database1/img00018025.webp,0.125656,0.0,0.0471064524227968
database1/img00018042.webp,0.016056,1.0,0.0482380211848243
database1/img00018045.webp,0.096288,0.0,0.0498544276881808
database1/img00018076.webp,0.184672,1.0,0.0538483000518155
database1/img00018117.webp,0.020611,0.0,0.0585833419841517
database1/img00018133.webp,0.049189,0.0,0.0526464961383121
database1/img00018173.webp,0.28192,0.0,0.0654800571651292
database1/img00018225.webp,0.130293,0.0,0.0451127819548872
database1/img00018284.webp,0.238474,0.0,0.05969821914203
database1/img00018380.webp,0.182421,0.0,0.0496292708372145
database1/img00018422.webp,0.021826,0.0,0.0520059435364041
database1/img00018465.webp,0.041569,1.0,0.0546026470413674
database1/img00018500.webp,0.147015,0.0,0.0495904198655548
database1/img00018591.webp,0.11045,0.0,0.0601740696278511
database1/img00018619.webp,0.026771,1.0,0.0548468601713194
database1/img00018643.webp,0.14475,0.0,0.0554293502953203
database1/img00018689.webp,0.008002,0.0,0.0523497543152324
database1/img00018779.webp,0.045676,1.0,0.0490833065294306
database1/img00018873.webp,0.099329,0.0,0.0474586650336803
database1/img00018963.webp,0.0236,1.0,0.1218721872187218
database1/img00019125.webp,0.039224,1.0,0.0595350043775738
database1/img00019151.webp,0.151887,0.0,0.0684856175972927
database1/img00019162.webp,0.357571,0.0,0.0701006310762408
database1/img00019165.webp,0.070241,1.0,0.0594690135140111
database1/img00019172.webp,0.017685,0.0,0.0437288233760968
database1/img00019200.webp,0.017214,1.0,0.0491215718903004
database1/img00019353.webp,0.013152,0.0,0.0483747668409626
database1/img00019360.webp,0.02429,1.0,0.0475397014316319
database1/img00019362.webp,0.226958,0.0,0.0533606359913273
database1/img00019406.webp,0.122785,0.0,0.0488532725321888
database1/img00019511.webp,0.00639,1.0,0.0471585447554688
database1/img00019553.webp,0.097165,0.0,0.0473696123128657
database1/img00019616.webp,0.008603,1.0,0.0608271778462274
database1/img00019625.webp,0.044642,1.0,0.0638042104614246
database1/img00019811.webp,0.135181,0.0,0.0512085635359116
database1/img00019846.webp,0.085115,0.0,0.0525519848771266
database1/img00019883.webp,0.295134,0.0,0.0829768129720593
database1/img00019956.webp,0.121542,0.0,0.0511600028206755
database1/img00020019.webp,0.245216,0.0,0.0592036689597665
database1/img00020092.webp,0.229511,0.0,0.0711689628940917
database1/img00020095.webp,0.369647,0.0,0.0627164827044751
database1/img00020106.webp,0.016139,1.0,0.0412426863393538
database1/img00020280.webp,0.093764,0.0,0.050560352746647
database1/img00020383.webp,0.174486,0.0,0.0551061865189289
database1/img00020425.webp,0.105022,0.0,0.0492713869363963
database1/img00020495.webp,0.101841,0.0,0.052244701679662
database1/img00020506.webp,0.143822,0.0,0.0551010312416758
database1/img00020690.webp,0.113169,0.0,0.0450569745966477
database1/img00020757.webp,0.123725,0.0,0.0514421088256308
database1/img00020765.webp,0.148549,0.0,0.0512050249197788
database1/img00020799.webp,0.406729,0.0,0.0863202893784939
database1/img00020831.webp,0.0,1.0,0.0322322937471193
database1/img00020839.webp,0.164052,0.0,0.0479663292333369
database1/img00020840.webp,0.164657,0.0,0.0559859154929577
database1/img00020876.webp,0.039848,0.0,0.052839490566634
database1/img00020958.webp,0.18413,1.0,0.0481581039639571
database1/img00021024.webp,0.011248,1.0,0.0554452950256749
database1/img00021028.webp,0.079159,0.0,0.0452222152963909
database1/img00021119.webp,0.231027,0.0,0.0430115071568902
database1/img00021174.webp,0.029653,1.0,0.051677407697404
database1/img00021203.webp,0.100309,1.0,0.0903677611439594
database1/img00021240.webp,0.12352,0.0,0.0547492120315965
database1/img00021256.webp,0.115372,0.0,0.0491935213440193
database1/img00021294.webp,0.230757,0.0,0.0677327878759704
database1/img00021336.webp,0.216002,0.0,0.0553466747523751
database1/img00021374.webp,0.038864,0.0,0.0515643666655903
database1/img00021382.webp,0.023478,1.0,0.096948728330082
database1/img00021398.webp,0.118902,0.0,0.1135837919757517
database1/img00021523.webp,0.125539,0.0,0.0525332087310593
database1/img00021529.webp,0.020743,0.0,0.0535544245608274
database1/img00021585.webp,0.323915,0.0,0.0569702021254428
database1/img00021592.webp,0.053661,1.0,0.0582416887877638
database1/img00021620.webp,0.012103,1.0,0.0573873957082602
database1/img00021622.webp,0.258145,0.0,0.061035176291918
database1/img00021629.webp,0.347567,0.0,0.0718313570487483
database1/img00021724.webp,0.117861,0.0,0.0537094281298299
database1/img00021737.webp,0.042247,1.0,0.0519811820832229
database1/img00021763.webp,0.319156,0.0,0.0855918692706257
database1/img00021881.webp,0.200485,0.0,0.0491914468282583
database1/img00021891.webp,0.158308,0.0,0.0521463450185846
database1/img00022037.webp,0.280548,0.0,0.0688291535265555
database1/img00022062.webp,0.084716,1.0,0.0466387688984881
database1/img00022089.webp,0.105552,0.0,0.0512929961227901
database1/img00022098.webp,0.019455,1.0,0.0508679287680467
database1/img00022099.webp,0.017022,1.0,0.060064732976472
database1/img00022106.webp,0.009696,1.0,0.0494848940849635
database1/img00022110.webp,0.247685,0.0,0.0843362870872459
database1/img00022174.webp,0.246505,1.0,0.0627476612606724
database1/img00022220.webp,0.197348,0.0,0.097551997055034
database1/img00022367.webp,0.130304,0.0,0.0570136059120105
database1/img00022458.webp,0.178211,1.0,0.03873225110867
database1/img00022462.webp,0.147091,1.0,0.0522572861769001
database1/img00022521.webp,0.025301,1.0,0.0475276711719227
database1/img00022669.webp,0.094607,1.0,0.111612844371465
database1/img00022715.webp,0.056654,0.0,0.0413708226829499
database1/img00022789.webp,0.207616,0.0,0.0931547499699242
database1/img00022833.webp,0.037262,1.0,0.0534848139587877
database1/img00022848.webp,0.082086,0.0,0.0502327860818426
database1/img00022964.webp,0.170935,0.0,0.0564051965137312
database1/img00023014.webp,0.001544,1.0,0.1135091230818321
database1/img00023146.webp,0.103648,1.0,0.0609395590697011
database1/img00023176.webp,0.028973,1.0,0.0776141837187852
database1/img00023181.webp,0.102577,0.0,0.0549078871617731
database1/img00023337.webp,0.089515,0.0,0.0469100943335686
database1/img00023439.webp,0.005019,1.0,0.0481603913031793
database1/img00023478.webp,0.105124,0.0,0.0454244971196524
database1/img00023517.webp,0.050744,0.0,0.0544043222541376
database1/img00023568.webp,0.010958,1.0,0.0579109900090826
database1/img00023725.webp,0.203847,0.0,0.0517455187704332
database1/img00023876.webp,0.079286,0.0,0.0486791718050236
database1/img00023903.webp,0.124474,0.0,0.0401838814414761
database1/img00024004.webp,0.151347,0.0,0.0541396354649366
database1/img00024033.webp,0.008003,1.0,0.0572589845978322
database1/img00024054.webp,0.158105,0.0,0.051765240095357
database1/img00024075.webp,0.098827,0.0,0.0561323366555924
database1/img00024097.webp,0.056329,1.0,0.0501137532333967
database1/img00024151.webp,0.223931,0.0,0.0492054990180324
database1/img00024251.webp,0.125194,0.0,0.0513190139829897
database1/img00024286.webp,0.203387,0.0,0.0840633287792333
database1/img00024330.webp,0.039351,0.0,0.0617785939139559
database1/img00024429.webp,0.001011,1.0,0.0368258012217364
database1/img00024472.webp,0.231978,0.0,0.0618669706669005
database1/img00024480.webp,0.229159,0.0,0.0474676270017623
database1/img00024496.webp,0.010786,0.0,0.0571738324156229
database1/img00024553.webp,0.040348,1.0,0.0555646294058079
database1/img00024607.webp,0.016616,1.0,0.0590826561895407
database1/img00024687.webp,0.27365,0.0,0.0625295457475611
database1/img00024753.webp,0.192923,0.0,0.0589437540876389
database1/img00024774.webp,0.053221,0.0,0.0516291877007801
database1/img00025064.webp,0.015037,0.0,0.0436512580456407
database1/img00025075.webp,0.298755,0.0,0.0698577557010611
database1/img00025133.webp,0.155681,1.0,0.0546565615185033
database1/img00025166.webp,0.014644,0.0,0.0555772230889235
database1/img00025308.webp,0.026547,1.0,0.0536953610130281
database1/img00025347.webp,0.003317,1.0,0.0567505059265683
database1/img00025392.webp,0.084647,0.0,0.0523866552609067
database1/img00025465.webp,0.083236,0.0,0.0695299434224104
database1/img00025509.webp,0.003962,0.0,0.0578428745795004
database1/img00025534.webp,0.073372,0.0,0.0479848906815199
database1/img00025566.webp,0.059194,1.0,0.0585724954656993
database1/img00025641.webp,0.045629,1.0,0.0588928525926869
database1/img00025678.webp,0.113275,0.0,0.0544074230282581
database1/img00025969.webp,0.033245,1.0,0.0524221344864322
database1/img00026052.webp,0.217685,0.0,0.054902605408071
database1/img00026073.webp,0.052874,0.0,0.0480303416624171
database1/img00026088.webp,0.15625,0.0,0.0566654258179261
database1/img00026103.webp,0.013345,1.0,0.060248952650773
database1/img00026169.webp,0.063574,1.0,0.0696381679909968
database1/img00026178.webp,0.317092,0.0,0.064929424538545
database1/img00026249.webp,0.008453,1.0,0.0591866702628187
database1/img00026281.webp,0.219012,1.0,0.0589569160997732
database1/img00026282.webp,0.011198,1.0,0.0572491636181721
database1/img00026305.webp,0.138547,1.0,0.0585911040867012
database1/img00026333.webp,0.154155,0.0,0.0506808147516046
database1/img00026341.webp,0.145098,0.0,0.102810724608791
database1/img00026380.webp,0.102089,0.0,0.0562742791974054
database1/img00026418.webp,0.030072,1.0,0.0526852705015137
database1/img00026462.webp,0.007743,0.0,0.0515151515151515
database1/img00026473.webp,0.0,1.0,0.0472888829053212
database1/img00026493.webp,0.222605,0.0,0.0532570779589519
database1/img00026505.webp,0.024604,1.0,0.0617283950617283
database1/img00026554.webp,0.005176,1.0,0.0554273938051736
database1/img00026653.webp,0.0,0.0,0.0281860791378375
database1/img00026673.webp,0.305916,0.0,0.0586523672943426
database1/img00026714.webp,0.210407,0.0,0.0562602722407181
database1/img00026908.webp,0.046474,0.0,0.0520028799581097
database1/img00027013.webp,0.003769,0.0,0.0466552115793458
database1/img00027032.webp,0.007456,0.0,0.0585194969275828
database1/img00027062.webp,0.046983,1.0,0.0515766242404087
database1/img00027147.webp,0.083316,1.0,0.0621582209259934
database1/img00027201.webp,0.173566,0.0,0.0532801314399718
database1/img00027213.webp,0.102301,0.0,0.0534098104212447
database1/img00027267.webp,0.025949,0.0,0.0519450650545406
database1/img00027278.webp,0.04282,0.0,0.0524163568773234
database1/img00027291.webp,0.037481,1.0,0.0558837772397094
database1/img00027300.webp,0.162757,0.0,0.0535996984545797
database1/img00027329.webp,0.120534,0.0,0.0359520177506587
database1/img00027355.webp,0.012954,0.0,0.053100932306445
database1/img00027400.webp,0.093064,1.0,0.1335154998586639
database1/img00027672.webp,0.024684,0.0,0.049651670799386
database1/img00027691.webp,0.263468,1.0,0.0670758793361062
database1/img00027708.webp,0.011879,1.0,0.0703072362215334
database1/img00027826.webp,0.008279,1.0,0.0511709127194486
database1/img00027870.webp,0.156292,0.0,0.057252641690682
database1/img00027888.webp,0.010368,1.0,0.0561281509996274
database1/img00027943.webp,0.005057,1.0,0.062884716508398
database1/img00027980.webp,0.1488,0.0,0.0537647488140128
database1/img00028069.webp,0.00506,1.0,0.0605356949994599
database1/img00028087.webp,0.001205,1.0,0.0340648023449259
database1/img00028101.webp,0.0173,1.0,0.0493894660105704
database1/img00028174.webp,0.122309,0.0,0.0517661610098584
database1/img00028222.webp,0.107143,0.0,0.0490118577075098
database1/img00028224.webp,0.146398,0.0,0.0605892778023925
database1/img00028300.webp,0.012183,0.0,0.0507940214852872
database1/img00028356.webp,0.152613,0.0,0.0392301009155917
database1/img00028517.webp,0.382837,0.0,0.0706504102730517
database1/img00028551.webp,0.203166,0.0,0.0784898354307841
database1/img00028578.webp,0.061325,0.0,0.0485101864755458
database1/img00028581.webp,0.020189,1.0,0.0493323788477699
database1/img00028723.webp,0.12276,0.0,0.0563139268074514
database1/img00028742.webp,0.061928,0.0,0.042554483093547
database1/img00028757.webp,0.031527,1.0,0.0559714384429344
database1/img00028784.webp,0.01652,0.0,0.0507102934326967
database1/img00028843.webp,0.045216,1.0,0.0713636516645908
database1/img00028942.webp,0.085705,0.0,0.0429659116039553
database1/img00029059.webp,0.201976,0.0,0.0558605597573616
database1/img00029154.webp,0.027398,0.0,0.0853380602684223
database1/img00029252.webp,0.011317,1.0,0.0575208694282564
database1/img00029315.webp,0.223811,0.0,0.0652647975077881
database1/img00029326.webp,0.073163,0.0,0.0454022819068958
database1/img00029393.webp,0.181547,0.0,0.0533797853596027
database1/img00029479.webp,0.172507,1.0,0.0626428898033836
database1/img00029527.webp,9.6e-05,1.0,0.0340169566231947
database1/img00029586.webp,0.049823,0.0,0.0538092340972081
database1/img00029691.webp,0.030185,1.0,0.0622600880067409
database1/img00029706.webp,0.21533,1.0,0.1383071777720607
database1/img00029758.webp,0.113217,0.0,0.0502827140549273
database1/img00029778.webp,0.154551,0.0,0.0680985680985681
database1/img00029960.webp,0.383842,0.0,0.0696742727747779
database2/database2/test/148.webp,0.048036,1.0,0.0511400957117387
database2/database2/test/190.webp,0.086509,1.0,0.1005175066436663
database2/database2/test/216.webp,0.245817,0.0,0.0490105844454671
database2/database2/test/232.webp,0.275174,0.0,0.0517202536126935
database2/database2/test/239.webp,0.175156,0.0,0.0597362296353762
database2/database2/test/266.webp,0.213241,0.0,0.0556181463121526
database2/database2/test/34.webp,0.050154,0.0,0.0420791329882239
database2/database2/test/453.webp,0.089504,1.0,0.0309567082799511
database2/database2/test/472.webp,0.226614,1.0,0.0734392853433053
database2/database2/test/91.webp,0.465517,1.0,0.0615933739074726
database2/database2/train/1009.webp,0.104761,1.0,0.0641775378617483
database2/database2/train/1240.webp,0.146101,0.0,0.0556201162091765
database2/database2/train/1258.webp,0.246853,0.0,0.1381616507625805
database2/database2/train/127.webp,0.075508,0.0,0.0403357356822967
database2/database2/train/1279.webp,0.000502,1.0,0.1014799154334038
database2/database2/train/1311.webp,0.172932,1.0,0.1602212051868802
database2/database2/train/174.webp,0.051776,1.0,0.1611996251171508
database2/database2/train/203.webp,0.050641,1.0,0.0558991190188288
database2/database2/train/219.webp,0.142928,0.0,0.0616365568544102
database2/database2/train/233.webp,0.281943,1.0,0.0673112098249281
database2/database2/train/26.webp,0.011878,0.0,0.0439380007881255
database2/database2/train/34.webp,0.095641,0.0,0.0520129187321616
database2/database2/train/433.webp,0.036418,1.0,0.06
database2/database2/train/436.webp,0.026337,1.0,0.0364337403257802
database2/database2/train/515.webp,0.012181,1.0,0.0535714285714285
database2/database2/train/547.webp,0.0,1.0,0.0306507129978692
database2/database2/train/613.webp,0.048432,0.0,0.0455245832749684
database2/database2/train/624.webp,0.123039,1.0,0.0940623480468961
database2/database2/train/650.webp,0.113219,0.0,0.0508491813281806
database2/database2/train/766.webp,0.167917,0.0,0.0715402833013092
database2/database2/train/814.webp,0.3,0.0,0.0718401245782507
database2/database2/train/846.webp,0.020085,1.0,0.0583015203268367
database2/database2/train/900.webp,0.417188,1.0,0.0657040410892528
database2/database2/train/928.webp,0.09983,0.0,0.0542676875088614
database2/database2/train/97.webp,0.048559,1.0,0.0554484409281297
database2/database2/train/992.webp,0.32608,0.0,0.0712407363136505
database3/database3/m.0109kg/59-FaceId-0_align.webp,0.264823,0.0,0.0682798153502764
database3/database3/m.010bk0/59-FaceId-0_align.webp,0.021845,1.0,0.0993697399705627
database3/database3/m.010ngb/60-FaceId-0_align.webp,0.012915,1.0,0.0457647531112003
database3/database3/m.010p3/45-FaceId-0_align.webp,0.01465,1.0,0.0633941284154857
database3/database3/m.010p3/69-FaceId-0_align.webp,0.027584,1.0,0.0579145479759624
database3/database3/m.010p3/82-FaceId-0_align.webp,0.013896,1.0,0.0482916330373957
database3/database3/m.010wty2t/83-FaceId-1_align.webp,0.168202,1.0,0.0769458244617932
database3/database3/m.0112yl/20-FaceId-0_align.webp,0.035573,1.0,0.0714261043760577
database3/database3/m.01167d3z/34-FaceId-0_align.webp,0.37993,1.0,0.0736526268115942
database3/database3/m.01167d3z/74-FaceId-0_align.webp,0.319357,1.0,0.0669932139394867
database3/database3/m.011_0k/17-FaceId-0_align.webp,0.022011,1.0,0.0526529369990869
database3/database3/m.011_0k/3-FaceId-0_align.webp,0.017225,1.0,0.0595285657211346
database3/database3/m.011_0k/43-FaceId-0_align.webp,0.025252,1.0,0.056394998997125
database3/database3/m.011_0k/77-FaceId-0_align.webp,0.126436,1.0,0.1390455618224729
database3/database3/m.011_2h/101-FaceId-0_align.webp,0.183945,0.0,0.0661922402027685
database3/database3/m.011_2h/18-FaceId-0_align.webp,0.139464,0.0,0.1048307591192901
database3/database3/m.011_2h/21-FaceId-0_align.webp,0.028243,0.0,0.0565869597504826
database3/database3/m.011_3d/107-FaceId-0_align.webp,0.091414,1.0,0.0642252894033837
database3/database3/m.011_3d/31-FaceId-0_align.webp,0.156269,1.0,0.0650066374351341
database3/database3/m.011_3d/35-FaceId-0_align.webp,0.154662,1.0,0.308119361554476
database3/database3/m.011_3s/106-FaceId-0_align.webp,0.132155,0.0,0.05871434524035
database3/database3/m.011_3s/93-FaceId-0_align.webp,0.255275,0.0,0.0709095226786986
database3/database3/m.011_8/14-FaceId-0_align.webp,0.108434,1.0,0.0543895439300162
database3/database3/m.011_nf/83-FaceId-0_align.webp,0.036792,1.0,0.0537997508360107
database3/database3/m.011_pk/73-FaceId-0_align.webp,0.106935,1.0,0.066955586911241
database3/database3/m.011_pk/98-FaceId-0_align.webp,0.021278,1.0,0.0422754414940922
database3/database3/m.011_r9/15-FaceId-0_align.webp,0.000453,1.0,0.045229302780671
database3/database3/m.011_r9/35-FaceId-0_align.webp,0.0,1.0,0.0232565703877179
database3/database3/m.011h_w/16-FaceId-0_align.webp,0.023388,1.0,0.0949688479129902
database3/database3/m.011h_w/57-FaceId-0_align.webp,0.034974,1.0,0.0753395128260401
database3/database3/m.011hdn/3-FaceId-0_align.webp,0.144586,1.0,0.086206048684534
database3/database3/m.011hm1/28-FaceId-0_align.webp,0.045589,0.0,0.0720539761021837
database3/database3/m.011hm1/59-FaceId-0_align.webp,0.308314,0.0,0.0549172597101946
database3/database3/m.011hmd/24-FaceId-0_align.webp,0.029049,1.0,0.0742148011294314
database3/database3/m.011jfg/102-FaceId-0_align.webp,0.016853,0.0,0.0536468738741689
database3/database3/m.011jfg/64-FaceId-0_align.webp,0.014724,0.0,0.0578899484449236
database3/database3/m.011kd9/42-FaceId-0_align.webp,0.092666,1.0,0.0
database3/database3/m.011kd9/48-FaceId-0_align.webp,0.021031,1.0,0.1094784831962542
database3/database3/m.011l17/115-FaceId-0_align.webp,0.008147,1.0,0.0539271666032229
database3/database3/m.011l17/73-FaceId-0_align.webp,0.013848,1.0,0.057649942598281
database3/database3/m.011l17/78-FaceId-0_align.webp,0.000371,1.0,0.0490539593552908
database3/database3/m.011lf5/30-FaceId-0_align.webp,0.003745,1.0,0.053482776474888
database3/database3/m.011lhy/14-FaceId-0_align.webp,0.06605,1.0,0.0310519420741422
database3/database3/m.011m1y/65-FaceId-0_align.webp,0.010331,1.0,0.0922752808988764
database3/database3/m.011m1y/93-FaceId-0_align.webp,0.010174,1.0,0.0443437932250278
database3/database3/m.011m33/35-FaceId-0_align.webp,0.10764,0.0,0.0466679408766564
database3/database3/m.011m33/96-FaceId-0_align.webp,0.077455,0.0,0.0660943860073348
database3/database3/m.011m33/98-FaceId-0_align.webp,0.093352,0.0,0.1002763904378606
database3/database3/m.011p3/100-FaceId-0_align.webp,0.261068,0.0,0.0727441703278134
database3/database3/m.011p3/38-FaceId-0_align.webp,0.260325,0.0,0.053027997565429
database3/database3/m.011qm2/8-FaceId-0_align.webp,0.02115,1.0,0.0492092439235851
database3/database3/m.011w1b/4-FaceId-0_align.webp,0.011173,0.0,0.0525428212419813
database3/database3/m.011w1b/5-FaceId-0_align.webp,0.149673,0.0,0.0537775042314202
database3/database3/m.011w1b/65-FaceId-0_align.webp,0.028609,0.0,0.0509792929469885
database3/database3/m.011w1b/75-FaceId-0_align.webp,0.102741,0.0,0.0535779282230472
database3/database3/m.011xgp/24-FaceId-0_align.webp,0.060348,1.0,0.060684180374826
database3/database3/m.011xgp/72-FaceId-0_align.webp,0.024118,1.0,0.0922028717883409
database3/database3/m.011xjd/62-FaceId-0_align.webp,0.025855,1.0,0.0610649247822644
database3/database3/m.011xl3/35-FaceId-0_align.webp,0.101991,1.0,0.066656856974691
database3/database3/m.011xl3/86-FaceId-0_align.webp,0.095741,1.0,0.103430398340966
database3/database3/m.011xl3/92-FaceId-0_align.webp,0.15032,1.0,0.064459109120905
database3/database3/m.011xl3/99-FaceId-0_align.webp,0.04585,1.0,0.0522138280577603
database3/database3/m.011xll/89-FaceId-0_align.webp,0.057752,1.0,0.0896394575324341
database3/database3/m.011ybj/52-FaceId-0_align.webp,0.042728,1.0,0.0502214203706741
database3/database3/m.011ybj/61-FaceId-0_align.webp,0.033422,1.0,0.0479328756674294
database3/database3/m.011yx0/17-FaceId-0_align.webp,0.03676,1.0,0.0539548659176512
database3/database3/m.011yx0/7-FaceId-0_align.webp,0.025923,1.0,0.049139156009385
database3/database3/m.011z69/22-FaceId-0_align.webp,0.003956,1.0,0.0360603697928269
database3/database3/m.011z69/27-FaceId-0_align.webp,0.057013,1.0,0.0419966140571241
database3/database3/m.011z69/67-FaceId-0_align.webp,0.026898,1.0,0.0491391794046661
database3/database3/m.011zfk/22-FaceId-0_align.webp,0.214757,1.0,0.0386159792847224
database3/database3/m.011zfz/75-FaceId-0_align.webp,0.159958,0.0,0.0557589880159786
database3/database3/m.011zg9/22-FaceId-0_align.webp,0.107141,0.0,0.0456045510261809
database3/database3/m.011zg9/39-FaceId-0_align.webp,0.053582,0.0,0.0459450726978998
database3/database3/m.011zgs/52-FaceId-0_align.webp,0.127677,0.0,0.0873673970445175
database3/database3/m.011zkh/84-FaceId-0_align.webp,0.008351,1.0,0.0482056141182044
database3/database3/m.011zwl/37-FaceId-0_align.webp,0.073722,1.0,0.0479234242828976
database3/database3/m.01200d/24-FaceId-0_align.webp,0.036817,1.0,0.0413497930741749
database3/database3/m.01200d/80-FaceId-0_align.webp,0.017066,1.0,0.0487608625683939
database3/database3/m.012052/1-FaceId-0_align.webp,0.109494,1.0,0.0513337015497579
database3/database3/m.012052/30-FaceId-0_align.webp,0.193814,1.0,0.133498364424012
database3/database3/m.012052/63-FaceId-0_align.webp,0.135953,1.0,0.0727547116835714
database3/database3/m.0122lq/12-FaceId-0_align.webp,0.034174,1.0,0.0366545585542313
database3/database3/m.0122lq/62-FaceId-0_align.webp,0.002899,1.0,0.0814785798226558
database3/database3/m.0122lq/73-FaceId-0_align.webp,0.026793,1.0,0.0472177591238482
database3/database3/m.0122m5/94-FaceId-0_align.webp,0.003731,1.0,0.1039677252202235
database3/database3/m.01233w/1-FaceId-0_align.webp,0.049894,1.0,0.0476905170301396
database3/database3/m.01233w/25-FaceId-0_align.webp,0.043404,1.0,0.0520406722214376
database3/database3/m.01239/57-FaceId-0_align.webp,0.01656,1.0,0.0605924452004236
database3/database3/m.01239/68-FaceId-0_align.webp,0.012855,1.0,0.0515888456549935
database3/database3/m.0123x2/101-FaceId-0_align.webp,0.244668,1.0,0.0610559433684003
database3/database3/m.01241v/54-FaceId-0_align.webp,0.010871,1.0,0.0440105011651573
database3/database3/m.0124t/70-FaceId-0_align.webp,0.066352,0.0,0.0752930925221799
database3/database3/m.01257s/41-FaceId-1_align.webp,0.025408,1.0,0.0516176517648564
database3/database3/m.0126rp/46-FaceId-0_align.webp,0.064149,1.0,0.0467286752801498
database3/database3/m.0126rp/48-FaceId-0_align.webp,0.020111,1.0,0.0480697847067557
database3/database3/m.0126y2/49-FaceId-0_align.webp,0.042913,1.0,0.0508051082731815
database3/database3/m.0126y2/81-FaceId-0_align.webp,0.011658,1.0,0.0998856421783193
database3/database3/m.0126y2/92-FaceId-0_align.webp,0.2594,1.0,0.0780437044745057
database3/database3/m.01270s/15-FaceId-0_align.webp,0.00523,1.0,0.0371738922689771
database3/database3/m.01270s/43-FaceId-0_align.webp,0.024273,1.0,0.0517128818334879
database3/database3/m.01271_/40-FaceId-0_align.webp,0.046844,0.0,0.0557597560021897
database3/database3/m.01271_/42-FaceId-0_align.webp,0.082785,0.0,0.0590760505690992
database3/database3/m.01271_/92-FaceId-0_align.webp,0.131196,0.0,0.0544199527114636
database3/database3/m.0127fx/6-FaceId-0_align.webp,0.010653,1.0,0.0500452761847268
database3/database3/m.0127gn/12-FaceId-0_align.webp,0.02417,1.0,0.0417796556725736
database3/database3/m.0127tk/114-FaceId-0_align.webp,0.088119,1.0,0.0464971887827256
database3/database3/m.0127tk/121-FaceId-0_align.webp,0.110272,1.0,0.0640046712181099
database3/database3/m.0127tk/32-FaceId-0_align.webp,0.044592,1.0,0.0541818463684985
database3/database3/m.0127tk/61-FaceId-0_align.webp,0.157887,1.0,0.0619512595388528
database3/database3/m.0127tk/75-FaceId-0_align.webp,0.118857,1.0,0.0657557265410807
database3/database3/m.0127tk/83-FaceId-0_align.webp,0.180049,1.0,0.0522143146871197
database3/database3/m.0127zt/62-FaceId-0_align.webp,0.099007,0.0,0.0559506695921918
database3/database3/m.012801/76-FaceId-0_align.webp,0.060329,1.0,0.05030265080359
database3/database3/m.012981/36-FaceId-0_align.webp,0.038673,1.0,0.0380291229258381
database3/database3/m.012_53/112-FaceId-0_align.webp,0.081654,0.0,0.0480630827961699
database3/database3/m.012_53/73-FaceId-0_align.webp,0.056783,0.0,0.0503039054367171
database3/database3/m.012_jj/10-FaceId-0_align.webp,0.005143,1.0,0.0442938600115692
database3/database3/m.012_jj/103-FaceId-0_align.webp,0.04174,1.0,0.0336827773995915
database3/database3/m.012_jj/83-FaceId-0_align.webp,0.123978,1.0,0.0466023810197098
database3/database3/m.012c6j/57-FaceId-0_align.webp,0.0,1.0,0.0231388035688167
database3/database3/m.012c6x/43-FaceId-0_align.webp,0.000386,1.0,0.0590086786456423
database3/database3/m.012c8f/13-FaceId-0_align.webp,0.010098,1.0,0.0688609641882559
database3/database3/m.012c8f/85-FaceId-0_align.webp,0.121074,1.0,0.0842848126685409
database3/database3/m.012ck8/1-FaceId-0_align.webp,0.250793,0.0,0.0932403433476394
database3/database3/m.012cm5/19-FaceId-0_align.webp,0.050828,1.0,0.0505659926525492
database3/database3/m.012cm5/75-FaceId-0_align.webp,0.032775,1.0,0.0222017382143797
database3/database3/m.012cm5/90-FaceId-0_align.webp,0.082057,1.0,0.0531510727056019
database3/database3/m.012cnn/11-FaceId-0_align.webp,0.107545,0.0,0.0438268305718866
database3/database3/m.012cph/108-FaceId-0_align.webp,0.01551,1.0,0.0441433566433566
database3/database3/m.012cph/17-FaceId-0_align.webp,0.005549,1.0,0.0626764324406805
database3/database3/m.012cph/68-FaceId-0_align.webp,0.017584,1.0,0.0585735765182715
database3/database3/m.012cyp/33-FaceId-0_align.webp,0.012748,0.0,0.0409634658907209
database3/database3/m.012cyp/43-FaceId-0_align.webp,0.207358,0.0,0.0517228379702933
database3/database3/m.012cyp/7-FaceId-0_align.webp,0.030272,0.0,0.0450046111281893
database3/database3/m.012czd/35-FaceId-0_align.webp,0.035058,0.0,0.0390311206500076
database3/database3/m.012czd/90-FaceId-0_align.webp,0.001711,0.0,0.0500032575412078
database3/database3/m.012dtw/86-FaceId-0_align.webp,0.075626,1.0,0.085806252480268
database3/database3/m.012fgx/58-FaceId-0_align.webp,0.039289,1.0,0.0397816858702243
database3/database3/m.012g8l/75-FaceId-0_align.webp,0.015517,1.0,0.0698411456295484
database3/database3/m.012gbb/1-FaceId-0_align.webp,0.057132,0.0,0.0658234198079403
database3/database3/m.012gbb/104-FaceId-0_align.webp,0.023381,0.0,0.0475750292722006
database3/database3/m.012gbb/86-FaceId-0_align.webp,0.070682,0.0,0.0618213095366089
database3/database3/m.012gdw/54-FaceId-0_align.webp,0.06697,1.0,0.0357408522546137
database3/database3/m.012gl8/17-FaceId-0_align.webp,0.06567,0.0,0.0545230808064872
database3/database3/m.012gl8/38-FaceId-0_align.webp,0.063039,0.0,0.0519333710143963
database3/database3/m.012gq6/33-FaceId-0_align.webp,0.016946,1.0,0.040659473144855
database3/database3/m.012gr9/29-FaceId-0_align.webp,0.156273,0.0,0.0718365933875714
database3/database3/m.012gx2/64-FaceId-0_align.webp,0.000577,1.0,0.0508630122480674
database3/database3/m.012gx2/77-FaceId-0_align.webp,0.126437,1.0,0.06647064653606
database3/database3/m.012gx2/8-FaceId-0_align.webp,0.019361,1.0,0.0393007762361713
database3/database3/m.012gx2/99-FaceId-0_align.webp,0.025003,1.0,0.0582221297589681
database3/database3/m.012h65/109-FaceId-0_align.webp,0.210562,1.0,0.1657397580131606
database3/database3/m.012hqb/33-FaceId-0_align.webp,0.004406,1.0,0.0637447610383703
database3/database3/m.012hr4/21-FaceId-0_align.webp,0.126033,1.0,0.0522480058013052
database3/database3/m.012hr4/67-FaceId-0_align.webp,0.183915,1.0,0.0491182190035539
database3/database3/m.012hr4/74-FaceId-0_align.webp,0.037244,1.0,0.0514900307296505
database3/database3/m.012hsb/101-FaceId-0_align.webp,0.192286,1.0,0.049851473836545
database3/database3/m.012hsb/74-FaceId-0_align.webp,0.057902,1.0,0.0554317644235713
database3/database3/m.012hz4/77-FaceId-0_align.webp,0.118119,0.0,0.0715337681464338
database3/database3/m.012j2r/108-FaceId-0_align.webp,0.027644,1.0,0.0449672881407992
database3/database3/m.012j2r/38-FaceId-0_align.webp,0.010758,1.0,0.0533604522477791
database3/database3/m.012j2r/9-FaceId-0_align.webp,0.029992,1.0,0.042329561771294
database3/database3/m.012kdb/7-FaceId-0_align.webp,0.154185,0.0,0.0524952754252117
database3/database3/m.012kk4/31-FaceId-1_align.webp,0.026924,1.0,0.0466820112166499
database3/database3/m.012l22/20-FaceId-0_align.webp,0.182682,1.0,0.1225137816979051
database3/database3/m.012l22/56-FaceId-0_align.webp,0.079127,1.0,0.0953707388247778
database3/database3/m.012lyg/82-FaceId-0_align.webp,0.015571,1.0,0.0429519604689921
database3/database3/m.012m1c/109-FaceId-0_align.webp,0.052592,0.0,0.0497994325408472
database3/database3/m.012m1c/113-FaceId-0_align.webp,0.018979,0.0,0.0507022850468689
database3/database3/m.012m1c/56-FaceId-0_align.webp,0.076711,0.0,0.037079365079365
database3/database3/m.012m7r/99-FaceId-0_align.webp,0.002972,1.0,0.1659618606877842
database3/database3/m.012mh_/3-FaceId-0_align.webp,0.065168,1.0,0.04651850975054
database3/database3/m.012mh_/6-FaceId-0_align.webp,0.002681,1.0,0.0410294545572116
database3/database3/m.012mk7/90-FaceId-0_align.webp,0.032433,1.0,0.0399302804626842
database3/database3/m.012ml0/96-FaceId-0_align.webp,0.031451,1.0,0.0482394681136519
database3/database3/m.012mmb/47-FaceId-0_align.webp,0.146313,0.0,0.0759820946206683
database3/database3/m.012mn4/43-FaceId-0_align.webp,0.005783,1.0,0.0458284762697751
database3/database3/m.012nry/108-FaceId-0_align.webp,0.006878,1.0,0.0340205583459876
database3/database3/m.012nry/28-FaceId-0_align.webp,0.006764,1.0,0.0723839245907903
database3/database3/m.012nry/3-FaceId-0_align.webp,0.008173,1.0,0.0513948339483394
database3/database3/m.012nry/57-FaceId-0_align.webp,0.00436,1.0,0.0554521461314071
database3/database3/m.012pjh/2-FaceId-0_align.webp,0.0,1.0,0.0596419975932611
database3/database3/m.012q4n/50-FaceId-0_align.webp,0.004622,1.0,0.0844164919636617
database3/database3/m.012qfw/20-FaceId-1_align.webp,0.162552,0.0,0.0399711782775228
database3/database3/m.012qfw/41-FaceId-0_align.webp,0.211858,0.0,0.0410703897614892
database3/database3/m.012qgc/82-FaceId-0_align.webp,0.002042,1.0,0.055045871559633
database3/database3/m.012rng/35-FaceId-0_align.webp,0.036379,1.0,0.0796303709634374
database3/database3/m.012rng/47-FaceId-0_align.webp,0.022161,1.0,0.1992810065907729
database3/database3/m.012rng/48-FaceId-0_align.webp,0.01786,1.0,0.0507602474417529
database3/database3/m.012rth/93-FaceId-0_align.webp,0.046323,1.0,0.1993902215038754
database3/database3/m.012s1x/11-FaceId-0_align.webp,0.049377,1.0,0.0522163150587518
database3/database3/m.012s5j/122-FaceId-0_align.webp,0.205872,0.0,0.0698977106673161
database3/database3/m.012s9f/0-FaceId-0_align.webp,0.000412,1.0,0.0409630383180739
database3/database3/m.012st7/14-FaceId-0_align.webp,0.003821,1.0,0.1119710309571144
database3/database3/m.012t1d/17-FaceId-0_align.webp,0.167599,1.0,0.0470576067845692
database3/database3/m.012t1d/37-FaceId-0_align.webp,0.016467,1.0,0.0504490919819052
database3/database3/m.012t1d/80-FaceId-0_align.webp,0.014504,1.0,0.0756937222921569
database3/database3/m.012t3l/22-FaceId-0_align.webp,0.012766,1.0,0.0
database3/database3/m.012t7s/3-FaceId-0_align.webp,0.014581,1.0,0.0429466512561591
database3/database3/m.012tmz/123-FaceId-0_align.webp,0.001629,1.0,0.0407536720443053
database3/database3/m.012v1t/29-FaceId-0_align.webp,0.118114,0.0,0.050671344713582
database3/database3/m.012v1t/67-FaceId-0_align.webp,0.072956,0.0,0.0476827946707464
database3/database3/m.012v1t/93-FaceId-0_align.webp,0.033657,0.0,0.05095583606666
database3/database3/m.012vby/3-FaceId-0_align.webp,0.002151,1.0,0.1126866608106412
database3/database3/m.012vby/36-FaceId-0_align.webp,0.0,1.0,0.0362365554914667
database3/database3/m.012vd6/49-FaceId-0_align.webp,0.124288,0.0,0.0628421804332301
database3/database3/m.012vd6/5-FaceId-0_align.webp,0.104381,0.0,0.0522576570887275
database3/database3/m.012vd6/75-FaceId-1_align.webp,0.054381,0.0,0.1075683839570397
database3/database3/m.012vf6/90-FaceId-0_align.webp,0.069167,0.0,0.06403782099495
database3/database3/m.012vhn/10-FaceId-0_align.webp,0.009813,1.0,0.0408463610362924
database3/database3/m.012vhn/4-FaceId-0_align.webp,0.005793,1.0,0.0217553389785375
database3/database3/m.012vq0/30-FaceId-0_align.webp,0.028246,1.0,0.0482871660383543
database3/database3/m.012vq0/67-FaceId-0_align.webp,0.017872,1.0,0.0543895768675291
database3/database3/m.012vqh/80-FaceId-0_align.webp,0.078239,0.0,0.0600007757049218
database3/database3/m.012w05/52-FaceId-0_align.webp,0.000408,1.0,0.0790677190961753
database3/database3/m.012w3k/19-FaceId-0_align.webp,0.109411,1.0,0.0841476140783606
database3/database3/m.012w3k/33-FaceId-0_align.webp,0.07009,1.0,0.0546425776598278
database3/database3/m.012w3k/4-FaceId-0_align.webp,0.071086,1.0,0.0613248710829036
database3/database3/m.012wfh/73-FaceId-0_align.webp,0.055456,0.0,0.1443509736233535
database3/database3/m.012wfh/77-FaceId-0_align.webp,0.055,0.0,0.0567020176882729
database3/database3/m.012wgv/56-FaceId-0_align.webp,0.072911,1.0,0.062512685203978
database3/database3/m.012x2b/18-FaceId-0_align.webp,0.0,1.0,0.0581153115617915
database3/database3/m.012x2b/46-FaceId-0_align.webp,0.039092,1.0,0.0546885601845569
database3/database3/m.012x2b/54-FaceId-0_align.webp,0.049838,1.0,0.0460812772133526
database3/database3/m.012x2b/72-FaceId-0_align.webp,0.008788,1.0,0.0446183527621532
database3/database3/m.012x5/81-FaceId-0_align.webp,0.058123,0.0,0.0623295970917903
database3/database3/m.012xdy/81-FaceId-0_align.webp,0.012382,1.0,0.0627922928228471
database3/database3/m.012xls/57-FaceId-0_align.webp,0.114584,1.0,0.3036026582721231
database3/database3/m.012xls/70-FaceId-0_align.webp,0.126797,1.0,0.0383981751362311
database3/database3/m.012xls/74-FaceId-0_align.webp,0.018384,1.0,0.1243826420522656
database3/database3/m.012y1h/86-FaceId-0_align.webp,0.123838,1.0,0.0671352502662406
database3/database3/m.012ycy/16-FaceId-0_align.webp,0.002336,1.0,0.0642591786873724
database3/database3/m.012ycy/21-FaceId-0_align.webp,0.164069,1.0,0.0546322367969232
database3/database3/m.012ycy/73-FaceId-0_align.webp,0.017165,1.0,0.0664198445020362
database3/database3/m.012ycy/99-FaceId-0_align.webp,0.136797,1.0,0.0238095238095238
database3/database3/m.012yg1/19-FaceId-0_align.webp,0.003406,1.0,0.0889312114658316
database3/database3/m.012yg1/21-FaceId-0_align.webp,0.007301,1.0,0.040851040098154
database3/database3/m.012yg1/66-FaceId-0_align.webp,0.007466,1.0,0.0863516528087609
database3/database3/m.012yhd/22-FaceId-0_align.webp,0.043044,1.0,0.0622572253305299
database3/database3/m.012yhd/41-FaceId-0_align.webp,0.014599,1.0,0.0613380422469514
database3/database3/m.012yhd/87-FaceId-0_align.webp,0.016417,1.0,0.0660947684825559
database3/database3/m.012ysy/40-FaceId-0_align.webp,0.005784,1.0,0.0535388544326888
database3/database3/m.012yxk/51-FaceId-0_align.webp,0.111796,1.0,0.0725198003077962
database3/database3/m.012z8_/39-FaceId-0_align.webp,0.076699,1.0,0.0417102554584416
database3/database3/m.012zrl/119-FaceId-0_align.webp,0.19435,0.0,0.0409260321100917
database3/database3/m.012zrl/22-FaceId-0_align.webp,0.184216,0.0,0.0568999345977763
database3/database3/m.012zrl/34-FaceId-0_align.webp,0.221002,0.0,0.0846678095078814
database3/database3/m.01300z/111-FaceId-0_align.webp,0.011168,1.0,0.048302574618364
database3/database3/m.01300z/46-FaceId-0_align.webp,0.004916,1.0,0.0512471942082134
database3/database3/m.01306d/26-FaceId-0_align.webp,0.043181,1.0,0.0660150213821109
database3/database3/m.0130py/108-FaceId-0_align.webp,0.041408,1.0,0.1171084891204413
database3/database3/m.0130py/9-FaceId-0_align.webp,0.045214,1.0,0.0434129441702179
database3/database3/m.0130sy/65-FaceId-0_align.webp,0.067207,1.0,0.0612838186336568
database3/database3/m.013107/34-FaceId-0_align.webp,0.131929,0.0,0.0534467261287423
database3/database3/m.0131kb/28-FaceId-0_align.webp,0.0,1.0,0.0250869061413673
database3/database3/m.0131kb/47-FaceId-0_align.webp,0.0,1.0,0.0455138015076801
database3/database3/m.0131kb/76-FaceId-0_align.webp,0.081559,1.0,0.0940667441208285
database3/database3/m.013267/23-FaceId-0_align.webp,0.049038,1.0,0.0481469947056991
database3/database3/m.0132k4/103-FaceId-0_align.webp,0.076004,1.0,0.080379570192576
database3/database3/m.0132k4/97-FaceId-0_align.webp,0.101202,1.0,0.065464417296878
database3/database3/m.0132kn/100-FaceId-0_align.webp,0.045478,1.0,0.0571811116190973
database3/database3/m.0132q1/29-FaceId-0_align.webp,0.017581,0.0,0.0525946000200742
database3/database3/m.013339/106-FaceId-0_align.webp,0.058305,1.0,0.0466890923814863
database3/database3/m.013339/23-FaceId-0_align.webp,0.255508,1.0,0.0682910419069588
database3/database3/m.013339/80-FaceId-0_align.webp,0.066481,1.0,0.0738267836703548
database3/database3/m.01338h/81-FaceId-0_align.webp,0.088482,0.0,0.0437452277933316
database3/database3/m.0133c4/15-FaceId-0_align.webp,0.207364,1.0,0.0505560013756735
database3/database3/m.0133x7/100-FaceId-0_align.webp,0.144974,0.0,0.0534216831386642
database3/database3/m.0133yt/45-FaceId-0_align.webp,0.102482,1.0,0.0779547359597652
database3/database3/m.01341q/51-FaceId-0_align.webp,0.043853,1.0,0.0959013710586609
database3/database3/m.013423/105-FaceId-0_align.webp,0.016474,0.0,0.0915860014892032
database3/database3/m.013423/43-FaceId-0_align.webp,0.10846,0.0,0.0494616304905144
database3/database3/m.0134cp/27-FaceId-0_align.webp,0.030912,1.0,0.067444788511927
database3/database3/m.0134cp/34-FaceId-1_align.webp,0.031754,1.0,0.0592209582902447
database3/database3/m.0134cp/53-FaceId-0_align.webp,0.019724,1.0,0.0534724055980987
database3/database3/m.0134dc/38-FaceId-0_align.webp,0.000768,1.0,0.0652614388967853
database3/database3/m.0134dc/73-FaceId-0_align.webp,0.003398,1.0,0.1001680902884978
database3/database3/m.0134fr/66-FaceId-0_align.webp,0.01299,1.0,0.050975534221121
database3/database3/m.0134fr/82-FaceId-0_align.webp,0.004786,1.0,0.0667063728409767
database3/database3/m.0134wr/11-FaceId-2_align.webp,0.000566,1.0,0.0258915193287383
database3/database3/m.0134wr/30-FaceId-2_align.webp,0.080915,1.0,0.046974716652136
database3/database3/m.0134wr/52-FaceId-2_align.webp,0.028557,1.0,0.0722088704391522
database3/database3/m.0134wr/65-FaceId-1_align.webp,0.001253,1.0,0.0452659944893571
database3/database3/m.0134wr/69-FaceId-2_align.webp,0.064238,1.0,0.0504512037908086
database3/database3/m.0134wr/89-FaceId-1_align.webp,0.188914,1.0,0.030916225900017
database3/database3/m.0135nb/89-FaceId-0_align.webp,0.051256,1.0,0.0537764350453172
database3/database3/m.01368v/100-FaceId-0_align.webp,0.078994,0.0,0.0476010339827249
database3/database3/m.01368v/58-FaceId-0_align.webp,0.186435,0.0,0.0475349062813983
database3/database3/m.01368v/59-FaceId-1_align.webp,0.101878,0.0,0.0420432220039292
database3/database3/m.0136ms/38-FaceId-0_align.webp,0.015722,1.0,0.0454210881432865
database3/database3/m.0136p1/103-FaceId-0_align.webp,0.341015,0.0,0.0748455024032959
database3/database3/m.0136p1/13-FaceId-0_align.webp,0.259257,0.0,0.0628865979381443
database3/database3/m.0136p1/66-FaceId-0_align.webp,0.075301,0.0,0.0520349631248292
database3/database3/m.0136pk/68-FaceId-0_align.webp,0.195786,1.0,0.0715204114432658
database3/database3/m.0136pk/87-FaceId-0_align.webp,0.172482,1.0,0.0640560593569662
database3/database3/m.0136tm/24-FaceId-0_align.webp,0.011359,1.0,0.0526981831329657
database3/database3/m.0137s4/92-FaceId-0_align.webp,0.014219,1.0,0.2977910646072081
database3/database3/m.01380_/30-FaceId-0_align.webp,0.062935,1.0,0.0835257504266639
database3/database3/m.01380_/84-FaceId-0_align.webp,0.019541,1.0,0.0543697379343057
database3/database3/m.013823/15-FaceId-0_align.webp,0.004502,1.0,0.0413771647827439
database3/database3/m.013823/5-FaceId-0_align.webp,0.029677,1.0,0.0382439137625859
database3/database3/m.013846/35-FaceId-0_align.webp,0.005272,1.0,0.0571512214162573
database3/database3/m.013846/71-FaceId-0_align.webp,0.036782,1.0,0.0533578656853725
database3/database3/m.01386_/97-FaceId-0_align.webp,0.01382,1.0,0.0440631110511765
database3/database3/m.01386m/93-FaceId-0_align.webp,0.049853,1.0,0.0597794088785963
database3/database3/m.01387g/36-FaceId-0_align.webp,0.020561,1.0,0.04366576819407
database3/database3/m.01387g/90-FaceId-0_align.webp,0.00159,1.0,0.034696219350163
database3/database3/m.01387y/2-FaceId-0_align.webp,0.062856,1.0,0.0619911241569696
database3/database3/m.01387y/32-FaceId-0_align.webp,0.048091,1.0,0.0619802713530619
database3/database3/m.01387y/46-FaceId-0_align.webp,0.0006,1.0,0.0422554676432989
database3/database3/m.01388c/29-FaceId-0_align.webp,0.136546,1.0,0.057384760112888
database3/database3/m.01388c/82-FaceId-0_align.webp,0.007483,1.0,0.059773931924133
database3/database3/m.01388c/92-FaceId-0_align.webp,0.007604,1.0,0.0499753055932831
database3/database3/m.01389w/75-FaceId-1_align.webp,0.011085,1.0,0.0348488740474355
database3/database3/m.01389w/76-FaceId-0_align.webp,0.018887,1.0,0.0503607937462417
database3/database3/m.0138b7/49-FaceId-0_align.webp,0.173256,1.0,0.0424703332231162
database3/database3/m.0138b7/63-FaceId-0_align.webp,0.091583,1.0,0.1183012329760657
database3/database3/m.0138m1/11-FaceId-0_align.webp,0.033355,1.0,0.0628125
database3/database3/m.0138m1/60-FaceId-0_align.webp,0.027664,1.0,0.0406076541045866
database3/database3/m.0139rh/103-FaceId-0_align.webp,0.008771,1.0,0.0456674114658259
database3/database3/m.0139rh/5-FaceId-0_align.webp,0.009412,1.0,0.0380988197176579
database3/database3/m.013_4m/89-FaceId-0_align.webp,0.106225,1.0,0.040385037469037
database3/database3/m.013_gz/96-FaceId-0_align.webp,0.14677,0.0,0.0560222989949748
database3/database3/m.013_tp/47-FaceId-0_align.webp,0.000171,1.0,0.0622639433830809
database3/database3/m.013b7z/45-FaceId-0_align.webp,0.025843,1.0,0.0576556295532001
database3/database3/m.013bym/61-FaceId-0_align.webp,0.110889,0.0,0.0536671342757454
database3/database3/m.013bym/65-FaceId-0_align.webp,0.249006,0.0,0.0430446807681819
database3/database3/m.013bym/66-FaceId-0_align.webp,0.288548,0.0,0.0632681112548512
database3/database3/m.013bym/71-FaceId-0_align.webp,0.115164,0.0,0.0520367839864091
database3/database3/m.013m5y/73-FaceId-0_align.webp,0.0,1.0,0.0565650343907196
database3/database3/m.013p_0/60-FaceId-0_align.webp,0.015459,1.0,0.0
database3/database3/m.013p_j/3-FaceId-0_align.webp,0.046784,1.0,0.0518030513176144
database3/database3/m.013p_j/43-FaceId-0_align.webp,0.026287,1.0,0.0504100184349373
database3/database3/m.013p_w/1-FaceId-0_align.webp,0.045903,0.0,0.062940012328456
database3/database3/m.013p_w/90-FaceId-1_align.webp,0.028906,0.0,0.0679509951268388
database3/database3/m.013pp3/83-FaceId-0_align.webp,0.052247,1.0,0.0801622941778933
database3/database3/m.013ppl/76-FaceId-0_align.webp,0.018885,1.0,0.0459701492537313
database3/database3/m.013q78/86-FaceId-0_align.webp,0.03,1.0,0.054556560913221
database3/database3/m.013q8x/26-FaceId-0_align.webp,0.110943,1.0,0.0558618537397274
database3/database3/m.013q8x/42-FaceId-0_align.webp,0.056383,1.0,0.0488598209289311
database3/database3/m.013q8x/99-FaceId-0_align.webp,0.005069,1.0,0.0513234443056867
database3/database3/m.013qb0/82-FaceId-0_align.webp,0.080376,1.0,0.0563352750302982
database3/database3/m.013qb0/94-FaceId-0_align.webp,0.14541,1.0,0.0504592444564006
database3/database3/m.013qjp/42-FaceId-0_align.webp,0.027503,1.0,0.0509530913310127
database3/database3/m.013qjp/83-FaceId-0_align.webp,0.014,1.0,0.0538638881403634
database3/database3/m.013qpt/31-FaceId-0_align.webp,0.020067,1.0,0.0490424874734024
database3/database3/m.013qq4/70-FaceId-0_align.webp,0.020855,1.0,0.0448022079116835
database3/database3/m.013qwl/61-FaceId-0_align.webp,0.006336,1.0,0.0484945671707816
database3/database3/m.013qwy/18-FaceId-0_align.webp,0.050242,1.0,0.052596626378005
database3/database3/m.013qy3/30-FaceId-0_align.webp,0.004735,1.0,0.0890611669572313
database3/database3/m.013qy3/92-FaceId-0_align.webp,0.026678,1.0,0.0447291720774536
database3/database3/m.013qyh/56-FaceId-1_align.webp,0.057576,1.0,0.115451593166094
database3/database3/m.013r6h/27-FaceId-0_align.webp,0.054123,1.0,0.0286054061003439
database3/database3/m.013r6h/46-FaceId-0_align.webp,0.123792,1.0,0.2285443683520326
database3/database3/m.013s1b/47-FaceId-0_align.webp,0.148289,1.0,0.0566081242073709
database3/database3/m.013s1t/21-FaceId-0_align.webp,0.005317,1.0,0.0505505505505505
database3/database3/m.013s3/75-FaceId-0_align.webp,0.061568,1.0,0.0848960267359821
database3/database3/m.013s6x/6-FaceId-0_align.webp,0.031839,1.0,0.0482672131648976
database3/database3/m.013s8s/33-FaceId-0_align.webp,0.074629,0.0,0.0478986909878284
database3/database3/m.013sjh/7-FaceId-0_align.webp,0.189385,1.0,0.076520483667208
database3/database3/m.013t9y/12-FaceId-0_align.webp,0.013435,1.0,0.0800796572325146
database3/database3/m.013tjc/54-FaceId-0_align.webp,0.0,1.0,0.0529371302792681
database3/database3/m.013tjc/56-FaceId-0_align.webp,0.015964,1.0,0.0522002180871645
database3/database3/m.013v12/3-FaceId-0_align.webp,0.018587,1.0,0.0485631015317879
database3/database3/m.013v12/7-FaceId-0_align.webp,0.019979,1.0,0.0546572156384981
database3/database3/m.013v5j/57-FaceId-0_align.webp,0.119854,0.0,0.0475871986088352
database3/database3/m.013vdl/109-FaceId-0_align.webp,0.167747,0.0,0.0388372170550388
database3/database3/m.013vdl/32-FaceId-0_align.webp,0.021263,0.0,0.0462235002600263
database3/database3/m.013vtr/20-FaceId-0_align.webp,0.015954,1.0,0.0509889545337785
database3/database3/m.013w7j/20-FaceId-0_align.webp,0.009375,1.0,0.0841254078592708
database3/database3/m.013w7j/32-FaceId-0_align.webp,0.001151,1.0,0.0561326035576564
database3/database3/m.013w7j/64-FaceId-0_align.webp,0.008592,1.0,0.0898518790549638
database3/database3/m.013w8h/4-FaceId-0_align.webp,0.094597,1.0,0.0470321229050279
database3/database3/m.013wt0/40-FaceId-1_align.webp,0.123008,0.0,0.0542545300413266
database3/database3/m.013wz9/26-FaceId-0_align.webp,0.18678,0.0,0.0507912584777694
database3/database3/m.013wz9/73-FaceId-0_align.webp,0.219059,0.0,0.0485196008160114
database3/database3/m.013xhr/100-FaceId-0_align.webp,0.00219,1.0,0.0648082205717773
database3/database3/m.013xhr/23-FaceId-0_align.webp,0.015916,1.0,0.0550119872999416
database3/database3/m.013xhr/24-FaceId-0_align.webp,0.064866,1.0,0.0506812347791746
database3/database3/m.013xhr/33-FaceId-0_align.webp,0.013765,1.0,0.1025304203539823
database3/database3/m.013xhr/42-FaceId-0_align.webp,0.02596,1.0,0.0756419829237411
database3/database3/m.013xs1/10-FaceId-0_align.webp,0.059547,1.0,0.0348754951895868
database3/database3/m.013y2b/23-FaceId-0_align.webp,0.154363,0.0,0.0520356279975478
database3/database3/m.013y2b/32-FaceId-0_align.webp,0.092369,0.0,0.0474335698960224
database3/database3/m.013y2b/66-FaceId-0_align.webp,0.108782,0.0,0.0502290970475763
database3/database3/m.013y2s/40-FaceId-0_align.webp,0.026989,0.0,0.045906336745963
database3/database3/m.013y2s/73-FaceId-0_align.webp,0.075667,0.0,0.0440748725319097
database3/database3/m.013yd0/51-FaceId-0_align.webp,0.167678,0.0,0.0540323121271033
database3/database3/m.013yd0/92-FaceId-0_align.webp,0.096098,0.0,0.0449681569844502
database3/database3/m.013ykk/37-FaceId-0_align.webp,0.042458,0.0,0.0579633544749823
database3/database3/m.013ykx/9-FaceId-0_align.webp,0.117351,0.0,0.0511802256532066
database3/database3/m.013ylm/42-FaceId-0_align.webp,0.120671,0.0,0.0563360689942968
database3/database3/m.013ylm/97-FaceId-0_align.webp,0.133134,0.0,0.0598077163191409
database3/database3/m.013yvd/37-FaceId-0_align.webp,0.027946,1.0,0.0400036926485521
database3/database3/m.013yvd/75-FaceId-0_align.webp,0.027604,1.0,0.0448896702230843
database3/database3/m.013yyq/27-FaceId-0_align.webp,0.014857,1.0,0.0625645565884609
database3/database3/m.013yyq/44-FaceId-0_align.webp,0.06122,1.0,0.0476080956761729
database3/database3/m.013yyq/48-FaceId-0_align.webp,0.11735,1.0,0.0746727224151749
database3/database3/m.013zjz/16-FaceId-0_align.webp,0.071353,1.0,0.0658986787065931
database3/database3/m.013zm7/89-FaceId-0_align.webp,0.144683,1.0,0.0533688191623476
database3/database3/m.013zpf/72-FaceId-0_align.webp,0.0,0.0,0.1684119615675267
database3/database3/m.013zpf/88-FaceId-0_align.webp,0.169008,0.0,0.0533109684947491
database3/database3/m.013zr7/15-FaceId-0_align.webp,0.062795,1.0,0.044789289517724
database3/database3/m.013zs9/83-FaceId-0_align.webp,0.33489,0.0,0.0692577163416019
database3/database3/m.013zyw/16-FaceId-0_align.webp,0.043076,1.0,0.0407471281166876
database3/database3/m.013zyw/19-FaceId-0_align.webp,0.020445,1.0,0.036722770899986
database3/database3/m.013zyw/21-FaceId-0_align.webp,0.01715,1.0,0.0387272466676221
database3/database3/m.01400g/101-FaceId-0_align.webp,0.057026,0.0,0.0595969033635878
database3/database3/m.01400g/117-FaceId-0_align.webp,0.219786,0.0,0.0777276078142277
database3/database3/m.01400g/31-FaceId-0_align.webp,0.04717,0.0,0.0521035150844173
database3/database3/m.01400g/47-FaceId-0_align.webp,0.103943,0.0,0.0525507369521879
database3/database3/m.014029/72-FaceId-0_align.webp,0.164078,0.0,0.0559294499883963
database3/database3/m.0140ly/8-FaceId-0_align.webp,0.018837,1.0,0.0437642066979845
database3/database3/m.0140v2/84-FaceId-0_align.webp,0.185102,1.0,0.1256002561092732
database3/database3/m.0141qv/12-FaceId-0_align.webp,0.026897,1.0,0.0494741655235482
database3/database3/m.0142n8/3-FaceId-0_align.webp,0.193323,1.0,0.0343802600007162
database3/database3/m.0142n8/5-FaceId-0_align.webp,0.020679,1.0,0.0556551268748231
database3/database3/m.0142sv/3-FaceId-0_align.webp,0.0,1.0,0.0280239458343136
database3/database3/m.0142sv/32-FaceId-0_align.webp,0.0,1.0,0.0324125114184017
database3/database3/m.01433m/64-FaceId-0_align.webp,0.03742,0.0,0.079978611259644
database3/database3/m.0143sn/66-FaceId-0_align.webp,0.02374,1.0,0.0529023490584352
database3/database3/m.0143wl/30-FaceId-0_align.webp,0.034923,1.0,0.0576182406408873
database3/database3/m.0143wl/81-FaceId-0_align.webp,0.051966,1.0,0.0615587411435162
database3/database3/m.014488/3-FaceId-0_align.webp,0.020128,1.0,0.044592401947071
database3/database3/m.01449w/57-FaceId-0_align.webp,0.017199,1.0,0.097074381244694
database3/database3/m.01449w/80-FaceId-0_align.webp,0.016942,1.0,0.0690289476231968
database3/database3/m.01449w/99-FaceId-0_align.webp,0.011762,1.0,0.0785009462016761
database3/database3/m.0144_b/77-FaceId-0_align.webp,0.037923,1.0,0.0390581958419114
database3/database3/m.0144_b/99-FaceId-0_align.webp,0.002226,1.0,0.04057468115545
database3/database3/m.0144k5/45-FaceId-0_align.webp,0.060457,0.0,0.049942218196583
database3/database3/m.0144k5/53-FaceId-0_align.webp,0.099321,0.0,0.0605760773966578
database3/database3/m.0144k5/58-FaceId-0_align.webp,0.088277,0.0,0.0499075163948209
database3/database3/m.0144k5/85-FaceId-0_align.webp,0.078258,0.0,0.0567452984020002
database3/database3/m.014508/74-FaceId-0_align.webp,0.033711,1.0,0.0485398708662449
database3/database3/m.0146fs/16-FaceId-0_align.webp,0.00871,1.0,0.0490848834084734
database3/database3/m.0147cn/44-FaceId-0_align.webp,0.171045,1.0,0.0558388128977812
database3/database3/m.0147cn/79-FaceId-0_align.webp,0.059428,1.0,0.0629801324503311
database3/database3/m.0147jt/99-FaceId-0_align.webp,0.019999,1.0,0.0548514916331008
database3/database3/m.0147qz/78-FaceId-0_align.webp,0.010623,1.0,0.0472341195632502
database3/database3/m.01480y/76-FaceId-0_align.webp,0.0,1.0,0.0319495761790915
database3/database3/m.0148_m/52-FaceId-0_align.webp,0.01178,1.0,0.0517824528174254
database3/database3/m.0148m9/58-FaceId-0_align.webp,0.040365,1.0,0.0400869261515774
database3/database3/m.0148qq/63-FaceId-1_align.webp,0.082134,1.0,0.0452839870433918
database3/database3/m.0148x0/17-FaceId-0_align.webp,0.195787,0.0,0.0625125547386605
database3/database3/m.014902/18-FaceId-0_align.webp,0.02167,1.0,0.0574844938934714
database3/database3/m.01491d/96-FaceId-0_align.webp,0.018562,1.0,0.0411241806590643
database3/database3/m.014936/66-FaceId-0_align.webp,0.009581,0.0,0.0550248974350944
database3/database3/m.0149k5/29-FaceId-0_align.webp,0.022158,1.0,0.0500247811002808
database3/database3/m.0149k5/81-FaceId-0_align.webp,0.042078,1.0,0.1184454830654971
database3/database3/m.0149vp/23-FaceId-0_align.webp,0.153482,1.0,0.0
database3/database3/m.0149vp/3-FaceId-0_align.webp,0.055794,1.0,0.0506678631829634
database3/database3/m.0149vp/63-FaceId-0_align.webp,0.126629,1.0,0.054619594377079
database3/database3/m.0149wl/102-FaceId-0_align.webp,0.022928,1.0,0.0750099088386841
database3/database3/m.0149wl/45-FaceId-0_align.webp,0.024169,1.0,0.0861767279090113
database3/database3/m.0149xx/94-FaceId-0_align.webp,0.042337,1.0,0.0712317759155091
database3/database3/m.014_1g/72-FaceId-0_align.webp,0.019311,0.0,0.0535995392589748
database3/database3/m.014_1g/8-FaceId-0_align.webp,0.209769,0.0,0.0651168656465444
database3/database3/m.014_4y/6-FaceId-0_align.webp,0.048047,1.0,0.0525286119534383
database3/database3/m.014_sl/106-FaceId-0_align.webp,0.23715,0.0,0.0668609947167061
database3/database3/m.014_sl/74-FaceId-0_align.webp,0.390836,0.0,0.051918619624002
database3/database3/m.014bn_/16-FaceId-0_align.webp,0.037637,1.0,0.0471416060157642
database3/database3/m.014bn_/85-FaceId-1_align.webp,0.012813,1.0,0.0480244423350735
database3/database3/m.014bps/75-FaceId-0_align.webp,0.000105,1.0,0.0596130041045019
database3/database3/m.014byr/85-FaceId-0_align.webp,0.140079,1.0,0.0553598389531957
database3/database3/m.014bz_/33-FaceId-0_align.webp,0.044503,1.0,0.0567668562144597
database3/database3/m.014c0y/76-FaceId-0_align.webp,0.175143,1.0,0.0534743087513786
database3/database3/m.014c40/62-FaceId-0_align.webp,0.041412,1.0,0.083241595393344
database3/database3/m.014c40/70-FaceId-0_align.webp,0.059838,1.0,0.0477727349134308
database3/database3/m.014cq/6-FaceId-0_align.webp,0.092137,1.0,0.0423049109197291
database3/database3/m.014cq/86-FaceId-0_align.webp,0.009035,1.0,0.0771965241815149
database3/database3/m.014cw2/26-FaceId-0_align.webp,0.010138,1.0,0.0458777675526444
database3/database3/m.014cw2/50-FaceId-0_align.webp,0.006571,1.0,0.0468379861465111
database3/database3/m.014d0v/117-FaceId-0_align.webp,0.00171,1.0,0.0473366486716485
database3/database3/m.014d0v/5-FaceId-0_align.webp,0.0,1.0,0.0320421821131616
database3/database3/m.014d0v/76-FaceId-0_align.webp,0.001899,1.0,0.0426142803173403
database3/database3/m.014d15/7-FaceId-0_align.webp,0.067756,1.0,0.0595303113052976
database3/database3/m.014d3/12-FaceId-0_align.webp,0.002261,1.0,0.0476953137512412
database3/database3/m.014d3/72-FaceId-0_align.webp,0.018566,1.0,0.0440045391501702
database3/database3/m.014d3y/82-FaceId-0_align.webp,0.033512,0.0,0.58004158004158
database3/database3/m.014dg1/103-FaceId-0_align.webp,0.026524,1.0,0.0471819232250609
database3/database3/m.014dg1/51-FaceId-0_align.webp,0.001679,1.0,0.0588667646665775
database3/database3/m.014dg1/65-FaceId-0_align.webp,0.0,1.0,0.031055900621118
database3/database3/m.014dg1/7-FaceId-0_align.webp,0.01106,1.0,0.0576671443703657
database3/database3/m.014dg1/86-FaceId-0_align.webp,0.019596,1.0,0.0543325964442507
database3/database3/m.014dm6/105-FaceId-0_align.webp,0.23153,1.0,0.0548811830295362
database3/database3/m.014dy_/50-FaceId-0_align.webp,0.069776,1.0,0.032798876470244
database3/database3/m.014dy_/73-FaceId-0_align.webp,0.01239,1.0,0.0450094533961678
database3/database3/m.014f8k/25-FaceId-0_align.webp,0.24634,0.0,0.0486297915265635
database3/database3/m.014f8k/9-FaceId-0_align.webp,0.182534,0.0,0.0516299081359742
database3/database3/m.014fcb/0-FaceId-0_align.webp,0.028343,1.0,0.0517972111682681
database3/database3/m.014fd7/98-FaceId-0_align.webp,0.096652,1.0,0.0465745561887581
database3/database3/m.014g17/1-FaceId-0_align.webp,0.005705,1.0,0.0571382688292917
database3/database3/m.014g17/9-FaceId-0_align.webp,0.079641,1.0,0.061823802163833
database3/database3/m.014g22/90-FaceId-0_align.webp,0.35161,0.0,0.0708100630219808
database3/database3/m.014g6c/86-FaceId-0_align.webp,0.02888,1.0,0.0540320744282879
database3/database3/m.014g6v/43-FaceId-0_align.webp,0.001902,1.0,0.0444780830300492
database3/database3/m.014g79/86-FaceId-0_align.webp,0.049609,1.0,0.053353428786737
database3/database3/m.014g8p/48-FaceId-0_align.webp,0.000256,1.0,0.0657946888624653
database3/database3/m.014g9y/12-FaceId-0_align.webp,0.038159,0.0,0.0565315315315315
database3/database3/m.014g_f/26-FaceId-0_align.webp,0.000817,1.0,0.0239144523655217
database3/database3/m.014g_f/35-FaceId-0_align.webp,0.001771,1.0,0.0474118393617985
database3/database3/m.014gf8/102-FaceId-0_align.webp,0.00204,1.0,0.1774538540758932
database3/database3/m.014gf8/28-FaceId-0_align.webp,0.018311,1.0,0.0388988983075878
database3/database3/m.014gf8/69-FaceId-0_align.webp,0.050273,1.0,0.0486237488626023
database3/database3/m.014gf8/9-FaceId-0_align.webp,0.034223,1.0,0.0491773693867115
database3/database3/m.014gsd/79-FaceId-0_align.webp,0.118598,1.0,0.0586022042420004
database3/database3/m.014h_s/80-FaceId-0_align.webp,0.173494,0.0,0.0592184218421842
database3/database3/m.014hlm/54-FaceId-0_align.webp,0.078394,0.0,0.0518791401919697
database3/database3/m.014hmv/53-FaceId-1_align.webp,0.0,1.0,0.0509554140127388
database3/database3/m.014j8m/72-FaceId-0_align.webp,0.0057,1.0,0.0556897872591195
database3/database3/m.014jb8/10-FaceId-0_align.webp,0.009911,1.0,0.0980465464062061
database3/database3/m.014jk0/16-FaceId-0_align.webp,0.026202,1.0,0.1394865707078201
database3/database3/m.014jk0/61-FaceId-0_align.webp,0.011335,1.0,0.4792332268370607
database3/database3/m.014jk0/74-FaceId-0_align.webp,0.003357,1.0,0.1799932712795783
database3/database3/m.014jxq/20-FaceId-0_align.webp,0.165895,0.0,0.0599286563614744
database3/database3/m.014jxq/43-FaceId-0_align.webp,0.136492,0.0,0.0402345603687885
database3/database3/m.014jy6/23-FaceId-0_align.webp,0.150311,1.0,0.1044076149596597
database3/database3/m.014jy6/50-FaceId-0_align.webp,0.042148,1.0,0.0529206907693964
database3/database3/m.014jy6/97-FaceId-0_align.webp,0.061362,1.0,0.0973297148792173
database3/database3/m.014k1v/95-FaceId-3_align.webp,0.133686,1.0,0.0731968476957341
database3/database3/m.014k2p/25-FaceId-0_align.webp,0.315824,1.0,0.0626200177977612
database3/database3/m.014kbz/16-FaceId-0_align.webp,0.028027,1.0,0.0510739856801909
database3/database3/m.014kbz/22-FaceId-0_align.webp,0.028933,1.0,0.0538022749519019
database3/database3/m.014kbz/81-FaceId-0_align.webp,0.006506,1.0,0.0548154315847904
database3/database3/m.014kxv/1-FaceId-0_align.webp,0.013313,1.0,0.0461170467230106
database3/database3/m.014kxv/11-FaceId-0_align.webp,0.053384,1.0,0.0413512273457215
database3/database3/m.014lb1/14-FaceId-2_align.webp,0.000111,0.0,0.0457978526471677
database3/database3/m.014lb1/47-FaceId-0_align.webp,0.167631,0.0,0.0509689503638066
database3/database3/m.014lb1/62-FaceId-1_align.webp,0.053145,0.0,0.0473236325841236
database3/database3/m.014lyb/65-FaceId-0_align.webp,0.056831,1.0,0.039121930015214
database3/database3/m.014m_1/70-FaceId-0_align.webp,0.018552,1.0,0.0474438244608656
database3/database3/m.014mvy/17-FaceId-0_align.webp,0.196734,1.0,0.0841495613661528
database3/database3/m.014mvy/58-FaceId-0_align.webp,0.218895,1.0,0.0913057706992473
database3/database3/m.014n_k/48-FaceId-0_align.webp,0.006557,1.0,0.0525862599175841
database3/database3/m.014n_k/70-FaceId-0_align.webp,0.029858,1.0,0.0413745146896911
database3/database3/m.014nfw/87-FaceId-0_align.webp,0.123499,0.0,0.0511386049847588
database3/database3/m.014p33/83-FaceId-2_align.webp,0.084076,0.0,0.0455664620334197
database3/database3/m.014p33/87-FaceId-0_align.webp,0.07546,0.0,0.0509470934030045
database3/database3/m.014ptb/14-FaceId-1_align.webp,0.016295,1.0,0.038145780801032
database3/database3/m.014ptb/5-FaceId-0_align.webp,0.001038,1.0,0.0841619929119499
database3/database3/m.014ptb/50-FaceId-0_align.webp,0.185526,1.0,0.0481463254593175
database3/database3/m.014pxk/118-FaceId-0_align.webp,0.227914,1.0,0.1070621144192819
database3/database3/m.014pys/19-FaceId-0_align.webp,0.047245,1.0,0.0884126154382296
database3/database3/m.014pzz/110-FaceId-0_align.webp,0.13041,0.0,0.0495000177929611
database3/database3/m.014qjt/47-FaceId-0_align.webp,0.002851,1.0,0.054253693326541
database3/database3/m.014r6r/81-FaceId-0_align.webp,0.091441,0.0,0.0430868405453467
database3/database3/m.014s81/3-FaceId-0_align.webp,0.077926,1.0,0.0570127823498511
database3/database3/m.014sj7/7-FaceId-0_align.webp,0.074577,1.0,0.0653209261430246
database3/database3/m.014skb/4-FaceId-0_align.webp,0.096076,0.0,0.0519606889169991
database3/database3/m.014skb/53-FaceId-0_align.webp,0.075066,0.0,0.0491263002506093
database3/database3/m.014skb/55-FaceId-0_align.webp,0.080414,0.0,0.0533886273630725
database3/database3/m.014v1q/8-FaceId-1_align.webp,0.038359,1.0,0.0669934149201671
database3/database3/m.014v6x/16-FaceId-0_align.webp,0.159906,0.0,0.0494395879429794
database3/database3/m.014v6x/20-FaceId-0_align.webp,0.306955,0.0,0.058818618242538
database3/database3/m.014v6x/88-FaceId-0_align.webp,0.075191,0.0,0.0427578503164949
database3/database3/m.014vbq/60-FaceId-0_align.webp,0.005701,1.0,0.0
database3/database3/m.014vnb/46-FaceId-0_align.webp,0.027126,1.0,0.0486183045410498
database3/database3/m.014vnb/51-FaceId-0_align.webp,0.043084,1.0,0.0501338602753697
database3/database3/m.014vtj/100-FaceId-0_align.webp,0.000679,1.0,0.0498583741966923
database3/database3/m.014wsb/38-FaceId-0_align.webp,0.106862,1.0,0.0521432210173932
database3/database3/m.014x0w/28-FaceId-0_align.webp,0.353028,0.0,0.1359744495786898
database3/database3/m.014x0w/74-FaceId-0_align.webp,0.177523,0.0,0.0533682248919551
database3/database3/m.014x0w/96-FaceId-0_align.webp,0.217684,0.0,0.0594693504117108
database3/database3/m.014xn7/100-FaceId-0_align.webp,0.007084,1.0,0.0361031998659742
database3/database3/m.014xn7/42-FaceId-0_align.webp,0.003105,1.0,0.0429412443726191
database3/database3/m.014xr2/5-FaceId-0_align.webp,0.387134,0.0,0.079822777454968
database3/database3/m.014xr2/87-FaceId-0_align.webp,0.341771,0.0,0.0691559552319046
database3/database3/m.014xzx/93-FaceId-0_align.webp,0.351892,1.0,0.0721077272069115
database3/database3/m.014y6/74-FaceId-0_align.webp,0.012495,1.0,0.0505313071297989
database3/database3/m.014y6/95-FaceId-0_align.webp,0.006882,1.0,0.0557024341325553
database3/database3/m.014y7g/1-FaceId-0_align.webp,0.005692,1.0,0.048762302415747
database3/database3/m.014z8v/77-FaceId-0_align.webp,0.004141,1.0,0.0469214794858842
database3/database3/m.014zfs/76-FaceId-0_align.webp,0.024924,1.0,0.0455435248057747
database3/database3/m.014zxh/99-FaceId-0_align.webp,0.008633,1.0,0.1087561549989295
database3/database3/m.014zy/105-FaceId-0_align.webp,0.175949,1.0,0.0736957080442045
database3/database3/m.014zy/22-FaceId-0_align.webp,0.048224,1.0,0.0583785807901142
database3/database3/m.014zy/56-FaceId-0_align.webp,0.135716,1.0,0.1257577051139759
database3/database3/m.015076/99-FaceId-0_align.webp,0.0064,1.0,0.0872423065431729
database3/database3/m.01507p/0-FaceId-0_align.webp,0.067522,1.0,0.0575669211362668
database3/database3/m.01509x/60-FaceId-0_align.webp,0.015557,1.0,0.0533138268916712
database3/database3/m.0150bp/103-FaceId-0_align.webp,0.041675,0.0,0.0428662054798658
database3/database3/m.0150j5/31-FaceId-0_align.webp,0.003889,1.0,0.0365949747570548
database3/database3/m.0150j5/4-FaceId-0_align.webp,0.006229,1.0,0.0443831640058055
database3/database3/m.0150j5/71-FaceId-0_align.webp,0.062123,1.0,0.0446297492512772
database3/database3/m.0150j5/81-FaceId-0_align.webp,0.001136,1.0,0.0283483733080028
database3/database3/m.0150j5/86-FaceId-0_align.webp,0.002669,1.0,0.0407257501744591
database3/database3/m.0150m1/111-FaceId-0_align.webp,0.023781,1.0,0.0646266053591247
database3/database3/m.0150m1/13-FaceId-0_align.webp,0.071346,1.0,0.0537338615023474
database3/database3/m.0150mg/0-FaceId-0_align.webp,0.057671,1.0,0.1616915422885572
database3/database3/m.0150mg/69-FaceId-0_align.webp,0.220147,1.0,0.064735196404143
database3/database3/m.0150mg/88-FaceId-0_align.webp,0.14546,1.0,0.0816336833602584
database3/database3/m.0150mg/97-FaceId-0_align.webp,0.078806,1.0,0.0585961898813241
database3/database3/m.0150rl/42-FaceId-0_align.webp,0.016396,0.0,0.0420470356670173
database3/database3/m.0150t6/36-FaceId-0_align.webp,0.017669,1.0,0.044973839474563
database3/database3/m.0150t6/41-FaceId-0_align.webp,0.022058,1.0,0.041444491465651
database3/database3/m.0150t6/63-FaceId-0_align.webp,0.015119,1.0,0.0500560006892392
database3/database3/m.01519n/21-FaceId-0_align.webp,0.389316,0.0,0.0971217150008161
database3/database3/m.01519n/69-FaceId-0_align.webp,0.017235,0.0,0.0576517291942348
database3/database3/m.0151fv/54-FaceId-0_align.webp,0.017876,0.0,0.0410104880345488
database3/database3/m.0151fv/90-FaceId-0_align.webp,0.296844,0.0,0.060980892332868
database3/database3/m.0151fv/94-FaceId-0_align.webp,0.121468,0.0,0.0788242351529694
database3/database3/m.0151n1/16-FaceId-0_align.webp,0.044648,1.0,0.0535140920442383
database3/database3/m.0151n1/26-FaceId-0_align.webp,0.101903,1.0,0.0603037194629887
database3/database3/m.0151n1/29-FaceId-0_align.webp,0.049938,1.0,0.0667636216051679
database3/database3/m.0151n1/36-FaceId-0_align.webp,0.038201,1.0,0.0613551602363114
database3/database3/m.0151n1/53-FaceId-0_align.webp,0.021607,1.0,0.0704116472331379
database3/database3/m.0151p8/29-FaceId-0_align.webp,0.003452,1.0,0.0362034157254324
database3/database3/m.0151xv/30-FaceId-0_align.webp,0.007121,1.0,0.0487881157154026
database3/database3/m.0151xv/44-FaceId-0_align.webp,0.021629,1.0,0.0532212885154061
database3/database3/m.0151xv/88-FaceId-0_align.webp,0.006779,1.0,0.0597385182701977
database3/database3/m.0151zx/92-FaceId-0_align.webp,0.043036,1.0,0.0782540453679136
database3/database3/m.0152cw/42-FaceId-0_align.webp,0.083199,0.0,0.0511182108626198
database3/database3/m.0152xn/72-FaceId-0_align.webp,0.043462,1.0,0.0571906044007056
database3/database3/m.015302/4-FaceId-0_align.webp,0.000416,1.0,0.0357595963768329
database3/database3/m.0153dp/1-FaceId-0_align.webp,0.039324,1.0,0.0509312412297486
database3/database3/m.0153dp/88-FaceId-0_align.webp,0.057869,1.0,0.0478924520375297
database3/database3/m.0153vt/1-FaceId-0_align.webp,0.335303,1.0,0.0552234037697959
database3/database3/m.0153vt/81-FaceId-0_align.webp,0.087285,1.0,0.0626535626535626
database3/database3/m.0153y1/16-FaceId-0_align.webp,0.166114,0.0,0.0553877139979859
database3/database3/m.01541z/117-FaceId-0_align.webp,0.111734,0.0,0.0496445898679905
database3/database3/m.01547g/3-FaceId-0_align.webp,0.153164,0.0,0.0531079812206572
database3/database3/m.01547g/73-FaceId-0_align.webp,0.246081,0.0,0.0522453997157235
database3/database3/m.0154d7/52-FaceId-0_align.webp,0.115018,1.0,0.062768002365814
database3/database3/m.0154ff/10-FaceId-0_align.webp,0.121913,0.0,0.0473386716910032
database3/database3/m.0154hr/101-FaceId-0_align.webp,0.090433,0.0,0.0758256405193266
database3/database3/m.0154hr/109-FaceId-0_align.webp,0.038439,0.0,0.048567950278721
database3/database3/m.0154hr/18-FaceId-0_align.webp,0.07836,0.0,0.072156764435531
database3/database3/m.0154hr/28-FaceId-0_align.webp,0.045785,0.0,0.0532681940700808
database3/database3/m.0154s9/24-FaceId-0_align.webp,0.052837,1.0,0.0463664444805722
database3/database3/m.0154x6/57-FaceId-0_align.webp,0.061779,0.0,0.065065110013471
database3/database3/m.01552j/40-FaceId-0_align.webp,0.017747,1.0,0.040241208430354
database3/database3/m.01558d/79-FaceId-0_align.webp,0.014812,1.0,0.0328081156917763
database3/database3/m.01558d/8-FaceId-0_align.webp,0.124089,1.0,0.045929914930149
database3/database3/m.0155zp/26-FaceId-0_align.webp,0.000547,1.0,0.0432818006138456
database3/database3/m.0155zp/7-FaceId-0_align.webp,0.015991,1.0,0.0460386991964259
database3/database3/m.0155zp/79-FaceId-0_align.webp,0.02849,1.0,0.069159002622929
database3/database3/m.0155zp/88-FaceId-0_align.webp,0.072148,1.0,0.0507166810101789
database3/database3/m.0156dg/11-FaceId-0_align.webp,0.153809,0.0,0.0655857378875782
database3/database3/m.0156dg/2-FaceId-0_align.webp,0.144571,0.0,0.0784842299842107
database3/database3/m.0156y1/31-FaceId-0_align.webp,0.047284,1.0,0.0502810841368047
database3/database3/m.01574b/45-FaceId-0_align.webp,0.070647,0.0,0.0559398496240601
database3/database3/m.015796/86-FaceId-0_align.webp,0.081944,0.0,0.0527542676803901
database3/database3/m.0157m/20-FaceId-0_align.webp,0.028257,1.0,0.0374390091329913
database3/database3/m.0157m/24-FaceId-0_align.webp,0.028454,1.0,0.0445986124876114
database3/database3/m.0157m/25-FaceId-0_align.webp,0.020124,1.0,0.0436152023277439
database3/database3/m.0157m/73-FaceId-0_align.webp,0.033963,1.0,0.0540374279608884
database3/database3/m.0157r6/22-FaceId-1_align.webp,0.0,1.0,0.0216955547694847
database3/database3/m.0157ry/29-FaceId-0_align.webp,0.027582,1.0,0.0395448079658605
database3/database3/m.015882/17-FaceId-0_align.webp,0.396178,0.0,0.0611734028683181
database3/database3/m.015882/20-FaceId-0_align.webp,0.380878,0.0,0.0689751310360209
database3/database3/m.015882/75-FaceId-0_align.webp,0.386665,0.0,0.074986493787142
database3/database3/m.0158r2/73-FaceId-0_align.webp,0.173377,0.0,0.0530372253784116
database3/database3/m.01598m/79-FaceId-0_align.webp,0.475474,0.0,0.0699378590690585
database3/database3/m.0159wm/104-FaceId-0_align.webp,0.007308,1.0,0.0325510976532929
database3/database3/m.0159wm/9-FaceId-0_align.webp,0.002891,1.0,0.0215254378881122
database3/database3/m.015_44/31-FaceId-0_align.webp,0.062168,0.0,0.0457399674879673
database3/database3/m.015_44/64-FaceId-0_align.webp,0.356589,0.0,0.0778748946925021
database3/database3/m.015_44/84-FaceId-0_align.webp,0.3229,0.0,0.0766129032258064
database3/database3/m.015b67/34-FaceId-0_align.webp,0.034996,1.0,0.0484429065743944
database3/database3/m.015bhj/103-FaceId-1_align.webp,0.041754,1.0,0.0
database3/database3/m.015bhj/70-FaceId-0_align.webp,0.00385,1.0,0.0434960657559891
database3/database3/m.015bnf/68-FaceId-0_align.webp,0.066968,0.0,0.0510732790525536
database3/database3/m.015brk/18-FaceId-0_align.webp,0.023166,1.0,0.0536579024342682
database3/database3/m.015bw2/110-FaceId-0_align.webp,0.01319,1.0,0.050716107514224
database3/database3/m.015bw2/40-FaceId-0_align.webp,0.013047,1.0,0.0596487817522032
database3/database3/m.015bw2/68-FaceId-0_align.webp,0.00956,1.0,0.0596433629457963
database3/database3/m.015c2f/3-FaceId-0_align.webp,0.072717,0.0,0.0479901168868193
database3/database3/m.015c2f/47-FaceId-0_align.webp,0.01548,0.0,0.0544291952588895
database3/database3/m.015c2f/49-FaceId-0_align.webp,0.031524,0.0,0.0539574299049952
database3/database3/m.015c2f/8-FaceId-0_align.webp,0.126031,0.0,0.0561413407624219
database3/database3/m.015c4g/7-FaceId-0_align.webp,0.000573,1.0,0.0459929108671219
database3/database3/m.015c4g/83-FaceId-0_align.webp,0.000391,1.0,0.0385467569126172
database3/database3/m.015cyn/17-FaceId-0_align.webp,0.046212,1.0,0.0494591969996316
database3/database3/m.015cyn/5-FaceId-0_align.webp,0.152464,1.0,0.0430252554203054
database3/database3/m.015czg/24-FaceId-0_align.webp,0.141052,1.0,0.0544907639504839
database3/database3/m.015d2r/66-FaceId-0_align.webp,0.064087,1.0,0.124289712492579
database3/database3/m.015d2r/86-FaceId-0_align.webp,0.029999,1.0,0.0540107680774211
database3/database3/m.015dcj/83-FaceId-0_align.webp,0.023385,1.0,0.0520244288622483
database3/database3/m.015dgg/80-FaceId-0_align.webp,0.001775,1.0,0.0559540434175447
database3/database3/m.015djp/24-FaceId-0_align.webp,0.0,1.0,0.0367471819645732
database3/database3/m.015djp/27-FaceId-0_align.webp,0.037685,1.0,0.0541156169111302
database3/database3/m.015dk3/22-FaceId-0_align.webp,0.027592,1.0,0.0388924549220983
database3/database3/m.015dnt/38-FaceId-0_align.webp,0.001692,1.0,0.0680925360104757
database3/database3/m.015dnt/42-FaceId-1_align.webp,0.102539,1.0,0.0271337095406567
database3/database3/m.015dqj/29-FaceId-0_align.webp,0.034796,1.0,0.0513496124268513
database3/database3/m.015dsz/54-FaceId-1_align.webp,0.002756,1.0,0.0375691843238105
database3/database3/m.015dx/106-FaceId-0_align.webp,0.065832,0.0,0.0510697032436162
database3/database3/m.015dx/112-FaceId-0_align.webp,0.282009,0.0,0.0579140227008669
database3/database3/m.015dx/117-FaceId-0_align.webp,0.154935,0.0,0.0433145009416195
database3/database3/m.015dx/16-FaceId-0_align.webp,0.065933,0.0,0.0579404337749489
database3/database3/m.015dx/75-FaceId-0_align.webp,0.127561,0.0,0.0624175296893118
database3/database3/m.015dz8/51-FaceId-0_align.webp,0.051527,1.0,0.0514559780746831
database3/database3/m.015f6_/9-FaceId-0_align.webp,0.050822,1.0,0.0530554092978598
database3/database3/m.015fxn/110-FaceId-1_align.webp,0.050721,0.0,0.0485305745914602
database3/database3/m.015fyd/19-FaceId-0_align.webp,0.055834,0.0,0.0506056614079619
database3/database3/m.015g36/86-FaceId-0_align.webp,0.010069,0.0,0.0494540783558124
database3/database3/m.015g98/4-FaceId-0_align.webp,0.031227,1.0,0.0639622236531444
database3/database3/m.015g_7/108-FaceId-0_align.webp,0.075445,1.0,0.0511543523887446
database3/database3/m.015ghl/29-FaceId-0_align.webp,0.035495,0.0,0.0481465437217649
database3/database3/m.015ghl/58-FaceId-0_align.webp,0.114793,0.0,0.0364809693138417
database3/database3/m.015ghl/7-FaceId-0_align.webp,0.022651,0.0,0.0416991547890091
database3/database3/m.015gjr/36-FaceId-0_align.webp,0.054888,1.0,0.0506887229660144
database3/database3/m.015gjr/40-FaceId-0_align.webp,0.045893,1.0,0.0408961866032379
database3/database3/m.015gjr/84-FaceId-0_align.webp,0.042274,1.0,0.1065452064689594
database3/database3/m.015gqm/96-FaceId-1_align.webp,0.236979,1.0,0.0664442460410695
database3/database3/m.015grj/83-FaceId-0_align.webp,0.0,1.0,0.0380980667458688
database3/database3/m.015grj/95-FaceId-0_align.webp,0.006074,1.0,0.0348153566880706
database3/database3/m.015grj/98-FaceId-0_align.webp,0.00126,1.0,0.0273819947464777
database3/database3/m.015gsv/100-FaceId-0_align.webp,0.087077,1.0,0.0568916734033953
database3/database3/m.015gsv/72-FaceId-0_align.webp,0.017745,1.0,0.0509565019357777
database3/database3/m.015gx1/70-FaceId-0_align.webp,0.056653,1.0,0.0455523672883787
database3/database3/m.015gy7/28-FaceId-0_align.webp,0.011386,1.0,0.0567354965585054
database3/database3/m.015gzc/94-FaceId-0_align.webp,0.077714,1.0,0.0485078524915555
database3/database3/m.015h25/3-FaceId-0_align.webp,0.001481,1.0,0.0352197471402769
database3/database3/m.015h7y/30-FaceId-0_align.webp,0.014431,1.0,0.0555679535817897
database3/database3/m.015htz/46-FaceId-0_align.webp,0.135648,0.0,0.0506656141232193
database3/database3/m.015j58/58-FaceId-0_align.webp,0.016994,1.0,0.0503180071551609
database3/database3/m.015j6h/20-FaceId-0_align.webp,0.005265,1.0,0.0542180465844588
database3/database3/m.015j6h/37-FaceId-0_align.webp,0.094841,1.0,0.0668824556299098
database3/database3/m.015j6y/47-FaceId-0_align.webp,0.10488,0.0,0.0679626057278528
database3/database3/m.015j6y/5-FaceId-0_align.webp,0.085053,0.0,0.0485824657893013
database3/database3/m.015j6y/73-FaceId-1_align.webp,0.12413,0.0,0.0515334863342374
database3/database3/m.015j8x/17-FaceId-0_align.webp,0.049084,1.0,0.057696502581255
database3/database3/m.015j8x/42-FaceId-0_align.webp,0.021866,1.0,0.0679059180576631
database3/database3/m.015jjw/46-FaceId-0_align.webp,0.068702,1.0,0.0612231513362846
database3/database3/m.015jjw/69-FaceId-0_align.webp,0.113403,1.0,0.0610951315649302
database3/database3/m.015jvm/105-FaceId-0_align.webp,0.006549,1.0,0.042363741946188
database3/database3/m.015jvm/32-FaceId-0_align.webp,0.01088,1.0,0.0401437986818454
database3/database3/m.015jvm/85-FaceId-0_align.webp,0.111985,1.0,0.1168051708217913
database3/database3/m.015k04/104-FaceId-0_align.webp,0.087765,0.0,0.0409630011602423
database3/database3/m.015k04/33-FaceId-0_align.webp,0.019732,0.0,0.0541278295605858
database3/database3/m.015k04/68-FaceId-0_align.webp,0.032064,0.0,0.0528836880344628
database3/database3/m.015k9x/19-FaceId-0_align.webp,0.079615,0.0,0.0554408503479391
database3/database3/m.015k9x/84-FaceId-0_align.webp,0.154994,0.0,0.273394495412844
database3/database3/m.015kbd/21-FaceId-0_align.webp,0.030994,1.0,0.0393683688031271
database3/database3/m.015kbd/80-FaceId-0_align.webp,0.061754,1.0,0.1504759421045768
database3/database3/m.015khm/4-FaceId-0_align.webp,0.027803,1.0,0.0301092954159592
database3/database3/m.015klf/75-FaceId-0_align.webp,0.0,1.0,0.0307171399810877
database3/database3/m.015ksl/24-FaceId-0_align.webp,0.23069,1.0,0.0541385346336584
database3/database3/m.015ksl/26-FaceId-1_align.webp,0.043132,1.0,0.1163168714442797
database3/database3/m.015ksl/31-FaceId-0_align.webp,0.096817,1.0,0.0531437906225018
database3/database3/m.015ksl/72-FaceId-0_align.webp,0.014945,1.0,0.0513029315960912
database3/database3/m.015ksy/70-FaceId-0_align.webp,0.064697,1.0,0.0456953427150703
database3/database3/m.015ksy/90-FaceId-0_align.webp,0.039383,1.0,0.0475091490554218
database3/database3/m.015kt_/7-FaceId-0_align.webp,0.084368,1.0,0.0436656539249629
database3/database3/m.015l1l/126-FaceId-0_align.webp,0.0,1.0,0.0271703862539852
database3/database3/m.015l51/58-FaceId-0_align.webp,0.077217,1.0,0.0408246304082463
database3/database3/m.015lg2/3-FaceId-0_align.webp,0.081487,1.0,0.1181334908446544
database3/database3/m.015m2c/35-FaceId-0_align.webp,0.111821,0.0,0.0939030140364876
database3/database3/m.015m2c/62-FaceId-0_align.webp,0.107098,0.0,0.0885770501540631
database3/database3/m.015m2c/96-FaceId-0_align.webp,0.077293,0.0,0.0978190221708673
database3/database3/m.015m2v/50-FaceId-0_align.webp,0.014038,1.0,0.0441375313888352
database3/database3/m.015m_9/103-FaceId-0_align.webp,0.203457,0.0,0.0601182931981411
database3/database3/m.015m_9/23-FaceId-0_align.webp,0.194385,0.0,0.0493720758433883
database3/database3/m.015mfy/124-FaceId-0_align.webp,0.011509,1.0,0.1124876725838264
database3/database3/m.015mfy/44-FaceId-0_align.webp,0.015486,1.0,0.1017002817971693
database3/database3/m.015ncq/12-FaceId-0_align.webp,0.097302,0.0,0.039294403892944
database3/database3/m.015ncq/15-FaceId-0_align.webp,0.108176,0.0,0.0510073024843125
database3/database3/m.015ncq/43-FaceId-0_align.webp,0.173231,0.0,0.0717728718789164
database3/database3/m.015nr6/10-FaceId-0_align.webp,0.135309,0.0,0.0322047894302229
database3/database3/m.015nxw/46-FaceId-0_align.webp,0.033616,1.0,0.0532768177372024
database3/database3/m.015nz8/33-FaceId-0_align.webp,0.258768,1.0,0.0484567147161821
database3/database3/m.015p0c/3-FaceId-0_align.webp,0.047687,1.0,0.0412492803684513
database3/database3/m.015p37/5-FaceId-0_align.webp,0.024022,0.0,0.1079898256901324
database3/database3/m.015p3p/83-FaceId-3_align.webp,0.095309,1.0,0.0846189627102876
database3/database3/m.015p_p/4-FaceId-0_align.webp,0.041582,1.0,0.1044219499200852
database3/database3/m.015ph6/52-FaceId-0_align.webp,0.019715,1.0,0.0447704156622964
database3/database3/m.015ph6/9-FaceId-0_align.webp,0.017184,1.0,0.0332999812394471
database3/database3/m.015phm/91-FaceId-0_align.webp,0.017375,1.0,0.0351992107019529
database3/database3/m.015pqq/24-FaceId-0_align.webp,0.179784,0.0,0.0508741652284835
database3/database3/m.015pqq/66-FaceId-0_align.webp,0.136121,0.0,0.0945721406812517
database3/database3/m.015pqq/87-FaceId-0_align.webp,0.018013,0.0,0.0575063974978675
database3/database3/m.015pt7/51-FaceId-0_align.webp,0.127322,1.0,0.0673825503355704
database3/database3/m.015pt7/58-FaceId-0_align.webp,0.035197,1.0,0.0440877032490335
database3/database3/m.015pt7/60-FaceId-0_align.webp,0.049196,1.0,0.0747928915018706
database3/database3/m.015pvh/112-FaceId-0_align.webp,0.330281,0.0,0.0638153120464441
database3/database3/m.015px7/44-FaceId-0_align.webp,0.034165,1.0,0.0490147012824523
database3/database3/m.015px7/91-FaceId-0_align.webp,0.015722,1.0,0.0286608785462995
database3/database3/m.015pxr/76-FaceId-0_align.webp,0.013737,1.0,0.0472540431266846
database3/database3/m.015pxr/85-FaceId-0_align.webp,0.04711,1.0,0.0552200172562553
database3/database3/m.015pz3/26-FaceId-0_align.webp,0.029214,1.0,0.071802618328298
database3/database3/m.015q3m/88-FaceId-0_align.webp,0.02977,1.0,0.0355890700651121
database3/database3/m.015q43/44-FaceId-0_align.webp,0.14431,0.0,0.0573635465094995
database3/database3/m.015q43/83-FaceId-0_align.webp,0.202776,0.0,0.0683006156348007
database3/database3/m.015q7v/66-FaceId-0_align.webp,0.123951,1.0,0.0573731626363205
database3/database3/m.015q7v/70-FaceId-0_align.webp,0.084162,1.0,0.0572075208913649
database3/database3/m.015q7v/74-FaceId-0_align.webp,0.166774,1.0,0.1079488914540461
database3/database3/m.015q7v/95-FaceId-0_align.webp,0.114436,1.0,0.0515732794884738
database3/database3/m.015q9_/38-FaceId-0_align.webp,0.073529,1.0,0.0607660916978155
database3/database3/m.015q9_/55-FaceId-0_align.webp,0.228226,1.0,0.0567332865078858
database3/database3/m.015qgb/80-FaceId-0_align.webp,0.240744,0.0,0.0764533584868192
database3/database3/m.015ql4/49-FaceId-0_align.webp,0.010843,1.0,0.0471282191614217
database3/database3/m.015ql_/79-FaceId-0_align.webp,0.076307,0.0,0.056279367791542
database3/database3/m.015qlm/10-FaceId-0_align.webp,0.050821,0.0,0.0556539337212243
database3/database3/m.015qlm/70-FaceId-0_align.webp,0.030997,0.0,0.0555373585180332
database3/database3/m.015qpn/63-FaceId-0_align.webp,0.366396,1.0,0.0392228888616791
database3/database3/m.015qq1/36-FaceId-0_align.webp,0.022633,1.0,0.0414889748421435
database3/database3/m.015qty/73-FaceId-0_align.webp,0.019129,1.0,0.0386915625438719
database3/database3/m.015qty/74-FaceId-0_align.webp,0.007618,1.0,0.0516654798639132
database3/database3/m.015qv9/29-FaceId-0_align.webp,0.006101,1.0,0.0542103361040838
database3/database3/m.015qxn/75-FaceId-0_align.webp,0.029389,1.0,0.0255848182131337
database3/database3/m.015qxn/81-FaceId-0_align.webp,0.000968,1.0,0.0733339994005395
database3/database3/m.015qyf/14-FaceId-0_align.webp,0.032701,1.0,0.0503148390162765
database3/database3/m.015qzv/12-FaceId-0_align.webp,0.03298,1.0,0.1027109057046285
database3/database3/m.015qzv/45-FaceId-0_align.webp,0.048204,1.0,0.0915002487385402
database3/database3/m.015qzv/55-FaceId-0_align.webp,0.094832,1.0,0.1260994587280108
database3/database3/m.015qzv/57-FaceId-0_align.webp,0.068867,1.0,0.0629278402311122
database3/database3/m.015r3q/35-FaceId-0_align.webp,0.001755,1.0,0.095699718234268
database3/database3/m.015r4v/28-FaceId-0_align.webp,0.015627,1.0,0.0577230683635857
database3/database3/m.015rhv/21-FaceId-0_align.webp,0.274759,1.0,0.087584525507153
database3/database3/m.015rmq/88-FaceId-0_align.webp,0.016982,1.0,0.0426886995438505
database3/database3/m.015t_m/31-FaceId-0_align.webp,0.0851,1.0,0.0251908396946564
database3/database3/m.015thk/1-FaceId-0_align.webp,0.117609,1.0,0.0491302215010754
database3/database3/m.015thk/47-FaceId-0_align.webp,0.223814,1.0,0.087040821673741
database3/database3/m.015thk/89-FaceId-0_align.webp,0.010677,1.0,0.0885792778649921
database3/database3/m.015tp7/25-FaceId-0_align.webp,0.089928,1.0,0.0530185497470489
database3/database3/m.015tp7/4-FaceId-0_align.webp,0.078982,1.0,0.0571209330877839
database3/database3/m.015tv5/22-FaceId-0_align.webp,0.009031,1.0,0.0606599154986251
database3/database3/m.015tv5/54-FaceId-0_align.webp,0.027498,1.0,0.048086069472234
database3/database3/m.015tyq/50-FaceId-0_align.webp,0.029346,1.0,0.0743117957495364
database3/database3/m.015tyq/63-FaceId-0_align.webp,0.05956,1.0,0.0809515831797621
database3/database3/m.015v98/49-FaceId-0_align.webp,0.062142,0.0,0.0571226555522476
database3/database3/m.015v98/79-FaceId-0_align.webp,0.070144,0.0,0.054533276931754
database3/database3/m.015vql/63-FaceId-0_align.webp,0.02634,1.0,0.0619123701837399
database3/database3/m.015vyh/54-FaceId-0_align.webp,0.020372,1.0,0.0485269716038946
database3/database3/m.015wfg/59-FaceId-0_align.webp,0.021245,1.0,0.0547518515954869
database3/database3/m.015wfy/41-FaceId-0_align.webp,0.10115,1.0,0.0485841808736372
database3/database3/m.015wfy/43-FaceId-0_align.webp,0.000923,1.0,0.0909928163566034
database3/database3/m.015wfy/78-FaceId-0_align.webp,0.064575,1.0,0.0948223596459318
database3/database3/m.015wfy/91-FaceId-0_align.webp,0.156,1.0,0.079477216531261
database3/database3/m.015wgw/16-FaceId-0_align.webp,0.030553,1.0,0.0456953855046401
database3/database3/m.015wgw/5-FaceId-0_align.webp,0.079937,1.0,0.0546212695568268
database3/database3/m.015wkb/94-FaceId-0_align.webp,0.010721,1.0,0.0489189845742742
database3/database3/m.015x3n/93-FaceId-0_align.webp,0.0,0.0,0.0812947695634545
database3/database3/m.015x63/126-FaceId-0_align.webp,0.077609,0.0,0.0550876472199397
database3/database3/m.015xnd/46-FaceId-0_align.webp,0.021854,1.0,0.0495046371031557
database3/database3/m.015xnd/72-FaceId-0_align.webp,0.171432,1.0,0.1110676913724979
database3/database3/m.015xsn/17-FaceId-0_align.webp,0.021828,1.0,0.0733248264915502
database3/database3/m.015xww/31-FaceId-0_align.webp,0.075773,1.0,0.0435706284522384
database3/database3/m.015xys/54-FaceId-0_align.webp,0.054138,1.0,0.0394939926762097
database3/database3/m.015y4c/42-FaceId-0_align.webp,0.097688,1.0,0.0421085271317829
database3/database3/m.015y4c/72-FaceId-0_align.webp,0.027368,1.0,0.0459258274624484
database3/database3/m.015y4c/79-FaceId-0_align.webp,0.010835,1.0,0.0408752604941947
database3/database3/m.015yb0/108-FaceId-0_align.webp,0.073526,1.0,0.0398977478643541
database3/database3/m.015ybz/5-FaceId-0_align.webp,0.004767,1.0,0.1434509783155498
database3/database3/m.015yg9/69-FaceId-0_align.webp,0.021682,1.0,0.0676667269112597
database3/database3/m.015ykr/19-FaceId-0_align.webp,0.078311,0.0,0.05126559714795
database3/database3/m.015ykr/9-FaceId-0_align.webp,0.026904,0.0,0.0384197807585892
database3/database3/m.015z4j/106-FaceId-1_align.webp,0.203863,0.0,0.059307394916509
database3/database3/m.015z4j/30-FaceId-0_align.webp,0.022438,0.0,0.0495989620193441
database3/database3/m.015zj4/3-FaceId-0_align.webp,0.026859,1.0,0.0816119962511715
database3/database3/m.015zjx/34-FaceId-0_align.webp,0.188292,1.0,0.055661292060186
database3/database3/m.015zm4/92-FaceId-0_align.webp,0.019768,1.0,0.0690763942787448
database3/database3/m.015zmm/35-FaceId-0_align.webp,0.071991,0.0,0.0481406745459786
database3/database3/m.016077/95-FaceId-0_align.webp,0.023638,1.0,0.0544156736254218
database3/database3/m.0160pf/102-FaceId-0_align.webp,0.037457,1.0,0.0462228243339139
database3/database3/m.016194/12-FaceId-0_align.webp,0.028771,1.0,0.0517543589901288
database3/database3/m.016194/6-FaceId-0_align.webp,0.025295,1.0,0.0394193355282849
database3/database3/m.0161h5/105-FaceId-0_align.webp,0.042175,0.0,0.0532732480961363
database3/database3/m.0161hn/33-FaceId-0_align.webp,0.010683,1.0,0.0668091929449492
database3/database3/m.0162c8/22-FaceId-0_align.webp,0.021055,1.0,0.0565280816921954
database3/database3/m.0162c8/71-FaceId-0_align.webp,0.041746,1.0,0.0532698264274443
database3/database3/m.0162c8/72-FaceId-0_align.webp,0.034776,1.0,0.0531627921074167
database3/database3/m.0162lw/68-FaceId-0_align.webp,0.026272,1.0,0.0474935712244833
database3/database3/m.0162n1/16-FaceId-0_align.webp,0.013549,1.0,0.0969696969696969
database3/database3/m.0162n1/17-FaceId-0_align.webp,0.15524,1.0,0.0977170977170977
database3/database3/m.01635v/83-FaceId-0_align.webp,0.001023,1.0,0.0334675900437541
database3/database3/m.0163bt/91-FaceId-0_align.webp,0.100672,1.0,0.0564339842611483
database3/database3/m.0163kf/72-FaceId-0_align.webp,0.120095,0.0,0.0500300959529795
database3/database3/m.0163kf/83-FaceId-0_align.webp,0.098981,0.0,0.0652816973241304
database3/database3/m.0163rk/30-FaceId-0_align.webp,0.022552,1.0,0.049395941200976
database3/database3/m.0163s9/24-FaceId-0_align.webp,0.074147,1.0,0.0499122338395787
database3/database3/m.0163s9/74-FaceId-0_align.webp,0.166715,1.0,0.0559280707101493
database3/database3/m.0163t3/106-FaceId-0_align.webp,0.195337,0.0,0.056799237913789
database3/database3/m.0163t3/9-FaceId-0_align.webp,0.08181,0.0,0.0522875816993464
database3/database3/m.0163y8/74-FaceId-0_align.webp,0.077227,1.0,0.0658760107816711
database3/database3/m.0164c4/60-FaceId-0_align.webp,0.111711,0.0,0.0474452554744525
database3/database3/m.0164lp/69-FaceId-0_align.webp,0.064522,1.0,0.0266782773907536
database3/database3/m.0164lp/92-FaceId-0_align.webp,0.151037,1.0,0.0935876947662804
database3/database3/m.0164nb/3-FaceId-0_align.webp,0.089532,1.0,0.0508952197670023
database3/database3/m.0164y7/34-FaceId-0_align.webp,0.005214,1.0,0.0408072939718509
database3/database3/m.0165cp/26-FaceId-0_align.webp,0.006703,0.0,0.0422767463679526
database3/database3/m.0165cp/52-FaceId-0_align.webp,0.057554,0.0,0.0385799110890042
database3/database3/m.0165gc/85-FaceId-0_align.webp,0.006716,1.0,0.0429709991211854
database3/database3/m.0165gc/99-FaceId-0_align.webp,0.120842,1.0,0.0545548311047261
database3/database3/m.0165ky/57-FaceId-0_align.webp,0.015031,1.0,0.1068227694792087
database3/database3/m.0165n5/59-FaceId-0_align.webp,0.014306,0.0,0.0342249778565101
database3/database3/m.01666h/59-FaceId-0_align.webp,0.366126,0.0,0.0645178447954896
database3/database3/m.01666h/65-FaceId-0_align.webp,0.324656,0.0,0.0711328378310969
database3/database3/m.0166rp/41-FaceId-0_align.webp,0.108225,1.0,0.0518035303146584
database3/database3/m.0166rp/55-FaceId-0_align.webp,0.058677,1.0,0.0702494104194954
database3/database3/m.0166w_/52-FaceId-0_align.webp,0.055626,1.0,0.0451751777267963
database3/database3/m.0166w_/7-FaceId-0_align.webp,0.051227,1.0,0.0333055786844296
database3/database3/m.0166yl/4-FaceId-0_align.webp,0.128426,1.0,0.0429387806649196
database3/database3/m.0166yl/42-FaceId-0_align.webp,0.00821,1.0,0.0467824190077528
database3/database3/m.0166zk/13-FaceId-0_align.webp,0.040817,1.0,0.0947933542996918
database3/database3/m.0166zk/42-FaceId-0_align.webp,0.020069,1.0,0.0856197986699131
database3/database3/m.0166zk/72-FaceId-0_align.webp,0.015452,1.0,0.0512091473294811
database3/database3/m.01678_/78-FaceId-0_align.webp,0.014927,1.0,0.0405729390791172
database3/database3/m.0167h6/35-FaceId-0_align.webp,0.000892,1.0,0.0390183730442121
database3/database3/m.0167xk/87-FaceId-0_align.webp,0.035118,1.0,0.0564691697089459
database3/database3/m.016883/25-FaceId-0_align.webp,0.021581,1.0,0.0515359076361678
database3/database3/m.016883/35-FaceId-0_align.webp,0.016967,1.0,0.0613032736256948
database3/database3/m.016883/79-FaceId-0_align.webp,0.042662,1.0,0.0507657495162824
database3/database3/m.0168cl/73-FaceId-0_align.webp,0.16573,1.0,0.0489357764205071
database3/database3/m.0168ql/60-FaceId-0_align.webp,0.01118,1.0,0.0223621363438992
database3/database3/m.0168vx/9-FaceId-0_align.webp,0.182986,0.0,0.0461787637952465
database3/database3/m.01693z/106-FaceId-0_align.webp,0.308514,1.0,0.0715046991570584
database3/database3/m.01693z/67-FaceId-0_align.webp,0.053019,1.0,0.044211292376736
database3/database3/m.016959/105-FaceId-0_align.webp,0.10109,1.0,0.0713574383330779
database3/database3/m.016959/51-FaceId-0_align.webp,0.067755,1.0,0.0593239825247183
database3/database3/m.0169ff/102-FaceId-0_align.webp,0.033338,1.0,0.070461021977593
database3/database3/m.0169ff/36-FaceId-0_align.webp,0.024259,1.0,0.0540106586499043
database3/database3/m.0169ff/79-FaceId-0_align.webp,0.137366,1.0,0.0551716238402504
database3/database3/m.0169mh/14-FaceId-0_align.webp,0.084985,0.0,0.0648881239242685
database3/database3/m.0169r6/43-FaceId-0_align.webp,0.109367,0.0,0.0619585088625705
database3/database3/m.0169v2/37-FaceId-0_align.webp,0.237432,0.0,0.0627677100494234
database3/database3/m.0169v2/60-FaceId-0_align.webp,0.294775,0.0,0.0666092860899918
database3/database3/m.0169x_/12-FaceId-0_align.webp,0.169443,1.0,0.0404660194174757
database3/database3/m.016_js/82-FaceId-0_align.webp,0.00161,0.0,0.0441971178589809
database3/database3/m.016_js/90-FaceId-0_align.webp,0.074161,0.0,0.0540388124067009
database3/database3/m.016_mj/9-FaceId-0_align.webp,0.005546,1.0,0.0536280433092061
database3/database3/m.016b6z/92-FaceId-0_align.webp,0.053278,1.0,0.0620256722570973
database3/database3/m.016b90/0-FaceId-0_align.webp,0.006801,1.0,0.0448231785257775
database3/database3/m.016b90/79-FaceId-0_align.webp,0.0,1.0,0.0218595557486558
database3/database3/m.016b90/8-FaceId-0_align.webp,0.046454,1.0,0.033383828279075
database3/database3/m.016b90/93-FaceId-0_align.webp,0.01334,1.0,0.044844408919269
database3/database3/m.016cn6/6-FaceId-0_align.webp,0.062721,1.0,0.0656410256410256
database3/database3/m.016cn6/90-FaceId-0_align.webp,0.090699,1.0,0.043052539337829
database3/database3/m.016cz6/23-FaceId-1_align.webp,0.213677,1.0,0.0573564239194789
database3/database3/m.016db7/11-FaceId-0_align.webp,0.00104,1.0,0.0490685071850314
database3/database3/m.016dbr/42-FaceId-0_align.webp,0.02227,1.0,0.0524446417670236
database3/database3/m.016fjj/77-FaceId-0_align.webp,0.012807,1.0,0.0514180524788618
database3/database3/m.016fnv/40-FaceId-0_align.webp,0.049743,1.0,0.0515131179497012
database3/database3/m.016g29/40-FaceId-0_align.webp,0.003894,1.0,0.0620311697208426
database3/database3/m.016g29/95-FaceId-0_align.webp,0.017798,1.0,0.0344439841391963
database3/database3/m.016ggh/74-FaceId-0_align.webp,0.004674,1.0,0.0422352543137476
database3/database3/m.016ghw/12-FaceId-0_align.webp,0.035794,1.0,0.0754462543028496
database3/database3/m.016gkf/85-FaceId-0_align.webp,0.159983,1.0,0.0529615696688057
database3/database3/m.016gnp/45-FaceId-0_align.webp,0.027576,1.0,0.042324437994254
database3/database3/m.016gnp/48-FaceId-0_align.webp,0.0,1.0,0.0525419945309448
database3/database3/m.016gr2/107-FaceId-0_align.webp,0.0,1.0,0.0285660353614798
database3/database3/m.016gr2/38-FaceId-0_align.webp,0.0,1.0,0.0335432105644397
database3/database3/m.016hgp/12-FaceId-0_align.webp,0.055372,0.0,0.0498493926053424
database3/database3/m.016hgp/32-FaceId-12_align.webp,0.159452,0.0,0.0820020927799093
database3/database3/m.016hgp/77-FaceId-4_align.webp,0.110387,0.0,0.048648461084701
database3/database3/m.016hgp/77-FaceId-7_align.webp,0.08977,0.0,0.0495075508864084
database3/database3/m.016hgp/77-FaceId-9_align.webp,0.121788,0.0,0.0508049191495464
database3/database3/m.016hj7/88-FaceId-0_align.webp,0.028831,1.0,0.0409343200740055
database3/database3/m.016hk4/98-FaceId-0_align.webp,0.002253,1.0,0.0512460709474629
database3/database3/m.016hmf/90-FaceId-0_align.webp,0.168251,1.0,0.0621833790943191
database3/database3/m.016hrc/46-FaceId-0_align.webp,0.064797,0.0,0.0557526047439592
database3/database3/m.016htr/23-FaceId-0_align.webp,0.041326,1.0,0.049273318206905
database3/database3/m.016htr/80-FaceId-0_align.webp,0.0,1.0,0.1343018893663461
database3/database3/m.016hvl/14-FaceId-0_align.webp,0.018608,1.0,0.0647251226569379
database3/database3/m.016hvl/79-FaceId-0_align.webp,0.027134,1.0,0.0554139711167744
database3/database3/m.016hzm/79-FaceId-0_align.webp,0.040554,1.0,0.0837672549362222
database3/database3/m.016j4q/17-FaceId-0_align.webp,0.014713,1.0,0.1971507352941176
database3/database3/m.016j4q/73-FaceId-0_align.webp,0.027874,1.0,0.1071908602150537
database3/database3/m.016j55/23-FaceId-0_align.webp,0.003044,1.0,0.0769726017597825
database3/database3/m.016j_c/80-FaceId-0_align.webp,0.167359,0.0,0.0602906094122749
database3/database3/m.016k0j/73-FaceId-0_align.webp,0.021214,0.0,0.0544654266647735
database3/database3/m.016k38/76-FaceId-0_align.webp,0.03171,1.0,0.0756828528072837
database3/database3/m.016k38/86-FaceId-0_align.webp,0.0969,1.0,0.0987920185739762
database3/database3/m.016k58/57-FaceId-0_align.webp,0.285077,0.0,0.0629956741167988
database3/database3/m.016k6x/11-FaceId-0_align.webp,0.0,1.0,0.0380143696930111
database3/database3/m.016k6x/19-FaceId-0_align.webp,0.0,1.0,0.0333360883819599
database3/database3/m.016k92/3-FaceId-0_align.webp,0.164786,1.0,0.064415404186423
database3/database3/m.016k92/39-FaceId-0_align.webp,0.115077,1.0,0.0629628304654241
database3/database3/m.016k92/53-FaceId-0_align.webp,0.124335,1.0,0.0548862589469208
database3/database3/m.016k_v/117-FaceId-0_align.webp,0.172292,0.0,0.0503192848020434
database3/database3/m.016k_v/31-FaceId-0_align.webp,0.103765,0.0,0.0534534312820702
database3/database3/m.016k_v/6-FaceId-0_align.webp,0.102662,0.0,0.0513768068546013
database3/database3/m.016kdv/96-FaceId-0_align.webp,0.10171,1.0,0.0466300415382553
database3/database3/m.016kft/30-FaceId-0_align.webp,0.094506,1.0,0.0587681295912601
database3/database3/m.016khd/116-FaceId-0_align.webp,0.014365,1.0,0.1239877300613497
database3/database3/m.016khd/18-FaceId-0_align.webp,0.045446,1.0,0.071344833361246
database3/database3/m.016khd/77-FaceId-0_align.webp,0.016363,1.0,0.0449611903765016
database3/database3/m.016kjs/51-FaceId-0_align.webp,0.103247,1.0,0.0533730506395654
database3/database3/m.016kqk/22-FaceId-0_align.webp,0.109366,1.0,0.0573028707069208
database3/database3/m.016kqk/57-FaceId-0_align.webp,0.028005,1.0,0.0693081063964534
database3/database3/m.016ksk/77-FaceId-0_align.webp,0.033554,1.0,0.0459238381177047
database3/database3/m.016l53/34-FaceId-0_align.webp,0.004644,1.0,0.1009578222147538
database3/database3/m.016l_5/13-FaceId-1_align.webp,0.028409,0.0,0.1155839668279198
database3/database3/m.016l_5/23-FaceId-0_align.webp,0.13632,0.0,0.0524410271722902
database3/database3/m.016l_5/69-FaceId-0_align.webp,0.067658,0.0,0.0495638514755522
database3/database3/m.016lb3/2-FaceId-0_align.webp,0.005513,1.0,0.0462149976269577
database3/database3/m.016lh0/74-FaceId-0_align.webp,0.000336,1.0,0.0480780048753047
database3/database3/m.016m0v/15-FaceId-0_align.webp,0.003574,1.0,0.0756555634301913
database3/database3/m.016m0v/47-FaceId-0_align.webp,0.010823,1.0,0.1244561972191418
database3/database3/m.016m0v/48-FaceId-0_align.webp,0.006305,1.0,0.0574992485722873
database3/database3/m.016mgj/22-FaceId-0_align.webp,0.177659,0.0,0.0542071816859352
database3/database3/m.016mgj/72-FaceId-0_align.webp,0.141048,0.0,0.1088450094671355
database3/database3/m.016ntp/45-FaceId-0_align.webp,0.056576,0.0,0.176532862814292
database3/database3/m.016ntp/58-FaceId-0_align.webp,0.194583,0.0,0.1060242249613147
database3/database3/m.016ntp/78-FaceId-0_align.webp,0.262576,0.0,0.0656196943972835
database3/database3/m.016ntp/85-FaceId-0_align.webp,0.141759,0.0,0.0636488683256221
database3/database3/m.016nvh/2-FaceId-0_align.webp,0.143526,1.0,0.0612130746373011
database3/database3/m.016nvy/82-FaceId-0_align.webp,0.14288,0.0,0.0530866332353449
database3/database3/m.016nws/82-FaceId-0_align.webp,0.154826,1.0,0.0638053511421157
database3/database3/m.016pns/55-FaceId-0_align.webp,0.055966,1.0,0.0624274003517971
database3/database3/m.016q0w/27-FaceId-0_align.webp,0.009996,1.0,0.0536320900387743
database3/database3/m.016q2n/25-FaceId-0_align.webp,0.030179,0.0,0.0545697090029161
database3/database3/m.016q2n/89-FaceId-0_align.webp,0.007529,0.0,0.0556273420338545
database3/database3/m.016q4_/99-FaceId-1_align.webp,0.000294,0.0,0.0379971019159555
database3/database3/m.016qrb/16-FaceId-0_align.webp,0.039165,0.0,0.0530355176211453
database3/database3/m.016qrb/78-FaceId-0_align.webp,0.145711,0.0,0.0462928746598582
database3/database3/m.016qtt/15-FaceId-0_align.webp,0.187503,1.0,0.0553817013917483
database3/database3/m.016qtt/25-FaceId-0_align.webp,0.283035,1.0,0.0566644940524686
database3/database3/m.016r3x/42-FaceId-0_align.webp,0.001242,1.0,0.0338071176705805
database3/database3/m.016r3x/44-FaceId-0_align.webp,0.007495,1.0,0.0523354290471679
database3/database3/m.016sff/35-FaceId-0_align.webp,0.025858,1.0,0.1329600890547752
database3/database3/m.016sp_/9-FaceId-0_align.webp,0.355835,1.0,0.0470448611440778
database3/database3/m.016swh/38-FaceId-0_align.webp,0.0,1.0,0.0397315052842045
database3/database3/m.016sz1/68-FaceId-0_align.webp,0.00381,1.0,0.0592974005481272
database3/database3/m.016szr/0-FaceId-0_align.webp,0.081751,1.0,0.1031935359753751
database3/database3/m.016szr/31-FaceId-0_align.webp,0.150774,1.0,0.0953683131088702
database3/database3/m.016t00/27-FaceId-0_align.webp,0.010723,1.0,0.0640643794031731
database3/database3/m.016t00/29-FaceId-0_align.webp,0.026052,1.0,0.0564561207378423
database3/database3/m.016t00/49-FaceId-0_align.webp,0.061342,1.0,0.0678223255213377
database3/database3/m.016tb7/64-FaceId-0_align.webp,0.020212,0.0,0.0498473738867734
database3/database3/m.016tbr/53-FaceId-0_align.webp,0.052696,1.0,0.0594923416736068
database3/database3/m.016tbr/91-FaceId-0_align.webp,0.278026,1.0,0.0739982012591186
database3/database3/m.016tbr/97-FaceId-0_align.webp,0.035531,1.0,0.0641798671435871
database3/database3/m.016tcm/7-FaceId-0_align.webp,0.0,1.0,0.0527473163392262
database3/database3/m.016tqw/18-FaceId-0_align.webp,0.009857,1.0,0.0566419420094403
database3/database3/m.016vqk/91-FaceId-0_align.webp,0.041054,1.0,0.0502659828624215
database3/database3/m.016vxj/34-FaceId-0_align.webp,0.081238,1.0,0.0465139442231075
database3/database3/m.016vy9/16-FaceId-0_align.webp,0.135759,0.0,0.0551713770294648
database3/database3/m.016vy9/41-FaceId-0_align.webp,0.023537,0.0,0.048385621512851
database3/database3/m.016vyp/28-FaceId-0_align.webp,0.086364,1.0,0.0523132145705929
database3/database3/m.016vyp/92-FaceId-0_align.webp,0.043472,1.0,0.0486906333466367
database3/database3/m.016wdq/47-FaceId-0_align.webp,0.021942,1.0,0.1020049472724905
database3/database3/m.016wvy/16-FaceId-0_align.webp,0.016451,1.0,0.0506249793872233
database3/database3/m.016wvy/70-FaceId-0_align.webp,0.279688,1.0,0.0673637546378836
database3/database3/m.016wvy/90-FaceId-0_align.webp,0.0652,1.0,0.110420734954731
database3/database3/m.016xk5/94-FaceId-0_align.webp,0.039665,1.0,0.0484463417055494
database3/database3/m.016yr0/49-FaceId-0_align.webp,0.028821,1.0,0.0492926473387045
database3/database3/m.016yr0/53-FaceId-0_align.webp,0.03224,1.0,0.0460261812099964
database3/database3/m.016yr0/98-FaceId-0_align.webp,0.103354,1.0,0.0563442280180477
database3/database3/m.016ywr/2-FaceId-0_align.webp,0.022088,1.0,0.0605259806418746
database3/database3/m.016ywr/21-FaceId-0_align.webp,0.053813,1.0,0.0577190306727673
database3/database3/m.016ywr/76-FaceId-0_align.webp,0.0,1.0,0.0418220946915351
database3/database3/m.016z3d/40-FaceId-0_align.webp,0.041987,1.0,0.0498487634185398
database3/database3/m.016z3d/43-FaceId-0_align.webp,0.184794,1.0,0.0554997955466339
database3/database3/m.016z3d/48-FaceId-0_align.webp,0.181018,1.0,0.0527669129364044
database3/database3/m.016z68/21-FaceId-0_align.webp,0.185954,1.0,0.0631745314969519
database3/database3/m.016z68/89-FaceId-0_align.webp,0.268667,1.0,0.0616564279628716
database3/database3/m.016zp5/13-FaceId-0_align.webp,0.016071,1.0,0.0409024211298606
database3/database3/m.016zp5/31-FaceId-0_align.webp,0.101464,1.0,0.0892387649036991
database3/database3/m.016zp5/64-FaceId-0_align.webp,0.006697,1.0,0.0461951956996472
database3/database3/m.016zp5/68-FaceId-0_align.webp,0.014376,1.0,0.0526526579980241
database3/database3/m.016zvk/22-FaceId-0_align.webp,0.104809,0.0,0.0561119180490788
database3/database3/m.016zvk/81-FaceId-0_align.webp,0.147393,0.0,0.0589280884114533
database3/database3/m.016zvk/88-FaceId-0_align.webp,0.080384,0.0,0.0381843895211798
database3/database3/m.016zvk/91-FaceId-0_align.webp,0.084334,0.0,0.0512849287397598
database3/database3/m.0170pk/112-FaceId-0_align.webp,0.029113,1.0,0.1163605684989292
database3/database3/m.0170pk/32-FaceId-0_align.webp,0.0,1.0,0.0789746403316264
database3/database3/m.0170pk/71-FaceId-0_align.webp,0.003334,1.0,0.0559475806451612
database3/database3/m.0170pk/93-FaceId-0_align.webp,0.020024,1.0,0.0945353694446346
database3/database3/m.0170q1/39-FaceId-0_align.webp,0.098023,0.0,0.0773861419022709
database3/database3/m.0170qf/10-FaceId-0_align.webp,0.012168,1.0,0.0469531424202847
database3/database3/m.0170qf/66-FaceId-0_align.webp,0.173717,1.0,0.0633060578509613
database3/database3/m.0170s4/35-FaceId-0_align.webp,0.00841,1.0,0.0563266483912855
database3/database3/m.0170s4/44-FaceId-0_align.webp,0.007374,1.0,0.0295761327486888
database3/database3/m.0170s4/48-FaceId-0_align.webp,0.0,1.0,0.0339949555872354
database3/database3/m.0170s4/85-FaceId-0_align.webp,0.00918,1.0,0.0377771379211056
database3/database3/m.0170s4/86-FaceId-0_align.webp,0.00659,1.0,0.0434276738706768
database3/database3/m.0170zz/7-FaceId-0_align.webp,0.0033,1.0,0.0838359929754905
database3/database3/m.017115/2-FaceId-0_align.webp,0.178391,1.0,0.0747176368375325
database3/database3/m.0171cm/52-FaceId-0_align.webp,0.078391,1.0,0.1128302604067667
database3/database3/m.0171cm/9-FaceId-0_align.webp,0.020679,1.0,0.1019594479468393
database3/database3/m.0171dv/105-FaceId-0_align.webp,0.019879,1.0,0.0391879964695498
database3/database3/m.0171dv/106-FaceId-0_align.webp,0.079343,1.0,0.046107003044802
database3/database3/m.0171z8/39-FaceId-0_align.webp,0.1172,0.0,0.1730741746462769
database3/database3/m.01721f/98-FaceId-0_align.webp,0.00066,1.0,0.0403709223381354
database3/database3/m.01728m/45-FaceId-0_align.webp,0.026608,1.0,0.0814752939664589
database3/database3/m.01734j/10-FaceId-0_align.webp,0.107434,1.0,0.0789362600253271
database3/database3/m.01737y/7-FaceId-0_align.webp,0.023524,1.0,0.042974466178886
database3/database3/m.0173cq/55-FaceId-0_align.webp,0.0687,0.0,0.0543813663359766
database3/database3/m.0173cq/82-FaceId-0_align.webp,0.052898,0.0,0.0413719254980855
database3/database3/m.0173p_/66-FaceId-0_align.webp,0.12779,0.0,0.0748542333908187
database3/database3/m.0173p_/82-FaceId-0_align.webp,0.039784,0.0,0.0494395929313071
database3/database3/m.0173p_/97-FaceId-0_align.webp,0.06989,0.0,0.0542069459362692
database3/database3/m.0173s_/56-FaceId-0_align.webp,0.320216,0.0,0.0546963410033949
database3/database3/m.01741h/75-FaceId-0_align.webp,0.057681,1.0,0.1136866627839254
database3/database3/m.01742l/53-FaceId-0_align.webp,0.210558,0.0,0.0641302781380602
database3/database3/m.01744d/24-FaceId-0_align.webp,0.021138,1.0,0.0513630016392447
database3/database3/m.01744d/66-FaceId-0_align.webp,0.069833,1.0,0.0577783715182686
database3/database3/m.017458/60-FaceId-0_align.webp,0.031087,1.0,0.1303021637594128
database3/database3/m.0174z2/31-FaceId-0_align.webp,0.019356,1.0,0.0483402787756861
database3/database3/m.0175m_/104-FaceId-0_align.webp,0.011519,1.0,0.0643819952181295
database3/database3/m.0175m_/106-FaceId-0_align.webp,0.008092,1.0,0.0458026255181943
database3/database3/m.0175s7/91-FaceId-0_align.webp,0.271553,1.0,0.0714972047519217
database3/database3/m.0175w3/23-FaceId-0_align.webp,0.084707,1.0,0.0995137348575328
database3/database3/m.0175w3/40-FaceId-0_align.webp,0.14122,1.0,0.1324205195535965
database3/database3/m.0175w3/8-FaceId-0_align.webp,0.022898,1.0,0.1478491768454593
database3/database3/m.01762z/69-FaceId-0_align.webp,0.001793,1.0,0.0401690568218762
database3/database3/m.017729/106-FaceId-0_align.webp,0.004005,1.0,0.0544824564897048
database3/database3/m.01772q/118-FaceId-0_align.webp,0.005376,1.0,0.0316023503255518
database3/database3/m.01778_/1-FaceId-0_align.webp,0.151831,0.0,0.1093133867230375
database3/database3/m.01778_/5-FaceId-0_align.webp,0.080886,0.0,0.0932209654764545
database3/database3/m.0177s6/54-FaceId-0_align.webp,0.003871,1.0,0.1208351491620775
database3/database3/m.0177s6/83-FaceId-0_align.webp,0.194958,1.0,0.0930014350369798
database3/database3/m.0178_j/46-FaceId-0_align.webp,0.038586,1.0,0.0849802371541501
database3/database3/m.0178d6/53-FaceId-0_align.webp,0.019408,1.0,0.0455774038786404
database3/database3/m.0178d6/9-FaceId-0_align.webp,0.038126,1.0,0.0546125728348593
database3/database3/m.0178sb/20-FaceId-0_align.webp,0.025953,1.0,0.0480390951561347
database3/database3/m.01791s/104-FaceId-0_align.webp,0.057011,1.0,0.3057722308892355
database3/database3/m.01793l/15-FaceId-0_align.webp,0.11519,1.0,0.1177621595719191
database3/database3/m.01793l/3-FaceId-0_align.webp,0.021997,1.0,0.095669179572911
database3/database3/m.01793l/48-FaceId-0_align.webp,0.070141,1.0,0.1287896832148082
database3/database3/m.01793l/77-FaceId-0_align.webp,0.068916,1.0,0.1379545536130954
database3/database3/m.01794d/22-FaceId-0_align.webp,0.132698,1.0,0.0431146309824537
database3/database3/m.0179n7/47-FaceId-0_align.webp,0.025063,1.0,0.0496413457786848
database3/database3/m.0179ys/22-FaceId-0_align.webp,0.03888,1.0,0.0587987886944818
database3/database3/m.017_65/24-FaceId-0_align.webp,0.104039,1.0,0.1012820512820512
database3/database3/m.017__g/2-FaceId-0_align.webp,0.026314,1.0,0.0444908124116578
database3/database3/m.017__g/30-FaceId-0_align.webp,0.064708,1.0,0.0587466414929925
database3/database3/m.017_dr/0-FaceId-1_align.webp,0.037641,1.0,0.1191424592765309
database3/database3/m.017_dr/14-FaceId-0_align.webp,0.005491,1.0,0.0614390123169204
database3/database3/m.017_dr/47-FaceId-0_align.webp,0.191478,1.0,0.0556827150749802
database3/database3/m.017_dr/57-FaceId-0_align.webp,0.038308,1.0,0.1133712133947483
database3/database3/m.017_j4/45-FaceId-0_align.webp,0.032452,1.0,0.0924136951271487
database3/database3/m.017_j4/54-FaceId-0_align.webp,0.009302,1.0,0.0948101120587447
database3/database3/m.017_j4/93-FaceId-0_align.webp,0.05205,1.0,0.1509545559097032
database3/database3/m.017_l1/23-FaceId-0_align.webp,0.033635,1.0,0.0432616917258555
database3/database3/m.017_l1/5-FaceId-0_align.webp,0.0,1.0,0.0459369910709271
database3/database3/m.017_xx/84-FaceId-0_align.webp,0.180042,0.0,0.0554518029018819
database3/database3/m.017bd/83-FaceId-0_align.webp,0.002036,1.0,0.08103245704215
database3/database3/m.017bd/85-FaceId-0_align.webp,0.002715,1.0,0.0986485910389222
database3/database3/m.017bk6/90-FaceId-2_align.webp,0.056904,0.0,0.0461130190446456
database3/database3/m.017bxq/72-FaceId-0_align.webp,0.032315,1.0,0.0472903964594101
database3/database3/m.017c87/108-FaceId-0_align.webp,0.012746,1.0,0.0880593443407513
database3/database3/m.017c87/7-FaceId-0_align.webp,0.008884,1.0,0.0348724982220867
database3/database3/m.017cgg/62-FaceId-0_align.webp,0.009893,1.0,0.0986168492904616
database3/database3/m.017d3v/21-FaceId-0_align.webp,0.000486,1.0,0.024727089690754
database3/database3/m.017dpj/104-FaceId-0_align.webp,0.159674,1.0,0.0984316962443252
database3/database3/m.017dpj/116-FaceId-0_align.webp,0.004563,1.0,0.0934089917066783
database3/database3/m.017dpj/14-FaceId-0_align.webp,0.012759,1.0,0.0787364319510158
database3/database3/m.017dpj/6-FaceId-0_align.webp,0.157516,1.0,0.1060849199809168
database3/database3/m.017dpj/81-FaceId-0_align.webp,0.117413,1.0,0.1316171723692705
database3/database3/m.017dpj/98-FaceId-0_align.webp,0.093515,1.0,0.0958702064896755
database3/database3/m.017f4y/21-FaceId-0_align.webp,0.009046,1.0,0.0531273150597946
database3/database3/m.017fgp/17-FaceId-0_align.webp,0.004873,1.0,0.0224007713321549
database3/database3/m.017fhk/5-FaceId-0_align.webp,0.05945,1.0,0.0836861313868613
database3/database3/m.017fhk/70-FaceId-0_align.webp,0.025921,1.0,0.0387733177068073
database3/database3/m.017fhk/87-FaceId-0_align.webp,0.146412,1.0,0.0876384509661249
database3/database3/m.017fj_/2-FaceId-0_align.webp,0.022486,1.0,0.0456657845478603
database3/database3/m.017fj_/97-FaceId-0_align.webp,0.013264,1.0,0.0878808660723033
database3/database3/m.017fks/21-FaceId-0_align.webp,0.013755,1.0,0.0484239521707828
database3/database3/m.017fks/34-FaceId-0_align.webp,0.010024,1.0,0.1371569788395201
database3/database3/m.017fl5/7-FaceId-0_align.webp,0.088967,1.0,0.0572091961023142
database3/database3/m.017fl5/89-FaceId-0_align.webp,0.156395,1.0,0.0847332130130964
database3/database3/m.017fl_/0-FaceId-0_align.webp,0.016489,1.0,0.1190565683142266
database3/database3/m.017fp0/26-FaceId-0_align.webp,0.014762,1.0,0.0482873295643498
database3/database3/m.017fp0/70-FaceId-0_align.webp,0.102621,1.0,0.0576622049004887
database3/database3/m.017fp0/85-FaceId-0_align.webp,0.016216,1.0,0.0547495466199737
database3/database3/m.017fp0/92-FaceId-0_align.webp,0.03683,1.0,0.0989198408186469
database3/database3/m.017frf/2-FaceId-0_align.webp,0.239226,1.0,0.0452070815017945
database3/database3/m.017frf/48-FaceId-0_align.webp,0.242631,1.0,0.0495664911516687
database3/database3/m.017ft0/4-FaceId-0_align.webp,0.025186,0.0,0.0426046571631297
database3/database3/m.017fxp/62-FaceId-0_align.webp,0.006207,1.0,0.0762647797030451
database3/database3/m.017fzy/33-FaceId-0_align.webp,0.135665,1.0,0.0456787153425151
database3/database3/m.017fzy/38-FaceId-0_align.webp,0.020138,1.0,0.0550083627578517
database3/database3/m.017fzy/44-FaceId-0_align.webp,0.119262,1.0,0.0612635609444799
database3/database3/m.017fzy/7-FaceId-0_align.webp,0.042513,1.0,0.0512990917434096
database3/database3/m.017fzy/84-FaceId-0_align.webp,0.1089,1.0,0.0524652579478393
database3/database3/m.017fzy/88-FaceId-0_align.webp,0.093437,1.0,0.0512923323669113
database3/database3/m.017g21/51-FaceId-0_align.webp,0.121234,1.0,0.0633941412459314
database3/database3/m.017g2y/13-FaceId-0_align.webp,0.026164,1.0,0.0500420774224573
database3/database3/m.017gd_/53-FaceId-0_align.webp,0.006889,1.0,0.123478496077901
database3/database3/m.017gd_/59-FaceId-0_align.webp,0.012556,1.0,0.0804826825187769
database3/database3/m.017gxw/53-FaceId-0_align.webp,0.064935,0.0,0.0517377161444958
database3/database3/m.017h4c/0-FaceId-0_align.webp,0.049628,1.0,0.0954755309325946
database3/database3/m.017h_2/23-FaceId-0_align.webp,0.06887,1.0,0.1127211384575457
database3/database3/m.017hgl/21-FaceId-0_align.webp,0.089799,1.0,0.0515173323737555
database3/database3/m.017hgl/42-FaceId-0_align.webp,0.004642,1.0,0.055766492643569
database3/database3/m.017hjk/57-FaceId-0_align.webp,0.009431,1.0,0.0523981402177902
database3/database3/m.017hm9/3-FaceId-0_align.webp,0.001744,1.0,0.1398601398601398
database3/database3/m.017hm9/36-FaceId-0_align.webp,0.002432,1.0,0.0508623392913138
database3/database3/m.017hw4/23-FaceId-0_align.webp,0.000412,1.0,0.053005858212462
database3/database3/m.017hwl/3-FaceId-0_align.webp,0.014017,1.0,0.1063836507786095
database3/database3/m.017j1w/26-FaceId-0_align.webp,0.021211,1.0,0.0410480605598263
database3/database3/m.017j1w/35-FaceId-0_align.webp,0.039099,1.0,0.043408831676715
database3/database3/m.017j1w/8-FaceId-0_align.webp,0.052854,1.0,0.0416160212999942
database3/database3/m.017j2b/85-FaceId-0_align.webp,0.008707,1.0,0.07198573657232
database3/database3/m.017jwg/17-FaceId-0_align.webp,0.002376,1.0,0.0636256221132156
database3/database3/m.017jwg/53-FaceId-0_align.webp,0.066995,0.0,0.0543284762972242
database3/database3/m.017jwg/82-FaceId-0_align.webp,0.035246,1.0,0.0570792492501777
database3/database3/m.017kb5/32-FaceId-0_align.webp,0.006182,1.0,0.0529630394383646
database3/database3/m.017kgm/108-FaceId-1_align.webp,0.015319,1.0,0.0290165239896476
database3/database3/m.017kgm/94-FaceId-0_align.webp,0.003416,1.0,0.0384381526422925
database3/database3/m.017kq/37-FaceId-0_align.webp,0.040762,1.0,0.0956610366919044
database3/database3/m.017kq/48-FaceId-0_align.webp,0.009092,1.0,0.0908004778972521
database3/database3/m.017l4/11-FaceId-0_align.webp,0.001488,1.0,0.044770909090909
database3/database3/m.017l4/73-FaceId-0_align.webp,0.09873,1.0,0.0557998483699772
database3/database3/m.017l4/80-FaceId-0_align.webp,0.025497,1.0,0.0690854034654853
database3/database3/m.017l7y/97-FaceId-0_align.webp,0.002424,1.0,0.0310364794441227
database3/database3/m.017lcg/63-FaceId-0_align.webp,0.136168,1.0,0.054235821599937
database3/database3/m.017m2y/105-FaceId-0_align.webp,0.084072,0.0,0.0527022728076066
database3/database3/m.017m2y/30-FaceId-0_align.webp,0.20052,0.0,0.0591070163004961
database3/database3/m.017mrb/26-FaceId-0_align.webp,0.125876,1.0,0.0479757085020242
database3/database3/m.017q3j/27-FaceId-0_align.webp,0.040475,1.0,0.0504294818509282
database3/database3/m.017q3j/87-FaceId-1_align.webp,0.137407,1.0,0.0699242660026973
database3/database3/m.017qkp/105-FaceId-0_align.webp,0.016276,1.0,0.0463264468463538
database3/database3/m.017qkp/8-FaceId-0_align.webp,0.006413,1.0,0.0436222771165506
database3/database3/m.017r13/15-FaceId-0_align.webp,0.004576,1.0,0.0427790379805734
database3/database3/m.017r13/32-FaceId-0_align.webp,0.001926,1.0,0.0411843216299403
database3/database3/m.017r13/71-FaceId-0_align.webp,0.149849,1.0,0.0528152260111023
database3/database3/m.017r5g/69-FaceId-0_align.webp,0.246362,0.0,0.0669129905826161
database3/database3/m.017rh4/92-FaceId-0_align.webp,0.059749,1.0,0.0553735820432369
database3/database3/m.017rjs/94-FaceId-0_align.webp,0.227853,1.0,0.0490079952620669
database3/database3/m.017tk3/113-FaceId-0_align.webp,0.041074,1.0,0.0622644831836591
database3/database3/m.017tk3/5-FaceId-0_align.webp,0.023981,1.0,0.059375
database3/database3/m.017tk3/61-FaceId-0_align.webp,0.058875,1.0,0.0675894049040961
database3/database3/m.017tk3/83-FaceId-0_align.webp,0.016266,1.0,0.0537956156898458
database3/database3/m.017tkv/15-FaceId-0_align.webp,0.09519,0.0,0.0470090823676793
database3/database3/m.017tkv/5-FaceId-0_align.webp,0.108291,0.0,0.0534578146611341
database3/database3/m.017tlt/70-FaceId-0_align.webp,0.079127,1.0,0.0329923426657095
database3/database3/m.017tn4/17-FaceId-0_align.webp,0.026983,1.0,0.0936574788374129
database3/database3/m.017tn4/54-FaceId-2_align.webp,0.042656,1.0,0.0764511562057574
database3/database3/m.017tnz/116-FaceId-0_align.webp,0.135035,1.0,0.0565738316273903
database3/database3/m.017vfn/43-FaceId-0_align.webp,0.036126,1.0,0.0545118000925497
database3/database3/m.017vkk/88-FaceId-0_align.webp,0.022172,0.0,0.0518296611261435
database3/database3/m.017vkx/34-FaceId-1_align.webp,0.050784,1.0,0.1107852578131839
database3/database3/m.017wbg/77-FaceId-0_align.webp,0.079706,1.0,0.0471347365186664
database3/database3/m.017x_s/36-FaceId-0_align.webp,0.021378,1.0,0.1545111744688678
database3/database3/m.017xm3/52-FaceId-0_align.webp,0.225925,0.0,0.058912037037037
database3/database3/m.017yfz/93-FaceId-0_align.webp,0.237267,1.0,0.0
database3/database3/m.017yvm/5-FaceId-0_align.webp,0.011632,1.0,0.0562895091980964
database3/database3/m.017yvm/93-FaceId-0_align.webp,0.007487,1.0,0.0854020734099187
database3/database3/m.017yzt/119-FaceId-0_align.webp,0.299381,0.0,0.0569728619125074
database3/database3/m.017yzt/55-FaceId-0_align.webp,0.055778,0.0,0.0446073166108548
database3/database3/m.017yzt/61-FaceId-0_align.webp,0.0,0.0,0.0397031416400426
database3/database3/m.017z_/91-FaceId-0_align.webp,0.06531,1.0,0.1002678136666125
database3/database3/m.017zng/39-FaceId-0_align.webp,0.114304,1.0,0.0466310599835661
database3/database3/m.017zng/73-FaceId-0_align.webp,0.087005,1.0,0.0555970998471892
database3/database3/m.017zng/97-FaceId-0_align.webp,0.096418,1.0,0.0406061543219421
database3/database3/m.01804k/55-FaceId-0_align.webp,0.104401,0.0,0.0525560118868743
database3/database3/m.01807/65-FaceId-0_align.webp,0.087681,1.0,0.1139550812934857
database3/database3/m.01807/73-FaceId-0_align.webp,0.147607,1.0,0.1257285595337219
database3/database3/m.018144/31-FaceId-0_align.webp,0.317719,1.0,0.0474565119052514
database3/database3/m.018144/55-FaceId-0_align.webp,0.076827,1.0,0.0510508378301618
database3/database3/m.01815s/106-FaceId-0_align.webp,0.234236,0.0,0.0570048309178743
database3/database3/m.01815s/50-FaceId-0_align.webp,0.243106,0.0,0.0542676271556428
database3/database3/m.01815s/64-FaceId-0_align.webp,0.173641,0.0,0.0516897948343403
database3/database3/m.0181gp/6-FaceId-0_align.webp,0.043543,1.0,0.0519915708018102
database3/database3/m.0181j_/107-FaceId-0_align.webp,0.027129,0.0,0.0511950752222117
database3/database3/m.0181kg/14-FaceId-0_align.webp,0.119867,1.0,0.1113715252024802
database3/database3/m.0181lj/18-FaceId-0_align.webp,0.190172,1.0,0.034061295650578
database3/database3/m.0181p_/19-FaceId-0_align.webp,0.041166,1.0,0.0889316142652491
database3/database3/m.0181p_/99-FaceId-0_align.webp,0.035046,1.0,0.0504997369805365
database3/database3/m.0181ph/4-FaceId-0_align.webp,0.019163,1.0,0.0731803149864117
database3/database3/m.0181ph/8-FaceId-0_align.webp,0.037384,1.0,0.0
database3/database3/m.0181x9/43-FaceId-0_align.webp,0.029481,1.0,0.0503250892401835
database3/database3/m.0181xq/13-FaceId-0_align.webp,0.002527,0.0,0.0792152006501296
database3/database3/m.0182hg/59-FaceId-0_align.webp,0.003662,1.0,0.0447795746932566
database3/database3/m.0182q2/111-FaceId-0_align.webp,0.014398,1.0,0.0526944363530439
database3/database3/m.0182q2/47-FaceId-0_align.webp,0.020684,1.0,0.0529540060298928
database3/database3/m.0182q2/58-FaceId-0_align.webp,0.034155,1.0,0.0440081034751441
database3/database3/m.0182vk/101-FaceId-0_align.webp,0.185784,1.0,0.1277067962329794
database3/database3/m.0182vk/97-FaceId-0_align.webp,0.113244,1.0,0.059868394493561
database3/database3/m.01830j/15-FaceId-0_align.webp,0.208446,0.0,0.0670885473664176
database3/database3/m.01833g/76-FaceId-0_align.webp,0.008544,1.0,0.0489644551997234
database3/database3/m.018348/1-FaceId-0_align.webp,0.029671,1.0,0.104943301419162
database3/database3/m.0183f9/72-FaceId-0_align.webp,0.028848,1.0,0.0948613833660039
database3/database3/m.018417/7-FaceId-0_align.webp,0.270045,0.0,0.0575786291232345
database3/database3/m.018493/45-FaceId-0_align.webp,0.059135,0.0,0.0611611081701076
database3/database3/m.0184cd/37-FaceId-0_align.webp,0.012663,0.0,0.0530376406933636
database3/database3/m.0184cd/69-FaceId-0_align.webp,0.041234,0.0,0.0538767534370856
database3/database3/m.0184jc/9-FaceId-0_align.webp,0.061679,1.0,0.0634216768072599
database3/database3/m.0184xq/86-FaceId-0_align.webp,0.010468,1.0,0.0652616064848931
database3/database3/m.0185gs/107-FaceId-0_align.webp,0.133885,1.0,0.0575033910148382
database3/database3/m.0187y5/50-FaceId-0_align.webp,0.011259,1.0,0.1831997276300721
database3/database3/m.0187y5/55-FaceId-0_align.webp,0.018906,1.0,0.0573971850524551
database3/database3/m.0188n0/16-FaceId-0_align.webp,0.119925,1.0,0.0604121618639954
database3/database3/m.0188n0/81-FaceId-0_align.webp,0.437819,1.0,0.0707777071413435
database3/database3/m.0188n0/93-FaceId-0_align.webp,0.241643,1.0,0.0697896749521988
database3/database3/m.0188nj/68-FaceId-0_align.webp,0.036499,1.0,0.0423371821680758
database3/database3/m.018_3q/101-FaceId-0_align.webp,0.001235,1.0,0.0786595108361669
database3/database3/m.018_3q/89-FaceId-0_align.webp,0.024563,1.0,0.0418021100655831
database3/database3/m.018_lb/81-FaceId-0_align.webp,0.104704,0.0,0.0383015487008831
database3/database3/m.018c42/45-FaceId-1_align.webp,0.268912,1.0,0.0534588653628576
database3/database3/m.018c42/5-FaceId-0_align.webp,0.033426,1.0,0.0534591194968553
database3/database3/m.018cx_/16-FaceId-0_align.webp,0.128439,0.0,0.0549808290530275
database3/database3/m.018dnt/83-FaceId-0_align.webp,0.012334,1.0,0.051896960551843
database3/database3/m.018dpq/74-FaceId-0_align.webp,0.08469,1.0,0.0493257242557522
database3/database3/m.018dpq/9-FaceId-0_align.webp,0.06436,1.0,0.0525146285460336
database3/database3/m.018dq3/21-FaceId-0_align.webp,0.264271,0.0,0.0613389571928565
database3/database3/m.018dq3/43-FaceId-0_align.webp,0.005771,0.0,0.0527168108052234
database3/database3/m.018dqg/14-FaceId-0_align.webp,0.002005,1.0,0.0386301283466305
database3/database3/m.018dyl/57-FaceId-0_align.webp,0.066796,1.0,0.0359318469958873
database3/database3/m.018f07/77-FaceId-0_align.webp,0.067893,1.0,0.0667059115131986
database3/database3/m.018f07/88-FaceId-0_align.webp,0.019681,1.0,0.0496237736927326
database3/database3/m.018f_y/78-FaceId-0_align.webp,0.005574,1.0,0.1581995648850473
database3/database3/m.018fkc/18-FaceId-0_align.webp,0.048624,0.0,0.07197224484016
database3/database3/m.018fkc/51-FaceId-0_align.webp,0.004824,1.0,0.0526460355246291
database3/database3/m.018fmr/107-FaceId-0_align.webp,0.087037,0.0,0.0566421586123206
database3/database3/m.018fmr/38-FaceId-0_align.webp,0.082888,0.0,0.105548980018102
database3/database3/m.018fmr/39-FaceId-0_align.webp,0.154489,0.0,0.0525176577808156
database3/database3/m.018fmr/77-FaceId-0_align.webp,0.094029,0.0,0.050089571112438
database3/database3/m.018fmr/96-FaceId-0_align.webp,0.118151,0.0,0.0651914092209626
database3/database3/m.018fvy/74-FaceId-0_align.webp,0.006913,1.0,0.0473922772390842
database3/database3/m.018fwb/106-FaceId-0_align.webp,0.105164,0.0,0.0677707561560252
database3/database3/m.018fyy/5-FaceId-0_align.webp,0.161114,0.0,0.051925167772654
database3/database3/m.018fzs/56-FaceId-0_align.webp,0.057952,1.0,0.0932150745444505
database3/database3/m.018fzs/60-FaceId-0_align.webp,0.058021,1.0,0.0440282408315355
database3/database3/m.018fzs/89-FaceId-0_align.webp,0.00707,1.0,0.0432811480756686
database3/database3/m.018g4z/59-FaceId-0_align.webp,0.266921,0.0,0.1083521444695259
database3/database3/m.018gcf/20-FaceId-0_align.webp,0.017916,1.0,0.0465474185492769
database3/database3/m.018gcf/28-FaceId-0_align.webp,0.0,1.0,0.0587469947673596
database3/database3/m.018gjx/0-FaceId-0_align.webp,0.03658,1.0,0.0507513555383423
database3/database3/m.018gjx/88-FaceId-1_align.webp,0.040357,1.0,0.0530898279889573
database3/database3/m.018gkb/31-FaceId-0_align.webp,0.133832,1.0,0.1337803855825649
database3/database3/m.018gkb/69-FaceId-0_align.webp,0.119964,1.0,0.0505182341650671
database3/database3/m.018gl5/55-FaceId-0_align.webp,0.0,1.0,0.0484428052921203
database3/database3/m.018gn4/7-FaceId-0_align.webp,0.045659,1.0,0.0565145649552579
database3/database3/m.018gn4/95-FaceId-0_align.webp,0.084694,1.0,0.0590495309958118
database3/database3/m.018gqj/17-FaceId-0_align.webp,0.18042,1.0,0.0538784239532779
database3/database3/m.018gqj/45-FaceId-0_align.webp,0.048033,1.0,0.0558557917940695
database3/database3/m.018gqj/51-FaceId-0_align.webp,0.113401,1.0,0.0588897693623055
database3/database3/m.018gqj/9-FaceId-0_align.webp,0.182644,1.0,0.0623952927716258
database3/database3/m.018gsl/54-FaceId-0_align.webp,0.015144,1.0,0.1481187833357359
database3/database3/m.018gw3/19-FaceId-0_align.webp,0.042889,1.0,0.0969642048028998
database3/database3/m.018h84/20-FaceId-0_align.webp,0.006714,1.0,0.054955596125878
database3/database3/m.018h84/4-FaceId-0_align.webp,0.077047,1.0,0.0416054003475471
database3/database3/m.018hhw/26-FaceId-0_align.webp,0.058762,0.0,0.0574375134283463
database3/database3/m.018hwl/22-FaceId-0_align.webp,0.105538,1.0,0.0658237262923019
database3/database3/m.018j3w/52-FaceId-0_align.webp,0.03127,1.0,0.0378411910669975
database3/database3/m.018j4c/21-FaceId-0_align.webp,0.159984,1.0,0.0487742687502276
database3/database3/m.018j4c/60-FaceId-0_align.webp,0.116911,1.0,0.0706093053385664
database3/database3/m.018j4c/72-FaceId-0_align.webp,0.050298,1.0,0.0522301272403885
database3/database3/m.018j5m/87-FaceId-0_align.webp,0.119486,0.0,0.0690420137631293
database3/database3/m.018jnn/6-FaceId-0_align.webp,0.046059,1.0,0.0417377492793693
database3/database3/m.018jnn/60-FaceId-0_align.webp,0.021036,1.0,0.0386606834656541
database3/database3/m.018jz8/4-FaceId-0_align.webp,0.129694,1.0,0.051947590810638
database3/database3/m.018kd0/56-FaceId-0_align.webp,0.078738,1.0,0.0566045035982357
database3/database3/m.018kjc/45-FaceId-0_align.webp,0.336481,1.0,0.0720173974611844
database3/database3/m.018kjc/74-FaceId-0_align.webp,0.359873,1.0,0.0670838183934807
database3/database3/m.018lb1/1-FaceId-0_align.webp,0.066363,0.0,0.0515943615710962
database3/database3/m.018lb1/113-FaceId-0_align.webp,0.174767,0.0,0.0568390172350568
database3/database3/m.018lb1/45-FaceId-0_align.webp,0.011283,0.0,0.046627077638483
database3/database3/m.018lb1/60-FaceId-0_align.webp,0.101898,0.0,0.0504475462121471
database3/database3/m.018lb1/67-FaceId-0_align.webp,0.058712,0.0,0.0426650127309525
database3/database3/m.018lp7/31-FaceId-0_align.webp,0.068826,0.0,0.0584154433943293
database3/database3/m.018lp7/5-FaceId-0_align.webp,0.037973,0.0,0.0526850409697298
database3/database3/m.018lpm/41-FaceId-0_align.webp,0.03151,1.0,0.0901252706464584
database3/database3/m.018lx_/11-FaceId-0_align.webp,0.157239,1.0,0.0714009763635725
database3/database3/m.018lxn/67-FaceId-0_align.webp,0.041223,0.0,0.0481316872427983
database3/database3/m.018m5c/31-FaceId-0_align.webp,0.012538,1.0,0.0358862681348342
database3/database3/m.018m5c/6-FaceId-0_align.webp,0.013236,1.0,0.0431475029036004
database3/database3/m.018m5c/74-FaceId-0_align.webp,0.007729,1.0,0.0570812025185491
database3/database3/m.018mfl/68-FaceId-0_align.webp,0.01486,1.0,0.0738264717198922
database3/database3/m.018n52/37-FaceId-0_align.webp,0.024108,1.0,0.0427031375703942
database3/database3/m.018n7d/44-FaceId-0_align.webp,0.002157,1.0,0.0448062319612183
database3/database3/m.018n9d/58-FaceId-0_align.webp,0.182622,1.0,0.04703298367857
database3/database3/m.018nqq/25-FaceId-0_align.webp,0.02666,1.0,0.039396257502648
database3/database3/m.018nqq/56-FaceId-0_align.webp,0.002557,1.0,0.0500369276218611
database3/database3/m.018nwp/42-FaceId-0_align.webp,0.023176,1.0,0.1218702865761689
database3/database3/m.018p19/2-FaceId-0_align.webp,0.029409,1.0,0.0884374066328055
database3/database3/m.018pj3/21-FaceId-0_align.webp,0.206243,0.0,0.0403514588859416
database3/database3/m.018pkl/117-FaceId-0_align.webp,0.00271,1.0,0.0589910353313411
database3/database3/m.018ptf/125-FaceId-1_align.webp,0.193842,0.0,0.0840610738633162
database3/database3/m.018ptf/6-FaceId-0_align.webp,0.184452,1.0,0.0505960930767021
database3/database3/m.018ptf/69-FaceId-0_align.webp,0.264398,1.0,0.0804723227083475
database3/database3/m.018ptf/87-FaceId-0_align.webp,0.284614,1.0,0.0669785649496347
database3/database3/m.018pyg/114-FaceId-0_align.webp,0.004286,0.0,0.0421848096422422
database3/database3/m.018pyg/50-FaceId-0_align.webp,0.094308,0.0,0.0398529315212395
database3/database3/m.018q7p/61-FaceId-0_align.webp,0.113962,1.0,0.0589130434782608
database3/database3/m.018qkz/35-FaceId-0_align.webp,0.11651,0.0,0.0580820169139939
database3/database3/m.018qkz/48-FaceId-0_align.webp,0.078768,0.0,0.056910569105691
database3/database3/m.018qlp/1-FaceId-0_align.webp,0.057596,0.0,0.061000176709666
database3/database3/m.018qlp/2-FaceId-0_align.webp,0.201501,0.0,0.0694190401532967
database3/database3/m.018qlp/67-FaceId-0_align.webp,0.023725,0.0,0.0475886589479442
database3/database3/m.018qlp/73-FaceId-0_align.webp,0.048836,0.0,0.0538089067721475
database3/database3/m.018qlp/81-FaceId-0_align.webp,0.220874,0.0,0.0598965755934687
database3/database3/m.018qlp/99-FaceId-0_align.webp,0.098556,0.0,0.052994909699463
database3/database3/m.018qn8/16-FaceId-0_align.webp,0.180079,0.0,0.0574329561308324
database3/database3/m.018qn8/24-FaceId-0_align.webp,0.067297,0.0,0.0567709398214407
database3/database3/m.018qn8/3-FaceId-0_align.webp,0.144663,0.0,0.0573725704472718
database3/database3/m.018qpb/20-FaceId-0_align.webp,0.030827,0.0,0.034973924380704
database3/database3/m.018qpb/42-FaceId-0_align.webp,0.04676,0.0,0.0466089603348235
database3/database3/m.018qr9/59-FaceId-0_align.webp,0.041718,0.0,0.0492150397773677
database3/database3/m.018qwf/0-FaceId-0_align.webp,0.034965,1.0,0.0347636745879791
database3/database3/m.018qx5/48-FaceId-0_align.webp,0.145397,0.0,0.1176305107904995
database3/database3/m.018r3g/1-FaceId-0_align.webp,0.015575,1.0,0.1177004095962551
database3/database3/m.018rsq/63-FaceId-0_align.webp,0.05182,1.0,0.0430915262760875
database3/database3/m.018rsq/82-FaceId-0_align.webp,0.021029,1.0,0.0676044429071063
database3/database3/m.018ry5/78-FaceId-0_align.webp,0.052713,1.0,0.0564573798627002
database3/database3/m.018s7v/75-FaceId-0_align.webp,0.055964,0.0,0.0591411769057217
database3/database3/m.018slq/19-FaceId-0_align.webp,0.164016,1.0,0.0572485602044319
database3/database3/m.018swb/94-FaceId-0_align.webp,0.035612,1.0,0.0591966857623717
database3/database3/m.018t67/2-FaceId-0_align.webp,0.002151,1.0,0.0362771505530402
database3/database3/m.018t67/75-FaceId-0_align.webp,0.002161,1.0,0.0378818385779209
database3/database3/m.018t67/76-FaceId-0_align.webp,0.014984,1.0,0.0405461684911946
database3/database3/m.018tfd/63-FaceId-0_align.webp,0.039426,1.0,0.0376846997140133
database3/database3/m.018tvs/4-FaceId-0_align.webp,0.186437,1.0,0.0604842052897769
database3/database3/m.018v8c/66-FaceId-0_align.webp,0.031012,1.0,0.0399009756807921
database3/database3/m.018v_8/56-FaceId-0_align.webp,0.065146,1.0,0.0415228326264917
database3/database3/m.018vhw/41-FaceId-2_align.webp,0.017996,1.0,0.0
database3/database3/m.018vhw/84-FaceId-1_align.webp,0.010037,1.0,0.0554057911261932
database3/database3/m.018vhw/94-FaceId-0_align.webp,0.022504,1.0,0.0455343627005752
database3/database3/m.018w6s/30-FaceId-0_align.webp,0.009687,1.0,0.1244711049220716
database3/database3/m.018wh0/34-FaceId-0_align.webp,0.038341,1.0,0.03830071918381
database3/database3/m.018wqb/36-FaceId-1_align.webp,0.061601,1.0,0.0717343306447979
database3/database3/m.018x3/82-FaceId-0_align.webp,0.000249,1.0,0.0405301785518676
database3/database3/m.018x3/89-FaceId-0_align.webp,0.006661,1.0,0.0614427940844798
database3/database3/m.018xrz/49-FaceId-0_align.webp,0.084464,1.0,0.056088872788746
database3/database3/m.018y0w/54-FaceId-0_align.webp,0.014612,1.0,0.0490573297422085
database3/database3/m.018y2s/21-FaceId-0_align.webp,0.010478,1.0,0.0548148148148148
database3/database3/m.018y4x/104-FaceId-0_align.webp,0.014664,1.0,0.0467242854193091
database3/database3/m.018y4x/94-FaceId-0_align.webp,0.083805,1.0,0.035883775757019
database3/database3/m.018ycp/32-FaceId-0_align.webp,0.169605,1.0,0.0459840840101731
database3/database3/m.018ycp/64-FaceId-0_align.webp,0.011204,1.0,0.0459820451061966
