filename,target,gender,pred
database1/img00000154.webp,0.036749,1.0,0.0875876393833962
database1/img00000271.webp,0.229724,1.0,0.127154799565506
database1/img00000323.webp,0.120628,0.0,0.0816350947125314
database1/img00000364.webp,0.00341,1.0,0.0787018426500893
database1/img00000371.webp,0.000249,1.0,0.0989375672835026
database1/img00000438.webp,0.102267,0.0,0.0879046648559736
database1/img00000448.webp,0.032257,0.0,0.0973822856218638
database1/img00000477.webp,0.158779,0.0,0.0612160024969283
database1/img00000491.webp,0.333523,0.0,0.1025695937039938
database1/img00000679.webp,0.022454,0.0,0.0859363681607948
database1/img00000766.webp,0.241328,0.0,0.1053341675141728
database1/img00000781.webp,0.01402,1.0,0.0864210439732176
database1/img00000793.webp,0.308688,0.0,0.1313802816930575
database1/img00000806.webp,0.083687,1.0,0.0876863056983422
database1/img00000857.webp,0.167176,0.0,0.0904793111488259
database1/img00000882.webp,0.118298,0.0,0.0886010522185689
database1/img00000903.webp,0.006576,1.0,0.107302945497583
database1/img00000929.webp,0.021546,1.0,0.0983415657906831
database1/img00000941.webp,0.232414,0.0,0.1008757446458382
database1/img00001032.webp,0.044127,1.0,0.1115033252756426
database1/img00001145.webp,0.022379,1.0,0.07744916945317
database1/img00001291.webp,0.022322,0.0,0.083826850812333
database1/img00001371.webp,0.148865,0.0,0.0888577189675066
database1/img00001491.webp,0.264813,0.0,0.1259778906416425
database1/img00001551.webp,0.054068,1.0,0.0862148318783989
database1/img00001573.webp,0.095382,0.0,0.0704755771475185
database1/img00001650.webp,0.088325,0.0,0.0665393288258621
database1/img00001652.webp,0.074782,1.0,0.0964239220279521
database1/img00001674.webp,0.188753,0.0,0.1274317517322712
database1/img00001701.webp,0.002942,1.0,0.0969978743434768
database1/img00001779.webp,0.009358,1.0,0.1884549671603072
database1/img00001812.webp,0.017934,0.0,0.0668310965919823
database1/img00001859.webp,0.006232,1.0,0.1095391905483412
database1/img00001872.webp,0.094988,0.0,0.0871011837556547
database1/img00001883.webp,0.015755,0.0,0.0914861676061128
database1/img00001978.webp,0.02291,1.0,0.107301918291079
database1/img00002013.webp,0.068771,1.0,0.0878174030475846
database1/img00002073.webp,0.265663,0.0,0.1034280709251267
database1/img00002136.webp,0.083835,0.0,0.0878867205611259
database1/img00002187.webp,0.062593,1.0,0.1072160174894102
database1/img00002221.webp,0.024328,1.0,0.0980370045840212
database1/img00002227.webp,0.172367,0.0,0.1097787549882826
database1/img00002414.webp,0.290565,0.0,0.187115540365168
database1/img00002415.webp,0.370759,0.0,0.1223746355518975
database1/img00002527.webp,0.008082,0.0,0.0904618688824804
database1/img00002649.webp,0.108227,0.0,0.0838032634649698
database1/img00002695.webp,0.191496,0.0,0.0868402457035006
database1/img00002698.webp,0.019352,0.0,0.0875401523453859
database1/img00002713.webp,0.025594,1.0,0.111040901419041
database1/img00002737.webp,0.01324,1.0,0.0942400682707606
database1/img00002813.webp,0.015997,0.0,0.0691999916766388
database1/img00002915.webp,0.059948,0.0,0.0805277018415724
database1/img00002916.webp,0.061003,0.0,0.085413410230866
database1/img00003052.webp,0.34648,0.0,0.1042423242204871
database1/img00003146.webp,0.130163,0.0,0.0643269205226301
database1/img00003162.webp,0.193332,0.0,0.1118096928715072
database1/img00003199.webp,0.314562,0.0,0.1005731074492651
database1/img00003273.webp,0.126445,0.0,0.1142067957766033
database1/img00003300.webp,0.007141,1.0,0.1027449129022479
database1/img00003360.webp,0.008946,1.0,0.0900740459862306
database1/img00003390.webp,0.054933,0.0,0.0976166527632268
database1/img00003437.webp,0.01322,1.0,0.0792722007572107
database1/img00003452.webp,0.040754,0.0,0.0772426790497155
database1/img00003584.webp,0.23463,0.0,0.1066463773537119
database1/img00003713.webp,0.000555,1.0,0.0719926293271486
database1/img00003746.webp,0.099051,1.0,0.1013818191416662
database1/img00003877.webp,0.01258,0.0,0.1004350382730611
database1/img00003884.webp,0.091278,0.0,0.0755879005969213
database1/img00003887.webp,0.010493,1.0,0.1515120926315483
database1/img00003978.webp,0.178955,0.0,0.0540031627056427
database1/img00004026.webp,0.365443,0.0,0.1140039281955775
database1/img00004041.webp,0.094007,0.0,0.0749352195259972
database1/img00004164.webp,0.026259,1.0,0.0837186666683311
database1/img00004216.webp,0.034337,0.0,0.0809728284856008
database1/img00004261.webp,0.165876,0.0,0.1059820878597276
database1/img00004273.webp,0.156777,0.0,0.0816124882823386
database1/img00004308.webp,0.126358,0.0,0.0866512693293055
database1/img00004416.webp,0.13739,1.0,0.0975765320043387
database1/img00004426.webp,0.364242,1.0,0.1367815177716487
database1/img00004540.webp,0.140347,0.0,0.0711095504836445
database1/img00004621.webp,0.130906,0.0,0.0918591855207704
database1/img00004701.webp,0.060368,0.0,0.0625300832198195
database1/img00004841.webp,0.021785,1.0,0.0869696620361205
database1/img00004851.webp,0.058337,1.0,0.0915324336526767
database1/img00004895.webp,0.001337,1.0,0.0869219070310704
database1/img00005027.webp,0.095752,1.0,0.1142852282120372
database1/img00005030.webp,0.114344,0.0,0.0933423311293286
database1/img00005095.webp,0.018419,0.0,0.0937788404276369
database1/img00005116.webp,0.107525,0.0,0.1023826927806024
database1/img00005179.webp,0.058586,1.0,0.1007456652326174
database1/img00005208.webp,0.021009,1.0,0.1945611777890602
database1/img00005271.webp,0.408256,0.0,0.1282743244612724
database1/img00005293.webp,0.043233,0.0,0.0868556329875661
database1/img00005339.webp,0.173984,0.0,0.0665370132298379
database1/img00005347.webp,0.002911,0.0,0.064838831528582
database1/img00005361.webp,0.189098,0.0,0.0849975725809084
database1/img00005501.webp,0.145725,0.0,0.0816665899729889
database1/img00005507.webp,0.232343,0.0,0.1580170433704649
database1/img00005509.webp,0.003247,1.0,0.1783402535880965
database1/img00005522.webp,0.185571,0.0,0.0812888235334693
database1/img00005579.webp,0.037795,1.0,0.1027774182159784
database1/img00005689.webp,0.281579,0.0,0.0883558427124943
database1/img00005696.webp,0.366924,0.0,0.1533816771889937
database1/img00005723.webp,0.013358,0.0,0.1119479043879117
database1/img00005726.webp,0.041346,1.0,0.1017435794852052
database1/img00005753.webp,0.009879,0.0,0.0934450152094046
database1/img00005766.webp,0.177714,0.0,0.0915914216719128
database1/img00005768.webp,0.024309,1.0,0.116998783247836
database1/img00005822.webp,0.022373,0.0,0.0675407874974726
database1/img00005851.webp,0.375359,0.0,0.1049219767462859
database1/img00005896.webp,0.063671,0.0,0.1111541443903149
database1/img00005910.webp,0.374925,0.0,0.0966690428468971
database1/img00006003.webp,0.020291,1.0,0.1032594994794666
database1/img00006021.webp,0.018409,1.0,0.1968286964699656
database1/img00006047.webp,0.105454,0.0,0.0821891368949748
database1/img00006101.webp,0.326093,0.0,0.1125301619492598
database1/img00006168.webp,0.00248,1.0,0.0677328718074888
database1/img00006196.webp,0.0412,1.0,0.0911502147937251
database1/img00006204.webp,0.331116,1.0,0.1083385152753136
database1/img00006269.webp,0.011789,1.0,0.0985508210253377
database1/img00006334.webp,0.003849,1.0,0.0736415745361189
database1/img00006414.webp,0.208227,0.0,0.0952342391656437
database1/img00006420.webp,0.026323,1.0,0.1046324033968032
database1/img00006436.webp,0.008945,1.0,0.1155708759090132
database1/img00006571.webp,0.06176,0.0,0.0746902985423475
database1/img00006576.webp,0.028441,1.0,0.1201287490275898
database1/img00006629.webp,0.000814,1.0,0.0640563581816262
database1/img00006690.webp,0.119839,0.0,0.0811873043019173
database1/img00006694.webp,0.019638,1.0,0.084352334459483
database1/img00006722.webp,0.383369,0.0,0.1345825334216448
database1/img00006757.webp,0.169654,1.0,0.1385117342786731
database1/img00007032.webp,0.079705,0.0,0.0924735635420617
database1/img00007152.webp,0.296672,0.0,0.1193122169362111
database1/img00007289.webp,0.004896,1.0,0.1089169520430655
database1/img00007329.webp,0.096683,0.0,0.0920052281859009
database1/img00007335.webp,0.012784,1.0,0.1062553367543442
database1/img00007354.webp,0.047242,0.0,0.0753857145156695
database1/img00007383.webp,0.020362,1.0,0.0691520869838372
database1/img00007416.webp,0.105824,1.0,0.1027862467160521
database1/img00007435.webp,0.275659,0.0,0.1543380954124542
database1/img00007452.webp,0.091268,0.0,0.0796419568350854
database1/img00007454.webp,0.052407,1.0,0.1176608359476363
database1/img00007468.webp,0.289625,0.0,0.1476928295357784
database1/img00007470.webp,0.024029,1.0,0.2302211818789745
database1/img00007537.webp,0.023879,0.0,0.087026976962408
database1/img00007538.webp,0.239526,0.0,0.0959026320957971
database1/img00007592.webp,0.092299,0.0,0.085761175798157
database1/img00007663.webp,0.000453,1.0,0.0798201675172577
database1/img00007675.webp,0.145663,0.0,0.0780501800950118
database1/img00007764.webp,0.212475,0.0,0.0884166956124437
database1/img00007790.webp,0.273678,0.0,0.1181181020232818
database1/img00007837.webp,0.07434,0.0,0.0798214096265032
database1/img00007851.webp,0.187909,0.0,0.0943515977251455
database1/img00007897.webp,0.021438,1.0,0.094080770199212
database1/img00007955.webp,0.100119,0.0,0.0831958869331825
database1/img00007965.webp,0.126287,0.0,0.0648259830672942
database1/img00008054.webp,0.125876,0.0,0.0689945839037053
database1/img00008062.webp,0.192134,0.0,0.1233272812413271
database1/img00008079.webp,0.010384,1.0,0.0933149637349675
database1/img00008191.webp,0.127108,1.0,0.1195375527179155
database1/img00008233.webp,0.03355,1.0,0.1060621675374129
database1/img00008333.webp,0.123145,0.0,0.0823725651355759
database1/img00008350.webp,0.003002,0.0,0.0729518287554135
database1/img00008419.webp,0.136366,0.0,0.0938712862239301
database1/img00008444.webp,0.19563,0.0,0.0885840550137576
database1/img00008485.webp,0.153649,0.0,0.0683588636650065
database1/img00008500.webp,0.243166,1.0,0.1101136630973661
database1/img00008540.webp,0.020411,1.0,0.0971868829270636
database1/img00008619.webp,0.172849,1.0,0.0938617475819658
database1/img00008684.webp,0.116788,1.0,0.1724506074446816
database1/img00008694.webp,0.257404,1.0,0.1298804423346227
database1/img00008702.webp,0.150713,0.0,0.0850865648258966
database1/img00008778.webp,0.047436,1.0,0.1070108702081884
database1/img00008864.webp,0.142253,1.0,0.0927485992927509
database1/img00008929.webp,0.025151,1.0,0.0761412983089508
database1/img00009119.webp,0.134423,0.0,0.0856269527301075
database1/img00009131.webp,0.11769,0.0,0.0785422955259961
database1/img00009180.webp,0.22272,0.0,0.113657790631518
database1/img00009210.webp,0.133618,1.0,0.0930147069852319
database1/img00009215.webp,0.015083,1.0,0.1935875602240044
database1/img00009309.webp,0.232271,0.0,0.1472356851625464
database1/img00009310.webp,0.032707,1.0,0.1137874430949436
database1/img00009395.webp,0.188981,0.0,0.0728048606801965
database1/img00009397.webp,0.022474,0.0,0.0741071381845427
database1/img00009399.webp,0.009987,1.0,0.0833930081792863
database1/img00009423.webp,0.205953,0.0,0.090231901258291
database1/img00009521.webp,0.096612,0.0,0.0741512479414673
database1/img00009606.webp,0.062144,1.0,0.0894541450410955
database1/img00009643.webp,0.076471,0.0,0.0820014616953728
database1/img00009666.webp,0.249637,0.0,0.0903751382700579
database1/img00009740.webp,0.056754,0.0,0.08629606664736
database1/img00009804.webp,0.00402,1.0,0.143034259447379
database1/img00009898.webp,0.123271,0.0,0.0825721695951588
database1/img00009952.webp,0.220282,0.0,0.1039388085502977
database1/img00009963.webp,0.081114,1.0,0.0992703116605768
database1/img00010009.webp,0.161796,0.0,0.0790809763432897
database1/img00010196.webp,0.131846,0.0,0.0806937906361759
database1/img00010250.webp,0.119697,0.0,0.1202701622722054
database1/img00010353.webp,0.145055,0.0,0.0875317577177506
database1/img00010363.webp,0.133258,0.0,0.0832415750123191
database1/img00010383.webp,0.010398,1.0,0.0592970223606379
database1/img00010445.webp,0.356323,0.0,0.0944769524407307
database1/img00010509.webp,0.056891,1.0,0.1269228020075898
database1/img00010530.webp,0.091729,0.0,0.089465536821288
database1/img00010535.webp,0.304853,0.0,0.1284620279544703
database1/img00010537.webp,0.013696,0.0,0.1006947623605576
database1/img00010580.webp,0.154987,1.0,0.0851640969162635
database1/img00010612.webp,0.334599,0.0,0.1032192056303484
database1/img00010629.webp,0.060911,0.0,0.0715648134159275
database1/img00010643.webp,0.114721,1.0,0.0842895035962884
database1/img00010674.webp,0.023709,0.0,0.0833267623039613
database1/img00010757.webp,0.206361,0.0,0.0931049160545747
database1/img00010780.webp,0.013969,0.0,0.0857218335456751
database1/img00010790.webp,0.031334,0.0,0.0750842644820451
database1/img00010806.webp,0.065196,0.0,0.0834116229979296
database1/img00010887.webp,0.081617,0.0,0.0884313565544225
database1/img00010888.webp,0.233141,1.0,0.1363205031532368
database1/img00010982.webp,0.00745,1.0,0.1149692760954644
database1/img00010983.webp,0.20866,0.0,0.0896753762384222
database1/img00011118.webp,0.178597,1.0,0.1701273803759301
database1/img00011128.webp,0.27358,1.0,0.0990931889304851
database1/img00011142.webp,0.28074,1.0,0.1170860144652062
database1/img00011296.webp,0.108452,1.0,0.1243427100447998
database1/img00011507.webp,0.092578,0.0,0.0867483080802251
database1/img00011516.webp,0.087323,0.0,0.0835658372743603
database1/img00011597.webp,0.091441,0.0,0.083914977642516
database1/img00011619.webp,0.253533,0.0,0.1093287075830868
database1/img00011623.webp,0.079619,0.0,0.0758144598148844
database1/img00011711.webp,0.412517,0.0,0.1508870270224516
database1/img00011737.webp,0.360567,0.0,0.1143988524341985
database1/img00011787.webp,0.009168,1.0,0.0888868905883662
database1/img00011827.webp,0.096535,0.0,0.0886213661192162
database1/img00011910.webp,0.153312,0.0,0.0839686058161571
database1/img00011946.webp,0.118833,0.0,0.086760518912882
database1/img00011981.webp,0.044401,1.0,0.0971022164827716
database1/img00011982.webp,0.064973,1.0,0.0832557629026762
database1/img00012046.webp,0.013245,1.0,0.1016161164904176
database1/img00012050.webp,0.169118,0.0,0.0808076319866867
database1/img00012055.webp,0.118938,0.0,0.0883906400607552
database1/img00012083.webp,0.105677,1.0,0.0900190282713719
database1/img00012173.webp,0.148639,0.0,0.0871973512310411
database1/img00012174.webp,0.13274,0.0,0.0951050726586437
database1/img00012175.webp,0.161502,0.0,0.0956756108555074
database1/img00012194.webp,0.057599,0.0,0.0864112466388544
database1/img00012259.webp,0.022948,1.0,0.1587242335862871
database1/img00012293.webp,0.081765,0.0,0.0884806284501487
database1/img00012367.webp,0.265563,0.0,0.1187907134181487
database1/img00012402.webp,0.08769,0.0,0.0873587581056068
database1/img00012413.webp,0.178087,0.0,0.0896641308292221
database1/img00012417.webp,0.047864,1.0,0.0861878197659558
database1/img00012444.webp,0.279593,0.0,0.1019711937453884
database1/img00012509.webp,0.14518,0.0,0.0700311222667994
database1/img00012555.webp,0.159567,0.0,0.0944463747835508
database1/img00012681.webp,0.00788,1.0,0.0843908115399792
database1/img00012805.webp,0.03627,0.0,0.0856865937672492
database1/img00012844.webp,0.027729,1.0,0.0977581635988168
database1/img00012874.webp,0.002528,1.0,0.1542983228133972
database1/img00012883.webp,0.105193,1.0,0.0860958881988533
database1/img00012980.webp,0.021348,1.0,0.0951182837617331
database1/img00013033.webp,0.378744,0.0,0.1225601157291142
database1/img00013074.webp,0.20406,0.0,0.1206655186923773
database1/img00013089.webp,0.0,1.0,0.0730387135247541
database1/img00013099.webp,0.124905,0.0,0.1212090211809066
database1/img00013109.webp,0.255454,0.0,0.2139472536083163
database1/img00013151.webp,0.003784,1.0,0.0835615515998569
database1/img00013182.webp,0.112701,0.0,0.081711443552738
database1/img00013213.webp,0.208104,1.0,0.1247327449331173
database1/img00013311.webp,0.021686,1.0,0.0933308812268983
database1/img00013313.webp,0.096531,0.0,0.1009355219893883
database1/img00013345.webp,0.111239,1.0,0.095360002028894
database1/img00013392.webp,0.234015,0.0,0.0891266288596788
database1/img00013433.webp,0.013693,1.0,0.0988742646695533
database1/img00013450.webp,0.007936,1.0,0.0861933700771983
database1/img00013515.webp,0.055869,0.0,0.0826774281815838
database1/img00013591.webp,0.097683,0.0,0.0784603092865953
database1/img00013659.webp,0.005492,0.0,0.0909800532294028
database1/img00013777.webp,0.039118,0.0,0.0828325396173259
database1/img00013856.webp,0.08085,0.0,0.1108967933611489
database1/img00013896.webp,0.155239,0.0,0.0933427764515617
database1/img00013978.webp,0.216187,1.0,0.0942878154869389
database1/img00014030.webp,0.009111,0.0,0.1095523706018202
database1/img00014146.webp,0.019737,0.0,0.0861596103412808
database1/img00014277.webp,0.009327,1.0,0.1126464270995532
database1/img00014440.webp,0.313716,0.0,0.1177484948562075
database1/img00014506.webp,0.002933,0.0,0.0955369758545786
database1/img00014634.webp,0.124116,1.0,0.0907400069419127
database1/img00014645.webp,0.294956,1.0,0.1118642267546589
database1/img00014657.webp,0.009173,1.0,0.0736191754834674
database1/img00014808.webp,0.222577,0.0,0.1103674898630921
database1/img00014845.webp,0.184098,0.0,0.0933848647670892
database1/img00014912.webp,0.085464,0.0,0.0891812091707112
database1/img00014924.webp,0.071344,1.0,0.1166886194302651
database1/img00015038.webp,0.222266,1.0,0.1112977546571673
database1/img00015081.webp,0.134204,0.0,0.1286239804625106
database1/img00015348.webp,0.225921,0.0,0.1091549428332846
database1/img00015359.webp,0.033386,0.0,0.0828328547242025
database1/img00015476.webp,0.164199,0.0,0.1245557446321556
database1/img00015498.webp,0.128891,0.0,0.0759234472417338
database1/img00015505.webp,0.086803,0.0,0.0846752331602486
database1/img00015509.webp,0.096299,1.0,0.1074239861926925
database1/img00015766.webp,0.128287,0.0,0.0810751588652051
database1/img00015784.webp,0.198335,0.0,0.098893161853699
database1/img00015947.webp,0.126497,0.0,0.0837045874024264
database1/img00016004.webp,0.076385,0.0,0.086524199234824
database1/img00016096.webp,0.018479,1.0,0.0953495845575885
database1/img00016164.webp,0.009807,1.0,0.0900796139918594
database1/img00016181.webp,0.000908,1.0,0.0794988152514179
database1/img00016288.webp,0.368142,0.0,0.1531629947577541
database1/img00016296.webp,0.233928,0.0,0.0893031802771512
database1/img00016398.webp,0.070727,0.0,0.08387380151958
database1/img00016442.webp,0.050167,0.0,0.0810036325530178
database1/img00016457.webp,0.145227,1.0,0.0927102467288324
database1/img00016490.webp,0.091022,0.0,0.071381893856316
database1/img00016497.webp,0.144198,0.0,0.092125606410811
database1/img00016611.webp,0.10049,0.0,0.0842972936791011
database1/img00016679.webp,0.001846,0.0,0.1084471229448056
database1/img00016886.webp,0.012909,1.0,0.0867186774194455
database1/img00016934.webp,0.076123,1.0,0.0793228200592113
database1/img00016955.webp,0.030027,1.0,0.1154950106948571
database1/img00017135.webp,0.137474,0.0,0.084878667360448
database1/img00017144.webp,0.291437,0.0,0.098471341992379
database1/img00017157.webp,0.097188,0.0,0.0826413495764457
database1/img00017237.webp,0.019539,0.0,0.0785471514688479
database1/img00017467.webp,0.193369,0.0,0.1203657976804699
database1/img00017485.webp,0.231654,0.0,0.1487729996472704
database1/img00017623.webp,0.273226,0.0,0.0957180760449082
database1/img00017648.webp,0.013591,1.0,0.0769632692959408
database1/img00017737.webp,0.0127,1.0,0.0963088485056508
database1/img00017893.webp,0.369649,0.0,0.1015359201034872
database1/img00018025.webp,0.125656,0.0,0.0772174005457805
database1/img00018042.webp,0.016056,1.0,0.0878505853608954
database1/img00018045.webp,0.096288,0.0,0.0820037950170663
database1/img00018076.webp,0.184672,1.0,0.0918683230724349
database1/img00018117.webp,0.020611,0.0,0.0941114694425197
database1/img00018133.webp,0.049189,0.0,0.0857592173213794
database1/img00018173.webp,0.28192,0.0,0.1063629128504299
database1/img00018225.webp,0.130293,0.0,0.0743444984614894
database1/img00018284.webp,0.238474,0.0,0.0981969165751704
database1/img00018380.webp,0.182421,0.0,0.0817258346495238
database1/img00018422.webp,0.021826,0.0,0.0912985275418997
database1/img00018465.webp,0.041569,1.0,0.1001420697219756
database1/img00018500.webp,0.147015,0.0,0.0809615245662284
database1/img00018591.webp,0.11045,0.0,0.0994991969364755
database1/img00018619.webp,0.026771,1.0,0.1011575665537246
database1/img00018643.webp,0.14475,0.0,0.0937963501596225
database1/img00018689.webp,0.008002,0.0,0.098816609848734
database1/img00018779.webp,0.045676,1.0,0.0870994566432786
database1/img00018873.webp,0.099329,0.0,0.0785219575453408
database1/img00018963.webp,0.0236,1.0,0.2450270713495705
database1/img00019125.webp,0.039224,1.0,0.1066545923219738
database1/img00019151.webp,0.151887,0.0,0.1175592826290984
database1/img00019162.webp,0.357571,0.0,0.1176911943808455
database1/img00019165.webp,0.070241,1.0,0.113593672407683
database1/img00019172.webp,0.017685,0.0,0.0747104200176352
database1/img00019200.webp,0.017214,1.0,0.0927619975423465
database1/img00019353.webp,0.013152,0.0,0.0792665530829641
database1/img00019360.webp,0.02429,1.0,0.0885922467388704
database1/img00019362.webp,0.226958,0.0,0.0912080887030487
database1/img00019406.webp,0.122785,0.0,0.089631508291087
database1/img00019511.webp,0.00639,1.0,0.0881506962992117
database1/img00019553.webp,0.097165,0.0,0.0830965500544886
database1/img00019616.webp,0.008603,1.0,0.1046473053442608
database1/img00019625.webp,0.044642,1.0,0.117411292195329
database1/img00019811.webp,0.135181,0.0,0.0839988962662682
database1/img00019846.webp,0.085115,0.0,0.0861120853854912
database1/img00019883.webp,0.295134,0.0,0.1346788080922355
database1/img00019956.webp,0.121542,0.0,0.0839473430956249
database1/img00020019.webp,0.245216,0.0,0.0967209194224786
database1/img00020092.webp,0.229511,0.0,0.1161078468854078
database1/img00020095.webp,0.369647,0.0,0.1189979492651137
database1/img00020106.webp,0.016139,1.0,0.0786016589863192
database1/img00020280.webp,0.093764,0.0,0.0835376175601501
database1/img00020383.webp,0.174486,0.0,0.0894440214832574
database1/img00020425.webp,0.105022,0.0,0.0791367136935242
database1/img00020495.webp,0.101841,0.0,0.0895771694765865
database1/img00020506.webp,0.143822,0.0,0.0899272465046548
database1/img00020690.webp,0.113169,0.0,0.0831599880484628
database1/img00020757.webp,0.123725,0.0,0.0858684989326377
database1/img00020765.webp,0.148549,0.0,0.0841510405483421
database1/img00020799.webp,0.406729,0.0,0.1488473267990436
database1/img00020831.webp,0.0,1.0,0.0667883040270585
database1/img00020839.webp,0.164052,0.0,0.0794252644315147
database1/img00020840.webp,0.164657,0.0,0.0921567191736542
database1/img00020876.webp,0.039848,0.0,0.0946012035035898
database1/img00020958.webp,0.18413,1.0,0.0979727097744929
database1/img00021024.webp,0.011248,1.0,0.1047722079055694
database1/img00021028.webp,0.079159,0.0,0.0736220360345513
database1/img00021119.webp,0.231027,0.0,0.070291763772853
database1/img00021174.webp,0.029653,1.0,0.0915853821558451
database1/img00021203.webp,0.100309,1.0,0.1605492084935358
database1/img00021240.webp,0.12352,0.0,0.0893636480851133
database1/img00021256.webp,0.115372,0.0,0.0807867187685924
database1/img00021294.webp,0.230757,0.0,0.1079321179433533
database1/img00021336.webp,0.216002,0.0,0.0907527525550421
database1/img00021374.webp,0.038864,0.0,0.085162963889226
database1/img00021382.webp,0.023478,1.0,0.1798806228192702
database1/img00021398.webp,0.118902,0.0,0.194136164962649
database1/img00021523.webp,0.125539,0.0,0.0871179547759184
database1/img00021529.webp,0.020743,0.0,0.087405035508295
database1/img00021585.webp,0.323915,0.0,0.092456465702757
database1/img00021592.webp,0.053661,1.0,0.0970938007666572
database1/img00021620.webp,0.012103,1.0,0.1066304789561441
database1/img00021622.webp,0.258145,0.0,0.1050060515450629
database1/img00021629.webp,0.347567,0.0,0.1167977680883185
database1/img00021724.webp,0.117861,0.0,0.0887725891648239
database1/img00021737.webp,0.042247,1.0,0.0932448920275873
database1/img00021763.webp,0.319156,0.0,0.1433130410775233
database1/img00021881.webp,0.200485,0.0,0.0812552267630488
database1/img00021891.webp,0.158308,0.0,0.0854925970623087
database1/img00022037.webp,0.280548,0.0,0.1252855006779963
database1/img00022062.webp,0.084716,1.0,0.0765566767917797
database1/img00022089.webp,0.105552,0.0,0.0843686433378861
database1/img00022098.webp,0.019455,1.0,0.0935224903738087
database1/img00022099.webp,0.017022,1.0,0.1082343564172295
database1/img00022106.webp,0.009696,1.0,0.0860549463978113
database1/img00022110.webp,0.247685,0.0,0.1360726577514479
database1/img00022174.webp,0.246505,1.0,0.1134095669434981
database1/img00022220.webp,0.197348,0.0,0.1627692712433965
database1/img00022367.webp,0.130304,0.0,0.0940378861439817
database1/img00022458.webp,0.178211,1.0,0.0812461170840195
database1/img00022462.webp,0.147091,1.0,0.1015226836520932
database1/img00022521.webp,0.025301,1.0,0.085252538508334
database1/img00022669.webp,0.094607,1.0,0.2107178881963317
database1/img00022715.webp,0.056654,0.0,0.0727960946795163
database1/img00022789.webp,0.207616,0.0,0.1560007551812022
database1/img00022833.webp,0.037262,1.0,0.0975015403820074
database1/img00022848.webp,0.082086,0.0,0.084226438476238
database1/img00022964.webp,0.170935,0.0,0.0932765146437129
database1/img00023014.webp,0.001544,1.0,0.2149736985392782
database1/img00023146.webp,0.103648,1.0,0.1061433029611915
database1/img00023176.webp,0.028973,1.0,0.1432303350923124
database1/img00023181.webp,0.102577,0.0,0.0897377758034006
database1/img00023337.webp,0.089515,0.0,0.0776695383820714
database1/img00023439.webp,0.005019,1.0,0.0936663449738043
database1/img00023478.webp,0.105124,0.0,0.0750334470568017
database1/img00023517.webp,0.050744,0.0,0.0901444527852227
database1/img00023568.webp,0.010958,1.0,0.1122672477255135
database1/img00023725.webp,0.203847,0.0,0.0900408887047344
database1/img00023876.webp,0.079286,0.0,0.0792199958560002
database1/img00023903.webp,0.124474,0.0,0.0652192127377409
database1/img00024004.webp,0.151347,0.0,0.0952894452451248
database1/img00024033.webp,0.008003,1.0,0.102385518624633
database1/img00024054.webp,0.158105,0.0,0.0848830450875663
database1/img00024075.webp,0.098827,0.0,0.0908539290396994
database1/img00024097.webp,0.056329,1.0,0.0865286891347252
database1/img00024151.webp,0.223931,0.0,0.0768006269167108
database1/img00024251.webp,0.125194,0.0,0.0840509203236118
database1/img00024286.webp,0.203387,0.0,0.1425008760797578
database1/img00024330.webp,0.039351,0.0,0.1177263158119985
database1/img00024429.webp,0.001011,1.0,0.0740610257239164
database1/img00024472.webp,0.231978,0.0,0.1004004579718018
database1/img00024480.webp,0.229159,0.0,0.0967191861606953
database1/img00024496.webp,0.010786,0.0,0.1067161983482219
database1/img00024553.webp,0.040348,1.0,0.0994668935622678
database1/img00024607.webp,0.016616,1.0,0.0960390973513448
database1/img00024687.webp,0.27365,0.0,0.1051642288351074
database1/img00024753.webp,0.192923,0.0,0.0942372815826121
database1/img00024774.webp,0.053221,0.0,0.0833722131774613
database1/img00025064.webp,0.015037,0.0,0.0701274250853603
database1/img00025075.webp,0.298755,0.0,0.1125655647831859
database1/img00025133.webp,0.155681,1.0,0.1109555288613613
database1/img00025166.webp,0.014644,0.0,0.0887254727373398
database1/img00025308.webp,0.026547,1.0,0.0940648765732975
database1/img00025347.webp,0.003317,1.0,0.1040507491861878
database1/img00025392.webp,0.084647,0.0,0.0862699841576032
database1/img00025465.webp,0.083236,0.0,0.1136953546727507
database1/img00025509.webp,0.003962,0.0,0.1096245755130653
database1/img00025534.webp,0.073372,0.0,0.092892418408452
database1/img00025566.webp,0.059194,1.0,0.1026246959582727
database1/img00025641.webp,0.045629,1.0,0.1092229112976943
database1/img00025678.webp,0.113275,0.0,0.0874628554682905
database1/img00025969.webp,0.033245,1.0,0.0950700066995284
database1/img00026052.webp,0.217685,0.0,0.0945701094212835
database1/img00026073.webp,0.052874,0.0,0.0791923564525102
database1/img00026088.webp,0.15625,0.0,0.0936149698403674
database1/img00026103.webp,0.013345,1.0,0.1130690514223193
database1/img00026169.webp,0.063574,1.0,0.1244804888229588
database1/img00026178.webp,0.317092,0.0,0.1169964945134233
database1/img00026249.webp,0.008453,1.0,0.1087350621973294
database1/img00026281.webp,0.219012,1.0,0.118923375241873
database1/img00026282.webp,0.011198,1.0,0.1056949797040746
database1/img00026305.webp,0.138547,1.0,0.1045602321854207
database1/img00026333.webp,0.154155,0.0,0.0832156403127416
database1/img00026341.webp,0.145098,0.0,0.1868604920790727
database1/img00026380.webp,0.102089,0.0,0.0925369771970621
database1/img00026418.webp,0.030072,1.0,0.0878607313365573
database1/img00026462.webp,0.007743,0.0,0.0888230990389487
database1/img00026473.webp,0.0,1.0,0.0907163603492408
database1/img00026493.webp,0.222605,0.0,0.0876159279628496
database1/img00026505.webp,0.024604,1.0,0.1110915736931889
database1/img00026554.webp,0.005176,1.0,0.1049014091641156
database1/img00026653.webp,0.0,0.0,0.0654556935508623
database1/img00026673.webp,0.305916,0.0,0.0965826396922852
database1/img00026714.webp,0.210407,0.0,0.092444348679022
database1/img00026908.webp,0.046474,0.0,0.0841929364374168
database1/img00027013.webp,0.003769,0.0,0.078586024367998
database1/img00027032.webp,0.007456,0.0,0.1109174164673011
database1/img00027062.webp,0.046983,1.0,0.0850991616179574
database1/img00027147.webp,0.083316,1.0,0.1101788622916714
database1/img00027201.webp,0.173566,0.0,0.0870174648728808
database1/img00027213.webp,0.102301,0.0,0.0874443983980713
database1/img00027267.webp,0.025949,0.0,0.0832736234321512
database1/img00027278.webp,0.04282,0.0,0.0858752098451894
database1/img00027291.webp,0.037481,1.0,0.1050844190254442
database1/img00027300.webp,0.162757,0.0,0.08864940686617
database1/img00027329.webp,0.120534,0.0,0.0621303342386145
database1/img00027355.webp,0.012954,0.0,0.0905989041141401
database1/img00027400.webp,0.093064,1.0,0.2564706340850262
database1/img00027672.webp,0.024684,0.0,0.0813197486907344
database1/img00027691.webp,0.263468,1.0,0.1166735281090264
database1/img00027708.webp,0.011879,1.0,0.1406278910100469
database1/img00027826.webp,0.008279,1.0,0.0977706004248254
database1/img00027870.webp,0.156292,0.0,0.0932863979254678
database1/img00027888.webp,0.010368,1.0,0.103630559638553
database1/img00027943.webp,0.005057,1.0,0.1147439552348104
database1/img00027980.webp,0.1488,0.0,0.0878479286029584
database1/img00028069.webp,0.00506,1.0,0.109992816095554
database1/img00028087.webp,0.001205,1.0,0.0738811334563135
database1/img00028101.webp,0.0173,1.0,0.0886857189568007
database1/img00028174.webp,0.122309,0.0,0.0851952148233831
database1/img00028222.webp,0.107143,0.0,0.0826287860355032
database1/img00028224.webp,0.146398,0.0,0.1005945888306436
database1/img00028300.webp,0.012183,0.0,0.0882517446758223
database1/img00028356.webp,0.152613,0.0,0.0675533197289202
database1/img00028517.webp,0.382837,0.0,0.1266647055179262
database1/img00028551.webp,0.203166,0.0,0.1418813656183969
database1/img00028578.webp,0.061325,0.0,0.0794474918994129
database1/img00028581.webp,0.020189,1.0,0.0878778256314407
database1/img00028723.webp,0.12276,0.0,0.0924438359485036
database1/img00028742.webp,0.061928,0.0,0.0698469304095197
database1/img00028757.webp,0.031527,1.0,0.099314458446782
database1/img00028784.webp,0.01652,0.0,0.0836687274707268
database1/img00028843.webp,0.045216,1.0,0.1157171965155595
database1/img00028942.webp,0.085705,0.0,0.0710553159917545
database1/img00029059.webp,0.201976,0.0,0.092952856115703
database1/img00029154.webp,0.027398,0.0,0.161493575283791
database1/img00029252.webp,0.011317,1.0,0.1066065911606041
database1/img00029315.webp,0.223811,0.0,0.105848166674538
database1/img00029326.webp,0.073163,0.0,0.0753352971368656
database1/img00029393.webp,0.181547,0.0,0.0876850213909888
database1/img00029479.webp,0.172507,1.0,0.1147967046824628
database1/img00029527.webp,9.6e-05,1.0,0.0737058770776714
database1/img00029586.webp,0.049823,0.0,0.0885168913002634
database1/img00029691.webp,0.030185,1.0,0.1134720388350019
database1/img00029706.webp,0.21533,1.0,0.2350264464280264
database1/img00029758.webp,0.113217,0.0,0.0825481929897805
database1/img00029778.webp,0.154551,0.0,0.1247391740157553
database1/img00029960.webp,0.383842,0.0,0.1142147142969223
database2/database2/test/148.webp,0.048036,1.0,0.0874556903582199
database2/database2/test/190.webp,0.086509,1.0,0.1966406354456692
database2/database2/test/216.webp,0.245817,0.0,0.0827799482471904
database2/database2/test/232.webp,0.275174,0.0,0.0971852726863085
database2/database2/test/239.webp,0.175156,0.0,0.113802563154577
database2/database2/test/266.webp,0.213241,0.0,0.0961279243216836
database2/database2/test/34.webp,0.050154,0.0,0.079799163229083
database2/database2/test/453.webp,0.089504,1.0,0.0566655333966965
database2/database2/test/472.webp,0.226614,1.0,0.1410786081812613
database2/database2/test/91.webp,0.465517,1.0,0.1042725386623525
database2/database2/train/1009.webp,0.104761,1.0,0.1226713837010811
database2/database2/train/1240.webp,0.146101,0.0,0.0998344957354147
database2/database2/train/1258.webp,0.246853,0.0,0.2705086866231384
database2/database2/train/127.webp,0.075508,0.0,0.0689686345007916
database2/database2/train/1279.webp,0.000502,1.0,0.1956199574026499
database2/database2/train/1311.webp,0.172932,1.0,0.2786989577667534
database2/database2/train/174.webp,0.051776,1.0,0.2672443316911571
database2/database2/train/203.webp,0.050641,1.0,0.1024718818167574
database2/database2/train/219.webp,0.142928,0.0,0.1024491274950302
database2/database2/train/233.webp,0.281943,1.0,0.1186682370409298
database2/database2/train/26.webp,0.011878,0.0,0.0816603423868586
database2/database2/train/34.webp,0.095641,0.0,0.1057479750857369
database2/database2/train/433.webp,0.036418,1.0,0.1084260035490901
database2/database2/train/436.webp,0.026337,1.0,0.0904175685578431
database2/database2/train/515.webp,0.012181,1.0,0.0956008336191962
database2/database2/train/547.webp,0.0,1.0,0.067555139429347
database2/database2/train/613.webp,0.048432,0.0,0.0827950002309889
database2/database2/train/624.webp,0.123039,1.0,0.2060097749282322
database2/database2/train/650.webp,0.113219,0.0,0.0863627520513602
database2/database2/train/766.webp,0.167917,0.0,0.1176618288733207
database2/database2/train/814.webp,0.3,0.0,0.1208526325542729
database2/database2/train/846.webp,0.020085,1.0,0.10264111816517
database2/database2/train/900.webp,0.417188,1.0,0.1152839943014129
database2/database2/train/928.webp,0.09983,0.0,0.0876189455449269
database2/database2/train/97.webp,0.048559,1.0,0.1083587904257879
database2/database2/train/992.webp,0.32608,0.0,0.1250647051230977
database3/database3/m.0109kg/59-FaceId-0_align.webp,0.264823,0.0,0.1130751334797372
database3/database3/m.010bk0/59-FaceId-0_align.webp,0.021845,1.0,0.1962558510832732
database3/database3/m.010ngb/60-FaceId-0_align.webp,0.012915,1.0,0.081992299235355
database3/database3/m.010p3/45-FaceId-0_align.webp,0.01465,1.0,0.1173800467533897
database3/database3/m.010p3/69-FaceId-0_align.webp,0.027584,1.0,0.1026120619683222
database3/database3/m.010p3/82-FaceId-0_align.webp,0.013896,1.0,0.0927862346544325
database3/database3/m.010wty2t/83-FaceId-1_align.webp,0.168202,1.0,0.1671399633309674
database3/database3/m.0112yl/20-FaceId-0_align.webp,0.035573,1.0,0.1253667240031954
database3/database3/m.01167d3z/34-FaceId-0_align.webp,0.37993,1.0,0.1323702779874236
database3/database3/m.01167d3z/74-FaceId-0_align.webp,0.319357,1.0,0.1206881256752956
database3/database3/m.011_0k/17-FaceId-0_align.webp,0.022011,1.0,0.0938592236854891
database3/database3/m.011_0k/3-FaceId-0_align.webp,0.017225,1.0,0.10413106857065
database3/database3/m.011_0k/43-FaceId-0_align.webp,0.025252,1.0,0.095624108102724
database3/database3/m.011_0k/77-FaceId-0_align.webp,0.126436,1.0,0.211296254004129
database3/database3/m.011_2h/101-FaceId-0_align.webp,0.183945,0.0,0.1088164503612793
database3/database3/m.011_2h/18-FaceId-0_align.webp,0.139464,0.0,0.161217213575245
database3/database3/m.011_2h/21-FaceId-0_align.webp,0.028243,0.0,0.0929827654248534
database3/database3/m.011_3d/107-FaceId-0_align.webp,0.091414,1.0,0.1174425609808308
database3/database3/m.011_3d/31-FaceId-0_align.webp,0.156269,1.0,0.1147457572507336
database3/database3/m.011_3d/35-FaceId-0_align.webp,0.154662,1.0,0.3337265787647466
database3/database3/m.011_3s/106-FaceId-0_align.webp,0.132155,0.0,0.1010169598396637
database3/database3/m.011_3s/93-FaceId-0_align.webp,0.255275,0.0,0.1235214837837983
database3/database3/m.011_8/14-FaceId-0_align.webp,0.108434,1.0,0.0951021398159042
database3/database3/m.011_nf/83-FaceId-0_align.webp,0.036792,1.0,0.0984149808771988
database3/database3/m.011_pk/73-FaceId-0_align.webp,0.106935,1.0,0.1248980728632766
database3/database3/m.011_pk/98-FaceId-0_align.webp,0.021278,1.0,0.072703119988312
database3/database3/m.011_r9/15-FaceId-0_align.webp,0.000453,1.0,0.0859142735035823
database3/database3/m.011_r9/35-FaceId-0_align.webp,0.0,1.0,0.061577696453586
database3/database3/m.011h_w/16-FaceId-0_align.webp,0.023388,1.0,0.1802156918962811
database3/database3/m.011h_w/57-FaceId-0_align.webp,0.034974,1.0,0.1387704513430811
database3/database3/m.011hdn/3-FaceId-0_align.webp,0.144586,1.0,0.1591730152422505
database3/database3/m.011hm1/28-FaceId-0_align.webp,0.045589,0.0,0.1171630478014887
database3/database3/m.011hm1/59-FaceId-0_align.webp,0.308314,0.0,0.1125828636857266
database3/database3/m.011hmd/24-FaceId-0_align.webp,0.029049,1.0,0.1514026998089677
database3/database3/m.011jfg/102-FaceId-0_align.webp,0.016853,0.0,0.0921798696706355
database3/database3/m.011jfg/64-FaceId-0_align.webp,0.014724,0.0,0.0956766654386573
database3/database3/m.011kd9/42-FaceId-0_align.webp,0.092666,1.0,0.0
database3/database3/m.011kd9/48-FaceId-0_align.webp,0.021031,1.0,0.1855962492492711
database3/database3/m.011l17/115-FaceId-0_align.webp,0.008147,1.0,0.0908240352727931
database3/database3/m.011l17/73-FaceId-0_align.webp,0.013848,1.0,0.1049676462670161
database3/database3/m.011l17/78-FaceId-0_align.webp,0.000371,1.0,0.0875508083459856
database3/database3/m.011lf5/30-FaceId-0_align.webp,0.003745,1.0,0.108691579459528
database3/database3/m.011lhy/14-FaceId-0_align.webp,0.06605,1.0,0.0708346102362447
database3/database3/m.011m1y/65-FaceId-0_align.webp,0.010331,1.0,0.1660221421062596
database3/database3/m.011m1y/93-FaceId-0_align.webp,0.010174,1.0,0.0824731626621171
database3/database3/m.011m33/35-FaceId-0_align.webp,0.10764,0.0,0.0773152755027998
database3/database3/m.011m33/96-FaceId-0_align.webp,0.077455,0.0,0.1087683386217519
database3/database3/m.011m33/98-FaceId-0_align.webp,0.093352,0.0,0.1485566043649465
database3/database3/m.011p3/100-FaceId-0_align.webp,0.261068,0.0,0.1316899576130835
database3/database3/m.011p3/38-FaceId-0_align.webp,0.260325,0.0,0.0923917376575437
database3/database3/m.011qm2/8-FaceId-0_align.webp,0.02115,1.0,0.089972686870672
database3/database3/m.011w1b/4-FaceId-0_align.webp,0.011173,0.0,0.0853356857293054
database3/database3/m.011w1b/5-FaceId-0_align.webp,0.149673,0.0,0.0903443441670303
database3/database3/m.011w1b/65-FaceId-0_align.webp,0.028609,0.0,0.0836475387083167
database3/database3/m.011w1b/75-FaceId-0_align.webp,0.102741,0.0,0.102354619952753
database3/database3/m.011xgp/24-FaceId-0_align.webp,0.060348,1.0,0.1039593707597972
database3/database3/m.011xgp/72-FaceId-0_align.webp,0.024118,1.0,0.1377365157400643
database3/database3/m.011xjd/62-FaceId-0_align.webp,0.025855,1.0,0.1108549696428774
database3/database3/m.011xl3/35-FaceId-0_align.webp,0.101991,1.0,0.1058053644269097
database3/database3/m.011xl3/86-FaceId-0_align.webp,0.095741,1.0,0.1836089021398664
database3/database3/m.011xl3/92-FaceId-0_align.webp,0.15032,1.0,0.1054754808295839
database3/database3/m.011xl3/99-FaceId-0_align.webp,0.04585,1.0,0.0935792082796046
database3/database3/m.011xll/89-FaceId-0_align.webp,0.057752,1.0,0.157984671619199
database3/database3/m.011ybj/52-FaceId-0_align.webp,0.042728,1.0,0.096044922074659
database3/database3/m.011ybj/61-FaceId-0_align.webp,0.033422,1.0,0.0836020519109446
database3/database3/m.011yx0/17-FaceId-0_align.webp,0.03676,1.0,0.0993190464394067
database3/database3/m.011yx0/7-FaceId-0_align.webp,0.025923,1.0,0.0896137030481593
database3/database3/m.011z69/22-FaceId-0_align.webp,0.003956,1.0,0.0805417971551242
database3/database3/m.011z69/27-FaceId-0_align.webp,0.057013,1.0,0.0891378236386421
database3/database3/m.011z69/67-FaceId-0_align.webp,0.026898,1.0,0.0925951597649718
database3/database3/m.011zfk/22-FaceId-0_align.webp,0.214757,1.0,0.0800671349719407
database3/database3/m.011zfz/75-FaceId-0_align.webp,0.159958,0.0,0.0953551770643382
database3/database3/m.011zg9/22-FaceId-0_align.webp,0.107141,0.0,0.0764219529074161
database3/database3/m.011zg9/39-FaceId-0_align.webp,0.053582,0.0,0.0848860633940172
database3/database3/m.011zgs/52-FaceId-0_align.webp,0.127677,0.0,0.2396630066003379
database3/database3/m.011zkh/84-FaceId-0_align.webp,0.008351,1.0,0.0905825076332324
database3/database3/m.011zwl/37-FaceId-0_align.webp,0.073722,1.0,0.090765172177004
database3/database3/m.01200d/24-FaceId-0_align.webp,0.036817,1.0,0.0777971798146817
database3/database3/m.01200d/80-FaceId-0_align.webp,0.017066,1.0,0.0799151400418213
database3/database3/m.012052/1-FaceId-0_align.webp,0.109494,1.0,0.0892412573174171
database3/database3/m.012052/30-FaceId-0_align.webp,0.193814,1.0,0.252171489280049
database3/database3/m.012052/63-FaceId-0_align.webp,0.135953,1.0,0.1202378536249944
database3/database3/m.0122lq/12-FaceId-0_align.webp,0.034174,1.0,0.0753289793140611
database3/database3/m.0122lq/62-FaceId-0_align.webp,0.002899,1.0,0.1448453044657734
database3/database3/m.0122lq/73-FaceId-0_align.webp,0.026793,1.0,0.0816028767768568
database3/database3/m.0122m5/94-FaceId-0_align.webp,0.003731,1.0,0.1629466222493019
database3/database3/m.01233w/1-FaceId-0_align.webp,0.049894,1.0,0.0807167663336541
database3/database3/m.01233w/25-FaceId-0_align.webp,0.043404,1.0,0.1098653781329272
database3/database3/m.01239/57-FaceId-0_align.webp,0.01656,1.0,0.1131080815669362
database3/database3/m.01239/68-FaceId-0_align.webp,0.012855,1.0,0.0960790163491316
database3/database3/m.0123x2/101-FaceId-0_align.webp,0.244668,1.0,0.1321766882078348
database3/database3/m.01241v/54-FaceId-0_align.webp,0.010871,1.0,0.0726487325918051
database3/database3/m.0124t/70-FaceId-0_align.webp,0.066352,0.0,0.1702492290788856
database3/database3/m.01257s/41-FaceId-1_align.webp,0.025408,1.0,0.0987426201612129
database3/database3/m.0126rp/46-FaceId-0_align.webp,0.064149,1.0,0.0800477280273946
database3/database3/m.0126rp/48-FaceId-0_align.webp,0.020111,1.0,0.0862987960737114
database3/database3/m.0126y2/49-FaceId-0_align.webp,0.042913,1.0,0.0953841147807281
database3/database3/m.0126y2/81-FaceId-0_align.webp,0.011658,1.0,0.1944266091791302
database3/database3/m.0126y2/92-FaceId-0_align.webp,0.2594,1.0,0.1459743230081752
database3/database3/m.01270s/15-FaceId-0_align.webp,0.00523,1.0,0.0719027700881889
database3/database3/m.01270s/43-FaceId-0_align.webp,0.024273,1.0,0.0937645318051946
database3/database3/m.01271_/40-FaceId-0_align.webp,0.046844,0.0,0.0906224934726351
database3/database3/m.01271_/42-FaceId-0_align.webp,0.082785,0.0,0.137654471355729
database3/database3/m.01271_/92-FaceId-0_align.webp,0.131196,0.0,0.0890808817364829
database3/database3/m.0127fx/6-FaceId-0_align.webp,0.010653,1.0,0.0909519113722056
database3/database3/m.0127gn/12-FaceId-0_align.webp,0.02417,1.0,0.0780804858279506
database3/database3/m.0127tk/114-FaceId-0_align.webp,0.088119,1.0,0.0806882237157694
database3/database3/m.0127tk/121-FaceId-0_align.webp,0.110272,1.0,0.1007436843268127
database3/database3/m.0127tk/32-FaceId-0_align.webp,0.044592,1.0,0.0889379885045051
database3/database3/m.0127tk/61-FaceId-0_align.webp,0.157887,1.0,0.1061480948518191
database3/database3/m.0127tk/75-FaceId-0_align.webp,0.118857,1.0,0.1012634988866208
database3/database3/m.0127tk/83-FaceId-0_align.webp,0.180049,1.0,0.0866456645098159
database3/database3/m.0127zt/62-FaceId-0_align.webp,0.099007,0.0,0.0907429384348363
database3/database3/m.012801/76-FaceId-0_align.webp,0.060329,1.0,0.0867327553327942
database3/database3/m.012981/36-FaceId-0_align.webp,0.038673,1.0,0.0884405467291444
database3/database3/m.012_53/112-FaceId-0_align.webp,0.081654,0.0,0.0783130180383175
database3/database3/m.012_53/73-FaceId-0_align.webp,0.056783,0.0,0.0819483767554235
database3/database3/m.012_jj/10-FaceId-0_align.webp,0.005143,1.0,0.0854146476311536
database3/database3/m.012_jj/103-FaceId-0_align.webp,0.04174,1.0,0.0654215129767911
database3/database3/m.012_jj/83-FaceId-0_align.webp,0.123978,1.0,0.0844076274054308
database3/database3/m.012c6j/57-FaceId-0_align.webp,0.0,1.0,0.0542080969203141
database3/database3/m.012c6x/43-FaceId-0_align.webp,0.000386,1.0,0.1238058518209989
database3/database3/m.012c8f/13-FaceId-0_align.webp,0.010098,1.0,0.1027051841738301
database3/database3/m.012c8f/85-FaceId-0_align.webp,0.121074,1.0,0.2252520632274819
database3/database3/m.012ck8/1-FaceId-0_align.webp,0.250793,0.0,0.1627333054727432
database3/database3/m.012cm5/19-FaceId-0_align.webp,0.050828,1.0,0.1040199373445349
database3/database3/m.012cm5/75-FaceId-0_align.webp,0.032775,1.0,0.0566087473715812
database3/database3/m.012cm5/90-FaceId-0_align.webp,0.082057,1.0,0.1211056689511322
database3/database3/m.012cnn/11-FaceId-0_align.webp,0.107545,0.0,0.0920388352359338
database3/database3/m.012cph/108-FaceId-0_align.webp,0.01551,1.0,0.0856979369556952
database3/database3/m.012cph/17-FaceId-0_align.webp,0.005549,1.0,0.1264287212723931
database3/database3/m.012cph/68-FaceId-0_align.webp,0.017584,1.0,0.1334221541111723
database3/database3/m.012cyp/33-FaceId-0_align.webp,0.012748,0.0,0.0799501025501623
database3/database3/m.012cyp/43-FaceId-0_align.webp,0.207358,0.0,0.0865612306109778
database3/database3/m.012cyp/7-FaceId-0_align.webp,0.030272,0.0,0.0750550850564893
database3/database3/m.012czd/35-FaceId-0_align.webp,0.035058,0.0,0.0725704222942208
database3/database3/m.012czd/90-FaceId-0_align.webp,0.001711,0.0,0.0956194983579123
database3/database3/m.012dtw/86-FaceId-0_align.webp,0.075626,1.0,0.1374507185821227
database3/database3/m.012fgx/58-FaceId-0_align.webp,0.039289,1.0,0.0809462883108489
database3/database3/m.012g8l/75-FaceId-0_align.webp,0.015517,1.0,0.1141453459734571
database3/database3/m.012gbb/1-FaceId-0_align.webp,0.057132,0.0,0.1027829834356258
database3/database3/m.012gbb/104-FaceId-0_align.webp,0.023381,0.0,0.0805019058799048
database3/database3/m.012gbb/86-FaceId-0_align.webp,0.070682,0.0,0.1078325029471417
database3/database3/m.012gdw/54-FaceId-0_align.webp,0.06697,1.0,0.0834528238205062
database3/database3/m.012gl8/17-FaceId-0_align.webp,0.06567,0.0,0.0883598030601624
database3/database3/m.012gl8/38-FaceId-0_align.webp,0.063039,0.0,0.0869476666611383
database3/database3/m.012gq6/33-FaceId-0_align.webp,0.016946,1.0,0.0772601610856279
database3/database3/m.012gr9/29-FaceId-0_align.webp,0.156273,0.0,0.1248581672594639
database3/database3/m.012gx2/64-FaceId-0_align.webp,0.000577,1.0,0.0859904389719403
database3/database3/m.012gx2/77-FaceId-0_align.webp,0.126437,1.0,0.1197803166293382
database3/database3/m.012gx2/8-FaceId-0_align.webp,0.019361,1.0,0.0695588968051736
database3/database3/m.012gx2/99-FaceId-0_align.webp,0.025003,1.0,0.1129836953177549
database3/database3/m.012h65/109-FaceId-0_align.webp,0.210562,1.0,0.2631956478244078
database3/database3/m.012hqb/33-FaceId-0_align.webp,0.004406,1.0,0.1165655834276057
database3/database3/m.012hr4/21-FaceId-0_align.webp,0.126033,1.0,0.0907219659016468
database3/database3/m.012hr4/67-FaceId-0_align.webp,0.183915,1.0,0.0929382134446014
database3/database3/m.012hr4/74-FaceId-0_align.webp,0.037244,1.0,0.0942787550546308
database3/database3/m.012hsb/101-FaceId-0_align.webp,0.192286,1.0,0.0968395797602568
database3/database3/m.012hsb/74-FaceId-0_align.webp,0.057902,1.0,0.1007741654271808
database3/database3/m.012hz4/77-FaceId-0_align.webp,0.118119,0.0,0.1323585441299591
database3/database3/m.012j2r/108-FaceId-0_align.webp,0.027644,1.0,0.0751179095861103
database3/database3/m.012j2r/38-FaceId-0_align.webp,0.010758,1.0,0.0931461399977768
database3/database3/m.012j2r/9-FaceId-0_align.webp,0.029992,1.0,0.0765622443279422
database3/database3/m.012kdb/7-FaceId-0_align.webp,0.154185,0.0,0.0930436578332707
database3/database3/m.012kk4/31-FaceId-1_align.webp,0.026924,1.0,0.1091918786405018
database3/database3/m.012l22/20-FaceId-0_align.webp,0.182682,1.0,0.2332246062146835
database3/database3/m.012l22/56-FaceId-0_align.webp,0.079127,1.0,0.1910525929960234
database3/database3/m.012lyg/82-FaceId-0_align.webp,0.015571,1.0,0.0766424911130516
database3/database3/m.012m1c/109-FaceId-0_align.webp,0.052592,0.0,0.0790213737536133
database3/database3/m.012m1c/113-FaceId-0_align.webp,0.018979,0.0,0.0824596330701706
database3/database3/m.012m1c/56-FaceId-0_align.webp,0.076711,0.0,0.0609700860644852
database3/database3/m.012m7r/99-FaceId-0_align.webp,0.002972,1.0,0.2091638611504847
database3/database3/m.012mh_/3-FaceId-0_align.webp,0.065168,1.0,0.0855993324833672
database3/database3/m.012mh_/6-FaceId-0_align.webp,0.002681,1.0,0.0795149888133857
database3/database3/m.012mk7/90-FaceId-0_align.webp,0.032433,1.0,0.0750392734022226
database3/database3/m.012ml0/96-FaceId-0_align.webp,0.031451,1.0,0.0774792507157618
database3/database3/m.012mmb/47-FaceId-0_align.webp,0.146313,0.0,0.1218685721204871
database3/database3/m.012mn4/43-FaceId-0_align.webp,0.005783,1.0,0.1021311373378038
database3/database3/m.012nry/108-FaceId-0_align.webp,0.006878,1.0,0.066199330215971
database3/database3/m.012nry/28-FaceId-0_align.webp,0.006764,1.0,0.1473773089173631
database3/database3/m.012nry/3-FaceId-0_align.webp,0.008173,1.0,0.0906132718703661
database3/database3/m.012nry/57-FaceId-0_align.webp,0.00436,1.0,0.1055120330618732
database3/database3/m.012pjh/2-FaceId-0_align.webp,0.0,1.0,0.1015246992967651
database3/database3/m.012q4n/50-FaceId-0_align.webp,0.004622,1.0,0.2356658175604671
database3/database3/m.012qfw/20-FaceId-1_align.webp,0.162552,0.0,0.0736753820399536
database3/database3/m.012qfw/41-FaceId-0_align.webp,0.211858,0.0,0.0742682810657216
database3/database3/m.012qgc/82-FaceId-0_align.webp,0.002042,1.0,0.1037605718878265
database3/database3/m.012rng/35-FaceId-0_align.webp,0.036379,1.0,0.1504201353020307
database3/database3/m.012rng/47-FaceId-0_align.webp,0.022161,1.0,0.379427367792653
database3/database3/m.012rng/48-FaceId-0_align.webp,0.01786,1.0,0.0912783809618602
database3/database3/m.012rth/93-FaceId-0_align.webp,0.046323,1.0,0.3036182796411998
database3/database3/m.012s1x/11-FaceId-0_align.webp,0.049377,1.0,0.0961178647918534
database3/database3/m.012s5j/122-FaceId-0_align.webp,0.205872,0.0,0.1161783193863581
database3/database3/m.012s9f/0-FaceId-0_align.webp,0.000412,1.0,0.0804321691693731
database3/database3/m.012st7/14-FaceId-0_align.webp,0.003821,1.0,0.1804033128150602
database3/database3/m.012t1d/17-FaceId-0_align.webp,0.167599,1.0,0.0911985799089597
database3/database3/m.012t1d/37-FaceId-0_align.webp,0.016467,1.0,0.0909406078686384
database3/database3/m.012t1d/80-FaceId-0_align.webp,0.014504,1.0,0.1364065655577961
database3/database3/m.012t3l/22-FaceId-0_align.webp,0.012766,1.0,0.0
database3/database3/m.012t7s/3-FaceId-0_align.webp,0.014581,1.0,0.0872255528004814
database3/database3/m.012tmz/123-FaceId-0_align.webp,0.001629,1.0,0.0890161776012533
database3/database3/m.012v1t/29-FaceId-0_align.webp,0.118114,0.0,0.081599335080794
database3/database3/m.012v1t/67-FaceId-0_align.webp,0.072956,0.0,0.0777520864046227
database3/database3/m.012v1t/93-FaceId-0_align.webp,0.033657,0.0,0.0824459826391114
database3/database3/m.012vby/3-FaceId-0_align.webp,0.002151,1.0,0.1270274804131133
database3/database3/m.012vby/36-FaceId-0_align.webp,0.0,1.0,0.2344053006112617
database3/database3/m.012vd6/49-FaceId-0_align.webp,0.124288,0.0,0.111378624305918
database3/database3/m.012vd6/5-FaceId-0_align.webp,0.104381,0.0,0.0915653998549174
database3/database3/m.012vd6/75-FaceId-1_align.webp,0.054381,0.0,0.1500014228155987
database3/database3/m.012vf6/90-FaceId-0_align.webp,0.069167,0.0,0.1113109153685573
database3/database3/m.012vhn/10-FaceId-0_align.webp,0.009813,1.0,0.0807951840931128
database3/database3/m.012vhn/4-FaceId-0_align.webp,0.005793,1.0,0.0463143020659965
database3/database3/m.012vq0/30-FaceId-0_align.webp,0.028246,1.0,0.0862204239910977
database3/database3/m.012vq0/67-FaceId-0_align.webp,0.017872,1.0,0.0988033420032693
database3/database3/m.012vqh/80-FaceId-0_align.webp,0.078239,0.0,0.1308719926821722
database3/database3/m.012w05/52-FaceId-0_align.webp,0.000408,1.0,0.1035163771901983
database3/database3/m.012w3k/19-FaceId-0_align.webp,0.109411,1.0,0.1502796477906239
database3/database3/m.012w3k/33-FaceId-0_align.webp,0.07009,1.0,0.0937307883078997
database3/database3/m.012w3k/4-FaceId-0_align.webp,0.071086,1.0,0.1067433754983379
database3/database3/m.012wfh/73-FaceId-0_align.webp,0.055456,0.0,0.1926309524220721
database3/database3/m.012wfh/77-FaceId-0_align.webp,0.055,0.0,0.0947134204871952
database3/database3/m.012wgv/56-FaceId-0_align.webp,0.072911,1.0,0.1024110176995165
database3/database3/m.012x2b/18-FaceId-0_align.webp,0.0,1.0,0.1093751244488497
database3/database3/m.012x2b/46-FaceId-0_align.webp,0.039092,1.0,0.1047148593230777
database3/database3/m.012x2b/54-FaceId-0_align.webp,0.049838,1.0,0.0816129717751268
database3/database3/m.012x2b/72-FaceId-0_align.webp,0.008788,1.0,0.0812056613176105
database3/database3/m.012x5/81-FaceId-0_align.webp,0.058123,0.0,0.0992093021928262
database3/database3/m.012xdy/81-FaceId-0_align.webp,0.012382,1.0,0.1117202750941228
database3/database3/m.012xls/57-FaceId-0_align.webp,0.114584,1.0,0.4488424109274098
database3/database3/m.012xls/70-FaceId-0_align.webp,0.126797,1.0,0.0748866732928377
database3/database3/m.012xls/74-FaceId-0_align.webp,0.018384,1.0,0.3082941569339314
database3/database3/m.012y1h/86-FaceId-0_align.webp,0.123838,1.0,0.109912218134178
database3/database3/m.012ycy/16-FaceId-0_align.webp,0.002336,1.0,0.1133102820754238
database3/database3/m.012ycy/21-FaceId-0_align.webp,0.164069,1.0,0.0981047481791692
database3/database3/m.012ycy/73-FaceId-0_align.webp,0.017165,1.0,0.1137534629182592
database3/database3/m.012ycy/99-FaceId-0_align.webp,0.136797,1.0,0.0521797600934313
database3/database3/m.012yg1/19-FaceId-0_align.webp,0.003406,1.0,0.1828609490487425
database3/database3/m.012yg1/21-FaceId-0_align.webp,0.007301,1.0,0.1223109113591559
database3/database3/m.012yg1/66-FaceId-0_align.webp,0.007466,1.0,0.1434301196770456
database3/database3/m.012yhd/22-FaceId-0_align.webp,0.043044,1.0,0.1235590071171265
database3/database3/m.012yhd/41-FaceId-0_align.webp,0.014599,1.0,0.1154814083444308
database3/database3/m.012yhd/87-FaceId-0_align.webp,0.016417,1.0,0.1229308034306863
database3/database3/m.012ysy/40-FaceId-0_align.webp,0.005784,1.0,0.1000940104421939
database3/database3/m.012yxk/51-FaceId-0_align.webp,0.111796,1.0,0.1322508392753273
database3/database3/m.012z8_/39-FaceId-0_align.webp,0.076699,1.0,0.084317583271463
database3/database3/m.012zrl/119-FaceId-0_align.webp,0.19435,0.0,0.0665196520473607
database3/database3/m.012zrl/22-FaceId-0_align.webp,0.184216,0.0,0.0924212274772278
database3/database3/m.012zrl/34-FaceId-0_align.webp,0.221002,0.0,0.1337732864386078
database3/database3/m.01300z/111-FaceId-0_align.webp,0.011168,1.0,0.0862128882292583
database3/database3/m.01300z/46-FaceId-0_align.webp,0.004916,1.0,0.0948288905847739
database3/database3/m.01306d/26-FaceId-0_align.webp,0.043181,1.0,0.1089532980343975
database3/database3/m.0130py/108-FaceId-0_align.webp,0.041408,1.0,0.1861253466481717
database3/database3/m.0130py/9-FaceId-0_align.webp,0.045214,1.0,0.0881531102115423
database3/database3/m.0130sy/65-FaceId-0_align.webp,0.067207,1.0,0.0555106203404134
database3/database3/m.013107/34-FaceId-0_align.webp,0.131929,0.0,0.0906111499523911
database3/database3/m.0131kb/28-FaceId-0_align.webp,0.0,1.0,0.0557140707843416
database3/database3/m.0131kb/47-FaceId-0_align.webp,0.0,1.0,0.0908271738649307
database3/database3/m.0131kb/76-FaceId-0_align.webp,0.081559,1.0,0.1838748600415415
database3/database3/m.013267/23-FaceId-0_align.webp,0.049038,1.0,0.1046954466708166
database3/database3/m.0132k4/103-FaceId-0_align.webp,0.076004,1.0,0.1286599169103869
database3/database3/m.0132k4/97-FaceId-0_align.webp,0.101202,1.0,0.111661171219132
database3/database3/m.0132kn/100-FaceId-0_align.webp,0.045478,1.0,0.1019859100860429
database3/database3/m.0132q1/29-FaceId-0_align.webp,0.017581,0.0,0.0918252881320046
database3/database3/m.013339/106-FaceId-0_align.webp,0.058305,1.0,0.0850162622746299
database3/database3/m.013339/23-FaceId-0_align.webp,0.255508,1.0,0.1295727399089315
database3/database3/m.013339/80-FaceId-0_align.webp,0.066481,1.0,0.129997935788682
database3/database3/m.01338h/81-FaceId-0_align.webp,0.088482,0.0,0.079483760352959
database3/database3/m.0133c4/15-FaceId-0_align.webp,0.207364,1.0,0.0864532099977628
database3/database3/m.0133x7/100-FaceId-0_align.webp,0.144974,0.0,0.0878207422875182
database3/database3/m.0133yt/45-FaceId-0_align.webp,0.102482,1.0,0.1435451267272449
database3/database3/m.01341q/51-FaceId-0_align.webp,0.043853,1.0,0.1805078209860067
database3/database3/m.013423/105-FaceId-0_align.webp,0.016474,0.0,0.1851074874712992
database3/database3/m.013423/43-FaceId-0_align.webp,0.10846,0.0,0.0832805224628333
database3/database3/m.0134cp/27-FaceId-0_align.webp,0.030912,1.0,0.1108029126443195
database3/database3/m.0134cp/34-FaceId-1_align.webp,0.031754,1.0,0.1067581868890281
database3/database3/m.0134cp/53-FaceId-0_align.webp,0.019724,1.0,0.0961484419029847
database3/database3/m.0134dc/38-FaceId-0_align.webp,0.000768,1.0,0.1213392670154198
database3/database3/m.0134dc/73-FaceId-0_align.webp,0.003398,1.0,0.2000457606759852
database3/database3/m.0134fr/66-FaceId-0_align.webp,0.01299,1.0,0.1008576885088181
database3/database3/m.0134fr/82-FaceId-0_align.webp,0.004786,1.0,0.1160722964805882
database3/database3/m.0134wr/11-FaceId-2_align.webp,0.000566,1.0,0.1058332867980641
database3/database3/m.0134wr/30-FaceId-2_align.webp,0.080915,1.0,0.0864160668048404
database3/database3/m.0134wr/52-FaceId-2_align.webp,0.028557,1.0,0.06366888791785
database3/database3/m.0134wr/65-FaceId-1_align.webp,0.001253,1.0,0.0764996513739793
database3/database3/m.0134wr/69-FaceId-2_align.webp,0.064238,1.0,0.0878376145222962
database3/database3/m.0134wr/89-FaceId-1_align.webp,0.188914,1.0,0.0734341201291761
database3/database3/m.0135nb/89-FaceId-0_align.webp,0.051256,1.0,0.0988180015426644
database3/database3/m.01368v/100-FaceId-0_align.webp,0.078994,0.0,0.0860869109168613
database3/database3/m.01368v/58-FaceId-0_align.webp,0.186435,0.0,0.0865270612413477
database3/database3/m.01368v/59-FaceId-1_align.webp,0.101878,0.0,0.07710642603838
database3/database3/m.0136ms/38-FaceId-0_align.webp,0.015722,1.0,0.0899128690174323
database3/database3/m.0136p1/103-FaceId-0_align.webp,0.341015,0.0,0.135847421147275
database3/database3/m.0136p1/13-FaceId-0_align.webp,0.259257,0.0,0.1033754132718954
database3/database3/m.0136p1/66-FaceId-0_align.webp,0.075301,0.0,0.0857320337954144
database3/database3/m.0136pk/68-FaceId-0_align.webp,0.195786,1.0,0.120021400179022
database3/database3/m.0136pk/87-FaceId-0_align.webp,0.172482,1.0,0.1045739611437988
database3/database3/m.0136tm/24-FaceId-0_align.webp,0.011359,1.0,0.0923548837623964
database3/database3/m.0137s4/92-FaceId-0_align.webp,0.014219,1.0,0.4025491065990106
database3/database3/m.01380_/30-FaceId-0_align.webp,0.062935,1.0,0.1670875131395232
database3/database3/m.01380_/84-FaceId-0_align.webp,0.019541,1.0,0.1037277757987376
database3/database3/m.013823/15-FaceId-0_align.webp,0.004502,1.0,0.0721328164363833
database3/database3/m.013823/5-FaceId-0_align.webp,0.029677,1.0,0.069307248938882
database3/database3/m.013846/35-FaceId-0_align.webp,0.005272,1.0,0.1022609653452228
database3/database3/m.013846/71-FaceId-0_align.webp,0.036782,1.0,0.0959123979232311
database3/database3/m.01386_/97-FaceId-0_align.webp,0.01382,1.0,0.0819538184454143
database3/database3/m.01386m/93-FaceId-0_align.webp,0.049853,1.0,0.1077351878569588
database3/database3/m.01387g/36-FaceId-0_align.webp,0.020561,1.0,0.0918526380957248
database3/database3/m.01387g/90-FaceId-0_align.webp,0.00159,1.0,0.0767447531612215
database3/database3/m.01387y/2-FaceId-0_align.webp,0.062856,1.0,0.107424909521526
database3/database3/m.01387y/32-FaceId-0_align.webp,0.048091,1.0,0.1133974046529621
database3/database3/m.01387y/46-FaceId-0_align.webp,0.0006,1.0,0.0809307863064844
database3/database3/m.01388c/29-FaceId-0_align.webp,0.136546,1.0,0.1083461637685429
database3/database3/m.01388c/82-FaceId-0_align.webp,0.007483,1.0,0.1074370888569065
database3/database3/m.01388c/92-FaceId-0_align.webp,0.007604,1.0,0.089285767752022
database3/database3/m.01389w/75-FaceId-1_align.webp,0.011085,1.0,0.0760199499044508
database3/database3/m.01389w/76-FaceId-0_align.webp,0.018887,1.0,0.090273176619851
database3/database3/m.0138b7/49-FaceId-0_align.webp,0.173256,1.0,0.0856472506324045
database3/database3/m.0138b7/63-FaceId-0_align.webp,0.091583,1.0,0.1709537017298124
database3/database3/m.0138m1/11-FaceId-0_align.webp,0.033355,1.0,0.1103308655417622
database3/database3/m.0138m1/60-FaceId-0_align.webp,0.027664,1.0,0.0784542830486186
database3/database3/m.0139rh/103-FaceId-0_align.webp,0.008771,1.0,0.0794443832902682
database3/database3/m.0139rh/5-FaceId-0_align.webp,0.009412,1.0,0.0709726128141934
database3/database3/m.013_4m/89-FaceId-0_align.webp,0.106225,1.0,0.0730212353231805
database3/database3/m.013_gz/96-FaceId-0_align.webp,0.14677,0.0,0.0924046177555032
database3/database3/m.013_tp/47-FaceId-0_align.webp,0.000171,1.0,0.1229002878794277
database3/database3/m.013b7z/45-FaceId-0_align.webp,0.025843,1.0,0.0992826210488883
database3/database3/m.013bym/61-FaceId-0_align.webp,0.110889,0.0,0.0888482551805212
database3/database3/m.013bym/65-FaceId-0_align.webp,0.249006,0.0,0.0790215645842691
database3/database3/m.013bym/66-FaceId-0_align.webp,0.288548,0.0,0.1079859204272336
database3/database3/m.013bym/71-FaceId-0_align.webp,0.115164,0.0,0.0854361615608661
database3/database3/m.013m5y/73-FaceId-0_align.webp,0.0,1.0,0.1448256807887672
database3/database3/m.013p_0/60-FaceId-0_align.webp,0.015459,1.0,0.272893718368562
database3/database3/m.013p_j/3-FaceId-0_align.webp,0.046784,1.0,0.0988251142367784
database3/database3/m.013p_j/43-FaceId-0_align.webp,0.026287,1.0,0.0927064162343141
database3/database3/m.013p_w/1-FaceId-0_align.webp,0.045903,0.0,0.0927954863268608
database3/database3/m.013p_w/90-FaceId-1_align.webp,0.028906,0.0,0.0888804817131875
database3/database3/m.013pp3/83-FaceId-0_align.webp,0.052247,1.0,0.1292136597414787
database3/database3/m.013ppl/76-FaceId-0_align.webp,0.018885,1.0,0.0880329627384413
database3/database3/m.013q78/86-FaceId-0_align.webp,0.03,1.0,0.0979071556480907
database3/database3/m.013q8x/26-FaceId-0_align.webp,0.110943,1.0,0.1616106927668368
database3/database3/m.013q8x/42-FaceId-0_align.webp,0.056383,1.0,0.0861782533944759
database3/database3/m.013q8x/99-FaceId-0_align.webp,0.005069,1.0,0.0997297367960123
database3/database3/m.013qb0/82-FaceId-0_align.webp,0.080376,1.0,0.1122982127847901
database3/database3/m.013qb0/94-FaceId-0_align.webp,0.14541,1.0,0.0987760400687949
database3/database3/m.013qjp/42-FaceId-0_align.webp,0.027503,1.0,0.0892923849160462
database3/database3/m.013qjp/83-FaceId-0_align.webp,0.014,1.0,0.1002172291368595
database3/database3/m.013qpt/31-FaceId-0_align.webp,0.020067,1.0,0.0874252582457023
database3/database3/m.013qq4/70-FaceId-0_align.webp,0.020855,1.0,0.0863921496132556
database3/database3/m.013qwl/61-FaceId-0_align.webp,0.006336,1.0,0.0889620812280714
database3/database3/m.013qwy/18-FaceId-0_align.webp,0.050242,1.0,0.0887132526364914
database3/database3/m.013qy3/30-FaceId-0_align.webp,0.004735,1.0,0.1678385806864187
database3/database3/m.013qy3/92-FaceId-0_align.webp,0.026678,1.0,0.0900339992212233
database3/database3/m.013qyh/56-FaceId-1_align.webp,0.057576,1.0,0.3141540847295205
database3/database3/m.013r6h/27-FaceId-0_align.webp,0.054123,1.0,0.0646738305725853
database3/database3/m.013r6h/46-FaceId-0_align.webp,0.123792,1.0,0.2667237689337264
database3/database3/m.013s1b/47-FaceId-0_align.webp,0.148289,1.0,0.1583668853576319
database3/database3/m.013s1t/21-FaceId-0_align.webp,0.005317,1.0,0.0990312923978122
database3/database3/m.013s3/75-FaceId-0_align.webp,0.061568,1.0,0.1763287402174913
database3/database3/m.013s6x/6-FaceId-0_align.webp,0.031839,1.0,0.0910098414702112
database3/database3/m.013s8s/33-FaceId-0_align.webp,0.074629,0.0,0.0785239735814323
database3/database3/m.013sjh/7-FaceId-0_align.webp,0.189385,1.0,0.128931353090703
database3/database3/m.013t9y/12-FaceId-0_align.webp,0.013435,1.0,0.1473289995115775
database3/database3/m.013tjc/54-FaceId-0_align.webp,0.0,1.0,0.1285446447971156
database3/database3/m.013tjc/56-FaceId-0_align.webp,0.015964,1.0,0.0916050113179828
database3/database3/m.013v12/3-FaceId-0_align.webp,0.018587,1.0,0.0916740427446469
database3/database3/m.013v12/7-FaceId-0_align.webp,0.019979,1.0,0.0941265565140188
database3/database3/m.013v5j/57-FaceId-0_align.webp,0.119854,0.0,0.0784013702202293
database3/database3/m.013vdl/109-FaceId-0_align.webp,0.167747,0.0,0.0685741204767065
database3/database3/m.013vdl/32-FaceId-0_align.webp,0.021263,0.0,0.0806897369452825
database3/database3/m.013vtr/20-FaceId-0_align.webp,0.015954,1.0,0.0951854392768463
database3/database3/m.013w7j/20-FaceId-0_align.webp,0.009375,1.0,0.1617155744914904
database3/database3/m.013w7j/32-FaceId-0_align.webp,0.001151,1.0,0.1026746889965219
database3/database3/m.013w7j/64-FaceId-0_align.webp,0.008592,1.0,0.1840650436479084
database3/database3/m.013w8h/4-FaceId-0_align.webp,0.094597,1.0,0.0861878720643981
database3/database3/m.013wt0/40-FaceId-1_align.webp,0.123008,0.0,0.0978124088570073
database3/database3/m.013wz9/26-FaceId-0_align.webp,0.18678,0.0,0.0985552400621466
database3/database3/m.013wz9/73-FaceId-0_align.webp,0.219059,0.0,0.108565857539835
database3/database3/m.013xhr/100-FaceId-0_align.webp,0.00219,1.0,0.114941413022418
database3/database3/m.013xhr/23-FaceId-0_align.webp,0.015916,1.0,0.096635704155775
database3/database3/m.013xhr/24-FaceId-0_align.webp,0.064866,1.0,0.0833445642250625
database3/database3/m.013xhr/33-FaceId-0_align.webp,0.013765,1.0,0.1970894926357253
database3/database3/m.013xhr/42-FaceId-0_align.webp,0.02596,1.0,0.1433084457368044
database3/database3/m.013xs1/10-FaceId-0_align.webp,0.059547,1.0,0.0772607115348138
database3/database3/m.013y2b/23-FaceId-0_align.webp,0.154363,0.0,0.0841069875380492
database3/database3/m.013y2b/32-FaceId-0_align.webp,0.092369,0.0,0.0803973943052066
database3/database3/m.013y2b/66-FaceId-0_align.webp,0.108782,0.0,0.0828371656173763
database3/database3/m.013y2s/40-FaceId-0_align.webp,0.026989,0.0,0.0822408301092766
database3/database3/m.013y2s/73-FaceId-0_align.webp,0.075667,0.0,0.0869437364401223
database3/database3/m.013yd0/51-FaceId-0_align.webp,0.167678,0.0,0.0871039944150402
database3/database3/m.013yd0/92-FaceId-0_align.webp,0.096098,0.0,0.0764396399476757
database3/database3/m.013ykk/37-FaceId-0_align.webp,0.042458,0.0,0.0998243365663891
database3/database3/m.013ykx/9-FaceId-0_align.webp,0.117351,0.0,0.0878527716981912
database3/database3/m.013ylm/42-FaceId-0_align.webp,0.120671,0.0,0.1025258941552406
database3/database3/m.013ylm/97-FaceId-0_align.webp,0.133134,0.0,0.098691203422656
database3/database3/m.013yvd/37-FaceId-0_align.webp,0.027946,1.0,0.0789987613859307
database3/database3/m.013yvd/75-FaceId-0_align.webp,0.027604,1.0,0.0833256538596089
database3/database3/m.013yyq/27-FaceId-0_align.webp,0.014857,1.0,0.1165282638215903
database3/database3/m.013yyq/44-FaceId-0_align.webp,0.06122,1.0,0.5503334866605335
database3/database3/m.013yyq/48-FaceId-0_align.webp,0.11735,1.0,0.1224297833122401
database3/database3/m.013zjz/16-FaceId-0_align.webp,0.071353,1.0,0.1213388830746972
database3/database3/m.013zm7/89-FaceId-0_align.webp,0.144683,1.0,0.1134020677567949
database3/database3/m.013zpf/72-FaceId-0_align.webp,0.0,0.0,0.2177535117328182
database3/database3/m.013zpf/88-FaceId-0_align.webp,0.169008,0.0,0.0875770165223007
database3/database3/m.013zr7/15-FaceId-0_align.webp,0.062795,1.0,0.0829342833548645
database3/database3/m.013zs9/83-FaceId-0_align.webp,0.33489,0.0,0.115489084969852
database3/database3/m.013zyw/16-FaceId-0_align.webp,0.043076,1.0,0.0734862064888942
database3/database3/m.013zyw/19-FaceId-0_align.webp,0.020445,1.0,0.0674458636504368
database3/database3/m.013zyw/21-FaceId-0_align.webp,0.01715,1.0,0.0728728069221045
database3/database3/m.01400g/101-FaceId-0_align.webp,0.057026,0.0,0.1428922091514071
database3/database3/m.01400g/117-FaceId-0_align.webp,0.219786,0.0,0.1292996280868004
database3/database3/m.01400g/31-FaceId-0_align.webp,0.04717,0.0,0.0889251573701197
database3/database3/m.01400g/47-FaceId-0_align.webp,0.103943,0.0,0.088749696719153
database3/database3/m.014029/72-FaceId-0_align.webp,0.164078,0.0,0.0723913352738023
database3/database3/m.0140ly/8-FaceId-0_align.webp,0.018837,1.0,0.0783897104281418
database3/database3/m.0140v2/84-FaceId-0_align.webp,0.185102,1.0,0.2447593197046295
database3/database3/m.0141qv/12-FaceId-0_align.webp,0.026897,1.0,0.0874313426362664
database3/database3/m.0142n8/3-FaceId-0_align.webp,0.193323,1.0,0.0703853252627866
database3/database3/m.0142n8/5-FaceId-0_align.webp,0.020679,1.0,0.1037415205963939
database3/database3/m.0142sv/3-FaceId-0_align.webp,0.0,1.0,0.0621334295227333
database3/database3/m.0142sv/32-FaceId-0_align.webp,0.0,1.0,0.0646086235115657
database3/database3/m.01433m/64-FaceId-0_align.webp,0.03742,0.0,0.1549692630337065
database3/database3/m.0143sn/66-FaceId-0_align.webp,0.02374,1.0,0.0979455471215569
database3/database3/m.0143wl/30-FaceId-0_align.webp,0.034923,1.0,0.105677316829537
database3/database3/m.0143wl/81-FaceId-0_align.webp,0.051966,1.0,0.1137162072426223
database3/database3/m.014488/3-FaceId-0_align.webp,0.020128,1.0,0.0771875978038664
database3/database3/m.01449w/57-FaceId-0_align.webp,0.017199,1.0,0.1844517577750598
database3/database3/m.01449w/80-FaceId-0_align.webp,0.016942,1.0,0.1307580980077224
database3/database3/m.01449w/99-FaceId-0_align.webp,0.011762,1.0,0.1513521544499946
database3/database3/m.0144_b/77-FaceId-0_align.webp,0.037923,1.0,0.0763297638848433
database3/database3/m.0144_b/99-FaceId-0_align.webp,0.002226,1.0,0.0875805073277501
database3/database3/m.0144k5/45-FaceId-0_align.webp,0.060457,0.0,0.0868313788268344
database3/database3/m.0144k5/53-FaceId-0_align.webp,0.099321,0.0,0.098517432929192
database3/database3/m.0144k5/58-FaceId-0_align.webp,0.088277,0.0,0.0833226320685198
database3/database3/m.0144k5/85-FaceId-0_align.webp,0.078258,0.0,0.106428370427134
database3/database3/m.014508/74-FaceId-0_align.webp,0.033711,1.0,0.0939292422178889
database3/database3/m.0146fs/16-FaceId-0_align.webp,0.00871,1.0,0.0879142284710717
database3/database3/m.0147cn/44-FaceId-0_align.webp,0.171045,1.0,0.1061509030396103
database3/database3/m.0147cn/79-FaceId-0_align.webp,0.059428,1.0,0.1186126161610766
database3/database3/m.0147jt/99-FaceId-0_align.webp,0.019999,1.0,0.0995888400742804
database3/database3/m.0147qz/78-FaceId-0_align.webp,0.010623,1.0,0.1162556584255306
database3/database3/m.01480y/76-FaceId-0_align.webp,0.0,1.0,0.0743918833137319
database3/database3/m.0148_m/52-FaceId-0_align.webp,0.01178,1.0,0.1160341557899973
database3/database3/m.0148m9/58-FaceId-0_align.webp,0.040365,1.0,0.0879434970811166
database3/database3/m.0148qq/63-FaceId-1_align.webp,0.082134,1.0,0.1572012078966549
database3/database3/m.0148x0/17-FaceId-0_align.webp,0.195787,0.0,0.1012289195682512
database3/database3/m.014902/18-FaceId-0_align.webp,0.02167,1.0,0.1030137852379463
database3/database3/m.01491d/96-FaceId-0_align.webp,0.018562,1.0,0.0785462988978257
database3/database3/m.014936/66-FaceId-0_align.webp,0.009581,0.0,0.0920212438744996
database3/database3/m.0149k5/29-FaceId-0_align.webp,0.022158,1.0,0.0915136147550568
database3/database3/m.0149k5/81-FaceId-0_align.webp,0.042078,1.0,0.1676449680499969
database3/database3/m.0149vp/23-FaceId-0_align.webp,0.153482,1.0,0.0263145661157024
database3/database3/m.0149vp/3-FaceId-0_align.webp,0.055794,1.0,0.0915134576578261
database3/database3/m.0149vp/63-FaceId-0_align.webp,0.126629,1.0,0.1134578132255016
database3/database3/m.0149wl/102-FaceId-0_align.webp,0.022928,1.0,0.1381817427304025
database3/database3/m.0149wl/45-FaceId-0_align.webp,0.024169,1.0,0.1668502107892637
database3/database3/m.0149xx/94-FaceId-0_align.webp,0.042337,1.0,0.140178968982531
database3/database3/m.014_1g/72-FaceId-0_align.webp,0.019311,0.0,0.0905456180806734
database3/database3/m.014_1g/8-FaceId-0_align.webp,0.209769,0.0,0.1101432876568086
database3/database3/m.014_4y/6-FaceId-0_align.webp,0.048047,1.0,0.0896561050011009
database3/database3/m.014_sl/106-FaceId-0_align.webp,0.23715,0.0,0.1082253455237656
database3/database3/m.014_sl/74-FaceId-0_align.webp,0.390836,0.0,0.0835705984627077
database3/database3/m.014bn_/16-FaceId-0_align.webp,0.037637,1.0,0.0813175080072722
database3/database3/m.014bn_/85-FaceId-1_align.webp,0.012813,1.0,0.0885636251494594
database3/database3/m.014bps/75-FaceId-0_align.webp,0.000105,1.0,0.110503066559667
database3/database3/m.014byr/85-FaceId-0_align.webp,0.140079,1.0,0.1248061139976745
database3/database3/m.014bz_/33-FaceId-0_align.webp,0.044503,1.0,0.1024952039091049
database3/database3/m.014c0y/76-FaceId-0_align.webp,0.175143,1.0,0.1027460937824514
database3/database3/m.014c40/62-FaceId-0_align.webp,0.041412,1.0,0.1485582300429466
database3/database3/m.014c40/70-FaceId-0_align.webp,0.059838,1.0,0.0895768829288337
database3/database3/m.014cq/6-FaceId-0_align.webp,0.092137,1.0,0.086575337239572
database3/database3/m.014cq/86-FaceId-0_align.webp,0.009035,1.0,0.1193087492610564
database3/database3/m.014cw2/26-FaceId-0_align.webp,0.010138,1.0,0.0822939801917333
database3/database3/m.014cw2/50-FaceId-0_align.webp,0.006571,1.0,0.0857319704779854
database3/database3/m.014d0v/117-FaceId-0_align.webp,0.00171,1.0,0.0894740363268547
database3/database3/m.014d0v/5-FaceId-0_align.webp,0.0,1.0,0.0599246724088048
database3/database3/m.014d0v/76-FaceId-0_align.webp,0.001899,1.0,0.0867478584535151
database3/database3/m.014d15/7-FaceId-0_align.webp,0.067756,1.0,0.1068660764719164
database3/database3/m.014d3/12-FaceId-0_align.webp,0.002261,1.0,0.0877665739133915
database3/database3/m.014d3/72-FaceId-0_align.webp,0.018566,1.0,0.0823992146012404
database3/database3/m.014d3y/82-FaceId-0_align.webp,0.033512,0.0,0.553708884788302
database3/database3/m.014dg1/103-FaceId-0_align.webp,0.026524,1.0,0.0852970948985682
database3/database3/m.014dg1/51-FaceId-0_align.webp,0.001679,1.0,0.1055063320779042
database3/database3/m.014dg1/65-FaceId-0_align.webp,0.0,1.0,0.0634461377020422
database3/database3/m.014dg1/7-FaceId-0_align.webp,0.01106,1.0,0.107226972986024
database3/database3/m.014dg1/86-FaceId-0_align.webp,0.019596,1.0,0.0968555227900836
database3/database3/m.014dm6/105-FaceId-0_align.webp,0.23153,1.0,0.0978205447857033
database3/database3/m.014dy_/50-FaceId-0_align.webp,0.069776,1.0,0.0543511658540113
database3/database3/m.014dy_/73-FaceId-0_align.webp,0.01239,1.0,0.0796677809905938
database3/database3/m.014f8k/25-FaceId-0_align.webp,0.24634,0.0,0.084935360186291
database3/database3/m.014f8k/9-FaceId-0_align.webp,0.182534,0.0,0.0873627647396736
database3/database3/m.014fcb/0-FaceId-0_align.webp,0.028343,1.0,0.0921583696363829
database3/database3/m.014fd7/98-FaceId-0_align.webp,0.096652,1.0,0.1027754443060539
database3/database3/m.014g17/1-FaceId-0_align.webp,0.005705,1.0,0.0993049116060858
database3/database3/m.014g17/9-FaceId-0_align.webp,0.079641,1.0,0.1481003670788252
database3/database3/m.014g22/90-FaceId-0_align.webp,0.35161,0.0,0.1206634021359905
database3/database3/m.014g6c/86-FaceId-0_align.webp,0.02888,1.0,0.0972674259893076
database3/database3/m.014g6v/43-FaceId-0_align.webp,0.001902,1.0,0.0856382422207194
database3/database3/m.014g79/86-FaceId-0_align.webp,0.049609,1.0,0.102150595698498
database3/database3/m.014g8p/48-FaceId-0_align.webp,0.000256,1.0,0.1285730010425239
database3/database3/m.014g9y/12-FaceId-0_align.webp,0.038159,0.0,0.0929792987431875
database3/database3/m.014g_f/26-FaceId-0_align.webp,0.000817,1.0,0.0531316800754279
database3/database3/m.014g_f/35-FaceId-0_align.webp,0.001771,1.0,0.088734234474115
database3/database3/m.014gf8/102-FaceId-0_align.webp,0.00204,1.0,0.3583745710881649
database3/database3/m.014gf8/28-FaceId-0_align.webp,0.018311,1.0,0.0723372458429349
database3/database3/m.014gf8/69-FaceId-0_align.webp,0.050273,1.0,0.0954821790264328
database3/database3/m.014gf8/9-FaceId-0_align.webp,0.034223,1.0,0.0886693772348338
database3/database3/m.014gsd/79-FaceId-0_align.webp,0.118598,1.0,0.1116374722530993
database3/database3/m.014h_s/80-FaceId-0_align.webp,0.173494,0.0,0.0952489114106743
database3/database3/m.014hlm/54-FaceId-0_align.webp,0.078394,0.0,0.0836807968795677
database3/database3/m.014hmv/53-FaceId-1_align.webp,0.0,1.0,0.0952597874029044
database3/database3/m.014j8m/72-FaceId-0_align.webp,0.0057,1.0,0.1036014883566822
database3/database3/m.014jb8/10-FaceId-0_align.webp,0.009911,1.0,0.1861462836691154
database3/database3/m.014jk0/16-FaceId-0_align.webp,0.026202,1.0,0.1507215561693556
database3/database3/m.014jk0/61-FaceId-0_align.webp,0.011335,1.0,0.5
database3/database3/m.014jk0/74-FaceId-0_align.webp,0.003357,1.0,0.23899968529835
database3/database3/m.014jxq/20-FaceId-0_align.webp,0.165895,0.0,0.0979362452561314
database3/database3/m.014jxq/43-FaceId-0_align.webp,0.136492,0.0,0.0676208697697927
database3/database3/m.014jy6/23-FaceId-0_align.webp,0.150311,1.0,0.1886644929545292
database3/database3/m.014jy6/50-FaceId-0_align.webp,0.042148,1.0,0.088154886430466
database3/database3/m.014jy6/97-FaceId-0_align.webp,0.061362,1.0,0.1567086719877812
database3/database3/m.014k1v/95-FaceId-3_align.webp,0.133686,1.0,0.1541091549125023
database3/database3/m.014k2p/25-FaceId-0_align.webp,0.315824,1.0,0.1087557577766862
database3/database3/m.014kbz/16-FaceId-0_align.webp,0.028027,1.0,0.0942864217427771
database3/database3/m.014kbz/22-FaceId-0_align.webp,0.028933,1.0,0.0967575773267373
database3/database3/m.014kbz/81-FaceId-0_align.webp,0.006506,1.0,0.1003371291569094
database3/database3/m.014kxv/1-FaceId-0_align.webp,0.013313,1.0,0.0836298888317882
database3/database3/m.014kxv/11-FaceId-0_align.webp,0.053384,1.0,0.0672146490154802
database3/database3/m.014lb1/14-FaceId-2_align.webp,0.000111,0.0,0.0792623344640181
database3/database3/m.014lb1/47-FaceId-0_align.webp,0.167631,0.0,0.0830321902039347
database3/database3/m.014lb1/62-FaceId-1_align.webp,0.053145,0.0,0.0764319965426544
database3/database3/m.014lyb/65-FaceId-0_align.webp,0.056831,1.0,0.0932867834359655
database3/database3/m.014m_1/70-FaceId-0_align.webp,0.018552,1.0,0.0890818298327578
database3/database3/m.014mvy/17-FaceId-0_align.webp,0.196734,1.0,0.1347274608523836
database3/database3/m.014mvy/58-FaceId-0_align.webp,0.218895,1.0,0.1448563028004887
database3/database3/m.014n_k/48-FaceId-0_align.webp,0.006557,1.0,0.0951303206553677
database3/database3/m.014n_k/70-FaceId-0_align.webp,0.029858,1.0,0.0825284310560909
database3/database3/m.014nfw/87-FaceId-0_align.webp,0.123499,0.0,0.0845118154249547
database3/database3/m.014p33/83-FaceId-2_align.webp,0.084076,0.0,0.0789505953111499
database3/database3/m.014p33/87-FaceId-0_align.webp,0.07546,0.0,0.0886496644233105
database3/database3/m.014ptb/14-FaceId-1_align.webp,0.016295,1.0,0.1316002541954362
database3/database3/m.014ptb/5-FaceId-0_align.webp,0.001038,1.0,0.1701439948624645
database3/database3/m.014ptb/50-FaceId-0_align.webp,0.185526,1.0,0.0881043675444385
database3/database3/m.014pxk/118-FaceId-0_align.webp,0.227914,1.0,0.1632562172045593
database3/database3/m.014pys/19-FaceId-0_align.webp,0.047245,1.0,0.1622701545304442
database3/database3/m.014pzz/110-FaceId-0_align.webp,0.13041,0.0,0.0800702453929312
database3/database3/m.014qjt/47-FaceId-0_align.webp,0.002851,1.0,0.1004231110292101
database3/database3/m.014r6r/81-FaceId-0_align.webp,0.091441,0.0,0.0814181111176714
database3/database3/m.014s81/3-FaceId-0_align.webp,0.077926,1.0,0.110970115136176
database3/database3/m.014sj7/7-FaceId-0_align.webp,0.074577,1.0,0.1141687559934164
database3/database3/m.014skb/4-FaceId-0_align.webp,0.096076,0.0,0.0914299094336149
database3/database3/m.014skb/53-FaceId-0_align.webp,0.075066,0.0,0.0905427033214818
database3/database3/m.014skb/55-FaceId-0_align.webp,0.080414,0.0,0.0941264046699137
database3/database3/m.014v1q/8-FaceId-1_align.webp,0.038359,1.0,0.1105942355479932
database3/database3/m.014v6x/16-FaceId-0_align.webp,0.159906,0.0,0.0825963909281945
database3/database3/m.014v6x/20-FaceId-0_align.webp,0.306955,0.0,0.0964839836697221
database3/database3/m.014v6x/88-FaceId-0_align.webp,0.075191,0.0,0.0698063617018752
database3/database3/m.014vbq/60-FaceId-0_align.webp,0.005701,1.0,0.2409562285278024
database3/database3/m.014vnb/46-FaceId-0_align.webp,0.027126,1.0,0.0913020199360128
database3/database3/m.014vnb/51-FaceId-0_align.webp,0.043084,1.0,0.0897912700738518
database3/database3/m.014vtj/100-FaceId-0_align.webp,0.000679,1.0,0.0959011422109795
database3/database3/m.014wsb/38-FaceId-0_align.webp,0.106862,1.0,0.0895421694507739
database3/database3/m.014x0w/28-FaceId-0_align.webp,0.353028,0.0,0.238151823101938
database3/database3/m.014x0w/74-FaceId-0_align.webp,0.177523,0.0,0.0879847978619624
database3/database3/m.014x0w/96-FaceId-0_align.webp,0.217684,0.0,0.0976607543532864
database3/database3/m.014xn7/100-FaceId-0_align.webp,0.007084,1.0,0.0773995937520646
database3/database3/m.014xn7/42-FaceId-0_align.webp,0.003105,1.0,0.0903664039167982
database3/database3/m.014xr2/5-FaceId-0_align.webp,0.387134,0.0,0.1497366637187592
database3/database3/m.014xr2/87-FaceId-0_align.webp,0.341771,0.0,0.1179798651828051
database3/database3/m.014xzx/93-FaceId-0_align.webp,0.351892,1.0,0.1222439265262947
database3/database3/m.014y6/74-FaceId-0_align.webp,0.012495,1.0,0.089880306186265
database3/database3/m.014y6/95-FaceId-0_align.webp,0.006882,1.0,0.1029555566289583
database3/database3/m.014y7g/1-FaceId-0_align.webp,0.005692,1.0,0.0908912410154281
database3/database3/m.014z8v/77-FaceId-0_align.webp,0.004141,1.0,0.0908703641639063
database3/database3/m.014zfs/76-FaceId-0_align.webp,0.024924,1.0,0.0952052337144949
database3/database3/m.014zxh/99-FaceId-0_align.webp,0.008633,1.0,0.212674112434056
database3/database3/m.014zy/105-FaceId-0_align.webp,0.175949,1.0,0.1266892840965666
database3/database3/m.014zy/22-FaceId-0_align.webp,0.048224,1.0,0.1158125776368693
database3/database3/m.014zy/56-FaceId-0_align.webp,0.135716,1.0,0.2065911237870489
database3/database3/m.015076/99-FaceId-0_align.webp,0.0064,1.0,0.1677448452643042
database3/database3/m.01507p/0-FaceId-0_align.webp,0.067522,1.0,0.0990750219137177
database3/database3/m.01509x/60-FaceId-0_align.webp,0.015557,1.0,0.0978760729836105
database3/database3/m.0150bp/103-FaceId-0_align.webp,0.041675,0.0,0.0778447176402138
database3/database3/m.0150j5/31-FaceId-0_align.webp,0.003889,1.0,0.0757975283528681
database3/database3/m.0150j5/4-FaceId-0_align.webp,0.006229,1.0,0.0811254237573554
database3/database3/m.0150j5/71-FaceId-0_align.webp,0.062123,1.0,0.095215937948745
database3/database3/m.0150j5/81-FaceId-0_align.webp,0.001136,1.0,0.0592784341965946
database3/database3/m.0150j5/86-FaceId-0_align.webp,0.002669,1.0,0.0815616651053756
database3/database3/m.0150m1/111-FaceId-0_align.webp,0.023781,1.0,0.105712415330827
database3/database3/m.0150m1/13-FaceId-0_align.webp,0.071346,1.0,0.089949144245466
database3/database3/m.0150mg/0-FaceId-0_align.webp,0.057671,1.0,0.2157667794094746
database3/database3/m.0150mg/69-FaceId-0_align.webp,0.220147,1.0,0.1177387476383604
database3/database3/m.0150mg/88-FaceId-0_align.webp,0.14546,1.0,0.1159282144627184
database3/database3/m.0150mg/97-FaceId-0_align.webp,0.078806,1.0,0.0995451017759477
database3/database3/m.0150rl/42-FaceId-0_align.webp,0.016396,0.0,0.0770555694039387
database3/database3/m.0150t6/36-FaceId-0_align.webp,0.017669,1.0,0.0813126349105761
database3/database3/m.0150t6/41-FaceId-0_align.webp,0.022058,1.0,0.0726928360339048
database3/database3/m.0150t6/63-FaceId-0_align.webp,0.015119,1.0,0.0984026602108983
database3/database3/m.01519n/21-FaceId-0_align.webp,0.389316,0.0,0.1380391510810737
database3/database3/m.01519n/69-FaceId-0_align.webp,0.017235,0.0,0.0934591095245942
database3/database3/m.0151fv/54-FaceId-0_align.webp,0.017876,0.0,0.0808780145238989
database3/database3/m.0151fv/90-FaceId-0_align.webp,0.296844,0.0,0.1044266123018341
database3/database3/m.0151fv/94-FaceId-0_align.webp,0.121468,0.0,0.1345085975682355
database3/database3/m.0151n1/16-FaceId-0_align.webp,0.044648,1.0,0.0937159892053439
database3/database3/m.0151n1/26-FaceId-0_align.webp,0.101903,1.0,0.1003780333988132
database3/database3/m.0151n1/29-FaceId-0_align.webp,0.049938,1.0,0.1248786137876449
database3/database3/m.0151n1/36-FaceId-0_align.webp,0.038201,1.0,0.1101976000194953
database3/database3/m.0151n1/53-FaceId-0_align.webp,0.021607,1.0,0.1268638189415051
database3/database3/m.0151p8/29-FaceId-0_align.webp,0.003452,1.0,0.0681662563260254
database3/database3/m.0151xv/30-FaceId-0_align.webp,0.007121,1.0,0.0971977395420874
database3/database3/m.0151xv/44-FaceId-0_align.webp,0.021629,1.0,0.0969138341570135
database3/database3/m.0151xv/88-FaceId-0_align.webp,0.006779,1.0,0.1081860416065109
database3/database3/m.0151zx/92-FaceId-0_align.webp,0.043036,1.0,0.1399191020401776
database3/database3/m.0152cw/42-FaceId-0_align.webp,0.083199,0.0,0.080726506621084
database3/database3/m.0152xn/72-FaceId-0_align.webp,0.043462,1.0,0.1307198808277908
database3/database3/m.015302/4-FaceId-0_align.webp,0.000416,1.0,0.0737694155469338
database3/database3/m.0153dp/1-FaceId-0_align.webp,0.039324,1.0,0.0993265390332327
database3/database3/m.0153dp/88-FaceId-0_align.webp,0.057869,1.0,0.0823747551446377
database3/database3/m.0153vt/1-FaceId-0_align.webp,0.335303,1.0,0.0919406438750493
database3/database3/m.0153vt/81-FaceId-0_align.webp,0.087285,1.0,0.1151359474292057
database3/database3/m.0153y1/16-FaceId-0_align.webp,0.166114,0.0,0.0900423726033986
database3/database3/m.01541z/117-FaceId-0_align.webp,0.111734,0.0,0.0911093193314525
database3/database3/m.01547g/3-FaceId-0_align.webp,0.153164,0.0,0.0879862839285607
database3/database3/m.01547g/73-FaceId-0_align.webp,0.246081,0.0,0.0888241314968608
database3/database3/m.0154d7/52-FaceId-0_align.webp,0.115018,1.0,0.1101194855419727
database3/database3/m.0154ff/10-FaceId-0_align.webp,0.121913,0.0,0.0830199891543992
database3/database3/m.0154hr/101-FaceId-0_align.webp,0.090433,0.0,0.1031905018627537
database3/database3/m.0154hr/109-FaceId-0_align.webp,0.038439,0.0,0.1138024080265182
database3/database3/m.0154hr/18-FaceId-0_align.webp,0.07836,0.0,0.1230693571160346
database3/database3/m.0154hr/28-FaceId-0_align.webp,0.045785,0.0,0.0917387600416378
database3/database3/m.0154s9/24-FaceId-0_align.webp,0.052837,1.0,0.0782084058410966
database3/database3/m.0154x6/57-FaceId-0_align.webp,0.061779,0.0,0.0875257039277317
database3/database3/m.01552j/40-FaceId-0_align.webp,0.017747,1.0,0.0886429601894336
database3/database3/m.01558d/79-FaceId-0_align.webp,0.014812,1.0,0.0596784443686935
database3/database3/m.01558d/8-FaceId-0_align.webp,0.124089,1.0,0.0885696008549236
database3/database3/m.0155zp/26-FaceId-0_align.webp,0.000547,1.0,0.0904786563207097
database3/database3/m.0155zp/7-FaceId-0_align.webp,0.015991,1.0,0.0865906412477424
database3/database3/m.0155zp/79-FaceId-0_align.webp,0.02849,1.0,0.1245798960400173
database3/database3/m.0155zp/88-FaceId-0_align.webp,0.072148,1.0,0.0940386086932732
database3/database3/m.0156dg/11-FaceId-0_align.webp,0.153809,0.0,0.1117280104055963
database3/database3/m.0156dg/2-FaceId-0_align.webp,0.144571,0.0,0.1197897297504749
database3/database3/m.0156y1/31-FaceId-0_align.webp,0.047284,1.0,0.0898500129317801
database3/database3/m.01574b/45-FaceId-0_align.webp,0.070647,0.0,0.0995725341925249
database3/database3/m.015796/86-FaceId-0_align.webp,0.081944,0.0,0.0935009344896098
database3/database3/m.0157m/20-FaceId-0_align.webp,0.028257,1.0,0.0687198878453084
database3/database3/m.0157m/24-FaceId-0_align.webp,0.028454,1.0,0.0823394080769234
database3/database3/m.0157m/25-FaceId-0_align.webp,0.020124,1.0,0.0795091933988611
database3/database3/m.0157m/73-FaceId-0_align.webp,0.033963,1.0,0.0972475152718568
database3/database3/m.0157r6/22-FaceId-1_align.webp,0.0,1.0,0.1674379737731742
database3/database3/m.0157ry/29-FaceId-0_align.webp,0.027582,1.0,0.1074963763305063
database3/database3/m.015882/17-FaceId-0_align.webp,0.396178,0.0,0.1005441798465807
database3/database3/m.015882/20-FaceId-0_align.webp,0.380878,0.0,0.1141968856817913
database3/database3/m.015882/75-FaceId-0_align.webp,0.386665,0.0,0.120204908259761
database3/database3/m.0158r2/73-FaceId-0_align.webp,0.173377,0.0,0.0875240595028443
database3/database3/m.01598m/79-FaceId-0_align.webp,0.475474,0.0,0.1129645490379455
database3/database3/m.0159wm/104-FaceId-0_align.webp,0.007308,1.0,0.063266347642864
database3/database3/m.0159wm/9-FaceId-0_align.webp,0.002891,1.0,0.0536058199252845
database3/database3/m.015_44/31-FaceId-0_align.webp,0.062168,0.0,0.0874711959320378
database3/database3/m.015_44/64-FaceId-0_align.webp,0.356589,0.0,0.127869771720208
database3/database3/m.015_44/84-FaceId-0_align.webp,0.3229,0.0,0.1269025083856638
database3/database3/m.015b67/34-FaceId-0_align.webp,0.034996,1.0,0.087657868445196
database3/database3/m.015bhj/103-FaceId-1_align.webp,0.041754,1.0,0.0
database3/database3/m.015bhj/70-FaceId-0_align.webp,0.00385,1.0,0.0880516282350279
database3/database3/m.015bnf/68-FaceId-0_align.webp,0.066968,0.0,0.0898464762186216
database3/database3/m.015brk/18-FaceId-0_align.webp,0.023166,1.0,0.1108088012495452
database3/database3/m.015bw2/110-FaceId-0_align.webp,0.01319,1.0,0.0925357586896217
database3/database3/m.015bw2/40-FaceId-0_align.webp,0.013047,1.0,0.1115524275039764
database3/database3/m.015bw2/68-FaceId-0_align.webp,0.00956,1.0,0.1123837062324831
database3/database3/m.015c2f/3-FaceId-0_align.webp,0.072717,0.0,0.0789649762391639
database3/database3/m.015c2f/47-FaceId-0_align.webp,0.01548,0.0,0.0906502547862117
database3/database3/m.015c2f/49-FaceId-0_align.webp,0.031524,0.0,0.0972643651352277
database3/database3/m.015c2f/8-FaceId-0_align.webp,0.126031,0.0,0.0905023904766087
database3/database3/m.015c4g/7-FaceId-0_align.webp,0.000573,1.0,0.0883025948197364
database3/database3/m.015c4g/83-FaceId-0_align.webp,0.000391,1.0,0.077562140047328
database3/database3/m.015cyn/17-FaceId-0_align.webp,0.046212,1.0,0.0918538239889395
database3/database3/m.015cyn/5-FaceId-0_align.webp,0.152464,1.0,0.072786946653425
database3/database3/m.015czg/24-FaceId-0_align.webp,0.141052,1.0,0.1075267935477726
database3/database3/m.015d2r/66-FaceId-0_align.webp,0.064087,1.0,0.2384257058311822
database3/database3/m.015d2r/86-FaceId-0_align.webp,0.029999,1.0,0.093551399040668
database3/database3/m.015dcj/83-FaceId-0_align.webp,0.023385,1.0,0.0974660430606067
database3/database3/m.015dgg/80-FaceId-0_align.webp,0.001775,1.0,0.122743644817683
database3/database3/m.015djp/24-FaceId-0_align.webp,0.0,1.0,0.0737814564656229
database3/database3/m.015djp/27-FaceId-0_align.webp,0.037685,1.0,0.0984039850807969
database3/database3/m.015dk3/22-FaceId-0_align.webp,0.027592,1.0,0.0770929713560298
database3/database3/m.015dnt/38-FaceId-0_align.webp,0.001692,1.0,0.1130473397761959
database3/database3/m.015dnt/42-FaceId-1_align.webp,0.102539,1.0,0.0513900265899265
database3/database3/m.015dqj/29-FaceId-0_align.webp,0.034796,1.0,0.0927703862394994
database3/database3/m.015dsz/54-FaceId-1_align.webp,0.002756,1.0,0.0770362983069908
database3/database3/m.015dx/106-FaceId-0_align.webp,0.065832,0.0,0.0837251699732288
database3/database3/m.015dx/112-FaceId-0_align.webp,0.282009,0.0,0.0939485431941591
database3/database3/m.015dx/117-FaceId-0_align.webp,0.154935,0.0,0.0713327434177843
database3/database3/m.015dx/16-FaceId-0_align.webp,0.065933,0.0,0.0965832742015123
database3/database3/m.015dx/75-FaceId-0_align.webp,0.127561,0.0,0.1016573960604974
database3/database3/m.015dz8/51-FaceId-0_align.webp,0.051527,1.0,0.0842026446046095
database3/database3/m.015f6_/9-FaceId-0_align.webp,0.050822,1.0,0.1005245716259233
database3/database3/m.015fxn/110-FaceId-1_align.webp,0.050721,0.0,0.0790435465253667
database3/database3/m.015fyd/19-FaceId-0_align.webp,0.055834,0.0,0.0979314685068227
database3/database3/m.015g36/86-FaceId-0_align.webp,0.010069,0.0,0.0890515782091718
database3/database3/m.015g98/4-FaceId-0_align.webp,0.031227,1.0,0.11975020730506
database3/database3/m.015g_7/108-FaceId-0_align.webp,0.075445,1.0,0.0857708340072389
database3/database3/m.015ghl/29-FaceId-0_align.webp,0.035495,0.0,0.0817568295864078
database3/database3/m.015ghl/58-FaceId-0_align.webp,0.114793,0.0,0.0618229581868523
database3/database3/m.015ghl/7-FaceId-0_align.webp,0.022651,0.0,0.0753597466969543
database3/database3/m.015gjr/36-FaceId-0_align.webp,0.054888,1.0,0.0892723077144904
database3/database3/m.015gjr/40-FaceId-0_align.webp,0.045893,1.0,0.0799945921947585
database3/database3/m.015gjr/84-FaceId-0_align.webp,0.042274,1.0,0.1909405638505102
database3/database3/m.015gqm/96-FaceId-1_align.webp,0.236979,1.0,0.1339492880320837
database3/database3/m.015grj/83-FaceId-0_align.webp,0.0,1.0,0.0830000990997574
database3/database3/m.015grj/95-FaceId-0_align.webp,0.006074,1.0,0.0746592976847969
database3/database3/m.015grj/98-FaceId-0_align.webp,0.00126,1.0,0.0590542522571925
database3/database3/m.015gsv/100-FaceId-0_align.webp,0.087077,1.0,0.1184132691530376
database3/database3/m.015gsv/72-FaceId-0_align.webp,0.017745,1.0,0.0904785351857421
database3/database3/m.015gx1/70-FaceId-0_align.webp,0.056653,1.0,0.0905893626883669
database3/database3/m.015gy7/28-FaceId-0_align.webp,0.011386,1.0,0.104973513318039
database3/database3/m.015gzc/94-FaceId-0_align.webp,0.077714,1.0,0.1062747714377675
database3/database3/m.015h25/3-FaceId-0_align.webp,0.001481,1.0,0.0712582121816636
database3/database3/m.015h7y/30-FaceId-0_align.webp,0.014431,1.0,0.1022569590755699
database3/database3/m.015htz/46-FaceId-0_align.webp,0.135648,0.0,0.0831770654653215
database3/database3/m.015j58/58-FaceId-0_align.webp,0.016994,1.0,0.0916950546230573
database3/database3/m.015j6h/20-FaceId-0_align.webp,0.005265,1.0,0.1010274478322285
database3/database3/m.015j6h/37-FaceId-0_align.webp,0.094841,1.0,0.1194117991728166
database3/database3/m.015j6y/47-FaceId-0_align.webp,0.10488,0.0,0.1229999127329304
database3/database3/m.015j6y/5-FaceId-0_align.webp,0.085053,0.0,0.0785638427626718
database3/database3/m.015j6y/73-FaceId-1_align.webp,0.12413,0.0,0.099856480343055
database3/database3/m.015j8x/17-FaceId-0_align.webp,0.049084,1.0,0.1056570084614486
database3/database3/m.015j8x/42-FaceId-0_align.webp,0.021866,1.0,0.1657719705880099
database3/database3/m.015jjw/46-FaceId-0_align.webp,0.068702,1.0,0.1390455049315275
database3/database3/m.015jjw/69-FaceId-0_align.webp,0.113403,1.0,0.1647930404198357
database3/database3/m.015jvm/105-FaceId-0_align.webp,0.006549,1.0,0.0817176677568918
database3/database3/m.015jvm/32-FaceId-0_align.webp,0.01088,1.0,0.0760875005849463
database3/database3/m.015jvm/85-FaceId-0_align.webp,0.111985,1.0,0.1483777483022427
database3/database3/m.015k04/104-FaceId-0_align.webp,0.087765,0.0,0.0749600863660809
database3/database3/m.015k04/33-FaceId-0_align.webp,0.019732,0.0,0.0948264736095455
database3/database3/m.015k04/68-FaceId-0_align.webp,0.032064,0.0,0.0897594101077989
database3/database3/m.015k9x/19-FaceId-0_align.webp,0.079615,0.0,0.0961695741185362
database3/database3/m.015k9x/84-FaceId-0_align.webp,0.154994,0.0,0.6363986005559215
database3/database3/m.015kbd/21-FaceId-0_align.webp,0.030994,1.0,0.0737927163232308
database3/database3/m.015kbd/80-FaceId-0_align.webp,0.061754,1.0,0.2668594701064851
database3/database3/m.015khm/4-FaceId-0_align.webp,0.027803,1.0,0.0571497939409089
database3/database3/m.015klf/75-FaceId-0_align.webp,0.0,1.0,0.065040196364283
database3/database3/m.015ksl/24-FaceId-0_align.webp,0.23069,1.0,0.106173811473188
database3/database3/m.015ksl/26-FaceId-1_align.webp,0.043132,1.0,0.2735752695435997
database3/database3/m.015ksl/31-FaceId-0_align.webp,0.096817,1.0,0.1049753032173683
database3/database3/m.015ksl/72-FaceId-0_align.webp,0.014945,1.0,0.0900640946636854
database3/database3/m.015ksy/70-FaceId-0_align.webp,0.064697,1.0,0.0837816989619632
database3/database3/m.015ksy/90-FaceId-0_align.webp,0.039383,1.0,0.0858761405344779
database3/database3/m.015kt_/7-FaceId-0_align.webp,0.084368,1.0,0.0851790005275053
database3/database3/m.015l1l/126-FaceId-0_align.webp,0.0,1.0,0.0554047893727553
database3/database3/m.015l51/58-FaceId-0_align.webp,0.077217,1.0,0.0768679844572192
database3/database3/m.015lg2/3-FaceId-0_align.webp,0.081487,1.0,0.1991288441168164
database3/database3/m.015m2c/35-FaceId-0_align.webp,0.111821,0.0,0.1762304788016856
database3/database3/m.015m2c/62-FaceId-0_align.webp,0.107098,0.0,0.1582544836912175
database3/database3/m.015m2c/96-FaceId-0_align.webp,0.077293,0.0,0.1734911549085962
database3/database3/m.015m2v/50-FaceId-0_align.webp,0.014038,1.0,0.096352241043539
database3/database3/m.015m_9/103-FaceId-0_align.webp,0.203457,0.0,0.1260144513455087
database3/database3/m.015m_9/23-FaceId-0_align.webp,0.194385,0.0,0.0937476651082793
database3/database3/m.015mfy/124-FaceId-0_align.webp,0.011509,1.0,0.179022178150501
database3/database3/m.015mfy/44-FaceId-0_align.webp,0.015486,1.0,0.1848334066702534
database3/database3/m.015ncq/12-FaceId-0_align.webp,0.097302,0.0,0.0986935451502933
database3/database3/m.015ncq/15-FaceId-0_align.webp,0.108176,0.0,0.0894191861606359
database3/database3/m.015ncq/43-FaceId-0_align.webp,0.173231,0.0,0.1446509869217357
database3/database3/m.015nr6/10-FaceId-0_align.webp,0.135309,0.0,0.0748394248620619
database3/database3/m.015nxw/46-FaceId-0_align.webp,0.033616,1.0,0.0926619234537327
database3/database3/m.015nz8/33-FaceId-0_align.webp,0.258768,1.0,0.1071816393755346
database3/database3/m.015p0c/3-FaceId-0_align.webp,0.047687,1.0,0.0756811572614679
database3/database3/m.015p37/5-FaceId-0_align.webp,0.024022,0.0,0.1977439864122495
database3/database3/m.015p3p/83-FaceId-3_align.webp,0.095309,1.0,0.1327991043176828
database3/database3/m.015p_p/4-FaceId-0_align.webp,0.041582,1.0,0.1929065614815635
database3/database3/m.015ph6/52-FaceId-0_align.webp,0.019715,1.0,0.0863249916359525
database3/database3/m.015ph6/9-FaceId-0_align.webp,0.017184,1.0,0.07347734800264
database3/database3/m.015phm/91-FaceId-0_align.webp,0.017375,1.0,0.0652231548622431
database3/database3/m.015pqq/24-FaceId-0_align.webp,0.179784,0.0,0.098609824656044
database3/database3/m.015pqq/66-FaceId-0_align.webp,0.136121,0.0,0.1740038783822483
database3/database3/m.015pqq/87-FaceId-0_align.webp,0.018013,0.0,0.1024530563625401
database3/database3/m.015pt7/51-FaceId-0_align.webp,0.127322,1.0,0.1108815755690366
database3/database3/m.015pt7/58-FaceId-0_align.webp,0.035197,1.0,0.084456016292643
database3/database3/m.015pt7/60-FaceId-0_align.webp,0.049196,1.0,0.152204064375591
database3/database3/m.015pvh/112-FaceId-0_align.webp,0.330281,0.0,0.1054770930426552
database3/database3/m.015px7/44-FaceId-0_align.webp,0.034165,1.0,0.0829547208495825
database3/database3/m.015px7/91-FaceId-0_align.webp,0.015722,1.0,0.1156539401264454
database3/database3/m.015pxr/76-FaceId-0_align.webp,0.013737,1.0,0.0861070756650153
database3/database3/m.015pxr/85-FaceId-0_align.webp,0.04711,1.0,0.1031117694128006
database3/database3/m.015pz3/26-FaceId-0_align.webp,0.029214,1.0,0.0978301806600003
database3/database3/m.015q3m/88-FaceId-0_align.webp,0.02977,1.0,0.0832076987888492
database3/database3/m.015q43/44-FaceId-0_align.webp,0.14431,0.0,0.0963168207481645
database3/database3/m.015q43/83-FaceId-0_align.webp,0.202776,0.0,0.111190291483198
database3/database3/m.015q7v/66-FaceId-0_align.webp,0.123951,1.0,0.0992537586786353
database3/database3/m.015q7v/70-FaceId-0_align.webp,0.084162,1.0,0.0999495985167766
database3/database3/m.015q7v/74-FaceId-0_align.webp,0.166774,1.0,0.2065207508931574
database3/database3/m.015q7v/95-FaceId-0_align.webp,0.114436,1.0,0.0864332582847821
database3/database3/m.015q9_/38-FaceId-0_align.webp,0.073529,1.0,0.1035834263989291
database3/database3/m.015q9_/55-FaceId-0_align.webp,0.228226,1.0,0.1074335536247574
database3/database3/m.015qgb/80-FaceId-0_align.webp,0.240744,0.0,0.1292972391055971
database3/database3/m.015ql4/49-FaceId-0_align.webp,0.010843,1.0,0.0888325977029115
database3/database3/m.015ql_/79-FaceId-0_align.webp,0.076307,0.0,0.1031501324596207
database3/database3/m.015qlm/10-FaceId-0_align.webp,0.050821,0.0,0.0918378968561913
database3/database3/m.015qlm/70-FaceId-0_align.webp,0.030997,0.0,0.0907519862523137
database3/database3/m.015qpn/63-FaceId-0_align.webp,0.366396,1.0,0.0817597509415696
database3/database3/m.015qq1/36-FaceId-0_align.webp,0.022633,1.0,0.0793170539193911
database3/database3/m.015qty/73-FaceId-0_align.webp,0.019129,1.0,0.0728818323377995
database3/database3/m.015qty/74-FaceId-0_align.webp,0.007618,1.0,0.0888247932934339
database3/database3/m.015qv9/29-FaceId-0_align.webp,0.006101,1.0,0.1027596942415845
database3/database3/m.015qxn/75-FaceId-0_align.webp,0.029389,1.0,0.0796991771981109
database3/database3/m.015qxn/81-FaceId-0_align.webp,0.000968,1.0,0.1496499243185119
database3/database3/m.015qyf/14-FaceId-0_align.webp,0.032701,1.0,0.0989247602602782
database3/database3/m.015qzv/12-FaceId-0_align.webp,0.03298,1.0,0.188915187762478
database3/database3/m.015qzv/45-FaceId-0_align.webp,0.048204,1.0,0.168215630532918
database3/database3/m.015qzv/55-FaceId-0_align.webp,0.094832,1.0,0.2308823241064202
database3/database3/m.015qzv/57-FaceId-0_align.webp,0.068867,1.0,0.1112278029557547
database3/database3/m.015r3q/35-FaceId-0_align.webp,0.001755,1.0,0.1812526053457908
database3/database3/m.015r4v/28-FaceId-0_align.webp,0.015627,1.0,0.1168043823331133
database3/database3/m.015rhv/21-FaceId-0_align.webp,0.274759,1.0,0.1503575067598559
database3/database3/m.015rmq/88-FaceId-0_align.webp,0.016982,1.0,0.0873199973617596
database3/database3/m.015t_m/31-FaceId-0_align.webp,0.0851,1.0,0.0586738784783998
database3/database3/m.015thk/1-FaceId-0_align.webp,0.117609,1.0,0.0893426024542845
database3/database3/m.015thk/47-FaceId-0_align.webp,0.223814,1.0,0.1400339404137215
database3/database3/m.015thk/89-FaceId-0_align.webp,0.010677,1.0,0.1822223627069634
database3/database3/m.015tp7/25-FaceId-0_align.webp,0.089928,1.0,0.0978362853230866
database3/database3/m.015tp7/4-FaceId-0_align.webp,0.078982,1.0,0.1046275510451276
database3/database3/m.015tv5/22-FaceId-0_align.webp,0.009031,1.0,0.1011218378161516
database3/database3/m.015tv5/54-FaceId-0_align.webp,0.027498,1.0,0.0891954023466815
database3/database3/m.015tyq/50-FaceId-0_align.webp,0.029346,1.0,0.1288281423902439
database3/database3/m.015tyq/63-FaceId-0_align.webp,0.05956,1.0,0.1986936582460843
database3/database3/m.015v98/49-FaceId-0_align.webp,0.062142,0.0,0.1099425193907603
database3/database3/m.015v98/79-FaceId-0_align.webp,0.070144,0.0,0.1120577819941968
database3/database3/m.015vql/63-FaceId-0_align.webp,0.02634,1.0,0.1068838059858923
database3/database3/m.015vyh/54-FaceId-0_align.webp,0.020372,1.0,0.0877036691832574
database3/database3/m.015wfg/59-FaceId-0_align.webp,0.021245,1.0,0.0982102434169502
database3/database3/m.015wfy/41-FaceId-0_align.webp,0.10115,1.0,0.0834036031747886
database3/database3/m.015wfy/43-FaceId-0_align.webp,0.000923,1.0,0.1601626370738476
database3/database3/m.015wfy/78-FaceId-0_align.webp,0.064575,1.0,0.1804858496018285
database3/database3/m.015wfy/91-FaceId-0_align.webp,0.156,1.0,0.1634127952951204
database3/database3/m.015wgw/16-FaceId-0_align.webp,0.030553,1.0,0.0842998842743701
database3/database3/m.015wgw/5-FaceId-0_align.webp,0.079937,1.0,0.0943236631289251
database3/database3/m.015wkb/94-FaceId-0_align.webp,0.010721,1.0,0.0800812662206199
database3/database3/m.015x3n/93-FaceId-0_align.webp,0.0,0.0,0.556063319367482
database3/database3/m.015x63/126-FaceId-0_align.webp,0.077609,0.0,0.0916330374438566
database3/database3/m.015xnd/46-FaceId-0_align.webp,0.021854,1.0,0.1291334607134026
database3/database3/m.015xnd/72-FaceId-0_align.webp,0.171432,1.0,0.22713057094802
database3/database3/m.015xsn/17-FaceId-0_align.webp,0.021828,1.0,0.1371835659776722
database3/database3/m.015xww/31-FaceId-0_align.webp,0.075773,1.0,0.0920647882539272
database3/database3/m.015xys/54-FaceId-0_align.webp,0.054138,1.0,0.0796402698018324
database3/database3/m.015y4c/42-FaceId-0_align.webp,0.097688,1.0,0.068163861372148
database3/database3/m.015y4c/72-FaceId-0_align.webp,0.027368,1.0,0.0810266933863577
database3/database3/m.015y4c/79-FaceId-0_align.webp,0.010835,1.0,0.0688435642477549
database3/database3/m.015yb0/108-FaceId-0_align.webp,0.073526,1.0,0.0762240099912245
database3/database3/m.015ybz/5-FaceId-0_align.webp,0.004767,1.0,0.257993545614559
database3/database3/m.015yg9/69-FaceId-0_align.webp,0.021682,1.0,0.1390352898193084
database3/database3/m.015ykr/19-FaceId-0_align.webp,0.078311,0.0,0.0937131133460288
database3/database3/m.015ykr/9-FaceId-0_align.webp,0.026904,0.0,0.0755117544449534
database3/database3/m.015z4j/106-FaceId-1_align.webp,0.203863,0.0,0.1003982572605491
database3/database3/m.015z4j/30-FaceId-0_align.webp,0.022438,0.0,0.0838418936450236
database3/database3/m.015zj4/3-FaceId-0_align.webp,0.026859,1.0,0.1451002752332177
database3/database3/m.015zjx/34-FaceId-0_align.webp,0.188292,1.0,0.1141729578166325
database3/database3/m.015zm4/92-FaceId-0_align.webp,0.019768,1.0,0.1711492759045635
database3/database3/m.015zmm/35-FaceId-0_align.webp,0.071991,0.0,0.090394683154073
database3/database3/m.016077/95-FaceId-0_align.webp,0.023638,1.0,0.103531249374514
database3/database3/m.0160pf/102-FaceId-0_align.webp,0.037457,1.0,0.1037077317254491
database3/database3/m.016194/12-FaceId-0_align.webp,0.028771,1.0,0.0957901595152437
database3/database3/m.016194/6-FaceId-0_align.webp,0.025295,1.0,0.0728494548470612
database3/database3/m.0161h5/105-FaceId-0_align.webp,0.042175,0.0,0.0847514807089974
database3/database3/m.0161hn/33-FaceId-0_align.webp,0.010683,1.0,0.1379753395430879
database3/database3/m.0162c8/22-FaceId-0_align.webp,0.021055,1.0,0.1056329838116967
database3/database3/m.0162c8/71-FaceId-0_align.webp,0.041746,1.0,0.0988522691464735
database3/database3/m.0162c8/72-FaceId-0_align.webp,0.034776,1.0,0.1007237116701015
database3/database3/m.0162lw/68-FaceId-0_align.webp,0.026272,1.0,0.1004934379942893
database3/database3/m.0162n1/16-FaceId-0_align.webp,0.013549,1.0,0.1834708761475968
database3/database3/m.0162n1/17-FaceId-0_align.webp,0.15524,1.0,0.1865408216196947
database3/database3/m.01635v/83-FaceId-0_align.webp,0.001023,1.0,0.0674652200328673
database3/database3/m.0163bt/91-FaceId-0_align.webp,0.100672,1.0,0.1074654741252466
database3/database3/m.0163kf/72-FaceId-0_align.webp,0.120095,0.0,0.0906608418381233
database3/database3/m.0163kf/83-FaceId-0_align.webp,0.098981,0.0,0.1170046967330118
database3/database3/m.0163rk/30-FaceId-0_align.webp,0.022552,1.0,0.0936974189305095
database3/database3/m.0163s9/24-FaceId-0_align.webp,0.074147,1.0,0.1020109578246036
database3/database3/m.0163s9/74-FaceId-0_align.webp,0.166715,1.0,0.093551481432174
database3/database3/m.0163t3/106-FaceId-0_align.webp,0.195337,0.0,0.0938981105552881
database3/database3/m.0163t3/9-FaceId-0_align.webp,0.08181,0.0,0.085760554987372
database3/database3/m.0163y8/74-FaceId-0_align.webp,0.077227,1.0,0.1116278130561704
database3/database3/m.0164c4/60-FaceId-0_align.webp,0.111711,0.0,0.0792289159401408
database3/database3/m.0164lp/69-FaceId-0_align.webp,0.064522,1.0,0.0784779487272556
database3/database3/m.0164lp/92-FaceId-0_align.webp,0.151037,1.0,0.1955521999625309
database3/database3/m.0164nb/3-FaceId-0_align.webp,0.089532,1.0,0.0850851053537295
database3/database3/m.0164y7/34-FaceId-0_align.webp,0.005214,1.0,0.1007977613214663
database3/database3/m.0165cp/26-FaceId-0_align.webp,0.006703,0.0,0.0767062959383984
database3/database3/m.0165cp/52-FaceId-0_align.webp,0.057554,0.0,0.0674739485107232
database3/database3/m.0165gc/85-FaceId-0_align.webp,0.006716,1.0,0.0767362151032207
database3/database3/m.0165gc/99-FaceId-0_align.webp,0.120842,1.0,0.0902369060586436
database3/database3/m.0165ky/57-FaceId-0_align.webp,0.015031,1.0,0.1505028588069653
database3/database3/m.0165n5/59-FaceId-0_align.webp,0.014306,0.0,0.0734528274237525
database3/database3/m.01666h/59-FaceId-0_align.webp,0.366126,0.0,0.1049908068264729
database3/database3/m.01666h/65-FaceId-0_align.webp,0.324656,0.0,0.121177617186989
database3/database3/m.0166rp/41-FaceId-0_align.webp,0.108225,1.0,0.1011941118153331
database3/database3/m.0166rp/55-FaceId-0_align.webp,0.058677,1.0,0.1261031842865971
database3/database3/m.0166w_/52-FaceId-0_align.webp,0.055626,1.0,0.0796399497818961
database3/database3/m.0166w_/7-FaceId-0_align.webp,0.051227,1.0,0.0633122795872647
database3/database3/m.0166yl/4-FaceId-0_align.webp,0.128426,1.0,0.0852557070346567
database3/database3/m.0166yl/42-FaceId-0_align.webp,0.00821,1.0,0.0920067264502669
database3/database3/m.0166zk/13-FaceId-0_align.webp,0.040817,1.0,0.2126591195232471
database3/database3/m.0166zk/42-FaceId-0_align.webp,0.020069,1.0,0.1536660254305254
database3/database3/m.0166zk/72-FaceId-0_align.webp,0.015452,1.0,0.0932416554106988
database3/database3/m.01678_/78-FaceId-0_align.webp,0.014927,1.0,0.077322757301291
database3/database3/m.0167h6/35-FaceId-0_align.webp,0.000892,1.0,0.0789341987136138
database3/database3/m.0167xk/87-FaceId-0_align.webp,0.035118,1.0,0.1058687681536814
database3/database3/m.016883/25-FaceId-0_align.webp,0.021581,1.0,0.0855010591020139
database3/database3/m.016883/35-FaceId-0_align.webp,0.016967,1.0,0.1006965587430041
database3/database3/m.016883/79-FaceId-0_align.webp,0.042662,1.0,0.0863080225487979
database3/database3/m.0168cl/73-FaceId-0_align.webp,0.16573,1.0,0.09931312842226
database3/database3/m.0168ql/60-FaceId-0_align.webp,0.01118,1.0,0.0554574663141916
database3/database3/m.0168vx/9-FaceId-0_align.webp,0.182986,0.0,0.0753644682341183
database3/database3/m.01693z/106-FaceId-0_align.webp,0.308514,1.0,0.1282224161393491
database3/database3/m.01693z/67-FaceId-0_align.webp,0.053019,1.0,0.0740101694301623
database3/database3/m.016959/105-FaceId-0_align.webp,0.10109,1.0,0.1247456928465737
database3/database3/m.016959/51-FaceId-0_align.webp,0.067755,1.0,0.0988983783537659
database3/database3/m.0169ff/102-FaceId-0_align.webp,0.033338,1.0,0.1218811748958342
database3/database3/m.0169ff/36-FaceId-0_align.webp,0.024259,1.0,0.0917678056393085
database3/database3/m.0169ff/79-FaceId-0_align.webp,0.137366,1.0,0.0989734259510145
database3/database3/m.0169mh/14-FaceId-0_align.webp,0.084985,0.0,0.1233610174526452
database3/database3/m.0169r6/43-FaceId-0_align.webp,0.109367,0.0,0.1016181608065052
database3/database3/m.0169v2/37-FaceId-0_align.webp,0.237432,0.0,0.1120441321004512
database3/database3/m.0169v2/60-FaceId-0_align.webp,0.294775,0.0,0.1189007534338453
database3/database3/m.0169x_/12-FaceId-0_align.webp,0.169443,1.0,0.0875527230578485
database3/database3/m.016_js/82-FaceId-0_align.webp,0.00161,0.0,0.0813244293326153
database3/database3/m.016_js/90-FaceId-0_align.webp,0.074161,0.0,0.0978706212484809
database3/database3/m.016_mj/9-FaceId-0_align.webp,0.005546,1.0,0.1012166741124515
database3/database3/m.016b6z/92-FaceId-0_align.webp,0.053278,1.0,0.1151827712677914
database3/database3/m.016b90/0-FaceId-0_align.webp,0.006801,1.0,0.0817189398813147
database3/database3/m.016b90/79-FaceId-0_align.webp,0.0,1.0,0.0477176753040818
database3/database3/m.016b90/8-FaceId-0_align.webp,0.046454,1.0,0.0665560939405265
database3/database3/m.016b90/93-FaceId-0_align.webp,0.01334,1.0,0.0832816891061706
database3/database3/m.016cn6/6-FaceId-0_align.webp,0.062721,1.0,0.1411797564485505
database3/database3/m.016cn6/90-FaceId-0_align.webp,0.090699,1.0,0.0988579119569728
database3/database3/m.016cz6/23-FaceId-1_align.webp,0.213677,1.0,0.4370091983859237
database3/database3/m.016db7/11-FaceId-0_align.webp,0.00104,1.0,0.1393504872009349
database3/database3/m.016dbr/42-FaceId-0_align.webp,0.02227,1.0,0.0966051477399369
database3/database3/m.016fjj/77-FaceId-0_align.webp,0.012807,1.0,0.0864440767140099
database3/database3/m.016fnv/40-FaceId-0_align.webp,0.049743,1.0,0.090818051155503
database3/database3/m.016g29/40-FaceId-0_align.webp,0.003894,1.0,0.1254468573247094
database3/database3/m.016g29/95-FaceId-0_align.webp,0.017798,1.0,0.0641551693292031
database3/database3/m.016ggh/74-FaceId-0_align.webp,0.004674,1.0,0.0810864177786248
database3/database3/m.016ghw/12-FaceId-0_align.webp,0.035794,1.0,0.1475728851831532
database3/database3/m.016gkf/85-FaceId-0_align.webp,0.159983,1.0,0.0953321744412757
database3/database3/m.016gnp/45-FaceId-0_align.webp,0.027576,1.0,0.0892137404468706
database3/database3/m.016gnp/48-FaceId-0_align.webp,0.0,1.0,0.0969264584408614
database3/database3/m.016gr2/107-FaceId-0_align.webp,0.0,1.0,0.1263641651045255
database3/database3/m.016gr2/38-FaceId-0_align.webp,0.0,1.0,0.0740382323671159
database3/database3/m.016hgp/12-FaceId-0_align.webp,0.055372,0.0,0.0850530037385305
database3/database3/m.016hgp/32-FaceId-12_align.webp,0.159452,0.0,0.2711076556252622
database3/database3/m.016hgp/77-FaceId-4_align.webp,0.110387,0.0,0.0824352125062114
database3/database3/m.016hgp/77-FaceId-7_align.webp,0.08977,0.0,0.0844551090362719
database3/database3/m.016hgp/77-FaceId-9_align.webp,0.121788,0.0,0.0893952435995131
database3/database3/m.016hj7/88-FaceId-0_align.webp,0.028831,1.0,0.0692433881286823
database3/database3/m.016hk4/98-FaceId-0_align.webp,0.002253,1.0,0.0906337168146205
database3/database3/m.016hmf/90-FaceId-0_align.webp,0.168251,1.0,0.1045612405573177
database3/database3/m.016hrc/46-FaceId-0_align.webp,0.064797,0.0,0.1008398730779556
database3/database3/m.016htr/23-FaceId-0_align.webp,0.041326,1.0,0.0894648526205884
database3/database3/m.016htr/80-FaceId-0_align.webp,0.0,1.0,0.2105728944660466
database3/database3/m.016hvl/14-FaceId-0_align.webp,0.018608,1.0,0.1129408111176636
database3/database3/m.016hvl/79-FaceId-0_align.webp,0.027134,1.0,0.0967396793881178
database3/database3/m.016hzm/79-FaceId-0_align.webp,0.040554,1.0,0.1608776474598595
database3/database3/m.016j4q/17-FaceId-0_align.webp,0.014713,1.0,0.6256498617723851
database3/database3/m.016j4q/73-FaceId-0_align.webp,0.027874,1.0,0.262337896416195
database3/database3/m.016j55/23-FaceId-0_align.webp,0.003044,1.0,0.1197657063663967
database3/database3/m.016j_c/80-FaceId-0_align.webp,0.167359,0.0,0.1101752166622006
database3/database3/m.016k0j/73-FaceId-0_align.webp,0.021214,0.0,0.0960520495231244
database3/database3/m.016k38/76-FaceId-0_align.webp,0.03171,1.0,0.1402494753911337
database3/database3/m.016k38/86-FaceId-0_align.webp,0.0969,1.0,0.172730756028783
database3/database3/m.016k58/57-FaceId-0_align.webp,0.285077,0.0,0.1105318843699223
database3/database3/m.016k6x/11-FaceId-0_align.webp,0.0,1.0,0.0809698625459837
database3/database3/m.016k6x/19-FaceId-0_align.webp,0.0,1.0,0.0713777610178607
database3/database3/m.016k92/3-FaceId-0_align.webp,0.164786,1.0,0.1164731389044257
database3/database3/m.016k92/39-FaceId-0_align.webp,0.115077,1.0,0.1064795198774414
database3/database3/m.016k92/53-FaceId-0_align.webp,0.124335,1.0,0.1128525253046489
database3/database3/m.016k_v/117-FaceId-0_align.webp,0.172292,0.0,0.0819567782563529
database3/database3/m.016k_v/31-FaceId-0_align.webp,0.103765,0.0,0.0875777831464422
database3/database3/m.016k_v/6-FaceId-0_align.webp,0.102662,0.0,0.0856270972382827
database3/database3/m.016kdv/96-FaceId-0_align.webp,0.10171,1.0,0.0906690854917331
database3/database3/m.016kft/30-FaceId-0_align.webp,0.094506,1.0,0.1057430896389303
database3/database3/m.016khd/116-FaceId-0_align.webp,0.014365,1.0,0.1940177441092646
database3/database3/m.016khd/18-FaceId-0_align.webp,0.045446,1.0,0.1274252552879456
database3/database3/m.016khd/77-FaceId-0_align.webp,0.016363,1.0,0.0840994245938073
database3/database3/m.016kjs/51-FaceId-0_align.webp,0.103247,1.0,0.1052818203887038
database3/database3/m.016kqk/22-FaceId-0_align.webp,0.109366,1.0,0.1233165787685427
database3/database3/m.016kqk/57-FaceId-0_align.webp,0.028005,1.0,0.1270853948178482
database3/database3/m.016ksk/77-FaceId-0_align.webp,0.033554,1.0,0.1562783693673703
database3/database3/m.016l53/34-FaceId-0_align.webp,0.004644,1.0,0.2046825957183524
database3/database3/m.016l_5/13-FaceId-1_align.webp,0.028409,0.0,0.1935491480492665
database3/database3/m.016l_5/23-FaceId-0_align.webp,0.13632,0.0,0.087586252896375
database3/database3/m.016l_5/69-FaceId-0_align.webp,0.067658,0.0,0.0853540832641926
database3/database3/m.016lb3/2-FaceId-0_align.webp,0.005513,1.0,0.0827670314412114
database3/database3/m.016lh0/74-FaceId-0_align.webp,0.000336,1.0,0.0916167551983979
database3/database3/m.016m0v/15-FaceId-0_align.webp,0.003574,1.0,0.1672488274112279
database3/database3/m.016m0v/47-FaceId-0_align.webp,0.010823,1.0,0.180489071336753
database3/database3/m.016m0v/48-FaceId-0_align.webp,0.006305,1.0,0.1265064745627915
database3/database3/m.016mgj/22-FaceId-0_align.webp,0.177659,0.0,0.0886540514951619
database3/database3/m.016mgj/72-FaceId-0_align.webp,0.141048,0.0,0.1997716905457886
database3/database3/m.016ntp/45-FaceId-0_align.webp,0.056576,0.0,0.254008508442039
database3/database3/m.016ntp/58-FaceId-0_align.webp,0.194583,0.0,0.1767743825705703
database3/database3/m.016ntp/78-FaceId-0_align.webp,0.262576,0.0,0.1230222157519568
database3/database3/m.016ntp/85-FaceId-0_align.webp,0.141759,0.0,0.1041049123663512
database3/database3/m.016nvh/2-FaceId-0_align.webp,0.143526,1.0,0.1017135408494574
database3/database3/m.016nvy/82-FaceId-0_align.webp,0.14288,0.0,0.0875073572962292
database3/database3/m.016nws/82-FaceId-0_align.webp,0.154826,1.0,0.138500464491851
database3/database3/m.016pns/55-FaceId-0_align.webp,0.055966,1.0,0.1095195128086287
database3/database3/m.016q0w/27-FaceId-0_align.webp,0.009996,1.0,0.0944578439735472
database3/database3/m.016q2n/25-FaceId-0_align.webp,0.030179,0.0,0.0887332655806634
database3/database3/m.016q2n/89-FaceId-0_align.webp,0.007529,0.0,0.1023172761351359
database3/database3/m.016q4_/99-FaceId-1_align.webp,0.000294,0.0,0.0824102442181446
database3/database3/m.016qrb/16-FaceId-0_align.webp,0.039165,0.0,0.0859821831091552
database3/database3/m.016qrb/78-FaceId-0_align.webp,0.145711,0.0,0.0827441822665507
database3/database3/m.016qtt/15-FaceId-0_align.webp,0.187503,1.0,0.0915138081945819
database3/database3/m.016qtt/25-FaceId-0_align.webp,0.283035,1.0,0.1004553736439615
database3/database3/m.016r3x/42-FaceId-0_align.webp,0.001242,1.0,0.0658923910220276
database3/database3/m.016r3x/44-FaceId-0_align.webp,0.007495,1.0,0.1016578811532984
database3/database3/m.016sff/35-FaceId-0_align.webp,0.025858,1.0,0.2720128503062791
database3/database3/m.016sp_/9-FaceId-0_align.webp,0.355835,1.0,0.0894418864610537
database3/database3/m.016swh/38-FaceId-0_align.webp,0.0,1.0,0.0932833671042979
database3/database3/m.016sz1/68-FaceId-0_align.webp,0.00381,1.0,0.1088155505628813
database3/database3/m.016szr/0-FaceId-0_align.webp,0.081751,1.0,0.2003564122160955
database3/database3/m.016szr/31-FaceId-0_align.webp,0.150774,1.0,0.1992381129681959
database3/database3/m.016t00/27-FaceId-0_align.webp,0.010723,1.0,0.1080915996186862
database3/database3/m.016t00/29-FaceId-0_align.webp,0.026052,1.0,0.0986479850709751
database3/database3/m.016t00/49-FaceId-0_align.webp,0.061342,1.0,0.1154122939544036
database3/database3/m.016tb7/64-FaceId-0_align.webp,0.020212,0.0,0.0812996368213349
database3/database3/m.016tbr/53-FaceId-0_align.webp,0.052696,1.0,0.1000473555473773
database3/database3/m.016tbr/91-FaceId-0_align.webp,0.278026,1.0,0.1226719322419952
database3/database3/m.016tbr/97-FaceId-0_align.webp,0.035531,1.0,0.1142605196144748
database3/database3/m.016tcm/7-FaceId-0_align.webp,0.0,1.0,0.0970808221255754
database3/database3/m.016tqw/18-FaceId-0_align.webp,0.009857,1.0,0.1054220915298755
database3/database3/m.016vqk/91-FaceId-0_align.webp,0.041054,1.0,0.0915271679425785
database3/database3/m.016vxj/34-FaceId-0_align.webp,0.081238,1.0,0.0827883988168319
database3/database3/m.016vy9/16-FaceId-0_align.webp,0.135759,0.0,0.0913288544111169
database3/database3/m.016vy9/41-FaceId-0_align.webp,0.023537,0.0,0.0785328511072916
database3/database3/m.016vyp/28-FaceId-0_align.webp,0.086364,1.0,0.0926309308079897
database3/database3/m.016vyp/92-FaceId-0_align.webp,0.043472,1.0,0.0871887497780828
database3/database3/m.016wdq/47-FaceId-0_align.webp,0.021942,1.0,0.2765783977513399
database3/database3/m.016wvy/16-FaceId-0_align.webp,0.016451,1.0,0.0917969922110389
database3/database3/m.016wvy/70-FaceId-0_align.webp,0.279688,1.0,0.1119440236813928
database3/database3/m.016wvy/90-FaceId-0_align.webp,0.0652,1.0,0.2062879829805613
database3/database3/m.016xk5/94-FaceId-0_align.webp,0.039665,1.0,0.0848469491457441
database3/database3/m.016yr0/49-FaceId-0_align.webp,0.028821,1.0,0.0865304779538465
database3/database3/m.016yr0/53-FaceId-0_align.webp,0.03224,1.0,0.0808318362943364
database3/database3/m.016yr0/98-FaceId-0_align.webp,0.103354,1.0,0.0994267050689423
database3/database3/m.016ywr/2-FaceId-0_align.webp,0.022088,1.0,0.1342658306216266
database3/database3/m.016ywr/21-FaceId-0_align.webp,0.053813,1.0,0.0988856492149097
database3/database3/m.016ywr/76-FaceId-0_align.webp,0.0,1.0,0.0807288267718886
database3/database3/m.016z3d/40-FaceId-0_align.webp,0.041987,1.0,0.0810326051025274
database3/database3/m.016z3d/43-FaceId-0_align.webp,0.184794,1.0,0.0917919571524664
database3/database3/m.016z3d/48-FaceId-0_align.webp,0.181018,1.0,0.0907513941752981
database3/database3/m.016z68/21-FaceId-0_align.webp,0.185954,1.0,0.1114063559658176
database3/database3/m.016z68/89-FaceId-0_align.webp,0.268667,1.0,0.1053533942948078
database3/database3/m.016zp5/13-FaceId-0_align.webp,0.016071,1.0,0.0755867978305528
database3/database3/m.016zp5/31-FaceId-0_align.webp,0.101464,1.0,0.2153595272628076
database3/database3/m.016zp5/64-FaceId-0_align.webp,0.006697,1.0,0.0936801900140742
database3/database3/m.016zp5/68-FaceId-0_align.webp,0.014376,1.0,0.0977057568635839
database3/database3/m.016zvk/22-FaceId-0_align.webp,0.104809,0.0,0.0932164132351988
database3/database3/m.016zvk/81-FaceId-0_align.webp,0.147393,0.0,0.0913238895070982
database3/database3/m.016zvk/88-FaceId-0_align.webp,0.080384,0.0,0.0725513409166331
database3/database3/m.016zvk/91-FaceId-0_align.webp,0.084334,0.0,0.0847503123549117
database3/database3/m.0170pk/112-FaceId-0_align.webp,0.029113,1.0,0.1641892587731111
database3/database3/m.0170pk/32-FaceId-0_align.webp,0.0,1.0,0.1727197578847213
database3/database3/m.0170pk/71-FaceId-0_align.webp,0.003334,1.0,0.1077752085471464
database3/database3/m.0170pk/93-FaceId-0_align.webp,0.020024,1.0,0.1842594213712864
database3/database3/m.0170q1/39-FaceId-0_align.webp,0.098023,0.0,0.150516408197817
database3/database3/m.0170qf/10-FaceId-0_align.webp,0.012168,1.0,0.086270286501045
database3/database3/m.0170qf/66-FaceId-0_align.webp,0.173717,1.0,0.1056496168977595
database3/database3/m.0170s4/35-FaceId-0_align.webp,0.00841,1.0,0.1057471483117962
database3/database3/m.0170s4/44-FaceId-0_align.webp,0.007374,1.0,0.0620937969931843
database3/database3/m.0170s4/48-FaceId-0_align.webp,0.0,1.0,0.0690957458725713
database3/database3/m.0170s4/85-FaceId-0_align.webp,0.00918,1.0,0.0907150573219161
database3/database3/m.0170s4/86-FaceId-0_align.webp,0.00659,1.0,0.0776577589510005
database3/database3/m.0170zz/7-FaceId-0_align.webp,0.0033,1.0,0.1459742191749408
database3/database3/m.017115/2-FaceId-0_align.webp,0.178391,1.0,0.1467930824858381
database3/database3/m.0171cm/52-FaceId-0_align.webp,0.078391,1.0,0.2003107826670968
database3/database3/m.0171cm/9-FaceId-0_align.webp,0.020679,1.0,0.1945843006347862
database3/database3/m.0171dv/105-FaceId-0_align.webp,0.019879,1.0,0.0793348491594014
database3/database3/m.0171dv/106-FaceId-0_align.webp,0.079343,1.0,0.1011795558640603
database3/database3/m.0171z8/39-FaceId-0_align.webp,0.1172,0.0,0.382928302102781
database3/database3/m.01721f/98-FaceId-0_align.webp,0.00066,1.0,0.062598785817968
database3/database3/m.01728m/45-FaceId-0_align.webp,0.026608,1.0,0.1605161635516258
database3/database3/m.01734j/10-FaceId-0_align.webp,0.107434,1.0,0.1770841616517885
database3/database3/m.01737y/7-FaceId-0_align.webp,0.023524,1.0,0.0770304568078706
database3/database3/m.0173cq/55-FaceId-0_align.webp,0.0687,0.0,0.1027104935996658
database3/database3/m.0173cq/82-FaceId-0_align.webp,0.052898,0.0,0.0841439926808207
database3/database3/m.0173p_/66-FaceId-0_align.webp,0.12779,0.0,0.1254810298102979
database3/database3/m.0173p_/82-FaceId-0_align.webp,0.039784,0.0,0.0814439972970371
database3/database3/m.0173p_/97-FaceId-0_align.webp,0.06989,0.0,0.096182465296385
database3/database3/m.0173s_/56-FaceId-0_align.webp,0.320216,0.0,0.1068004901918963
database3/database3/m.01741h/75-FaceId-0_align.webp,0.057681,1.0,0.2171978940395282
database3/database3/m.01742l/53-FaceId-0_align.webp,0.210558,0.0,0.1240086949279454
database3/database3/m.01744d/24-FaceId-0_align.webp,0.021138,1.0,0.097689955896475
database3/database3/m.01744d/66-FaceId-0_align.webp,0.069833,1.0,0.097697486674007
database3/database3/m.017458/60-FaceId-0_align.webp,0.031087,1.0,0.2872272350153114
database3/database3/m.0174z2/31-FaceId-0_align.webp,0.019356,1.0,0.0902167469150652
database3/database3/m.0175m_/104-FaceId-0_align.webp,0.011519,1.0,0.1336467792487511
database3/database3/m.0175m_/106-FaceId-0_align.webp,0.008092,1.0,0.0836688573868719
database3/database3/m.0175s7/91-FaceId-0_align.webp,0.271553,1.0,0.1314058952994634
database3/database3/m.0175w3/23-FaceId-0_align.webp,0.084707,1.0,0.1910405585885926
database3/database3/m.0175w3/40-FaceId-0_align.webp,0.14122,1.0,0.2577786094629198
database3/database3/m.0175w3/8-FaceId-0_align.webp,0.022898,1.0,0.2910214469154197
database3/database3/m.01762z/69-FaceId-0_align.webp,0.001793,1.0,0.0887599638689661
database3/database3/m.017729/106-FaceId-0_align.webp,0.004005,1.0,0.1167410384057822
database3/database3/m.01772q/118-FaceId-0_align.webp,0.005376,1.0,0.073049953799188
database3/database3/m.01778_/1-FaceId-0_align.webp,0.151831,0.0,0.1944048550436361
database3/database3/m.01778_/5-FaceId-0_align.webp,0.080886,0.0,0.1698499980697102
database3/database3/m.0177s6/54-FaceId-0_align.webp,0.003871,1.0,0.2240003512018214
database3/database3/m.0177s6/83-FaceId-0_align.webp,0.194958,1.0,0.1983393352175569
database3/database3/m.0178_j/46-FaceId-0_align.webp,0.038586,1.0,0.1678229293804243
database3/database3/m.0178d6/53-FaceId-0_align.webp,0.019408,1.0,0.0856053788635218
database3/database3/m.0178d6/9-FaceId-0_align.webp,0.038126,1.0,0.1050053421037263
database3/database3/m.0178sb/20-FaceId-0_align.webp,0.025953,1.0,0.0823243583495424
database3/database3/m.01791s/104-FaceId-0_align.webp,0.057011,1.0,0.382604018446452
database3/database3/m.01793l/15-FaceId-0_align.webp,0.11519,1.0,0.2217240151053241
database3/database3/m.01793l/3-FaceId-0_align.webp,0.021997,1.0,0.1787334120340774
database3/database3/m.01793l/48-FaceId-0_align.webp,0.070141,1.0,0.2583566296913013
database3/database3/m.01793l/77-FaceId-0_align.webp,0.068916,1.0,0.2243986993606777
database3/database3/m.01794d/22-FaceId-0_align.webp,0.132698,1.0,0.1009027984555858
database3/database3/m.0179n7/47-FaceId-0_align.webp,0.025063,1.0,0.0935086806160016
database3/database3/m.0179ys/22-FaceId-0_align.webp,0.03888,1.0,0.1119033235277354
database3/database3/m.017_65/24-FaceId-0_align.webp,0.104039,1.0,0.1445928459023301
database3/database3/m.017__g/2-FaceId-0_align.webp,0.026314,1.0,0.0876988900443244
database3/database3/m.017__g/30-FaceId-0_align.webp,0.064708,1.0,0.1050325903862184
database3/database3/m.017_dr/0-FaceId-1_align.webp,0.037641,1.0,0.1801041805713562
database3/database3/m.017_dr/14-FaceId-0_align.webp,0.005491,1.0,0.112503028342787
database3/database3/m.017_dr/47-FaceId-0_align.webp,0.191478,1.0,0.1115780670231408
database3/database3/m.017_dr/57-FaceId-0_align.webp,0.038308,1.0,0.2143317810627093
database3/database3/m.017_j4/45-FaceId-0_align.webp,0.032452,1.0,0.1746466025488117
database3/database3/m.017_j4/54-FaceId-0_align.webp,0.009302,1.0,0.1804250070222307
database3/database3/m.017_j4/93-FaceId-0_align.webp,0.05205,1.0,0.2964120084365815
database3/database3/m.017_l1/23-FaceId-0_align.webp,0.033635,1.0,0.0770327810120112
database3/database3/m.017_l1/5-FaceId-0_align.webp,0.0,1.0,0.0814119523251889
database3/database3/m.017_xx/84-FaceId-0_align.webp,0.180042,0.0,0.0915629840308238
database3/database3/m.017bd/83-FaceId-0_align.webp,0.002036,1.0,0.1553019570924979
database3/database3/m.017bd/85-FaceId-0_align.webp,0.002715,1.0,0.2015878384034266
database3/database3/m.017bk6/90-FaceId-2_align.webp,0.056904,0.0,0.0756063755717652
database3/database3/m.017bxq/72-FaceId-0_align.webp,0.032315,1.0,0.1516093078458326
database3/database3/m.017c87/108-FaceId-0_align.webp,0.012746,1.0,0.1681995429933366
database3/database3/m.017c87/7-FaceId-0_align.webp,0.008884,1.0,0.0778449406657129
database3/database3/m.017cgg/62-FaceId-0_align.webp,0.009893,1.0,0.1955087486240883
database3/database3/m.017d3v/21-FaceId-0_align.webp,0.000486,1.0,0.0518938325774623
database3/database3/m.017dpj/104-FaceId-0_align.webp,0.159674,1.0,0.2028523872177117
database3/database3/m.017dpj/116-FaceId-0_align.webp,0.004563,1.0,0.1511422567588425
database3/database3/m.017dpj/14-FaceId-0_align.webp,0.012759,1.0,0.1491766964451145
database3/database3/m.017dpj/6-FaceId-0_align.webp,0.157516,1.0,0.2093675781403785
database3/database3/m.017dpj/81-FaceId-0_align.webp,0.117413,1.0,0.2748192551940194
database3/database3/m.017dpj/98-FaceId-0_align.webp,0.093515,1.0,0.1871957607540636
database3/database3/m.017f4y/21-FaceId-0_align.webp,0.009046,1.0,0.0889338189946521
database3/database3/m.017fgp/17-FaceId-0_align.webp,0.004873,1.0,0.2021081186383539
database3/database3/m.017fhk/5-FaceId-0_align.webp,0.05945,1.0,0.1600799011786853
database3/database3/m.017fhk/70-FaceId-0_align.webp,0.025921,1.0,0.0770994179850861
database3/database3/m.017fhk/87-FaceId-0_align.webp,0.146412,1.0,0.1515402314780317
database3/database3/m.017fj_/2-FaceId-0_align.webp,0.022486,1.0,0.0901374041439833
database3/database3/m.017fj_/97-FaceId-0_align.webp,0.013264,1.0,0.2034116986968477
database3/database3/m.017fks/21-FaceId-0_align.webp,0.013755,1.0,0.088008102336015
database3/database3/m.017fks/34-FaceId-0_align.webp,0.010024,1.0,0.1951071691920679
database3/database3/m.017fl5/7-FaceId-0_align.webp,0.088967,1.0,0.0974368141659735
database3/database3/m.017fl5/89-FaceId-0_align.webp,0.156395,1.0,0.134851061863354
database3/database3/m.017fl_/0-FaceId-0_align.webp,0.016489,1.0,0.2229974032784956
database3/database3/m.017fp0/26-FaceId-0_align.webp,0.014762,1.0,0.0785791297935565
database3/database3/m.017fp0/70-FaceId-0_align.webp,0.102621,1.0,0.1033731451498518
database3/database3/m.017fp0/85-FaceId-0_align.webp,0.016216,1.0,0.1009996418907227
database3/database3/m.017fp0/92-FaceId-0_align.webp,0.03683,1.0,0.178066082903459
database3/database3/m.017frf/2-FaceId-0_align.webp,0.239226,1.0,0.089702872513949
database3/database3/m.017frf/48-FaceId-0_align.webp,0.242631,1.0,0.1072488009052801
database3/database3/m.017ft0/4-FaceId-0_align.webp,0.025186,0.0,0.0870814505717861
database3/database3/m.017fxp/62-FaceId-0_align.webp,0.006207,1.0,0.1591335834817908
database3/database3/m.017fzy/33-FaceId-0_align.webp,0.135665,1.0,0.0815823710916706
database3/database3/m.017fzy/38-FaceId-0_align.webp,0.020138,1.0,0.1016117227246646
database3/database3/m.017fzy/44-FaceId-0_align.webp,0.119262,1.0,0.1031635399877548
database3/database3/m.017fzy/7-FaceId-0_align.webp,0.042513,1.0,0.0883784194716553
database3/database3/m.017fzy/84-FaceId-0_align.webp,0.1089,1.0,0.1130112607272685
database3/database3/m.017fzy/88-FaceId-0_align.webp,0.093437,1.0,0.0813281773923137
database3/database3/m.017g21/51-FaceId-0_align.webp,0.121234,1.0,0.1107557902751237
database3/database3/m.017g2y/13-FaceId-0_align.webp,0.026164,1.0,0.0886729180492068
database3/database3/m.017gd_/53-FaceId-0_align.webp,0.006889,1.0,0.2095168373801865
database3/database3/m.017gd_/59-FaceId-0_align.webp,0.012556,1.0,0.1505778939564876
database3/database3/m.017gxw/53-FaceId-0_align.webp,0.064935,0.0,0.0905037768209742
database3/database3/m.017h4c/0-FaceId-0_align.webp,0.049628,1.0,0.1810500701867429
database3/database3/m.017h_2/23-FaceId-0_align.webp,0.06887,1.0,0.2053657529522015
database3/database3/m.017hgl/21-FaceId-0_align.webp,0.089799,1.0,0.1203432935260038
database3/database3/m.017hgl/42-FaceId-0_align.webp,0.004642,1.0,0.1041256431488906
database3/database3/m.017hjk/57-FaceId-0_align.webp,0.009431,1.0,0.1255524843347927
database3/database3/m.017hm9/3-FaceId-0_align.webp,0.001744,1.0,0.1663537761402183
database3/database3/m.017hm9/36-FaceId-0_align.webp,0.002432,1.0,0.1013320505863589
database3/database3/m.017hw4/23-FaceId-0_align.webp,0.000412,1.0,0.1009807663840852
database3/database3/m.017hwl/3-FaceId-0_align.webp,0.014017,1.0,0.2043651946761295
database3/database3/m.017j1w/26-FaceId-0_align.webp,0.021211,1.0,0.077291844437429
database3/database3/m.017j1w/35-FaceId-0_align.webp,0.039099,1.0,0.2923450431842435
database3/database3/m.017j1w/8-FaceId-0_align.webp,0.052854,1.0,0.075588043418131
database3/database3/m.017j2b/85-FaceId-0_align.webp,0.008707,1.0,0.1330099292844279
database3/database3/m.017jwg/17-FaceId-0_align.webp,0.002376,1.0,0.116787117524942
database3/database3/m.017jwg/53-FaceId-0_align.webp,0.066995,0.0,0.1044902311668294
database3/database3/m.017jwg/82-FaceId-0_align.webp,0.035246,1.0,0.1065871076079367
database3/database3/m.017kb5/32-FaceId-0_align.webp,0.006182,1.0,0.0957528226655368
database3/database3/m.017kgm/108-FaceId-1_align.webp,0.015319,1.0,0.0645219973282009
database3/database3/m.017kgm/94-FaceId-0_align.webp,0.003416,1.0,0.075779854548114
database3/database3/m.017kq/37-FaceId-0_align.webp,0.040762,1.0,0.1796288637774776
database3/database3/m.017kq/48-FaceId-0_align.webp,0.009092,1.0,0.172854309019192
database3/database3/m.017l4/11-FaceId-0_align.webp,0.001488,1.0,0.0766656020886563
database3/database3/m.017l4/73-FaceId-0_align.webp,0.09873,1.0,0.0956028514753801
database3/database3/m.017l4/80-FaceId-0_align.webp,0.025497,1.0,0.1842500536612512
database3/database3/m.017l7y/97-FaceId-0_align.webp,0.002424,1.0,0.094161826038676
database3/database3/m.017lcg/63-FaceId-0_align.webp,0.136168,1.0,0.0991159908234255
database3/database3/m.017m2y/105-FaceId-0_align.webp,0.084072,0.0,0.0867349970301205
database3/database3/m.017m2y/30-FaceId-0_align.webp,0.20052,0.0,0.110412500946103
database3/database3/m.017mrb/26-FaceId-0_align.webp,0.125876,1.0,0.0921489014879383
database3/database3/m.017q3j/27-FaceId-0_align.webp,0.040475,1.0,0.1000902782530667
database3/database3/m.017q3j/87-FaceId-1_align.webp,0.137407,1.0,0.1396787827568507
database3/database3/m.017qkp/105-FaceId-0_align.webp,0.016276,1.0,0.0813492894266092
database3/database3/m.017qkp/8-FaceId-0_align.webp,0.006413,1.0,0.0922761177854715
database3/database3/m.017r13/15-FaceId-0_align.webp,0.004576,1.0,0.0897980154826603
database3/database3/m.017r13/32-FaceId-0_align.webp,0.001926,1.0,0.0849490237768581
database3/database3/m.017r13/71-FaceId-0_align.webp,0.149849,1.0,0.1077609851107669
database3/database3/m.017r5g/69-FaceId-0_align.webp,0.246362,0.0,0.1120783560389751
database3/database3/m.017rh4/92-FaceId-0_align.webp,0.059749,1.0,0.1024865837144776
database3/database3/m.017rjs/94-FaceId-0_align.webp,0.227853,1.0,0.0887302983136313
database3/database3/m.017tk3/113-FaceId-0_align.webp,0.041074,1.0,0.1058181074359791
database3/database3/m.017tk3/5-FaceId-0_align.webp,0.023981,1.0,0.109569670173122
database3/database3/m.017tk3/61-FaceId-0_align.webp,0.058875,1.0,0.1227529793622677
database3/database3/m.017tk3/83-FaceId-0_align.webp,0.016266,1.0,0.1013590384092472
database3/database3/m.017tkv/15-FaceId-0_align.webp,0.09519,0.0,0.0780386134806423
database3/database3/m.017tkv/5-FaceId-0_align.webp,0.108291,0.0,0.0861798839867896
database3/database3/m.017tlt/70-FaceId-0_align.webp,0.079127,1.0,0.0612370839589017
database3/database3/m.017tn4/17-FaceId-0_align.webp,0.026983,1.0,0.1790974317588196
database3/database3/m.017tn4/54-FaceId-2_align.webp,0.042656,1.0,0.1404992814291444
database3/database3/m.017tnz/116-FaceId-0_align.webp,0.135035,1.0,0.1054068142617875
database3/database3/m.017vfn/43-FaceId-0_align.webp,0.036126,1.0,0.0911177840303719
database3/database3/m.017vkk/88-FaceId-0_align.webp,0.022172,0.0,0.087158621484201
database3/database3/m.017vkx/34-FaceId-1_align.webp,0.050784,1.0,0.2058314337463708
database3/database3/m.017wbg/77-FaceId-0_align.webp,0.079706,1.0,0.0893839372801799
database3/database3/m.017x_s/36-FaceId-0_align.webp,0.021378,1.0,0.2092351342397159
database3/database3/m.017xm3/52-FaceId-0_align.webp,0.225925,0.0,0.093738577173938
database3/database3/m.017yfz/93-FaceId-0_align.webp,0.237267,1.0,0.0
database3/database3/m.017yvm/5-FaceId-0_align.webp,0.011632,1.0,0.0939940449921151
database3/database3/m.017yvm/93-FaceId-0_align.webp,0.007487,1.0,0.1541643220684431
database3/database3/m.017yzt/119-FaceId-0_align.webp,0.299381,0.0,0.1218212558585143
database3/database3/m.017yzt/55-FaceId-0_align.webp,0.055778,0.0,0.0782230165188503
database3/database3/m.017yzt/61-FaceId-0_align.webp,0.0,0.0,0.078521350199489
database3/database3/m.017z_/91-FaceId-0_align.webp,0.06531,1.0,0.1810854687782077
database3/database3/m.017zng/39-FaceId-0_align.webp,0.114304,1.0,0.0917565404729412
database3/database3/m.017zng/73-FaceId-0_align.webp,0.087005,1.0,0.1257840153459219
database3/database3/m.017zng/97-FaceId-0_align.webp,0.096418,1.0,0.0790991381560843
database3/database3/m.01804k/55-FaceId-0_align.webp,0.104401,0.0,0.0851557489515947
database3/database3/m.01807/65-FaceId-0_align.webp,0.087681,1.0,0.2091437599684189
database3/database3/m.01807/73-FaceId-0_align.webp,0.147607,1.0,0.2278987830700416
database3/database3/m.018144/31-FaceId-0_align.webp,0.317719,1.0,0.0939315515170439
database3/database3/m.018144/55-FaceId-0_align.webp,0.076827,1.0,0.103018727179384
database3/database3/m.01815s/106-FaceId-0_align.webp,0.234236,0.0,0.0951846839072051
database3/database3/m.01815s/50-FaceId-0_align.webp,0.243106,0.0,0.0907931682949739
database3/database3/m.01815s/64-FaceId-0_align.webp,0.173641,0.0,0.094898184202591
database3/database3/m.0181gp/6-FaceId-0_align.webp,0.043543,1.0,0.0974369208112399
database3/database3/m.0181j_/107-FaceId-0_align.webp,0.027129,0.0,0.0918070847272967
database3/database3/m.0181kg/14-FaceId-0_align.webp,0.119867,1.0,0.2143116854842058
database3/database3/m.0181lj/18-FaceId-0_align.webp,0.190172,1.0,0.0616029655979499
database3/database3/m.0181p_/19-FaceId-0_align.webp,0.041166,1.0,0.166384183130913
database3/database3/m.0181p_/99-FaceId-0_align.webp,0.035046,1.0,0.0971487662865627
database3/database3/m.0181ph/4-FaceId-0_align.webp,0.019163,1.0,0.1538007725262863
database3/database3/m.0181ph/8-FaceId-0_align.webp,0.037384,1.0,0.0
database3/database3/m.0181x9/43-FaceId-0_align.webp,0.029481,1.0,0.095897752465449
database3/database3/m.0181xq/13-FaceId-0_align.webp,0.002527,0.0,0.1166843625896357
database3/database3/m.0182hg/59-FaceId-0_align.webp,0.003662,1.0,0.0805195984092423
database3/database3/m.0182q2/111-FaceId-0_align.webp,0.014398,1.0,0.098974306956259
database3/database3/m.0182q2/47-FaceId-0_align.webp,0.020684,1.0,0.09764060881111
database3/database3/m.0182q2/58-FaceId-0_align.webp,0.034155,1.0,0.0786605387554873
database3/database3/m.0182vk/101-FaceId-0_align.webp,0.185784,1.0,0.2518066258835971
database3/database3/m.0182vk/97-FaceId-0_align.webp,0.113244,1.0,0.0993883647324081
database3/database3/m.01830j/15-FaceId-0_align.webp,0.208446,0.0,0.1224315621038938
database3/database3/m.01833g/76-FaceId-0_align.webp,0.008544,1.0,0.1220746792810609
database3/database3/m.018348/1-FaceId-0_align.webp,0.029671,1.0,0.1354018209550114
database3/database3/m.0183f9/72-FaceId-0_align.webp,0.028848,1.0,0.1865490538769049
database3/database3/m.018417/7-FaceId-0_align.webp,0.270045,0.0,0.1020888761373423
database3/database3/m.018493/45-FaceId-0_align.webp,0.059135,0.0,0.1009197936692989
database3/database3/m.0184cd/37-FaceId-0_align.webp,0.012663,0.0,0.0969261599881322
database3/database3/m.0184cd/69-FaceId-0_align.webp,0.041234,0.0,0.0919071048564312
database3/database3/m.0184jc/9-FaceId-0_align.webp,0.061679,1.0,0.1230311412780945
database3/database3/m.0184xq/86-FaceId-0_align.webp,0.010468,1.0,0.136175709170409
database3/database3/m.0185gs/107-FaceId-0_align.webp,0.133885,1.0,0.0922629730924138
database3/database3/m.0187y5/50-FaceId-0_align.webp,0.011259,1.0,0.3285353329849654
database3/database3/m.0187y5/55-FaceId-0_align.webp,0.018906,1.0,0.1031352006764337
database3/database3/m.0188n0/16-FaceId-0_align.webp,0.119925,1.0,0.1060023039250961
database3/database3/m.0188n0/81-FaceId-0_align.webp,0.437819,1.0,0.1176822538869483
database3/database3/m.0188n0/93-FaceId-0_align.webp,0.241643,1.0,0.1441708174405802
database3/database3/m.0188nj/68-FaceId-0_align.webp,0.036499,1.0,0.0782783858468033
database3/database3/m.018_3q/101-FaceId-0_align.webp,0.001235,1.0,0.5075270101682797
database3/database3/m.018_3q/89-FaceId-0_align.webp,0.024563,1.0,0.0775688805490625
database3/database3/m.018_lb/81-FaceId-0_align.webp,0.104704,0.0,0.0675702057072758
database3/database3/m.018c42/45-FaceId-1_align.webp,0.268912,1.0,0.1150744855501575
database3/database3/m.018c42/5-FaceId-0_align.webp,0.033426,1.0,0.0943157995044786
database3/database3/m.018cx_/16-FaceId-0_align.webp,0.128439,0.0,0.0870170824716436
database3/database3/m.018dnt/83-FaceId-0_align.webp,0.012334,1.0,0.0895961730048545
database3/database3/m.018dpq/74-FaceId-0_align.webp,0.08469,1.0,0.1045062074782703
database3/database3/m.018dpq/9-FaceId-0_align.webp,0.06436,1.0,0.1604194580763215
database3/database3/m.018dq3/21-FaceId-0_align.webp,0.264271,0.0,0.0994119418717366
database3/database3/m.018dq3/43-FaceId-0_align.webp,0.005771,0.0,0.0850333387976914
database3/database3/m.018dqg/14-FaceId-0_align.webp,0.002005,1.0,0.0848138671177158
database3/database3/m.018dyl/57-FaceId-0_align.webp,0.066796,1.0,0.0662817405260163
database3/database3/m.018f07/77-FaceId-0_align.webp,0.067893,1.0,0.120820019218568
database3/database3/m.018f07/88-FaceId-0_align.webp,0.019681,1.0,0.0817410953823688
database3/database3/m.018f_y/78-FaceId-0_align.webp,0.005574,1.0,0.3262599453529741
database3/database3/m.018fkc/18-FaceId-0_align.webp,0.048624,0.0,0.1182307162235221
database3/database3/m.018fkc/51-FaceId-0_align.webp,0.004824,1.0,0.0986561713889467
database3/database3/m.018fmr/107-FaceId-0_align.webp,0.087037,0.0,0.0996685829635544
database3/database3/m.018fmr/38-FaceId-0_align.webp,0.082888,0.0,0.156379326829251
database3/database3/m.018fmr/39-FaceId-0_align.webp,0.154489,0.0,0.0922438531773772
database3/database3/m.018fmr/77-FaceId-0_align.webp,0.094029,0.0,0.0875867615316638
database3/database3/m.018fmr/96-FaceId-0_align.webp,0.118151,0.0,0.1185990943610101
database3/database3/m.018fvy/74-FaceId-0_align.webp,0.006913,1.0,0.0884290302753758
database3/database3/m.018fwb/106-FaceId-0_align.webp,0.105164,0.0,0.1043603721964247
database3/database3/m.018fyy/5-FaceId-0_align.webp,0.161114,0.0,0.0853285171530316
database3/database3/m.018fzs/56-FaceId-0_align.webp,0.057952,1.0,0.1791115772977871
database3/database3/m.018fzs/60-FaceId-0_align.webp,0.058021,1.0,0.0783026184686621
database3/database3/m.018fzs/89-FaceId-0_align.webp,0.00707,1.0,0.0803020381250086
database3/database3/m.018g4z/59-FaceId-0_align.webp,0.266921,0.0,0.1898681207380598
database3/database3/m.018gcf/20-FaceId-0_align.webp,0.017916,1.0,0.084017197578109
database3/database3/m.018gcf/28-FaceId-0_align.webp,0.0,1.0,0.105307040283225
database3/database3/m.018gjx/0-FaceId-0_align.webp,0.03658,1.0,0.0918922091965874
database3/database3/m.018gjx/88-FaceId-1_align.webp,0.040357,1.0,0.0918908042783316
database3/database3/m.018gkb/31-FaceId-0_align.webp,0.133832,1.0,0.161799495249148
database3/database3/m.018gkb/69-FaceId-0_align.webp,0.119964,1.0,0.1070993553248348
database3/database3/m.018gl5/55-FaceId-0_align.webp,0.0,1.0,0.0868922447047722
database3/database3/m.018gn4/7-FaceId-0_align.webp,0.045659,1.0,0.1048963958537927
database3/database3/m.018gn4/95-FaceId-0_align.webp,0.084694,1.0,0.1108905899924783
database3/database3/m.018gqj/17-FaceId-0_align.webp,0.18042,1.0,0.0967300517506851
database3/database3/m.018gqj/45-FaceId-0_align.webp,0.048033,1.0,0.0937886320331174
database3/database3/m.018gqj/51-FaceId-0_align.webp,0.113401,1.0,0.1036620269480939
database3/database3/m.018gqj/9-FaceId-0_align.webp,0.182644,1.0,0.1083469828335722
database3/database3/m.018gsl/54-FaceId-0_align.webp,0.015144,1.0,0.2578427765064148
database3/database3/m.018gw3/19-FaceId-0_align.webp,0.042889,1.0,0.239227398549335
database3/database3/m.018h84/20-FaceId-0_align.webp,0.006714,1.0,0.1017285763825773
database3/database3/m.018h84/4-FaceId-0_align.webp,0.077047,1.0,0.0712707548557881
database3/database3/m.018hhw/26-FaceId-0_align.webp,0.058762,0.0,0.0893223856292865
database3/database3/m.018hwl/22-FaceId-0_align.webp,0.105538,1.0,0.1289312276512311
database3/database3/m.018j3w/52-FaceId-0_align.webp,0.03127,1.0,0.0678204174533255
database3/database3/m.018j4c/21-FaceId-0_align.webp,0.159984,1.0,0.1025300582120305
database3/database3/m.018j4c/60-FaceId-0_align.webp,0.116911,1.0,0.1351954177619032
database3/database3/m.018j4c/72-FaceId-0_align.webp,0.050298,1.0,0.0982032748865332
database3/database3/m.018j5m/87-FaceId-0_align.webp,0.119486,0.0,0.1168794121087123
database3/database3/m.018jnn/6-FaceId-0_align.webp,0.046059,1.0,0.0747603250329698
database3/database3/m.018jnn/60-FaceId-0_align.webp,0.021036,1.0,0.0783887888266174
database3/database3/m.018jz8/4-FaceId-0_align.webp,0.129694,1.0,0.0887139866849121
database3/database3/m.018kd0/56-FaceId-0_align.webp,0.078738,1.0,0.1175492575471062
database3/database3/m.018kjc/45-FaceId-0_align.webp,0.336481,1.0,0.1260842325095717
database3/database3/m.018kjc/74-FaceId-0_align.webp,0.359873,1.0,0.1204246918229046
database3/database3/m.018lb1/1-FaceId-0_align.webp,0.066363,0.0,0.0848457516179509
database3/database3/m.018lb1/113-FaceId-0_align.webp,0.174767,0.0,0.0961454576216145
database3/database3/m.018lb1/45-FaceId-0_align.webp,0.011283,0.0,0.0837036045008188
database3/database3/m.018lb1/60-FaceId-0_align.webp,0.101898,0.0,0.0822278298710743
database3/database3/m.018lb1/67-FaceId-0_align.webp,0.058712,0.0,0.1106720664291648
database3/database3/m.018lp7/31-FaceId-0_align.webp,0.068826,0.0,0.0960030034454962
database3/database3/m.018lp7/5-FaceId-0_align.webp,0.037973,0.0,0.0860852080440971
database3/database3/m.018lpm/41-FaceId-0_align.webp,0.03151,1.0,0.1639984125438516
database3/database3/m.018lx_/11-FaceId-0_align.webp,0.157239,1.0,0.1293637947607144
database3/database3/m.018lxn/67-FaceId-0_align.webp,0.041223,0.0,0.0803438218048028
database3/database3/m.018m5c/31-FaceId-0_align.webp,0.012538,1.0,0.0708877999063446
database3/database3/m.018m5c/6-FaceId-0_align.webp,0.013236,1.0,0.0751820590294294
database3/database3/m.018m5c/74-FaceId-0_align.webp,0.007729,1.0,0.0996696444313412
database3/database3/m.018mfl/68-FaceId-0_align.webp,0.01486,1.0,0.1260947385982463
database3/database3/m.018n52/37-FaceId-0_align.webp,0.024108,1.0,0.0757487835916517
database3/database3/m.018n7d/44-FaceId-0_align.webp,0.002157,1.0,0.0915795903762024
database3/database3/m.018n9d/58-FaceId-0_align.webp,0.182622,1.0,0.0987575064252322
database3/database3/m.018nqq/25-FaceId-0_align.webp,0.02666,1.0,0.0713212479891447
database3/database3/m.018nqq/56-FaceId-0_align.webp,0.002557,1.0,0.1135268571760043
database3/database3/m.018nwp/42-FaceId-0_align.webp,0.023176,1.0,0.2215816286701457
database3/database3/m.018p19/2-FaceId-0_align.webp,0.029409,1.0,0.1279642464245253
database3/database3/m.018pj3/21-FaceId-0_align.webp,0.206243,0.0,0.0679297840893763
database3/database3/m.018pkl/117-FaceId-0_align.webp,0.00271,1.0,0.1198739653160707
database3/database3/m.018ptf/125-FaceId-1_align.webp,0.193842,0.0,0.1397921709645701
database3/database3/m.018ptf/6-FaceId-0_align.webp,0.184452,1.0,0.0839483086950698
database3/database3/m.018ptf/69-FaceId-0_align.webp,0.264398,1.0,0.1668344235723528
database3/database3/m.018ptf/87-FaceId-0_align.webp,0.284614,1.0,0.1074057715981685
database3/database3/m.018pyg/114-FaceId-0_align.webp,0.004286,0.0,0.0779379627364509
database3/database3/m.018pyg/50-FaceId-0_align.webp,0.094308,0.0,0.0673505242154612
database3/database3/m.018q7p/61-FaceId-0_align.webp,0.113962,1.0,0.1136340865810153
database3/database3/m.018qkz/35-FaceId-0_align.webp,0.11651,0.0,0.0957602780405035
database3/database3/m.018qkz/48-FaceId-0_align.webp,0.078768,0.0,0.0985670021725137
database3/database3/m.018qlp/1-FaceId-0_align.webp,0.057596,0.0,0.1073852507237823
database3/database3/m.018qlp/2-FaceId-0_align.webp,0.201501,0.0,0.1293970764281573
database3/database3/m.018qlp/67-FaceId-0_align.webp,0.023725,0.0,0.078714337227396
database3/database3/m.018qlp/73-FaceId-0_align.webp,0.048836,0.0,0.0913138412069166
database3/database3/m.018qlp/81-FaceId-0_align.webp,0.220874,0.0,0.0988251330249148
database3/database3/m.018qlp/99-FaceId-0_align.webp,0.098556,0.0,0.0940024357039457
database3/database3/m.018qn8/16-FaceId-0_align.webp,0.180079,0.0,0.0948488712643118
database3/database3/m.018qn8/24-FaceId-0_align.webp,0.067297,0.0,0.0988201552991772
database3/database3/m.018qn8/3-FaceId-0_align.webp,0.144663,0.0,0.0965957306537665
database3/database3/m.018qpb/20-FaceId-0_align.webp,0.030827,0.0,0.0639651731925068
database3/database3/m.018qpb/42-FaceId-0_align.webp,0.04676,0.0,0.0784759260643283
database3/database3/m.018qr9/59-FaceId-0_align.webp,0.041718,0.0,0.0812168614605469
database3/database3/m.018qwf/0-FaceId-0_align.webp,0.034965,1.0,0.071562886840386
database3/database3/m.018qx5/48-FaceId-0_align.webp,0.145397,0.0,0.1917488754691346
database3/database3/m.018r3g/1-FaceId-0_align.webp,0.015575,1.0,0.2724006748259432
database3/database3/m.018rsq/63-FaceId-0_align.webp,0.05182,1.0,0.083429245661586
database3/database3/m.018rsq/82-FaceId-0_align.webp,0.021029,1.0,0.0952064477125876
database3/database3/m.018ry5/78-FaceId-0_align.webp,0.052713,1.0,0.0977601078384202
database3/database3/m.018s7v/75-FaceId-0_align.webp,0.055964,0.0,0.1032153867065275
database3/database3/m.018slq/19-FaceId-0_align.webp,0.164016,1.0,0.1145424885289152
database3/database3/m.018swb/94-FaceId-0_align.webp,0.035612,1.0,0.1101593198666045
database3/database3/m.018t67/2-FaceId-0_align.webp,0.002151,1.0,0.0726029850329386
database3/database3/m.018t67/75-FaceId-0_align.webp,0.002161,1.0,0.076988103169364
database3/database3/m.018t67/76-FaceId-0_align.webp,0.014984,1.0,0.0761077971672215
database3/database3/m.018tfd/63-FaceId-0_align.webp,0.039426,1.0,0.0689199521153071
database3/database3/m.018tvs/4-FaceId-0_align.webp,0.186437,1.0,0.1235331976614854
database3/database3/m.018v8c/66-FaceId-0_align.webp,0.031012,1.0,0.0705818672698382
database3/database3/m.018v_8/56-FaceId-0_align.webp,0.065146,1.0,0.0741813285164715
database3/database3/m.018vhw/41-FaceId-2_align.webp,0.017996,1.0,0.3561680882047014
database3/database3/m.018vhw/84-FaceId-1_align.webp,0.010037,1.0,0.1056445456571258
database3/database3/m.018vhw/94-FaceId-0_align.webp,0.022504,1.0,0.0833748900155993
database3/database3/m.018w6s/30-FaceId-0_align.webp,0.009687,1.0,0.3094235814796898
database3/database3/m.018wh0/34-FaceId-0_align.webp,0.038341,1.0,0.0797041132004687
database3/database3/m.018wqb/36-FaceId-1_align.webp,0.061601,1.0,0.1575032843201413
database3/database3/m.018x3/82-FaceId-0_align.webp,0.000249,1.0,0.0848016698782817
database3/database3/m.018x3/89-FaceId-0_align.webp,0.006661,1.0,0.1379068913001148
database3/database3/m.018xrz/49-FaceId-0_align.webp,0.084464,1.0,0.1131118129317928
database3/database3/m.018y0w/54-FaceId-0_align.webp,0.014612,1.0,0.0835967964580735
database3/database3/m.018y2s/21-FaceId-0_align.webp,0.010478,1.0,0.0950673015677499
database3/database3/m.018y4x/104-FaceId-0_align.webp,0.014664,1.0,0.0874899736728019
database3/database3/m.018y4x/94-FaceId-0_align.webp,0.083805,1.0,0.064162227822614
database3/database3/m.018ycp/32-FaceId-0_align.webp,0.169605,1.0,0.0906618351959175
database3/database3/m.018ycp/64-FaceId-0_align.webp,0.011204,1.0,0.0812905074805234
