filename,target,gender,pred
database1/img00000154.webp,0.036749,1.0,0.0266000307550361
database1/img00000271.webp,0.229724,1.0,0.0382155012376237
database1/img00000323.webp,0.120628,0.0,0.0250083305564811
database1/img00000364.webp,0.00341,1.0,0.0242221221830892
database1/img00000371.webp,0.000249,1.0,0.0302093231612955
database1/img00000438.webp,0.102267,0.0,0.0269510887648341
database1/img00000448.webp,0.032257,0.0,0.0303652679474215
database1/img00000477.webp,0.158779,0.0,0.0185191217668903
database1/img00000491.webp,0.333523,0.0,0.0299278611815168
database1/img00000679.webp,0.022454,0.0,0.0265372267237425
database1/img00000766.webp,0.241328,0.0,0.0315728015808856
database1/img00000781.webp,0.01402,1.0,0.0266212878396231
database1/img00000793.webp,0.308688,0.0,0.0406283304758815
database1/img00000806.webp,0.083687,1.0,0.0282854419174723
database1/img00000857.webp,0.167176,0.0,0.0272859568275527
database1/img00000882.webp,0.118298,0.0,0.0273145689502566
database1/img00000903.webp,0.006576,1.0,0.0347152575936631
database1/img00000929.webp,0.021546,1.0,0.0337746315896946
database1/img00000941.webp,0.232414,0.0,0.0309278350515463
database1/img00001032.webp,0.044127,1.0,0.0364966755774898
database1/img00001145.webp,0.022379,1.0,0.0246783154379803
database1/img00001291.webp,0.022322,0.0,0.0258833950207205
database1/img00001371.webp,0.148865,0.0,0.0299881542903679
database1/img00001491.webp,0.264813,0.0,0.0394866351442632
database1/img00001551.webp,0.054068,1.0,0.0288833202819106
database1/img00001573.webp,0.095382,0.0,0.0214804528946806
database1/img00001650.webp,0.088325,0.0,0.0202063575422445
database1/img00001652.webp,0.074782,1.0,0.0289254887027163
database1/img00001674.webp,0.188753,0.0,0.0400422378068217
database1/img00001701.webp,0.002942,1.0,0.0299072691062982
database1/img00001779.webp,0.009358,1.0,0.0805597604870992
database1/img00001812.webp,0.017934,0.0,0.0203521774100884
database1/img00001859.webp,0.006232,1.0,0.0331705331705331
database1/img00001872.webp,0.094988,0.0,0.0267776852622814
database1/img00001883.webp,0.015755,0.0,0.0289184035328359
database1/img00001978.webp,0.02291,1.0,0.0332173227829398
database1/img00002013.webp,0.068771,1.0,0.0271248521904651
database1/img00002073.webp,0.265663,0.0,0.0316189666572211
database1/img00002136.webp,0.083835,0.0,0.0267277654946152
database1/img00002187.webp,0.062593,1.0,0.0329687249398556
database1/img00002221.webp,0.024328,1.0,0.0308574613511689
database1/img00002227.webp,0.172367,0.0,0.0339529480104559
database1/img00002414.webp,0.290565,0.0,0.0598967968065426
database1/img00002415.webp,0.370759,0.0,0.037261401303006
database1/img00002527.webp,0.008082,0.0,0.027424916573971
database1/img00002649.webp,0.108227,0.0,0.0255621827881302
database1/img00002695.webp,0.191496,0.0,0.0262938561676456
database1/img00002698.webp,0.019352,0.0,0.0274520416140477
database1/img00002713.webp,0.025594,1.0,0.0415930366234192
database1/img00002737.webp,0.01324,1.0,0.0289539547085607
database1/img00002813.webp,0.015997,0.0,0.0209611303311335
database1/img00002915.webp,0.059948,0.0,0.0244910430000321
database1/img00002916.webp,0.061003,0.0,0.0266502463054187
database1/img00003052.webp,0.34648,0.0,0.0297838936091614
database1/img00003146.webp,0.130163,0.0,0.0187759479656794
database1/img00003162.webp,0.193332,0.0,0.0350198412698412
database1/img00003199.webp,0.314562,0.0,0.0307876747270686
database1/img00003273.webp,0.126445,0.0,0.035124274445602
database1/img00003300.webp,0.007141,1.0,0.0333001214310178
database1/img00003360.webp,0.008946,1.0,0.028335223542052
database1/img00003390.webp,0.054933,0.0,0.0323054744910516
database1/img00003437.webp,0.01322,1.0,0.0244996669273321
database1/img00003452.webp,0.040754,0.0,0.0233140526262997
database1/img00003584.webp,0.23463,0.0,0.0309444954311479
database1/img00003713.webp,0.000555,1.0,0.0234055606681725
database1/img00003746.webp,0.099051,1.0,0.0313567127169677
database1/img00003877.webp,0.01258,0.0,0.0310201007936047
database1/img00003884.webp,0.091278,0.0,0.0228174277939874
database1/img00003887.webp,0.010493,1.0,0.0540643084352125
database1/img00003978.webp,0.178955,0.0,0.0164889092455669
database1/img00004026.webp,0.365443,0.0,0.0352088167053364
database1/img00004041.webp,0.094007,0.0,0.0227527324472433
database1/img00004164.webp,0.026259,1.0,0.0258826321723135
database1/img00004216.webp,0.034337,0.0,0.0249012220894973
database1/img00004261.webp,0.165876,0.0,0.0336906308647322
database1/img00004273.webp,0.156777,0.0,0.0255202198665096
database1/img00004308.webp,0.126358,0.0,0.0262981693852838
database1/img00004416.webp,0.13739,1.0,0.0348256016068599
database1/img00004426.webp,0.364242,1.0,0.0480801902820251
database1/img00004540.webp,0.140347,0.0,0.0213775112646949
database1/img00004621.webp,0.130906,0.0,0.0274640558146706
database1/img00004701.webp,0.060368,0.0,0.0201125048882471
database1/img00004841.webp,0.021785,1.0,0.0267427459306439
database1/img00004851.webp,0.058337,1.0,0.0283391797085806
database1/img00004895.webp,0.001337,1.0,0.0273743367555178
database1/img00005027.webp,0.095752,1.0,0.0348588120740019
database1/img00005030.webp,0.114344,0.0,0.0283251231527093
database1/img00005095.webp,0.018419,0.0,0.0294217111937774
database1/img00005116.webp,0.107525,0.0,0.0312057917949571
database1/img00005179.webp,0.058586,1.0,0.0295192207702173
database1/img00005208.webp,0.021009,1.0,0.0673870267336137
database1/img00005271.webp,0.408256,0.0,0.0389511062551215
database1/img00005293.webp,0.043233,0.0,0.0261870146448707
database1/img00005339.webp,0.173984,0.0,0.0203809659191868
database1/img00005347.webp,0.002911,0.0,0.0207441450516242
database1/img00005361.webp,0.189098,0.0,0.0276442762535477
database1/img00005501.webp,0.145725,0.0,0.0245651402200922
database1/img00005507.webp,0.232343,0.0,0.0486713415759364
database1/img00005509.webp,0.003247,1.0,0.0620023688885963
database1/img00005522.webp,0.185571,0.0,0.026930280957336
database1/img00005579.webp,0.037795,1.0,0.0316645889377337
database1/img00005689.webp,0.281579,0.0,0.0271607322159573
database1/img00005696.webp,0.366924,0.0,0.0476072974394239
database1/img00005723.webp,0.013358,0.0,0.0329823825503355
database1/img00005726.webp,0.041346,1.0,0.0317969681485266
database1/img00005753.webp,0.009879,0.0,0.0292862061051181
database1/img00005766.webp,0.177714,0.0,0.0271164275549059
database1/img00005768.webp,0.024309,1.0,0.0358037182243581
database1/img00005822.webp,0.022373,0.0,0.02041733082162
database1/img00005851.webp,0.375359,0.0,0.0313431224357589
database1/img00005896.webp,0.063671,0.0,0.0345084669563913
database1/img00005910.webp,0.374925,0.0,0.0288788764798926
database1/img00006003.webp,0.020291,1.0,0.0321311767853956
database1/img00006021.webp,0.018409,1.0,0.0698203632951269
database1/img00006047.webp,0.105454,0.0,0.0250727126187055
database1/img00006101.webp,0.326093,0.0,0.0329793180547792
database1/img00006168.webp,0.00248,1.0,0.0208563899868247
database1/img00006196.webp,0.0412,1.0,0.0279420563690756
database1/img00006204.webp,0.331116,1.0,0.0317021761421898
database1/img00006269.webp,0.011789,1.0,0.0306166438495819
database1/img00006334.webp,0.003849,1.0,0.0229725026105116
database1/img00006414.webp,0.208227,0.0,0.0287697235733776
database1/img00006420.webp,0.026323,1.0,0.0327911116567429
database1/img00006436.webp,0.008945,1.0,0.0378048780487804
database1/img00006571.webp,0.06176,0.0,0.0235252240882761
database1/img00006576.webp,0.028441,1.0,0.0454128440366972
database1/img00006629.webp,0.000814,1.0,0.0206461909259681
database1/img00006690.webp,0.119839,0.0,0.0248830584180353
database1/img00006694.webp,0.019638,1.0,0.0253256952785733
database1/img00006722.webp,0.383369,0.0,0.0411563213618434
database1/img00006757.webp,0.169654,1.0,0.0447203099725387
database1/img00007032.webp,0.079705,0.0,0.0273551121830007
database1/img00007152.webp,0.296672,0.0,0.0366150225534418
database1/img00007289.webp,0.004896,1.0,0.0337367957746478
database1/img00007329.webp,0.096683,0.0,0.0283129565842764
database1/img00007335.webp,0.012784,1.0,0.031796832660926
database1/img00007354.webp,0.047242,0.0,0.0229355138019021
database1/img00007383.webp,0.020362,1.0,0.021268972521582
database1/img00007416.webp,0.105824,1.0,0.0321624977825084
database1/img00007435.webp,0.275659,0.0,0.0513421769619009
database1/img00007452.webp,0.091268,0.0,0.0244707088177829
database1/img00007454.webp,0.052407,1.0,0.0367014714290012
database1/img00007468.webp,0.289625,0.0,0.0459975369458128
database1/img00007470.webp,0.024029,1.0,0.0650274294670846
database1/img00007537.webp,0.023879,0.0,0.027345214447584
database1/img00007538.webp,0.239526,0.0,0.0299346188860382
database1/img00007592.webp,0.092299,0.0,0.0263974588338384
database1/img00007663.webp,0.000453,1.0,0.0238410170797482
database1/img00007675.webp,0.145663,0.0,0.0237929563133882
database1/img00007764.webp,0.212475,0.0,0.0275485580916966
database1/img00007790.webp,0.273678,0.0,0.0353177991948273
database1/img00007837.webp,0.07434,0.0,0.0243751928417155
database1/img00007851.webp,0.187909,0.0,0.0278198787492022
database1/img00007897.webp,0.021438,1.0,0.0289672837350098
database1/img00007955.webp,0.100119,0.0,0.0252709426760275
database1/img00007965.webp,0.126287,0.0,0.0196790749443482
database1/img00008054.webp,0.125876,0.0,0.0212765957446808
database1/img00008062.webp,0.192134,0.0,0.0379922351636161
database1/img00008079.webp,0.010384,1.0,0.0289151967637347
database1/img00008191.webp,0.127108,1.0,0.0373820487657582
database1/img00008233.webp,0.03355,1.0,0.0356630994096662
database1/img00008333.webp,0.123145,0.0,0.0252009999324369
database1/img00008350.webp,0.003002,0.0,0.0230885044576961
database1/img00008419.webp,0.136366,0.0,0.029361623616236
database1/img00008444.webp,0.19563,0.0,0.0272380498271546
database1/img00008485.webp,0.153649,0.0,0.0211026293469041
database1/img00008500.webp,0.243166,1.0,0.0333184348462069
database1/img00008540.webp,0.020411,1.0,0.0298744494052077
database1/img00008619.webp,0.172849,1.0,0.0288041834132849
database1/img00008684.webp,0.116788,1.0,0.0590845577338357
database1/img00008694.webp,0.257404,1.0,0.0415455697145837
database1/img00008702.webp,0.150713,0.0,0.0264685844057531
database1/img00008778.webp,0.047436,1.0,0.0337956144657175
database1/img00008864.webp,0.142253,1.0,0.0304555799868842
database1/img00008929.webp,0.025151,1.0,0.0237814599703906
database1/img00009119.webp,0.134423,0.0,0.0261394101876675
database1/img00009131.webp,0.11769,0.0,0.0226699113505996
database1/img00009180.webp,0.22272,0.0,0.0345309381237525
database1/img00009210.webp,0.133618,1.0,0.0291419081011256
database1/img00009215.webp,0.015083,1.0,0.0714141445053095
database1/img00009309.webp,0.232271,0.0,0.0447598693495705
database1/img00009310.webp,0.032707,1.0,0.0362739148487654
database1/img00009395.webp,0.188981,0.0,0.0224685832329143
database1/img00009397.webp,0.022474,0.0,0.0225611961895574
database1/img00009399.webp,0.009987,1.0,0.025833742030407
database1/img00009423.webp,0.205953,0.0,0.0282043307545776
database1/img00009521.webp,0.096612,0.0,0.0225198313916824
database1/img00009606.webp,0.062144,1.0,0.0272018273780388
database1/img00009643.webp,0.076471,0.0,0.0254109633898749
database1/img00009666.webp,0.249637,0.0,0.0280684271715661
database1/img00009740.webp,0.056754,0.0,0.0253218748018012
database1/img00009804.webp,0.00402,1.0,0.0542971014492753
database1/img00009898.webp,0.123271,0.0,0.0265320002720532
database1/img00009952.webp,0.220282,0.0,0.0319308231173379
database1/img00009963.webp,0.081114,1.0,0.0300974251913708
database1/img00010009.webp,0.161796,0.0,0.0234407484407484
database1/img00010196.webp,0.131846,0.0,0.0246060815480303
database1/img00010250.webp,0.119697,0.0,0.0389858437570219
database1/img00010353.webp,0.145055,0.0,0.02737895274958
database1/img00010363.webp,0.133258,0.0,0.025176144046687
database1/img00010383.webp,0.010398,1.0,0.0208638735559375
database1/img00010445.webp,0.356323,0.0,0.028454694903781
database1/img00010509.webp,0.056891,1.0,0.0389083796454406
database1/img00010530.webp,0.091729,0.0,0.0274719224840343
database1/img00010535.webp,0.304853,0.0,0.0401531670478115
database1/img00010537.webp,0.013696,0.0,0.0311564983637213
database1/img00010580.webp,0.154987,1.0,0.0263209994538503
database1/img00010612.webp,0.334599,0.0,0.0311526479750778
database1/img00010629.webp,0.060911,0.0,0.0219426286729707
database1/img00010643.webp,0.114721,1.0,0.0253559838399893
database1/img00010674.webp,0.023709,0.0,0.0255373848461043
database1/img00010757.webp,0.206361,0.0,0.0279098776019334
database1/img00010780.webp,0.013969,0.0,0.0258760593857065
database1/img00010790.webp,0.031334,0.0,0.0232283813747227
database1/img00010806.webp,0.065196,0.0,0.0253201396973224
database1/img00010887.webp,0.081617,0.0,0.0265294680254608
database1/img00010888.webp,0.233141,1.0,0.0404591776970832
database1/img00010982.webp,0.00745,1.0,0.0351008239027986
database1/img00010983.webp,0.20866,0.0,0.0273357394799442
database1/img00011118.webp,0.178597,1.0,0.0501779064956557
database1/img00011128.webp,0.27358,1.0,0.0293985536540448
database1/img00011142.webp,0.28074,1.0,0.0382421227197346
database1/img00011296.webp,0.108452,1.0,0.0381572457334516
database1/img00011507.webp,0.092578,0.0,0.0329133858267716
database1/img00011516.webp,0.087323,0.0,0.0253925884840711
database1/img00011597.webp,0.091441,0.0,0.0257253858807882
database1/img00011619.webp,0.253533,0.0,0.0333081475884649
database1/img00011623.webp,0.079619,0.0,0.0230462204076657
database1/img00011711.webp,0.412517,0.0,0.0461525179856114
database1/img00011737.webp,0.360567,0.0,0.033630986895512
database1/img00011787.webp,0.009168,1.0,0.0274125425999824
database1/img00011827.webp,0.096535,0.0,0.027025109944673
database1/img00011910.webp,0.153312,0.0,0.0291378020619897
database1/img00011946.webp,0.118833,0.0,0.0263045793397231
database1/img00011981.webp,0.044401,1.0,0.0300382011929494
database1/img00011982.webp,0.064973,1.0,0.0260616870137457
database1/img00012046.webp,0.013245,1.0,0.0314390917459343
database1/img00012050.webp,0.169118,0.0,0.024894366197183
database1/img00012055.webp,0.118938,0.0,0.0270475696118052
database1/img00012083.webp,0.105677,1.0,0.0280637300843486
database1/img00012173.webp,0.148639,0.0,0.0267588577678815
database1/img00012174.webp,0.13274,0.0,0.0292858217940998
database1/img00012175.webp,0.161502,0.0,0.0304454976303317
database1/img00012194.webp,0.057599,0.0,0.0264156857282162
database1/img00012259.webp,0.022948,1.0,0.057403592258364
database1/img00012293.webp,0.081765,0.0,0.0270908310496252
database1/img00012367.webp,0.265563,0.0,0.0360680776783766
database1/img00012402.webp,0.08769,0.0,0.0267302113551595
database1/img00012413.webp,0.178087,0.0,0.0275409341281219
database1/img00012417.webp,0.047864,1.0,0.0269050446958804
database1/img00012444.webp,0.279593,0.0,0.0313329680981078
database1/img00012509.webp,0.14518,0.0,0.0217878232539197
database1/img00012555.webp,0.159567,0.0,0.0286881945562892
database1/img00012681.webp,0.00788,1.0,0.0264039766539137
database1/img00012805.webp,0.03627,0.0,0.0262121417900312
database1/img00012844.webp,0.027729,1.0,0.0302336836283185
database1/img00012874.webp,0.002528,1.0,0.0567325800376647
database1/img00012883.webp,0.105193,1.0,0.0277247712397016
database1/img00012980.webp,0.021348,1.0,0.0293871467064151
database1/img00013033.webp,0.378744,0.0,0.0352865391038793
database1/img00013074.webp,0.20406,0.0,0.0365916760404948
database1/img00013089.webp,0.0,1.0,0.0218998039782769
database1/img00013099.webp,0.124905,0.0,0.037546494007439
database1/img00013109.webp,0.255454,0.0,0.0744591313730779
database1/img00013151.webp,0.003784,1.0,0.026559297987494
database1/img00013182.webp,0.112701,0.0,0.0246332556821759
database1/img00013213.webp,0.208104,1.0,0.0431539670070698
database1/img00013311.webp,0.021686,1.0,0.0294543669060332
database1/img00013313.webp,0.096531,0.0,0.031580917381244
database1/img00013345.webp,0.111239,1.0,0.0286862373032704
database1/img00013392.webp,0.234015,0.0,0.0268595891820689
database1/img00013433.webp,0.013693,1.0,0.0302466263378315
database1/img00013450.webp,0.007936,1.0,0.0267322005336329
database1/img00013515.webp,0.055869,0.0,0.0254662840746054
database1/img00013591.webp,0.097683,0.0,0.0241334267873072
database1/img00013659.webp,0.005492,0.0,0.0278124072425051
database1/img00013777.webp,0.039118,0.0,0.0262200058288267
database1/img00013856.webp,0.08085,0.0,0.0335261928827854
database1/img00013896.webp,0.155239,0.0,0.0282493457693081
database1/img00013978.webp,0.216187,1.0,0.0361549497847918
database1/img00014030.webp,0.009111,0.0,0.0345034642032331
database1/img00014146.webp,0.019737,0.0,0.0262446535500427
database1/img00014277.webp,0.009327,1.0,0.0348148358514142
database1/img00014440.webp,0.313716,0.0,0.036364566284779
database1/img00014506.webp,0.002933,0.0,0.0300234626191234
database1/img00014634.webp,0.124116,1.0,0.0267140319715808
database1/img00014645.webp,0.294956,1.0,0.0355088922219841
database1/img00014657.webp,0.009173,1.0,0.0235011417343741
database1/img00014808.webp,0.222577,0.0,0.0321704113507206
database1/img00014845.webp,0.184098,0.0,0.028279702970297
database1/img00014912.webp,0.085464,0.0,0.0273543085738998
database1/img00014924.webp,0.071344,1.0,0.0354577452756039
database1/img00015038.webp,0.222266,1.0,0.034411919938289
database1/img00015081.webp,0.134204,0.0,0.0382741402915358
database1/img00015348.webp,0.225921,0.0,0.0337045183759508
database1/img00015359.webp,0.033386,0.0,0.0255845248107653
database1/img00015476.webp,0.164199,0.0,0.0403492130410342
database1/img00015498.webp,0.128891,0.0,0.0228097296274095
database1/img00015505.webp,0.086803,0.0,0.0259476534296028
database1/img00015509.webp,0.096299,1.0,0.0414210811788103
database1/img00015766.webp,0.128287,0.0,0.0245672712226742
database1/img00015784.webp,0.198335,0.0,0.0308246803398266
database1/img00015947.webp,0.126497,0.0,0.025756027402445
database1/img00016004.webp,0.076385,0.0,0.0264643984566818
database1/img00016096.webp,0.018479,1.0,0.0330478298527571
database1/img00016164.webp,0.009807,1.0,0.0292554194156455
database1/img00016181.webp,0.000908,1.0,0.0244066690399904
database1/img00016288.webp,0.368142,0.0,0.0580430736506247
database1/img00016296.webp,0.233928,0.0,0.0273992781910584
database1/img00016398.webp,0.070727,0.0,0.0260916743390766
database1/img00016442.webp,0.050167,0.0,0.0250137438152831
database1/img00016457.webp,0.145227,1.0,0.027678604156739
database1/img00016490.webp,0.091022,0.0,0.0216943131720003
database1/img00016497.webp,0.144198,0.0,0.0281698612559146
database1/img00016611.webp,0.10049,0.0,0.0256467824945597
database1/img00016679.webp,0.001846,0.0,0.0311617507427485
database1/img00016886.webp,0.012909,1.0,0.0266630091894115
database1/img00016934.webp,0.076123,1.0,0.0241773279867608
database1/img00016955.webp,0.030027,1.0,0.0350269656542719
database1/img00017135.webp,0.137474,0.0,0.0255919284162462
database1/img00017144.webp,0.291437,0.0,0.0297972304648862
database1/img00017157.webp,0.097188,0.0,0.0251957555799487
database1/img00017237.webp,0.019539,0.0,0.0242307458882077
database1/img00017467.webp,0.193369,0.0,0.037856417827812
database1/img00017485.webp,0.231654,0.0,0.0452871253976226
database1/img00017623.webp,0.273226,0.0,0.0281790994482119
database1/img00017648.webp,0.013591,1.0,0.0235783504190944
database1/img00017737.webp,0.0127,1.0,0.0307584923220102
database1/img00017893.webp,0.369649,0.0,0.0355780128447298
database1/img00018025.webp,0.125656,0.0,0.0235532262113984
database1/img00018042.webp,0.016056,1.0,0.0274463777471317
database1/img00018045.webp,0.096288,0.0,0.0256926952141057
database1/img00018076.webp,0.184672,1.0,0.0288014667782693
database1/img00018117.webp,0.020611,0.0,0.0292916709920758
database1/img00018133.webp,0.049189,0.0,0.026323248069156
database1/img00018173.webp,0.28192,0.0,0.0327400285825646
database1/img00018225.webp,0.130293,0.0,0.0225563909774436
database1/img00018284.webp,0.238474,0.0,0.029849109571015
database1/img00018380.webp,0.182421,0.0,0.0248146354186072
database1/img00018422.webp,0.021826,0.0,0.0288595081420383
database1/img00018465.webp,0.041569,1.0,0.0301501572793637
database1/img00018500.webp,0.147015,0.0,0.0247952099327774
database1/img00018591.webp,0.11045,0.0,0.0300870348139255
database1/img00018619.webp,0.026771,1.0,0.031241141307697
database1/img00018643.webp,0.14475,0.0,0.0277146751476601
database1/img00018689.webp,0.008002,0.0,0.0306350006299608
database1/img00018779.webp,0.045676,1.0,0.0276294628497908
database1/img00018873.webp,0.099329,0.0,0.0237293325168401
database1/img00018963.webp,0.0236,1.0,0.0887758775877587
database1/img00019125.webp,0.039224,1.0,0.0333214436265767
database1/img00019151.webp,0.151887,0.0,0.0342428087986463
database1/img00019162.webp,0.357571,0.0,0.0350503155381204
database1/img00019165.webp,0.070241,1.0,0.0326324704496078
database1/img00019172.webp,0.017685,0.0,0.0235440618574613
database1/img00019200.webp,0.017214,1.0,0.0284841114915676
database1/img00019353.webp,0.013152,0.0,0.0241873834204813
database1/img00019360.webp,0.02429,1.0,0.0271636005032815
database1/img00019362.webp,0.226958,0.0,0.0280454508953665
database1/img00019406.webp,0.122785,0.0,0.0274912821888411
database1/img00019511.webp,0.00639,1.0,0.0283854242521336
database1/img00019553.webp,0.097165,0.0,0.0250913441329581
database1/img00019616.webp,0.008603,1.0,0.0333442985735219
database1/img00019625.webp,0.044642,1.0,0.0360139321271152
database1/img00019811.webp,0.135181,0.0,0.0256042817679558
database1/img00019846.webp,0.085115,0.0,0.0262759924385633
database1/img00019883.webp,0.295134,0.0,0.0414884064860296
database1/img00019956.webp,0.121542,0.0,0.0258938015654748
database1/img00020019.webp,0.245216,0.0,0.0297185741088179
database1/img00020092.webp,0.229511,0.0,0.0377905502493448
database1/img00020095.webp,0.369647,0.0,0.0364660786034267
database1/img00020106.webp,0.016139,1.0,0.0238011956245229
database1/img00020280.webp,0.093764,0.0,0.0252801763733235
database1/img00020383.webp,0.174486,0.0,0.0275530932594644
database1/img00020425.webp,0.105022,0.0,0.0246356934681981
database1/img00020495.webp,0.101841,0.0,0.0276989660976196
database1/img00020506.webp,0.143822,0.0,0.0275505156208379
database1/img00020690.webp,0.113169,0.0,0.0258040910199672
database1/img00020757.webp,0.123725,0.0,0.0257210544128154
database1/img00020765.webp,0.148549,0.0,0.0256025124598894
database1/img00020799.webp,0.406729,0.0,0.0449797215828126
database1/img00020831.webp,0.0,1.0,0.0199016746043938
database1/img00020839.webp,0.164052,0.0,0.0239831646166684
database1/img00020840.webp,0.164657,0.0,0.0279929577464788
database1/img00020876.webp,0.039848,0.0,0.0295547198432512
database1/img00020958.webp,0.18413,1.0,0.0343012910309316
database1/img00021024.webp,0.011248,1.0,0.0334624956683362
database1/img00021028.webp,0.079159,0.0,0.0226111076481954
database1/img00021119.webp,0.231027,0.0,0.0215057535784451
database1/img00021174.webp,0.029653,1.0,0.0284707582966933
database1/img00021203.webp,0.100309,1.0,0.0570721684069274
database1/img00021240.webp,0.12352,0.0,0.0273746060157982
database1/img00021256.webp,0.115372,0.0,0.0245967606720096
database1/img00021294.webp,0.230757,0.0,0.0338663939379852
database1/img00021336.webp,0.216002,0.0,0.0276733373761875
database1/img00021374.webp,0.038864,0.0,0.0257821833327951
database1/img00021382.webp,0.023478,1.0,0.0651072913982847
database1/img00021398.webp,0.118902,0.0,0.0716279811757198
database1/img00021523.webp,0.125539,0.0,0.0262666043655296
database1/img00021529.webp,0.020743,0.0,0.0267772122804137
database1/img00021585.webp,0.323915,0.0,0.0284851010627214
database1/img00021592.webp,0.053661,1.0,0.0297655163696118
database1/img00021620.webp,0.012103,1.0,0.0328869185062036
database1/img00021622.webp,0.258145,0.0,0.0323564421458769
database1/img00021629.webp,0.347567,0.0,0.0359156785243741
database1/img00021724.webp,0.117861,0.0,0.0272952086553322
database1/img00021737.webp,0.042247,1.0,0.0288927908825867
database1/img00021763.webp,0.319156,0.0,0.0427959346353128
database1/img00021881.webp,0.200485,0.0,0.0252489915396422
database1/img00021891.webp,0.158308,0.0,0.0260731725092923
database1/img00022037.webp,0.280548,0.0,0.0381388596886419
database1/img00022062.webp,0.084716,1.0,0.0233835043196544
database1/img00022089.webp,0.105552,0.0,0.025646498061395
database1/img00022098.webp,0.019455,1.0,0.0289281501039267
database1/img00022099.webp,0.017022,1.0,0.0332876882858209
database1/img00022106.webp,0.009696,1.0,0.0287272832503761
database1/img00022110.webp,0.247685,0.0,0.0421681435436229
database1/img00022174.webp,0.246505,1.0,0.0351893459700151
database1/img00022220.webp,0.197348,0.0,0.0497846493649916
database1/img00022367.webp,0.130304,0.0,0.0290524207472891
database1/img00022458.webp,0.178211,1.0,0.0292404084787826
database1/img00022462.webp,0.147091,1.0,0.0303066861388024
database1/img00022521.webp,0.025301,1.0,0.0264113688191778
database1/img00022669.webp,0.094607,1.0,0.0741014413428206
database1/img00022715.webp,0.056654,0.0,0.0225156994540692
database1/img00022789.webp,0.207616,0.0,0.0498335806231703
database1/img00022833.webp,0.037262,1.0,0.0310719749991861
database1/img00022848.webp,0.082086,0.0,0.0251163930409213
database1/img00022964.webp,0.170935,0.0,0.0285150468672915
database1/img00023014.webp,0.001544,1.0,0.0865837031880021
database1/img00023146.webp,0.103648,1.0,0.0343590839477151
database1/img00023176.webp,0.028973,1.0,0.0537526047893963
database1/img00023181.webp,0.102577,0.0,0.0274539435808865
database1/img00023337.webp,0.089515,0.0,0.0234550471667843
database1/img00023439.webp,0.005019,1.0,0.0310328146416189
database1/img00023478.webp,0.105124,0.0,0.0227122485598262
database1/img00023517.webp,0.050744,0.0,0.02836137327315
database1/img00023568.webp,0.010958,1.0,0.0361961852861034
database1/img00023725.webp,0.203847,0.0,0.0277591973244146
database1/img00023876.webp,0.079286,0.0,0.0243525670149931
database1/img00023903.webp,0.124474,0.0,0.020091940720738
database1/img00024004.webp,0.151347,0.0,0.0297767995057151
database1/img00024033.webp,0.008003,1.0,0.0317491443240159
database1/img00024054.webp,0.158105,0.0,0.0258826200476785
database1/img00024075.webp,0.098827,0.0,0.0280661683277962
database1/img00024097.webp,0.056329,1.0,0.0269517249976625
database1/img00024151.webp,0.223931,0.0,0.0246027495090162
database1/img00024251.webp,0.125194,0.0,0.0256595069914948
database1/img00024286.webp,0.203387,0.0,0.0476372257494173
database1/img00024330.webp,0.039351,0.0,0.0365118922700244
database1/img00024429.webp,0.001011,1.0,0.0224428939521148
database1/img00024472.webp,0.231978,0.0,0.0309334853334502
database1/img00024480.webp,0.229159,0.0,0.0270745536740479
database1/img00024496.webp,0.010786,0.0,0.0331745171321787
database1/img00024553.webp,0.040348,1.0,0.0307745075621467
database1/img00024607.webp,0.016616,1.0,0.0295413280947703
database1/img00024687.webp,0.27365,0.0,0.0312647728737805
database1/img00024753.webp,0.192923,0.0,0.0294718770438194
database1/img00024774.webp,0.053221,0.0,0.02581459385039
database1/img00025064.webp,0.015037,0.0,0.0218256290228203
database1/img00025075.webp,0.298755,0.0,0.0349288778505305
database1/img00025133.webp,0.155681,1.0,0.0393281442031953
database1/img00025166.webp,0.014644,0.0,0.0277886115444617
database1/img00025308.webp,0.026547,1.0,0.0296420309265797
database1/img00025347.webp,0.003317,1.0,0.0323185891876264
database1/img00025392.webp,0.084647,0.0,0.0261933276304533
database1/img00025465.webp,0.083236,0.0,0.0347649717112052
database1/img00025509.webp,0.003962,0.0,0.0339406388615998
database1/img00025534.webp,0.073372,0.0,0.0285828611671308
database1/img00025566.webp,0.059194,1.0,0.0325367189444858
database1/img00025641.webp,0.045629,1.0,0.0337272263982672
database1/img00025678.webp,0.113275,0.0,0.027203711514129
database1/img00025969.webp,0.033245,1.0,0.0292943535752333
database1/img00026052.webp,0.217685,0.0,0.0327895126160926
database1/img00026073.webp,0.052874,0.0,0.0240151708312085
database1/img00026088.webp,0.15625,0.0,0.028332712908963
database1/img00026103.webp,0.013345,1.0,0.0344042918713643
database1/img00026169.webp,0.063574,1.0,0.0384715070081505
database1/img00026178.webp,0.317092,0.0,0.0403431053203039
database1/img00026249.webp,0.008453,1.0,0.0347807845605201
database1/img00026281.webp,0.219012,1.0,0.0426652712366997
database1/img00026282.webp,0.011198,1.0,0.0324703748866585
database1/img00026305.webp,0.138547,1.0,0.032343644163468
database1/img00026333.webp,0.154155,0.0,0.0253404073758023
database1/img00026341.webp,0.145098,0.0,0.0663012060201335
database1/img00026380.webp,0.102089,0.0,0.0281371395987027
database1/img00026418.webp,0.030072,1.0,0.0288765302092931
database1/img00026462.webp,0.007743,0.0,0.0268447360199937
database1/img00026473.webp,0.0,1.0,0.0278247113863551
database1/img00026493.webp,0.222605,0.0,0.0266285389794759
database1/img00026505.webp,0.024604,1.0,0.03471628679962
database1/img00026554.webp,0.005176,1.0,0.0321675740518593
database1/img00026653.webp,0.0,0.0,0.0189012530689027
database1/img00026673.webp,0.305916,0.0,0.0293261836471713
database1/img00026714.webp,0.210407,0.0,0.028130136120359
database1/img00026908.webp,0.046474,0.0,0.0260014399790548
database1/img00027013.webp,0.003769,0.0,0.0248536564056265
database1/img00027032.webp,0.007456,0.0,0.0339057026359616
database1/img00027062.webp,0.046983,1.0,0.0273906339752697
database1/img00027147.webp,0.083316,1.0,0.0342216551221289
database1/img00027201.webp,0.173566,0.0,0.0266400657199859
database1/img00027213.webp,0.102301,0.0,0.0267049052106223
database1/img00027267.webp,0.025949,0.0,0.0259725325272703
database1/img00027278.webp,0.04282,0.0,0.0262081784386617
database1/img00027291.webp,0.037481,1.0,0.0309798224374495
database1/img00027300.webp,0.162757,0.0,0.0267998492272898
database1/img00027329.webp,0.120534,0.0,0.0191062265982526
database1/img00027355.webp,0.012954,0.0,0.0276719362248344
database1/img00027400.webp,0.093064,1.0,0.0954395552624139
database1/img00027672.webp,0.024684,0.0,0.024825835399693
database1/img00027691.webp,0.263468,1.0,0.034967491822477
database1/img00027708.webp,0.011879,1.0,0.0514283789246731
database1/img00027826.webp,0.008279,1.0,0.0310954504349994
database1/img00027870.webp,0.156292,0.0,0.028626320845341
database1/img00027888.webp,0.010368,1.0,0.0316341735999006
database1/img00027943.webp,0.005057,1.0,0.0355006341056017
database1/img00027980.webp,0.1488,0.0,0.0268823744070064
database1/img00028069.webp,0.00506,1.0,0.0340992547791337
database1/img00028087.webp,0.001205,1.0,0.0230637196651614
database1/img00028101.webp,0.0173,1.0,0.0272279934390377
database1/img00028174.webp,0.122309,0.0,0.0258830805049292
database1/img00028222.webp,0.107143,0.0,0.0254545454545454
database1/img00028224.webp,0.146398,0.0,0.0302946389011962
database1/img00028300.webp,0.012183,0.0,0.0277206912657636
database1/img00028356.webp,0.152613,0.0,0.0196150504577958
database1/img00028517.webp,0.382837,0.0,0.0386259329655555
database1/img00028551.webp,0.203166,0.0,0.0435508228460793
database1/img00028578.webp,0.061325,0.0,0.0242550932377729
database1/img00028581.webp,0.020189,1.0,0.0275887827196613
database1/img00028723.webp,0.12276,0.0,0.0281569634037257
database1/img00028742.webp,0.061928,0.0,0.0212772415467735
database1/img00028757.webp,0.031527,1.0,0.0303063457330415
database1/img00028784.webp,0.01652,0.0,0.0254191895668373
database1/img00028843.webp,0.045216,1.0,0.0371764230652707
database1/img00028942.webp,0.085705,0.0,0.0217293779420591
database1/img00029059.webp,0.201976,0.0,0.0288286558912734
database1/img00029154.webp,0.027398,0.0,0.0568570705060955
database1/img00029252.webp,0.011317,1.0,0.0337690974956685
database1/img00029315.webp,0.223811,0.0,0.032632398753894
database1/img00029326.webp,0.073163,0.0,0.0231374745717738
database1/img00029393.webp,0.181547,0.0,0.0266898926798013
database1/img00029479.webp,0.172507,1.0,0.0353299801859472
database1/img00029527.webp,9.6e-05,1.0,0.0243693121418755
database1/img00029586.webp,0.049823,0.0,0.026904617048604
database1/img00029691.webp,0.030185,1.0,0.03538682395531
database1/img00029706.webp,0.21533,1.0,0.0709750450218677
database1/img00029758.webp,0.113217,0.0,0.0251413570274636
database1/img00029778.webp,0.154551,0.0,0.0376789876789876
database1/img00029960.webp,0.383842,0.0,0.0349300354177553
database2/database2/test/148.webp,0.048036,1.0,0.0274092146007318
database2/database2/test/190.webp,0.086509,1.0,0.0756632010816354
database2/database2/test/216.webp,0.245817,0.0,0.0252678982315429
database2/database2/test/232.webp,0.275174,0.0,0.0295742010234623
database2/database2/test/239.webp,0.175156,0.0,0.0304724184394266
database2/database2/test/266.webp,0.213241,0.0,0.0281620850232837
database2/database2/test/34.webp,0.050154,0.0,0.0267944177035085
database2/database2/test/453.webp,0.089504,1.0,0.0173375443196376
database2/database2/test/472.webp,0.226614,1.0,0.0435026488002492
database2/database2/test/91.webp,0.465517,1.0,0.0329108131606643
database2/database2/train/1009.webp,0.104761,1.0,0.0513420302893986
database2/database2/train/1240.webp,0.146101,0.0,0.0306551793227809
database2/database2/train/1258.webp,0.246853,0.0,0.0991273142484299
database2/database2/train/127.webp,0.075508,0.0,0.021188124684877
database2/database2/train/1279.webp,0.000502,1.0,0.0709728867623604
database2/database2/train/1311.webp,0.172932,1.0,0.1061708619374523
database2/database2/train/174.webp,0.051776,1.0,0.1157015664747622
database2/database2/train/203.webp,0.050641,1.0,0.0308308861634133
database2/database2/train/219.webp,0.142928,0.0,0.0310798659364015
database2/database2/train/233.webp,0.281943,1.0,0.0419388555003919
database2/database2/train/26.webp,0.011878,0.0,0.0251937475371075
database2/database2/train/34.webp,0.095641,0.0,0.0374004806970106
database2/database2/train/433.webp,0.036418,1.0,0.0349415807560137
database2/database2/train/436.webp,0.026337,1.0,0.0255064122265373
database2/database2/train/515.webp,0.012181,1.0,0.0303996598639455
database2/database2/train/547.webp,0.0,1.0,0.0217898705130306
database2/database2/train/613.webp,0.048432,0.0,0.0255217817621515
database2/database2/train/624.webp,0.123039,1.0,0.0658436436328272
database2/database2/train/650.webp,0.113219,0.0,0.0281602766195464
database2/database2/train/766.webp,0.167917,0.0,0.0358773850484829
database2/database2/train/814.webp,0.3,0.0,0.0359200622891253
database2/database2/train/846.webp,0.020085,1.0,0.0321411827740941
database2/database2/train/900.webp,0.417188,1.0,0.0368543463513906
database2/database2/train/928.webp,0.09983,0.0,0.0272189139373315
database2/database2/train/97.webp,0.048559,1.0,0.0333621434745029
database2/database2/train/992.webp,0.32608,0.0,0.0389194358116184
database3/database3/m.0109kg/59-FaceId-0_align.webp,0.264823,0.0,0.0341399076751382
database3/database3/m.010bk0/59-FaceId-0_align.webp,0.021845,1.0,0.0684983205645921
database3/database3/m.010ngb/60-FaceId-0_align.webp,0.012915,1.0,0.0261398176291793
database3/database3/m.010p3/45-FaceId-0_align.webp,0.01465,1.0,0.0365312902569665
database3/database3/m.010p3/69-FaceId-0_align.webp,0.027584,1.0,0.0316119659248497
database3/database3/m.010p3/82-FaceId-0_align.webp,0.013896,1.0,0.0292574656981436
database3/database3/m.010wty2t/83-FaceId-1_align.webp,0.168202,1.0,0.0410515732197776
database3/database3/m.0112yl/20-FaceId-0_align.webp,0.035573,1.0,0.0400234863399301
database3/database3/m.01167d3z/34-FaceId-0_align.webp,0.37993,1.0,0.0420855978260869
database3/database3/m.01167d3z/74-FaceId-0_align.webp,0.319357,1.0,0.0374049696413082
database3/database3/m.011_0k/17-FaceId-0_align.webp,0.022011,1.0,0.0301274897703831
database3/database3/m.011_0k/3-FaceId-0_align.webp,0.017225,1.0,0.0323335074833276
database3/database3/m.011_0k/43-FaceId-0_align.webp,0.025252,1.0,0.0302433643110248
database3/database3/m.011_0k/77-FaceId-0_align.webp,0.126436,1.0,0.0695707828313132
database3/database3/m.011_2h/101-FaceId-0_align.webp,0.183945,0.0,0.0331838565022421
database3/database3/m.011_2h/18-FaceId-0_align.webp,0.139464,0.0,0.0528590207032533
database3/database3/m.011_2h/21-FaceId-0_align.webp,0.028243,0.0,0.0282934798752413
database3/database3/m.011_3d/107-FaceId-0_align.webp,0.091414,1.0,0.035474176313446
database3/database3/m.011_3d/31-FaceId-0_align.webp,0.156269,1.0,0.0379500382155355
database3/database3/m.011_3d/35-FaceId-0_align.webp,0.154662,1.0,0.2070784177654406
database3/database3/m.011_3s/106-FaceId-0_align.webp,0.132155,0.0,0.0308799575741504
database3/database3/m.011_3s/93-FaceId-0_align.webp,0.255275,0.0,0.0354547613393493
database3/database3/m.011_8/14-FaceId-0_align.webp,0.108434,1.0,0.0289789426368382
database3/database3/m.011_nf/83-FaceId-0_align.webp,0.036792,1.0,0.033227329355452
database3/database3/m.011_pk/73-FaceId-0_align.webp,0.106935,1.0,0.0377444063696835
database3/database3/m.011_pk/98-FaceId-0_align.webp,0.021278,1.0,0.0254700800406555
database3/database3/m.011_r9/15-FaceId-0_align.webp,0.000453,1.0,0.0277151784868856
database3/database3/m.011_r9/35-FaceId-0_align.webp,0.0,1.0,0.0162795992714025
database3/database3/m.011h_w/16-FaceId-0_align.webp,0.023388,1.0,0.0622141390859653
database3/database3/m.011h_w/57-FaceId-0_align.webp,0.034974,1.0,0.0519760005748365
database3/database3/m.011hdn/3-FaceId-0_align.webp,0.144586,1.0,0.0464273420211457
database3/database3/m.011hm1/28-FaceId-0_align.webp,0.045589,0.0,0.0393283889575607
database3/database3/m.011hm1/59-FaceId-0_align.webp,0.308314,0.0,0.0373531681385577
database3/database3/m.011hmd/24-FaceId-0_align.webp,0.029049,1.0,0.0509777948199532
database3/database3/m.011jfg/102-FaceId-0_align.webp,0.016853,0.0,0.0294763043264664
database3/database3/m.011jfg/64-FaceId-0_align.webp,0.014724,0.0,0.0307982612797788
database3/database3/m.011kd9/42-FaceId-0_align.webp,0.092666,1.0,0.0
database3/database3/m.011kd9/48-FaceId-0_align.webp,0.021031,1.0,0.0789883867787943
database3/database3/m.011l17/115-FaceId-0_align.webp,0.008147,1.0,0.0360275768726472
database3/database3/m.011l17/73-FaceId-0_align.webp,0.013848,1.0,0.0317664215458127
database3/database3/m.011l17/78-FaceId-0_align.webp,0.000371,1.0,0.0273701071178295
database3/database3/m.011lf5/30-FaceId-0_align.webp,0.003745,1.0,0.0344896902506624
database3/database3/m.011lhy/14-FaceId-0_align.webp,0.06605,1.0,0.0194561484261586
database3/database3/m.011m1y/65-FaceId-0_align.webp,0.010331,1.0,0.0630442415730336
database3/database3/m.011m1y/93-FaceId-0_align.webp,0.010174,1.0,0.0249871172466165
database3/database3/m.011m33/35-FaceId-0_align.webp,0.10764,0.0,0.023505988786952
database3/database3/m.011m33/96-FaceId-0_align.webp,0.077455,0.0,0.0330471930036674
database3/database3/m.011m33/98-FaceId-0_align.webp,0.093352,0.0,0.0764195315909421
database3/database3/m.011p3/100-FaceId-0_align.webp,0.261068,0.0,0.0392869212571814
database3/database3/m.011p3/38-FaceId-0_align.webp,0.260325,0.0,0.0294126597687157
database3/database3/m.011qm2/8-FaceId-0_align.webp,0.02115,1.0,0.0281144428831952
database3/database3/m.011w1b/4-FaceId-0_align.webp,0.011173,0.0,0.0262714106209906
database3/database3/m.011w1b/5-FaceId-0_align.webp,0.149673,0.0,0.0272618864440682
database3/database3/m.011w1b/65-FaceId-0_align.webp,0.028609,0.0,0.0255667285659226
database3/database3/m.011w1b/75-FaceId-0_align.webp,0.102741,0.0,0.0267889641115236
database3/database3/m.011xgp/24-FaceId-0_align.webp,0.060348,1.0,0.0342049267534167
database3/database3/m.011xgp/72-FaceId-0_align.webp,0.024118,1.0,0.0567162278327867
database3/database3/m.011xjd/62-FaceId-0_align.webp,0.025855,1.0,0.0361902876748482
database3/database3/m.011xl3/35-FaceId-0_align.webp,0.101991,1.0,0.0343621247792819
database3/database3/m.011xl3/86-FaceId-0_align.webp,0.095741,1.0,0.0649226648232955
database3/database3/m.011xl3/92-FaceId-0_align.webp,0.15032,1.0,0.0322649069054913
database3/database3/m.011xl3/99-FaceId-0_align.webp,0.04585,1.0,0.0291479391794969
database3/database3/m.011xll/89-FaceId-0_align.webp,0.057752,1.0,0.055779337719137
database3/database3/m.011ybj/52-FaceId-0_align.webp,0.042728,1.0,0.0295128751845169
database3/database3/m.011ybj/61-FaceId-0_align.webp,0.033422,1.0,0.0284057971014492
database3/database3/m.011yx0/17-FaceId-0_align.webp,0.03676,1.0,0.031725847471268
database3/database3/m.011yx0/7-FaceId-0_align.webp,0.025923,1.0,0.0280658273024685
database3/database3/m.011z69/22-FaceId-0_align.webp,0.003956,1.0,0.0252060592559589
database3/database3/m.011z69/27-FaceId-0_align.webp,0.057013,1.0,0.0288078204358035
database3/database3/m.011z69/67-FaceId-0_align.webp,0.026898,1.0,0.0280579243765084
database3/database3/m.011zfk/22-FaceId-0_align.webp,0.214757,1.0,0.0294930010883025
database3/database3/m.011zfz/75-FaceId-0_align.webp,0.159958,0.0,0.0278794940079893
database3/database3/m.011zg9/22-FaceId-0_align.webp,0.107141,0.0,0.0228274193041455
database3/database3/m.011zg9/39-FaceId-0_align.webp,0.053582,0.0,0.0264749596122778
database3/database3/m.011zgs/52-FaceId-0_align.webp,0.127677,0.0,0.0467735211006623
database3/database3/m.011zkh/84-FaceId-0_align.webp,0.008351,1.0,0.0282067985313276
database3/database3/m.011zwl/37-FaceId-0_align.webp,0.073722,1.0,0.0334064745913629
database3/database3/m.01200d/24-FaceId-0_align.webp,0.036817,1.0,0.0246931484560149
database3/database3/m.01200d/80-FaceId-0_align.webp,0.017066,1.0,0.0279755391052461
database3/database3/m.012052/1-FaceId-0_align.webp,0.109494,1.0,0.0273433184963773
database3/database3/m.012052/30-FaceId-0_align.webp,0.193814,1.0,0.0865175492883033
database3/database3/m.012052/63-FaceId-0_align.webp,0.135953,1.0,0.0386165022988102
database3/database3/m.0122lq/12-FaceId-0_align.webp,0.034174,1.0,0.0211011377623007
database3/database3/m.0122lq/62-FaceId-0_align.webp,0.002899,1.0,0.0473879135358426
database3/database3/m.0122lq/73-FaceId-0_align.webp,0.026793,1.0,0.0265763845624159
database3/database3/m.0122m5/94-FaceId-0_align.webp,0.003731,1.0,0.0800392331038566
database3/database3/m.01233w/1-FaceId-0_align.webp,0.049894,1.0,0.0268408478314138
database3/database3/m.01233w/25-FaceId-0_align.webp,0.043404,1.0,0.0416254766275949
database3/database3/m.01239/57-FaceId-0_align.webp,0.01656,1.0,0.0347315382393529
database3/database3/m.01239/68-FaceId-0_align.webp,0.012855,1.0,0.0291083009079117
database3/database3/m.0123x2/101-FaceId-0_align.webp,0.244668,1.0,0.0466227509586077
database3/database3/m.01241v/54-FaceId-0_align.webp,0.010871,1.0,0.0220052505825786
database3/database3/m.0124t/70-FaceId-0_align.webp,0.066352,0.0,0.0582145120405575
database3/database3/m.01257s/41-FaceId-1_align.webp,0.025408,1.0,0.031863419629428
database3/database3/m.0126rp/46-FaceId-0_align.webp,0.064149,1.0,0.0237452779276848
database3/database3/m.0126rp/48-FaceId-0_align.webp,0.020111,1.0,0.0271219995050729
database3/database3/m.0126y2/49-FaceId-0_align.webp,0.042913,1.0,0.0318954747362575
database3/database3/m.0126y2/81-FaceId-0_align.webp,0.011658,1.0,0.0710280373831775
database3/database3/m.0126y2/92-FaceId-0_align.webp,0.2594,1.0,0.053522678582359
database3/database3/m.01270s/15-FaceId-0_align.webp,0.00523,1.0,0.0219634950466664
database3/database3/m.01270s/43-FaceId-0_align.webp,0.024273,1.0,0.0299075696663573
database3/database3/m.01271_/40-FaceId-0_align.webp,0.046844,0.0,0.0278798780010948
database3/database3/m.01271_/42-FaceId-0_align.webp,0.082785,0.0,0.0472372100350517
database3/database3/m.01271_/92-FaceId-0_align.webp,0.131196,0.0,0.0272099763557318
database3/database3/m.0127fx/6-FaceId-0_align.webp,0.010653,1.0,0.0281617869000905
database3/database3/m.0127gn/12-FaceId-0_align.webp,0.02417,1.0,0.0234533644447246
database3/database3/m.0127tk/114-FaceId-0_align.webp,0.088119,1.0,0.0255665551378013
database3/database3/m.0127tk/121-FaceId-0_align.webp,0.110272,1.0,0.0337989579590369
database3/database3/m.0127tk/32-FaceId-0_align.webp,0.044592,1.0,0.0289202387411828
database3/database3/m.0127tk/61-FaceId-0_align.webp,0.157887,1.0,0.0333880364322638
database3/database3/m.0127tk/75-FaceId-0_align.webp,0.118857,1.0,0.0353895816750685
database3/database3/m.0127tk/83-FaceId-0_align.webp,0.180049,1.0,0.0269921457280873
database3/database3/m.0127zt/62-FaceId-0_align.webp,0.099007,0.0,0.0279753347960959
database3/database3/m.012801/76-FaceId-0_align.webp,0.060329,1.0,0.0271133375078271
database3/database3/m.012981/36-FaceId-0_align.webp,0.038673,1.0,0.0232543176430748
database3/database3/m.012_53/112-FaceId-0_align.webp,0.081654,0.0,0.0240315413980849
database3/database3/m.012_53/73-FaceId-0_align.webp,0.056783,0.0,0.0251519527183585
database3/database3/m.012_jj/10-FaceId-0_align.webp,0.005143,1.0,0.0268407569622344
database3/database3/m.012_jj/103-FaceId-0_align.webp,0.04174,1.0,0.0201688223281143
database3/database3/m.012_jj/83-FaceId-0_align.webp,0.123978,1.0,0.0264683426179905
database3/database3/m.012c6j/57-FaceId-0_align.webp,0.0,1.0,0.0161971624981716
database3/database3/m.012c6x/43-FaceId-0_align.webp,0.000386,1.0,0.0344701136780344
database3/database3/m.012c8f/13-FaceId-0_align.webp,0.010098,1.0,0.0379611225280463
database3/database3/m.012c8f/85-FaceId-0_align.webp,0.121074,1.0,0.0630500889322393
database3/database3/m.012ck8/1-FaceId-0_align.webp,0.250793,0.0,0.0501770386266093
database3/database3/m.012cm5/19-FaceId-0_align.webp,0.050828,1.0,0.0329828858158358
database3/database3/m.012cm5/75-FaceId-0_align.webp,0.032775,1.0,0.0150144851198313
database3/database3/m.012cm5/90-FaceId-0_align.webp,0.082057,1.0,0.0403307508939213
database3/database3/m.012cnn/11-FaceId-0_align.webp,0.107545,0.0,0.0302512025654729
database3/database3/m.012cph/108-FaceId-0_align.webp,0.01551,1.0,0.0290771728271727
database3/database3/m.012cph/17-FaceId-0_align.webp,0.005549,1.0,0.0397878995956358
database3/database3/m.012cph/68-FaceId-0_align.webp,0.017584,1.0,0.0347388376805909
database3/database3/m.012cyp/33-FaceId-0_align.webp,0.012748,0.0,0.0250921435499514
database3/database3/m.012cyp/43-FaceId-0_align.webp,0.207358,0.0,0.0266983337103219
database3/database3/m.012cyp/7-FaceId-0_align.webp,0.030272,0.0,0.0246234245312019
database3/database3/m.012czd/35-FaceId-0_align.webp,0.035058,0.0,0.0230691399662731
database3/database3/m.012czd/90-FaceId-0_align.webp,0.001711,0.0,0.0270017590722522
database3/database3/m.012dtw/86-FaceId-0_align.webp,0.075626,1.0,0.052568455399268
database3/database3/m.012fgx/58-FaceId-0_align.webp,0.039289,1.0,0.0230260764099453
database3/database3/m.012g8l/75-FaceId-0_align.webp,0.015517,1.0,0.0387002112841379
database3/database3/m.012gbb/1-FaceId-0_align.webp,0.057132,0.0,0.0336283502938225
database3/database3/m.012gbb/104-FaceId-0_align.webp,0.023381,0.0,0.024138781043939
database3/database3/m.012gbb/86-FaceId-0_align.webp,0.070682,0.0,0.0369315127405654
database3/database3/m.012gdw/54-FaceId-0_align.webp,0.06697,1.0,0.027027027027027
database3/database3/m.012gl8/17-FaceId-0_align.webp,0.06567,0.0,0.0285867541728457
database3/database3/m.012gl8/38-FaceId-0_align.webp,0.063039,0.0,0.0273531269740997
database3/database3/m.012gq6/33-FaceId-0_align.webp,0.016946,1.0,0.0241515462053167
database3/database3/m.012gr9/29-FaceId-0_align.webp,0.156273,0.0,0.0388610005193006
database3/database3/m.012gx2/64-FaceId-0_align.webp,0.000577,1.0,0.0300130598990504
database3/database3/m.012gx2/77-FaceId-0_align.webp,0.126437,1.0,0.0376226502362152
database3/database3/m.012gx2/8-FaceId-0_align.webp,0.019361,1.0,0.0224955687305176
database3/database3/m.012gx2/99-FaceId-0_align.webp,0.025003,1.0,0.0348768092251909
database3/database3/m.012h65/109-FaceId-0_align.webp,0.210562,1.0,0.0858416472086605
database3/database3/m.012hqb/33-FaceId-0_align.webp,0.004406,1.0,0.0360115663276909
database3/database3/m.012hr4/21-FaceId-0_align.webp,0.126033,1.0,0.0285387962291514
database3/database3/m.012hr4/67-FaceId-0_align.webp,0.183915,1.0,0.0268121772949775
database3/database3/m.012hr4/74-FaceId-0_align.webp,0.037244,1.0,0.0286393196598298
database3/database3/m.012hsb/101-FaceId-0_align.webp,0.192286,1.0,0.0359623733719246
database3/database3/m.012hsb/74-FaceId-0_align.webp,0.057902,1.0,0.031171368825203
database3/database3/m.012hz4/77-FaceId-0_align.webp,0.118119,0.0,0.0379128971176099
database3/database3/m.012j2r/108-FaceId-0_align.webp,0.027644,1.0,0.0242774211383112
database3/database3/m.012j2r/38-FaceId-0_align.webp,0.010758,1.0,0.0292106601262225
database3/database3/m.012j2r/9-FaceId-0_align.webp,0.029992,1.0,0.0234277181092412
database3/database3/m.012kdb/7-FaceId-0_align.webp,0.154185,0.0,0.0286764191222789
database3/database3/m.012kk4/31-FaceId-1_align.webp,0.026924,1.0,0.0268324310305701
database3/database3/m.012l22/20-FaceId-0_align.webp,0.182682,1.0,0.0805865490628444
database3/database3/m.012l22/56-FaceId-0_align.webp,0.079127,1.0,0.0627757881239775
database3/database3/m.012lyg/82-FaceId-0_align.webp,0.015571,1.0,0.0248559983626209
database3/database3/m.012m1c/109-FaceId-0_align.webp,0.052592,0.0,0.0250888693213318
database3/database3/m.012m1c/113-FaceId-0_align.webp,0.018979,0.0,0.0253511425234344
database3/database3/m.012m1c/56-FaceId-0_align.webp,0.076711,0.0,0.0185396825396825
database3/database3/m.012m7r/99-FaceId-0_align.webp,0.002972,1.0,0.12303518710604
database3/database3/m.012mh_/3-FaceId-0_align.webp,0.065168,1.0,0.0267747758411505
database3/database3/m.012mh_/6-FaceId-0_align.webp,0.002681,1.0,0.0251576190630152
database3/database3/m.012mk7/90-FaceId-0_align.webp,0.032433,1.0,0.0229250514973855
database3/database3/m.012ml0/96-FaceId-0_align.webp,0.031451,1.0,0.024978384663546
database3/database3/m.012mmb/47-FaceId-0_align.webp,0.146313,0.0,0.0379910473103341
database3/database3/m.012mn4/43-FaceId-0_align.webp,0.005783,1.0,0.0271373855120732
database3/database3/m.012nry/108-FaceId-0_align.webp,0.006878,1.0,0.0203159677607756
database3/database3/m.012nry/28-FaceId-0_align.webp,0.006764,1.0,0.0462932297305903
database3/database3/m.012nry/3-FaceId-0_align.webp,0.008173,1.0,0.0285402214022139
database3/database3/m.012nry/57-FaceId-0_align.webp,0.00436,1.0,0.0323155993888039
database3/database3/m.012pjh/2-FaceId-0_align.webp,0.0,1.0,0.0345517448856798
database3/database3/m.012q4n/50-FaceId-0_align.webp,0.004622,1.0,0.0514709993011879
database3/database3/m.012qfw/20-FaceId-1_align.webp,0.162552,0.0,0.0225871288255147
database3/database3/m.012qfw/41-FaceId-0_align.webp,0.211858,0.0,0.0226216792708939
database3/database3/m.012qgc/82-FaceId-0_align.webp,0.002042,1.0,0.0322066634476098
database3/database3/m.012rng/35-FaceId-0_align.webp,0.036379,1.0,0.0535061382439284
database3/database3/m.012rng/47-FaceId-0_align.webp,0.022161,1.0,0.1482115038945476
database3/database3/m.012rng/48-FaceId-0_align.webp,0.01786,1.0,0.0286812742094004
database3/database3/m.012rth/93-FaceId-0_align.webp,0.046323,1.0,0.1403004812107409
database3/database3/m.012s1x/11-FaceId-0_align.webp,0.049377,1.0,0.0295113609427381
database3/database3/m.012s5j/122-FaceId-0_align.webp,0.205872,0.0,0.034948855333658
database3/database3/m.012s9f/0-FaceId-0_align.webp,0.000412,1.0,0.026703967446592
database3/database3/m.012st7/14-FaceId-0_align.webp,0.003821,1.0,0.07837972166998
database3/database3/m.012t1d/17-FaceId-0_align.webp,0.167599,1.0,0.032364601647878
database3/database3/m.012t1d/37-FaceId-0_align.webp,0.016467,1.0,0.0281485609388317
database3/database3/m.012t1d/80-FaceId-0_align.webp,0.014504,1.0,0.0497017130972579
database3/database3/m.012t3l/22-FaceId-0_align.webp,0.012766,1.0,0.0
database3/database3/m.012t7s/3-FaceId-0_align.webp,0.014581,1.0,0.0295516758926941
database3/database3/m.012tmz/123-FaceId-0_align.webp,0.001629,1.0,0.0276246087165903
database3/database3/m.012v1t/29-FaceId-0_align.webp,0.118114,0.0,0.025335672356791
database3/database3/m.012v1t/67-FaceId-0_align.webp,0.072956,0.0,0.0238860202715624
database3/database3/m.012v1t/93-FaceId-0_align.webp,0.033657,0.0,0.02547791803333
database3/database3/m.012vby/3-FaceId-0_align.webp,0.002151,1.0,0.0591353996737357
database3/database3/m.012vby/36-FaceId-0_align.webp,0.0,1.0,0.0242696705459233
database3/database3/m.012vd6/49-FaceId-0_align.webp,0.124288,0.0,0.0359279536618265
database3/database3/m.012vd6/5-FaceId-0_align.webp,0.104381,0.0,0.0295942532365014
database3/database3/m.012vd6/75-FaceId-1_align.webp,0.054381,0.0,0.0737539855680483
database3/database3/m.012vf6/90-FaceId-0_align.webp,0.069167,0.0,0.0364958275133411
database3/database3/m.012vhn/10-FaceId-0_align.webp,0.009813,1.0,0.0240857468136506
database3/database3/m.012vhn/4-FaceId-0_align.webp,0.005793,1.0,0.0147254620013846
database3/database3/m.012vq0/30-FaceId-0_align.webp,0.028246,1.0,0.0261104736928371
database3/database3/m.012vq0/67-FaceId-0_align.webp,0.017872,1.0,0.0305687859140214
database3/database3/m.012vqh/80-FaceId-0_align.webp,0.078239,0.0,0.0334018539347631
database3/database3/m.012w05/52-FaceId-0_align.webp,0.000408,1.0,0.0444595006605914
database3/database3/m.012w3k/19-FaceId-0_align.webp,0.109411,1.0,0.0535290769376719
database3/database3/m.012w3k/33-FaceId-0_align.webp,0.07009,1.0,0.0296417270593038
database3/database3/m.012w3k/4-FaceId-0_align.webp,0.071086,1.0,0.0337643792145973
database3/database3/m.012wfh/73-FaceId-0_align.webp,0.055456,0.0,0.0953212454335221
database3/database3/m.012wfh/77-FaceId-0_align.webp,0.055,0.0,0.0339905815689727
database3/database3/m.012wgv/56-FaceId-0_align.webp,0.072911,1.0,0.0329531154860969
database3/database3/m.012x2b/18-FaceId-0_align.webp,0.0,1.0,0.0342043992402426
database3/database3/m.012x2b/46-FaceId-0_align.webp,0.039092,1.0,0.0374915185235445
database3/database3/m.012x2b/54-FaceId-0_align.webp,0.049838,1.0,0.0251753749395258
database3/database3/m.012x2b/72-FaceId-0_align.webp,0.008788,1.0,0.0244775957175076
database3/database3/m.012x5/81-FaceId-0_align.webp,0.058123,0.0,0.0311647985458951
database3/database3/m.012xdy/81-FaceId-0_align.webp,0.012382,1.0,0.0344640518800273
database3/database3/m.012xls/57-FaceId-0_align.webp,0.114584,1.0,0.230762504372158
database3/database3/m.012xls/70-FaceId-0_align.webp,0.126797,1.0,0.0304524141426941
database3/database3/m.012xls/74-FaceId-0_align.webp,0.018384,1.0,0.0761591944377846
database3/database3/m.012y1h/86-FaceId-0_align.webp,0.123838,1.0,0.0346922257720979
database3/database3/m.012ycy/16-FaceId-0_align.webp,0.002336,1.0,0.0363901067639479
database3/database3/m.012ycy/21-FaceId-0_align.webp,0.164069,1.0,0.0312341185358147
database3/database3/m.012ycy/73-FaceId-0_align.webp,0.017165,1.0,0.0391891891891891
database3/database3/m.012ycy/99-FaceId-0_align.webp,0.136797,1.0,0.0166443103062821
database3/database3/m.012yg1/19-FaceId-0_align.webp,0.003406,1.0,0.0597436973433615
database3/database3/m.012yg1/21-FaceId-0_align.webp,0.007301,1.0,0.0232028330823712
database3/database3/m.012yg1/66-FaceId-0_align.webp,0.007466,1.0,0.0527195295071993
database3/database3/m.012yhd/22-FaceId-0_align.webp,0.043044,1.0,0.0384127436655856
database3/database3/m.012yhd/41-FaceId-0_align.webp,0.014599,1.0,0.0356666888785233
database3/database3/m.012yhd/87-FaceId-0_align.webp,0.016417,1.0,0.037876996859063
database3/database3/m.012ysy/40-FaceId-0_align.webp,0.005784,1.0,0.0307886416149823
database3/database3/m.012yxk/51-FaceId-0_align.webp,0.111796,1.0,0.0408393078337899
database3/database3/m.012z8_/39-FaceId-0_align.webp,0.076699,1.0,0.0311747038774339
database3/database3/m.012zrl/119-FaceId-0_align.webp,0.19435,0.0,0.0204630160550458
database3/database3/m.012zrl/22-FaceId-0_align.webp,0.184216,0.0,0.0284499672988881
database3/database3/m.012zrl/34-FaceId-0_align.webp,0.221002,0.0,0.0423339047539407
database3/database3/m.01300z/111-FaceId-0_align.webp,0.011168,1.0,0.0260488884549034
database3/database3/m.01300z/46-FaceId-0_align.webp,0.004916,1.0,0.029660775821188
database3/database3/m.01306d/26-FaceId-0_align.webp,0.043181,1.0,0.0345060552700614
database3/database3/m.0130py/108-FaceId-0_align.webp,0.041408,1.0,0.0720234446828072
database3/database3/m.0130py/9-FaceId-0_align.webp,0.045214,1.0,0.0284299598368948
database3/database3/m.0130sy/65-FaceId-0_align.webp,0.067207,1.0,0.0339428892952594
database3/database3/m.013107/34-FaceId-0_align.webp,0.131929,0.0,0.027345640600152
database3/database3/m.0131kb/28-FaceId-0_align.webp,0.0,1.0,0.0168366164542294
database3/database3/m.0131kb/47-FaceId-0_align.webp,0.0,1.0,0.029858867539534
database3/database3/m.0131kb/76-FaceId-0_align.webp,0.081559,1.0,0.0590120588117462
database3/database3/m.013267/23-FaceId-0_align.webp,0.049038,1.0,0.0265275615073185
database3/database3/m.0132k4/103-FaceId-0_align.webp,0.076004,1.0,0.0565248594553645
database3/database3/m.0132k4/97-FaceId-0_align.webp,0.101202,1.0,0.0381035485747527
database3/database3/m.0132kn/100-FaceId-0_align.webp,0.045478,1.0,0.0331526353601985
database3/database3/m.0132q1/29-FaceId-0_align.webp,0.017581,0.0,0.028281307504433
database3/database3/m.013339/106-FaceId-0_align.webp,0.058305,1.0,0.0262162835607051
database3/database3/m.013339/23-FaceId-0_align.webp,0.255508,1.0,0.0512447135717031
database3/database3/m.013339/80-FaceId-0_align.webp,0.066481,1.0,0.0410148798168637
database3/database3/m.01338h/81-FaceId-0_align.webp,0.088482,0.0,0.0249586408755408
database3/database3/m.0133c4/15-FaceId-0_align.webp,0.207364,1.0,0.0265504986816461
database3/database3/m.0133x7/100-FaceId-0_align.webp,0.144974,0.0,0.0267108415693321
database3/database3/m.0133yt/45-FaceId-0_align.webp,0.102482,1.0,0.0448623917295333
database3/database3/m.01341q/51-FaceId-0_align.webp,0.043853,1.0,0.0664545223115248
database3/database3/m.013423/105-FaceId-0_align.webp,0.016474,0.0,0.0524715046680794
database3/database3/m.013423/43-FaceId-0_align.webp,0.10846,0.0,0.0247308152452572
database3/database3/m.0134cp/27-FaceId-0_align.webp,0.030912,1.0,0.0374655459897233
database3/database3/m.0134cp/34-FaceId-1_align.webp,0.031754,1.0,0.0348948638400551
database3/database3/m.0134cp/53-FaceId-0_align.webp,0.019724,1.0,0.0296177713229468
database3/database3/m.0134dc/38-FaceId-0_align.webp,0.000768,1.0,0.0498956663743308
database3/database3/m.0134dc/73-FaceId-0_align.webp,0.003398,1.0,0.0706562382079516
database3/database3/m.0134fr/66-FaceId-0_align.webp,0.01299,1.0,0.0301052957572002
database3/database3/m.0134fr/82-FaceId-0_align.webp,0.004786,1.0,0.0380749123155316
database3/database3/m.0134wr/11-FaceId-2_align.webp,0.000566,1.0,0.0177344920587353
database3/database3/m.0134wr/30-FaceId-2_align.webp,0.080915,1.0,0.023539668700959
database3/database3/m.0134wr/52-FaceId-2_align.webp,0.028557,1.0,0.038835481756609
database3/database3/m.0134wr/65-FaceId-1_align.webp,0.001253,1.0,0.0231598389196717
database3/database3/m.0134wr/69-FaceId-2_align.webp,0.064238,1.0,0.0266367025539179
database3/database3/m.0134wr/89-FaceId-1_align.webp,0.188914,1.0,0.0155400102371608
database3/database3/m.0135nb/89-FaceId-0_align.webp,0.051256,1.0,0.0311178247734138
database3/database3/m.01368v/100-FaceId-0_align.webp,0.078994,0.0,0.0278418763003593
database3/database3/m.01368v/58-FaceId-0_align.webp,0.186435,0.0,0.0261164813082492
database3/database3/m.01368v/59-FaceId-1_align.webp,0.101878,0.0,0.0241355599214144
database3/database3/m.0136ms/38-FaceId-0_align.webp,0.015722,1.0,0.0337391891062994
database3/database3/m.0136p1/103-FaceId-0_align.webp,0.341015,0.0,0.0446726939803158
database3/database3/m.0136p1/13-FaceId-0_align.webp,0.259257,0.0,0.0314432989690721
database3/database3/m.0136p1/66-FaceId-0_align.webp,0.075301,0.0,0.0260174815624146
database3/database3/m.0136pk/68-FaceId-0_align.webp,0.195786,1.0,0.0357923497267759
database3/database3/m.0136pk/87-FaceId-0_align.webp,0.172482,1.0,0.0334006595218466
database3/database3/m.0136tm/24-FaceId-0_align.webp,0.011359,1.0,0.0297899906595558
database3/database3/m.0137s4/92-FaceId-0_align.webp,0.014219,1.0,0.2103305098820793
database3/database3/m.01380_/30-FaceId-0_align.webp,0.062935,1.0,0.0615031957969413
database3/database3/m.01380_/84-FaceId-0_align.webp,0.019541,1.0,0.0315990750622554
database3/database3/m.013823/15-FaceId-0_align.webp,0.004502,1.0,0.0257285077258114
database3/database3/m.013823/5-FaceId-0_align.webp,0.029677,1.0,0.0217392565940283
database3/database3/m.013846/35-FaceId-0_align.webp,0.005272,1.0,0.0317958559672119
database3/database3/m.013846/71-FaceId-0_align.webp,0.036782,1.0,0.0311935670721318
database3/database3/m.01386_/97-FaceId-0_align.webp,0.01382,1.0,0.0265963185220146
database3/database3/m.01386m/93-FaceId-0_align.webp,0.049853,1.0,0.0368685481022097
database3/database3/m.01387g/36-FaceId-0_align.webp,0.020561,1.0,0.0307436182019977
database3/database3/m.01387g/90-FaceId-0_align.webp,0.00159,1.0,0.023514313322865
database3/database3/m.01387y/2-FaceId-0_align.webp,0.062856,1.0,0.0351609183352552
database3/database3/m.01387y/32-FaceId-0_align.webp,0.048091,1.0,0.0352253981079351
database3/database3/m.01387y/46-FaceId-0_align.webp,0.0006,1.0,0.0249490377638807
database3/database3/m.01388c/29-FaceId-0_align.webp,0.136546,1.0,0.0388209470053307
database3/database3/m.01388c/82-FaceId-0_align.webp,0.007483,1.0,0.0337090491091384
database3/database3/m.01388c/92-FaceId-0_align.webp,0.007604,1.0,0.027586739103593
database3/database3/m.01389w/75-FaceId-1_align.webp,0.011085,1.0,0.0213231726460598
database3/database3/m.01389w/76-FaceId-0_align.webp,0.018887,1.0,0.0287161755862898
database3/database3/m.0138b7/49-FaceId-0_align.webp,0.173256,1.0,0.0314522943532091
database3/database3/m.0138b7/63-FaceId-0_align.webp,0.091583,1.0,0.0941292610202272
database3/database3/m.0138m1/11-FaceId-0_align.webp,0.033355,1.0,0.0365659722222222
database3/database3/m.0138m1/60-FaceId-0_align.webp,0.027664,1.0,0.0234589541338007
database3/database3/m.0139rh/103-FaceId-0_align.webp,0.008771,1.0,0.0255394692540784
database3/database3/m.0139rh/5-FaceId-0_align.webp,0.009412,1.0,0.0220406155982411
database3/database3/m.013_4m/89-FaceId-0_align.webp,0.106225,1.0,0.0223183770733389
database3/database3/m.013_gz/96-FaceId-0_align.webp,0.14677,0.0,0.0280111494974874
database3/database3/m.013_tp/47-FaceId-0_align.webp,0.000171,1.0,0.0370393458252355
database3/database3/m.013b7z/45-FaceId-0_align.webp,0.025843,1.0,0.0331926335865928
database3/database3/m.013bym/61-FaceId-0_align.webp,0.110889,0.0,0.0268335671378727
database3/database3/m.013bym/65-FaceId-0_align.webp,0.249006,0.0,0.0240621713217248
database3/database3/m.013bym/66-FaceId-0_align.webp,0.288548,0.0,0.0334694372574385
database3/database3/m.013bym/71-FaceId-0_align.webp,0.115164,0.0,0.0260183919932045
database3/database3/m.013m5y/73-FaceId-0_align.webp,0.0,1.0,0.034678164459501
database3/database3/m.013p_0/60-FaceId-0_align.webp,0.015459,1.0,0.0
database3/database3/m.013p_j/3-FaceId-0_align.webp,0.046784,1.0,0.031511789181692
database3/database3/m.013p_j/43-FaceId-0_align.webp,0.026287,1.0,0.0311169029305193
database3/database3/m.013p_w/1-FaceId-0_align.webp,0.045903,0.0,0.0335334003828309
database3/database3/m.013p_w/90-FaceId-1_align.webp,0.028906,0.0,0.0373730473197613
database3/database3/m.013pp3/83-FaceId-0_align.webp,0.052247,1.0,0.0423579925943433
database3/database3/m.013ppl/76-FaceId-0_align.webp,0.018885,1.0,0.0315906183368869
database3/database3/m.013q78/86-FaceId-0_align.webp,0.03,1.0,0.0315389607910509
database3/database3/m.013q8x/26-FaceId-0_align.webp,0.110943,1.0,0.0331807621623495
database3/database3/m.013q8x/42-FaceId-0_align.webp,0.056383,1.0,0.0263185506435366
database3/database3/m.013q8x/99-FaceId-0_align.webp,0.005069,1.0,0.0317565715330023
database3/database3/m.013qb0/82-FaceId-0_align.webp,0.080376,1.0,0.0439735720708392
database3/database3/m.013qb0/94-FaceId-0_align.webp,0.14541,1.0,0.0331885784558625
database3/database3/m.013qjp/42-FaceId-0_align.webp,0.027503,1.0,0.0279230896734625
database3/database3/m.013qjp/83-FaceId-0_align.webp,0.014,1.0,0.031267403215665
database3/database3/m.013qpt/31-FaceId-0_align.webp,0.020067,1.0,0.0277335438259317
database3/database3/m.013qq4/70-FaceId-0_align.webp,0.020855,1.0,0.0265593376264949
database3/database3/m.013qwl/61-FaceId-0_align.webp,0.006336,1.0,0.0277696369819458
database3/database3/m.013qwy/18-FaceId-0_align.webp,0.050242,1.0,0.0285761721344135
database3/database3/m.013qy3/30-FaceId-0_align.webp,0.004735,1.0,0.0617715790645053
database3/database3/m.013qy3/92-FaceId-0_align.webp,0.026678,1.0,0.027605113554382
database3/database3/m.013qyh/56-FaceId-1_align.webp,0.057576,1.0,0.0723113851367251
database3/database3/m.013r6h/27-FaceId-0_align.webp,0.054123,1.0,0.0169189727766528
database3/database3/m.013r6h/46-FaceId-0_align.webp,0.123792,1.0,0.121018505026956
database3/database3/m.013s1b/47-FaceId-0_align.webp,0.148289,1.0,0.031178663387264
database3/database3/m.013s1t/21-FaceId-0_align.webp,0.005317,1.0,0.0307273940607273
database3/database3/m.013s3/75-FaceId-0_align.webp,0.061568,1.0,0.061033234311177
database3/database3/m.013s6x/6-FaceId-0_align.webp,0.031839,1.0,0.0265010858593582
database3/database3/m.013s8s/33-FaceId-0_align.webp,0.074629,0.0,0.0239493454939142
database3/database3/m.013sjh/7-FaceId-0_align.webp,0.189385,1.0,0.0415222883955964
database3/database3/m.013t9y/12-FaceId-0_align.webp,0.013435,1.0,0.0504073381208134
database3/database3/m.013tjc/54-FaceId-0_align.webp,0.0,1.0,0.0327417801623331
database3/database3/m.013tjc/56-FaceId-0_align.webp,0.015964,1.0,0.0292940307432551
database3/database3/m.013v12/3-FaceId-0_align.webp,0.018587,1.0,0.0290260268401788
database3/database3/m.013v12/7-FaceId-0_align.webp,0.019979,1.0,0.0328690884926348
database3/database3/m.013v5j/57-FaceId-0_align.webp,0.119854,0.0,0.0237935993044176
database3/database3/m.013vdl/109-FaceId-0_align.webp,0.167747,0.0,0.021052105210521
database3/database3/m.013vdl/32-FaceId-0_align.webp,0.021263,0.0,0.0257884915414971
database3/database3/m.013vtr/20-FaceId-0_align.webp,0.015954,1.0,0.0286283072180836
database3/database3/m.013w7j/20-FaceId-0_align.webp,0.009375,1.0,0.0563803376365441
database3/database3/m.013w7j/32-FaceId-0_align.webp,0.001151,1.0,0.0315431023759173
database3/database3/m.013w7j/64-FaceId-0_align.webp,0.008592,1.0,0.0638266617701064
database3/database3/m.013w8h/4-FaceId-0_align.webp,0.094597,1.0,0.0300942737430167
database3/database3/m.013wt0/40-FaceId-1_align.webp,0.123008,0.0,0.0287520751651301
database3/database3/m.013wz9/26-FaceId-0_align.webp,0.18678,0.0,0.0276186887716654
database3/database3/m.013wz9/73-FaceId-0_align.webp,0.219059,0.0,0.0278656889231956
database3/database3/m.013xhr/100-FaceId-0_align.webp,0.00219,1.0,0.0495370841387729
database3/database3/m.013xhr/23-FaceId-0_align.webp,0.015916,1.0,0.0292943692088381
database3/database3/m.013xhr/24-FaceId-0_align.webp,0.064866,1.0,0.025452511024814
database3/database3/m.013xhr/33-FaceId-0_align.webp,0.013765,1.0,0.0689401272123893
database3/database3/m.013xhr/42-FaceId-0_align.webp,0.02596,1.0,0.0515956238028762
database3/database3/m.013xs1/10-FaceId-0_align.webp,0.059547,1.0,0.0261212507074136
database3/database3/m.013y2b/23-FaceId-0_align.webp,0.154363,0.0,0.0260178139987739
database3/database3/m.013y2b/32-FaceId-0_align.webp,0.092369,0.0,0.0237299884469384
database3/database3/m.013y2b/66-FaceId-0_align.webp,0.108782,0.0,0.0253281427636338
database3/database3/m.013y2s/40-FaceId-0_align.webp,0.026989,0.0,0.0249888069725098
database3/database3/m.013y2s/73-FaceId-0_align.webp,0.075667,0.0,0.0314615200355883
database3/database3/m.013yd0/51-FaceId-0_align.webp,0.167678,0.0,0.0270161560635516
database3/database3/m.013yd0/92-FaceId-0_align.webp,0.096098,0.0,0.0238030582226101
database3/database3/m.013ykk/37-FaceId-0_align.webp,0.042458,0.0,0.0307188160676532
database3/database3/m.013ykx/9-FaceId-0_align.webp,0.117351,0.0,0.0265699228028503
database3/database3/m.013ylm/42-FaceId-0_align.webp,0.120671,0.0,0.0312491306162192
database3/database3/m.013ylm/97-FaceId-0_align.webp,0.133134,0.0,0.0299038581595704
database3/database3/m.013yvd/37-FaceId-0_align.webp,0.027946,1.0,0.0227159430101239
database3/database3/m.013yvd/75-FaceId-0_align.webp,0.027604,1.0,0.026257880698351
database3/database3/m.013yyq/27-FaceId-0_align.webp,0.014857,1.0,0.0363508927253946
database3/database3/m.013yyq/44-FaceId-0_align.webp,0.06122,1.0,0.0354760809567616
database3/database3/m.013yyq/48-FaceId-0_align.webp,0.11735,1.0,0.0403152551429334
database3/database3/m.013zjz/16-FaceId-0_align.webp,0.071353,1.0,0.0377962950667285
database3/database3/m.013zm7/89-FaceId-0_align.webp,0.144683,1.0,0.0396904328337301
database3/database3/m.013zpf/72-FaceId-0_align.webp,0.0,0.0,0.1177588254345244
database3/database3/m.013zpf/88-FaceId-0_align.webp,0.169008,0.0,0.0279791423570594
database3/database3/m.013zr7/15-FaceId-0_align.webp,0.062795,1.0,0.0255712764338962
database3/database3/m.013zs9/83-FaceId-0_align.webp,0.33489,0.0,0.0346288581708009
database3/database3/m.013zyw/16-FaceId-0_align.webp,0.043076,1.0,0.0223670749174242
database3/database3/m.013zyw/19-FaceId-0_align.webp,0.020445,1.0,0.020662122687439
database3/database3/m.013zyw/21-FaceId-0_align.webp,0.01715,1.0,0.0222703167550522
database3/database3/m.01400g/101-FaceId-0_align.webp,0.057026,0.0,0.0363454351308061
database3/database3/m.01400g/117-FaceId-0_align.webp,0.219786,0.0,0.0388730187983781
database3/database3/m.01400g/31-FaceId-0_align.webp,0.04717,0.0,0.0260517575422086
database3/database3/m.01400g/47-FaceId-0_align.webp,0.103943,0.0,0.0270008823817771
database3/database3/m.014029/72-FaceId-0_align.webp,0.164078,0.0,0.0283592480854025
database3/database3/m.0140ly/8-FaceId-0_align.webp,0.018837,1.0,0.0237672374602212
database3/database3/m.0140v2/84-FaceId-0_align.webp,0.185102,1.0,0.0888112261231458
database3/database3/m.0141qv/12-FaceId-0_align.webp,0.026897,1.0,0.0268587105624142
database3/database3/m.0142n8/3-FaceId-0_align.webp,0.193323,1.0,0.0258997958672062
database3/database3/m.0142n8/5-FaceId-0_align.webp,0.020679,1.0,0.0324434801748262
database3/database3/m.0142sv/3-FaceId-0_align.webp,0.0,1.0,0.0186181475962669
database3/database3/m.0142sv/32-FaceId-0_align.webp,0.0,1.0,0.020439726588339
database3/database3/m.01433m/64-FaceId-0_align.webp,0.03742,0.0,0.0572034221984569
database3/database3/m.0143sn/66-FaceId-0_align.webp,0.02374,1.0,0.0318514204361612
database3/database3/m.0143wl/30-FaceId-0_align.webp,0.034923,1.0,0.0329718071175473
database3/database3/m.0143wl/81-FaceId-0_align.webp,0.051966,1.0,0.0347734387872796
database3/database3/m.014488/3-FaceId-0_align.webp,0.020128,1.0,0.0255301292452302
database3/database3/m.01449w/57-FaceId-0_align.webp,0.017199,1.0,0.0660843727551752
database3/database3/m.01449w/80-FaceId-0_align.webp,0.016942,1.0,0.0467905896020911
database3/database3/m.01449w/99-FaceId-0_align.webp,0.011762,1.0,0.0549540416328737
database3/database3/m.0144_b/77-FaceId-0_align.webp,0.037923,1.0,0.0250326209876185
database3/database3/m.0144_b/99-FaceId-0_align.webp,0.002226,1.0,0.0293671810793534
database3/database3/m.0144k5/45-FaceId-0_align.webp,0.060457,0.0,0.0265765062310647
database3/database3/m.0144k5/53-FaceId-0_align.webp,0.099321,0.0,0.0302880386983289
database3/database3/m.0144k5/58-FaceId-0_align.webp,0.088277,0.0,0.0249537581974104
database3/database3/m.0144k5/85-FaceId-0_align.webp,0.078258,0.0,0.0334674058774504
database3/database3/m.014508/74-FaceId-0_align.webp,0.033711,1.0,0.027691652191013
database3/database3/m.0146fs/16-FaceId-0_align.webp,0.00871,1.0,0.0309049652166124
database3/database3/m.0147cn/44-FaceId-0_align.webp,0.171045,1.0,0.0342135799430359
database3/database3/m.0147cn/79-FaceId-0_align.webp,0.059428,1.0,0.0366821192052979
database3/database3/m.0147jt/99-FaceId-0_align.webp,0.019999,1.0,0.0302354520745325
database3/database3/m.0147qz/78-FaceId-0_align.webp,0.010623,1.0,0.0315075104059841
database3/database3/m.01480y/76-FaceId-0_align.webp,0.0,1.0,0.022364703325364
database3/database3/m.0148_m/52-FaceId-0_align.webp,0.01178,1.0,0.0309206521003855
database3/database3/m.0148m9/58-FaceId-0_align.webp,0.040365,1.0,0.0277426365012223
database3/database3/m.0148qq/63-FaceId-1_align.webp,0.082134,1.0,0.0267598858279079
database3/database3/m.0148x0/17-FaceId-0_align.webp,0.195787,0.0,0.0312562773693302
database3/database3/m.014902/18-FaceId-0_align.webp,0.02167,1.0,0.0330647739625295
database3/database3/m.01491d/96-FaceId-0_align.webp,0.018562,1.0,0.0246715153691897
database3/database3/m.014936/66-FaceId-0_align.webp,0.009581,0.0,0.0280448467006983
database3/database3/m.0149k5/29-FaceId-0_align.webp,0.022158,1.0,0.0280720303981496
database3/database3/m.0149k5/81-FaceId-0_align.webp,0.042078,1.0,0.0746846789167039
database3/database3/m.0149vp/23-FaceId-0_align.webp,0.153482,1.0,0.0
database3/database3/m.0149vp/3-FaceId-0_align.webp,0.055794,1.0,0.0278328098574534
database3/database3/m.0149vp/63-FaceId-0_align.webp,0.126629,1.0,0.0325392567156704
database3/database3/m.0149wl/102-FaceId-0_align.webp,0.022928,1.0,0.0509281278900779
database3/database3/m.0149wl/45-FaceId-0_align.webp,0.024169,1.0,0.0575349956255467
database3/database3/m.0149xx/94-FaceId-0_align.webp,0.042337,1.0,0.0541154861669153
database3/database3/m.014_1g/72-FaceId-0_align.webp,0.019311,0.0,0.0274601650988673
database3/database3/m.014_1g/8-FaceId-0_align.webp,0.209769,0.0,0.035988733815369
database3/database3/m.014_4y/6-FaceId-0_align.webp,0.048047,1.0,0.0281391633245296
database3/database3/m.014_sl/106-FaceId-0_align.webp,0.23715,0.0,0.033430497358353
database3/database3/m.014_sl/74-FaceId-0_align.webp,0.390836,0.0,0.025959309812001
database3/database3/m.014bn_/16-FaceId-0_align.webp,0.037637,1.0,0.0258659740887264
database3/database3/m.014bn_/85-FaceId-1_align.webp,0.012813,1.0,0.0276667062173706
database3/database3/m.014bps/75-FaceId-0_align.webp,0.000105,1.0,0.0349599322431428
database3/database3/m.014byr/85-FaceId-0_align.webp,0.140079,1.0,0.032643432310015
database3/database3/m.014bz_/33-FaceId-0_align.webp,0.044503,1.0,0.0336474411047927
database3/database3/m.014c0y/76-FaceId-0_align.webp,0.175143,1.0,0.0307382192979119
database3/database3/m.014c40/62-FaceId-0_align.webp,0.041412,1.0,0.0547929545262087
database3/database3/m.014c40/70-FaceId-0_align.webp,0.059838,1.0,0.0267305429483946
database3/database3/m.014cq/6-FaceId-0_align.webp,0.092137,1.0,0.0234271251068305
database3/database3/m.014cq/86-FaceId-0_align.webp,0.009035,1.0,0.0588036513648731
database3/database3/m.014cw2/26-FaceId-0_align.webp,0.010138,1.0,0.0252828452335841
database3/database3/m.014cw2/50-FaceId-0_align.webp,0.006571,1.0,0.0264415724609433
database3/database3/m.014d0v/117-FaceId-0_align.webp,0.00171,1.0,0.0305933037257665
database3/database3/m.014d0v/5-FaceId-0_align.webp,0.0,1.0,0.0199148245791928
database3/database3/m.014d0v/76-FaceId-0_align.webp,0.001899,1.0,0.0275229819921923
database3/database3/m.014d15/7-FaceId-0_align.webp,0.067756,1.0,0.0332809939923538
database3/database3/m.014d3/12-FaceId-0_align.webp,0.002261,1.0,0.0289759441365834
database3/database3/m.014d3/72-FaceId-0_align.webp,0.018566,1.0,0.027436641028874
database3/database3/m.014d3y/82-FaceId-0_align.webp,0.033512,0.0,0.302079002079002
database3/database3/m.014dg1/103-FaceId-0_align.webp,0.026524,1.0,0.0261265887790473
database3/database3/m.014dg1/51-FaceId-0_align.webp,0.001679,1.0,0.0338032874515568
database3/database3/m.014dg1/65-FaceId-0_align.webp,0.0,1.0,0.0197018633540372
database3/database3/m.014dg1/7-FaceId-0_align.webp,0.01106,1.0,0.0323291170789456
database3/database3/m.014dg1/86-FaceId-0_align.webp,0.019596,1.0,0.0306379798860416
database3/database3/m.014dm6/105-FaceId-0_align.webp,0.23153,1.0,0.0284963030326993
database3/database3/m.014dy_/50-FaceId-0_align.webp,0.069776,1.0,0.019140967874071
database3/database3/m.014dy_/73-FaceId-0_align.webp,0.01239,1.0,0.0250895956203967
database3/database3/m.014f8k/25-FaceId-0_align.webp,0.24634,0.0,0.0244662071284465
database3/database3/m.014f8k/9-FaceId-0_align.webp,0.182534,0.0,0.0273809062366758
database3/database3/m.014fcb/0-FaceId-0_align.webp,0.028343,1.0,0.0294606748843378
database3/database3/m.014fd7/98-FaceId-0_align.webp,0.096652,1.0,0.029502685416752
database3/database3/m.014g17/1-FaceId-0_align.webp,0.005705,1.0,0.0327798297735666
database3/database3/m.014g17/9-FaceId-0_align.webp,0.079641,1.0,0.0352588871715609
database3/database3/m.014g22/90-FaceId-0_align.webp,0.35161,0.0,0.0408874314700004
database3/database3/m.014g6c/86-FaceId-0_align.webp,0.02888,1.0,0.029982759181549
database3/database3/m.014g6v/43-FaceId-0_align.webp,0.001902,1.0,0.0260523688363554
database3/database3/m.014g79/86-FaceId-0_align.webp,0.049609,1.0,0.0307701582516955
database3/database3/m.014g8p/48-FaceId-0_align.webp,0.000256,1.0,0.0393546043070418
database3/database3/m.014g9y/12-FaceId-0_align.webp,0.038159,0.0,0.0282657657657657
database3/database3/m.014g_f/26-FaceId-0_align.webp,0.000817,1.0,0.0165197666882695
database3/database3/m.014g_f/35-FaceId-0_align.webp,0.001771,1.0,0.027168887680174
database3/database3/m.014gf8/102-FaceId-0_align.webp,0.00204,1.0,0.1375108928147033
database3/database3/m.014gf8/28-FaceId-0_align.webp,0.018311,1.0,0.0219186578846324
database3/database3/m.014gf8/69-FaceId-0_align.webp,0.050273,1.0,0.0286794813466787
database3/database3/m.014gf8/9-FaceId-0_align.webp,0.034223,1.0,0.0283544379944054
database3/database3/m.014gsd/79-FaceId-0_align.webp,0.118598,1.0,0.0321446408950154
database3/database3/m.014h_s/80-FaceId-0_align.webp,0.173494,0.0,0.0296092109210921
database3/database3/m.014hlm/54-FaceId-0_align.webp,0.078394,0.0,0.0260004055698255
database3/database3/m.014hmv/53-FaceId-1_align.webp,0.0,1.0,0.0311096211867247
database3/database3/m.014j8m/72-FaceId-0_align.webp,0.0057,1.0,0.0323236490070127
database3/database3/m.014jb8/10-FaceId-0_align.webp,0.009911,1.0,0.0671059600585723
database3/database3/m.014jk0/16-FaceId-0_align.webp,0.026202,1.0,0.0711678290547558
database3/database3/m.014jk0/61-FaceId-0_align.webp,0.011335,1.0,0.3354632587859425
database3/database3/m.014jk0/74-FaceId-0_align.webp,0.003357,1.0,0.1136256588538745
database3/database3/m.014jxq/20-FaceId-0_align.webp,0.165895,0.0,0.0299643281807372
database3/database3/m.014jxq/43-FaceId-0_align.webp,0.136492,0.0,0.0221612094095315
database3/database3/m.014jy6/23-FaceId-0_align.webp,0.150311,1.0,0.066618973808672
database3/database3/m.014jy6/50-FaceId-0_align.webp,0.042148,1.0,0.0288012063332495
database3/database3/m.014jy6/97-FaceId-0_align.webp,0.061362,1.0,0.0658290615472241
database3/database3/m.014k1v/95-FaceId-3_align.webp,0.133686,1.0,0.0558249100565358
database3/database3/m.014k2p/25-FaceId-0_align.webp,0.315824,1.0,0.031553557210435
database3/database3/m.014kbz/16-FaceId-0_align.webp,0.028027,1.0,0.0297279236276849
database3/database3/m.014kbz/22-FaceId-0_align.webp,0.028933,1.0,0.0320214669051877
database3/database3/m.014kbz/81-FaceId-0_align.webp,0.006506,1.0,0.0316854010546765
database3/database3/m.014kxv/1-FaceId-0_align.webp,0.013313,1.0,0.0258587147185456
database3/database3/m.014kxv/11-FaceId-0_align.webp,0.053384,1.0,0.0227747189722413
database3/database3/m.014lb1/14-FaceId-2_align.webp,0.000111,0.0,0.0307737874861162
database3/database3/m.014lb1/47-FaceId-0_align.webp,0.167631,0.0,0.0254844751819033
database3/database3/m.014lb1/62-FaceId-1_align.webp,0.053145,0.0,0.0236618162920618
database3/database3/m.014lyb/65-FaceId-0_align.webp,0.056831,1.0,0.0234327941130809
database3/database3/m.014m_1/70-FaceId-0_align.webp,0.018552,1.0,0.0271210978736238
database3/database3/m.014mvy/17-FaceId-0_align.webp,0.196734,1.0,0.0420747806830764
database3/database3/m.014mvy/58-FaceId-0_align.webp,0.218895,1.0,0.0464383113341332
database3/database3/m.014n_k/48-FaceId-0_align.webp,0.006557,1.0,0.029448305553847
database3/database3/m.014n_k/70-FaceId-0_align.webp,0.029858,1.0,0.0225589615808077
database3/database3/m.014nfw/87-FaceId-0_align.webp,0.123499,0.0,0.0265913573605881
database3/database3/m.014p33/83-FaceId-2_align.webp,0.084076,0.0,0.0240110304980138
database3/database3/m.014p33/87-FaceId-0_align.webp,0.07546,0.0,0.0282749110965962
database3/database3/m.014ptb/14-FaceId-1_align.webp,0.016295,1.0,0.0260188823080982
database3/database3/m.014ptb/5-FaceId-0_align.webp,0.001038,1.0,0.0630217114544265
database3/database3/m.014ptb/50-FaceId-0_align.webp,0.185526,1.0,0.0283628608923883
database3/database3/m.014pxk/118-FaceId-0_align.webp,0.227914,1.0,0.0757903207265202
database3/database3/m.014pys/19-FaceId-0_align.webp,0.047245,1.0,0.0577522216414008
database3/database3/m.014pzz/110-FaceId-0_align.webp,0.13041,0.0,0.0247500088964805
database3/database3/m.014qjt/47-FaceId-0_align.webp,0.002851,1.0,0.0323930208863983
database3/database3/m.014r6r/81-FaceId-0_align.webp,0.091441,0.0,0.0246480438648487
database3/database3/m.014s81/3-FaceId-0_align.webp,0.077926,1.0,0.0419366135527928
database3/database3/m.014sj7/7-FaceId-0_align.webp,0.074577,1.0,0.0364229191090269
database3/database3/m.014skb/4-FaceId-0_align.webp,0.096076,0.0,0.0273815315753624
database3/database3/m.014skb/53-FaceId-0_align.webp,0.075066,0.0,0.0277901747399498
database3/database3/m.014skb/55-FaceId-0_align.webp,0.080414,0.0,0.0293207800941492
database3/database3/m.014v1q/8-FaceId-1_align.webp,0.038359,1.0,0.0386174339236851
database3/database3/m.014v6x/16-FaceId-0_align.webp,0.159906,0.0,0.0254271101599622
database3/database3/m.014v6x/20-FaceId-0_align.webp,0.306955,0.0,0.029409309121269
database3/database3/m.014v6x/88-FaceId-0_align.webp,0.075191,0.0,0.0213789251582474
database3/database3/m.014vbq/60-FaceId-0_align.webp,0.005701,1.0,0.0
database3/database3/m.014vnb/46-FaceId-0_align.webp,0.027126,1.0,0.0282453971330236
database3/database3/m.014vnb/51-FaceId-0_align.webp,0.043084,1.0,0.0361167771545129
database3/database3/m.014vtj/100-FaceId-0_align.webp,0.000679,1.0,0.029613498614199
database3/database3/m.014wsb/38-FaceId-0_align.webp,0.106862,1.0,0.02791281566116
database3/database3/m.014x0w/28-FaceId-0_align.webp,0.353028,0.0,0.0696724653438433
database3/database3/m.014x0w/74-FaceId-0_align.webp,0.177523,0.0,0.0266841124459775
database3/database3/m.014x0w/96-FaceId-0_align.webp,0.217684,0.0,0.0297346752058554
database3/database3/m.014xn7/100-FaceId-0_align.webp,0.007084,1.0,0.0243061372647568
database3/database3/m.014xn7/42-FaceId-0_align.webp,0.003105,1.0,0.0291873484935933
database3/database3/m.014xr2/5-FaceId-0_align.webp,0.387134,0.0,0.039911388727484
database3/database3/m.014xr2/87-FaceId-0_align.webp,0.341771,0.0,0.0349787400420311
database3/database3/m.014xzx/93-FaceId-0_align.webp,0.351892,1.0,0.0372797914957285
database3/database3/m.014y6/74-FaceId-0_align.webp,0.012495,1.0,0.027813642595978
database3/database3/m.014y6/95-FaceId-0_align.webp,0.006882,1.0,0.0311878931534323
database3/database3/m.014y7g/1-FaceId-0_align.webp,0.005692,1.0,0.0298210557709513
database3/database3/m.014z8v/77-FaceId-0_align.webp,0.004141,1.0,0.0306982095751248
database3/database3/m.014zfs/76-FaceId-0_align.webp,0.024924,1.0,0.030124793540099
database3/database3/m.014zxh/99-FaceId-0_align.webp,0.008633,1.0,0.0742524798401483
database3/database3/m.014zy/105-FaceId-0_align.webp,0.175949,1.0,0.0369249550244152
database3/database3/m.014zy/22-FaceId-0_align.webp,0.048224,1.0,0.0331361168320538
database3/database3/m.014zy/56-FaceId-0_align.webp,0.135716,1.0,0.0806070178434218
database3/database3/m.015076/99-FaceId-0_align.webp,0.0064,1.0,0.0538168509112637
database3/database3/m.01507p/0-FaceId-0_align.webp,0.067522,1.0,0.0327446676059106
database3/database3/m.01509x/60-FaceId-0_align.webp,0.015557,1.0,0.0296645345672291
database3/database3/m.0150bp/103-FaceId-0_align.webp,0.041675,0.0,0.0244781439748662
database3/database3/m.0150j5/31-FaceId-0_align.webp,0.003889,1.0,0.0243441211661364
database3/database3/m.0150j5/4-FaceId-0_align.webp,0.006229,1.0,0.0253962264150943
database3/database3/m.0150j5/71-FaceId-0_align.webp,0.062123,1.0,0.0289858476716189
database3/database3/m.0150j5/81-FaceId-0_align.webp,0.001136,1.0,0.0196479458560911
database3/database3/m.0150j5/86-FaceId-0_align.webp,0.002669,1.0,0.0251025819958129
database3/database3/m.0150m1/111-FaceId-0_align.webp,0.023781,1.0,0.0323133026795623
database3/database3/m.0150m1/13-FaceId-0_align.webp,0.071346,1.0,0.0269476232394366
database3/database3/m.0150mg/0-FaceId-0_align.webp,0.057671,1.0,0.0992063492063491
database3/database3/m.0150mg/69-FaceId-0_align.webp,0.220147,1.0,0.0368624193863591
database3/database3/m.0150mg/88-FaceId-0_align.webp,0.14546,1.0,0.0502574717285944
database3/database3/m.0150mg/97-FaceId-0_align.webp,0.078806,1.0,0.0304458151155527
database3/database3/m.0150rl/42-FaceId-0_align.webp,0.016396,0.0,0.0241863779821494
database3/database3/m.0150t6/36-FaceId-0_align.webp,0.017669,1.0,0.0255176444394967
database3/database3/m.0150t6/41-FaceId-0_align.webp,0.022058,1.0,0.0224714346170122
database3/database3/m.0150t6/63-FaceId-0_align.webp,0.015119,1.0,0.0294219005772378
database3/database3/m.01519n/21-FaceId-0_align.webp,0.389316,0.0,0.048560857500408
database3/database3/m.01519n/69-FaceId-0_align.webp,0.017235,0.0,0.0288258645971174
database3/database3/m.0151fv/54-FaceId-0_align.webp,0.017876,0.0,0.0243822450238659
database3/database3/m.0151fv/90-FaceId-0_align.webp,0.296844,0.0,0.030490446166434
database3/database3/m.0151fv/94-FaceId-0_align.webp,0.121468,0.0,0.0416956608678263
database3/database3/m.0151n1/16-FaceId-0_align.webp,0.044648,1.0,0.0287873382414944
database3/database3/m.0151n1/26-FaceId-0_align.webp,0.101903,1.0,0.0301518597314943
database3/database3/m.0151n1/29-FaceId-0_align.webp,0.049938,1.0,0.0378665403997699
database3/database3/m.0151n1/36-FaceId-0_align.webp,0.038201,1.0,0.0349318459355093
database3/database3/m.0151n1/53-FaceId-0_align.webp,0.021607,1.0,0.0391161502286928
database3/database3/m.0151p8/29-FaceId-0_align.webp,0.003452,1.0,0.0219621323730015
database3/database3/m.0151xv/30-FaceId-0_align.webp,0.007121,1.0,0.0285347928068803
database3/database3/m.0151xv/44-FaceId-0_align.webp,0.021629,1.0,0.0299977462249266
database3/database3/m.0151xv/88-FaceId-0_align.webp,0.006779,1.0,0.0342004693261816
database3/database3/m.0151zx/92-FaceId-0_align.webp,0.043036,1.0,0.0468627377704697
database3/database3/m.0152cw/42-FaceId-0_align.webp,0.083199,0.0,0.0255591054313099
database3/database3/m.0152xn/72-FaceId-0_align.webp,0.043462,1.0,0.0397858447064648
database3/database3/m.015302/4-FaceId-0_align.webp,0.000416,1.0,0.0219160298586728
database3/database3/m.0153dp/1-FaceId-0_align.webp,0.039324,1.0,0.0317897691032018
database3/database3/m.0153dp/88-FaceId-0_align.webp,0.057869,1.0,0.0325164542781122
database3/database3/m.0153vt/1-FaceId-0_align.webp,0.335303,1.0,0.0285016658299483
database3/database3/m.0153vt/81-FaceId-0_align.webp,0.087285,1.0,0.0353808353808353
database3/database3/m.0153y1/16-FaceId-0_align.webp,0.166114,0.0,0.0276938569989929
database3/database3/m.01541z/117-FaceId-0_align.webp,0.111734,0.0,0.0268983414193839
database3/database3/m.01547g/3-FaceId-0_align.webp,0.153164,0.0,0.026606572769953
database3/database3/m.01547g/73-FaceId-0_align.webp,0.246081,0.0,0.0281087933617609
database3/database3/m.0154d7/52-FaceId-0_align.webp,0.115018,1.0,0.0353652225343782
database3/database3/m.0154ff/10-FaceId-0_align.webp,0.121913,0.0,0.0257620617724243
database3/database3/m.0154hr/101-FaceId-0_align.webp,0.090433,0.0,0.0407266623883101
database3/database3/m.0154hr/109-FaceId-0_align.webp,0.038439,0.0,0.0269558531428204
database3/database3/m.0154hr/18-FaceId-0_align.webp,0.07836,0.0,0.0385017130442048
database3/database3/m.0154hr/28-FaceId-0_align.webp,0.045785,0.0,0.0304144204851751
database3/database3/m.0154s9/24-FaceId-0_align.webp,0.052837,1.0,0.0248154771581856
database3/database3/m.0154x6/57-FaceId-0_align.webp,0.061779,0.0,0.0340951953300403
database3/database3/m.01552j/40-FaceId-0_align.webp,0.017747,1.0,0.0247835691683085
database3/database3/m.01558d/79-FaceId-0_align.webp,0.014812,1.0,0.0190558416330054
database3/database3/m.01558d/8-FaceId-0_align.webp,0.124089,1.0,0.032771404042769
database3/database3/m.0155zp/26-FaceId-0_align.webp,0.000547,1.0,0.0271740366033874
database3/database3/m.0155zp/7-FaceId-0_align.webp,0.015991,1.0,0.0282469322038814
database3/database3/m.0155zp/79-FaceId-0_align.webp,0.02849,1.0,0.0385039343935721
database3/database3/m.0155zp/88-FaceId-0_align.webp,0.072148,1.0,0.0296376532035492
database3/database3/m.0156dg/11-FaceId-0_align.webp,0.153809,0.0,0.0327928689437891
database3/database3/m.0156dg/2-FaceId-0_align.webp,0.144571,0.0,0.0394115608272037
database3/database3/m.0156y1/31-FaceId-0_align.webp,0.047284,1.0,0.0281178354951163
database3/database3/m.01574b/45-FaceId-0_align.webp,0.070647,0.0,0.0309306599832915
database3/database3/m.015796/86-FaceId-0_align.webp,0.081944,0.0,0.0271230813369673
database3/database3/m.0157m/20-FaceId-0_align.webp,0.028257,1.0,0.0210840735643687
database3/database3/m.0157m/24-FaceId-0_align.webp,0.028454,1.0,0.0280315866875538
database3/database3/m.0157m/25-FaceId-0_align.webp,0.020124,1.0,0.0249182589915108
database3/database3/m.0157m/73-FaceId-0_align.webp,0.033963,1.0,0.0323091368257462
database3/database3/m.0157r6/22-FaceId-1_align.webp,0.0,1.0,0.0151249852611719
database3/database3/m.0157ry/29-FaceId-0_align.webp,0.027582,1.0,0.0247795163584636
database3/database3/m.015882/17-FaceId-0_align.webp,0.396178,0.0,0.030586701434159
database3/database3/m.015882/20-FaceId-0_align.webp,0.380878,0.0,0.0344875655180104
database3/database3/m.015882/75-FaceId-0_align.webp,0.386665,0.0,0.0376877363587249
database3/database3/m.0158r2/73-FaceId-0_align.webp,0.173377,0.0,0.0265186126892058
database3/database3/m.01598m/79-FaceId-0_align.webp,0.475474,0.0,0.0349689295345292
database3/database3/m.0159wm/104-FaceId-0_align.webp,0.007308,1.0,0.0202227749540391
database3/database3/m.0159wm/9-FaceId-0_align.webp,0.002891,1.0,0.0145971986299462
database3/database3/m.015_44/31-FaceId-0_align.webp,0.062168,0.0,0.0272877952379434
database3/database3/m.015_44/64-FaceId-0_align.webp,0.356589,0.0,0.038937447346251
database3/database3/m.015_44/84-FaceId-0_align.webp,0.3229,0.0,0.0383064516129032
database3/database3/m.015b67/34-FaceId-0_align.webp,0.034996,1.0,0.0272376009227219
database3/database3/m.015bhj/103-FaceId-1_align.webp,0.041754,1.0,0.0
database3/database3/m.015bhj/70-FaceId-0_align.webp,0.00385,1.0,0.0277327639161084
database3/database3/m.015bnf/68-FaceId-0_align.webp,0.066968,0.0,0.0274207657627346
database3/database3/m.015brk/18-FaceId-0_align.webp,0.023166,1.0,0.0415320614904611
database3/database3/m.015bw2/110-FaceId-0_align.webp,0.01319,1.0,0.0291020861944934
database3/database3/m.015bw2/40-FaceId-0_align.webp,0.013047,1.0,0.0345289009849662
database3/database3/m.015bw2/68-FaceId-0_align.webp,0.00956,1.0,0.0345789880262649
database3/database3/m.015c2f/3-FaceId-0_align.webp,0.072717,0.0,0.0244385314707465
database3/database3/m.015c2f/47-FaceId-0_align.webp,0.01548,0.0,0.0272145976294447
database3/database3/m.015c2f/49-FaceId-0_align.webp,0.031524,0.0,0.0300043033533052
database3/database3/m.015c2f/8-FaceId-0_align.webp,0.126031,0.0,0.0282752054166519
database3/database3/m.015c4g/7-FaceId-0_align.webp,0.000573,1.0,0.027316215671018
database3/database3/m.015c4g/83-FaceId-0_align.webp,0.000391,1.0,0.0243421252314322
database3/database3/m.015cyn/17-FaceId-0_align.webp,0.046212,1.0,0.0284867561865853
database3/database3/m.015cyn/5-FaceId-0_align.webp,0.152464,1.0,0.0247361499814545
database3/database3/m.015czg/24-FaceId-0_align.webp,0.141052,1.0,0.0380972581080559
database3/database3/m.015d2r/66-FaceId-0_align.webp,0.064087,1.0,0.0727376812823339
database3/database3/m.015d2r/86-FaceId-0_align.webp,0.029999,1.0,0.0300449805765691
database3/database3/m.015dcj/83-FaceId-0_align.webp,0.023385,1.0,0.0286780624939412
database3/database3/m.015dgg/80-FaceId-0_align.webp,0.001775,1.0,0.0418496889678811
database3/database3/m.015djp/24-FaceId-0_align.webp,0.0,1.0,0.0229661835748791
database3/database3/m.015djp/27-FaceId-0_align.webp,0.037685,1.0,0.0306747195858498
database3/database3/m.015dk3/22-FaceId-0_align.webp,0.027592,1.0,0.0238168874365407
database3/database3/m.015dnt/38-FaceId-0_align.webp,0.001692,1.0,0.043363358596881
database3/database3/m.015dnt/42-FaceId-1_align.webp,0.102539,1.0,0.0153475044589339
database3/database3/m.015dqj/29-FaceId-0_align.webp,0.034796,1.0,0.0296822819326572
database3/database3/m.015dsz/54-FaceId-1_align.webp,0.002756,1.0,0.0225415105942862
database3/database3/m.015dx/106-FaceId-0_align.webp,0.065832,0.0,0.0255348516218081
database3/database3/m.015dx/112-FaceId-0_align.webp,0.282009,0.0,0.0289570113504334
database3/database3/m.015dx/117-FaceId-0_align.webp,0.154935,0.0,0.0216572504708097
database3/database3/m.015dx/16-FaceId-0_align.webp,0.065933,0.0,0.0301636168667196
database3/database3/m.015dx/75-FaceId-0_align.webp,0.127561,0.0,0.0312087648446559
database3/database3/m.015dz8/51-FaceId-0_align.webp,0.051527,1.0,0.0259746488523466
database3/database3/m.015f6_/9-FaceId-0_align.webp,0.050822,1.0,0.0310217734691981
database3/database3/m.015fxn/110-FaceId-1_align.webp,0.050721,0.0,0.0242652872957301
database3/database3/m.015fyd/19-FaceId-0_align.webp,0.055834,0.0,0.0263631398001477
database3/database3/m.015g36/86-FaceId-0_align.webp,0.010069,0.0,0.0280025690430314
database3/database3/m.015g98/4-FaceId-0_align.webp,0.031227,1.0,0.0386706732489088
database3/database3/m.015g_7/108-FaceId-0_align.webp,0.075445,1.0,0.0266941766568247
database3/database3/m.015ghl/29-FaceId-0_align.webp,0.035495,0.0,0.0259948016585184
database3/database3/m.015ghl/58-FaceId-0_align.webp,0.114793,0.0,0.0189319109706308
database3/database3/m.015ghl/7-FaceId-0_align.webp,0.022651,0.0,0.0233820915073448
database3/database3/m.015gjr/36-FaceId-0_align.webp,0.054888,1.0,0.030838053553038
database3/database3/m.015gjr/40-FaceId-0_align.webp,0.045893,1.0,0.029114555359472
database3/database3/m.015gjr/84-FaceId-0_align.webp,0.042274,1.0,0.0716601789798948
database3/database3/m.015gqm/96-FaceId-1_align.webp,0.236979,1.0,0.0511959024481932
database3/database3/m.015grj/83-FaceId-0_align.webp,0.0,1.0,0.0259990279727831
database3/database3/m.015grj/95-FaceId-0_align.webp,0.006074,1.0,0.0244953805304938
database3/database3/m.015grj/98-FaceId-0_align.webp,0.00126,1.0,0.018206903871156
database3/database3/m.015gsv/100-FaceId-0_align.webp,0.087077,1.0,0.0363884397736458
database3/database3/m.015gsv/72-FaceId-0_align.webp,0.017745,1.0,0.0285783420633113
database3/database3/m.015gx1/70-FaceId-0_align.webp,0.056653,1.0,0.0251076040172165
database3/database3/m.015gy7/28-FaceId-0_align.webp,0.011386,1.0,0.0329859062602425
database3/database3/m.015gzc/94-FaceId-0_align.webp,0.077714,1.0,0.0364244175923668
database3/database3/m.015h25/3-FaceId-0_align.webp,0.001481,1.0,0.0214897317546323
database3/database3/m.015h7y/30-FaceId-0_align.webp,0.014431,1.0,0.0319627315331398
database3/database3/m.015htz/46-FaceId-0_align.webp,0.135648,0.0,0.0253328070616096
database3/database3/m.015j58/58-FaceId-0_align.webp,0.016994,1.0,0.028398701470783
database3/database3/m.015j6h/20-FaceId-0_align.webp,0.005265,1.0,0.0318038195900791
database3/database3/m.015j6h/37-FaceId-0_align.webp,0.094841,1.0,0.0367217049752691
database3/database3/m.015j6y/47-FaceId-0_align.webp,0.10488,0.0,0.0495276252658653
database3/database3/m.015j6y/5-FaceId-0_align.webp,0.085053,0.0,0.0242912328946506
database3/database3/m.015j6y/73-FaceId-1_align.webp,0.12413,0.0,0.0301481326935113
database3/database3/m.015j8x/17-FaceId-0_align.webp,0.049084,1.0,0.0384352504908019
database3/database3/m.015j8x/42-FaceId-0_align.webp,0.021866,1.0,0.0379514415781486
database3/database3/m.015jjw/46-FaceId-0_align.webp,0.068702,1.0,0.0373077553697327
database3/database3/m.015jjw/69-FaceId-0_align.webp,0.113403,1.0,0.0465324384787471
database3/database3/m.015jvm/105-FaceId-0_align.webp,0.006549,1.0,0.0252302076708237
database3/database3/m.015jvm/32-FaceId-0_align.webp,0.01088,1.0,0.0231647122599788
database3/database3/m.015jvm/85-FaceId-0_align.webp,0.111985,1.0,0.0761311172668513
database3/database3/m.015k04/104-FaceId-0_align.webp,0.087765,0.0,0.0221380688410467
database3/database3/m.015k04/33-FaceId-0_align.webp,0.019732,0.0,0.0295272969374167
database3/database3/m.015k04/68-FaceId-0_align.webp,0.032064,0.0,0.0281553398058252
database3/database3/m.015k9x/19-FaceId-0_align.webp,0.079615,0.0,0.0365106675843082
database3/database3/m.015k9x/84-FaceId-0_align.webp,0.154994,0.0,0.169243119266055
database3/database3/m.015kbd/21-FaceId-0_align.webp,0.030994,1.0,0.0231835949618415
database3/database3/m.015kbd/80-FaceId-0_align.webp,0.061754,1.0,0.0990959273264658
database3/database3/m.015khm/4-FaceId-0_align.webp,0.027803,1.0,0.0192115874363327
database3/database3/m.015klf/75-FaceId-0_align.webp,0.0,1.0,0.0197571912271603
database3/database3/m.015ksl/24-FaceId-0_align.webp,0.23069,1.0,0.0405226306576643
database3/database3/m.015ksl/26-FaceId-1_align.webp,0.043132,1.0,0.0688196204044556
database3/database3/m.015ksl/31-FaceId-0_align.webp,0.096817,1.0,0.0384414862187619
database3/database3/m.015ksl/72-FaceId-0_align.webp,0.014945,1.0,0.0287284783620288
database3/database3/m.015ksy/70-FaceId-0_align.webp,0.064697,1.0,0.0260781955864668
database3/database3/m.015ksy/90-FaceId-0_align.webp,0.039383,1.0,0.0278065345685931
database3/database3/m.015kt_/7-FaceId-0_align.webp,0.084368,1.0,0.034490920652865
database3/database3/m.015l1l/126-FaceId-0_align.webp,0.0,1.0,0.0174110543689867
database3/database3/m.015l51/58-FaceId-0_align.webp,0.077217,1.0,0.0225823952258239
database3/database3/m.015lg2/3-FaceId-0_align.webp,0.081487,1.0,0.083818993240139
database3/database3/m.015m2c/35-FaceId-0_align.webp,0.111821,0.0,0.060255340756592
database3/database3/m.015m2c/62-FaceId-0_align.webp,0.107098,0.0,0.0562163566841147
database3/database3/m.015m2c/96-FaceId-0_align.webp,0.077293,0.0,0.0623636888856791
database3/database3/m.015m2v/50-FaceId-0_align.webp,0.014038,1.0,0.0309445624879273
database3/database3/m.015m_9/103-FaceId-0_align.webp,0.203457,0.0,0.030515420363329
database3/database3/m.015m_9/23-FaceId-0_align.webp,0.194385,0.0,0.0291266518919806
database3/database3/m.015mfy/124-FaceId-0_align.webp,0.011509,1.0,0.0832439595660749
database3/database3/m.015mfy/44-FaceId-0_align.webp,0.015486,1.0,0.0718487794066427
database3/database3/m.015ncq/12-FaceId-0_align.webp,0.097302,0.0,0.0228264395782643
database3/database3/m.015ncq/15-FaceId-0_align.webp,0.108176,0.0,0.0273311071153351
database3/database3/m.015ncq/43-FaceId-0_align.webp,0.173231,0.0,0.0429094765255952
database3/database3/m.015nr6/10-FaceId-0_align.webp,0.135309,0.0,0.0163501238645746
database3/database3/m.015nxw/46-FaceId-0_align.webp,0.033616,1.0,0.0290837952396478
database3/database3/m.015nz8/33-FaceId-0_align.webp,0.258768,1.0,0.0359109047968075
database3/database3/m.015p0c/3-FaceId-0_align.webp,0.047687,1.0,0.0252907311456533
database3/database3/m.015p37/5-FaceId-0_align.webp,0.024022,0.0,0.0719233934315852
database3/database3/m.015p3p/83-FaceId-3_align.webp,0.095309,1.0,0.0441468330878362
database3/database3/m.015p_p/4-FaceId-0_align.webp,0.041582,1.0,0.0663336885100337
database3/database3/m.015ph6/52-FaceId-0_align.webp,0.019715,1.0,0.0269857134458227
database3/database3/m.015ph6/9-FaceId-0_align.webp,0.017184,1.0,0.0213213682696516
database3/database3/m.015phm/91-FaceId-0_align.webp,0.017375,1.0,0.0205652766895911
database3/database3/m.015pqq/24-FaceId-0_align.webp,0.179784,0.0,0.0331732572972161
database3/database3/m.015pqq/66-FaceId-0_align.webp,0.136121,0.0,0.0707606387888857
database3/database3/m.015pqq/87-FaceId-0_align.webp,0.018013,0.0,0.0331603639465453
database3/database3/m.015pt7/51-FaceId-0_align.webp,0.127322,1.0,0.0350469798657717
database3/database3/m.015pt7/58-FaceId-0_align.webp,0.035197,1.0,0.0244164428837016
database3/database3/m.015pt7/60-FaceId-0_align.webp,0.049196,1.0,0.0448723944414751
database3/database3/m.015pvh/112-FaceId-0_align.webp,0.330281,0.0,0.031907656023222
database3/database3/m.015px7/44-FaceId-0_align.webp,0.034165,1.0,0.0265780419142946
database3/database3/m.015px7/91-FaceId-0_align.webp,0.015722,1.0,0.0173062647258173
database3/database3/m.015pxr/76-FaceId-0_align.webp,0.013737,1.0,0.0261932839173405
database3/database3/m.015pxr/85-FaceId-0_align.webp,0.04711,1.0,0.0335171946259089
database3/database3/m.015pz3/26-FaceId-0_align.webp,0.029214,1.0,0.0383350117489089
database3/database3/m.015q3m/88-FaceId-0_align.webp,0.02977,1.0,0.0249123490455784
database3/database3/m.015q43/44-FaceId-0_align.webp,0.14431,0.0,0.0286817732547497
database3/database3/m.015q43/83-FaceId-0_align.webp,0.202776,0.0,0.0341503078174003
database3/database3/m.015q7v/66-FaceId-0_align.webp,0.123951,1.0,0.0306561622351095
database3/database3/m.015q7v/70-FaceId-0_align.webp,0.084162,1.0,0.03133356545961
database3/database3/m.015q7v/74-FaceId-0_align.webp,0.166774,1.0,0.0719977709668431
database3/database3/m.015q7v/95-FaceId-0_align.webp,0.114436,1.0,0.0293454484267204
database3/database3/m.015q9_/38-FaceId-0_align.webp,0.073529,1.0,0.0351085353725866
database3/database3/m.015q9_/55-FaceId-0_align.webp,0.228226,1.0,0.0313868846178404
database3/database3/m.015qgb/80-FaceId-0_align.webp,0.240744,0.0,0.0441443677704413
database3/database3/m.015ql4/49-FaceId-0_align.webp,0.010843,1.0,0.0273009212806712
database3/database3/m.015ql_/79-FaceId-0_align.webp,0.076307,0.0,0.0281468033603872
database3/database3/m.015qlm/10-FaceId-0_align.webp,0.050821,0.0,0.0279209280474142
database3/database3/m.015qlm/70-FaceId-0_align.webp,0.030997,0.0,0.0277686792590166
database3/database3/m.015qpn/63-FaceId-0_align.webp,0.366396,1.0,0.030198767397249
database3/database3/m.015qq1/36-FaceId-0_align.webp,0.022633,1.0,0.02447353631525
database3/database3/m.015qty/73-FaceId-0_align.webp,0.019129,1.0,0.0244279095886564
database3/database3/m.015qty/74-FaceId-0_align.webp,0.007618,1.0,0.0293298520452566
database3/database3/m.015qv9/29-FaceId-0_align.webp,0.006101,1.0,0.0334198508394388
database3/database3/m.015qxn/75-FaceId-0_align.webp,0.029389,1.0,0.0172767982964331
database3/database3/m.015qxn/81-FaceId-0_align.webp,0.000968,1.0,0.0542511739434508
database3/database3/m.015qyf/14-FaceId-0_align.webp,0.032701,1.0,0.0291612213377687
database3/database3/m.015qzv/12-FaceId-0_align.webp,0.03298,1.0,0.0683382768848726
database3/database3/m.015qzv/45-FaceId-0_align.webp,0.048204,1.0,0.0598180655248382
database3/database3/m.015qzv/55-FaceId-0_align.webp,0.094832,1.0,0.0836561231393774
database3/database3/m.015qzv/57-FaceId-0_align.webp,0.068867,1.0,0.0360547635495823
database3/database3/m.015r3q/35-FaceId-0_align.webp,0.001755,1.0,0.0636924728297329
database3/database3/m.015r4v/28-FaceId-0_align.webp,0.015627,1.0,0.0391125947562416
database3/database3/m.015rhv/21-FaceId-0_align.webp,0.274759,1.0,0.0488614931689589
database3/database3/m.015rmq/88-FaceId-0_align.webp,0.016982,1.0,0.0256562526895601
database3/database3/m.015t_m/31-FaceId-0_align.webp,0.0851,1.0,0.0180605032513428
database3/database3/m.015thk/1-FaceId-0_align.webp,0.117609,1.0,0.0275083959095883
database3/database3/m.015thk/47-FaceId-0_align.webp,0.223814,1.0,0.0451763349578158
database3/database3/m.015thk/89-FaceId-0_align.webp,0.010677,1.0,0.0596781789638932
database3/database3/m.015tp7/25-FaceId-0_align.webp,0.089928,1.0,0.030839797639123
database3/database3/m.015tp7/4-FaceId-0_align.webp,0.078982,1.0,0.0332136279926335
database3/database3/m.015tv5/22-FaceId-0_align.webp,0.009031,1.0,0.0363758299242169
database3/database3/m.015tv5/54-FaceId-0_align.webp,0.027498,1.0,0.0266835044445172
database3/database3/m.015tyq/50-FaceId-0_align.webp,0.029346,1.0,0.0510626158893167
database3/database3/m.015tyq/63-FaceId-0_align.webp,0.05956,1.0,0.0541263193164684
database3/database3/m.015v98/49-FaceId-0_align.webp,0.062142,0.0,0.0330046144685917
database3/database3/m.015v98/79-FaceId-0_align.webp,0.070144,0.0,0.0332557811618724
database3/database3/m.015vql/63-FaceId-0_align.webp,0.02634,1.0,0.0362563755914704
database3/database3/m.015vyh/54-FaceId-0_align.webp,0.020372,1.0,0.0267994114147959
database3/database3/m.015wfg/59-FaceId-0_align.webp,0.021245,1.0,0.0315913338409357
database3/database3/m.015wfy/41-FaceId-0_align.webp,0.10115,1.0,0.0272151898734176
database3/database3/m.015wfy/43-FaceId-0_align.webp,0.000923,1.0,0.0657272671455762
database3/database3/m.015wfy/78-FaceId-0_align.webp,0.064575,1.0,0.0631057758376783
database3/database3/m.015wfy/91-FaceId-0_align.webp,0.156,1.0,0.0479159307665135
database3/database3/m.015wgw/16-FaceId-0_align.webp,0.030553,1.0,0.0258469541761664
database3/database3/m.015wgw/5-FaceId-0_align.webp,0.079937,1.0,0.0326659314907988
database3/database3/m.015wkb/94-FaceId-0_align.webp,0.010721,1.0,0.0268158629904044
database3/database3/m.015x3n/93-FaceId-0_align.webp,0.0,0.0,0.0537302338153804
database3/database3/m.015x63/126-FaceId-0_align.webp,0.077609,0.0,0.0275438236099698
database3/database3/m.015xnd/46-FaceId-0_align.webp,0.021854,1.0,0.025049852815497
database3/database3/m.015xnd/72-FaceId-0_align.webp,0.171432,1.0,0.069723416265034
database3/database3/m.015xsn/17-FaceId-0_align.webp,0.021828,1.0,0.0519280445675515
database3/database3/m.015xww/31-FaceId-0_align.webp,0.075773,1.0,0.0322299045926841
database3/database3/m.015xys/54-FaceId-0_align.webp,0.054138,1.0,0.0270617074720817
database3/database3/m.015y4c/42-FaceId-0_align.webp,0.097688,1.0,0.024229457364341
database3/database3/m.015y4c/72-FaceId-0_align.webp,0.027368,1.0,0.0252226505383489
database3/database3/m.015y4c/79-FaceId-0_align.webp,0.010835,1.0,0.0228252456088121
database3/database3/m.015yb0/108-FaceId-0_align.webp,0.073526,1.0,0.0222139528863577
database3/database3/m.015ybz/5-FaceId-0_align.webp,0.004767,1.0,0.1035055204003282
database3/database3/m.015yg9/69-FaceId-0_align.webp,0.021682,1.0,0.0480426531718778
database3/database3/m.015ykr/19-FaceId-0_align.webp,0.078311,0.0,0.0293975044563279
database3/database3/m.015ykr/9-FaceId-0_align.webp,0.026904,0.0,0.0231604384828213
database3/database3/m.015z4j/106-FaceId-1_align.webp,0.203863,0.0,0.0296536974582545
database3/database3/m.015z4j/30-FaceId-0_align.webp,0.022438,0.0,0.0277246992215144
database3/database3/m.015zj4/3-FaceId-0_align.webp,0.026859,1.0,0.0542492970946578
database3/database3/m.015zjx/34-FaceId-0_align.webp,0.188292,1.0,0.0401730886630516
database3/database3/m.015zm4/92-FaceId-0_align.webp,0.019768,1.0,0.0406586096019514
database3/database3/m.015zmm/35-FaceId-0_align.webp,0.071991,0.0,0.0284872361551519
database3/database3/m.016077/95-FaceId-0_align.webp,0.023638,1.0,0.0306752680464712
database3/database3/m.0160pf/102-FaceId-0_align.webp,0.037457,1.0,0.0281852783691374
database3/database3/m.016194/12-FaceId-0_align.webp,0.028771,1.0,0.029204465081952
database3/database3/m.016194/6-FaceId-0_align.webp,0.025295,1.0,0.0235228973361268
database3/database3/m.0161h5/105-FaceId-0_align.webp,0.042175,0.0,0.0266366240480681
database3/database3/m.0161hn/33-FaceId-0_align.webp,0.010683,1.0,0.0467664350614644
database3/database3/m.0162c8/22-FaceId-0_align.webp,0.021055,1.0,0.0324823729637733
database3/database3/m.0162c8/71-FaceId-0_align.webp,0.041746,1.0,0.0309917596867511
database3/database3/m.0162c8/72-FaceId-0_align.webp,0.034776,1.0,0.0304882853938713
database3/database3/m.0162lw/68-FaceId-0_align.webp,0.026272,1.0,0.0360328899330137
database3/database3/m.0162n1/16-FaceId-0_align.webp,0.013549,1.0,0.0648629148629148
database3/database3/m.0162n1/17-FaceId-0_align.webp,0.15524,1.0,0.0674658674658674
database3/database3/m.01635v/83-FaceId-0_align.webp,0.001023,1.0,0.0216771464170843
database3/database3/m.0163bt/91-FaceId-0_align.webp,0.100672,1.0,0.0340607694549693
database3/database3/m.0163kf/72-FaceId-0_align.webp,0.120095,0.0,0.0278830152604185
database3/database3/m.0163kf/83-FaceId-0_align.webp,0.098981,0.0,0.0363945462582026
database3/database3/m.0163rk/30-FaceId-0_align.webp,0.022552,1.0,0.0277390942093673
database3/database3/m.0163s9/24-FaceId-0_align.webp,0.074147,1.0,0.0314355491108905
database3/database3/m.0163s9/74-FaceId-0_align.webp,0.166715,1.0,0.0294308137762876
database3/database3/m.0163t3/106-FaceId-0_align.webp,0.195337,0.0,0.0288759228387711
database3/database3/m.0163t3/9-FaceId-0_align.webp,0.08181,0.0,0.0267415508917134
database3/database3/m.0163y8/74-FaceId-0_align.webp,0.077227,1.0,0.0379910152740341
database3/database3/m.0164c4/60-FaceId-0_align.webp,0.111711,0.0,0.0240491740299653
database3/database3/m.0164lp/69-FaceId-0_align.webp,0.064522,1.0,0.0175242769685454
database3/database3/m.0164lp/92-FaceId-0_align.webp,0.151037,1.0,0.0668031695298974
database3/database3/m.0164nb/3-FaceId-0_align.webp,0.089532,1.0,0.0261899034331076
database3/database3/m.0164y7/34-FaceId-0_align.webp,0.005214,1.0,0.0265527721223923
database3/database3/m.0165cp/26-FaceId-0_align.webp,0.006703,0.0,0.0235720581127568
database3/database3/m.0165cp/52-FaceId-0_align.webp,0.057554,0.0,0.0208754313426803
database3/database3/m.0165gc/85-FaceId-0_align.webp,0.006716,1.0,0.024543167974787
database3/database3/m.0165gc/99-FaceId-0_align.webp,0.120842,1.0,0.0275131690426197
database3/database3/m.0165ky/57-FaceId-0_align.webp,0.015031,1.0,0.0812313282196204
database3/database3/m.0165n5/59-FaceId-0_align.webp,0.014306,0.0,0.0249636846767049
database3/database3/m.01666h/59-FaceId-0_align.webp,0.366126,0.0,0.0325461411627041
database3/database3/m.01666h/65-FaceId-0_align.webp,0.324656,0.0,0.0378061555344939
database3/database3/m.0166rp/41-FaceId-0_align.webp,0.108225,1.0,0.0381350729086722
database3/database3/m.0166rp/55-FaceId-0_align.webp,0.058677,1.0,0.0383763310226541
database3/database3/m.0166w_/52-FaceId-0_align.webp,0.055626,1.0,0.0248704222958619
database3/database3/m.0166w_/7-FaceId-0_align.webp,0.051227,1.0,0.0184271727583335
database3/database3/m.0166yl/4-FaceId-0_align.webp,0.128426,1.0,0.0275944811037792
database3/database3/m.0166yl/42-FaceId-0_align.webp,0.00821,1.0,0.0282905403413612
database3/database3/m.0166zk/13-FaceId-0_align.webp,0.040817,1.0,0.0652403189427872
database3/database3/m.0166zk/42-FaceId-0_align.webp,0.020069,1.0,0.0571065159719445
database3/database3/m.0166zk/72-FaceId-0_align.webp,0.015452,1.0,0.030505365495735
database3/database3/m.01678_/78-FaceId-0_align.webp,0.014927,1.0,0.0267596975471813
database3/database3/m.0167h6/35-FaceId-0_align.webp,0.000892,1.0,0.023391547101214
database3/database3/m.0167xk/87-FaceId-0_align.webp,0.035118,1.0,0.0323274274039588
database3/database3/m.016883/25-FaceId-0_align.webp,0.021581,1.0,0.0261687554212903
database3/database3/m.016883/35-FaceId-0_align.webp,0.016967,1.0,0.0306578134651018
database3/database3/m.016883/79-FaceId-0_align.webp,0.042662,1.0,0.0260223657888695
database3/database3/m.0168cl/73-FaceId-0_align.webp,0.16573,1.0,0.0362428280584859
database3/database3/m.0168ql/60-FaceId-0_align.webp,0.01118,1.0,0.0135882544507164
database3/database3/m.0168vx/9-FaceId-0_align.webp,0.182986,0.0,0.0234283777166748
database3/database3/m.01693z/106-FaceId-0_align.webp,0.308514,1.0,0.0461728514678809
database3/database3/m.01693z/67-FaceId-0_align.webp,0.053019,1.0,0.0228788889562738
database3/database3/m.016959/105-FaceId-0_align.webp,0.10109,1.0,0.0399609315152443
database3/database3/m.016959/51-FaceId-0_align.webp,0.067755,1.0,0.0312485628880202
database3/database3/m.0169ff/102-FaceId-0_align.webp,0.033338,1.0,0.0412031073115508
database3/database3/m.0169ff/36-FaceId-0_align.webp,0.024259,1.0,0.0292566274938507
database3/database3/m.0169ff/79-FaceId-0_align.webp,0.137366,1.0,0.0303348478484975
database3/database3/m.0169mh/14-FaceId-0_align.webp,0.084985,0.0,0.0369259896729776
database3/database3/m.0169r6/43-FaceId-0_align.webp,0.109367,0.0,0.0319648676575788
database3/database3/m.0169v2/37-FaceId-0_align.webp,0.237432,0.0,0.0346375617792421
database3/database3/m.0169v2/60-FaceId-0_align.webp,0.294775,0.0,0.0368144216516042
database3/database3/m.0169x_/12-FaceId-0_align.webp,0.169443,1.0,0.030431067961165
database3/database3/m.016_js/82-FaceId-0_align.webp,0.00161,0.0,0.0258363355635614
database3/database3/m.016_js/90-FaceId-0_align.webp,0.074161,0.0,0.0346326090562281
database3/database3/m.016_mj/9-FaceId-0_align.webp,0.005546,1.0,0.0317132260573068
database3/database3/m.016b6z/92-FaceId-0_align.webp,0.053278,1.0,0.0343639713919859
database3/database3/m.016b90/0-FaceId-0_align.webp,0.006801,1.0,0.0252350518392273
database3/database3/m.016b90/79-FaceId-0_align.webp,0.0,1.0,0.0152853961874762
database3/database3/m.016b90/8-FaceId-0_align.webp,0.046454,1.0,0.0203847143224625
database3/database3/m.016b90/93-FaceId-0_align.webp,0.01334,1.0,0.0266062126181747
database3/database3/m.016cn6/6-FaceId-0_align.webp,0.062721,1.0,0.0514420512820512
database3/database3/m.016cn6/90-FaceId-0_align.webp,0.090699,1.0,0.0316531413113879
database3/database3/m.016cz6/23-FaceId-1_align.webp,0.213677,1.0,0.0401494967436352
database3/database3/m.016db7/11-FaceId-0_align.webp,0.00104,1.0,0.0337548192283842
database3/database3/m.016dbr/42-FaceId-0_align.webp,0.02227,1.0,0.02976857761252
database3/database3/m.016fjj/77-FaceId-0_align.webp,0.012807,1.0,0.0271099185672833
database3/database3/m.016fnv/40-FaceId-0_align.webp,0.049743,1.0,0.0291854408334132
database3/database3/m.016g29/40-FaceId-0_align.webp,0.003894,1.0,0.0462955985613974
database3/database3/m.016g29/95-FaceId-0_align.webp,0.017798,1.0,0.020009469136533
database3/database3/m.016ggh/74-FaceId-0_align.webp,0.004674,1.0,0.0249407916995601
database3/database3/m.016ghw/12-FaceId-0_align.webp,0.035794,1.0,0.0508783136378153
database3/database3/m.016gkf/85-FaceId-0_align.webp,0.159983,1.0,0.029700523714686
database3/database3/m.016gnp/45-FaceId-0_align.webp,0.027576,1.0,0.0247045582442318
database3/database3/m.016gnp/48-FaceId-0_align.webp,0.0,1.0,0.0302946593001841
database3/database3/m.016gr2/107-FaceId-0_align.webp,0.0,1.0,0.0203297049015289
database3/database3/m.016gr2/38-FaceId-0_align.webp,0.0,1.0,0.0229314091491613
database3/database3/m.016hgp/12-FaceId-0_align.webp,0.055372,0.0,0.0261560358809704
database3/database3/m.016hgp/32-FaceId-12_align.webp,0.159452,0.0,0.0490233693756539
database3/database3/m.016hgp/77-FaceId-4_align.webp,0.110387,0.0,0.0257260834865886
database3/database3/m.016hgp/77-FaceId-7_align.webp,0.08977,0.0,0.0263690085357846
database3/database3/m.016hgp/77-FaceId-9_align.webp,0.121788,0.0,0.0284249399447849
database3/database3/m.016hj7/88-FaceId-0_align.webp,0.028831,1.0,0.022152520814061
database3/database3/m.016hk4/98-FaceId-0_align.webp,0.002253,1.0,0.030436124831612
database3/database3/m.016hmf/90-FaceId-0_align.webp,0.168251,1.0,0.0340384392281216
database3/database3/m.016hrc/46-FaceId-0_align.webp,0.064797,0.0,0.0317778763023719
database3/database3/m.016htr/23-FaceId-0_align.webp,0.041326,1.0,0.0301281658183601
database3/database3/m.016htr/80-FaceId-0_align.webp,0.0,1.0,0.0710115271809562
database3/database3/m.016hvl/14-FaceId-0_align.webp,0.018608,1.0,0.0357529248962132
database3/database3/m.016hvl/79-FaceId-0_align.webp,0.027134,1.0,0.0299451088021956
database3/database3/m.016hzm/79-FaceId-0_align.webp,0.040554,1.0,0.0565437707496067
database3/database3/m.016j4q/17-FaceId-0_align.webp,0.014713,1.0,0.1074218749999999
database3/database3/m.016j4q/73-FaceId-0_align.webp,0.027874,1.0,0.0731369474313022
database3/database3/m.016j55/23-FaceId-0_align.webp,0.003044,1.0,0.043415122684026
database3/database3/m.016j_c/80-FaceId-0_align.webp,0.167359,0.0,0.0334504445890261
database3/database3/m.016k0j/73-FaceId-0_align.webp,0.021214,0.0,0.030972596904728
database3/database3/m.016k38/76-FaceId-0_align.webp,0.03171,1.0,0.0521971421345472
database3/database3/m.016k38/86-FaceId-0_align.webp,0.0969,1.0,0.064840674316094
database3/database3/m.016k58/57-FaceId-0_align.webp,0.285077,0.0,0.0340392934390771
database3/database3/m.016k6x/11-FaceId-0_align.webp,0.0,1.0,0.0253873285434356
database3/database3/m.016k6x/19-FaceId-0_align.webp,0.0,1.0,0.0224811967931233
database3/database3/m.016k92/3-FaceId-0_align.webp,0.164786,1.0,0.0366870976446551
database3/database3/m.016k92/39-FaceId-0_align.webp,0.115077,1.0,0.0344471076449754
database3/database3/m.016k92/53-FaceId-0_align.webp,0.124335,1.0,0.0313833179788816
database3/database3/m.016k_v/117-FaceId-0_align.webp,0.172292,0.0,0.0251596424010217
database3/database3/m.016k_v/31-FaceId-0_align.webp,0.103765,0.0,0.0267267156410351
database3/database3/m.016k_v/6-FaceId-0_align.webp,0.102662,0.0,0.0276178952187846
database3/database3/m.016kdv/96-FaceId-0_align.webp,0.10171,1.0,0.0284001071954977
database3/database3/m.016kft/30-FaceId-0_align.webp,0.094506,1.0,0.0324543228479939
database3/database3/m.016khd/116-FaceId-0_align.webp,0.014365,1.0,0.0889785276073619
database3/database3/m.016khd/18-FaceId-0_align.webp,0.045446,1.0,0.0479718640093786
database3/database3/m.016khd/77-FaceId-0_align.webp,0.016363,1.0,0.026390543978872
database3/database3/m.016kjs/51-FaceId-0_align.webp,0.103247,1.0,0.0385526546346591
database3/database3/m.016kqk/22-FaceId-0_align.webp,0.109366,1.0,0.0317298419998516
database3/database3/m.016kqk/57-FaceId-0_align.webp,0.028005,1.0,0.0393484800506649
database3/database3/m.016ksk/77-FaceId-0_align.webp,0.033554,1.0,0.0278484115070003
database3/database3/m.016l53/34-FaceId-0_align.webp,0.004644,1.0,0.0784439589984876
database3/database3/m.016l_5/13-FaceId-1_align.webp,0.028409,0.0,0.0714812255240727
database3/database3/m.016l_5/23-FaceId-0_align.webp,0.13632,0.0,0.0263175574798446
database3/database3/m.016l_5/69-FaceId-0_align.webp,0.067658,0.0,0.0261054109154105
database3/database3/m.016lb3/2-FaceId-0_align.webp,0.005513,1.0,0.0260055766492643
database3/database3/m.016lh0/74-FaceId-0_align.webp,0.000336,1.0,0.029079317457341
database3/database3/m.016m0v/15-FaceId-0_align.webp,0.003574,1.0,0.051946019371604
database3/database3/m.016m0v/47-FaceId-0_align.webp,0.010823,1.0,0.0912309135886718
database3/database3/m.016m0v/48-FaceId-0_align.webp,0.006305,1.0,0.0389780583107904
database3/database3/m.016mgj/22-FaceId-0_align.webp,0.177659,0.0,0.0271035908429676
database3/database3/m.016mgj/72-FaceId-0_align.webp,0.141048,0.0,0.0734920205572085
database3/database3/m.016ntp/45-FaceId-0_align.webp,0.056576,0.0,0.0895897662108513
database3/database3/m.016ntp/58-FaceId-0_align.webp,0.194583,0.0,0.0572114615015206
database3/database3/m.016ntp/78-FaceId-0_align.webp,0.262576,0.0,0.0328692699490661
database3/database3/m.016ntp/85-FaceId-0_align.webp,0.141759,0.0,0.031824434162811
database3/database3/m.016nvh/2-FaceId-0_align.webp,0.143526,1.0,0.0308058031812619
database3/database3/m.016nvy/82-FaceId-0_align.webp,0.14288,0.0,0.0265986512190903
database3/database3/m.016nws/82-FaceId-0_align.webp,0.154826,1.0,0.0454081415628056
database3/database3/m.016pns/55-FaceId-0_align.webp,0.055966,1.0,0.0358799907072449
database3/database3/m.016q0w/27-FaceId-0_align.webp,0.009996,1.0,0.0290361321758226
database3/database3/m.016q2n/25-FaceId-0_align.webp,0.030179,0.0,0.0303251225414158
database3/database3/m.016q2n/89-FaceId-0_align.webp,0.007529,0.0,0.0312766507300684
database3/database3/m.016q4_/99-FaceId-1_align.webp,0.000294,0.0,0.0229270648848816
database3/database3/m.016qrb/16-FaceId-0_align.webp,0.039165,0.0,0.0266416574889867
database3/database3/m.016qrb/78-FaceId-0_align.webp,0.145711,0.0,0.0263143749790035
database3/database3/m.016qtt/15-FaceId-0_align.webp,0.187503,1.0,0.0276908506958741
database3/database3/m.016qtt/25-FaceId-0_align.webp,0.283035,1.0,0.0368461789147791
database3/database3/m.016r3x/42-FaceId-0_align.webp,0.001242,1.0,0.0232214911483514
database3/database3/m.016r3x/44-FaceId-0_align.webp,0.007495,1.0,0.0338185054402434
database3/database3/m.016sff/35-FaceId-0_align.webp,0.025858,1.0,0.0935271584323739
database3/database3/m.016sp_/9-FaceId-0_align.webp,0.355835,1.0,0.032784239259435
database3/database3/m.016swh/38-FaceId-0_align.webp,0.0,1.0,0.0270065695515566
database3/database3/m.016sz1/68-FaceId-0_align.webp,0.00381,1.0,0.0348586772970129
database3/database3/m.016szr/0-FaceId-0_align.webp,0.081751,1.0,0.0700961908426317
database3/database3/m.016szr/31-FaceId-0_align.webp,0.150774,1.0,0.0734959835925482
database3/database3/m.016t00/27-FaceId-0_align.webp,0.010723,1.0,0.0334297496992954
database3/database3/m.016t00/29-FaceId-0_align.webp,0.026052,1.0,0.0308179616172907
database3/database3/m.016t00/49-FaceId-0_align.webp,0.061342,1.0,0.037820388662922
database3/database3/m.016tb7/64-FaceId-0_align.webp,0.020212,0.0,0.0249236869433867
database3/database3/m.016tbr/53-FaceId-0_align.webp,0.052696,1.0,0.0312452474924864
database3/database3/m.016tbr/91-FaceId-0_align.webp,0.278026,1.0,0.038757869491356
database3/database3/m.016tbr/97-FaceId-0_align.webp,0.035531,1.0,0.035462442514052
database3/database3/m.016tcm/7-FaceId-0_align.webp,0.0,1.0,0.032745001591389
database3/database3/m.016tqw/18-FaceId-0_align.webp,0.009857,1.0,0.0419307709597661
database3/database3/m.016vqk/91-FaceId-0_align.webp,0.041054,1.0,0.0297868951677125
database3/database3/m.016vxj/34-FaceId-0_align.webp,0.081238,1.0,0.0260756972111553
database3/database3/m.016vy9/16-FaceId-0_align.webp,0.135759,0.0,0.0275856885147324
database3/database3/m.016vy9/41-FaceId-0_align.webp,0.023537,0.0,0.0241928107564255
database3/database3/m.016vyp/28-FaceId-0_align.webp,0.086364,1.0,0.0286094123903216
database3/database3/m.016vyp/92-FaceId-0_align.webp,0.043472,1.0,0.0266908175482761
database3/database3/m.016wdq/47-FaceId-0_align.webp,0.021942,1.0,0.0657857049863298
database3/database3/m.016wvy/16-FaceId-0_align.webp,0.016451,1.0,0.0282939217044292
database3/database3/m.016wvy/70-FaceId-0_align.webp,0.279688,1.0,0.0339420806630366
database3/database3/m.016wvy/90-FaceId-0_align.webp,0.0652,1.0,0.0757278537191549
database3/database3/m.016xk5/94-FaceId-0_align.webp,0.039665,1.0,0.0282967669347098
database3/database3/m.016yr0/49-FaceId-0_align.webp,0.028821,1.0,0.026885745099283
database3/database3/m.016yr0/53-FaceId-0_align.webp,0.03224,1.0,0.0248174712939435
database3/database3/m.016yr0/98-FaceId-0_align.webp,0.103354,1.0,0.0310406808260884
database3/database3/m.016ywr/2-FaceId-0_align.webp,0.022088,1.0,0.0382673204279164
database3/database3/m.016ywr/21-FaceId-0_align.webp,0.053813,1.0,0.0305439755973563
database3/database3/m.016ywr/76-FaceId-0_align.webp,0.0,1.0,0.0251506456241032
database3/database3/m.016z3d/40-FaceId-0_align.webp,0.041987,1.0,0.0250845145602277
database3/database3/m.016z3d/43-FaceId-0_align.webp,0.184794,1.0,0.0277796364447417
database3/database3/m.016z3d/48-FaceId-0_align.webp,0.181018,1.0,0.0264269158336954
database3/database3/m.016z68/21-FaceId-0_align.webp,0.185954,1.0,0.0354075412056897
database3/database3/m.016z68/89-FaceId-0_align.webp,0.268667,1.0,0.0341464508318012
database3/database3/m.016zp5/13-FaceId-0_align.webp,0.016071,1.0,0.0232942039618488
database3/database3/m.016zp5/31-FaceId-0_align.webp,0.101464,1.0,0.0622072760623662
database3/database3/m.016zp5/64-FaceId-0_align.webp,0.006697,1.0,0.0301220673050002
database3/database3/m.016zp5/68-FaceId-0_align.webp,0.014376,1.0,0.0309374415934637
database3/database3/m.016zvk/22-FaceId-0_align.webp,0.104809,0.0,0.0300053512728384
database3/database3/m.016zvk/81-FaceId-0_align.webp,0.147393,0.0,0.0294640442057266
database3/database3/m.016zvk/88-FaceId-0_align.webp,0.080384,0.0,0.0216782274900666
database3/database3/m.016zvk/91-FaceId-0_align.webp,0.084334,0.0,0.0256424643698799
database3/database3/m.0170pk/112-FaceId-0_align.webp,0.029113,1.0,0.0738724122266208
database3/database3/m.0170pk/32-FaceId-0_align.webp,0.0,1.0,0.05867776152158
database3/database3/m.0170pk/71-FaceId-0_align.webp,0.003334,1.0,0.0338772681451612
database3/database3/m.0170pk/93-FaceId-0_align.webp,0.020024,1.0,0.0636204889406285
database3/database3/m.0170q1/39-FaceId-0_align.webp,0.098023,0.0,0.0532444887283596
database3/database3/m.0170qf/10-FaceId-0_align.webp,0.012168,1.0,0.0266365113241804
database3/database3/m.0170qf/66-FaceId-0_align.webp,0.173717,1.0,0.0344344546587196
database3/database3/m.0170s4/35-FaceId-0_align.webp,0.00841,1.0,0.0327860337613619
database3/database3/m.0170s4/44-FaceId-0_align.webp,0.007374,1.0,0.0188461869142807
database3/database3/m.0170s4/48-FaceId-0_align.webp,0.0,1.0,0.0225627810066892
database3/database3/m.0170s4/85-FaceId-0_align.webp,0.00918,1.0,0.023155773106824
database3/database3/m.0170s4/86-FaceId-0_align.webp,0.00659,1.0,0.0243898891765321
database3/database3/m.0170zz/7-FaceId-0_align.webp,0.0033,1.0,0.0569367030617698
database3/database3/m.017115/2-FaceId-0_align.webp,0.178391,1.0,0.0515990236233502
database3/database3/m.0171cm/52-FaceId-0_align.webp,0.078391,1.0,0.0751035924729138
database3/database3/m.0171cm/9-FaceId-0_align.webp,0.020679,1.0,0.0671289827909353
database3/database3/m.0171dv/105-FaceId-0_align.webp,0.019879,1.0,0.0284236540158869
database3/database3/m.0171dv/106-FaceId-0_align.webp,0.079343,1.0,0.0346435208984142
database3/database3/m.0171z8/39-FaceId-0_align.webp,0.1172,0.0,0.1016006860082892
database3/database3/m.01721f/98-FaceId-0_align.webp,0.00066,1.0,0.0238814373240602
database3/database3/m.01728m/45-FaceId-0_align.webp,0.026608,1.0,0.0565700700379104
database3/database3/m.01734j/10-FaceId-0_align.webp,0.107434,1.0,0.0517134195479488
database3/database3/m.01737y/7-FaceId-0_align.webp,0.023524,1.0,0.0244527400328504
database3/database3/m.0173cq/55-FaceId-0_align.webp,0.0687,0.0,0.0301237599124058
database3/database3/m.0173cq/82-FaceId-0_align.webp,0.052898,0.0,0.0267019274449996
database3/database3/m.0173p_/66-FaceId-0_align.webp,0.12779,0.0,0.0403054939640305
database3/database3/m.0173p_/82-FaceId-0_align.webp,0.039784,0.0,0.0247197964656535
database3/database3/m.0173p_/97-FaceId-0_align.webp,0.06989,0.0,0.0297529538131041
database3/database3/m.0173s_/56-FaceId-0_align.webp,0.320216,0.0,0.03801867219917
database3/database3/m.01741h/75-FaceId-0_align.webp,0.057681,1.0,0.0737099592312171
database3/database3/m.01742l/53-FaceId-0_align.webp,0.210558,0.0,0.0322957198443579
database3/database3/m.01744d/24-FaceId-0_align.webp,0.021138,1.0,0.0303108493716228
database3/database3/m.01744d/66-FaceId-0_align.webp,0.069833,1.0,0.0318215216084429
database3/database3/m.017458/60-FaceId-0_align.webp,0.031087,1.0,0.0984558192736631
database3/database3/m.0174z2/31-FaceId-0_align.webp,0.019356,1.0,0.0287598792930018
database3/database3/m.0175m_/104-FaceId-0_align.webp,0.011519,1.0,0.0380054748951799
database3/database3/m.0175m_/106-FaceId-0_align.webp,0.008092,1.0,0.0262523030861353
database3/database3/m.0175s7/91-FaceId-0_align.webp,0.271553,1.0,0.0409372816212438
database3/database3/m.0175w3/23-FaceId-0_align.webp,0.084707,1.0,0.0780839447193311
database3/database3/m.0175w3/40-FaceId-0_align.webp,0.14122,1.0,0.1033292694363686
database3/database3/m.0175w3/8-FaceId-0_align.webp,0.022898,1.0,0.0958081076296689
database3/database3/m.01762z/69-FaceId-0_align.webp,0.001793,1.0,0.0253729725824513
database3/database3/m.017729/106-FaceId-0_align.webp,0.004005,1.0,0.0375164283722967
database3/database3/m.01772q/118-FaceId-0_align.webp,0.005376,1.0,0.01926949340956
database3/database3/m.01778_/1-FaceId-0_align.webp,0.151831,0.0,0.0713362331802105
database3/database3/m.01778_/5-FaceId-0_align.webp,0.080886,0.0,0.0601168034301766
database3/database3/m.0177s6/54-FaceId-0_align.webp,0.003871,1.0,0.0810189770611306
database3/database3/m.0177s6/83-FaceId-0_align.webp,0.194958,1.0,0.0732862346837399
database3/database3/m.0178_j/46-FaceId-0_align.webp,0.038586,1.0,0.0575477251702967
database3/database3/m.0178d6/53-FaceId-0_align.webp,0.019408,1.0,0.0258328265423338
database3/database3/m.0178d6/9-FaceId-0_align.webp,0.038126,1.0,0.0316383771850457
database3/database3/m.0178sb/20-FaceId-0_align.webp,0.025953,1.0,0.0276309318908285
database3/database3/m.01791s/104-FaceId-0_align.webp,0.057011,1.0,0.233241329653186
database3/database3/m.01793l/15-FaceId-0_align.webp,0.11519,1.0,0.0805566648031307
database3/database3/m.01793l/3-FaceId-0_align.webp,0.021997,1.0,0.0641421947449767
database3/database3/m.01793l/48-FaceId-0_align.webp,0.070141,1.0,0.0910374629963591
database3/database3/m.01793l/77-FaceId-0_align.webp,0.068916,1.0,0.097637936604803
database3/database3/m.01794d/22-FaceId-0_align.webp,0.132698,1.0,0.0259575339659998
database3/database3/m.0179n7/47-FaceId-0_align.webp,0.025063,1.0,0.0283862060686094
database3/database3/m.0179ys/22-FaceId-0_align.webp,0.03888,1.0,0.0336095222072678
database3/database3/m.017_65/24-FaceId-0_align.webp,0.104039,1.0,0.0531493868450389
database3/database3/m.017__g/2-FaceId-0_align.webp,0.026314,1.0,0.0262569832402234
database3/database3/m.017__g/30-FaceId-0_align.webp,0.064708,1.0,0.0328080749400914
database3/database3/m.017_dr/0-FaceId-1_align.webp,0.037641,1.0,0.0889666116130703
database3/database3/m.017_dr/14-FaceId-0_align.webp,0.005491,1.0,0.035506507876423
database3/database3/m.017_dr/47-FaceId-0_align.webp,0.191478,1.0,0.0342580899763219
database3/database3/m.017_dr/57-FaceId-0_align.webp,0.038308,1.0,0.0844097770904077
database3/database3/m.017_j4/45-FaceId-0_align.webp,0.032452,1.0,0.0608609177439976
database3/database3/m.017_j4/54-FaceId-0_align.webp,0.009302,1.0,0.0653612269093968
database3/database3/m.017_j4/93-FaceId-0_align.webp,0.05205,1.0,0.1126047382775276
database3/database3/m.017_l1/23-FaceId-0_align.webp,0.033635,1.0,0.0257510069796758
database3/database3/m.017_l1/5-FaceId-0_align.webp,0.0,1.0,0.0282613578929633
database3/database3/m.017_xx/84-FaceId-0_align.webp,0.180042,0.0,0.0277259014509409
database3/database3/m.017bd/83-FaceId-0_align.webp,0.002036,1.0,0.0543288294903802
database3/database3/m.017bd/85-FaceId-0_align.webp,0.002715,1.0,0.0707208935498997
database3/database3/m.017bk6/90-FaceId-2_align.webp,0.056904,0.0,0.0230565095223228
database3/database3/m.017bxq/72-FaceId-0_align.webp,0.032315,1.0,0.0304725944724706
database3/database3/m.017c87/108-FaceId-0_align.webp,0.012746,1.0,0.0588076436604791
database3/database3/m.017c87/7-FaceId-0_align.webp,0.008884,1.0,0.024116123133191
database3/database3/m.017cgg/62-FaceId-0_align.webp,0.009893,1.0,0.0769849110831686
database3/database3/m.017d3v/21-FaceId-0_align.webp,0.000486,1.0,0.0168307798785666
database3/database3/m.017dpj/104-FaceId-0_align.webp,0.159674,1.0,0.0764754436648782
database3/database3/m.017dpj/116-FaceId-0_align.webp,0.004563,1.0,0.0626436781609195
database3/database3/m.017dpj/14-FaceId-0_align.webp,0.012759,1.0,0.0554828833843584
database3/database3/m.017dpj/6-FaceId-0_align.webp,0.157516,1.0,0.0817105434358329
database3/database3/m.017dpj/81-FaceId-0_align.webp,0.117413,1.0,0.0844980632666236
database3/database3/m.017dpj/98-FaceId-0_align.webp,0.093515,1.0,0.0720051802287934
database3/database3/m.017f4y/21-FaceId-0_align.webp,0.009046,1.0,0.0266130454721839
database3/database3/m.017fgp/17-FaceId-0_align.webp,0.004873,1.0,0.0156805399325084
database3/database3/m.017fhk/5-FaceId-0_align.webp,0.05945,1.0,0.046412408759124
database3/database3/m.017fhk/70-FaceId-0_align.webp,0.025921,1.0,0.0250545300647849
database3/database3/m.017fhk/87-FaceId-0_align.webp,0.146412,1.0,0.046899506831595
database3/database3/m.017fj_/2-FaceId-0_align.webp,0.022486,1.0,0.0266023365390821
database3/database3/m.017fj_/97-FaceId-0_align.webp,0.013264,1.0,0.058386401489174
database3/database3/m.017fks/21-FaceId-0_align.webp,0.013755,1.0,0.0268538516918646
database3/database3/m.017fks/34-FaceId-0_align.webp,0.010024,1.0,0.1044483344488492
database3/database3/m.017fl5/7-FaceId-0_align.webp,0.088967,1.0,0.0297845615103532
database3/database3/m.017fl5/89-FaceId-0_align.webp,0.156395,1.0,0.0452681752973298
database3/database3/m.017fl_/0-FaceId-0_align.webp,0.016489,1.0,0.0864405186994925
database3/database3/m.017fp0/26-FaceId-0_align.webp,0.014762,1.0,0.0278616561356833
database3/database3/m.017fp0/70-FaceId-0_align.webp,0.102621,1.0,0.0330830910775324
database3/database3/m.017fp0/85-FaceId-0_align.webp,0.016216,1.0,0.0321493340003751
database3/database3/m.017fp0/92-FaceId-0_align.webp,0.03683,1.0,0.0514023119196512
database3/database3/m.017frf/2-FaceId-0_align.webp,0.239226,1.0,0.0337944106141871
database3/database3/m.017frf/48-FaceId-0_align.webp,0.242631,1.0,0.0359119521754621
database3/database3/m.017ft0/4-FaceId-0_align.webp,0.025186,0.0,0.0248113268399664
database3/database3/m.017fxp/62-FaceId-0_align.webp,0.006207,1.0,0.0573649036862317
database3/database3/m.017fzy/33-FaceId-0_align.webp,0.135665,1.0,0.0255277560594213
database3/database3/m.017fzy/38-FaceId-0_align.webp,0.020138,1.0,0.0323298023911292
database3/database3/m.017fzy/44-FaceId-0_align.webp,0.119262,1.0,0.0327815890236119
database3/database3/m.017fzy/7-FaceId-0_align.webp,0.042513,1.0,0.0281369663596949
database3/database3/m.017fzy/84-FaceId-0_align.webp,0.1089,1.0,0.0335008566533409
database3/database3/m.017fzy/88-FaceId-0_align.webp,0.093437,1.0,0.0266331503300227
database3/database3/m.017g21/51-FaceId-0_align.webp,0.121234,1.0,0.0341457876012413
database3/database3/m.017g2y/13-FaceId-0_align.webp,0.026164,1.0,0.0277500601106034
database3/database3/m.017gd_/53-FaceId-0_align.webp,0.006889,1.0,0.0748805337661166
database3/database3/m.017gd_/59-FaceId-0_align.webp,0.012556,1.0,0.0547609724842487
database3/database3/m.017gxw/53-FaceId-0_align.webp,0.064935,0.0,0.0276630713918849
database3/database3/m.017h4c/0-FaceId-0_align.webp,0.049628,1.0,0.062112650046168
database3/database3/m.017h_2/23-FaceId-0_align.webp,0.06887,1.0,0.074947013279121
database3/database3/m.017hgl/21-FaceId-0_align.webp,0.089799,1.0,0.0312972292191435
database3/database3/m.017hgl/42-FaceId-0_align.webp,0.004642,1.0,0.0337683910773611
database3/database3/m.017hjk/57-FaceId-0_align.webp,0.009431,1.0,0.038734246910559
database3/database3/m.017hm9/3-FaceId-0_align.webp,0.001744,1.0,0.1084281390251538
database3/database3/m.017hm9/36-FaceId-0_align.webp,0.002432,1.0,0.0285418626528691
database3/database3/m.017hw4/23-FaceId-0_align.webp,0.000412,1.0,0.0307571817925503
database3/database3/m.017hwl/3-FaceId-0_align.webp,0.014017,1.0,0.0740073912631478
database3/database3/m.017j1w/26-FaceId-0_align.webp,0.021211,1.0,0.0236224399976527
database3/database3/m.017j1w/35-FaceId-0_align.webp,0.039099,1.0,0.026690565422845
database3/database3/m.017j1w/8-FaceId-0_align.webp,0.052854,1.0,0.0233547490883833
database3/database3/m.017j2b/85-FaceId-0_align.webp,0.008707,1.0,0.0508431765842061
database3/database3/m.017jwg/17-FaceId-0_align.webp,0.002376,1.0,0.0381503097139174
database3/database3/m.017jwg/53-FaceId-0_align.webp,0.066995,0.0,0.0301246126458758
database3/database3/m.017jwg/82-FaceId-0_align.webp,0.035246,1.0,0.0323861352462817
database3/database3/m.017kb5/32-FaceId-0_align.webp,0.006182,1.0,0.0298472021474292
database3/database3/m.017kgm/108-FaceId-1_align.webp,0.015319,1.0,0.0196396575751542
database3/database3/m.017kgm/94-FaceId-0_align.webp,0.003416,1.0,0.0237978163745472
database3/database3/m.017kq/37-FaceId-0_align.webp,0.040762,1.0,0.0631406523005241
database3/database3/m.017kq/48-FaceId-0_align.webp,0.009092,1.0,0.0610622352557836
database3/database3/m.017l4/11-FaceId-0_align.webp,0.001488,1.0,0.0234763636363635
database3/database3/m.017l4/73-FaceId-0_align.webp,0.09873,1.0,0.0292228961334343
database3/database3/m.017l4/80-FaceId-0_align.webp,0.025497,1.0,0.0468064823641562
database3/database3/m.017l7y/97-FaceId-0_align.webp,0.002424,1.0,0.0230660104226982
database3/database3/m.017lcg/63-FaceId-0_align.webp,0.136168,1.0,0.0303350900652874
database3/database3/m.017m2y/105-FaceId-0_align.webp,0.084072,0.0,0.0263511364038033
database3/database3/m.017m2y/30-FaceId-0_align.webp,0.20052,0.0,0.0347035199622017
database3/database3/m.017mrb/26-FaceId-0_align.webp,0.125876,1.0,0.026578947368421
database3/database3/m.017q3j/27-FaceId-0_align.webp,0.040475,1.0,0.0329731227486838
database3/database3/m.017q3j/87-FaceId-1_align.webp,0.137407,1.0,0.0537296400041497
database3/database3/m.017qkp/105-FaceId-0_align.webp,0.016276,1.0,0.0271528252838965
database3/database3/m.017qkp/8-FaceId-0_align.webp,0.006413,1.0,0.0271726925668088
database3/database3/m.017r13/15-FaceId-0_align.webp,0.004576,1.0,0.0281771651253416
database3/database3/m.017r13/32-FaceId-0_align.webp,0.001926,1.0,0.0269005529376514
database3/database3/m.017r13/71-FaceId-0_align.webp,0.149849,1.0,0.0401030927835051
database3/database3/m.017r5g/69-FaceId-0_align.webp,0.246362,0.0,0.0334835308430585
database3/database3/m.017rh4/92-FaceId-0_align.webp,0.059749,1.0,0.0321897734717098
database3/database3/m.017rjs/94-FaceId-0_align.webp,0.227853,1.0,0.0309039087947882
database3/database3/m.017tk3/113-FaceId-0_align.webp,0.041074,1.0,0.0351681634090508
database3/database3/m.017tk3/5-FaceId-0_align.webp,0.023981,1.0,0.0338223684210525
database3/database3/m.017tk3/61-FaceId-0_align.webp,0.058875,1.0,0.038509098573737
database3/database3/m.017tk3/83-FaceId-0_align.webp,0.016266,1.0,0.030462499186886
database3/database3/m.017tkv/15-FaceId-0_align.webp,0.09519,0.0,0.0235045411838396
database3/database3/m.017tkv/5-FaceId-0_align.webp,0.108291,0.0,0.0267427385892115
database3/database3/m.017tlt/70-FaceId-0_align.webp,0.079127,1.0,0.0184942569992821
database3/database3/m.017tn4/17-FaceId-0_align.webp,0.026983,1.0,0.0629540052541595
database3/database3/m.017tn4/54-FaceId-2_align.webp,0.042656,1.0,0.0530983410171706
database3/database3/m.017tnz/116-FaceId-0_align.webp,0.135035,1.0,0.0407442672379592
database3/database3/m.017vfn/43-FaceId-0_align.webp,0.036126,1.0,0.0291007249730062
database3/database3/m.017vkk/88-FaceId-0_align.webp,0.022172,0.0,0.0259148305630717
database3/database3/m.017vkx/34-FaceId-1_align.webp,0.050784,1.0,0.0731856780180337
database3/database3/m.017wbg/77-FaceId-0_align.webp,0.079706,1.0,0.026781379628207
database3/database3/m.017x_s/36-FaceId-0_align.webp,0.021378,1.0,0.0960452497010944
database3/database3/m.017xm3/52-FaceId-0_align.webp,0.225925,0.0,0.0294560185185185
database3/database3/m.017yfz/93-FaceId-0_align.webp,0.237267,1.0,0.0
database3/database3/m.017yvm/5-FaceId-0_align.webp,0.011632,1.0,0.0319092265075644
database3/database3/m.017yvm/93-FaceId-0_align.webp,0.007487,1.0,0.0548388904455028
database3/database3/m.017yzt/119-FaceId-0_align.webp,0.299381,0.0,0.0393973118739833
database3/database3/m.017yzt/55-FaceId-0_align.webp,0.055778,0.0,0.0241359701775446
database3/database3/m.017yzt/61-FaceId-0_align.webp,0.0,0.0,0.0243909744408945
database3/database3/m.017z_/91-FaceId-0_align.webp,0.06531,1.0,0.0671360168803765
database3/database3/m.017zng/39-FaceId-0_align.webp,0.114304,1.0,0.0338160777869076
database3/database3/m.017zng/73-FaceId-0_align.webp,0.087005,1.0,0.0418929024287153
database3/database3/m.017zng/97-FaceId-0_align.webp,0.096418,1.0,0.0305272924076077
database3/database3/m.01804k/55-FaceId-0_align.webp,0.104401,0.0,0.0262780059434371
database3/database3/m.01807/65-FaceId-0_align.webp,0.087681,1.0,0.0738058329427881
database3/database3/m.01807/73-FaceId-0_align.webp,0.147607,1.0,0.0824663657478416
database3/database3/m.018144/31-FaceId-0_align.webp,0.317719,1.0,0.0296459267179339
database3/database3/m.018144/55-FaceId-0_align.webp,0.076827,1.0,0.0304742970746946
database3/database3/m.01815s/106-FaceId-0_align.webp,0.234236,0.0,0.0286620457886997
database3/database3/m.01815s/50-FaceId-0_align.webp,0.243106,0.0,0.02865313250382
database3/database3/m.01815s/64-FaceId-0_align.webp,0.173641,0.0,0.0259312130668613
database3/database3/m.0181gp/6-FaceId-0_align.webp,0.043543,1.0,0.0294020105710436
database3/database3/m.0181j_/107-FaceId-0_align.webp,0.027129,0.0,0.028116460944125
database3/database3/m.0181kg/14-FaceId-0_align.webp,0.119867,1.0,0.0708339514047527
database3/database3/m.0181lj/18-FaceId-0_align.webp,0.190172,1.0,0.0186749862360065
database3/database3/m.0181p_/19-FaceId-0_align.webp,0.041166,1.0,0.0607667948427956
database3/database3/m.0181p_/99-FaceId-0_align.webp,0.035046,1.0,0.0275282745923197
database3/database3/m.0181ph/4-FaceId-0_align.webp,0.019163,1.0,0.0462165613437673
database3/database3/m.0181ph/8-FaceId-0_align.webp,0.037384,1.0,0.0
database3/database3/m.0181x9/43-FaceId-0_align.webp,0.029481,1.0,0.0292102243753186
database3/database3/m.0181xq/13-FaceId-0_align.webp,0.002527,0.0,0.0440578924964203
database3/database3/m.0182hg/59-FaceId-0_align.webp,0.003662,1.0,0.0257895955286569
database3/database3/m.0182q2/111-FaceId-0_align.webp,0.014398,1.0,0.0299999999999999
database3/database3/m.0182q2/47-FaceId-0_align.webp,0.020684,1.0,0.0286804798255179
database3/database3/m.0182q2/58-FaceId-0_align.webp,0.034155,1.0,0.0242792582203521
database3/database3/m.0182vk/101-FaceId-0_align.webp,0.185784,1.0,0.0745906064423249
database3/database3/m.0182vk/97-FaceId-0_align.webp,0.113244,1.0,0.0299341972467805
database3/database3/m.01830j/15-FaceId-0_align.webp,0.208446,0.0,0.0386877289813007
database3/database3/m.01833g/76-FaceId-0_align.webp,0.008544,1.0,0.0321191740783808
database3/database3/m.018348/1-FaceId-0_align.webp,0.029671,1.0,0.063145922455354
database3/database3/m.0183f9/72-FaceId-0_align.webp,0.028848,1.0,0.0575259031083729
database3/database3/m.018417/7-FaceId-0_align.webp,0.270045,0.0,0.0316862957447768
database3/database3/m.018493/45-FaceId-0_align.webp,0.059135,0.0,0.0316534321510499
database3/database3/m.0184cd/37-FaceId-0_align.webp,0.012663,0.0,0.0302795497812364
database3/database3/m.0184cd/69-FaceId-0_align.webp,0.041234,0.0,0.028201549305604
database3/database3/m.0184jc/9-FaceId-0_align.webp,0.061679,1.0,0.0407651851087964
database3/database3/m.0184xq/86-FaceId-0_align.webp,0.010468,1.0,0.0409579955784819
database3/database3/m.0185gs/107-FaceId-0_align.webp,0.133885,1.0,0.0325249702001726
database3/database3/m.0187y5/50-FaceId-0_align.webp,0.011259,1.0,0.1334241233092946
database3/database3/m.0187y5/55-FaceId-0_align.webp,0.018906,1.0,0.0319181526545475
database3/database3/m.0188n0/16-FaceId-0_align.webp,0.119925,1.0,0.0324478178368121
database3/database3/m.0188n0/81-FaceId-0_align.webp,0.437819,1.0,0.0353888535706717
database3/database3/m.0188n0/93-FaceId-0_align.webp,0.241643,1.0,0.0373231357552581
database3/database3/m.0188nj/68-FaceId-0_align.webp,0.036499,1.0,0.023490014243719
database3/database3/m.018_3q/101-FaceId-0_align.webp,0.001235,1.0,0.044909664468024
database3/database3/m.018_3q/89-FaceId-0_align.webp,0.024563,1.0,0.0233932135728542
database3/database3/m.018_lb/81-FaceId-0_align.webp,0.104704,0.0,0.0209362600793548
database3/database3/m.018c42/45-FaceId-1_align.webp,0.268912,1.0,0.0393243898496847
database3/database3/m.018c42/5-FaceId-0_align.webp,0.033426,1.0,0.0287751731147957
database3/database3/m.018cx_/16-FaceId-0_align.webp,0.128439,0.0,0.030297330536063
database3/database3/m.018dnt/83-FaceId-0_align.webp,0.012334,1.0,0.0283035136882948
database3/database3/m.018dpq/74-FaceId-0_align.webp,0.08469,1.0,0.0374759187234196
database3/database3/m.018dpq/9-FaceId-0_align.webp,0.06436,1.0,0.036234353010888
database3/database3/m.018dq3/21-FaceId-0_align.webp,0.264271,0.0,0.0306694785964282
database3/database3/m.018dq3/43-FaceId-0_align.webp,0.005771,0.0,0.0263584054026117
database3/database3/m.018dqg/14-FaceId-0_align.webp,0.002005,1.0,0.0234429693166408
database3/database3/m.018dyl/57-FaceId-0_align.webp,0.066796,1.0,0.0202170753579269
database3/database3/m.018f07/77-FaceId-0_align.webp,0.067893,1.0,0.0401350848927995
database3/database3/m.018f07/88-FaceId-0_align.webp,0.019681,1.0,0.0273740356224401
database3/database3/m.018f_y/78-FaceId-0_align.webp,0.005574,1.0,0.1159551949197389
database3/database3/m.018fkc/18-FaceId-0_align.webp,0.048624,0.0,0.0360427656034269
database3/database3/m.018fkc/51-FaceId-0_align.webp,0.004824,1.0,0.0322498931819568
database3/database3/m.018fmr/107-FaceId-0_align.webp,0.087037,0.0,0.0298700835177385
database3/database3/m.018fmr/38-FaceId-0_align.webp,0.082888,0.0,0.0548353408062382
database3/database3/m.018fmr/39-FaceId-0_align.webp,0.154489,0.0,0.0282410571884255
database3/database3/m.018fmr/77-FaceId-0_align.webp,0.094029,0.0,0.0282552952334117
database3/database3/m.018fmr/96-FaceId-0_align.webp,0.118151,0.0,0.0348918909130418
database3/database3/m.018fvy/74-FaceId-0_align.webp,0.006913,1.0,0.0276665327901772
database3/database3/m.018fwb/106-FaceId-0_align.webp,0.105164,0.0,0.0339362243044962
database3/database3/m.018fyy/5-FaceId-0_align.webp,0.161114,0.0,0.025962583886327
database3/database3/m.018fzs/56-FaceId-0_align.webp,0.057952,1.0,0.0637734676974046
database3/database3/m.018fzs/60-FaceId-0_align.webp,0.058021,1.0,0.0253317643982479
database3/database3/m.018fzs/89-FaceId-0_align.webp,0.00707,1.0,0.0245499021526418
database3/database3/m.018g4z/59-FaceId-0_align.webp,0.266921,0.0,0.0716536189424138
database3/database3/m.018gcf/20-FaceId-0_align.webp,0.017916,1.0,0.0259538881468145
database3/database3/m.018gcf/28-FaceId-0_align.webp,0.0,1.0,0.0332117098005939
database3/database3/m.018gjx/0-FaceId-0_align.webp,0.03658,1.0,0.0287343144848953
database3/database3/m.018gjx/88-FaceId-1_align.webp,0.040357,1.0,0.0299153596456632
database3/database3/m.018gkb/31-FaceId-0_align.webp,0.133832,1.0,0.0802626431964235
database3/database3/m.018gkb/69-FaceId-0_align.webp,0.119964,1.0,0.0363838771593089
database3/database3/m.018gl5/55-FaceId-0_align.webp,0.0,1.0,0.0279358388947429
database3/database3/m.018gn4/7-FaceId-0_align.webp,0.045659,1.0,0.0318366440312241
database3/database3/m.018gn4/95-FaceId-0_align.webp,0.084694,1.0,0.0430099338894465
database3/database3/m.018gqj/17-FaceId-0_align.webp,0.18042,1.0,0.0315456115818046
database3/database3/m.018gqj/45-FaceId-0_align.webp,0.048033,1.0,0.0301607053971414
database3/database3/m.018gqj/51-FaceId-0_align.webp,0.113401,1.0,0.0319556241398006
database3/database3/m.018gqj/9-FaceId-0_align.webp,0.182644,1.0,0.0370449066317982
database3/database3/m.018gsl/54-FaceId-0_align.webp,0.015144,1.0,0.0919850079284993
database3/database3/m.018gw3/19-FaceId-0_align.webp,0.042889,1.0,0.0692342546443134
database3/database3/m.018h84/20-FaceId-0_align.webp,0.006714,1.0,0.0317541851038152
database3/database3/m.018h84/4-FaceId-0_align.webp,0.077047,1.0,0.0242046517845207
database3/database3/m.018hhw/26-FaceId-0_align.webp,0.058762,0.0,0.0287760509919071
database3/database3/m.018hwl/22-FaceId-0_align.webp,0.105538,1.0,0.0363670171405388
database3/database3/m.018j3w/52-FaceId-0_align.webp,0.03127,1.0,0.0209564628919467
database3/database3/m.018j4c/21-FaceId-0_align.webp,0.159984,1.0,0.0365096710741994
database3/database3/m.018j4c/60-FaceId-0_align.webp,0.116911,1.0,0.0412300422969934
database3/database3/m.018j4c/72-FaceId-0_align.webp,0.050298,1.0,0.0291866192365576
database3/database3/m.018j5m/87-FaceId-0_align.webp,0.119486,0.0,0.0345210068815646
database3/database3/m.018jnn/6-FaceId-0_align.webp,0.046059,1.0,0.0243867286310958
database3/database3/m.018jnn/60-FaceId-0_align.webp,0.021036,1.0,0.0266942814405706
database3/database3/m.018jz8/4-FaceId-0_align.webp,0.129694,1.0,0.0292582466356566
database3/database3/m.018kd0/56-FaceId-0_align.webp,0.078738,1.0,0.0426294204132167
database3/database3/m.018kjc/45-FaceId-0_align.webp,0.336481,1.0,0.0433722753249379
database3/database3/m.018kjc/74-FaceId-0_align.webp,0.359873,1.0,0.0405995343422583
database3/database3/m.018lb1/1-FaceId-0_align.webp,0.066363,0.0,0.0257971807855481
database3/database3/m.018lb1/113-FaceId-0_align.webp,0.174767,0.0,0.0300574501894633
database3/database3/m.018lb1/45-FaceId-0_align.webp,0.011283,0.0,0.0262355861375561
database3/database3/m.018lb1/60-FaceId-0_align.webp,0.101898,0.0,0.0252237731060735
database3/database3/m.018lb1/67-FaceId-0_align.webp,0.058712,0.0,0.0219005027094078
database3/database3/m.018lp7/31-FaceId-0_align.webp,0.068826,0.0,0.0300522823245525
database3/database3/m.018lp7/5-FaceId-0_align.webp,0.037973,0.0,0.0263425204848649
database3/database3/m.018lpm/41-FaceId-0_align.webp,0.03151,1.0,0.0590047943086916
database3/database3/m.018lx_/11-FaceId-0_align.webp,0.157239,1.0,0.0394514101078214
database3/database3/m.018lxn/67-FaceId-0_align.webp,0.041223,0.0,0.0240658436213991
database3/database3/m.018m5c/31-FaceId-0_align.webp,0.012538,1.0,0.0202251326565039
database3/database3/m.018m5c/6-FaceId-0_align.webp,0.013236,1.0,0.0237572590011614
database3/database3/m.018m5c/74-FaceId-0_align.webp,0.007729,1.0,0.0333619084217682
database3/database3/m.018mfl/68-FaceId-0_align.webp,0.01486,1.0,0.0502020007695266
database3/database3/m.018n52/37-FaceId-0_align.webp,0.024108,1.0,0.0241962992759452
database3/database3/m.018n7d/44-FaceId-0_align.webp,0.002157,1.0,0.0307310785440075
database3/database3/m.018n9d/58-FaceId-0_align.webp,0.182622,1.0,0.0355663271102358
database3/database3/m.018nqq/25-FaceId-0_align.webp,0.02666,1.0,0.0218753677768624
database3/database3/m.018nqq/56-FaceId-0_align.webp,0.002557,1.0,0.0280803791235843
database3/database3/m.018nwp/42-FaceId-0_align.webp,0.023176,1.0,0.0877767722473604
database3/database3/m.018p19/2-FaceId-0_align.webp,0.029409,1.0,0.0482820436211532
database3/database3/m.018pj3/21-FaceId-0_align.webp,0.206243,0.0,0.0201757294429708
database3/database3/m.018pkl/117-FaceId-0_align.webp,0.00271,1.0,0.0327579539462119
database3/database3/m.018ptf/125-FaceId-1_align.webp,0.193842,0.0,0.0467293932052509
database3/database3/m.018ptf/6-FaceId-0_align.webp,0.184452,1.0,0.025298046538351
database3/database3/m.018ptf/69-FaceId-0_align.webp,0.264398,1.0,0.0627192683093303
database3/database3/m.018ptf/87-FaceId-0_align.webp,0.284614,1.0,0.0334892824748173
database3/database3/m.018pyg/114-FaceId-0_align.webp,0.004286,0.0,0.0241980741024169
database3/database3/m.018pyg/50-FaceId-0_align.webp,0.094308,0.0,0.0212953844133674
database3/database3/m.018q7p/61-FaceId-0_align.webp,0.113962,1.0,0.0431956521739129
database3/database3/m.018qkz/35-FaceId-0_align.webp,0.11651,0.0,0.0295835327908089
database3/database3/m.018qkz/48-FaceId-0_align.webp,0.078768,0.0,0.0287601626016259
database3/database3/m.018qlp/1-FaceId-0_align.webp,0.057596,0.0,0.0337762855628202
database3/database3/m.018qlp/2-FaceId-0_align.webp,0.201501,0.0,0.0406367041198501
database3/database3/m.018qlp/67-FaceId-0_align.webp,0.023725,0.0,0.0237943294739721
database3/database3/m.018qlp/73-FaceId-0_align.webp,0.048836,0.0,0.0278046784423378
database3/database3/m.018qlp/81-FaceId-0_align.webp,0.220874,0.0,0.0304369070401888
database3/database3/m.018qlp/99-FaceId-0_align.webp,0.098556,0.0,0.0264974548497315
database3/database3/m.018qn8/16-FaceId-0_align.webp,0.180079,0.0,0.0289179972097349
database3/database3/m.018qn8/24-FaceId-0_align.webp,0.067297,0.0,0.029871191985279
database3/database3/m.018qn8/3-FaceId-0_align.webp,0.144663,0.0,0.0289243618765123
database3/database3/m.018qpb/20-FaceId-0_align.webp,0.030827,0.0,0.0204237288135592
database3/database3/m.018qpb/42-FaceId-0_align.webp,0.04676,0.0,0.0246837249120136
database3/database3/m.018qr9/59-FaceId-0_align.webp,0.041718,0.0,0.0246075198886838
database3/database3/m.018qwf/0-FaceId-0_align.webp,0.034965,1.0,0.0263242857679167
database3/database3/m.018qx5/48-FaceId-0_align.webp,0.145397,0.0,0.0835831692320057
database3/database3/m.018r3g/1-FaceId-0_align.webp,0.015575,1.0,0.082223522527794
database3/database3/m.018rsq/63-FaceId-0_align.webp,0.05182,1.0,0.0254620316821724
database3/database3/m.018rsq/82-FaceId-0_align.webp,0.021029,1.0,0.0381874783811829
database3/database3/m.018ry5/78-FaceId-0_align.webp,0.052713,1.0,0.0323548340961097
database3/database3/m.018s7v/75-FaceId-0_align.webp,0.055964,0.0,0.0318119613862484
database3/database3/m.018slq/19-FaceId-0_align.webp,0.164016,1.0,0.036675693199588
database3/database3/m.018swb/94-FaceId-0_align.webp,0.035612,1.0,0.0339418066478945
database3/database3/m.018t67/2-FaceId-0_align.webp,0.002151,1.0,0.0260072210441858
database3/database3/m.018t67/75-FaceId-0_align.webp,0.002161,1.0,0.0252861991600989
database3/database3/m.018t67/76-FaceId-0_align.webp,0.014984,1.0,0.0232984293193716
database3/database3/m.018tfd/63-FaceId-0_align.webp,0.039426,1.0,0.0221848188751191
database3/database3/m.018tvs/4-FaceId-0_align.webp,0.186437,1.0,0.0436821159107868
database3/database3/m.018v8c/66-FaceId-0_align.webp,0.031012,1.0,0.0223387214212901
database3/database3/m.018v_8/56-FaceId-0_align.webp,0.065146,1.0,0.0232139921754281
database3/database3/m.018vhw/41-FaceId-2_align.webp,0.017996,1.0,0.0
database3/database3/m.018vhw/84-FaceId-1_align.webp,0.010037,1.0,0.0306967746027718
database3/database3/m.018vhw/94-FaceId-0_align.webp,0.022504,1.0,0.0264032697547683
database3/database3/m.018w6s/30-FaceId-0_align.webp,0.009687,1.0,0.0870655026511702
database3/database3/m.018wh0/34-FaceId-0_align.webp,0.038341,1.0,0.0236460946646596
database3/database3/m.018wqb/36-FaceId-1_align.webp,0.061601,1.0,0.0390123011760464
database3/database3/m.018x3/82-FaceId-0_align.webp,0.000249,1.0,0.0269388761091027
database3/database3/m.018x3/89-FaceId-0_align.webp,0.006661,1.0,0.0464735638109353
database3/database3/m.018xrz/49-FaceId-0_align.webp,0.084464,1.0,0.0357211857755237
database3/database3/m.018y0w/54-FaceId-0_align.webp,0.014612,1.0,0.0262023855328972
database3/database3/m.018y2s/21-FaceId-0_align.webp,0.010478,1.0,0.0309688888888888
database3/database3/m.018y4x/104-FaceId-0_align.webp,0.014664,1.0,0.0264652960089672
database3/database3/m.018y4x/94-FaceId-0_align.webp,0.083805,1.0,0.0208168763969259
database3/database3/m.018ycp/32-FaceId-0_align.webp,0.169605,1.0,0.034096316350808
database3/database3/m.018ycp/64-FaceId-0_align.webp,0.011204,1.0,0.0252619725358941
