filename,target,gender,pred
database1/img00000154.webp,0.036749,1.0,0.026819571872357
database1/img00000271.webp,0.229724,1.0,0.0391428041728527
database1/img00000323.webp,0.120628,0.0,0.0247575972387896
database1/img00000364.webp,0.00341,1.0,0.0241968724764214
database1/img00000371.webp,0.000249,1.0,0.0304608233561529
database1/img00000438.webp,0.102267,0.0,0.0270253039088691
database1/img00000448.webp,0.032257,0.0,0.0302293570046687
database1/img00000477.webp,0.158779,0.0,0.0186879927349351
database1/img00000491.webp,0.333523,0.0,0.0310816950618163
database1/img00000679.webp,0.022454,0.0,0.0266181057244432
database1/img00000766.webp,0.241328,0.0,0.0319194447012644
database1/img00000781.webp,0.01402,1.0,0.0267155854621717
database1/img00000793.webp,0.308688,0.0,0.0403923775284435
database1/img00000806.webp,0.083687,1.0,0.0285389899214258
database1/img00000857.webp,0.167176,0.0,0.0274834773337122
database1/img00000882.webp,0.118298,0.0,0.0270517245857587
database1/img00000903.webp,0.006576,1.0,0.0347275258617475
database1/img00000929.webp,0.021546,1.0,0.0334051729377044
database1/img00000941.webp,0.232414,0.0,0.0306649808617789
database1/img00001032.webp,0.044127,1.0,0.0363788098917492
database1/img00001145.webp,0.022379,1.0,0.0245024452958093
database1/img00001291.webp,0.022322,0.0,0.0257605931617115
database1/img00001371.webp,0.148865,0.0,0.0293989488927388
database1/img00001491.webp,0.264813,0.0,0.0391094980254028
database1/img00001551.webp,0.054068,1.0,0.028749559996637
database1/img00001573.webp,0.095382,0.0,0.0215548831531389
database1/img00001650.webp,0.088325,0.0,0.0205995449378147
database1/img00001652.webp,0.074782,1.0,0.0297877284984729
database1/img00001674.webp,0.188753,0.0,0.0393047798466165
database1/img00001701.webp,0.002942,1.0,0.030015094021019
database1/img00001779.webp,0.009358,1.0,0.068110151766961
database1/img00001812.webp,0.017934,0.0,0.020447796583135
database1/img00001859.webp,0.006232,1.0,0.0339320463096882
database1/img00001872.webp,0.094988,0.0,0.0266334496276525
database1/img00001883.webp,0.015755,0.0,0.0277658313193559
database1/img00001978.webp,0.02291,1.0,0.032993018712875
database1/img00002013.webp,0.068771,1.0,0.0270668101688274
database1/img00002073.webp,0.265663,0.0,0.0316733255629943
database1/img00002136.webp,0.083835,0.0,0.0268722747343135
database1/img00002187.webp,0.062593,1.0,0.0331606509974623
database1/img00002221.webp,0.024328,1.0,0.0305081424402903
database1/img00002227.webp,0.172367,0.0,0.0338984333244475
database1/img00002414.webp,0.290565,0.0,0.0571752479868088
database1/img00002415.webp,0.370759,0.0,0.0375972900573484
database1/img00002527.webp,0.008082,0.0,0.0278143468584932
database1/img00002649.webp,0.108227,0.0,0.0255385776552337
database1/img00002695.webp,0.191496,0.0,0.0263513282267877
database1/img00002698.webp,0.019352,0.0,0.0267593390642227
database1/img00002713.webp,0.025594,1.0,0.0410674082851774
database1/img00002737.webp,0.01324,1.0,0.0290690180593503
database1/img00002813.webp,0.015997,0.0,0.0213999209454582
database1/img00002915.webp,0.059948,0.0,0.0244673879959341
database1/img00002916.webp,0.061003,0.0,0.0258940737740956
database1/img00003052.webp,0.34648,0.0,0.0320308658212112
database1/img00003146.webp,0.130163,0.0,0.0197079008566971
database1/img00003162.webp,0.193332,0.0,0.0346688957974999
database1/img00003199.webp,0.314562,0.0,0.03047669922705
database1/img00003273.webp,0.126445,0.0,0.0348018967117149
database1/img00003300.webp,0.007141,1.0,0.0334104041971638
database1/img00003360.webp,0.008946,1.0,0.027966926941489
database1/img00003390.webp,0.054933,0.0,0.0327395843737576
database1/img00003437.webp,0.01322,1.0,0.0244067075759592
database1/img00003452.webp,0.040754,0.0,0.0238615786447909
database1/img00003584.webp,0.23463,0.0,0.0323170840465793
database1/img00003713.webp,0.000555,1.0,0.0231109899802802
database1/img00003746.webp,0.099051,1.0,0.0313793767306195
database1/img00003877.webp,0.01258,0.0,0.0309164148986921
database1/img00003884.webp,0.091278,0.0,0.0229054244233095
database1/img00003887.webp,0.010493,1.0,0.0544608024717452
database1/img00003978.webp,0.178955,0.0,0.0163958279163965
database1/img00004026.webp,0.365443,0.0,0.034658649718153
database1/img00004041.webp,0.094007,0.0,0.0227682720545785
database1/img00004164.webp,0.026259,1.0,0.0258202611150499
database1/img00004216.webp,0.034337,0.0,0.0250089576852105
database1/img00004261.webp,0.165876,0.0,0.0322681015309556
database1/img00004273.webp,0.156777,0.0,0.0252500374110952
database1/img00004308.webp,0.126358,0.0,0.0262910247782338
database1/img00004416.webp,0.13739,1.0,0.0353528582613071
database1/img00004426.webp,0.364242,1.0,0.0492658979956066
database1/img00004540.webp,0.140347,0.0,0.0217700767157177
database1/img00004621.webp,0.130906,0.0,0.0279385421138494
database1/img00004701.webp,0.060368,0.0,0.0192660307272389
database1/img00004841.webp,0.021785,1.0,0.0268088822402455
database1/img00004851.webp,0.058337,1.0,0.0278973430993056
database1/img00004895.webp,0.001337,1.0,0.0269785262473732
database1/img00005027.webp,0.095752,1.0,0.0350997628204311
database1/img00005030.webp,0.114344,0.0,0.0283237004300477
database1/img00005095.webp,0.018419,0.0,0.0293370190417081
database1/img00005116.webp,0.107525,0.0,0.031268284040562
database1/img00005179.webp,0.058586,1.0,0.0308336947070399
database1/img00005208.webp,0.021009,1.0,0.0676071982273509
database1/img00005271.webp,0.408256,0.0,0.0388822817744739
database1/img00005293.webp,0.043233,0.0,0.0263198887841109
database1/img00005339.webp,0.173984,0.0,0.0202944191933094
database1/img00005347.webp,0.002911,0.0,0.0202562326869805
database1/img00005361.webp,0.189098,0.0,0.0272348274991397
database1/img00005501.webp,0.145725,0.0,0.0247474515069663
database1/img00005507.webp,0.232343,0.0,0.0485467274453217
database1/img00005509.webp,0.003247,1.0,0.0625084852782083
database1/img00005522.webp,0.185571,0.0,0.0250597881585108
database1/img00005579.webp,0.037795,1.0,0.031685152643048
database1/img00005689.webp,0.281579,0.0,0.0272866115552048
database1/img00005696.webp,0.366924,0.0,0.04689827168112
database1/img00005723.webp,0.013358,0.0,0.0347820263762543
database1/img00005726.webp,0.041346,1.0,0.0314065502098814
database1/img00005753.webp,0.009879,0.0,0.0292096452188653
database1/img00005766.webp,0.177714,0.0,0.0280478085615779
database1/img00005768.webp,0.024309,1.0,0.035967667680543
database1/img00005822.webp,0.022373,0.0,0.0206183314248941
database1/img00005851.webp,0.375359,0.0,0.0321634247633192
database1/img00005896.webp,0.063671,0.0,0.0344459324928269
database1/img00005910.webp,0.374925,0.0,0.0296298636687669
database1/img00006003.webp,0.020291,1.0,0.0323171099317531
database1/img00006021.webp,0.018409,1.0,0.0697879597989369
database1/img00006047.webp,0.105454,0.0,0.0251249590183147
database1/img00006101.webp,0.326093,0.0,0.0341053423661815
database1/img00006168.webp,0.00248,1.0,0.0212080662073403
database1/img00006196.webp,0.0412,1.0,0.0280835128500091
database1/img00006204.webp,0.331116,1.0,0.0332796594996663
database1/img00006269.webp,0.011789,1.0,0.0304186063502281
database1/img00006334.webp,0.003849,1.0,0.0229360186518362
database1/img00006414.webp,0.208227,0.0,0.0288588603532253
database1/img00006420.webp,0.026323,1.0,0.0322454816260464
database1/img00006436.webp,0.008945,1.0,0.0375114243786585
database1/img00006571.webp,0.06176,0.0,0.0230547559383145
database1/img00006576.webp,0.028441,1.0,0.0450321162554342
database1/img00006629.webp,0.000814,1.0,0.0199125057356536
database1/img00006690.webp,0.119839,0.0,0.0250091822630698
database1/img00006694.webp,0.019638,1.0,0.0260532319554528
database1/img00006722.webp,0.383369,0.0,0.0408030284057894
database1/img00006757.webp,0.169654,1.0,0.0453603824485485
database1/img00007032.webp,0.079705,0.0,0.0285112783785482
database1/img00007152.webp,0.296672,0.0,0.0362116008580256
database1/img00007289.webp,0.004896,1.0,0.0337185846351451
database1/img00007329.webp,0.096683,0.0,0.0282277375569713
database1/img00007335.webp,0.012784,1.0,0.0334069551704341
database1/img00007354.webp,0.047242,0.0,0.0231262920696796
database1/img00007383.webp,0.020362,1.0,0.0214155380019442
database1/img00007416.webp,0.105824,1.0,0.0332183904782735
database1/img00007435.webp,0.275659,0.0,0.0471272680469372
database1/img00007452.webp,0.091268,0.0,0.0243431361476588
database1/img00007454.webp,0.052407,1.0,0.036320248812029
database1/img00007468.webp,0.289625,0.0,0.0450599240862923
database1/img00007470.webp,0.024029,1.0,0.0833292903889155
database1/img00007537.webp,0.023879,0.0,0.0271674994554938
database1/img00007538.webp,0.239526,0.0,0.0292776613503816
database1/img00007592.webp,0.092299,0.0,0.0263508315520721
database1/img00007663.webp,0.000453,1.0,0.0246387089219306
database1/img00007675.webp,0.145663,0.0,0.0238899497515373
database1/img00007764.webp,0.212475,0.0,0.0278411811529075
database1/img00007790.webp,0.273678,0.0,0.0359790346619311
database1/img00007837.webp,0.07434,0.0,0.0243791659890551
database1/img00007851.webp,0.187909,0.0,0.0286844339313662
database1/img00007897.webp,0.021438,1.0,0.0292033088446823
database1/img00007955.webp,0.100119,0.0,0.0254555446935136
database1/img00007965.webp,0.126287,0.0,0.0198553519160328
database1/img00008054.webp,0.125876,0.0,0.0211585923411028
database1/img00008062.webp,0.192134,0.0,0.0373792091557221
database1/img00008079.webp,0.010384,1.0,0.0289619023296263
database1/img00008191.webp,0.127108,1.0,0.0369154297995616
database1/img00008233.webp,0.03355,1.0,0.0355725596512753
database1/img00008333.webp,0.123145,0.0,0.0251673539368365
database1/img00008350.webp,0.003002,0.0,0.0227731536206158
database1/img00008419.webp,0.136366,0.0,0.0295157131178394
database1/img00008444.webp,0.19563,0.0,0.0271558569973568
database1/img00008485.webp,0.153649,0.0,0.0209930265646384
database1/img00008500.webp,0.243166,1.0,0.0340445741138625
database1/img00008540.webp,0.020411,1.0,0.0300452466078816
database1/img00008619.webp,0.172849,1.0,0.0286653876351002
database1/img00008684.webp,0.116788,1.0,0.0600111959935169
database1/img00008694.webp,0.257404,1.0,0.0395216769762694
database1/img00008702.webp,0.150713,0.0,0.0261104201146823
database1/img00008778.webp,0.047436,1.0,0.0329452615822209
database1/img00008864.webp,0.142253,1.0,0.0282032837754464
database1/img00008929.webp,0.025151,1.0,0.0235163373984623
database1/img00009119.webp,0.134423,0.0,0.0261680876968659
database1/img00009131.webp,0.11769,0.0,0.0238757879434435
database1/img00009180.webp,0.22272,0.0,0.0345306010501439
database1/img00009210.webp,0.133618,1.0,0.0288392827126073
database1/img00009215.webp,0.015083,1.0,0.0711090970831448
database1/img00009309.webp,0.232271,0.0,0.0449367779197626
database1/img00009310.webp,0.032707,1.0,0.0362048318661012
database1/img00009395.webp,0.188981,0.0,0.0224029742491123
database1/img00009397.webp,0.022474,0.0,0.0227887731368561
database1/img00009399.webp,0.009987,1.0,0.0258286070161794
database1/img00009423.webp,0.205953,0.0,0.0277163147838515
database1/img00009521.webp,0.096612,0.0,0.0224844054917595
database1/img00009606.webp,0.062144,1.0,0.0276221644678866
database1/img00009643.webp,0.076471,0.0,0.0253965431291664
database1/img00009666.webp,0.249637,0.0,0.0276036516758716
database1/img00009740.webp,0.056754,0.0,0.0269728201661124
database1/img00009804.webp,0.00402,1.0,0.0521251862386563
database1/img00009898.webp,0.123271,0.0,0.025071642966239
database1/img00009952.webp,0.220282,0.0,0.0320404356329051
database1/img00009963.webp,0.081114,1.0,0.0308870276241853
database1/img00010009.webp,0.161796,0.0,0.0240322039960921
database1/img00010196.webp,0.131846,0.0,0.0244841149779901
database1/img00010250.webp,0.119697,0.0,0.0368826209739512
database1/img00010353.webp,0.145055,0.0,0.026969652841124
database1/img00010363.webp,0.133258,0.0,0.0252627262701526
database1/img00010383.webp,0.010398,1.0,0.0196453735314415
database1/img00010445.webp,0.356323,0.0,0.0286711461830639
database1/img00010509.webp,0.056891,1.0,0.0389166026846182
database1/img00010530.webp,0.091729,0.0,0.0273638495134415
database1/img00010535.webp,0.304853,0.0,0.0389278872589304
database1/img00010537.webp,0.013696,0.0,0.0314761318266351
database1/img00010580.webp,0.154987,1.0,0.025989233908458
database1/img00010612.webp,0.334599,0.0,0.0313920705402004
database1/img00010629.webp,0.060911,0.0,0.0219342115830871
database1/img00010643.webp,0.114721,1.0,0.0256187170942833
database1/img00010674.webp,0.023709,0.0,0.025739254421268
database1/img00010757.webp,0.206361,0.0,0.0282946059790618
database1/img00010780.webp,0.013969,0.0,0.0262831454703448
database1/img00010790.webp,0.031334,0.0,0.0230695370083475
database1/img00010806.webp,0.065196,0.0,0.0253801362142248
database1/img00010887.webp,0.081617,0.0,0.027101759849296
database1/img00010888.webp,0.233141,1.0,0.0419035036427753
database1/img00010982.webp,0.00745,1.0,0.0354516465193005
database1/img00010983.webp,0.20866,0.0,0.0273545265349704
database1/img00011118.webp,0.178597,1.0,0.0523908460935127
database1/img00011128.webp,0.27358,1.0,0.0300282390698439
database1/img00011142.webp,0.28074,1.0,0.0369045541253338
database1/img00011296.webp,0.108452,1.0,0.0383709052969392
database1/img00011507.webp,0.092578,0.0,0.0325401017982452
database1/img00011516.webp,0.087323,0.0,0.0255483824895726
database1/img00011597.webp,0.091441,0.0,0.0257378904127479
database1/img00011619.webp,0.253533,0.0,0.0334460537441071
database1/img00011623.webp,0.079619,0.0,0.0233449984199767
database1/img00011711.webp,0.412517,0.0,0.0462344191138209
database1/img00011737.webp,0.360567,0.0,0.0346663189194541
database1/img00011787.webp,0.009168,1.0,0.0274503333173024
database1/img00011827.webp,0.096535,0.0,0.027012164707666
database1/img00011910.webp,0.153312,0.0,0.0283516898022788
database1/img00011946.webp,0.118833,0.0,0.0262910663372369
database1/img00011981.webp,0.044401,1.0,0.0299911186667329
database1/img00011982.webp,0.064973,1.0,0.0256861489535753
database1/img00012046.webp,0.013245,1.0,0.0314924067734777
database1/img00012050.webp,0.169118,0.0,0.0248515277048615
database1/img00012055.webp,0.118938,0.0,0.0269343931145079
database1/img00012083.webp,0.105677,1.0,0.0278999169512583
database1/img00012173.webp,0.148639,0.0,0.0267938257711003
database1/img00012174.webp,0.13274,0.0,0.0291495186587896
database1/img00012175.webp,0.161502,0.0,0.0290913479232698
database1/img00012194.webp,0.057599,0.0,0.0263629991303677
database1/img00012259.webp,0.022948,1.0,0.0571815563363816
database1/img00012293.webp,0.081765,0.0,0.0269617432700759
database1/img00012367.webp,0.265563,0.0,0.0360209892683352
database1/img00012402.webp,0.08769,0.0,0.0266456537458636
database1/img00012413.webp,0.178087,0.0,0.0275899903330734
database1/img00012417.webp,0.047864,1.0,0.0265745888053086
database1/img00012444.webp,0.279593,0.0,0.0310583930250336
database1/img00012509.webp,0.14518,0.0,0.0214620664796667
database1/img00012555.webp,0.159567,0.0,0.028620113570773
database1/img00012681.webp,0.00788,1.0,0.0262012063351119
database1/img00012805.webp,0.03627,0.0,0.0261794653904284
database1/img00012844.webp,0.027729,1.0,0.0301851930983349
database1/img00012874.webp,0.002528,1.0,0.0559576516629065
database1/img00012883.webp,0.105193,1.0,0.0281457572170958
database1/img00012980.webp,0.021348,1.0,0.0292957238908419
database1/img00013033.webp,0.378744,0.0,0.0372770267553496
database1/img00013074.webp,0.20406,0.0,0.0369062412581427
database1/img00013089.webp,0.0,1.0,0.0225674864225907
database1/img00013099.webp,0.124905,0.0,0.0371500385768502
database1/img00013109.webp,0.255454,0.0,0.0752731586778836
database1/img00013151.webp,0.003784,1.0,0.0259004330699956
database1/img00013182.webp,0.112701,0.0,0.0249058800019297
database1/img00013213.webp,0.208104,1.0,0.0427973198228811
database1/img00013311.webp,0.021686,1.0,0.0298903312457229
database1/img00013313.webp,0.096531,0.0,0.0308065904617206
database1/img00013345.webp,0.111239,1.0,0.0289024766165049
database1/img00013392.webp,0.234015,0.0,0.0270080693514178
database1/img00013433.webp,0.013693,1.0,0.0304152393578673
database1/img00013450.webp,0.007936,1.0,0.0265957653385867
database1/img00013515.webp,0.055869,0.0,0.0251580730549946
database1/img00013591.webp,0.097683,0.0,0.0242808423417753
database1/img00013659.webp,0.005492,0.0,0.0279940666145511
database1/img00013777.webp,0.039118,0.0,0.0254291004164278
database1/img00013856.webp,0.08085,0.0,0.034039112316081
database1/img00013896.webp,0.155239,0.0,0.0282856898338066
database1/img00013978.webp,0.216187,1.0,0.0359940482824414
database1/img00014030.webp,0.009111,0.0,0.0348160806756918
database1/img00014146.webp,0.019737,0.0,0.0263478018649032
database1/img00014277.webp,0.009327,1.0,0.034770368231844
database1/img00014440.webp,0.313716,0.0,0.0356974807107785
database1/img00014506.webp,0.002933,0.0,0.0298943468936031
database1/img00014634.webp,0.124116,1.0,0.0278329985185414
database1/img00014645.webp,0.294956,1.0,0.0342410381443166
database1/img00014657.webp,0.009173,1.0,0.0235197914573683
database1/img00014808.webp,0.222577,0.0,0.0338249992707465
database1/img00014845.webp,0.184098,0.0,0.028453341742874
database1/img00014912.webp,0.085464,0.0,0.027224665599167
database1/img00014924.webp,0.071344,1.0,0.0360697304256123
database1/img00015038.webp,0.222266,1.0,0.0346742123376186
database1/img00015081.webp,0.134204,0.0,0.0393069428416435
database1/img00015348.webp,0.225921,0.0,0.0332346201352578
database1/img00015359.webp,0.033386,0.0,0.0253499662924502
database1/img00015476.webp,0.164199,0.0,0.0380305074872046
database1/img00015498.webp,0.128891,0.0,0.0232063910498298
database1/img00015505.webp,0.086803,0.0,0.0258347911156519
database1/img00015509.webp,0.096299,1.0,0.0364765552503253
database1/img00015766.webp,0.128287,0.0,0.0246630291330462
database1/img00015784.webp,0.198335,0.0,0.0305893520559099
database1/img00015947.webp,0.126497,0.0,0.0257504628739783
database1/img00016004.webp,0.076385,0.0,0.0264384584175868
database1/img00016096.webp,0.018479,1.0,0.0331151716176862
database1/img00016164.webp,0.009807,1.0,0.0295083701622939
database1/img00016181.webp,0.000908,1.0,0.0246109200221891
database1/img00016288.webp,0.368142,0.0,0.0570438737072926
database1/img00016296.webp,0.233928,0.0,0.0272843101746237
database1/img00016398.webp,0.070727,0.0,0.0254163034907818
database1/img00016442.webp,0.050167,0.0,0.024739130855154
database1/img00016457.webp,0.145227,1.0,0.0289513235400864
database1/img00016490.webp,0.091022,0.0,0.0217973340707871
database1/img00016497.webp,0.144198,0.0,0.028178782411302
database1/img00016611.webp,0.10049,0.0,0.0256961838657268
database1/img00016679.webp,0.001846,0.0,0.0334952304337875
database1/img00016886.webp,0.012909,1.0,0.0267616940000992
database1/img00016934.webp,0.076123,1.0,0.0244731548002776
database1/img00016955.webp,0.030027,1.0,0.0355238552929539
database1/img00017135.webp,0.137474,0.0,0.0259908193234395
database1/img00017144.webp,0.291437,0.0,0.0301853053587109
database1/img00017157.webp,0.097188,0.0,0.0255666620578301
database1/img00017237.webp,0.019539,0.0,0.0242394359467441
database1/img00017467.webp,0.193369,0.0,0.0372831038583963
database1/img00017485.webp,0.231654,0.0,0.0450998425080322
database1/img00017623.webp,0.273226,0.0,0.0292368949692579
database1/img00017648.webp,0.013591,1.0,0.0237114490276043
database1/img00017737.webp,0.0127,1.0,0.0305930124941744
database1/img00017893.webp,0.369649,0.0,0.0353188589159261
database1/img00018025.webp,0.125656,0.0,0.0235791544657042
database1/img00018042.webp,0.016056,1.0,0.0272848367086655
database1/img00018045.webp,0.096288,0.0,0.0253148696988211
database1/img00018076.webp,0.184672,1.0,0.0288329575291418
database1/img00018117.webp,0.020611,0.0,0.0289733310567774
database1/img00018133.webp,0.049189,0.0,0.0263232631922331
database1/img00018173.webp,0.28192,0.0,0.032654577002559
database1/img00018225.webp,0.130293,0.0,0.022528635897421
database1/img00018284.webp,0.238474,0.0,0.0299311366196452
database1/img00018380.webp,0.182421,0.0,0.0247654044392496
database1/img00018422.webp,0.021826,0.0,0.0290378988122697
database1/img00018465.webp,0.041569,1.0,0.030791823971709
database1/img00018500.webp,0.147015,0.0,0.0248583799791596
database1/img00018591.webp,0.11045,0.0,0.0306990395707494
database1/img00018619.webp,0.026771,1.0,0.0315511017231009
database1/img00018643.webp,0.14475,0.0,0.0287025733269941
database1/img00018689.webp,0.008002,0.0,0.0308911943448311
database1/img00018779.webp,0.045676,1.0,0.0269985951343136
database1/img00018873.webp,0.099329,0.0,0.0237945325894972
database1/img00018963.webp,0.0236,1.0,0.0927494464513855
database1/img00019125.webp,0.039224,1.0,0.032796115580261
database1/img00019151.webp,0.151887,0.0,0.0356731374791053
database1/img00019162.webp,0.357571,0.0,0.0360869438542107
database1/img00019165.webp,0.070241,1.0,0.0351296845798149
database1/img00019172.webp,0.017685,0.0,0.023331951886536
database1/img00019200.webp,0.017214,1.0,0.0286569731196114
database1/img00019353.webp,0.013152,0.0,0.024154323727127
database1/img00019360.webp,0.02429,1.0,0.0272620266641616
database1/img00019362.webp,0.226958,0.0,0.0281835997294944
database1/img00019406.webp,0.122785,0.0,0.0278218531802425
database1/img00019511.webp,0.00639,1.0,0.0277201708482491
database1/img00019553.webp,0.097165,0.0,0.0259387898299143
database1/img00019616.webp,0.008603,1.0,0.0323112111814475
database1/img00019625.webp,0.044642,1.0,0.0362666192853972
database1/img00019811.webp,0.135181,0.0,0.025564323366499
database1/img00019846.webp,0.085115,0.0,0.0263234870221009
database1/img00019883.webp,0.295134,0.0,0.0408117600279501
database1/img00019956.webp,0.121542,0.0,0.0256811546928402
database1/img00020019.webp,0.245216,0.0,0.0297267468749057
database1/img00020092.webp,0.229511,0.0,0.0360567553601644
database1/img00020095.webp,0.369647,0.0,0.0366796637059519
database1/img00020106.webp,0.016139,1.0,0.0242478573980392
database1/img00020280.webp,0.093764,0.0,0.0253144295636818
database1/img00020383.webp,0.174486,0.0,0.0274072322054541
database1/img00020425.webp,0.105022,0.0,0.0244754574843482
database1/img00020495.webp,0.101841,0.0,0.0275468837184911
database1/img00020506.webp,0.143822,0.0,0.0274615278506894
database1/img00020690.webp,0.113169,0.0,0.0255546243570872
database1/img00020757.webp,0.123725,0.0,0.0260330445707778
database1/img00020765.webp,0.148549,0.0,0.0255754761509148
database1/img00020799.webp,0.406729,0.0,0.0453610631876407
database1/img00020831.webp,0.0,1.0,0.0206788066508559
database1/img00020839.webp,0.164052,0.0,0.0240682619489438
database1/img00020840.webp,0.164657,0.0,0.0280233350513382
database1/img00020876.webp,0.039848,0.0,0.0292898315769543
database1/img00020958.webp,0.18413,1.0,0.034421317958487
database1/img00021024.webp,0.011248,1.0,0.0337047463444394
database1/img00021028.webp,0.079159,0.0,0.0225928150102325
database1/img00021119.webp,0.231027,0.0,0.021515743147377
database1/img00021174.webp,0.029653,1.0,0.0282505535634364
database1/img00021203.webp,0.100309,1.0,0.0571660657067426
database1/img00021240.webp,0.12352,0.0,0.0272627024558639
database1/img00021256.webp,0.115372,0.0,0.0246831923357357
database1/img00021294.webp,0.230757,0.0,0.0333694630931777
database1/img00021336.webp,0.216002,0.0,0.0276477094558666
database1/img00021374.webp,0.038864,0.0,0.0261869899463213
database1/img00021382.webp,0.023478,1.0,0.0645096042483651
database1/img00021398.webp,0.118902,0.0,0.0690622009956456
database1/img00021523.webp,0.125539,0.0,0.0267244201000695
database1/img00021529.webp,0.020743,0.0,0.0268316698472136
database1/img00021585.webp,0.323915,0.0,0.0282453258561998
database1/img00021592.webp,0.053661,1.0,0.0296277061624157
database1/img00021620.webp,0.012103,1.0,0.032766704584718
database1/img00021622.webp,0.258145,0.0,0.0323695509295225
database1/img00021629.webp,0.347567,0.0,0.0354998505354315
database1/img00021724.webp,0.117861,0.0,0.027619640942706
database1/img00021737.webp,0.042247,1.0,0.028820485688746
database1/img00021763.webp,0.319156,0.0,0.0434281942659161
database1/img00021881.webp,0.200485,0.0,0.0250450152223483
database1/img00021891.webp,0.158308,0.0,0.0260540154485459
database1/img00022037.webp,0.280548,0.0,0.0382984938837298
database1/img00022062.webp,0.084716,1.0,0.0233770282747124
database1/img00022089.webp,0.105552,0.0,0.0256672042943225
database1/img00022098.webp,0.019455,1.0,0.0289039137891162
database1/img00022099.webp,0.017022,1.0,0.0333498764019775
database1/img00022106.webp,0.009696,1.0,0.0276901974950607
database1/img00022110.webp,0.247685,0.0,0.0412941971623194
database1/img00022174.webp,0.246505,1.0,0.0350124636210859
database1/img00022220.webp,0.197348,0.0,0.0494328994765465
database1/img00022367.webp,0.130304,0.0,0.0290900733019934
database1/img00022458.webp,0.178211,1.0,0.0295259032963818
database1/img00022462.webp,0.147091,1.0,0.0312229504125934
database1/img00022521.webp,0.025301,1.0,0.0262624517551667
database1/img00022669.webp,0.094607,1.0,0.0763835952036482
database1/img00022715.webp,0.056654,0.0,0.0225271393584591
database1/img00022789.webp,0.207616,0.0,0.0476974588703994
database1/img00022833.webp,0.037262,1.0,0.0310893225801853
database1/img00022848.webp,0.082086,0.0,0.0256202500293554
database1/img00022964.webp,0.170935,0.0,0.0285588244876641
database1/img00023014.webp,0.001544,1.0,0.0835429486906908
database1/img00023146.webp,0.103648,1.0,0.0343293264566161
database1/img00023176.webp,0.028973,1.0,0.0528770499820299
database1/img00023181.webp,0.102577,0.0,0.0275557924337287
database1/img00023337.webp,0.089515,0.0,0.0238768463027861
database1/img00023439.webp,0.005019,1.0,0.0304634757247182
database1/img00023478.webp,0.105124,0.0,0.0228944641508481
database1/img00023517.webp,0.050744,0.0,0.0286817671428693
database1/img00023568.webp,0.010958,1.0,0.0363803527694259
database1/img00023725.webp,0.203847,0.0,0.0276099172951451
database1/img00023876.webp,0.079286,0.0,0.0242131402981006
database1/img00023903.webp,0.124474,0.0,0.0197633977993154
database1/img00024004.webp,0.151347,0.0,0.0303372717584393
database1/img00024033.webp,0.008003,1.0,0.0319700697243824
database1/img00024054.webp,0.158105,0.0,0.0258459386730602
database1/img00024075.webp,0.098827,0.0,0.0283046681684197
database1/img00024097.webp,0.056329,1.0,0.0266691766343014
database1/img00024151.webp,0.223931,0.0,0.0234618519733277
database1/img00024251.webp,0.125194,0.0,0.0255092907284563
database1/img00024286.webp,0.203387,0.0,0.0471966029180162
database1/img00024330.webp,0.039351,0.0,0.0361888805760608
database1/img00024429.webp,0.001011,1.0,0.0230113438472337
database1/img00024472.webp,0.231978,0.0,0.0306443672690581
database1/img00024480.webp,0.229159,0.0,0.0297900856118268
database1/img00024496.webp,0.010786,0.0,0.0333081072272237
database1/img00024553.webp,0.040348,1.0,0.0307086975734872
database1/img00024607.webp,0.016616,1.0,0.0293759583740463
database1/img00024687.webp,0.27365,0.0,0.032066797043015
database1/img00024753.webp,0.192923,0.0,0.0289293960521877
database1/img00024774.webp,0.053221,0.0,0.025459146933491
database1/img00025064.webp,0.015037,0.0,0.0218167989114217
database1/img00025075.webp,0.298755,0.0,0.0342991163446201
database1/img00025133.webp,0.155681,1.0,0.0396760830830664
database1/img00025166.webp,0.014644,0.0,0.0270693964377649
database1/img00025308.webp,0.026547,1.0,0.029756494437026
database1/img00025347.webp,0.003317,1.0,0.0321035266994421
database1/img00025392.webp,0.084647,0.0,0.0262311250796968
database1/img00025465.webp,0.083236,0.0,0.0346294290948725
database1/img00025509.webp,0.003962,0.0,0.0339098905808973
database1/img00025534.webp,0.073372,0.0,0.0286982102445823
database1/img00025566.webp,0.059194,1.0,0.0324437540577974
database1/img00025641.webp,0.045629,1.0,0.0336391533176729
database1/img00025678.webp,0.113275,0.0,0.0267835632014664
database1/img00025969.webp,0.033245,1.0,0.0292500951556095
database1/img00026052.webp,0.217685,0.0,0.0324158399069676
database1/img00026073.webp,0.052874,0.0,0.0241667377907991
database1/img00026088.webp,0.15625,0.0,0.0284416886803951
database1/img00026103.webp,0.013345,1.0,0.0349678732684947
database1/img00026169.webp,0.063574,1.0,0.0383871922058344
database1/img00026178.webp,0.317092,0.0,0.0407861493310866
database1/img00026249.webp,0.008453,1.0,0.0346462286800911
database1/img00026281.webp,0.219012,1.0,0.0435669716810056
database1/img00026282.webp,0.011198,1.0,0.0327159494435798
database1/img00026305.webp,0.138547,1.0,0.0323308298851041
database1/img00026333.webp,0.154155,0.0,0.0252370979488349
database1/img00026341.webp,0.145098,0.0,0.0679330005231811
database1/img00026380.webp,0.102089,0.0,0.0282443861657657
database1/img00026418.webp,0.030072,1.0,0.027579626361191
database1/img00026462.webp,0.007743,0.0,0.0275652296030936
database1/img00026473.webp,0.0,1.0,0.0279803292852012
database1/img00026493.webp,0.222605,0.0,0.0265502812008635
database1/img00026505.webp,0.024604,1.0,0.034329219512152
database1/img00026554.webp,0.005176,1.0,0.0324406700787624
database1/img00026653.webp,0.0,0.0,0.0204239248419032
database1/img00026673.webp,0.305916,0.0,0.0294026274814037
database1/img00026714.webp,0.210407,0.0,0.0282114505380035
database1/img00026908.webp,0.046474,0.0,0.0255130110416414
database1/img00027013.webp,0.003769,0.0,0.0252059631359932
database1/img00027032.webp,0.007456,0.0,0.0342264635026983
database1/img00027062.webp,0.046983,1.0,0.0268104116632447
database1/img00027147.webp,0.083316,1.0,0.034933332709913
database1/img00027201.webp,0.173566,0.0,0.0266729165354572
database1/img00027213.webp,0.102301,0.0,0.0266723146793907
database1/img00027267.webp,0.025949,0.0,0.0259013652330446
database1/img00027278.webp,0.04282,0.0,0.0261568994419523
database1/img00027291.webp,0.037481,1.0,0.0326404053058784
database1/img00027300.webp,0.162757,0.0,0.026879761496291
database1/img00027329.webp,0.120534,0.0,0.0190513958014683
database1/img00027355.webp,0.012954,0.0,0.0278093907133504
database1/img00027400.webp,0.093064,1.0,0.0947746866320736
database1/img00027672.webp,0.024684,0.0,0.0247813927430775
database1/img00027691.webp,0.263468,1.0,0.0358129683446216
database1/img00027708.webp,0.011879,1.0,0.0530144996931346
database1/img00027826.webp,0.008279,1.0,0.0312234684101052
database1/img00027870.webp,0.156292,0.0,0.0285375450820866
database1/img00027888.webp,0.010368,1.0,0.0319847607983302
database1/img00027943.webp,0.005057,1.0,0.0354764368251344
database1/img00027980.webp,0.1488,0.0,0.0268689215785032
database1/img00028069.webp,0.00506,1.0,0.0338964476561762
database1/img00028087.webp,0.001205,1.0,0.0231112249119457
database1/img00028101.webp,0.0173,1.0,0.0274658418053792
database1/img00028174.webp,0.122309,0.0,0.0258349208584809
database1/img00028222.webp,0.107143,0.0,0.0254346813991743
database1/img00028224.webp,0.146398,0.0,0.0306038387896478
database1/img00028300.webp,0.012183,0.0,0.0275464131665611
database1/img00028356.webp,0.152613,0.0,0.0206852128074448
database1/img00028517.webp,0.382837,0.0,0.0386914485359333
database1/img00028551.webp,0.203166,0.0,0.0445858663781711
database1/img00028578.webp,0.061325,0.0,0.024237985850729
database1/img00028581.webp,0.020189,1.0,0.0273116220815119
database1/img00028723.webp,0.12276,0.0,0.0281909146386484
database1/img00028742.webp,0.061928,0.0,0.021361398483422
database1/img00028757.webp,0.031527,1.0,0.0305500210040565
database1/img00028784.webp,0.01652,0.0,0.0256695901215498
database1/img00028843.webp,0.045216,1.0,0.0365285009358682
database1/img00028942.webp,0.085705,0.0,0.0217615994376121
database1/img00029059.webp,0.201976,0.0,0.0286181788013824
database1/img00029154.webp,0.027398,0.0,0.058242140539324
database1/img00029252.webp,0.011317,1.0,0.0333257492763688
database1/img00029315.webp,0.223811,0.0,0.0324951471577281
database1/img00029326.webp,0.073163,0.0,0.0228487112665498
database1/img00029393.webp,0.181547,0.0,0.0267706330275025
database1/img00029479.webp,0.172507,1.0,0.0356624721622548
database1/img00029527.webp,9.6e-05,1.0,0.0244577840526842
database1/img00029586.webp,0.049823,0.0,0.0269890474549761
database1/img00029691.webp,0.030185,1.0,0.0349272053430639
database1/img00029706.webp,0.21533,1.0,0.0717359413101943
database1/img00029758.webp,0.113217,0.0,0.0251943076599338
database1/img00029778.webp,0.154551,0.0,0.0381204596211325
database1/img00029960.webp,0.383842,0.0,0.0348959682747604
database2/database2/test/148.webp,0.048036,1.0,0.0275006386221055
database2/database2/test/190.webp,0.086509,1.0,0.0757710222939154
database2/database2/test/216.webp,0.245817,0.0,0.0254289245897208
database2/database2/test/232.webp,0.275174,0.0,0.0300923656349574
database2/database2/test/239.webp,0.175156,0.0,0.034864087509187
database2/database2/test/266.webp,0.213241,0.0,0.029220560574758
database2/database2/test/34.webp,0.050154,0.0,0.0264109912066728
database2/database2/test/453.webp,0.089504,1.0,0.017336772518124
database2/database2/test/472.webp,0.226614,1.0,0.0442757415955334
database2/database2/test/91.webp,0.465517,1.0,0.0320641305386655
database2/database2/train/1009.webp,0.104761,1.0,0.0503140481333748
database2/database2/train/1240.webp,0.146101,0.0,0.0307062948253679
database2/database2/train/1258.webp,0.246853,0.0,0.1052310932461603
database2/database2/train/127.webp,0.075508,0.0,0.0212308142257056
database2/database2/train/1279.webp,0.000502,1.0,0.0706261617325773
database2/database2/train/1311.webp,0.172932,1.0,0.1013048274111418
database2/database2/train/174.webp,0.051776,1.0,0.0985568248446766
database2/database2/train/203.webp,0.050641,1.0,0.0315906922511418
database2/database2/train/219.webp,0.142928,0.0,0.0316157812715939
database2/database2/train/233.webp,0.281943,1.0,0.0407578017121568
database2/database2/train/26.webp,0.011878,0.0,0.0252786424894954
database2/database2/train/34.webp,0.095641,0.0,0.0380943416114302
database2/database2/train/433.webp,0.036418,1.0,0.0338501862823307
database2/database2/train/436.webp,0.026337,1.0,0.0288064817156783
database2/database2/train/515.webp,0.012181,1.0,0.0294453288179846
database2/database2/train/547.webp,0.0,1.0,0.0213233264021887
database2/database2/train/613.webp,0.048432,0.0,0.0253422163976268
database2/database2/train/624.webp,0.123039,1.0,0.0640919299776722
database2/database2/train/650.webp,0.113219,0.0,0.0280705779515963
database2/database2/train/766.webp,0.167917,0.0,0.0359646720813112
database2/database2/train/814.webp,0.3,0.0,0.0368159521624603
database2/database2/train/846.webp,0.020085,1.0,0.0320028177051504
database2/database2/train/900.webp,0.417188,1.0,0.0354579700960032
database2/database2/train/928.webp,0.09983,0.0,0.0269697097776545
database2/database2/train/97.webp,0.048559,1.0,0.0365128267241545
database2/database2/train/992.webp,0.32608,0.0,0.0382343025696067
database3/database3/m.0109kg/59-FaceId-0_align.webp,0.264823,0.0,0.0345312353437944
database3/database3/m.010bk0/59-FaceId-0_align.webp,0.021845,1.0,0.0705734599862359
database3/database3/m.010ngb/60-FaceId-0_align.webp,0.012915,1.0,0.0261403945362702
database3/database3/m.010p3/45-FaceId-0_align.webp,0.01465,1.0,0.0363335267083219
database3/database3/m.010p3/69-FaceId-0_align.webp,0.027584,1.0,0.0316929699299408
database3/database3/m.010p3/82-FaceId-0_align.webp,0.013896,1.0,0.0286370870679523
database3/database3/m.010wty2t/83-FaceId-1_align.webp,0.168202,1.0,0.0510659100666789
database3/database3/m.0112yl/20-FaceId-0_align.webp,0.035573,1.0,0.0383784247089018
database3/database3/m.01167d3z/34-FaceId-0_align.webp,0.37993,1.0,0.0424402169172304
database3/database3/m.01167d3z/74-FaceId-0_align.webp,0.319357,1.0,0.0375850730440351
database3/database3/m.011_0k/17-FaceId-0_align.webp,0.022011,1.0,0.0300420565301698
database3/database3/m.011_0k/3-FaceId-0_align.webp,0.017225,1.0,0.0321416542620188
database3/database3/m.011_0k/43-FaceId-0_align.webp,0.025252,1.0,0.0300724908932145
database3/database3/m.011_0k/77-FaceId-0_align.webp,0.126436,1.0,0.0650650528082019
database3/database3/m.011_2h/101-FaceId-0_align.webp,0.183945,0.0,0.0330815356414212
database3/database3/m.011_2h/18-FaceId-0_align.webp,0.139464,0.0,0.0490106799368372
database3/database3/m.011_2h/21-FaceId-0_align.webp,0.028243,0.0,0.0282346188371086
database3/database3/m.011_3d/107-FaceId-0_align.webp,0.091414,1.0,0.0359496798784565
database3/database3/m.011_3d/31-FaceId-0_align.webp,0.156269,1.0,0.0352312237660342
database3/database3/m.011_3d/35-FaceId-0_align.webp,0.154662,1.0,0.1035392088827203
database3/database3/m.011_3s/106-FaceId-0_align.webp,0.132155,0.0,0.0317670137260555
database3/database3/m.011_3s/93-FaceId-0_align.webp,0.255275,0.0,0.0378541562214259
database3/database3/m.011_8/14-FaceId-0_align.webp,0.108434,1.0,0.0292080558823645
database3/database3/m.011_nf/83-FaceId-0_align.webp,0.036792,1.0,0.0323287579507616
database3/database3/m.011_pk/73-FaceId-0_align.webp,0.106935,1.0,0.0386174011464254
database3/database3/m.011_pk/98-FaceId-0_align.webp,0.021278,1.0,0.0225628626624121
database3/database3/m.011_r9/15-FaceId-0_align.webp,0.000453,1.0,0.0272834712990983
database3/database3/m.011_r9/35-FaceId-0_align.webp,0.0,1.0,0.0190866818527913
database3/database3/m.011h_w/16-FaceId-0_align.webp,0.023388,1.0,0.0642070375589036
database3/database3/m.011h_w/57-FaceId-0_align.webp,0.034974,1.0,0.0503139299465132
database3/database3/m.011hdn/3-FaceId-0_align.webp,0.144586,1.0,0.0486116998202771
database3/database3/m.011hm1/28-FaceId-0_align.webp,0.045589,0.0,0.0380483351183913
database3/database3/m.011hm1/59-FaceId-0_align.webp,0.308314,0.0,0.0389487389101697
database3/database3/m.011hmd/24-FaceId-0_align.webp,0.029049,1.0,0.0552180324023747
database3/database3/m.011jfg/102-FaceId-0_align.webp,0.016853,0.0,0.0293794901369377
database3/database3/m.011jfg/64-FaceId-0_align.webp,0.014724,0.0,0.0306657929332507
database3/database3/m.011kd9/42-FaceId-0_align.webp,0.092666,1.0,0.0
database3/database3/m.011kd9/48-FaceId-0_align.webp,0.021031,1.0,0.068699458241502
database3/database3/m.011l17/115-FaceId-0_align.webp,0.008147,1.0,0.0286233842299483
database3/database3/m.011l17/73-FaceId-0_align.webp,0.013848,1.0,0.032444855871729
database3/database3/m.011l17/78-FaceId-0_align.webp,0.000371,1.0,0.0270096087647725
database3/database3/m.011lf5/30-FaceId-0_align.webp,0.003745,1.0,0.0336675970867071
database3/database3/m.011lhy/14-FaceId-0_align.webp,0.06605,1.0,0.0218288431026253
database3/database3/m.011m1y/65-FaceId-0_align.webp,0.010331,1.0,0.060322944776791
database3/database3/m.011m1y/93-FaceId-0_align.webp,0.010174,1.0,0.0253585664497237
database3/database3/m.011m33/35-FaceId-0_align.webp,0.10764,0.0,0.0236756113246587
database3/database3/m.011m33/96-FaceId-0_align.webp,0.077455,0.0,0.0329998025258317
database3/database3/m.011m33/98-FaceId-0_align.webp,0.093352,0.0,0.0576097081372197
database3/database3/m.011p3/100-FaceId-0_align.webp,0.261068,0.0,0.0406856854021587
database3/database3/m.011p3/38-FaceId-0_align.webp,0.260325,0.0,0.028273746687934
database3/database3/m.011qm2/8-FaceId-0_align.webp,0.02115,1.0,0.0277896052271681
database3/database3/m.011w1b/4-FaceId-0_align.webp,0.011173,0.0,0.0262775246930279
database3/database3/m.011w1b/5-FaceId-0_align.webp,0.149673,0.0,0.0275929456113362
database3/database3/m.011w1b/65-FaceId-0_align.webp,0.028609,0.0,0.0254750434094956
database3/database3/m.011w1b/75-FaceId-0_align.webp,0.102741,0.0,0.0312443992895304
database3/database3/m.011xgp/24-FaceId-0_align.webp,0.060348,1.0,0.0320823716303266
database3/database3/m.011xgp/72-FaceId-0_align.webp,0.024118,1.0,0.0427335248302658
database3/database3/m.011xjd/62-FaceId-0_align.webp,0.025855,1.0,0.0363879468304338
database3/database3/m.011xl3/35-FaceId-0_align.webp,0.101991,1.0,0.0330179093190634
database3/database3/m.011xl3/86-FaceId-0_align.webp,0.095741,1.0,0.0651492838584144
database3/database3/m.011xl3/92-FaceId-0_align.webp,0.15032,1.0,0.0324703522667855
database3/database3/m.011xl3/99-FaceId-0_align.webp,0.04585,1.0,0.029176915475115
database3/database3/m.011xll/89-FaceId-0_align.webp,0.057752,1.0,0.0558901881088823
database3/database3/m.011ybj/52-FaceId-0_align.webp,0.042728,1.0,0.029495588100107
database3/database3/m.011ybj/61-FaceId-0_align.webp,0.033422,1.0,0.0266203258867803
database3/database3/m.011yx0/17-FaceId-0_align.webp,0.03676,1.0,0.0317638304297372
database3/database3/m.011yx0/7-FaceId-0_align.webp,0.025923,1.0,0.0277710976480389
database3/database3/m.011z69/22-FaceId-0_align.webp,0.003956,1.0,0.0251058219880822
database3/database3/m.011z69/27-FaceId-0_align.webp,0.057013,1.0,0.0281238286407433
database3/database3/m.011z69/67-FaceId-0_align.webp,0.026898,1.0,0.0286271966105752
database3/database3/m.011zfk/22-FaceId-0_align.webp,0.214757,1.0,0.0293641860928519
database3/database3/m.011zfz/75-FaceId-0_align.webp,0.159958,0.0,0.02893155819956
database3/database3/m.011zg9/22-FaceId-0_align.webp,0.107141,0.0,0.0234274178452567
database3/database3/m.011zg9/39-FaceId-0_align.webp,0.053582,0.0,0.0261019349052707
database3/database3/m.011zgs/52-FaceId-0_align.webp,0.127677,0.0,0.0912247870804684
database3/database3/m.011zkh/84-FaceId-0_align.webp,0.008351,1.0,0.0297484584827328
database3/database3/m.011zwl/37-FaceId-0_align.webp,0.073722,1.0,0.0328399192411869
database3/database3/m.01200d/24-FaceId-0_align.webp,0.036817,1.0,0.0239271798642756
database3/database3/m.01200d/80-FaceId-0_align.webp,0.017066,1.0,0.0255463391460266
database3/database3/m.012052/1-FaceId-0_align.webp,0.109494,1.0,0.0272865993650495
database3/database3/m.012052/30-FaceId-0_align.webp,0.193814,1.0,0.0868910616396673
database3/database3/m.012052/63-FaceId-0_align.webp,0.135953,1.0,0.0374198698593464
database3/database3/m.0122lq/12-FaceId-0_align.webp,0.034174,1.0,0.0231938747947457
database3/database3/m.0122lq/62-FaceId-0_align.webp,0.002899,1.0,0.0472003127001246
database3/database3/m.0122lq/73-FaceId-0_align.webp,0.026793,1.0,0.0263656921996977
database3/database3/m.0122m5/94-FaceId-0_align.webp,0.003731,1.0,0.0614647176627229
database3/database3/m.01233w/1-FaceId-0_align.webp,0.049894,1.0,0.0250808176620878
database3/database3/m.01233w/25-FaceId-0_align.webp,0.043404,1.0,0.0450650997466971
database3/database3/m.01239/57-FaceId-0_align.webp,0.01656,1.0,0.0348879582317915
database3/database3/m.01239/68-FaceId-0_align.webp,0.012855,1.0,0.0296100766705963
database3/database3/m.0123x2/101-FaceId-0_align.webp,0.244668,1.0,0.0482898074862056
database3/database3/m.01241v/54-FaceId-0_align.webp,0.010871,1.0,0.0220147674520621
database3/database3/m.0124t/70-FaceId-0_align.webp,0.066352,0.0,0.0690016719948326
database3/database3/m.01257s/41-FaceId-1_align.webp,0.025408,1.0,0.0319382261374636
database3/database3/m.0126rp/46-FaceId-0_align.webp,0.064149,1.0,0.0244949513109519
database3/database3/m.0126rp/48-FaceId-0_align.webp,0.020111,1.0,0.0269738374633118
database3/database3/m.0126y2/49-FaceId-0_align.webp,0.042913,1.0,0.0319596173181079
database3/database3/m.0126y2/81-FaceId-0_align.webp,0.011658,1.0,0.0710949119072408
database3/database3/m.0126y2/92-FaceId-0_align.webp,0.2594,1.0,0.0533854235679851
database3/database3/m.01270s/15-FaceId-0_align.webp,0.00523,1.0,0.0221170562281084
database3/database3/m.01270s/43-FaceId-0_align.webp,0.024273,1.0,0.0297636476565855
database3/database3/m.01271_/40-FaceId-0_align.webp,0.046844,0.0,0.0278489338751512
database3/database3/m.01271_/42-FaceId-0_align.webp,0.082785,0.0,0.0538350851627101
database3/database3/m.01271_/92-FaceId-0_align.webp,0.131196,0.0,0.0273144186738854
database3/database3/m.0127fx/6-FaceId-0_align.webp,0.010653,1.0,0.0280330074067053
database3/database3/m.0127gn/12-FaceId-0_align.webp,0.02417,1.0,0.0246639142414473
database3/database3/m.0127tk/114-FaceId-0_align.webp,0.088119,1.0,0.0258430673414358
database3/database3/m.0127tk/121-FaceId-0_align.webp,0.110272,1.0,0.0307562360630701
database3/database3/m.0127tk/32-FaceId-0_align.webp,0.044592,1.0,0.0271790661364757
database3/database3/m.0127tk/61-FaceId-0_align.webp,0.157887,1.0,0.0323774463893986
database3/database3/m.0127tk/75-FaceId-0_align.webp,0.118857,1.0,0.0308086148387863
database3/database3/m.0127tk/83-FaceId-0_align.webp,0.180049,1.0,0.0268783823737896
database3/database3/m.0127zt/62-FaceId-0_align.webp,0.099007,0.0,0.0279444343153411
database3/database3/m.012801/76-FaceId-0_align.webp,0.060329,1.0,0.0268575105793455
database3/database3/m.012981/36-FaceId-0_align.webp,0.038673,1.0,0.0272416215475174
database3/database3/m.012_53/112-FaceId-0_align.webp,0.081654,0.0,0.024089812292628
database3/database3/m.012_53/73-FaceId-0_align.webp,0.056783,0.0,0.0250392460266028
database3/database3/m.012_jj/10-FaceId-0_align.webp,0.005143,1.0,0.0275383648039317
database3/database3/m.012_jj/103-FaceId-0_align.webp,0.04174,1.0,0.0201124000782519
database3/database3/m.012_jj/83-FaceId-0_align.webp,0.123978,1.0,0.0269026928827767
database3/database3/m.012c6j/57-FaceId-0_align.webp,0.0,1.0,0.0169027648288316
database3/database3/m.012c6x/43-FaceId-0_align.webp,0.000386,1.0,0.0443811316019772
database3/database3/m.012c8f/13-FaceId-0_align.webp,0.010098,1.0,0.0315734313395678
database3/database3/m.012c8f/85-FaceId-0_align.webp,0.121074,1.0,0.0809313621421707
database3/database3/m.012ck8/1-FaceId-0_align.webp,0.250793,0.0,0.050994373329432
database3/database3/m.012cm5/19-FaceId-0_align.webp,0.050828,1.0,0.0321754311851056
database3/database3/m.012cm5/75-FaceId-0_align.webp,0.032775,1.0,0.0181441364813135
database3/database3/m.012cm5/90-FaceId-0_align.webp,0.082057,1.0,0.043727155343663
database3/database3/m.012cnn/11-FaceId-0_align.webp,0.107545,0.0,0.0302094951683082
database3/database3/m.012cph/108-FaceId-0_align.webp,0.01551,1.0,0.0306273498661186
database3/database3/m.012cph/17-FaceId-0_align.webp,0.005549,1.0,0.0398536120160189
database3/database3/m.012cph/68-FaceId-0_align.webp,0.017584,1.0,0.0414417135855078
database3/database3/m.012cyp/33-FaceId-0_align.webp,0.012748,0.0,0.0247615645951378
database3/database3/m.012cyp/43-FaceId-0_align.webp,0.207358,0.0,0.0264843610390612
database3/database3/m.012cyp/7-FaceId-0_align.webp,0.030272,0.0,0.0243130686994131
database3/database3/m.012czd/35-FaceId-0_align.webp,0.035058,0.0,0.0227002292142126
database3/database3/m.012czd/90-FaceId-0_align.webp,0.001711,0.0,0.0297152205713655
database3/database3/m.012dtw/86-FaceId-0_align.webp,0.075626,1.0,0.0424730303719607
database3/database3/m.012fgx/58-FaceId-0_align.webp,0.039289,1.0,0.024849215409763
database3/database3/m.012g8l/75-FaceId-0_align.webp,0.015517,1.0,0.0361562398810662
database3/database3/m.012gbb/1-FaceId-0_align.webp,0.057132,0.0,0.0317146933942928
database3/database3/m.012gbb/104-FaceId-0_align.webp,0.023381,0.0,0.0244203143309048
database3/database3/m.012gbb/86-FaceId-0_align.webp,0.070682,0.0,0.0374127175407948
database3/database3/m.012gdw/54-FaceId-0_align.webp,0.06697,1.0,0.0299677345055741
database3/database3/m.012gl8/17-FaceId-0_align.webp,0.06567,0.0,0.027581348304943
database3/database3/m.012gl8/38-FaceId-0_align.webp,0.063039,0.0,0.0272505491672407
database3/database3/m.012gq6/33-FaceId-0_align.webp,0.016946,1.0,0.0247655581141972
database3/database3/m.012gr9/29-FaceId-0_align.webp,0.156273,0.0,0.0387442171897123
database3/database3/m.012gx2/64-FaceId-0_align.webp,0.000577,1.0,0.0266417002203096
database3/database3/m.012gx2/77-FaceId-0_align.webp,0.126437,1.0,0.0369824346514452
database3/database3/m.012gx2/8-FaceId-0_align.webp,0.019361,1.0,0.0222389679861252
database3/database3/m.012gx2/99-FaceId-0_align.webp,0.025003,1.0,0.0347702718300461
database3/database3/m.012h65/109-FaceId-0_align.webp,0.210562,1.0,0.0802543301990934
database3/database3/m.012hqb/33-FaceId-0_align.webp,0.004406,1.0,0.0361630224638388
database3/database3/m.012hr4/21-FaceId-0_align.webp,0.126033,1.0,0.0284332825680522
database3/database3/m.012hr4/67-FaceId-0_align.webp,0.183915,1.0,0.0285382343350942
database3/database3/m.012hr4/74-FaceId-0_align.webp,0.037244,1.0,0.028812386354727
database3/database3/m.012hsb/101-FaceId-0_align.webp,0.192286,1.0,0.0361356785189931
database3/database3/m.012hsb/74-FaceId-0_align.webp,0.057902,1.0,0.0311460204093235
database3/database3/m.012hz4/77-FaceId-0_align.webp,0.118119,0.0,0.0408404822426626
database3/database3/m.012j2r/108-FaceId-0_align.webp,0.027644,1.0,0.0231276888235494
database3/database3/m.012j2r/38-FaceId-0_align.webp,0.010758,1.0,0.0286202506703857
database3/database3/m.012j2r/9-FaceId-0_align.webp,0.029992,1.0,0.0236582141997239
database3/database3/m.012kdb/7-FaceId-0_align.webp,0.154185,0.0,0.0286108246202119
database3/database3/m.012kk4/31-FaceId-1_align.webp,0.026924,1.0,0.0346498253627563
database3/database3/m.012l22/20-FaceId-0_align.webp,0.182682,1.0,0.0814739833169403
database3/database3/m.012l22/56-FaceId-0_align.webp,0.079127,1.0,0.066345804703042
database3/database3/m.012lyg/82-FaceId-0_align.webp,0.015571,1.0,0.0243600016582366
database3/database3/m.012m1c/109-FaceId-0_align.webp,0.052592,0.0,0.0246118862022295
database3/database3/m.012m1c/113-FaceId-0_align.webp,0.018979,0.0,0.0253364127244019
database3/database3/m.012m1c/56-FaceId-0_align.webp,0.076711,0.0,0.0185382031187872
database3/database3/m.012m7r/99-FaceId-0_align.webp,0.002972,1.0,0.0717250489825175
database3/database3/m.012mh_/3-FaceId-0_align.webp,0.065168,1.0,0.0261860278227436
database3/database3/m.012mh_/6-FaceId-0_align.webp,0.002681,1.0,0.024701604883143
database3/database3/m.012mk7/90-FaceId-0_align.webp,0.032433,1.0,0.0233047160771127
database3/database3/m.012ml0/96-FaceId-0_align.webp,0.031451,1.0,0.0237760556025505
database3/database3/m.012mmb/47-FaceId-0_align.webp,0.146313,0.0,0.0372297973012675
database3/database3/m.012mn4/43-FaceId-0_align.webp,0.005783,1.0,0.0313731805460476
database3/database3/m.012nry/108-FaceId-0_align.webp,0.006878,1.0,0.0203569888555121
database3/database3/m.012nry/28-FaceId-0_align.webp,0.006764,1.0,0.0460715793034174
database3/database3/m.012nry/3-FaceId-0_align.webp,0.008173,1.0,0.0285945532022001
database3/database3/m.012nry/57-FaceId-0_align.webp,0.00436,1.0,0.0324342892095467
database3/database3/m.012pjh/2-FaceId-0_align.webp,0.0,1.0,0.0313469473939087
database3/database3/m.012q4n/50-FaceId-0_align.webp,0.004622,1.0,0.0880093655008583
database3/database3/m.012qfw/20-FaceId-1_align.webp,0.162552,0.0,0.022711307146921
database3/database3/m.012qfw/41-FaceId-0_align.webp,0.211858,0.0,0.0227660068086992
database3/database3/m.012qgc/82-FaceId-0_align.webp,0.002042,1.0,0.0326406663021608
database3/database3/m.012rng/35-FaceId-0_align.webp,0.036379,1.0,0.0529250607612595
database3/database3/m.012rng/47-FaceId-0_align.webp,0.022161,1.0,0.1472016153747196
database3/database3/m.012rng/48-FaceId-0_align.webp,0.01786,1.0,0.0279514296111178
database3/database3/m.012rth/93-FaceId-0_align.webp,0.046323,1.0,0.1103346316859879
database3/database3/m.012s1x/11-FaceId-0_align.webp,0.049377,1.0,0.0300259180314506
database3/database3/m.012s5j/122-FaceId-0_align.webp,0.205872,0.0,0.0355474450749528
database3/database3/m.012s9f/0-FaceId-0_align.webp,0.000412,1.0,0.0256899860796253
database3/database3/m.012st7/14-FaceId-0_align.webp,0.003821,1.0,0.0559698521732316
database3/database3/m.012t1d/17-FaceId-0_align.webp,0.167599,1.0,0.0322110917437258
database3/database3/m.012t1d/37-FaceId-0_align.webp,0.016467,1.0,0.0281702131302138
database3/database3/m.012t1d/80-FaceId-0_align.webp,0.014504,1.0,0.0469738803296837
database3/database3/m.012t3l/22-FaceId-0_align.webp,0.012766,1.0,0.0
database3/database3/m.012t7s/3-FaceId-0_align.webp,0.014581,1.0,0.029416897789917
database3/database3/m.012tmz/123-FaceId-0_align.webp,0.001629,1.0,0.0277795378713603
database3/database3/m.012v1t/29-FaceId-0_align.webp,0.118114,0.0,0.0247370386661115
database3/database3/m.012v1t/67-FaceId-0_align.webp,0.072956,0.0,0.0238321933728307
database3/database3/m.012v1t/93-FaceId-0_align.webp,0.033657,0.0,0.0251209771153319
database3/database3/m.012vby/3-FaceId-0_align.webp,0.002151,1.0,0.03885243774249
database3/database3/m.012vby/36-FaceId-0_align.webp,0.0,1.0,0.0730067323002371
database3/database3/m.012vd6/49-FaceId-0_align.webp,0.124288,0.0,0.0358968102185884
database3/database3/m.012vd6/5-FaceId-0_align.webp,0.104381,0.0,0.0284180819341212
database3/database3/m.012vd6/75-FaceId-1_align.webp,0.054381,0.0,0.0465074146080712
database3/database3/m.012vf6/90-FaceId-0_align.webp,0.069167,0.0,0.0342618712161159
database3/database3/m.012vhn/10-FaceId-0_align.webp,0.009813,1.0,0.0250129594682028
database3/database3/m.012vhn/4-FaceId-0_align.webp,0.005793,1.0,0.0149601682671097
database3/database3/m.012vq0/30-FaceId-0_align.webp,0.028246,1.0,0.0263311323591561
database3/database3/m.012vq0/67-FaceId-0_align.webp,0.017872,1.0,0.0304924095859313
database3/database3/m.012vqh/80-FaceId-0_align.webp,0.078239,0.0,0.0421900639257298
database3/database3/m.012w05/52-FaceId-0_align.webp,0.000408,1.0,0.031961336441143
database3/database3/m.012w3k/19-FaceId-0_align.webp,0.109411,1.0,0.0510904759816997
database3/database3/m.012w3k/33-FaceId-0_align.webp,0.07009,1.0,0.028660785759075
database3/database3/m.012w3k/4-FaceId-0_align.webp,0.071086,1.0,0.0330024391818874
database3/database3/m.012wfh/73-FaceId-0_align.webp,0.055456,0.0,0.0594660323412094
database3/database3/m.012wfh/77-FaceId-0_align.webp,0.055,0.0,0.0313105997732503
database3/database3/m.012wgv/56-FaceId-0_align.webp,0.072911,1.0,0.0314348392332043
database3/database3/m.012x2b/18-FaceId-0_align.webp,0.0,1.0,0.0343869678320418
database3/database3/m.012x2b/46-FaceId-0_align.webp,0.039092,1.0,0.0370475427143447
database3/database3/m.012x2b/54-FaceId-0_align.webp,0.049838,1.0,0.02517258740912
database3/database3/m.012x2b/72-FaceId-0_align.webp,0.008788,1.0,0.0250369094793414
database3/database3/m.012x5/81-FaceId-0_align.webp,0.058123,0.0,0.0321046484026584
database3/database3/m.012xdy/81-FaceId-0_align.webp,0.012382,1.0,0.0345182423832276
database3/database3/m.012xls/57-FaceId-0_align.webp,0.114584,1.0,0.1631808827413327
database3/database3/m.012xls/70-FaceId-0_align.webp,0.126797,1.0,0.0296328432656927
database3/database3/m.012xls/74-FaceId-0_align.webp,0.018384,1.0,0.1043926671277069
database3/database3/m.012y1h/86-FaceId-0_align.webp,0.123838,1.0,0.0350643829805863
database3/database3/m.012ycy/16-FaceId-0_align.webp,0.002336,1.0,0.0355163324712088
database3/database3/m.012ycy/21-FaceId-0_align.webp,0.164069,1.0,0.0324893551034941
database3/database3/m.012ycy/73-FaceId-0_align.webp,0.017165,1.0,0.0358938906099045
database3/database3/m.012ycy/99-FaceId-0_align.webp,0.136797,1.0,0.0162734506366466
database3/database3/m.012yg1/19-FaceId-0_align.webp,0.003406,1.0,0.066068605043094
database3/database3/m.012yg1/21-FaceId-0_align.webp,0.007301,1.0,0.0381692689786032
database3/database3/m.012yg1/66-FaceId-0_align.webp,0.007466,1.0,0.0478642365502878
database3/database3/m.012yhd/22-FaceId-0_align.webp,0.043044,1.0,0.0381635419508223
database3/database3/m.012yhd/41-FaceId-0_align.webp,0.014599,1.0,0.0361683361473876
database3/database3/m.012yhd/87-FaceId-0_align.webp,0.016417,1.0,0.0381977325414272
database3/database3/m.012ysy/40-FaceId-0_align.webp,0.005784,1.0,0.0309059224093987
database3/database3/m.012yxk/51-FaceId-0_align.webp,0.111796,1.0,0.0410539177044203
database3/database3/m.012z8_/39-FaceId-0_align.webp,0.076699,1.0,0.0300186895014978
database3/database3/m.012zrl/119-FaceId-0_align.webp,0.19435,0.0,0.0201664870885764
database3/database3/m.012zrl/22-FaceId-0_align.webp,0.184216,0.0,0.0283323569956847
database3/database3/m.012zrl/34-FaceId-0_align.webp,0.221002,0.0,0.0408468375072545
database3/database3/m.01300z/111-FaceId-0_align.webp,0.011168,1.0,0.0269604140956249
database3/database3/m.01300z/46-FaceId-0_align.webp,0.004916,1.0,0.0295388174717949
database3/database3/m.01306d/26-FaceId-0_align.webp,0.043181,1.0,0.0337410912955081
database3/database3/m.0130py/108-FaceId-0_align.webp,0.041408,1.0,0.06431694999739
database3/database3/m.0130py/9-FaceId-0_align.webp,0.045214,1.0,0.0279346640696036
database3/database3/m.0130sy/65-FaceId-0_align.webp,0.067207,1.0,0.0169714446476297
database3/database3/m.013107/34-FaceId-0_align.webp,0.131929,0.0,0.027642999641102
database3/database3/m.0131kb/28-FaceId-0_align.webp,0.0,1.0,0.0173908013140016
database3/database3/m.0131kb/47-FaceId-0_align.webp,0.0,1.0,0.029463853646676
database3/database3/m.0131kb/76-FaceId-0_align.webp,0.081559,1.0,0.063131301903674
database3/database3/m.013267/23-FaceId-0_align.webp,0.049038,1.0,0.0321955342495137
database3/database3/m.0132k4/103-FaceId-0_align.webp,0.076004,1.0,0.0452521259777301
database3/database3/m.0132k4/97-FaceId-0_align.webp,0.101202,1.0,0.0373602605259084
database3/database3/m.0132kn/100-FaceId-0_align.webp,0.045478,1.0,0.0330191085575634
database3/database3/m.0132q1/29-FaceId-0_align.webp,0.017581,0.0,0.0283254072356033
database3/database3/m.013339/106-FaceId-0_align.webp,0.058305,1.0,0.0262178123634547
database3/database3/m.013339/23-FaceId-0_align.webp,0.255508,1.0,0.0478979308985863
database3/database3/m.013339/80-FaceId-0_align.webp,0.066481,1.0,0.0399910769846615
database3/database3/m.01338h/81-FaceId-0_align.webp,0.088482,0.0,0.024916909879653
database3/database3/m.0133c4/15-FaceId-0_align.webp,0.207364,1.0,0.0273156735953758
database3/database3/m.0133x7/100-FaceId-0_align.webp,0.144974,0.0,0.0267565124466272
database3/database3/m.0133yt/45-FaceId-0_align.webp,0.102482,1.0,0.0456580836558745
database3/database3/m.01341q/51-FaceId-0_align.webp,0.043853,1.0,0.0674009306235495
database3/database3/m.013423/105-FaceId-0_align.webp,0.016474,0.0,0.0566758145061788
database3/database3/m.013423/43-FaceId-0_align.webp,0.10846,0.0,0.0253936011485596
database3/database3/m.0134cp/27-FaceId-0_align.webp,0.030912,1.0,0.0342728634481799
database3/database3/m.0134cp/34-FaceId-1_align.webp,0.031754,1.0,0.0354154081498063
database3/database3/m.0134cp/53-FaceId-0_align.webp,0.019724,1.0,0.0299765416858597
database3/database3/m.0134dc/38-FaceId-0_align.webp,0.000768,1.0,0.0452866632304971
database3/database3/m.0134dc/73-FaceId-0_align.webp,0.003398,1.0,0.0713380395471748
database3/database3/m.0134fr/66-FaceId-0_align.webp,0.01299,1.0,0.0323963093182373
database3/database3/m.0134fr/82-FaceId-0_align.webp,0.004786,1.0,0.0380335800625246
database3/database3/m.0134wr/11-FaceId-2_align.webp,0.000566,1.0,0.0371704232972902
database3/database3/m.0134wr/30-FaceId-2_align.webp,0.080915,1.0,0.0262759730519505
database3/database3/m.0134wr/52-FaceId-2_align.webp,0.028557,1.0,0.0194177408783045
database3/database3/m.0134wr/65-FaceId-1_align.webp,0.001253,1.0,0.0232287417296431
database3/database3/m.0134wr/69-FaceId-2_align.webp,0.064238,1.0,0.027461428631219
database3/database3/m.0134wr/89-FaceId-1_align.webp,0.188914,1.0,0.0223349532529665
database3/database3/m.0135nb/89-FaceId-0_align.webp,0.051256,1.0,0.030895679808225
database3/database3/m.01368v/100-FaceId-0_align.webp,0.078994,0.0,0.0270057914412185
database3/database3/m.01368v/58-FaceId-0_align.webp,0.186435,0.0,0.0265642278443223
database3/database3/m.01368v/59-FaceId-1_align.webp,0.101878,0.0,0.0240019832082422
database3/database3/m.0136ms/38-FaceId-0_align.webp,0.015722,1.0,0.0318538830463413
database3/database3/m.0136p1/103-FaceId-0_align.webp,0.341015,0.0,0.0431643059607371
database3/database3/m.0136p1/13-FaceId-0_align.webp,0.259257,0.0,0.0313258828096652
database3/database3/m.0136p1/66-FaceId-0_align.webp,0.075301,0.0,0.0263800509831751
database3/database3/m.0136pk/68-FaceId-0_align.webp,0.195786,1.0,0.0366501621042173
database3/database3/m.0136pk/87-FaceId-0_align.webp,0.172482,1.0,0.0328027585267473
database3/database3/m.0136tm/24-FaceId-0_align.webp,0.011359,1.0,0.0295890491905977
database3/database3/m.0137s4/92-FaceId-0_align.webp,0.014219,1.0,0.1306935891020505
database3/database3/m.01380_/30-FaceId-0_align.webp,0.062935,1.0,0.0613945641070612
database3/database3/m.01380_/84-FaceId-0_align.webp,0.019541,1.0,0.0328138967833628
database3/database3/m.013823/15-FaceId-0_align.webp,0.004502,1.0,0.0222652963941982
database3/database3/m.013823/5-FaceId-0_align.webp,0.029677,1.0,0.0214160621429007
database3/database3/m.013846/35-FaceId-0_align.webp,0.005272,1.0,0.0335650599829855
database3/database3/m.013846/71-FaceId-0_align.webp,0.036782,1.0,0.0300788764664347
database3/database3/m.01386_/97-FaceId-0_align.webp,0.01382,1.0,0.0253958410075749
database3/database3/m.01386m/93-FaceId-0_align.webp,0.049853,1.0,0.0339201079335125
database3/database3/m.01387g/36-FaceId-0_align.webp,0.020561,1.0,0.0304844238011563
database3/database3/m.01387g/90-FaceId-0_align.webp,0.00159,1.0,0.0240063307713064
database3/database3/m.01387y/2-FaceId-0_align.webp,0.062856,1.0,0.0345021152629785
database3/database3/m.01387y/32-FaceId-0_align.webp,0.048091,1.0,0.0350059612287507
database3/database3/m.01387y/46-FaceId-0_align.webp,0.0006,1.0,0.0249321632300021
database3/database3/m.01388c/29-FaceId-0_align.webp,0.136546,1.0,0.038683618406504
database3/database3/m.01388c/82-FaceId-0_align.webp,0.007483,1.0,0.0333644697286097
database3/database3/m.01388c/92-FaceId-0_align.webp,0.007604,1.0,0.0275962861159116
database3/database3/m.01389w/75-FaceId-1_align.webp,0.011085,1.0,0.0236880145456861
database3/database3/m.01389w/76-FaceId-0_align.webp,0.018887,1.0,0.0276622364609905
database3/database3/m.0138b7/49-FaceId-0_align.webp,0.173256,1.0,0.0319143537826785
database3/database3/m.0138b7/63-FaceId-0_align.webp,0.091583,1.0,0.0654854929093617
database3/database3/m.0138m1/11-FaceId-0_align.webp,0.033355,1.0,0.0367439361076337
database3/database3/m.0138m1/60-FaceId-0_align.webp,0.027664,1.0,0.0248690541460413
database3/database3/m.0139rh/103-FaceId-0_align.webp,0.008771,1.0,0.024553855947289
database3/database3/m.0139rh/5-FaceId-0_align.webp,0.009412,1.0,0.0220474065841483
database3/database3/m.013_4m/89-FaceId-0_align.webp,0.106225,1.0,0.0223528417337294
database3/database3/m.013_gz/96-FaceId-0_align.webp,0.14677,0.0,0.0282197534412758
database3/database3/m.013_tp/47-FaceId-0_align.webp,0.000171,1.0,0.041966481423256
database3/database3/m.013b7z/45-FaceId-0_align.webp,0.025843,1.0,0.0327421501266297
database3/database3/m.013bym/61-FaceId-0_align.webp,0.110889,0.0,0.0269351556117924
database3/database3/m.013bym/65-FaceId-0_align.webp,0.249006,0.0,0.0241809691199545
database3/database3/m.013bym/66-FaceId-0_align.webp,0.288548,0.0,0.0329632282267635
database3/database3/m.013bym/71-FaceId-0_align.webp,0.115164,0.0,0.0260387234096151
database3/database3/m.013m5y/73-FaceId-0_align.webp,0.0,1.0,0.0488869008208141
database3/database3/m.013p_0/60-FaceId-0_align.webp,0.015459,1.0,0.0989729086037511
database3/database3/m.013p_j/3-FaceId-0_align.webp,0.046784,1.0,0.0303605328547902
database3/database3/m.013p_j/43-FaceId-0_align.webp,0.026287,1.0,0.0310657160730966
database3/database3/m.013p_w/1-FaceId-0_align.webp,0.045903,0.0,0.0289942496346858
database3/database3/m.013p_w/90-FaceId-1_align.webp,0.028906,0.0,0.0273391996075193
database3/database3/m.013pp3/83-FaceId-0_align.webp,0.052247,1.0,0.0397574000530401
database3/database3/m.013ppl/76-FaceId-0_align.webp,0.018885,1.0,0.0293072009423906
database3/database3/m.013q78/86-FaceId-0_align.webp,0.03,1.0,0.0311066052926294
database3/database3/m.013q8x/26-FaceId-0_align.webp,0.110943,1.0,0.0557136697420857
database3/database3/m.013q8x/42-FaceId-0_align.webp,0.056383,1.0,0.0266186412753091
database3/database3/m.013q8x/99-FaceId-0_align.webp,0.005069,1.0,0.0315961722202557
database3/database3/m.013qb0/82-FaceId-0_align.webp,0.080376,1.0,0.0431894276760174
database3/database3/m.013qb0/94-FaceId-0_align.webp,0.14541,1.0,0.0341376864490029
database3/database3/m.013qjp/42-FaceId-0_align.webp,0.027503,1.0,0.0278375931758978
database3/database3/m.013qjp/83-FaceId-0_align.webp,0.014,1.0,0.0308095015123215
database3/database3/m.013qpt/31-FaceId-0_align.webp,0.020067,1.0,0.0271043868436643
database3/database3/m.013qq4/70-FaceId-0_align.webp,0.020855,1.0,0.0265200492715267
database3/database3/m.013qwl/61-FaceId-0_align.webp,0.006336,1.0,0.0273386282245117
database3/database3/m.013qwy/18-FaceId-0_align.webp,0.050242,1.0,0.0282889437001398
database3/database3/m.013qy3/30-FaceId-0_align.webp,0.004735,1.0,0.0609653987234956
database3/database3/m.013qy3/92-FaceId-0_align.webp,0.026678,1.0,0.0278729449858603
database3/database3/m.013qyh/56-FaceId-1_align.webp,0.057576,1.0,0.0981902415127003
database3/database3/m.013r6h/27-FaceId-0_align.webp,0.054123,1.0,0.0200091408081154
database3/database3/m.013r6h/46-FaceId-0_align.webp,0.123792,1.0,0.0865399791668984
database3/database3/m.013s1b/47-FaceId-0_align.webp,0.148289,1.0,0.0486415498082346
database3/database3/m.013s1t/21-FaceId-0_align.webp,0.005317,1.0,0.0309972762318984
database3/database3/m.013s3/75-FaceId-0_align.webp,0.061568,1.0,0.0572101806759487
database3/database3/m.013s6x/6-FaceId-0_align.webp,0.031839,1.0,0.0280484193528593
database3/database3/m.013s8s/33-FaceId-0_align.webp,0.074629,0.0,0.0239179992087875
database3/database3/m.013sjh/7-FaceId-0_align.webp,0.189385,1.0,0.0403536421443163
database3/database3/m.013t9y/12-FaceId-0_align.webp,0.013435,1.0,0.0515036126092996
database3/database3/m.013tjc/54-FaceId-0_align.webp,0.0,1.0,0.0416545136559581
database3/database3/m.013tjc/56-FaceId-0_align.webp,0.015964,1.0,0.0286293939288297
database3/database3/m.013v12/3-FaceId-0_align.webp,0.018587,1.0,0.028455872490453
database3/database3/m.013v12/7-FaceId-0_align.webp,0.019979,1.0,0.0292955600701527
database3/database3/m.013v5j/57-FaceId-0_align.webp,0.119854,0.0,0.023757990975827
database3/database3/m.013vdl/109-FaceId-0_align.webp,0.167747,0.0,0.0210958784098072
database3/database3/m.013vdl/32-FaceId-0_align.webp,0.021263,0.0,0.025577090498088
database3/database3/m.013vtr/20-FaceId-0_align.webp,0.015954,1.0,0.0296620010472477
database3/database3/m.013w7j/20-FaceId-0_align.webp,0.009375,1.0,0.0578686889332145
database3/database3/m.013w7j/32-FaceId-0_align.webp,0.001151,1.0,0.0321792095456387
database3/database3/m.013w7j/64-FaceId-0_align.webp,0.008592,1.0,0.0699772167061389
database3/database3/m.013w8h/4-FaceId-0_align.webp,0.094597,1.0,0.0280897150234647
database3/database3/m.013wt0/40-FaceId-1_align.webp,0.123008,0.0,0.0298214874464655
database3/database3/m.013wz9/26-FaceId-0_align.webp,0.18678,0.0,0.0300955126413938
database3/database3/m.013wz9/73-FaceId-0_align.webp,0.219059,0.0,0.0333287383122206
database3/database3/m.013xhr/100-FaceId-0_align.webp,0.00219,1.0,0.0431751177996656
database3/database3/m.013xhr/23-FaceId-0_align.webp,0.015916,1.0,0.0296965725872235
database3/database3/m.013xhr/24-FaceId-0_align.webp,0.064866,1.0,0.0254520684389425
database3/database3/m.013xhr/33-FaceId-0_align.webp,0.013765,1.0,0.0694518686745485
database3/database3/m.013xhr/42-FaceId-0_align.webp,0.02596,1.0,0.0514106390347778
database3/database3/m.013xs1/10-FaceId-0_align.webp,0.059547,1.0,0.0278051757624261
database3/database3/m.013y2b/23-FaceId-0_align.webp,0.154363,0.0,0.025490244168463
database3/database3/m.013y2b/32-FaceId-0_align.webp,0.092369,0.0,0.0249864448561283
database3/database3/m.013y2b/66-FaceId-0_align.webp,0.108782,0.0,0.0252636899364112
database3/database3/m.013y2s/40-FaceId-0_align.webp,0.026989,0.0,0.0253692866884733
database3/database3/m.013y2s/73-FaceId-0_align.webp,0.075667,0.0,0.0309641963377392
database3/database3/m.013yd0/51-FaceId-0_align.webp,0.167678,0.0,0.0265018410255388
database3/database3/m.013yd0/92-FaceId-0_align.webp,0.096098,0.0,0.0236562387636647
database3/database3/m.013ykk/37-FaceId-0_align.webp,0.042458,0.0,0.0310956962769097
database3/database3/m.013ykx/9-FaceId-0_align.webp,0.117351,0.0,0.026741222444243
database3/database3/m.013ylm/42-FaceId-0_align.webp,0.120671,0.0,0.0315236047663363
database3/database3/m.013ylm/97-FaceId-0_align.webp,0.133134,0.0,0.0299265060573629
database3/database3/m.013yvd/37-FaceId-0_align.webp,0.027946,1.0,0.0242510832952325
database3/database3/m.013yvd/75-FaceId-0_align.webp,0.027604,1.0,0.0260298691417451
database3/database3/m.013yyq/27-FaceId-0_align.webp,0.014857,1.0,0.0358593802966312
database3/database3/m.013yyq/44-FaceId-0_align.webp,0.06122,1.0,0.3389336926522939
database3/database3/m.013yyq/48-FaceId-0_align.webp,0.11735,1.0,0.0379581965189139
database3/database3/m.013zjz/16-FaceId-0_align.webp,0.071353,1.0,0.0377203528364196
database3/database3/m.013zm7/89-FaceId-0_align.webp,0.144683,1.0,0.039736028480201
database3/database3/m.013zpf/72-FaceId-0_align.webp,0.0,0.0,0.0699780750381693
database3/database3/m.013zpf/88-FaceId-0_align.webp,0.169008,0.0,0.027285985259021
database3/database3/m.013zr7/15-FaceId-0_align.webp,0.062795,1.0,0.0254309166673112
database3/database3/m.013zs9/83-FaceId-0_align.webp,0.33489,0.0,0.0349966924151066
database3/database3/m.013zyw/16-FaceId-0_align.webp,0.043076,1.0,0.0225832133658826
database3/database3/m.013zyw/19-FaceId-0_align.webp,0.020445,1.0,0.0208351808800971
database3/database3/m.013zyw/21-FaceId-0_align.webp,0.01715,1.0,0.0224231134789795
database3/database3/m.01400g/101-FaceId-0_align.webp,0.057026,0.0,0.0439903605221673
database3/database3/m.01400g/117-FaceId-0_align.webp,0.219786,0.0,0.0392631284710911
database3/database3/m.01400g/31-FaceId-0_align.webp,0.04717,0.0,0.0272590012433639
database3/database3/m.01400g/47-FaceId-0_align.webp,0.103943,0.0,0.0271846688755726
database3/database3/m.014029/72-FaceId-0_align.webp,0.164078,0.0,0.022079805473137
database3/database3/m.0140ly/8-FaceId-0_align.webp,0.018837,1.0,0.0243888491682718
database3/database3/m.0140v2/84-FaceId-0_align.webp,0.185102,1.0,0.0800483653709918
database3/database3/m.0141qv/12-FaceId-0_align.webp,0.026897,1.0,0.0269383376855383
database3/database3/m.0142n8/3-FaceId-0_align.webp,0.193323,1.0,0.0260079495667509
database3/database3/m.0142n8/5-FaceId-0_align.webp,0.020679,1.0,0.0321504356316603
database3/database3/m.0142sv/3-FaceId-0_align.webp,0.0,1.0,0.0197291039704331
database3/database3/m.0142sv/32-FaceId-0_align.webp,0.0,1.0,0.0200031587199971
database3/database3/m.01433m/64-FaceId-0_align.webp,0.03742,0.0,0.0572430678153587
database3/database3/m.0143sn/66-FaceId-0_align.webp,0.02374,1.0,0.0317273631106425
database3/database3/m.0143wl/30-FaceId-0_align.webp,0.034923,1.0,0.0329466286815565
database3/database3/m.0143wl/81-FaceId-0_align.webp,0.051966,1.0,0.0350868284088688
database3/database3/m.014488/3-FaceId-0_align.webp,0.020128,1.0,0.0242987096384775
database3/database3/m.01449w/57-FaceId-0_align.webp,0.017199,1.0,0.0658025687111407
database3/database3/m.01449w/80-FaceId-0_align.webp,0.016942,1.0,0.0471709058006313
database3/database3/m.01449w/99-FaceId-0_align.webp,0.011762,1.0,0.0545390326666926
database3/database3/m.0144_b/77-FaceId-0_align.webp,0.037923,1.0,0.0237786595607686
database3/database3/m.0144_b/99-FaceId-0_align.webp,0.002226,1.0,0.028952591056284
database3/database3/m.0144k5/45-FaceId-0_align.webp,0.060457,0.0,0.0266146253375814
database3/database3/m.0144k5/53-FaceId-0_align.webp,0.099321,0.0,0.0300595401215459
database3/database3/m.0144k5/58-FaceId-0_align.webp,0.088277,0.0,0.025249282445006
database3/database3/m.0144k5/85-FaceId-0_align.webp,0.078258,0.0,0.0355792785007186
database3/database3/m.014508/74-FaceId-0_align.webp,0.033711,1.0,0.0291776664140163
database3/database3/m.0146fs/16-FaceId-0_align.webp,0.00871,1.0,0.0286286979122451
database3/database3/m.0147cn/44-FaceId-0_align.webp,0.171045,1.0,0.0341301464635055
database3/database3/m.0147cn/79-FaceId-0_align.webp,0.059428,1.0,0.0364324574521113
database3/database3/m.0147jt/99-FaceId-0_align.webp,0.019999,1.0,0.0306065807392399
database3/database3/m.0147qz/78-FaceId-0_align.webp,0.010623,1.0,0.03790410597856
database3/database3/m.01480y/76-FaceId-0_align.webp,0.0,1.0,0.0231441414753832
database3/database3/m.0148_m/52-FaceId-0_align.webp,0.01178,1.0,0.0375020388885653
database3/database3/m.0148m9/58-FaceId-0_align.webp,0.040365,1.0,0.0294568355417814
database3/database3/m.0148qq/63-FaceId-1_align.webp,0.082134,1.0,0.050003520263961
database3/database3/m.0148x0/17-FaceId-0_align.webp,0.195787,0.0,0.0306754301721973
database3/database3/m.014902/18-FaceId-0_align.webp,0.02167,1.0,0.0331439333465357
database3/database3/m.01491d/96-FaceId-0_align.webp,0.018562,1.0,0.0246339285844385
database3/database3/m.014936/66-FaceId-0_align.webp,0.009581,0.0,0.02809917704648
database3/database3/m.0149k5/29-FaceId-0_align.webp,0.022158,1.0,0.028838692408119
database3/database3/m.0149k5/81-FaceId-0_align.webp,0.042078,1.0,0.0523445704241573
database3/database3/m.0149vp/23-FaceId-0_align.webp,0.153482,1.0,0.0081973140495867
database3/database3/m.0149vp/3-FaceId-0_align.webp,0.055794,1.0,0.0282426979720837
database3/database3/m.0149vp/63-FaceId-0_align.webp,0.126629,1.0,0.0353460744100296
database3/database3/m.0149wl/102-FaceId-0_align.webp,0.022928,1.0,0.0503677090979001
database3/database3/m.0149wl/45-FaceId-0_align.webp,0.024169,1.0,0.0583289786413321
database3/database3/m.0149xx/94-FaceId-0_align.webp,0.042337,1.0,0.0517043807876735
database3/database3/m.014_1g/72-FaceId-0_align.webp,0.019311,0.0,0.0275943213416429
database3/database3/m.014_1g/8-FaceId-0_align.webp,0.209769,0.0,0.0357111143497954
database3/database3/m.014_4y/6-FaceId-0_align.webp,0.048047,1.0,0.0280128555682615
database3/database3/m.014_sl/106-FaceId-0_align.webp,0.23715,0.0,0.0331153179752439
database3/database3/m.014_sl/74-FaceId-0_align.webp,0.390836,0.0,0.0256674340371413
database3/database3/m.014bn_/16-FaceId-0_align.webp,0.037637,1.0,0.0250895495162126
database3/database3/m.014bn_/85-FaceId-1_align.webp,0.012813,1.0,0.0271445110784515
database3/database3/m.014bps/75-FaceId-0_align.webp,0.000105,1.0,0.0341126970963741
database3/database3/m.014byr/85-FaceId-0_align.webp,0.140079,1.0,0.0389852444007954
database3/database3/m.014bz_/33-FaceId-0_align.webp,0.044503,1.0,0.0328641259222305
database3/database3/m.014c0y/76-FaceId-0_align.webp,0.175143,1.0,0.0318795380805499
database3/database3/m.014c40/62-FaceId-0_align.webp,0.041412,1.0,0.0526425980749992
database3/database3/m.014c40/70-FaceId-0_align.webp,0.059838,1.0,0.0275461629324807
database3/database3/m.014cq/6-FaceId-0_align.webp,0.092137,1.0,0.0264875021480148
database3/database3/m.014cq/86-FaceId-0_align.webp,0.009035,1.0,0.042761685165535
database3/database3/m.014cw2/26-FaceId-0_align.webp,0.010138,1.0,0.0252591966535565
database3/database3/m.014cw2/50-FaceId-0_align.webp,0.006571,1.0,0.0263232760288038
database3/database3/m.014d0v/117-FaceId-0_align.webp,0.00171,1.0,0.0287914385423172
database3/database3/m.014d0v/5-FaceId-0_align.webp,0.0,1.0,0.0187450280303371
database3/database3/m.014d0v/76-FaceId-0_align.webp,0.001899,1.0,0.0277513267853547
database3/database3/m.014d15/7-FaceId-0_align.webp,0.067756,1.0,0.0330547740762924
database3/database3/m.014d3/12-FaceId-0_align.webp,0.002261,1.0,0.0291706385645207
database3/database3/m.014d3/72-FaceId-0_align.webp,0.018566,1.0,0.0282186644579051
database3/database3/m.014d3y/82-FaceId-0_align.webp,0.033512,0.0,0.1685860330485152
database3/database3/m.014dg1/103-FaceId-0_align.webp,0.026524,1.0,0.0263864258328226
database3/database3/m.014dg1/51-FaceId-0_align.webp,0.001679,1.0,0.0327925622722257
database3/database3/m.014dg1/65-FaceId-0_align.webp,0.0,1.0,0.0196773945262856
database3/database3/m.014dg1/7-FaceId-0_align.webp,0.01106,1.0,0.0330516687715566
database3/database3/m.014dg1/86-FaceId-0_align.webp,0.019596,1.0,0.0298975316226378
database3/database3/m.014dm6/105-FaceId-0_align.webp,0.23153,1.0,0.0299088525730034
database3/database3/m.014dy_/50-FaceId-0_align.webp,0.069776,1.0,0.0183143510359939
database3/database3/m.014dy_/73-FaceId-0_align.webp,0.01239,1.0,0.0252296005448515
database3/database3/m.014f8k/25-FaceId-0_align.webp,0.24634,0.0,0.0259966720852544
database3/database3/m.014f8k/9-FaceId-0_align.webp,0.182534,0.0,0.0266537758318354
database3/database3/m.014fcb/0-FaceId-0_align.webp,0.028343,1.0,0.0297877376828271
database3/database3/m.014fd7/98-FaceId-0_align.webp,0.096652,1.0,0.0324451709534891
database3/database3/m.014g17/1-FaceId-0_align.webp,0.005705,1.0,0.0313427951415194
database3/database3/m.014g17/9-FaceId-0_align.webp,0.079641,1.0,0.0456554289026274
database3/database3/m.014g22/90-FaceId-0_align.webp,0.35161,0.0,0.0396568928343937
database3/database3/m.014g6c/86-FaceId-0_align.webp,0.02888,1.0,0.0304948451279327
database3/database3/m.014g6v/43-FaceId-0_align.webp,0.001902,1.0,0.026297132950717
database3/database3/m.014g79/86-FaceId-0_align.webp,0.049609,1.0,0.0313645227162869
database3/database3/m.014g8p/48-FaceId-0_align.webp,0.000256,1.0,0.0402331844047229
database3/database3/m.014g9y/12-FaceId-0_align.webp,0.038159,0.0,0.0281932395358321
database3/database3/m.014g_f/26-FaceId-0_align.webp,0.000817,1.0,0.016548218520766
database3/database3/m.014g_f/35-FaceId-0_align.webp,0.001771,1.0,0.0274045897007564
database3/database3/m.014gf8/102-FaceId-0_align.webp,0.00204,1.0,0.1394181350146803
database3/database3/m.014gf8/28-FaceId-0_align.webp,0.018311,1.0,0.0223219486077004
database3/database3/m.014gf8/69-FaceId-0_align.webp,0.050273,1.0,0.0293424490007333
database3/database3/m.014gf8/9-FaceId-0_align.webp,0.034223,1.0,0.0280050880959796
database3/database3/m.014gsd/79-FaceId-0_align.webp,0.118598,1.0,0.0342783270328005
database3/database3/m.014h_s/80-FaceId-0_align.webp,0.173494,0.0,0.0293120919696286
database3/database3/m.014hlm/54-FaceId-0_align.webp,0.078394,0.0,0.0253605824850435
database3/database3/m.014hmv/53-FaceId-1_align.webp,0.0,1.0,0.0296125995380859
database3/database3/m.014j8m/72-FaceId-0_align.webp,0.0057,1.0,0.031720873432569
database3/database3/m.014jb8/10-FaceId-0_align.webp,0.009911,1.0,0.066915078220182
database3/database3/m.014jk0/16-FaceId-0_align.webp,0.026202,1.0,0.046141910860446
database3/database3/m.014jk0/61-FaceId-0_align.webp,0.011335,1.0,0.1677316293929712
database3/database3/m.014jk0/74-FaceId-0_align.webp,0.003357,1.0,0.0753474279409467
database3/database3/m.014jxq/20-FaceId-0_align.webp,0.165895,0.0,0.0300575916476451
database3/database3/m.014jxq/43-FaceId-0_align.webp,0.136492,0.0,0.0220776822361393
database3/database3/m.014jy6/23-FaceId-0_align.webp,0.150311,1.0,0.0652753503581512
database3/database3/m.014jy6/50-FaceId-0_align.webp,0.042148,1.0,0.0272158876080229
database3/database3/m.014jy6/97-FaceId-0_align.webp,0.061362,1.0,0.0550080607769643
database3/database3/m.014k1v/95-FaceId-3_align.webp,0.133686,1.0,0.055676065891458
database3/database3/m.014k2p/25-FaceId-0_align.webp,0.315824,1.0,0.0342126478719024
database3/database3/m.014kbz/16-FaceId-0_align.webp,0.028027,1.0,0.029246939192839
database3/database3/m.014kbz/22-FaceId-0_align.webp,0.028933,1.0,0.0313037862567471
database3/database3/m.014kbz/81-FaceId-0_align.webp,0.006506,1.0,0.0322112605888541
database3/database3/m.014kxv/1-FaceId-0_align.webp,0.013313,1.0,0.0257325495171212
database3/database3/m.014kxv/11-FaceId-0_align.webp,0.053384,1.0,0.0209886534834109
database3/database3/m.014lb1/14-FaceId-2_align.webp,0.000111,0.0,0.0254881062894054
database3/database3/m.014lb1/47-FaceId-0_align.webp,0.167631,0.0,0.0255872673582256
database3/database3/m.014lb1/62-FaceId-1_align.webp,0.053145,0.0,0.0235133016277222
database3/database3/m.014lyb/65-FaceId-0_align.webp,0.056831,1.0,0.029022035856444
database3/database3/m.014m_1/70-FaceId-0_align.webp,0.018552,1.0,0.0276296668546806
database3/database3/m.014mvy/17-FaceId-0_align.webp,0.196734,1.0,0.0410685968527345
database3/database3/m.014mvy/58-FaceId-0_align.webp,0.218895,1.0,0.0443436124806987
database3/database3/m.014n_k/48-FaceId-0_align.webp,0.006557,1.0,0.0293848896742952
database3/database3/m.014n_k/70-FaceId-0_align.webp,0.029858,1.0,0.0254071049977547
database3/database3/m.014nfw/87-FaceId-0_align.webp,0.123499,0.0,0.0261568358241804
database3/database3/m.014p33/83-FaceId-2_align.webp,0.084076,0.0,0.0242097670732479
database3/database3/m.014p33/87-FaceId-0_align.webp,0.07546,0.0,0.0276777251890124
database3/database3/m.014ptb/14-FaceId-1_align.webp,0.016295,1.0,0.0479192670246958
database3/database3/m.014ptb/5-FaceId-0_align.webp,0.001038,1.0,0.0629953932890989
database3/database3/m.014ptb/50-FaceId-0_align.webp,0.185526,1.0,0.0270776380310245
database3/database3/m.014pxk/118-FaceId-0_align.webp,0.227914,1.0,0.0549343638962267
database3/database3/m.014pys/19-FaceId-0_align.webp,0.047245,1.0,0.0571766339484537
database3/database3/m.014pzz/110-FaceId-0_align.webp,0.13041,0.0,0.0244633264719017
database3/database3/m.014qjt/47-FaceId-0_align.webp,0.002851,1.0,0.0319399647602903
database3/database3/m.014r6r/81-FaceId-0_align.webp,0.091441,0.0,0.0252171388882161
database3/database3/m.014s81/3-FaceId-0_align.webp,0.077926,1.0,0.0395177374182183
database3/database3/m.014sj7/7-FaceId-0_align.webp,0.074577,1.0,0.0353574122502678
database3/database3/m.014skb/4-FaceId-0_align.webp,0.096076,0.0,0.0282594320433993
database3/database3/m.014skb/53-FaceId-0_align.webp,0.075066,0.0,0.027904372614059
database3/database3/m.014skb/55-FaceId-0_align.webp,0.080414,0.0,0.0293161129725845
database3/database3/m.014v1q/8-FaceId-1_align.webp,0.038359,1.0,0.0364782064937174
database3/database3/m.014v6x/16-FaceId-0_align.webp,0.159906,0.0,0.0255897726568662
database3/database3/m.014v6x/20-FaceId-0_align.webp,0.306955,0.0,0.0294460554101389
database3/database3/m.014v6x/88-FaceId-0_align.webp,0.075191,0.0,0.0213676017972982
database3/database3/m.014vbq/60-FaceId-0_align.webp,0.005701,1.0,0.0795521058658862
database3/database3/m.014vnb/46-FaceId-0_align.webp,0.027126,1.0,0.0304171923159153
database3/database3/m.014vnb/51-FaceId-0_align.webp,0.043084,1.0,0.031816143749996
database3/database3/m.014vtj/100-FaceId-0_align.webp,0.000679,1.0,0.0297236816268641
database3/database3/m.014wsb/38-FaceId-0_align.webp,0.106862,1.0,0.027299866281437
database3/database3/m.014x0w/28-FaceId-0_align.webp,0.353028,0.0,0.0725505372989158
database3/database3/m.014x0w/74-FaceId-0_align.webp,0.177523,0.0,0.0267206109831042
database3/database3/m.014x0w/96-FaceId-0_align.webp,0.217684,0.0,0.030142218909224
database3/database3/m.014xn7/100-FaceId-0_align.webp,0.007084,1.0,0.0242664563054467
database3/database3/m.014xn7/42-FaceId-0_align.webp,0.003105,1.0,0.0282489983803928
database3/database3/m.014xr2/5-FaceId-0_align.webp,0.387134,0.0,0.0453747465814422
database3/database3/m.014xr2/87-FaceId-0_align.webp,0.341771,0.0,0.0362528108812306
database3/database3/m.014xzx/93-FaceId-0_align.webp,0.351892,1.0,0.0375091283560401
database3/database3/m.014y6/74-FaceId-0_align.webp,0.012495,1.0,0.0277105550595673
database3/database3/m.014y6/95-FaceId-0_align.webp,0.006882,1.0,0.0317107058593632
database3/database3/m.014y7g/1-FaceId-0_align.webp,0.005692,1.0,0.0280613754366876
database3/database3/m.014z8v/77-FaceId-0_align.webp,0.004141,1.0,0.0303303462609593
database3/database3/m.014zfs/76-FaceId-0_align.webp,0.024924,1.0,0.0295967059541641
database3/database3/m.014zxh/99-FaceId-0_align.webp,0.008633,1.0,0.0749332295663514
database3/database3/m.014zy/105-FaceId-0_align.webp,0.175949,1.0,0.0387999850458579
database3/database3/m.014zy/22-FaceId-0_align.webp,0.048224,1.0,0.0358215227071796
database3/database3/m.014zy/56-FaceId-0_align.webp,0.135716,1.0,0.071960903895814
database3/database3/m.015076/99-FaceId-0_align.webp,0.0064,1.0,0.0542794298366151
database3/database3/m.01507p/0-FaceId-0_align.webp,0.067522,1.0,0.0326237326575402
database3/database3/m.01509x/60-FaceId-0_align.webp,0.015557,1.0,0.0302793108626911
database3/database3/m.0150bp/103-FaceId-0_align.webp,0.041675,0.0,0.0237900874613209
database3/database3/m.0150j5/31-FaceId-0_align.webp,0.003889,1.0,0.0241424981994555
database3/database3/m.0150j5/4-FaceId-0_align.webp,0.006229,1.0,0.0251854228522171
database3/database3/m.0150j5/71-FaceId-0_align.webp,0.062123,1.0,0.0297003733649486
database3/database3/m.0150j5/81-FaceId-0_align.webp,0.001136,1.0,0.0191786577255644
database3/database3/m.0150j5/86-FaceId-0_align.webp,0.002669,1.0,0.0253017589049856
database3/database3/m.0150m1/111-FaceId-0_align.webp,0.023781,1.0,0.0323616109670112
database3/database3/m.0150m1/13-FaceId-0_align.webp,0.071346,1.0,0.0272609842783956
database3/database3/m.0150mg/0-FaceId-0_align.webp,0.057671,1.0,0.0663412406986458
database3/database3/m.0150mg/69-FaceId-0_align.webp,0.220147,1.0,0.0360717648566705
database3/database3/m.0150mg/88-FaceId-0_align.webp,0.14546,1.0,0.0356924093954904
database3/database3/m.0150mg/97-FaceId-0_align.webp,0.078806,1.0,0.0302778356097645
database3/database3/m.0150rl/42-FaceId-0_align.webp,0.016396,0.0,0.023793365597514
database3/database3/m.0150t6/36-FaceId-0_align.webp,0.017669,1.0,0.0253970745456807
database3/database3/m.0150t6/41-FaceId-0_align.webp,0.022058,1.0,0.0224435276292871
database3/database3/m.0150t6/63-FaceId-0_align.webp,0.015119,1.0,0.0303026293031167
database3/database3/m.01519n/21-FaceId-0_align.webp,0.389316,0.0,0.0436360152128836
database3/database3/m.01519n/69-FaceId-0_align.webp,0.017235,0.0,0.0286777065290116
database3/database3/m.0151fv/54-FaceId-0_align.webp,0.017876,0.0,0.0250261220234767
database3/database3/m.0151fv/90-FaceId-0_align.webp,0.296844,0.0,0.0316444279702527
database3/database3/m.0151fv/94-FaceId-0_align.webp,0.121468,0.0,0.0419937626909565
database3/database3/m.0151n1/16-FaceId-0_align.webp,0.044648,1.0,0.0288381135651916
database3/database3/m.0151n1/26-FaceId-0_align.webp,0.101903,1.0,0.0307456260673621
database3/database3/m.0151n1/29-FaceId-0_align.webp,0.049938,1.0,0.0384712485172884
database3/database3/m.0151n1/36-FaceId-0_align.webp,0.038201,1.0,0.0344160232934018
database3/database3/m.0151n1/53-FaceId-0_align.webp,0.021607,1.0,0.0390856189230404
database3/database3/m.0151p8/29-FaceId-0_align.webp,0.003452,1.0,0.0214710469715679
database3/database3/m.0151xv/30-FaceId-0_align.webp,0.007121,1.0,0.0300588728113549
database3/database3/m.0151xv/44-FaceId-0_align.webp,0.021629,1.0,0.0299836321759564
database3/database3/m.0151xv/88-FaceId-0_align.webp,0.006779,1.0,0.0344014721609718
database3/database3/m.0151zx/92-FaceId-0_align.webp,0.043036,1.0,0.0430815537468933
database3/database3/m.0152cw/42-FaceId-0_align.webp,0.083199,0.0,0.0251042587547609
database3/database3/m.0152xn/72-FaceId-0_align.webp,0.043462,1.0,0.0455263894882048
database3/database3/m.015302/4-FaceId-0_align.webp,0.000416,1.0,0.0229024930111964
database3/database3/m.0153dp/1-FaceId-0_align.webp,0.039324,1.0,0.0334485803245912
database3/database3/m.0153dp/88-FaceId-0_align.webp,0.057869,1.0,0.0292164877326126
database3/database3/m.0153vt/1-FaceId-0_align.webp,0.335303,1.0,0.0283735115354114
database3/database3/m.0153vt/81-FaceId-0_align.webp,0.087285,1.0,0.0355242494000089
database3/database3/m.0153y1/16-FaceId-0_align.webp,0.166114,0.0,0.0276285931557087
database3/database3/m.01541z/117-FaceId-0_align.webp,0.111734,0.0,0.0279551493125868
database3/database3/m.01547g/3-FaceId-0_align.webp,0.153164,0.0,0.0268440434372563
database3/database3/m.01547g/73-FaceId-0_align.webp,0.246081,0.0,0.0281694323882728
database3/database3/m.0154d7/52-FaceId-0_align.webp,0.115018,1.0,0.0347814707240379
database3/database3/m.0154ff/10-FaceId-0_align.webp,0.121913,0.0,0.0261869132391533
database3/database3/m.0154hr/101-FaceId-0_align.webp,0.090433,0.0,0.032739046771136
database3/database3/m.0154hr/109-FaceId-0_align.webp,0.038439,0.0,0.0350510453221571
database3/database3/m.0154hr/18-FaceId-0_align.webp,0.07836,0.0,0.0375837283027726
database3/database3/m.0154hr/28-FaceId-0_align.webp,0.045785,0.0,0.0291249841690269
database3/database3/m.0154s9/24-FaceId-0_align.webp,0.052837,1.0,0.0240394503806447
database3/database3/m.0154x6/57-FaceId-0_align.webp,0.061779,0.0,0.0269510002025057
database3/database3/m.01552j/40-FaceId-0_align.webp,0.017747,1.0,0.027490263068239
database3/database3/m.01558d/79-FaceId-0_align.webp,0.014812,1.0,0.0185953460044398
database3/database3/m.01558d/8-FaceId-0_align.webp,0.124089,1.0,0.0311120968711698
database3/database3/m.0155zp/26-FaceId-0_align.webp,0.000547,1.0,0.0282294945964742
database3/database3/m.0155zp/7-FaceId-0_align.webp,0.015991,1.0,0.0283422161019407
database3/database3/m.0155zp/79-FaceId-0_align.webp,0.02849,1.0,0.0388141235599347
database3/database3/m.0155zp/88-FaceId-0_align.webp,0.072148,1.0,0.029884133454521
database3/database3/m.0156dg/11-FaceId-0_align.webp,0.153809,0.0,0.0340176221495468
database3/database3/m.0156dg/2-FaceId-0_align.webp,0.144571,0.0,0.0364988175772071
database3/database3/m.0156y1/31-FaceId-0_align.webp,0.047284,1.0,0.0278790575548507
database3/database3/m.01574b/45-FaceId-0_align.webp,0.070647,0.0,0.0310195756835426
database3/database3/m.015796/86-FaceId-0_align.webp,0.081944,0.0,0.0284616942783147
database3/database3/m.0157m/20-FaceId-0_align.webp,0.028257,1.0,0.0211682796406799
database3/database3/m.0157m/24-FaceId-0_align.webp,0.028454,1.0,0.027839078033997
database3/database3/m.0157m/25-FaceId-0_align.webp,0.020124,1.0,0.0247216328831872
database3/database3/m.0157m/73-FaceId-0_align.webp,0.033963,1.0,0.0311880012874511
database3/database3/m.0157r6/22-FaceId-1_align.webp,0.0,1.0,0.0595556718651445
database3/database3/m.0157ry/29-FaceId-0_align.webp,0.027582,1.0,0.0353956648812456
database3/database3/m.015882/17-FaceId-0_align.webp,0.396178,0.0,0.0307670891310857
database3/database3/m.015882/20-FaceId-0_align.webp,0.380878,0.0,0.0350898323439151
database3/database3/m.015882/75-FaceId-0_align.webp,0.386665,0.0,0.0365976690621481
database3/database3/m.0158r2/73-FaceId-0_align.webp,0.173377,0.0,0.0267906083694586
database3/database3/m.01598m/79-FaceId-0_align.webp,0.475474,0.0,0.0345453137173662
database3/database3/m.0159wm/104-FaceId-0_align.webp,0.007308,1.0,0.0196795555979743
database3/database3/m.0159wm/9-FaceId-0_align.webp,0.002891,1.0,0.0168550059803059
database3/database3/m.015_44/31-FaceId-0_align.webp,0.062168,0.0,0.0272055414545881
database3/database3/m.015_44/64-FaceId-0_align.webp,0.356589,0.0,0.039010214230078
database3/database3/m.015_44/84-FaceId-0_align.webp,0.3229,0.0,0.0392109080298391
database3/database3/m.015b67/34-FaceId-0_align.webp,0.034996,1.0,0.0268367058667663
database3/database3/m.015bhj/103-FaceId-1_align.webp,0.041754,1.0,0.0
database3/database3/m.015bhj/70-FaceId-0_align.webp,0.00385,1.0,0.0280659598899203
database3/database3/m.015bnf/68-FaceId-0_align.webp,0.066968,0.0,0.0280271858357329
database3/database3/m.015brk/18-FaceId-0_align.webp,0.023166,1.0,0.0414596305135479
database3/database3/m.015bw2/110-FaceId-0_align.webp,0.01319,1.0,0.0291947994324655
database3/database3/m.015bw2/40-FaceId-0_align.webp,0.013047,1.0,0.0344905100962059
database3/database3/m.015bw2/68-FaceId-0_align.webp,0.00956,1.0,0.0346744185721295
database3/database3/m.015c2f/3-FaceId-0_align.webp,0.072717,0.0,0.0244491515201677
database3/database3/m.015c2f/47-FaceId-0_align.webp,0.01548,0.0,0.0281813596320525
database3/database3/m.015c2f/49-FaceId-0_align.webp,0.031524,0.0,0.0298843575202957
database3/database3/m.015c2f/8-FaceId-0_align.webp,0.126031,0.0,0.0278363539906493
database3/database3/m.015c4g/7-FaceId-0_align.webp,0.000573,1.0,0.027591699198312
database3/database3/m.015c4g/83-FaceId-0_align.webp,0.000391,1.0,0.0244442065203907
database3/database3/m.015cyn/17-FaceId-0_align.webp,0.046212,1.0,0.0281901220954018
database3/database3/m.015cyn/5-FaceId-0_align.webp,0.152464,1.0,0.0223275497840487
database3/database3/m.015czg/24-FaceId-0_align.webp,0.141052,1.0,0.0380286136575691
database3/database3/m.015d2r/66-FaceId-0_align.webp,0.064087,1.0,0.0734392392840846
database3/database3/m.015d2r/86-FaceId-0_align.webp,0.029999,1.0,0.0289767458413965
database3/database3/m.015dcj/83-FaceId-0_align.webp,0.023385,1.0,0.0303138310125497
database3/database3/m.015dgg/80-FaceId-0_align.webp,0.001775,1.0,0.044958312458551
database3/database3/m.015djp/24-FaceId-0_align.webp,0.0,1.0,0.0235698290863928
database3/database3/m.015djp/27-FaceId-0_align.webp,0.037685,1.0,0.0308332851255152
database3/database3/m.015dk3/22-FaceId-0_align.webp,0.027592,1.0,0.024055658496764
database3/database3/m.015dnt/38-FaceId-0_align.webp,0.001692,1.0,0.0366198459846437
database3/database3/m.015dnt/42-FaceId-1_align.webp,0.102539,1.0,0.0158033402001039
database3/database3/m.015dqj/29-FaceId-0_align.webp,0.034796,1.0,0.0300705615084822
database3/database3/m.015dsz/54-FaceId-1_align.webp,0.002756,1.0,0.0239093012111154
database3/database3/m.015dx/106-FaceId-0_align.webp,0.065832,0.0,0.0255307041991824
database3/database3/m.015dx/112-FaceId-0_align.webp,0.282009,0.0,0.0287066008708669
database3/database3/m.015dx/117-FaceId-0_align.webp,0.154935,0.0,0.0218856607545305
database3/database3/m.015dx/16-FaceId-0_align.webp,0.065933,0.0,0.0296999427565879
database3/database3/m.015dx/75-FaceId-0_align.webp,0.127561,0.0,0.0311423973738151
database3/database3/m.015dz8/51-FaceId-0_align.webp,0.051527,1.0,0.0258322485683177
database3/database3/m.015f6_/9-FaceId-0_align.webp,0.050822,1.0,0.0314174827261932
database3/database3/m.015fxn/110-FaceId-1_align.webp,0.050721,0.0,0.0242262397069783
database3/database3/m.015fyd/19-FaceId-0_align.webp,0.055834,0.0,0.0302542435895646
database3/database3/m.015g36/86-FaceId-0_align.webp,0.010069,0.0,0.027455812533795
database3/database3/m.015g98/4-FaceId-0_align.webp,0.031227,1.0,0.0368903675481759
database3/database3/m.015g_7/108-FaceId-0_align.webp,0.075445,1.0,0.0263438697445892
database3/database3/m.015ghl/29-FaceId-0_align.webp,0.035495,0.0,0.0260513536895587
database3/database3/m.015ghl/58-FaceId-0_align.webp,0.114793,0.0,0.0189125828592512
database3/database3/m.015ghl/7-FaceId-0_align.webp,0.022651,0.0,0.0233211534139994
database3/database3/m.015gjr/36-FaceId-0_align.webp,0.054888,1.0,0.030942986585871
database3/database3/m.015gjr/40-FaceId-0_align.webp,0.045893,1.0,0.0280738350179166
database3/database3/m.015gjr/84-FaceId-0_align.webp,0.042274,1.0,0.0691567644130427
database3/database3/m.015gqm/96-FaceId-1_align.webp,0.236979,1.0,0.0509030498686385
database3/database3/m.015grj/83-FaceId-0_align.webp,0.0,1.0,0.0259588351070812
database3/database3/m.015grj/95-FaceId-0_align.webp,0.006074,1.0,0.024748366123587
database3/database3/m.015grj/98-FaceId-0_align.webp,0.00126,1.0,0.0185226291474168
database3/database3/m.015gsv/100-FaceId-0_align.webp,0.087077,1.0,0.0385676173227203
database3/database3/m.015gsv/72-FaceId-0_align.webp,0.017745,1.0,0.028431514547212
database3/database3/m.015gx1/70-FaceId-0_align.webp,0.056653,1.0,0.0280300841586159
database3/database3/m.015gy7/28-FaceId-0_align.webp,0.011386,1.0,0.0331633289169845
database3/database3/m.015gzc/94-FaceId-0_align.webp,0.077714,1.0,0.0378559374443044
database3/database3/m.015h25/3-FaceId-0_align.webp,0.001481,1.0,0.0219840868830326
database3/database3/m.015h7y/30-FaceId-0_align.webp,0.014431,1.0,0.0315573299325557
database3/database3/m.015htz/46-FaceId-0_align.webp,0.135648,0.0,0.0252222969309121
database3/database3/m.015j58/58-FaceId-0_align.webp,0.016994,1.0,0.0284353928573863
database3/database3/m.015j6h/20-FaceId-0_align.webp,0.005265,1.0,0.0317330554130923
database3/database3/m.015j6h/37-FaceId-0_align.webp,0.094841,1.0,0.0369035586807663
database3/database3/m.015j6y/47-FaceId-0_align.webp,0.10488,0.0,0.0455229314807948
database3/database3/m.015j6y/5-FaceId-0_align.webp,0.085053,0.0,0.024006028271727
database3/database3/m.015j6y/73-FaceId-1_align.webp,0.12413,0.0,0.0306944373702444
database3/database3/m.015j8x/17-FaceId-0_align.webp,0.049084,1.0,0.0376822505300978
database3/database3/m.015j8x/42-FaceId-0_align.webp,0.021866,1.0,0.051193892409938
database3/database3/m.015jjw/46-FaceId-0_align.webp,0.068702,1.0,0.0477446204583752
database3/database3/m.015jjw/69-FaceId-0_align.webp,0.113403,1.0,0.0625378562739257
database3/database3/m.015jvm/105-FaceId-0_align.webp,0.006549,1.0,0.0251808806213721
database3/database3/m.015jvm/32-FaceId-0_align.webp,0.01088,1.0,0.0235473203678079
database3/database3/m.015jvm/85-FaceId-0_align.webp,0.111985,1.0,0.045966765607051
database3/database3/m.015k04/104-FaceId-0_align.webp,0.087765,0.0,0.0229365433288485
database3/database3/m.015k04/33-FaceId-0_align.webp,0.019732,0.0,0.0296342304334639
database3/database3/m.015k04/68-FaceId-0_align.webp,0.032064,0.0,0.0278603977771367
database3/database3/m.015k9x/19-FaceId-0_align.webp,0.079615,0.0,0.0327478333051095
database3/database3/m.015k9x/84-FaceId-0_align.webp,0.154994,0.0,0.1964648170761098
database3/database3/m.015kbd/21-FaceId-0_align.webp,0.030994,1.0,0.0230875732704272
database3/database3/m.015kbd/80-FaceId-0_align.webp,0.061754,1.0,0.0898280559590923
database3/database3/m.015khm/4-FaceId-0_align.webp,0.027803,1.0,0.0187471714639159
database3/database3/m.015klf/75-FaceId-0_align.webp,0.0,1.0,0.0201672071580419
database3/database3/m.015ksl/24-FaceId-0_align.webp,0.23069,1.0,0.0376273527622015
database3/database3/m.015ksl/26-FaceId-1_align.webp,0.043132,1.0,0.0850694162966165
database3/database3/m.015ksl/31-FaceId-0_align.webp,0.096817,1.0,0.0377651691112101
database3/database3/m.015ksl/72-FaceId-0_align.webp,0.014945,1.0,0.0285385700382246
database3/database3/m.015ksy/70-FaceId-0_align.webp,0.064697,1.0,0.0265510304090499
database3/database3/m.015ksy/90-FaceId-0_align.webp,0.039383,1.0,0.0277204943806078
database3/database3/m.015kt_/7-FaceId-0_align.webp,0.084368,1.0,0.0331104363606984
database3/database3/m.015l1l/126-FaceId-0_align.webp,0.0,1.0,0.0173171536532626
database3/database3/m.015l51/58-FaceId-0_align.webp,0.077217,1.0,0.0234970495209928
database3/database3/m.015lg2/3-FaceId-0_align.webp,0.081487,1.0,0.0730351055275155
database3/database3/m.015m2c/35-FaceId-0_align.webp,0.111821,0.0,0.0622967276431596
database3/database3/m.015m2c/62-FaceId-0_align.webp,0.107098,0.0,0.0562067432967401
database3/database3/m.015m2c/96-FaceId-0_align.webp,0.077293,0.0,0.0618245225667207
database3/database3/m.015m2v/50-FaceId-0_align.webp,0.014038,1.0,0.0305876646249053
database3/database3/m.015m_9/103-FaceId-0_align.webp,0.203457,0.0,0.0386887032736247
database3/database3/m.015m_9/23-FaceId-0_align.webp,0.194385,0.0,0.028830065699743
database3/database3/m.015mfy/124-FaceId-0_align.webp,0.011509,1.0,0.0667556287825792
database3/database3/m.015mfy/44-FaceId-0_align.webp,0.015486,1.0,0.0670039770283029
database3/database3/m.015ncq/12-FaceId-0_align.webp,0.097302,0.0,0.0304598693935993
database3/database3/m.015ncq/15-FaceId-0_align.webp,0.108176,0.0,0.0283934447141301
database3/database3/m.015ncq/43-FaceId-0_align.webp,0.173231,0.0,0.0464959117059267
database3/database3/m.015nr6/10-FaceId-0_align.webp,0.135309,0.0,0.0227215409979249
database3/database3/m.015nxw/46-FaceId-0_align.webp,0.033616,1.0,0.0291320355617931
database3/database3/m.015nz8/33-FaceId-0_align.webp,0.258768,1.0,0.0374772889519064
database3/database3/m.015p0c/3-FaceId-0_align.webp,0.047687,1.0,0.0241190770465381
database3/database3/m.015p37/5-FaceId-0_align.webp,0.024022,0.0,0.0706098684050171
database3/database3/m.015p3p/83-FaceId-3_align.webp,0.095309,1.0,0.0409627392064205
database3/database3/m.015p_p/4-FaceId-0_align.webp,0.041582,1.0,0.067971616972171
database3/database3/m.015ph6/52-FaceId-0_align.webp,0.019715,1.0,0.027925921828983
database3/database3/m.015ph6/9-FaceId-0_align.webp,0.017184,1.0,0.0227228788284818
database3/database3/m.015phm/91-FaceId-0_align.webp,0.017375,1.0,0.0203997023454791
database3/database3/m.015pqq/24-FaceId-0_align.webp,0.179784,0.0,0.032275443034466
database3/database3/m.015pqq/66-FaceId-0_align.webp,0.136121,0.0,0.0674255617338028
database3/database3/m.015pqq/87-FaceId-0_align.webp,0.018013,0.0,0.0319092682870212
database3/database3/m.015pt7/51-FaceId-0_align.webp,0.127322,1.0,0.0340381696481883
database3/database3/m.015pt7/58-FaceId-0_align.webp,0.035197,1.0,0.0261436369433079
database3/database3/m.015pt7/60-FaceId-0_align.webp,0.049196,1.0,0.0468749345498075
database3/database3/m.015pvh/112-FaceId-0_align.webp,0.330281,0.0,0.0320703417311928
database3/database3/m.015px7/44-FaceId-0_align.webp,0.034165,1.0,0.0256588484117205
database3/database3/m.015px7/91-FaceId-0_align.webp,0.015722,1.0,0.0354838237953699
database3/database3/m.015pxr/76-FaceId-0_align.webp,0.013737,1.0,0.0265488944156377
database3/database3/m.015pxr/85-FaceId-0_align.webp,0.04711,1.0,0.0347994061025399
database3/database3/m.015pz3/26-FaceId-0_align.webp,0.029214,1.0,0.0305027074143095
database3/database3/m.015q3m/88-FaceId-0_align.webp,0.02977,1.0,0.0258868396231975
database3/database3/m.015q43/44-FaceId-0_align.webp,0.14431,0.0,0.0292990876276304
database3/database3/m.015q43/83-FaceId-0_align.webp,0.202776,0.0,0.0339124227234029
database3/database3/m.015q7v/66-FaceId-0_align.webp,0.123951,1.0,0.0302605436379644
database3/database3/m.015q7v/70-FaceId-0_align.webp,0.084162,1.0,0.0308607148104807
database3/database3/m.015q7v/74-FaceId-0_align.webp,0.166774,1.0,0.0727785074290185
database3/database3/m.015q7v/95-FaceId-0_align.webp,0.114436,1.0,0.0284623694433965
database3/database3/m.015q9_/38-FaceId-0_align.webp,0.073529,1.0,0.0335381874178458
database3/database3/m.015q9_/55-FaceId-0_align.webp,0.228226,1.0,0.0328494307847056
database3/database3/m.015qgb/80-FaceId-0_align.webp,0.240744,0.0,0.042990995574789
database3/database3/m.015ql4/49-FaceId-0_align.webp,0.010843,1.0,0.0279010864225633
database3/database3/m.015ql_/79-FaceId-0_align.webp,0.076307,0.0,0.0321221469931442
database3/database3/m.015qlm/10-FaceId-0_align.webp,0.050821,0.0,0.0279397089691356
database3/database3/m.015qlm/70-FaceId-0_align.webp,0.030997,0.0,0.0277165680843782
database3/database3/m.015qpn/63-FaceId-0_align.webp,0.366396,1.0,0.0300920223375906
database3/database3/m.015qq1/36-FaceId-0_align.webp,0.022633,1.0,0.0244418438300855
database3/database3/m.015qty/73-FaceId-0_align.webp,0.019129,1.0,0.0248780388499565
database3/database3/m.015qty/74-FaceId-0_align.webp,0.007618,1.0,0.0277435106759918
database3/database3/m.015qv9/29-FaceId-0_align.webp,0.006101,1.0,0.0319262006090403
database3/database3/m.015qxn/75-FaceId-0_align.webp,0.029389,1.0,0.0268407086811083
database3/database3/m.015qxn/81-FaceId-0_align.webp,0.000968,1.0,0.0538700048345643
database3/database3/m.015qyf/14-FaceId-0_align.webp,0.032701,1.0,0.030763777642136
database3/database3/m.015qzv/12-FaceId-0_align.webp,0.03298,1.0,0.0675531006088901
database3/database3/m.015qzv/45-FaceId-0_align.webp,0.048204,1.0,0.0598559142483303
database3/database3/m.015qzv/55-FaceId-0_align.webp,0.094832,1.0,0.0825943550696453
database3/database3/m.015qzv/57-FaceId-0_align.webp,0.068867,1.0,0.0352420665313753
database3/database3/m.015r3q/35-FaceId-0_align.webp,0.001755,1.0,0.0629600764837637
database3/database3/m.015r4v/28-FaceId-0_align.webp,0.015627,1.0,0.0381390068438166
database3/database3/m.015rhv/21-FaceId-0_align.webp,0.274759,1.0,0.0475441286246163
database3/database3/m.015rmq/88-FaceId-0_align.webp,0.016982,1.0,0.0269578703070099
database3/database3/m.015t_m/31-FaceId-0_align.webp,0.0851,1.0,0.0190441657556123
database3/database3/m.015thk/1-FaceId-0_align.webp,0.117609,1.0,0.0273353140890859
database3/database3/m.015thk/47-FaceId-0_align.webp,0.223814,1.0,0.0425097966763222
database3/database3/m.015thk/89-FaceId-0_align.webp,0.010677,1.0,0.064667547259356
database3/database3/m.015tp7/25-FaceId-0_align.webp,0.089928,1.0,0.0305565515052603
database3/database3/m.015tp7/4-FaceId-0_align.webp,0.078982,1.0,0.0326993833621584
database3/database3/m.015tv5/22-FaceId-0_align.webp,0.009031,1.0,0.0317092037998529
database3/database3/m.015tv5/54-FaceId-0_align.webp,0.027498,1.0,0.0277895134162884
database3/database3/m.015tyq/50-FaceId-0_align.webp,0.029346,1.0,0.0472769899175025
database3/database3/m.015tyq/63-FaceId-0_align.webp,0.05956,1.0,0.0737704015688659
database3/database3/m.015v98/49-FaceId-0_align.webp,0.062142,0.0,0.0338085338938492
database3/database3/m.015v98/79-FaceId-0_align.webp,0.070144,0.0,0.0348201182006447
database3/database3/m.015vql/63-FaceId-0_align.webp,0.02634,1.0,0.0332335517804095
database3/database3/m.015vyh/54-FaceId-0_align.webp,0.020372,1.0,0.0269746691360761
database3/database3/m.015wfg/59-FaceId-0_align.webp,0.021245,1.0,0.0316060543895527
database3/database3/m.015wfy/41-FaceId-0_align.webp,0.10115,1.0,0.0260387011487061
database3/database3/m.015wfy/43-FaceId-0_align.webp,0.000923,1.0,0.0592629020115986
database3/database3/m.015wfy/78-FaceId-0_align.webp,0.064575,1.0,0.0649537210593158
database3/database3/m.015wfy/91-FaceId-0_align.webp,0.156,1.0,0.0543290466372554
database3/database3/m.015wgw/16-FaceId-0_align.webp,0.030553,1.0,0.0260189779235972
database3/database3/m.015wgw/5-FaceId-0_align.webp,0.079937,1.0,0.0324327662818874
database3/database3/m.015wkb/94-FaceId-0_align.webp,0.010721,1.0,0.0247864905592504
database3/database3/m.015x3n/93-FaceId-0_align.webp,0.0,0.0,0.1728916069739153
database3/database3/m.015x63/126-FaceId-0_align.webp,0.077609,0.0,0.0282772249175403
database3/database3/m.015xnd/46-FaceId-0_align.webp,0.021854,1.0,0.0442657109242588
database3/database3/m.015xnd/72-FaceId-0_align.webp,0.171432,1.0,0.0708375008703383
database3/database3/m.015xsn/17-FaceId-0_align.webp,0.021828,1.0,0.0515324182139352
database3/database3/m.015xww/31-FaceId-0_align.webp,0.075773,1.0,0.0324891988506477
database3/database3/m.015xys/54-FaceId-0_align.webp,0.054138,1.0,0.0272053221466267
database3/database3/m.015y4c/42-FaceId-0_align.webp,0.097688,1.0,0.0208844758032861
database3/database3/m.015y4c/72-FaceId-0_align.webp,0.027368,1.0,0.0257797211191345
database3/database3/m.015y4c/79-FaceId-0_align.webp,0.010835,1.0,0.0218739285770301
database3/database3/m.015yb0/108-FaceId-0_align.webp,0.073526,1.0,0.0233286863628205
database3/database3/m.015ybz/5-FaceId-0_align.webp,0.004767,1.0,0.0968344900835575
database3/database3/m.015yg9/69-FaceId-0_align.webp,0.021682,1.0,0.0476870177788039
database3/database3/m.015ykr/19-FaceId-0_align.webp,0.078311,0.0,0.0287502207398837
database3/database3/m.015ykr/9-FaceId-0_align.webp,0.026904,0.0,0.0233435839109771
database3/database3/m.015z4j/106-FaceId-1_align.webp,0.203863,0.0,0.0306390242064566
database3/database3/m.015z4j/30-FaceId-0_align.webp,0.022438,0.0,0.0265088034163202
database3/database3/m.015zj4/3-FaceId-0_align.webp,0.026859,1.0,0.0518523722093108
database3/database3/m.015zjx/34-FaceId-0_align.webp,0.188292,1.0,0.0403026048284649
database3/database3/m.015zm4/92-FaceId-0_align.webp,0.019768,1.0,0.052765124336142
database3/database3/m.015zmm/35-FaceId-0_align.webp,0.071991,0.0,0.0285849018938077
database3/database3/m.016077/95-FaceId-0_align.webp,0.023638,1.0,0.0323113865822847
database3/database3/m.0160pf/102-FaceId-0_align.webp,0.037457,1.0,0.0320119197556617
database3/database3/m.016194/12-FaceId-0_align.webp,0.028771,1.0,0.0296515896794806
database3/database3/m.016194/6-FaceId-0_align.webp,0.025295,1.0,0.0234491159462037
database3/database3/m.0161h5/105-FaceId-0_align.webp,0.042175,0.0,0.0258893323349924
database3/database3/m.0161hn/33-FaceId-0_align.webp,0.010683,1.0,0.0428896614791806
database3/database3/m.0162c8/22-FaceId-0_align.webp,0.021055,1.0,0.0325788991415706
database3/database3/m.0162c8/71-FaceId-0_align.webp,0.041746,1.0,0.031105908353501
database3/database3/m.0162c8/72-FaceId-0_align.webp,0.034776,1.0,0.031045753913958
database3/database3/m.0162lw/68-FaceId-0_align.webp,0.026272,1.0,0.0380545578960779
database3/database3/m.0162n1/16-FaceId-0_align.webp,0.013549,1.0,0.0644775648457332
database3/database3/m.0162n1/17-FaceId-0_align.webp,0.15524,1.0,0.067178943122605
database3/database3/m.01635v/83-FaceId-0_align.webp,0.001023,1.0,0.0213633638428694
database3/database3/m.0163bt/91-FaceId-0_align.webp,0.100672,1.0,0.0350711760503198
database3/database3/m.0163kf/72-FaceId-0_align.webp,0.120095,0.0,0.0277350364614513
database3/database3/m.0163kf/83-FaceId-0_align.webp,0.098981,0.0,0.0359892283677489
database3/database3/m.0163rk/30-FaceId-0_align.webp,0.022552,1.0,0.0287295889888826
database3/database3/m.0163s9/24-FaceId-0_align.webp,0.074147,1.0,0.0326843716326895
database3/database3/m.0163s9/74-FaceId-0_align.webp,0.166715,1.0,0.0292880046450398
database3/database3/m.0163t3/106-FaceId-0_align.webp,0.195337,0.0,0.0288842213325087
database3/database3/m.0163t3/9-FaceId-0_align.webp,0.08181,0.0,0.0267287846332059
database3/database3/m.0163y8/74-FaceId-0_align.webp,0.077227,1.0,0.0350796947494462
database3/database3/m.0164c4/60-FaceId-0_align.webp,0.111711,0.0,0.0245313195815954
database3/database3/m.0164lp/69-FaceId-0_align.webp,0.064522,1.0,0.0265456506396441
database3/database3/m.0164lp/92-FaceId-0_align.webp,0.151037,1.0,0.0696816693986434
database3/database3/m.0164nb/3-FaceId-0_align.webp,0.089532,1.0,0.0262435732877553
database3/database3/m.0164y7/34-FaceId-0_align.webp,0.005214,1.0,0.0313981489244533
database3/database3/m.0165cp/26-FaceId-0_align.webp,0.006703,0.0,0.0237372139577548
database3/database3/m.0165cp/52-FaceId-0_align.webp,0.057554,0.0,0.0208373792437032
database3/database3/m.0165gc/85-FaceId-0_align.webp,0.006716,1.0,0.0246196277869772
database3/database3/m.0165gc/99-FaceId-0_align.webp,0.120842,1.0,0.0273791842258889
database3/database3/m.0165ky/57-FaceId-0_align.webp,0.015031,1.0,0.0542511275373253
database3/database3/m.0165n5/59-FaceId-0_align.webp,0.014306,0.0,0.0255570346739599
database3/database3/m.01666h/59-FaceId-0_align.webp,0.366126,0.0,0.0318284514064293
database3/database3/m.01666h/65-FaceId-0_align.webp,0.324656,0.0,0.0375341457284119
database3/database3/m.0166rp/41-FaceId-0_align.webp,0.108225,1.0,0.0379817787057146
database3/database3/m.0166rp/55-FaceId-0_align.webp,0.058677,1.0,0.038611743235686
database3/database3/m.0166w_/52-FaceId-0_align.webp,0.055626,1.0,0.024500163172004
database3/database3/m.0166w_/7-FaceId-0_align.webp,0.051227,1.0,0.0197056587099894
database3/database3/m.0166yl/4-FaceId-0_align.webp,0.128426,1.0,0.0263869460703256
database3/database3/m.0166yl/42-FaceId-0_align.webp,0.00821,1.0,0.0289441412257879
database3/database3/m.0166zk/13-FaceId-0_align.webp,0.040817,1.0,0.0785225009905254
database3/database3/m.0166zk/42-FaceId-0_align.webp,0.020069,1.0,0.0560182229509372
database3/database3/m.0166zk/72-FaceId-0_align.webp,0.015452,1.0,0.0305971535652249
database3/database3/m.01678_/78-FaceId-0_align.webp,0.014927,1.0,0.0255710885307091
database3/database3/m.0167h6/35-FaceId-0_align.webp,0.000892,1.0,0.0246518299799891
database3/database3/m.0167xk/87-FaceId-0_align.webp,0.035118,1.0,0.0324600224493739
database3/database3/m.016883/25-FaceId-0_align.webp,0.021581,1.0,0.0259613523396542
database3/database3/m.016883/35-FaceId-0_align.webp,0.016967,1.0,0.0308083292043223
database3/database3/m.016883/79-FaceId-0_align.webp,0.042662,1.0,0.027380391499261
database3/database3/m.0168cl/73-FaceId-0_align.webp,0.16573,1.0,0.0351065864182158
database3/database3/m.0168ql/60-FaceId-0_align.webp,0.01118,1.0,0.0171432729959535
database3/database3/m.0168vx/9-FaceId-0_align.webp,0.182986,0.0,0.0228531265475685
database3/database3/m.01693z/106-FaceId-0_align.webp,0.308514,1.0,0.0464109258543933
database3/database3/m.01693z/67-FaceId-0_align.webp,0.053019,1.0,0.0229475116496877
database3/database3/m.016959/105-FaceId-0_align.webp,0.10109,1.0,0.0388550220122353
database3/database3/m.016959/51-FaceId-0_align.webp,0.067755,1.0,0.0305700680142973
database3/database3/m.0169ff/102-FaceId-0_align.webp,0.033338,1.0,0.0375087886127954
database3/database3/m.0169ff/36-FaceId-0_align.webp,0.024259,1.0,0.029207161970822
database3/database3/m.0169ff/79-FaceId-0_align.webp,0.137366,1.0,0.0302325673927086
database3/database3/m.0169mh/14-FaceId-0_align.webp,0.084985,0.0,0.0392741855657375
database3/database3/m.0169r6/43-FaceId-0_align.webp,0.109367,0.0,0.031512109875136
database3/database3/m.0169v2/37-FaceId-0_align.webp,0.237432,0.0,0.034723111826062
database3/database3/m.0169v2/60-FaceId-0_align.webp,0.294775,0.0,0.036720515342973
database3/database3/m.0169x_/12-FaceId-0_align.webp,0.169443,1.0,0.0316136119698635
database3/database3/m.016_js/82-FaceId-0_align.webp,0.00161,0.0,0.0252428266202446
database3/database3/m.016_js/90-FaceId-0_align.webp,0.074161,0.0,0.0342492224652743
database3/database3/m.016_mj/9-FaceId-0_align.webp,0.005546,1.0,0.0315395961526604
database3/database3/m.016b6z/92-FaceId-0_align.webp,0.053278,1.0,0.0359317800159324
database3/database3/m.016b90/0-FaceId-0_align.webp,0.006801,1.0,0.0252820876989951
database3/database3/m.016b90/79-FaceId-0_align.webp,0.0,1.0,0.0149660129146027
database3/database3/m.016b90/8-FaceId-0_align.webp,0.046454,1.0,0.020733516789005
database3/database3/m.016b90/93-FaceId-0_align.webp,0.01334,1.0,0.0264225959317805
database3/database3/m.016cn6/6-FaceId-0_align.webp,0.062721,1.0,0.0546355044965514
database3/database3/m.016cn6/90-FaceId-0_align.webp,0.090699,1.0,0.0361464109312968
database3/database3/m.016cz6/23-FaceId-1_align.webp,0.213677,1.0,0.1613194097507071
database3/database3/m.016db7/11-FaceId-0_align.webp,0.00104,1.0,0.0440406542761381
database3/database3/m.016dbr/42-FaceId-0_align.webp,0.02227,1.0,0.0297218160228628
database3/database3/m.016fjj/77-FaceId-0_align.webp,0.012807,1.0,0.0269000513081815
database3/database3/m.016fnv/40-FaceId-0_align.webp,0.049743,1.0,0.0285658689368619
database3/database3/m.016g29/40-FaceId-0_align.webp,0.003894,1.0,0.0467721325465146
database3/database3/m.016g29/95-FaceId-0_align.webp,0.017798,1.0,0.0197057214588248
database3/database3/m.016ggh/74-FaceId-0_align.webp,0.004674,1.0,0.0250649044052914
database3/database3/m.016ghw/12-FaceId-0_align.webp,0.035794,1.0,0.0530868572370134
database3/database3/m.016gkf/85-FaceId-0_align.webp,0.159983,1.0,0.0296774533498472
database3/database3/m.016gnp/45-FaceId-0_align.webp,0.027576,1.0,0.027637683285058
database3/database3/m.016gnp/48-FaceId-0_align.webp,0.0,1.0,0.0303256142630056
database3/database3/m.016gr2/107-FaceId-0_align.webp,0.0,1.0,0.0399439644513574
database3/database3/m.016gr2/38-FaceId-0_align.webp,0.0,1.0,0.0235379533240122
database3/database3/m.016hgp/12-FaceId-0_align.webp,0.055372,0.0,0.0261258364853089
database3/database3/m.016hgp/32-FaceId-12_align.webp,0.159452,0.0,0.0836809325632935
database3/database3/m.016hgp/77-FaceId-4_align.webp,0.110387,0.0,0.0252556280954425
database3/database3/m.016hgp/77-FaceId-7_align.webp,0.08977,0.0,0.0260403848883517
database3/database3/m.016hgp/77-FaceId-9_align.webp,0.121788,0.0,0.0281397840792876
database3/database3/m.016hj7/88-FaceId-0_align.webp,0.028831,1.0,0.0219785367670591
database3/database3/m.016hk4/98-FaceId-0_align.webp,0.002253,1.0,0.0291040121846983
database3/database3/m.016hmf/90-FaceId-0_align.webp,0.168251,1.0,0.0334320691084094
database3/database3/m.016hrc/46-FaceId-0_align.webp,0.064797,0.0,0.0337098186348319
database3/database3/m.016htr/23-FaceId-0_align.webp,0.041326,1.0,0.0294795621837914
database3/database3/m.016htr/80-FaceId-0_align.webp,0.0,1.0,0.064630272109482
database3/database3/m.016hvl/14-FaceId-0_align.webp,0.018608,1.0,0.0353921526580527
database3/database3/m.016hvl/79-FaceId-0_align.webp,0.027134,1.0,0.0298850375075354
database3/database3/m.016hzm/79-FaceId-0_align.webp,0.040554,1.0,0.0571381033714561
database3/database3/m.016j4q/17-FaceId-0_align.webp,0.014713,1.0,0.1930386137402088
database3/database3/m.016j4q/73-FaceId-0_align.webp,0.027874,1.0,0.0984061817718465
database3/database3/m.016j55/23-FaceId-0_align.webp,0.003044,1.0,0.0370133056286096
database3/database3/m.016j_c/80-FaceId-0_align.webp,0.167359,0.0,0.0337465903670871
database3/database3/m.016k0j/73-FaceId-0_align.webp,0.021214,0.0,0.0300862337598007
database3/database3/m.016k38/76-FaceId-0_align.webp,0.03171,1.0,0.0513794884020087
database3/database3/m.016k38/86-FaceId-0_align.webp,0.0969,1.0,0.0615054962608117
database3/database3/m.016k58/57-FaceId-0_align.webp,0.285077,0.0,0.035239537188497
database3/database3/m.016k6x/11-FaceId-0_align.webp,0.0,1.0,0.0253922428670355
database3/database3/m.016k6x/19-FaceId-0_align.webp,0.0,1.0,0.0223494217644856
database3/database3/m.016k92/3-FaceId-0_align.webp,0.164786,1.0,0.0368390707610646
database3/database3/m.016k92/39-FaceId-0_align.webp,0.115077,1.0,0.0342804722604879
database3/database3/m.016k92/53-FaceId-0_align.webp,0.124335,1.0,0.0350485686339619
database3/database3/m.016k_v/117-FaceId-0_align.webp,0.172292,0.0,0.024997399636856
database3/database3/m.016k_v/31-FaceId-0_align.webp,0.103765,0.0,0.0268133063726269
database3/database3/m.016k_v/6-FaceId-0_align.webp,0.102662,0.0,0.0269484481508552
database3/database3/m.016kdv/96-FaceId-0_align.webp,0.10171,1.0,0.0279612652808976
database3/database3/m.016kft/30-FaceId-0_align.webp,0.094506,1.0,0.032790912138691
database3/database3/m.016khd/116-FaceId-0_align.webp,0.014365,1.0,0.0710374363466229
database3/database3/m.016khd/18-FaceId-0_align.webp,0.045446,1.0,0.0461271803959376
database3/database3/m.016khd/77-FaceId-0_align.webp,0.016363,1.0,0.0259301588728579
database3/database3/m.016kjs/51-FaceId-0_align.webp,0.103247,1.0,0.0370072300951073
database3/database3/m.016kqk/22-FaceId-0_align.webp,0.109366,1.0,0.0397348612311272
database3/database3/m.016kqk/57-FaceId-0_align.webp,0.028005,1.0,0.0390470968146703
database3/database3/m.016ksk/77-FaceId-0_align.webp,0.033554,1.0,0.057517249450135
database3/database3/m.016l53/34-FaceId-0_align.webp,0.004644,1.0,0.0787036944424625
database3/database3/m.016l_5/13-FaceId-1_align.webp,0.028409,0.0,0.062839985023081
database3/database3/m.016l_5/23-FaceId-0_align.webp,0.13632,0.0,0.0266154475482673
database3/database3/m.016l_5/69-FaceId-0_align.webp,0.067658,0.0,0.0260596637082022
database3/database3/m.016lb3/2-FaceId-0_align.webp,0.005513,1.0,0.0258071768715949
database3/database3/m.016lh0/74-FaceId-0_align.webp,0.000336,1.0,0.0283657359027058
database3/database3/m.016m0v/15-FaceId-0_align.webp,0.003574,1.0,0.0582995320987044
database3/database3/m.016m0v/47-FaceId-0_align.webp,0.010823,1.0,0.0671341589124071
database3/database3/m.016m0v/48-FaceId-0_align.webp,0.006305,1.0,0.044872899048487
database3/database3/m.016mgj/22-FaceId-0_align.webp,0.177659,0.0,0.0271656568076224
database3/database3/m.016mgj/72-FaceId-0_align.webp,0.141048,0.0,0.071715927408812
database3/database3/m.016ntp/45-FaceId-0_align.webp,0.056576,0.0,0.0772068953472007
database3/database3/m.016ntp/58-FaceId-0_align.webp,0.194583,0.0,0.0559588840038525
database3/database3/m.016ntp/78-FaceId-0_align.webp,0.262576,0.0,0.0376347700379646
database3/database3/m.016ntp/85-FaceId-0_align.webp,0.141759,0.0,0.0318761484753856
database3/database3/m.016nvh/2-FaceId-0_align.webp,0.143526,1.0,0.0311422429143102
database3/database3/m.016nvy/82-FaceId-0_align.webp,0.14288,0.0,0.0265364209726247
database3/database3/m.016nws/82-FaceId-0_align.webp,0.154826,1.0,0.0445333175621401
database3/database3/m.016pns/55-FaceId-0_align.webp,0.055966,1.0,0.0347715638513061
database3/database3/m.016q0w/27-FaceId-0_align.webp,0.009996,1.0,0.0293503962684787
database3/database3/m.016q2n/25-FaceId-0_align.webp,0.030179,0.0,0.0288552204422343
database3/database3/m.016q2n/89-FaceId-0_align.webp,0.007529,0.0,0.0317830337883603
database3/database3/m.016q4_/99-FaceId-1_align.webp,0.000294,0.0,0.0253556920213298
database3/database3/m.016qrb/16-FaceId-0_align.webp,0.039165,0.0,0.0266945991223306
database3/database3/m.016qrb/78-FaceId-0_align.webp,0.145711,0.0,0.026104068614054
database3/database3/m.016qtt/15-FaceId-0_align.webp,0.187503,1.0,0.0277314570286612
database3/database3/m.016qtt/25-FaceId-0_align.webp,0.283035,1.0,0.0350423441410161
database3/database3/m.016r3x/42-FaceId-0_align.webp,0.001242,1.0,0.0205726019216529
database3/database3/m.016r3x/44-FaceId-0_align.webp,0.007495,1.0,0.033886030038828
database3/database3/m.016sff/35-FaceId-0_align.webp,0.025858,1.0,0.1021095111078732
database3/database3/m.016sp_/9-FaceId-0_align.webp,0.355835,1.0,0.0325926685602493
database3/database3/m.016swh/38-FaceId-0_align.webp,0.0,1.0,0.0289946425164242
database3/database3/m.016sz1/68-FaceId-0_align.webp,0.00381,1.0,0.0348879964368012
database3/database3/m.016szr/0-FaceId-0_align.webp,0.081751,1.0,0.0713931803515448
database3/database3/m.016szr/31-FaceId-0_align.webp,0.150774,1.0,0.075142098127159
database3/database3/m.016t00/27-FaceId-0_align.webp,0.010723,1.0,0.0330346667247727
database3/database3/m.016t00/29-FaceId-0_align.webp,0.026052,1.0,0.0313037893403606
database3/database3/m.016t00/49-FaceId-0_align.webp,0.061342,1.0,0.0370851225734708
database3/database3/m.016tb7/64-FaceId-0_align.webp,0.020212,0.0,0.0249289322379922
database3/database3/m.016tbr/53-FaceId-0_align.webp,0.052696,1.0,0.0307912451792513
database3/database3/m.016tbr/91-FaceId-0_align.webp,0.278026,1.0,0.0378171725514749
database3/database3/m.016tbr/97-FaceId-0_align.webp,0.035531,1.0,0.035228643051457
database3/database3/m.016tcm/7-FaceId-0_align.webp,0.0,1.0,0.0310883836910379
database3/database3/m.016tqw/18-FaceId-0_align.webp,0.009857,1.0,0.037587333822848
database3/database3/m.016vqk/91-FaceId-0_align.webp,0.041054,1.0,0.0298911042000099
database3/database3/m.016vxj/34-FaceId-0_align.webp,0.081238,1.0,0.0254120157990805
database3/database3/m.016vy9/16-FaceId-0_align.webp,0.135759,0.0,0.0279652459837163
database3/database3/m.016vy9/41-FaceId-0_align.webp,0.023537,0.0,0.0241899445504001
database3/database3/m.016vyp/28-FaceId-0_align.webp,0.086364,1.0,0.0286083489838922
database3/database3/m.016vyp/92-FaceId-0_align.webp,0.043472,1.0,0.0269349394378521
database3/database3/m.016wdq/47-FaceId-0_align.webp,0.021942,1.0,0.1020634268487695
database3/database3/m.016wvy/16-FaceId-0_align.webp,0.016451,1.0,0.0284983852784873
database3/database3/m.016wvy/70-FaceId-0_align.webp,0.279688,1.0,0.0343003062240591
database3/database3/m.016wvy/90-FaceId-0_align.webp,0.0652,1.0,0.076301176703925
database3/database3/m.016xk5/94-FaceId-0_align.webp,0.039665,1.0,0.0279072347655453
database3/database3/m.016yr0/49-FaceId-0_align.webp,0.028821,1.0,0.0271360543678233
database3/database3/m.016yr0/53-FaceId-0_align.webp,0.03224,1.0,0.0248914809842001
database3/database3/m.016yr0/98-FaceId-0_align.webp,0.103354,1.0,0.0309005942814277
database3/database3/m.016ywr/2-FaceId-0_align.webp,0.022088,1.0,0.0423892867052201
database3/database3/m.016ywr/21-FaceId-0_align.webp,0.053813,1.0,0.030839135185402
database3/database3/m.016ywr/76-FaceId-0_align.webp,0.0,1.0,0.0249396041751504
database3/database3/m.016z3d/40-FaceId-0_align.webp,0.041987,1.0,0.0251341960856448
database3/database3/m.016z3d/43-FaceId-0_align.webp,0.184794,1.0,0.0278316083252034
database3/database3/m.016z3d/48-FaceId-0_align.webp,0.181018,1.0,0.0280115080561234
database3/database3/m.016z68/21-FaceId-0_align.webp,0.185954,1.0,0.0355209946065095
database3/database3/m.016z68/89-FaceId-0_align.webp,0.268667,1.0,0.0342672512012646
database3/database3/m.016zp5/13-FaceId-0_align.webp,0.016071,1.0,0.0233267770366746
database3/database3/m.016zp5/31-FaceId-0_align.webp,0.101464,1.0,0.0797538067600919
database3/database3/m.016zp5/64-FaceId-0_align.webp,0.006697,1.0,0.0321237788756332
database3/database3/m.016zp5/68-FaceId-0_align.webp,0.014376,1.0,0.0310555989127814
database3/database3/m.016zvk/22-FaceId-0_align.webp,0.104809,0.0,0.0289701708563044
database3/database3/m.016zvk/81-FaceId-0_align.webp,0.147393,0.0,0.0277630724335437
database3/database3/m.016zvk/88-FaceId-0_align.webp,0.080384,0.0,0.0222829785055184
database3/database3/m.016zvk/91-FaceId-0_align.webp,0.084334,0.0,0.0256819128348217
database3/database3/m.0170pk/112-FaceId-0_align.webp,0.029113,1.0,0.050815330182069
database3/database3/m.0170pk/32-FaceId-0_align.webp,0.0,1.0,0.0618121468775025
database3/database3/m.0170pk/71-FaceId-0_align.webp,0.003334,1.0,0.034128946365359
database3/database3/m.0170pk/93-FaceId-0_align.webp,0.020024,1.0,0.0644443642772089
database3/database3/m.0170q1/39-FaceId-0_align.webp,0.098023,0.0,0.0545481507351759
database3/database3/m.0170qf/10-FaceId-0_align.webp,0.012168,1.0,0.0269169236522282
database3/database3/m.0170qf/66-FaceId-0_align.webp,0.173717,1.0,0.0337889832346062
database3/database3/m.0170s4/35-FaceId-0_align.webp,0.00841,1.0,0.0327816572454822
database3/database3/m.0170s4/44-FaceId-0_align.webp,0.007374,1.0,0.0198189466989669
database3/database3/m.0170s4/48-FaceId-0_align.webp,0.0,1.0,0.0220389328948883
database3/database3/m.0170s4/85-FaceId-0_align.webp,0.00918,1.0,0.0286376809350094
database3/database3/m.0170s4/86-FaceId-0_align.webp,0.00659,1.0,0.0241069743574386
database3/database3/m.0170zz/7-FaceId-0_align.webp,0.0033,1.0,0.0519663609409464
database3/database3/m.017115/2-FaceId-0_align.webp,0.178391,1.0,0.0521659367977319
database3/database3/m.0171cm/52-FaceId-0_align.webp,0.078391,1.0,0.0721391562610005
database3/database3/m.0171cm/9-FaceId-0_align.webp,0.020679,1.0,0.0675922928914204
database3/database3/m.0171dv/105-FaceId-0_align.webp,0.019879,1.0,0.0284857717562256
database3/database3/m.0171dv/106-FaceId-0_align.webp,0.079343,1.0,0.0361804585064713
database3/database3/m.0171z8/39-FaceId-0_align.webp,0.1172,0.0,0.1182658182275402
database3/database3/m.01721f/98-FaceId-0_align.webp,0.00066,1.0,0.0193241630007551
database3/database3/m.01728m/45-FaceId-0_align.webp,0.026608,1.0,0.0567147018789332
database3/database3/m.01734j/10-FaceId-0_align.webp,0.107434,1.0,0.0660730374457434
database3/database3/m.01737y/7-FaceId-0_align.webp,0.023524,1.0,0.0248610286810913
database3/database3/m.0173cq/55-FaceId-0_align.webp,0.0687,0.0,0.0315475277451866
database3/database3/m.0173cq/82-FaceId-0_align.webp,0.052898,0.0,0.0260772044994437
database3/database3/m.0173p_/66-FaceId-0_align.webp,0.12779,0.0,0.0398537570830253
database3/database3/m.0173p_/82-FaceId-0_align.webp,0.039784,0.0,0.0246799991809203
database3/database3/m.0173p_/97-FaceId-0_align.webp,0.06989,0.0,0.0295455827997707
database3/database3/m.0173s_/56-FaceId-0_align.webp,0.320216,0.0,0.0393520733343716
database3/database3/m.01741h/75-FaceId-0_align.webp,0.057681,1.0,0.0750048887732876
database3/database3/m.01742l/53-FaceId-0_align.webp,0.210558,0.0,0.0377122378159825
database3/database3/m.01744d/24-FaceId-0_align.webp,0.021138,1.0,0.0307181774760069
database3/database3/m.01744d/66-FaceId-0_align.webp,0.069833,1.0,0.0310952358108334
database3/database3/m.017458/60-FaceId-0_align.webp,0.031087,1.0,0.1045066466866588
database3/database3/m.0174z2/31-FaceId-0_align.webp,0.019356,1.0,0.0287912579155388
database3/database3/m.0175m_/104-FaceId-0_align.webp,0.011519,1.0,0.0416640577733309
database3/database3/m.0175m_/106-FaceId-0_align.webp,0.008092,1.0,0.0262466184514992
database3/database3/m.0175s7/91-FaceId-0_align.webp,0.271553,1.0,0.0411849112644656
database3/database3/m.0175w3/23-FaceId-0_align.webp,0.084707,1.0,0.0758207589878124
database3/database3/m.0175w3/40-FaceId-0_align.webp,0.14122,1.0,0.101449570676892
database3/database3/m.0175w3/8-FaceId-0_align.webp,0.022898,1.0,0.1073623762681956
database3/database3/m.01762z/69-FaceId-0_align.webp,0.001793,1.0,0.0274212378475789
database3/database3/m.017729/106-FaceId-0_align.webp,0.004005,1.0,0.0373155837314641
database3/database3/m.01772q/118-FaceId-0_align.webp,0.005376,1.0,0.0224976028954149
database3/database3/m.01778_/1-FaceId-0_align.webp,0.151831,0.0,0.070281784311881
database3/database3/m.01778_/5-FaceId-0_align.webp,0.080886,0.0,0.0611782895048417
database3/database3/m.0177s6/54-FaceId-0_align.webp,0.003871,1.0,0.0810765593166427
database3/database3/m.0177s6/83-FaceId-0_align.webp,0.194958,1.0,0.0785954234215345
database3/database3/m.0178_j/46-FaceId-0_align.webp,0.038586,1.0,0.0604564079743268
database3/database3/m.0178d6/53-FaceId-0_align.webp,0.019408,1.0,0.0266993946914944
database3/database3/m.0178d6/9-FaceId-0_align.webp,0.038126,1.0,0.0344273818698337
database3/database3/m.0178sb/20-FaceId-0_align.webp,0.025953,1.0,0.0269698932117529
database3/database3/m.01791s/104-FaceId-0_align.webp,0.057011,1.0,0.1418889000457976
database3/database3/m.01793l/15-FaceId-0_align.webp,0.11519,1.0,0.082319362336671
database3/database3/m.01793l/3-FaceId-0_align.webp,0.021997,1.0,0.0629404271380337
database3/database3/m.01793l/48-FaceId-0_align.webp,0.070141,1.0,0.0981949433203452
database3/database3/m.01793l/77-FaceId-0_align.webp,0.068916,1.0,0.0834119581510895
database3/database3/m.01794d/22-FaceId-0_align.webp,0.132698,1.0,0.0312433657375528
database3/database3/m.0179n7/47-FaceId-0_align.webp,0.025063,1.0,0.0287190465012271
database3/database3/m.0179ys/22-FaceId-0_align.webp,0.03888,1.0,0.0348131370924659
database3/database3/m.017_65/24-FaceId-0_align.webp,0.104039,1.0,0.0440120240458257
database3/database3/m.017__g/2-FaceId-0_align.webp,0.026314,1.0,0.0272506426809725
database3/database3/m.017__g/30-FaceId-0_align.webp,0.064708,1.0,0.0332401771303708
database3/database3/m.017_dr/0-FaceId-1_align.webp,0.037641,1.0,0.0684049690827479
database3/database3/m.017_dr/14-FaceId-0_align.webp,0.005491,1.0,0.035414463819101
database3/database3/m.017_dr/47-FaceId-0_align.webp,0.191478,1.0,0.0373431213590567
database3/database3/m.017_dr/57-FaceId-0_align.webp,0.038308,1.0,0.0835327837043373
database3/database3/m.017_j4/45-FaceId-0_align.webp,0.032452,1.0,0.0610935381985046
database3/database3/m.017_j4/54-FaceId-0_align.webp,0.009302,1.0,0.0639998480971958
database3/database3/m.017_j4/93-FaceId-0_align.webp,0.05205,1.0,0.1117935282743237
database3/database3/m.017_l1/23-FaceId-0_align.webp,0.033635,1.0,0.0254539187404621
database3/database3/m.017_l1/5-FaceId-0_align.webp,0.0,1.0,0.026483711525339
database3/database3/m.017_xx/84-FaceId-0_align.webp,0.180042,0.0,0.0277463587972193
database3/database3/m.017bd/83-FaceId-0_align.webp,0.002036,1.0,0.0556757072522364
database3/database3/m.017bd/85-FaceId-0_align.webp,0.002715,1.0,0.0728783294645063
database3/database3/m.017bk6/90-FaceId-2_align.webp,0.056904,0.0,0.0231004502789839
database3/database3/m.017bxq/72-FaceId-0_align.webp,0.032315,1.0,0.0545547053562365
database3/database3/m.017c87/108-FaceId-0_align.webp,0.012746,1.0,0.0589017226391961
database3/database3/m.017c87/7-FaceId-0_align.webp,0.008884,1.0,0.0242456171899585
database3/database3/m.017cgg/62-FaceId-0_align.webp,0.009893,1.0,0.0728471026558267
database3/database3/m.017d3v/21-FaceId-0_align.webp,0.000486,1.0,0.0161845964884017
database3/database3/m.017dpj/104-FaceId-0_align.webp,0.159674,1.0,0.0783357849834807
database3/database3/m.017dpj/116-FaceId-0_align.webp,0.004563,1.0,0.0547835567384811
database3/database3/m.017dpj/14-FaceId-0_align.webp,0.012759,1.0,0.0541093322609336
database3/database3/m.017dpj/6-FaceId-0_align.webp,0.157516,1.0,0.079631152575163
database3/database3/m.017dpj/81-FaceId-0_align.webp,0.117413,1.0,0.0976460300940608
database3/database3/m.017dpj/98-FaceId-0_align.webp,0.093515,1.0,0.0713412508255667
database3/database3/m.017f4y/21-FaceId-0_align.webp,0.009046,1.0,0.0271864892188794
database3/database3/m.017fgp/17-FaceId-0_align.webp,0.004873,1.0,0.0628780813541545
database3/database3/m.017fhk/5-FaceId-0_align.webp,0.05945,1.0,0.0490785652625394
database3/database3/m.017fhk/70-FaceId-0_align.webp,0.025921,1.0,0.024874186966705
database3/database3/m.017fhk/87-FaceId-0_align.webp,0.146412,1.0,0.046590997781609
database3/database3/m.017fj_/2-FaceId-0_align.webp,0.022486,1.0,0.0279906893981895
database3/database3/m.017fj_/97-FaceId-0_align.webp,0.013264,1.0,0.0699608493645445
database3/database3/m.017fks/21-FaceId-0_align.webp,0.013755,1.0,0.0272241692037968
database3/database3/m.017fks/34-FaceId-0_align.webp,0.010024,1.0,0.0714941222553408
database3/database3/m.017fl5/7-FaceId-0_align.webp,0.088967,1.0,0.0299295034838304
database3/database3/m.017fl5/89-FaceId-0_align.webp,0.156395,1.0,0.0436242510500143
database3/database3/m.017fl_/0-FaceId-0_align.webp,0.016489,1.0,0.0847998125822768
database3/database3/m.017fp0/26-FaceId-0_align.webp,0.014762,1.0,0.0243095096947701
database3/database3/m.017fp0/70-FaceId-0_align.webp,0.102621,1.0,0.0318771645624199
database3/database3/m.017fp0/85-FaceId-0_align.webp,0.016216,1.0,0.0318650558715122
database3/database3/m.017fp0/92-FaceId-0_align.webp,0.03683,1.0,0.0555271150234363
database3/database3/m.017frf/2-FaceId-0_align.webp,0.239226,1.0,0.0336958431999301
database3/database3/m.017frf/48-FaceId-0_align.webp,0.242631,1.0,0.0380185965116231
database3/database3/m.017ft0/4-FaceId-0_align.webp,0.025186,0.0,0.026733187260825
database3/database3/m.017fxp/62-FaceId-0_align.webp,0.006207,1.0,0.0570678449319946
database3/database3/m.017fzy/33-FaceId-0_align.webp,0.135665,1.0,0.0251152590430634
database3/database3/m.017fzy/38-FaceId-0_align.webp,0.020138,1.0,0.0327510600436834
database3/database3/m.017fzy/44-FaceId-0_align.webp,0.119262,1.0,0.0330722318305297
database3/database3/m.017fzy/7-FaceId-0_align.webp,0.042513,1.0,0.0273475037082466
database3/database3/m.017fzy/84-FaceId-0_align.webp,0.1089,1.0,0.0372212059144382
database3/database3/m.017fzy/88-FaceId-0_align.webp,0.093437,1.0,0.0252033619427657
database3/database3/m.017g21/51-FaceId-0_align.webp,0.121234,1.0,0.0340589936186405
database3/database3/m.017g2y/13-FaceId-0_align.webp,0.026164,1.0,0.0279325956963736
database3/database3/m.017gd_/53-FaceId-0_align.webp,0.006889,1.0,0.0651603217742561
database3/database3/m.017gd_/59-FaceId-0_align.webp,0.012556,1.0,0.0546152129302272
database3/database3/m.017gxw/53-FaceId-0_align.webp,0.064935,0.0,0.0277921183866022
database3/database3/m.017h4c/0-FaceId-0_align.webp,0.049628,1.0,0.0635089395226783
database3/database3/m.017h_2/23-FaceId-0_align.webp,0.06887,1.0,0.0725813642155805
database3/database3/m.017hgl/21-FaceId-0_align.webp,0.089799,1.0,0.03848324828018
database3/database3/m.017hgl/42-FaceId-0_align.webp,0.004642,1.0,0.0338534331975733
database3/database3/m.017hjk/57-FaceId-0_align.webp,0.009431,1.0,0.0470409101561626
database3/database3/m.017hm9/3-FaceId-0_align.webp,0.001744,1.0,0.0619296812181332
database3/database3/m.017hm9/36-FaceId-0_align.webp,0.002432,1.0,0.0315080220065353
database3/database3/m.017hw4/23-FaceId-0_align.webp,0.000412,1.0,0.031131465567053
database3/database3/m.017hwl/3-FaceId-0_align.webp,0.014017,1.0,0.0740755966203762
database3/database3/m.017j1w/26-FaceId-0_align.webp,0.021211,1.0,0.0237185141581811
database3/database3/m.017j1w/35-FaceId-0_align.webp,0.039099,1.0,0.0905697823497152
database3/database3/m.017j1w/8-FaceId-0_align.webp,0.052854,1.0,0.0235869252555406
database3/database3/m.017j2b/85-FaceId-0_align.webp,0.008707,1.0,0.0482016103266238
database3/database3/m.017jwg/17-FaceId-0_align.webp,0.002376,1.0,0.0359532556127939
database3/database3/m.017jwg/53-FaceId-0_align.webp,0.066995,0.0,0.0330278438204902
database3/database3/m.017jwg/82-FaceId-0_align.webp,0.035246,1.0,0.0329124592581218
database3/database3/m.017kb5/32-FaceId-0_align.webp,0.006182,1.0,0.0295402252176651
database3/database3/m.017kgm/108-FaceId-1_align.webp,0.015319,1.0,0.0201251058258673
database3/database3/m.017kgm/94-FaceId-0_align.webp,0.003416,1.0,0.0234513729575601
database3/database3/m.017kq/37-FaceId-0_align.webp,0.040762,1.0,0.0639801536463414
database3/database3/m.017kq/48-FaceId-0_align.webp,0.009092,1.0,0.0612911161507323
database3/database3/m.017l4/11-FaceId-0_align.webp,0.001488,1.0,0.0237628148042016
database3/database3/m.017l4/73-FaceId-0_align.webp,0.09873,1.0,0.0300976999310331
database3/database3/m.017l4/80-FaceId-0_align.webp,0.025497,1.0,0.0683797023142402
database3/database3/m.017l7y/97-FaceId-0_align.webp,0.002424,1.0,0.0344511846530988
database3/database3/m.017lcg/63-FaceId-0_align.webp,0.136168,1.0,0.030349277390444
database3/database3/m.017m2y/105-FaceId-0_align.webp,0.084072,0.0,0.0263815423753087
database3/database3/m.017m2y/30-FaceId-0_align.webp,0.20052,0.0,0.0343491207125552
database3/database3/m.017mrb/26-FaceId-0_align.webp,0.125876,1.0,0.0284673511132089
database3/database3/m.017q3j/27-FaceId-0_align.webp,0.040475,1.0,0.0309613190677792
database3/database3/m.017q3j/87-FaceId-1_align.webp,0.137407,1.0,0.0530088140334103
database3/database3/m.017qkp/105-FaceId-0_align.webp,0.016276,1.0,0.0254160326630581
database3/database3/m.017qkp/8-FaceId-0_align.webp,0.006413,1.0,0.028814495198762
database3/database3/m.017r13/15-FaceId-0_align.webp,0.004576,1.0,0.0280562121344683
database3/database3/m.017r13/32-FaceId-0_align.webp,0.001926,1.0,0.0269186878941809
database3/database3/m.017r13/71-FaceId-0_align.webp,0.149849,1.0,0.0393060509820538
database3/database3/m.017r5g/69-FaceId-0_align.webp,0.246362,0.0,0.0342468832402496
database3/database3/m.017rh4/92-FaceId-0_align.webp,0.059749,1.0,0.0318301165687342
database3/database3/m.017rjs/94-FaceId-0_align.webp,0.227853,1.0,0.0310454935057025
database3/database3/m.017tk3/113-FaceId-0_align.webp,0.041074,1.0,0.0336639421028008
database3/database3/m.017tk3/5-FaceId-0_align.webp,0.023981,1.0,0.0345064969684071
database3/database3/m.017tk3/61-FaceId-0_align.webp,0.058875,1.0,0.0395913913921316
database3/database3/m.017tk3/83-FaceId-0_align.webp,0.016266,1.0,0.0312045513845886
database3/database3/m.017tkv/15-FaceId-0_align.webp,0.09519,0.0,0.0236480646911037
database3/database3/m.017tkv/5-FaceId-0_align.webp,0.108291,0.0,0.0262336141925649
database3/database3/m.017tlt/70-FaceId-0_align.webp,0.079127,1.0,0.0187537687255889
database3/database3/m.017tn4/17-FaceId-0_align.webp,0.026983,1.0,0.0629089098908609
database3/database3/m.017tn4/54-FaceId-2_align.webp,0.042656,1.0,0.0516552336453816
database3/database3/m.017tnz/116-FaceId-0_align.webp,0.135035,1.0,0.0405801279031061
database3/database3/m.017vfn/43-FaceId-0_align.webp,0.036126,1.0,0.027909164726117
database3/database3/m.017vkk/88-FaceId-0_align.webp,0.022172,0.0,0.0264263454545019
database3/database3/m.017vkx/34-FaceId-1_align.webp,0.050784,1.0,0.07411198876007
database3/database3/m.017wbg/77-FaceId-0_align.webp,0.079706,1.0,0.0281669874137013
database3/database3/m.017x_s/36-FaceId-0_align.webp,0.021378,1.0,0.0643909023524704
database3/database3/m.017xm3/52-FaceId-0_align.webp,0.225925,0.0,0.028632022949365
database3/database3/m.017yfz/93-FaceId-0_align.webp,0.237267,1.0,0.0
database3/database3/m.017yvm/5-FaceId-0_align.webp,0.011632,1.0,0.0290110318964641
database3/database3/m.017yvm/93-FaceId-0_align.webp,0.007487,1.0,0.0531131516816013
database3/database3/m.017yzt/119-FaceId-0_align.webp,0.299381,0.0,0.043510484637494
database3/database3/m.017yzt/55-FaceId-0_align.webp,0.055778,0.0,0.0241323659934835
database3/database3/m.017yzt/61-FaceId-0_align.webp,0.0,0.0,0.0242349145849157
database3/database3/m.017z_/91-FaceId-0_align.webp,0.06531,1.0,0.0641403936442698
database3/database3/m.017zng/39-FaceId-0_align.webp,0.114304,1.0,0.0313723900206974
database3/database3/m.017zng/73-FaceId-0_align.webp,0.087005,1.0,0.0474701841461532
database3/database3/m.017zng/97-FaceId-0_align.webp,0.096418,1.0,0.0300330744347117
database3/database3/m.01804k/55-FaceId-0_align.webp,0.104401,0.0,0.0259231412940924
database3/database3/m.01807/65-FaceId-0_align.webp,0.087681,1.0,0.0743746007972983
database3/database3/m.01807/73-FaceId-0_align.webp,0.147607,1.0,0.0821757926847576
database3/database3/m.018144/31-FaceId-0_align.webp,0.317719,1.0,0.0294322144235073
database3/database3/m.018144/55-FaceId-0_align.webp,0.076827,1.0,0.0334254054960554
database3/database3/m.01815s/106-FaceId-0_align.webp,0.234236,0.0,0.0290544217954948
database3/database3/m.01815s/50-FaceId-0_align.webp,0.243106,0.0,0.0284972937144926
database3/database3/m.01815s/64-FaceId-0_align.webp,0.173641,0.0,0.0294558457415692
database3/database3/m.0181gp/6-FaceId-0_align.webp,0.043543,1.0,0.0300672619405612
database3/database3/m.0181j_/107-FaceId-0_align.webp,0.027129,0.0,0.0283728922797343
database3/database3/m.0181kg/14-FaceId-0_align.webp,0.119867,1.0,0.0668124349975221
database3/database3/m.0181lj/18-FaceId-0_align.webp,0.190172,1.0,0.0188190954381047
database3/database3/m.0181p_/19-FaceId-0_align.webp,0.041166,1.0,0.0592748788735848
database3/database3/m.0181p_/99-FaceId-0_align.webp,0.035046,1.0,0.0300802052990705
database3/database3/m.0181ph/4-FaceId-0_align.webp,0.019163,1.0,0.0525469627951295
database3/database3/m.0181ph/8-FaceId-0_align.webp,0.037384,1.0,0.0
database3/database3/m.0181x9/43-FaceId-0_align.webp,0.029481,1.0,0.0308203499694595
database3/database3/m.0181xq/13-FaceId-0_align.webp,0.002527,0.0,0.0357498083991963
database3/database3/m.0182hg/59-FaceId-0_align.webp,0.003662,1.0,0.0266362040675072
database3/database3/m.0182q2/111-FaceId-0_align.webp,0.014398,1.0,0.0309082918253735
database3/database3/m.0182q2/47-FaceId-0_align.webp,0.020684,1.0,0.0304798153345356
database3/database3/m.0182q2/58-FaceId-0_align.webp,0.034155,1.0,0.0241357784176724
database3/database3/m.0182vk/101-FaceId-0_align.webp,0.185784,1.0,0.0774261370426817
database3/database3/m.0182vk/97-FaceId-0_align.webp,0.113244,1.0,0.0301176862825479
database3/database3/m.01830j/15-FaceId-0_align.webp,0.208446,0.0,0.0387090810468781
database3/database3/m.01833g/76-FaceId-0_align.webp,0.008544,1.0,0.0379688176029093
database3/database3/m.018348/1-FaceId-0_align.webp,0.029671,1.0,0.0438389140565005
database3/database3/m.0183f9/72-FaceId-0_align.webp,0.028848,1.0,0.0611853357944452
database3/database3/m.018417/7-FaceId-0_align.webp,0.270045,0.0,0.0323385790675513
database3/database3/m.018493/45-FaceId-0_align.webp,0.059135,0.0,0.0308675251599819
database3/database3/m.0184cd/37-FaceId-0_align.webp,0.012663,0.0,0.0297992104702041
database3/database3/m.0184cd/69-FaceId-0_align.webp,0.041234,0.0,0.0279557882029374
database3/database3/m.0184jc/9-FaceId-0_align.webp,0.061679,1.0,0.04369254153399
database3/database3/m.0184xq/86-FaceId-0_align.webp,0.010468,1.0,0.0464350633831861
database3/database3/m.0185gs/107-FaceId-0_align.webp,0.133885,1.0,0.02827263342171
database3/database3/m.0187y5/50-FaceId-0_align.webp,0.011259,1.0,0.1261456506490471
database3/database3/m.0187y5/55-FaceId-0_align.webp,0.018906,1.0,0.0319505847461529
database3/database3/m.0188n0/16-FaceId-0_align.webp,0.119925,1.0,0.0326273164967182
database3/database3/m.0188n0/81-FaceId-0_align.webp,0.437819,1.0,0.036375821331418
database3/database3/m.0188n0/93-FaceId-0_align.webp,0.241643,1.0,0.0460559624738584
database3/database3/m.0188nj/68-FaceId-0_align.webp,0.036499,1.0,0.025274699845948
database3/database3/m.018_3q/101-FaceId-0_align.webp,0.001235,1.0,0.1967895302892832
database3/database3/m.018_3q/89-FaceId-0_align.webp,0.024563,1.0,0.0238492244063533
database3/database3/m.018_lb/81-FaceId-0_align.webp,0.104704,0.0,0.0207491312864406
database3/database3/m.018c42/45-FaceId-1_align.webp,0.268912,1.0,0.0395048237571972
database3/database3/m.018c42/5-FaceId-0_align.webp,0.033426,1.0,0.0295105139444761
database3/database3/m.018cx_/16-FaceId-0_align.webp,0.128439,0.0,0.0266433011046411
database3/database3/m.018dnt/83-FaceId-0_align.webp,0.012334,1.0,0.0276953784860584
database3/database3/m.018dpq/74-FaceId-0_align.webp,0.08469,1.0,0.0383192174321765
database3/database3/m.018dpq/9-FaceId-0_align.webp,0.06436,1.0,0.0544778144317953
database3/database3/m.018dq3/21-FaceId-0_align.webp,0.264271,0.0,0.0306197697594847
database3/database3/m.018dq3/43-FaceId-0_align.webp,0.005771,0.0,0.0259039386696573
database3/database3/m.018dqg/14-FaceId-0_align.webp,0.002005,1.0,0.0262014082417134
database3/database3/m.018dyl/57-FaceId-0_align.webp,0.066796,1.0,0.0204427614473675
database3/database3/m.018f07/77-FaceId-0_align.webp,0.067893,1.0,0.0399956206057098
database3/database3/m.018f07/88-FaceId-0_align.webp,0.019681,1.0,0.0260321945583496
database3/database3/m.018f_y/78-FaceId-0_align.webp,0.005574,1.0,0.12495194271389
database3/database3/m.018fkc/18-FaceId-0_align.webp,0.048624,0.0,0.0362428486032239
database3/database3/m.018fkc/51-FaceId-0_align.webp,0.004824,1.0,0.0306108081851116
database3/database3/m.018fmr/107-FaceId-0_align.webp,0.087037,0.0,0.0303911500644457
database3/database3/m.018fmr/38-FaceId-0_align.webp,0.082888,0.0,0.047887702642275
database3/database3/m.018fmr/39-FaceId-0_align.webp,0.154489,0.0,0.0280917345821452
database3/database3/m.018fmr/77-FaceId-0_align.webp,0.094029,0.0,0.0279813771415467
database3/database3/m.018fmr/96-FaceId-0_align.webp,0.118151,0.0,0.0362603508763818
database3/database3/m.018fvy/74-FaceId-0_align.webp,0.006913,1.0,0.0283411347784934
database3/database3/m.018fwb/106-FaceId-0_align.webp,0.105164,0.0,0.032384763530078
database3/database3/m.018fyy/5-FaceId-0_align.webp,0.161114,0.0,0.025869907465418
database3/database3/m.018fzs/56-FaceId-0_align.webp,0.057952,1.0,0.0645498571440376
database3/database3/m.018fzs/60-FaceId-0_align.webp,0.058021,1.0,0.0254229221467336
database3/database3/m.018fzs/89-FaceId-0_align.webp,0.00707,1.0,0.0247655896097454
database3/database3/m.018g4z/59-FaceId-0_align.webp,0.266921,0.0,0.069666659623396
database3/database3/m.018gcf/20-FaceId-0_align.webp,0.017916,1.0,0.0261898581049992
database3/database3/m.018gcf/28-FaceId-0_align.webp,0.0,1.0,0.0325333236579543
database3/database3/m.018gjx/0-FaceId-0_align.webp,0.03658,1.0,0.028739458291183
database3/database3/m.018gjx/88-FaceId-1_align.webp,0.040357,1.0,0.0292794982765477
database3/database3/m.018gkb/31-FaceId-0_align.webp,0.133832,1.0,0.0498312901813094
database3/database3/m.018gkb/69-FaceId-0_align.webp,0.119964,1.0,0.0372252473547135
database3/database3/m.018gl5/55-FaceId-0_align.webp,0.0,1.0,0.027171731764087
database3/database3/m.018gn4/7-FaceId-0_align.webp,0.045659,1.0,0.0321269670436254
database3/database3/m.018gn4/95-FaceId-0_align.webp,0.084694,1.0,0.0382216803583513
database3/database3/m.018gqj/17-FaceId-0_align.webp,0.18042,1.0,0.0311833338155786
database3/database3/m.018gqj/45-FaceId-0_align.webp,0.048033,1.0,0.0289695327286164
database3/database3/m.018gqj/51-FaceId-0_align.webp,0.113401,1.0,0.0321736301092453
database3/database3/m.018gqj/9-FaceId-0_align.webp,0.182644,1.0,0.0371356662359219
database3/database3/m.018gsl/54-FaceId-0_align.webp,0.015144,1.0,0.0916596914642496
database3/database3/m.018gw3/19-FaceId-0_align.webp,0.042889,1.0,0.0797062258546514
database3/database3/m.018h84/20-FaceId-0_align.webp,0.006714,1.0,0.0315164153467818
database3/database3/m.018h84/4-FaceId-0_align.webp,0.077047,1.0,0.0219315643795256
database3/database3/m.018hhw/26-FaceId-0_align.webp,0.058762,0.0,0.0273005100277836
database3/database3/m.018hwl/22-FaceId-0_align.webp,0.105538,1.0,0.0395711057326196
database3/database3/m.018j3w/52-FaceId-0_align.webp,0.03127,1.0,0.0207308902721508
database3/database3/m.018j4c/21-FaceId-0_align.webp,0.159984,1.0,0.0367508319111743
database3/database3/m.018j4c/60-FaceId-0_align.webp,0.116911,1.0,0.0421732662317039
database3/database3/m.018j4c/72-FaceId-0_align.webp,0.050298,1.0,0.0300718219593911
database3/database3/m.018j5m/87-FaceId-0_align.webp,0.119486,0.0,0.0359641176869726
database3/database3/m.018jnn/6-FaceId-0_align.webp,0.046059,1.0,0.0232169100219191
database3/database3/m.018jnn/60-FaceId-0_align.webp,0.021036,1.0,0.0243611125604064
database3/database3/m.018jz8/4-FaceId-0_align.webp,0.129694,1.0,0.0291005610356912
database3/database3/m.018kd0/56-FaceId-0_align.webp,0.078738,1.0,0.0395196123402708
database3/database3/m.018kjc/45-FaceId-0_align.webp,0.336481,1.0,0.0448636137811215
database3/database3/m.018kjc/74-FaceId-0_align.webp,0.359873,1.0,0.0427912658061212
database3/database3/m.018lb1/1-FaceId-0_align.webp,0.066363,0.0,0.0258594593620722
database3/database3/m.018lb1/113-FaceId-0_align.webp,0.174767,0.0,0.0292553335593359
database3/database3/m.018lb1/45-FaceId-0_align.webp,0.011283,0.0,0.0259116249499289
database3/database3/m.018lb1/60-FaceId-0_align.webp,0.101898,0.0,0.025162019106908
database3/database3/m.018lb1/67-FaceId-0_align.webp,0.058712,0.0,0.0339781639760631
database3/database3/m.018lp7/31-FaceId-0_align.webp,0.068826,0.0,0.0297958890614359
database3/database3/m.018lp7/5-FaceId-0_align.webp,0.037973,0.0,0.0263278207778208
database3/database3/m.018lpm/41-FaceId-0_align.webp,0.03151,1.0,0.0581725696574333
database3/database3/m.018lx_/11-FaceId-0_align.webp,0.157239,1.0,0.0399686767305553
database3/database3/m.018lxn/67-FaceId-0_align.webp,0.041223,0.0,0.0243735291460485
database3/database3/m.018m5c/31-FaceId-0_align.webp,0.012538,1.0,0.0217339405668026
database3/database3/m.018m5c/6-FaceId-0_align.webp,0.013236,1.0,0.0232184562178353
database3/database3/m.018m5c/74-FaceId-0_align.webp,0.007729,1.0,0.0322146762078655
database3/database3/m.018mfl/68-FaceId-0_align.webp,0.01486,1.0,0.0456914706154087
database3/database3/m.018n52/37-FaceId-0_align.webp,0.024108,1.0,0.0234687063865863
database3/database3/m.018n7d/44-FaceId-0_align.webp,0.002157,1.0,0.0286423833168974
database3/database3/m.018n9d/58-FaceId-0_align.webp,0.182622,1.0,0.0359735192742224
database3/database3/m.018nqq/25-FaceId-0_align.webp,0.02666,1.0,0.022086057872171
database3/database3/m.018nqq/56-FaceId-0_align.webp,0.002557,1.0,0.0361815090502054
database3/database3/m.018nwp/42-FaceId-0_align.webp,0.023176,1.0,0.0776026066361663
database3/database3/m.018p19/2-FaceId-0_align.webp,0.029409,1.0,0.0408195608599225
database3/database3/m.018pj3/21-FaceId-0_align.webp,0.206243,0.0,0.0206026785477232
database3/database3/m.018pkl/117-FaceId-0_align.webp,0.00271,1.0,0.0368255552386142
database3/database3/m.018ptf/125-FaceId-1_align.webp,0.193842,0.0,0.0452151429118883
database3/database3/m.018ptf/6-FaceId-0_align.webp,0.184452,1.0,0.0255083273538956
database3/database3/m.018ptf/69-FaceId-0_align.webp,0.264398,1.0,0.0643962619426741
database3/database3/m.018ptf/87-FaceId-0_align.webp,0.284614,1.0,0.0330092526098298
database3/database3/m.018pyg/114-FaceId-0_align.webp,0.004286,0.0,0.0241081694712997
database3/database3/m.018pyg/50-FaceId-0_align.webp,0.094308,0.0,0.0216149112864362
database3/database3/m.018q7p/61-FaceId-0_align.webp,0.113962,1.0,0.0402726410160126
database3/database3/m.018qkz/35-FaceId-0_align.webp,0.11651,0.0,0.0294866556427586
database3/database3/m.018qkz/48-FaceId-0_align.webp,0.078768,0.0,0.0305542027065637
database3/database3/m.018qlp/1-FaceId-0_align.webp,0.057596,0.0,0.0353801924057329
database3/database3/m.018qlp/2-FaceId-0_align.webp,0.201501,0.0,0.0419334585283862
database3/database3/m.018qlp/67-FaceId-0_align.webp,0.023725,0.0,0.0238528294628472
database3/database3/m.018qlp/73-FaceId-0_align.webp,0.048836,0.0,0.0280997860296795
database3/database3/m.018qlp/81-FaceId-0_align.webp,0.220874,0.0,0.0305711338909126
database3/database3/m.018qlp/99-FaceId-0_align.webp,0.098556,0.0,0.0286474654377708
database3/database3/m.018qn8/16-FaceId-0_align.webp,0.180079,0.0,0.028964747535527
database3/database3/m.018qn8/24-FaceId-0_align.webp,0.067297,0.0,0.0302525575337283
database3/database3/m.018qn8/3-FaceId-0_align.webp,0.144663,0.0,0.0299478840326548
database3/database3/m.018qpb/20-FaceId-0_align.webp,0.030827,0.0,0.0201065600674583
database3/database3/m.018qpb/42-FaceId-0_align.webp,0.04676,0.0,0.0241119237900216
database3/database3/m.018qr9/59-FaceId-0_align.webp,0.041718,0.0,0.0246905962545939
database3/database3/m.018qwf/0-FaceId-0_align.webp,0.034965,1.0,0.026135460705852
database3/database3/m.018qx5/48-FaceId-0_align.webp,0.145397,0.0,0.0706097088238608
database3/database3/m.018r3g/1-FaceId-0_align.webp,0.015575,1.0,0.1018705696450277
database3/database3/m.018rsq/63-FaceId-0_align.webp,0.05182,1.0,0.0255988527022116
database3/database3/m.018rsq/82-FaceId-0_align.webp,0.021029,1.0,0.029457023554559
database3/database3/m.018ry5/78-FaceId-0_align.webp,0.052713,1.0,0.0316560537659745
database3/database3/m.018s7v/75-FaceId-0_align.webp,0.055964,0.0,0.031666931229477
database3/database3/m.018slq/19-FaceId-0_align.webp,0.164016,1.0,0.0369425404698494
database3/database3/m.018swb/94-FaceId-0_align.webp,0.035612,1.0,0.0339825483428224
database3/database3/m.018t67/2-FaceId-0_align.webp,0.002151,1.0,0.0239899644311004
database3/database3/m.018t67/75-FaceId-0_align.webp,0.002161,1.0,0.0249576610088266
database3/database3/m.018t67/76-FaceId-0_align.webp,0.014984,1.0,0.0243389481364397
database3/database3/m.018tfd/63-FaceId-0_align.webp,0.039426,1.0,0.0212094118072277
database3/database3/m.018tvs/4-FaceId-0_align.webp,0.186437,1.0,0.0439897740017228
database3/database3/m.018v8c/66-FaceId-0_align.webp,0.031012,1.0,0.0223057243470087
database3/database3/m.018v_8/56-FaceId-0_align.webp,0.065146,1.0,0.0226966393668633
database3/database3/m.018vhw/41-FaceId-2_align.webp,0.017996,1.0,0.1099022259205325
database3/database3/m.018vhw/84-FaceId-1_align.webp,0.010037,1.0,0.0327638139833139
database3/database3/m.018vhw/94-FaceId-0_align.webp,0.022504,1.0,0.0261959517137564
database3/database3/m.018w6s/30-FaceId-0_align.webp,0.009687,1.0,0.107835049909286
database3/database3/m.018wh0/34-FaceId-0_align.webp,0.038341,1.0,0.0248295117076168
database3/database3/m.018wqb/36-FaceId-1_align.webp,0.061601,1.0,0.048233748332901
database3/database3/m.018x3/82-FaceId-0_align.webp,0.000249,1.0,0.0268954020436987
database3/database3/m.018x3/89-FaceId-0_align.webp,0.006661,1.0,0.0507034051552234
database3/database3/m.018xrz/49-FaceId-0_align.webp,0.084464,1.0,0.0359126762210951
database3/database3/m.018y0w/54-FaceId-0_align.webp,0.014612,1.0,0.0257427390374364
database3/database3/m.018y2s/21-FaceId-0_align.webp,0.010478,1.0,0.0296819563000827
database3/database3/m.018y4x/104-FaceId-0_align.webp,0.014664,1.0,0.0268013825989658
database3/database3/m.018y4x/94-FaceId-0_align.webp,0.083805,1.0,0.0209956682745853
database3/database3/m.018ycp/32-FaceId-0_align.webp,0.169605,1.0,0.0344948959967421
database3/database3/m.018ycp/64-FaceId-0_align.webp,0.011204,1.0,0.0251325439003457
