filename,target,gender,pred
database1/img00000154.webp,0.036749,1.0,0.1632288186963968
database1/img00000271.webp,0.229724,1.0,0.2099585625016463
database1/img00000323.webp,0.120628,0.0,0.162022804954059
database1/img00000364.webp,0.00341,1.0,0.1517471451907084
database1/img00000371.webp,0.000249,1.0,0.1736942092417058
database1/img00000438.webp,0.102267,0.0,0.1721931777804609
database1/img00000448.webp,0.032257,0.0,0.1732589619815829
database1/img00000477.webp,0.158779,0.0,0.1330684242883699
database1/img00000491.webp,0.333523,0.0,0.1899657457015712
database1/img00000679.webp,0.022454,0.0,0.1604309543580085
database1/img00000766.webp,0.241328,0.0,0.1935611658119742
database1/img00000781.webp,0.01402,1.0,0.1580353378658752
database1/img00000793.webp,0.308688,0.0,0.2176939316903031
database1/img00000806.webp,0.083687,1.0,0.1589040514879606
database1/img00000857.webp,0.167176,0.0,0.1743141728537575
database1/img00000882.webp,0.118298,0.0,0.172391974201448
database1/img00000903.webp,0.006576,1.0,0.1843293629887371
database1/img00000929.webp,0.021546,1.0,0.1712389956946711
database1/img00000941.webp,0.232414,0.0,0.1882051123266023
database1/img00001032.webp,0.044127,1.0,0.1903485030582086
database1/img00001145.webp,0.022379,1.0,0.1453730547721021
database1/img00001291.webp,0.022322,0.0,0.1596153070814234
database1/img00001371.webp,0.148865,0.0,0.1683967072854076
database1/img00001491.webp,0.264813,0.0,0.2181849598728886
database1/img00001551.webp,0.054068,1.0,0.158992099751645
database1/img00001573.webp,0.095382,0.0,0.140012295175214
database1/img00001650.webp,0.088325,0.0,0.1385114444925952
database1/img00001652.webp,0.074782,1.0,0.167634116229555
database1/img00001674.webp,0.188753,0.0,0.2176256443108074
database1/img00001701.webp,0.002942,1.0,0.1702959676318105
database1/img00001779.webp,0.009358,1.0,0.268093124077666
database1/img00001812.webp,0.017934,0.0,0.1417217291037399
database1/img00001859.webp,0.006232,1.0,0.1867850295232647
database1/img00001872.webp,0.094988,0.0,0.1700510720061887
database1/img00001883.webp,0.015755,0.0,0.1755057475711682
database1/img00001978.webp,0.02291,1.0,0.1902265639699229
database1/img00002013.webp,0.068771,1.0,0.1524297704503921
database1/img00002073.webp,0.265663,0.0,0.1925175425532082
database1/img00002136.webp,0.083835,0.0,0.171591851843485
database1/img00002187.webp,0.062593,1.0,0.1812893133006354
database1/img00002221.webp,0.024328,1.0,0.1722023537286069
database1/img00002227.webp,0.172367,0.0,0.1889390022525734
database1/img00002414.webp,0.290565,0.0,0.2863936517754837
database1/img00002415.webp,0.370759,0.0,0.2170655078578554
database1/img00002527.webp,0.008082,0.0,0.1599118407856278
database1/img00002649.webp,0.108227,0.0,0.1655855876043326
database1/img00002695.webp,0.191496,0.0,0.1692569141859331
database1/img00002698.webp,0.019352,0.0,0.1710752102675571
database1/img00002713.webp,0.025594,1.0,0.1743289327326455
database1/img00002737.webp,0.01324,1.0,0.1696003007361132
database1/img00002813.webp,0.015997,0.0,0.146303333753839
database1/img00002915.webp,0.059948,0.0,0.1606927051768519
database1/img00002916.webp,0.061003,0.0,0.1671807414809289
database1/img00003052.webp,0.34648,0.0,0.1939359020473835
database1/img00003146.webp,0.130163,0.0,0.1298450928497169
database1/img00003162.webp,0.193332,0.0,0.2050870377037298
database1/img00003199.webp,0.314562,0.0,0.1873948626445313
database1/img00003273.webp,0.126445,0.0,0.2056378265054291
database1/img00003300.webp,0.007141,1.0,0.1776350149646545
database1/img00003360.webp,0.008946,1.0,0.1644033927986789
database1/img00003390.webp,0.054933,0.0,0.1732441598279927
database1/img00003437.webp,0.01322,1.0,0.1492335171635247
database1/img00003452.webp,0.040754,0.0,0.14186518341914
database1/img00003584.webp,0.23463,0.0,0.1952113615862352
database1/img00003713.webp,0.000555,1.0,0.1251828775100646
database1/img00003746.webp,0.099051,1.0,0.1778114530406397
database1/img00003877.webp,0.01258,0.0,0.1708679012796524
database1/img00003884.webp,0.091278,0.0,0.1534408676679002
database1/img00003887.webp,0.010493,1.0,0.2285831937453512
database1/img00003978.webp,0.178955,0.0,0.121421824577325
database1/img00004026.webp,0.365443,0.0,0.2050413884806765
database1/img00004041.webp,0.094007,0.0,0.1527973800073239
database1/img00004164.webp,0.026259,1.0,0.1565564978885792
database1/img00004216.webp,0.034337,0.0,0.1538550874663136
database1/img00004261.webp,0.165876,0.0,0.1950013388019068
database1/img00004273.webp,0.156777,0.0,0.1575565844156699
database1/img00004308.webp,0.126358,0.0,0.1686328653112595
database1/img00004416.webp,0.13739,1.0,0.1624987903913113
database1/img00004426.webp,0.364242,1.0,0.22127791193118
database1/img00004540.webp,0.140347,0.0,0.1473910155182163
database1/img00004621.webp,0.130906,0.0,0.1759864379472773
database1/img00004701.webp,0.060368,0.0,0.1307527899906838
database1/img00004841.webp,0.021785,1.0,0.1585718752349651
database1/img00004851.webp,0.058337,1.0,0.1745519666833317
database1/img00004895.webp,0.001337,1.0,0.1522579396270151
database1/img00005027.webp,0.095752,1.0,0.2011671008496126
database1/img00005030.webp,0.114344,0.0,0.1780286394492558
database1/img00005095.webp,0.018419,0.0,0.1824633676437085
database1/img00005116.webp,0.107525,0.0,0.1907908443783856
database1/img00005179.webp,0.058586,1.0,0.1742620663603307
database1/img00005208.webp,0.021009,1.0,0.2735775649342249
database1/img00005271.webp,0.408256,0.0,0.2218045006902216
database1/img00005293.webp,0.043233,0.0,0.1691151639416073
database1/img00005339.webp,0.173984,0.0,0.1389799159449243
database1/img00005347.webp,0.002911,0.0,0.1182807584106356
database1/img00005361.webp,0.189098,0.0,0.1659325194354235
database1/img00005501.webp,0.145725,0.0,0.1619771453582153
database1/img00005507.webp,0.232343,0.0,0.2524813464324182
database1/img00005509.webp,0.003247,1.0,0.253654662218604
database1/img00005522.webp,0.185571,0.0,0.1492658389626011
database1/img00005579.webp,0.037795,1.0,0.1779201321557397
database1/img00005689.webp,0.281579,0.0,0.173200487761432
database1/img00005696.webp,0.366924,0.0,0.2415284960516738
database1/img00005723.webp,0.013358,0.0,0.1856088258661545
database1/img00005726.webp,0.041346,1.0,0.1745949077287993
database1/img00005753.webp,0.009879,0.0,0.1727058613247228
database1/img00005766.webp,0.177714,0.0,0.1767924977558659
database1/img00005768.webp,0.024309,1.0,0.1929008121319327
database1/img00005822.webp,0.022373,0.0,0.1425469751080604
database1/img00005851.webp,0.375359,0.0,0.1910094114452956
database1/img00005896.webp,0.063671,0.0,0.1878374344552854
database1/img00005910.webp,0.374925,0.0,0.1837241876718344
database1/img00006003.webp,0.020291,1.0,0.1723898329999806
database1/img00006021.webp,0.018409,1.0,0.2698840717250002
database1/img00006047.webp,0.105454,0.0,0.1637036770762319
database1/img00006101.webp,0.326093,0.0,0.2027266499141413
database1/img00006168.webp,0.00248,1.0,0.1308268452588653
database1/img00006196.webp,0.0412,1.0,0.166948711900304
database1/img00006204.webp,0.331116,1.0,0.1992542359309215
database1/img00006269.webp,0.011789,1.0,0.1726373830302829
database1/img00006334.webp,0.003849,1.0,0.1369424248961983
database1/img00006414.webp,0.208227,0.0,0.1803764631330704
database1/img00006420.webp,0.026323,1.0,0.1789297606715202
database1/img00006436.webp,0.008945,1.0,0.1926015187882783
database1/img00006571.webp,0.06176,0.0,0.1512106260878024
database1/img00006576.webp,0.028441,1.0,0.1830158838353799
database1/img00006629.webp,0.000814,1.0,0.1172069200336571
database1/img00006690.webp,0.119839,0.0,0.1619129776668706
database1/img00006694.webp,0.019638,1.0,0.1566756676420322
database1/img00006722.webp,0.383369,0.0,0.2298614478553675
database1/img00006757.webp,0.169654,1.0,0.2232008403090526
database1/img00007032.webp,0.079705,0.0,0.1743196557449458
database1/img00007152.webp,0.296672,0.0,0.211103157811121
database1/img00007289.webp,0.004896,1.0,0.1847184109876106
database1/img00007329.webp,0.096683,0.0,0.1776060323380613
database1/img00007335.webp,0.012784,1.0,0.1834381916707709
database1/img00007354.webp,0.047242,0.0,0.1543115904317364
database1/img00007383.webp,0.020362,1.0,0.1392514192814696
database1/img00007416.webp,0.105824,1.0,0.1865788046107525
database1/img00007435.webp,0.275659,0.0,0.2540445142462024
database1/img00007452.webp,0.091268,0.0,0.1601205951065783
database1/img00007454.webp,0.052407,1.0,0.1968812040444573
database1/img00007468.webp,0.289625,0.0,0.2463403821541285
database1/img00007470.webp,0.024029,1.0,0.3009089787904984
database1/img00007537.webp,0.023879,0.0,0.1627573520234758
database1/img00007538.webp,0.239526,0.0,0.1819803967990492
database1/img00007592.webp,0.092299,0.0,0.1692547099406868
database1/img00007663.webp,0.000453,1.0,0.1425961055886958
database1/img00007675.webp,0.145663,0.0,0.157997836496378
database1/img00007764.webp,0.212475,0.0,0.169193378657612
database1/img00007790.webp,0.273678,0.0,0.2104767500078451
database1/img00007837.webp,0.07434,0.0,0.1602869142214807
database1/img00007851.webp,0.187909,0.0,0.1795956610986425
database1/img00007897.webp,0.021438,1.0,0.1669893326179838
database1/img00007955.webp,0.100119,0.0,0.1652076509802098
database1/img00007965.webp,0.126287,0.0,0.1388339231882072
database1/img00008054.webp,0.125876,0.0,0.1451523928936369
database1/img00008062.webp,0.192134,0.0,0.216179091934397
database1/img00008079.webp,0.010384,1.0,0.164777395545887
database1/img00008191.webp,0.127108,1.0,0.2048452651508749
database1/img00008233.webp,0.03355,1.0,0.1776305273596153
database1/img00008333.webp,0.123145,0.0,0.1638970310639733
database1/img00008350.webp,0.003002,0.0,0.1348163496364443
database1/img00008419.webp,0.136366,0.0,0.1751535968312684
database1/img00008444.webp,0.19563,0.0,0.1728577754538321
database1/img00008485.webp,0.153649,0.0,0.1443564435675444
database1/img00008500.webp,0.243166,1.0,0.1904621603965505
database1/img00008540.webp,0.020411,1.0,0.1746763193285166
database1/img00008619.webp,0.172849,1.0,0.1795288638766727
database1/img00008684.webp,0.116788,1.0,0.2566718587879759
database1/img00008694.webp,0.257404,1.0,0.2174930780873153
database1/img00008702.webp,0.150713,0.0,0.1660855187473406
database1/img00008778.webp,0.047436,1.0,0.1864474876600025
database1/img00008864.webp,0.142253,1.0,0.1773794363054769
database1/img00008929.webp,0.025151,1.0,0.1459305456152395
database1/img00009119.webp,0.134423,0.0,0.168432236010806
database1/img00009131.webp,0.11769,0.0,0.1540759441170585
database1/img00009180.webp,0.22272,0.0,0.2045162282852805
database1/img00009210.webp,0.133618,1.0,0.1673818952973772
database1/img00009215.webp,0.015083,1.0,0.2671255777132256
database1/img00009309.webp,0.232271,0.0,0.2459266092800949
database1/img00009310.webp,0.032707,1.0,0.1900501020442052
database1/img00009395.webp,0.188981,0.0,0.1507031630052632
database1/img00009397.webp,0.022474,0.0,0.1429877284275114
database1/img00009399.webp,0.009987,1.0,0.1508659882356698
database1/img00009423.webp,0.205953,0.0,0.1753418478703125
database1/img00009521.webp,0.096612,0.0,0.1514613248537705
database1/img00009606.webp,0.062144,1.0,0.1625391398196985
database1/img00009643.webp,0.076471,0.0,0.1649404169267551
database1/img00009666.webp,0.249637,0.0,0.1748431113837775
database1/img00009740.webp,0.056754,0.0,0.171973803265728
database1/img00009804.webp,0.00402,1.0,0.2145569805800372
database1/img00009898.webp,0.123271,0.0,0.1609300950979867
database1/img00009952.webp,0.220282,0.0,0.1933507074918245
database1/img00009963.webp,0.081114,1.0,0.1783375038839079
database1/img00010009.webp,0.161796,0.0,0.1551981999303626
database1/img00010196.webp,0.131846,0.0,0.160404085846766
database1/img00010250.webp,0.119697,0.0,0.2140975459660805
database1/img00010353.webp,0.145055,0.0,0.1717146277662477
database1/img00010363.webp,0.133258,0.0,0.1643313768988338
database1/img00010383.webp,0.010398,1.0,0.1125389956002968
database1/img00010445.webp,0.356323,0.0,0.1795534762845023
database1/img00010509.webp,0.056891,1.0,0.2147126456609014
database1/img00010530.webp,0.091729,0.0,0.1737833650261432
database1/img00010535.webp,0.304853,0.0,0.2223935927704875
database1/img00010537.webp,0.013696,0.0,0.1792250554081535
database1/img00010580.webp,0.154987,1.0,0.165626464527085
database1/img00010612.webp,0.334599,0.0,0.1913181615071426
database1/img00010629.webp,0.060911,0.0,0.1488573528192063
database1/img00010643.webp,0.114721,1.0,0.1621154554983537
database1/img00010674.webp,0.023709,0.0,0.1474970052667258
database1/img00010757.webp,0.206361,0.0,0.1778971548025534
database1/img00010780.webp,0.013969,0.0,0.1689460628305659
database1/img00010790.webp,0.031334,0.0,0.154057154815923
database1/img00010806.webp,0.065196,0.0,0.1648657290850321
database1/img00010887.webp,0.081617,0.0,0.1662728987463066
database1/img00010888.webp,0.233141,1.0,0.2230906523405075
database1/img00010982.webp,0.00745,1.0,0.1889029024375522
database1/img00010983.webp,0.20866,0.0,0.173742192758408
database1/img00011118.webp,0.178597,1.0,0.263554394125633
database1/img00011128.webp,0.27358,1.0,0.1854537967135501
database1/img00011142.webp,0.28074,1.0,0.2069679643851871
database1/img00011296.webp,0.108452,1.0,0.1997855135696983
database1/img00011507.webp,0.092578,0.0,0.1485797205394326
database1/img00011516.webp,0.087323,0.0,0.1656294536149265
database1/img00011597.webp,0.091441,0.0,0.1664891479571341
database1/img00011619.webp,0.253533,0.0,0.1999979395070538
database1/img00011623.webp,0.079619,0.0,0.1541058296946232
database1/img00011711.webp,0.412517,0.0,0.2324056117265244
database1/img00011737.webp,0.360567,0.0,0.2050593625347893
database1/img00011787.webp,0.009168,1.0,0.1604219240868691
database1/img00011827.webp,0.096535,0.0,0.1722171668091185
database1/img00011910.webp,0.153312,0.0,0.1602278930157531
database1/img00011946.webp,0.118833,0.0,0.168985953648463
database1/img00011981.webp,0.044401,1.0,0.1730166991268464
database1/img00011982.webp,0.064973,1.0,0.1566662408546449
database1/img00012046.webp,0.013245,1.0,0.1754217074831356
database1/img00012050.webp,0.169118,0.0,0.162454560205433
database1/img00012055.webp,0.118938,0.0,0.1699105586992231
database1/img00012083.webp,0.105677,1.0,0.162279593761725
database1/img00012173.webp,0.148639,0.0,0.1712415345153041
database1/img00012174.webp,0.13274,0.0,0.1673201088874649
database1/img00012175.webp,0.161502,0.0,0.1813513110713162
database1/img00012194.webp,0.057599,0.0,0.1693093985324068
database1/img00012259.webp,0.022948,1.0,0.226281726457023
database1/img00012293.webp,0.081765,0.0,0.1719916691609032
database1/img00012367.webp,0.265563,0.0,0.2106559573830847
database1/img00012402.webp,0.08769,0.0,0.1705779477743638
database1/img00012413.webp,0.178087,0.0,0.1747876800206952
database1/img00012417.webp,0.047864,1.0,0.1604466777278799
database1/img00012444.webp,0.279593,0.0,0.1898919705077456
database1/img00012509.webp,0.14518,0.0,0.1466035365795893
database1/img00012555.webp,0.159567,0.0,0.1793306684168898
database1/img00012681.webp,0.00788,1.0,0.1551142627936617
database1/img00012805.webp,0.03627,0.0,0.1684834895285334
database1/img00012844.webp,0.027729,1.0,0.1742244077766367
database1/img00012874.webp,0.002528,1.0,0.2197016257428856
database1/img00012883.webp,0.105193,1.0,0.1609669879004951
database1/img00012980.webp,0.021348,1.0,0.1706211937425642
database1/img00013033.webp,0.378744,0.0,0.2157066986705
database1/img00013074.webp,0.20406,0.0,0.212924133022374
database1/img00013089.webp,0.0,1.0,0.1328375448940009
database1/img00013099.webp,0.124905,0.0,0.2150157804598629
database1/img00013109.webp,0.255454,0.0,0.3019906149148907
database1/img00013151.webp,0.003784,1.0,0.1512773742653206
database1/img00013182.webp,0.112701,0.0,0.1627011932900828
database1/img00013213.webp,0.208104,1.0,0.1872995407841005
database1/img00013311.webp,0.021686,1.0,0.1714096097566265
database1/img00013313.webp,0.096531,0.0,0.1830466797902594
database1/img00013345.webp,0.111239,1.0,0.1803845908554998
database1/img00013392.webp,0.234015,0.0,0.1721983469894462
database1/img00013433.webp,0.013693,1.0,0.1715757388271527
database1/img00013450.webp,0.007936,1.0,0.1575775009073756
database1/img00013515.webp,0.055869,0.0,0.1638521693400784
database1/img00013591.webp,0.097683,0.0,0.1598335044541592
database1/img00013659.webp,0.005492,0.0,0.1765749745105505
database1/img00013777.webp,0.039118,0.0,0.1600858045739876
database1/img00013856.webp,0.08085,0.0,0.1940737334283438
database1/img00013896.webp,0.155239,0.0,0.1778613340377799
database1/img00013978.webp,0.216187,1.0,0.1562101705108687
database1/img00014030.webp,0.009111,0.0,0.1880765436964149
database1/img00014146.webp,0.019737,0.0,0.169240870949004
database1/img00014277.webp,0.009327,1.0,0.1865186039750715
database1/img00014440.webp,0.313716,0.0,0.2093221802497372
database1/img00014506.webp,0.002933,0.0,0.1741294308527602
database1/img00014634.webp,0.124116,1.0,0.1742694965111116
database1/img00014645.webp,0.294956,1.0,0.1992570016677806
database1/img00014657.webp,0.009173,1.0,0.1418027009762489
database1/img00014808.webp,0.222577,0.0,0.1961344615647157
database1/img00014845.webp,0.184098,0.0,0.1785979526552663
database1/img00014912.webp,0.085464,0.0,0.1725622309126614
database1/img00014924.webp,0.071344,1.0,0.1961773112155272
database1/img00015038.webp,0.222266,1.0,0.1933024144507318
database1/img00015081.webp,0.134204,0.0,0.2239143237841044
database1/img00015348.webp,0.225921,0.0,0.1958744791074571
database1/img00015359.webp,0.033386,0.0,0.1632877213635771
database1/img00015476.webp,0.164199,0.0,0.2187296511776239
database1/img00015498.webp,0.128891,0.0,0.154844890262577
database1/img00015505.webp,0.086803,0.0,0.1669273412344835
database1/img00015509.webp,0.096299,1.0,0.1916062804297544
database1/img00015766.webp,0.128287,0.0,0.1615908189655173
database1/img00015784.webp,0.198335,0.0,0.1667317001000597
database1/img00015947.webp,0.126497,0.0,0.1665460758059791
database1/img00016004.webp,0.076385,0.0,0.1696485392009584
database1/img00016096.webp,0.018479,1.0,0.1577356494905036
database1/img00016164.webp,0.009807,1.0,0.1610664215226052
database1/img00016181.webp,0.000908,1.0,0.1447117283759137
database1/img00016288.webp,0.368142,0.0,0.2185760680141727
database1/img00016296.webp,0.233928,0.0,0.1734295723831612
database1/img00016398.webp,0.070727,0.0,0.1650180095995688
database1/img00016442.webp,0.050167,0.0,0.1619378487701153
database1/img00016457.webp,0.145227,1.0,0.1727524425942928
database1/img00016490.webp,0.091022,0.0,0.1482061500996172
database1/img00016497.webp,0.144198,0.0,0.1773905295684398
database1/img00016611.webp,0.10049,0.0,0.1663001923572868
database1/img00016679.webp,0.001846,0.0,0.1700467279814212
database1/img00016886.webp,0.012909,1.0,0.1529097964933998
database1/img00016934.webp,0.076123,1.0,0.1557761696538299
database1/img00016955.webp,0.030027,1.0,0.1979706459554637
database1/img00017135.webp,0.137474,0.0,0.1676285991819522
database1/img00017144.webp,0.291437,0.0,0.1861376566723362
database1/img00017157.webp,0.097188,0.0,0.1636175530540312
database1/img00017237.webp,0.019539,0.0,0.1595383092628925
database1/img00017467.webp,0.193369,0.0,0.2002424187772282
database1/img00017485.webp,0.231654,0.0,0.2465509099037369
database1/img00017623.webp,0.273226,0.0,0.1820023670330149
database1/img00017648.webp,0.013591,1.0,0.144481406457953
database1/img00017737.webp,0.0127,1.0,0.1678599043896618
database1/img00017893.webp,0.369649,0.0,0.181007659863883
database1/img00018025.webp,0.125656,0.0,0.1565865957216815
database1/img00018042.webp,0.016056,1.0,0.1578297035317726
database1/img00018045.webp,0.096288,0.0,0.162823254971744
database1/img00018076.webp,0.184672,1.0,0.1716213313033099
database1/img00018117.webp,0.020611,0.0,0.1808748871831062
database1/img00018133.webp,0.049189,0.0,0.1691307935503915
database1/img00018173.webp,0.28192,0.0,0.1966733021799286
database1/img00018225.webp,0.130293,0.0,0.1516698427061997
database1/img00018284.webp,0.238474,0.0,0.1850421996186613
database1/img00018380.webp,0.182421,0.0,0.1620602466054329
database1/img00018422.webp,0.021826,0.0,0.1685653748406997
database1/img00018465.webp,0.041569,1.0,0.1763774399577724
database1/img00018500.webp,0.147015,0.0,0.1624858547749808
database1/img00018591.webp,0.11045,0.0,0.1883450041512516
database1/img00018619.webp,0.026771,1.0,0.1757502691351867
database1/img00018643.webp,0.14475,0.0,0.1796699402406838
database1/img00018689.webp,0.008002,0.0,0.1693166507148475
database1/img00018779.webp,0.045676,1.0,0.1609239008883666
database1/img00018873.webp,0.099329,0.0,0.157586336951963
database1/img00018963.webp,0.0236,1.0,0.3144119559661785
database1/img00019125.webp,0.039224,1.0,0.1821667642305926
database1/img00019151.webp,0.151887,0.0,0.2091945895567022
database1/img00019162.webp,0.357571,0.0,0.2109076404203324
database1/img00019165.webp,0.070241,1.0,0.1936188102037339
database1/img00019172.webp,0.017685,0.0,0.1478750568197914
database1/img00019200.webp,0.017214,1.0,0.1608005793774602
database1/img00019353.webp,0.013152,0.0,0.1591800149073028
database1/img00019360.webp,0.02429,1.0,0.1578591495527733
database1/img00019362.webp,0.226958,0.0,0.171313340693491
database1/img00019406.webp,0.122785,0.0,0.1613061723519969
database1/img00019511.webp,0.00639,1.0,0.1534097458856481
database1/img00019553.webp,0.097165,0.0,0.1600072389776814
database1/img00019616.webp,0.008603,1.0,0.182808962647285
database1/img00019625.webp,0.044642,1.0,0.1941603784979848
database1/img00019811.webp,0.135181,0.0,0.1657023923110744
database1/img00019846.webp,0.085115,0.0,0.169131742434958
database1/img00019883.webp,0.295134,0.0,0.2298910528444984
database1/img00019956.webp,0.121542,0.0,0.1655205072356314
database1/img00020019.webp,0.245216,0.0,0.1837406576887781
database1/img00020092.webp,0.229511,0.0,0.2012107174560507
database1/img00020095.webp,0.369647,0.0,0.1917485972090994
database1/img00020106.webp,0.016139,1.0,0.1449976274480938
database1/img00020280.webp,0.093764,0.0,0.1645669031601495
database1/img00020383.webp,0.174486,0.0,0.1739759482355095
database1/img00020425.webp,0.105022,0.0,0.1607290939450186
database1/img00020495.webp,0.101841,0.0,0.1666842802279431
database1/img00020506.webp,0.143822,0.0,0.1742174636126089
database1/img00020690.webp,0.113169,0.0,0.1525735670272358
database1/img00020757.webp,0.123725,0.0,0.1672121188000697
database1/img00020765.webp,0.148549,0.0,0.165753015020341
database1/img00020799.webp,0.406729,0.0,0.2384650131310657
database1/img00020831.webp,0.0,1.0,0.1239708505627429
database1/img00020839.webp,0.164052,0.0,0.1588530723705311
database1/img00020840.webp,0.164657,0.0,0.1767049429875388
database1/img00020876.webp,0.039848,0.0,0.1676535831954459
database1/img00020958.webp,0.18413,1.0,0.1592353523344737
database1/img00021024.webp,0.011248,1.0,0.1747540872669831
database1/img00021028.webp,0.079159,0.0,0.1519721791231654
database1/img00021119.webp,0.231027,0.0,0.1468636488873883
database1/img00021174.webp,0.029653,1.0,0.1658969625505547
database1/img00021203.webp,0.100309,1.0,0.247247701418413
database1/img00021240.webp,0.12352,0.0,0.1732987853394284
database1/img00021256.webp,0.115372,0.0,0.1616833311346869
database1/img00021294.webp,0.230757,0.0,0.199672942607376
database1/img00021336.webp,0.216002,0.0,0.1750436049905563
database1/img00021374.webp,0.038864,0.0,0.1685131852668884
database1/img00021382.webp,0.023478,1.0,0.2581247411966573
database1/img00021398.webp,0.118902,0.0,0.2827816807450644
database1/img00021523.webp,0.125539,0.0,0.1709256726475072
database1/img00021529.webp,0.020743,0.0,0.1714107603958
database1/img00021585.webp,0.323915,0.0,0.1776823152891734
database1/img00021592.webp,0.053661,1.0,0.1812914323425203
database1/img00021620.webp,0.012103,1.0,0.1790284050930748
database1/img00021622.webp,0.258145,0.0,0.1874831277590974
database1/img00021629.webp,0.347567,0.0,0.2085149453145139
database1/img00021724.webp,0.117861,0.0,0.1712723789171788
database1/img00021737.webp,0.042247,1.0,0.1675089346999989
database1/img00021763.webp,0.319156,0.0,0.2401128776286912
database1/img00021881.webp,0.200485,0.0,0.1618444357354012
database1/img00021891.webp,0.158308,0.0,0.1679179486406332
database1/img00022037.webp,0.280548,0.0,0.2049413627106084
database1/img00022062.webp,0.084716,1.0,0.154758058833183
database1/img00022089.webp,0.105552,0.0,0.1661689385699735
database1/img00022098.webp,0.019455,1.0,0.1660221098414372
database1/img00022099.webp,0.017022,1.0,0.1857587187657077
database1/img00022106.webp,0.009696,1.0,0.160146687832342
database1/img00022110.webp,0.247685,0.0,0.2317857697140624
database1/img00022174.webp,0.246505,1.0,0.190418881458995
database1/img00022220.webp,0.197348,0.0,0.2585650899529902
database1/img00022367.webp,0.130304,0.0,0.1782961055853682
database1/img00022458.webp,0.178211,1.0,0.1372040798945646
database1/img00022462.webp,0.147091,1.0,0.1707661339777674
database1/img00022521.webp,0.025301,1.0,0.1567186758086114
database1/img00022669.webp,0.094607,1.0,0.2937589768799907
database1/img00022715.webp,0.056654,0.0,0.1430056088683611
database1/img00022789.webp,0.207616,0.0,0.2436434619633664
database1/img00022833.webp,0.037262,1.0,0.1709905480331708
database1/img00022848.webp,0.082086,0.0,0.1659493646394924
database1/img00022964.webp,0.170935,0.0,0.1773607691645502
database1/img00023014.webp,0.001544,1.0,0.2827021619040195
database1/img00023146.webp,0.103648,1.0,0.1874228844602318
database1/img00023176.webp,0.028973,1.0,0.2186465557475407
database1/img00023181.webp,0.102577,0.0,0.1746358042755998
database1/img00023337.webp,0.089515,0.0,0.1579626899712722
database1/img00023439.webp,0.005019,1.0,0.1575798608157171
database1/img00023478.webp,0.105124,0.0,0.1533886863005875
database1/img00023517.webp,0.050744,0.0,0.1734438820624464
database1/img00023568.webp,0.010958,1.0,0.182130243683948
database1/img00023725.webp,0.203847,0.0,0.1665553144073501
database1/img00023876.webp,0.079286,0.0,0.1594915884327708
database1/img00023903.webp,0.124474,0.0,0.138380662022651
database1/img00024004.webp,0.151347,0.0,0.1726603956642897
database1/img00024033.webp,0.008003,1.0,0.179949015762907
database1/img00024054.webp,0.158105,0.0,0.166978056969521
database1/img00024075.webp,0.098827,0.0,0.1779435653398437
database1/img00024097.webp,0.056329,1.0,0.1621375689563002
database1/img00024151.webp,0.223931,0.0,0.1560021464486946
database1/img00024251.webp,0.125194,0.0,0.1654520548982014
database1/img00024286.webp,0.203387,0.0,0.2325445504408759
database1/img00024330.webp,0.039351,0.0,0.1876332401897644
database1/img00024429.webp,0.001011,1.0,0.1345109307938947
database1/img00024472.webp,0.231978,0.0,0.1881162359232019
database1/img00024480.webp,0.229159,0.0,0.1692363703113872
database1/img00024496.webp,0.010786,0.0,0.180870189010174
database1/img00024553.webp,0.040348,1.0,0.1746986120982834
database1/img00024607.webp,0.016616,1.0,0.1826324158885922
database1/img00024687.webp,0.27365,0.0,0.1941758680415015
database1/img00024753.webp,0.192923,0.0,0.180678467722651
database1/img00024774.webp,0.053221,0.0,0.1652215463118054
database1/img00025064.webp,0.015037,0.0,0.148105113329562
database1/img00025075.webp,0.298755,0.0,0.2035483356532724
database1/img00025133.webp,0.155681,1.0,0.1755738055947264
database1/img00025166.webp,0.014644,0.0,0.1724597218080883
database1/img00025308.webp,0.026547,1.0,0.170752883598218
database1/img00025347.webp,0.003317,1.0,0.1772683040831023
database1/img00025392.webp,0.084647,0.0,0.1687161383221725
database1/img00025465.webp,0.083236,0.0,0.2049254568406943
database1/img00025509.webp,0.003962,0.0,0.1804610877163114
database1/img00025534.webp,0.073372,0.0,0.1597022146112669
database1/img00025566.webp,0.059194,1.0,0.1802950165702973
database1/img00025641.webp,0.045629,1.0,0.1826214706862547
database1/img00025678.webp,0.113275,0.0,0.1711912266337629
database1/img00025969.webp,0.033245,1.0,0.1677267566278068
database1/img00026052.webp,0.217685,0.0,0.1732315652279294
database1/img00026073.webp,0.052874,0.0,0.1590286659805276
database1/img00026088.webp,0.15625,0.0,0.1785471711328345
database1/img00026103.webp,0.013345,1.0,0.1878338212183934
database1/img00026169.webp,0.063574,1.0,0.2050179569534743
database1/img00026178.webp,0.317092,0.0,0.197654541094899
database1/img00026249.webp,0.008453,1.0,0.1833068706558135
database1/img00026281.webp,0.219012,1.0,0.1840497725431217
database1/img00026282.webp,0.011198,1.0,0.1803387001353238
database1/img00026305.webp,0.138547,1.0,0.1818208144863335
database1/img00026333.webp,0.154155,0.0,0.1642145760562417
database1/img00026341.webp,0.145098,0.0,0.272887620152921
database1/img00026380.webp,0.102089,0.0,0.1774916166949658
database1/img00026418.webp,0.030072,1.0,0.1629319796315517
database1/img00026462.webp,0.007743,0.0,0.1678543206127774
database1/img00026473.webp,0.0,1.0,0.1574791634222144
database1/img00026493.webp,0.222605,0.0,0.1701503589965316
database1/img00026505.webp,0.024604,1.0,0.1878512795583101
database1/img00026554.webp,0.005176,1.0,0.1761134350032309
database1/img00026653.webp,0.0,0.0,0.1180452410418779
database1/img00026673.webp,0.305916,0.0,0.1827489410972348
database1/img00026714.webp,0.210407,0.0,0.1775343077838374
database1/img00026908.webp,0.046474,0.0,0.1654631795174018
database1/img00027013.webp,0.003769,0.0,0.1545633471954017
database1/img00027032.webp,0.007456,0.0,0.1829664823555292
database1/img00027062.webp,0.046983,1.0,0.1624795846491338
database1/img00027147.webp,0.083316,1.0,0.1934429960265756
database1/img00027201.webp,0.173566,0.0,0.1707002524188775
database1/img00027213.webp,0.102301,0.0,0.1706975566237833
database1/img00027267.webp,0.025949,0.0,0.167228538079473
database1/img00027278.webp,0.04282,0.0,0.1683817764177282
database1/img00027291.webp,0.037481,1.0,0.1830766155655213
database1/img00027300.webp,0.162757,0.0,0.1716256768098931
database1/img00027329.webp,0.120534,0.0,0.1288349395631886
database1/img00027355.webp,0.012954,0.0,0.170401207546346
database1/img00027400.webp,0.093064,1.0,0.3227627770303707
database1/img00027672.webp,0.024684,0.0,0.1621334891974878
database1/img00027691.webp,0.263468,1.0,0.204953018903172
database1/img00027708.webp,0.011879,1.0,0.212434929021532
database1/img00027826.webp,0.008279,1.0,0.1664806521945752
database1/img00027870.webp,0.156292,0.0,0.1789682800587446
database1/img00027888.webp,0.010368,1.0,0.1783025052148589
database1/img00027943.webp,0.005057,1.0,0.1915358875024793
database1/img00027980.webp,0.1488,0.0,0.1715773800322048
database1/img00028069.webp,0.00506,1.0,0.1851348472497582
database1/img00028087.webp,0.001205,1.0,0.1247829630899795
database1/img00028101.webp,0.0173,1.0,0.1629488051589993
database1/img00028174.webp,0.122309,0.0,0.1669282016551574
database1/img00028222.webp,0.107143,0.0,0.1612007065269464
database1/img00028224.webp,0.146398,0.0,0.1879417893158709
database1/img00028300.webp,0.012183,0.0,0.1648454140180898
database1/img00028356.webp,0.152613,0.0,0.142831737943991
database1/img00028517.webp,0.382837,0.0,0.2077004716399408
database1/img00028551.webp,0.203166,0.0,0.2227440886156203
database1/img00028578.webp,0.061325,0.0,0.159636583632294
database1/img00028581.webp,0.020189,1.0,0.1606410259672633
database1/img00028723.webp,0.12276,0.0,0.1774439631553538
database1/img00028742.webp,0.061928,0.0,0.1461251424818702
database1/img00028757.webp,0.031527,1.0,0.177535935705341
database1/img00028784.webp,0.01652,0.0,0.1647379989858796
database1/img00028843.webp,0.045216,1.0,0.2068232157042043
database1/img00028942.webp,0.085705,0.0,0.1464853264596491
database1/img00029059.webp,0.201976,0.0,0.1759474457836806
database1/img00029154.webp,0.027398,0.0,0.2417332086629586
database1/img00029252.webp,0.011317,1.0,0.1791741968477803
database1/img00029315.webp,0.223811,0.0,0.1960004283159437
database1/img00029326.webp,0.073163,0.0,0.1521496425292999
database1/img00029393.webp,0.181547,0.0,0.1711376294821235
database1/img00029479.webp,0.172507,1.0,0.1921147659770345
database1/img00029527.webp,9.6e-05,1.0,0.1248474472827944
database1/img00029586.webp,0.049823,0.0,0.1721138113543816
database1/img00029691.webp,0.030185,1.0,0.1879576240603825
database1/img00029706.webp,0.21533,1.0,0.3361446461845348
database1/img00029758.webp,0.113217,0.0,0.1640198373088287
database1/img00029778.webp,0.154551,0.0,0.2047681062680109
database1/img00029960.webp,0.383842,0.0,0.2058366107232262
database2/database2/test/148.webp,0.048036,1.0,0.1661842934771445
database2/database2/test/190.webp,0.086509,1.0,0.2661709504290573
database2/database2/test/216.webp,0.245817,0.0,0.1613328818713761
database2/database2/test/232.webp,0.275174,0.0,0.1674961192467683
database2/database2/test/239.webp,0.175156,0.0,0.1993459707681816
database2/database2/test/266.webp,0.213241,0.0,0.1784756016555165
database2/database2/test/34.webp,0.050154,0.0,0.1453890090329272
database2/database2/test/453.webp,0.089504,1.0,0.1168308636064865
database2/database2/test/472.webp,0.226614,1.0,0.2164909028393782
database2/database2/test/91.webp,0.465517,1.0,0.184769480310855
database2/database2/train/1009.webp,0.104761,1.0,0.1915573736014967
database2/database2/train/1240.webp,0.146101,0.0,0.1770363635748226
database2/database2/train/1258.webp,0.246853,0.0,0.3445933513389654
database2/database2/train/127.webp,0.075508,0.0,0.1403957948762108
database2/database2/train/1279.webp,0.000502,1.0,0.2676568542142467
database2/database2/train/1311.webp,0.172932,1.0,0.3570896097814263
database2/database2/train/174.webp,0.051776,1.0,0.3345188239035589
database2/database2/train/203.webp,0.050641,1.0,0.1805691872349884
database2/database2/train/219.webp,0.142928,0.0,0.187791924338127
database2/database2/train/233.webp,0.281943,1.0,0.2033593505849318
database2/database2/train/26.webp,0.011878,0.0,0.1497838977115164
database2/database2/train/34.webp,0.095641,0.0,0.1684679973793063
database2/database2/train/433.webp,0.036418,1.0,0.1822919660812325
database2/database2/train/436.webp,0.026337,1.0,0.1454625894116832
database2/database2/train/515.webp,0.012181,1.0,0.1682766333173581
database2/database2/train/547.webp,0.0,1.0,0.1156523291926272
database2/database2/train/613.webp,0.048432,0.0,0.1518218882937586
database2/database2/train/624.webp,0.123039,1.0,0.2491285650386654
database2/database2/train/650.webp,0.113219,0.0,0.1647032292246967
database2/database2/train/766.webp,0.167917,0.0,0.2102053920030988
database2/database2/train/814.webp,0.3,0.0,0.2138010789929384
database2/database2/train/846.webp,0.020085,1.0,0.1802116454455468
database2/database2/train/900.webp,0.417188,1.0,0.1929781328628412
database2/database2/train/928.webp,0.09983,0.0,0.1718366286544598
database2/database2/train/97.webp,0.048559,1.0,0.1849360791537315
database2/database2/train/992.webp,0.32608,0.0,0.2045313491290026
database3/database3/m.0109kg/59-FaceId-0_align.webp,0.264823,0.0,0.2045161000206512
database3/database3/m.010bk0/59-FaceId-0_align.webp,0.021845,1.0,0.2696765779292955
database3/database3/m.010ngb/60-FaceId-0_align.webp,0.012915,1.0,0.1537581716561748
database3/database3/m.010p3/45-FaceId-0_align.webp,0.01465,1.0,0.1916973595401126
database3/database3/m.010p3/69-FaceId-0_align.webp,0.027584,1.0,0.1795837262599927
database3/database3/m.010p3/82-FaceId-0_align.webp,0.013896,1.0,0.1591679495589298
database3/database3/m.010wty2t/83-FaceId-1_align.webp,0.168202,1.0,0.2509971165933746
database3/database3/m.0112yl/20-FaceId-0_align.webp,0.035573,1.0,0.2073731016431959
database3/database3/m.01167d3z/34-FaceId-0_align.webp,0.37993,1.0,0.216030116500989
database3/database3/m.01167d3z/74-FaceId-0_align.webp,0.319357,1.0,0.2015731114637736
database3/database3/m.011_0k/17-FaceId-0_align.webp,0.022011,1.0,0.1684684365737023
database3/database3/m.011_0k/3-FaceId-0_align.webp,0.017225,1.0,0.1838282238032914
database3/database3/m.011_0k/43-FaceId-0_align.webp,0.025252,1.0,0.1767368844329602
database3/database3/m.011_0k/77-FaceId-0_align.webp,0.126436,1.0,0.3159342700040449
database3/database3/m.011_2h/101-FaceId-0_align.webp,0.183945,0.0,0.1982856565361085
database3/database3/m.011_2h/18-FaceId-0_align.webp,0.139464,0.0,0.2545336903329765
database3/database3/m.011_2h/21-FaceId-0_align.webp,0.028243,0.0,0.1776364275831187
database3/database3/m.011_3d/107-FaceId-0_align.webp,0.091414,1.0,0.1938134127017956
database3/database3/m.011_3d/31-FaceId-0_align.webp,0.156269,1.0,0.1864180609704443
database3/database3/m.011_3d/35-FaceId-0_align.webp,0.154662,1.0,0.2912977822353372
database3/database3/m.011_3s/106-FaceId-0_align.webp,0.132155,0.0,0.186634579329893
database3/database3/m.011_3s/93-FaceId-0_align.webp,0.255275,0.0,0.2180122738361476
database3/database3/m.011_8/14-FaceId-0_align.webp,0.108434,1.0,0.1745137842817848
database3/database3/m.011_nf/83-FaceId-0_align.webp,0.036792,1.0,0.17201564943879
database3/database3/m.011_pk/73-FaceId-0_align.webp,0.106935,1.0,0.2031854721524094
database3/database3/m.011_pk/98-FaceId-0_align.webp,0.021278,1.0,0.1341798603871559
database3/database3/m.011_r9/15-FaceId-0_align.webp,0.000453,1.0,0.1508472548987193
database3/database3/m.011_r9/35-FaceId-0_align.webp,0.0,1.0,0.1104008618684764
database3/database3/m.011h_w/16-FaceId-0_align.webp,0.023388,1.0,0.2598498705148357
database3/database3/m.011h_w/57-FaceId-0_align.webp,0.034974,1.0,0.2131498308331333
database3/database3/m.011hdn/3-FaceId-0_align.webp,0.144586,1.0,0.250346245677856
database3/database3/m.011hm1/28-FaceId-0_align.webp,0.045589,0.0,0.2063311082447584
database3/database3/m.011hm1/59-FaceId-0_align.webp,0.308314,0.0,0.1741809911155555
database3/database3/m.011hmd/24-FaceId-0_align.webp,0.029049,1.0,0.230225446240305
database3/database3/m.011jfg/102-FaceId-0_align.webp,0.016853,0.0,0.1707327489945094
database3/database3/m.011jfg/64-FaceId-0_align.webp,0.014724,0.0,0.1784121291418811
database3/database3/m.011kd9/42-FaceId-0_align.webp,0.092666,1.0,0.0
database3/database3/m.011kd9/48-FaceId-0_align.webp,0.021031,1.0,0.2604939370094535
database3/database3/m.011l17/115-FaceId-0_align.webp,0.008147,1.0,0.1451330105564987
database3/database3/m.011l17/73-FaceId-0_align.webp,0.013848,1.0,0.1831170339001882
database3/database3/m.011l17/78-FaceId-0_align.webp,0.000371,1.0,0.1573371391753839
database3/database3/m.011lf5/30-FaceId-0_align.webp,0.003745,1.0,0.1659642780325735
database3/database3/m.011lhy/14-FaceId-0_align.webp,0.06605,1.0,0.1285212772676416
database3/database3/m.011m1y/65-FaceId-0_align.webp,0.010331,1.0,0.240102356119887
database3/database3/m.011m1y/93-FaceId-0_align.webp,0.010174,1.0,0.1519823907783988
database3/database3/m.011m33/35-FaceId-0_align.webp,0.10764,0.0,0.1564684429125543
database3/database3/m.011m33/96-FaceId-0_align.webp,0.077455,0.0,0.1962830745995545
database3/database3/m.011m33/98-FaceId-0_align.webp,0.093352,0.0,0.2203005319667621
database3/database3/m.011p3/100-FaceId-0_align.webp,0.261068,0.0,0.218951896968706
database3/database3/m.011p3/38-FaceId-0_align.webp,0.260325,0.0,0.1641609531516447
database3/database3/m.011qm2/8-FaceId-0_align.webp,0.02115,1.0,0.160921536865511
database3/database3/m.011w1b/4-FaceId-0_align.webp,0.011173,0.0,0.168925025377909
database3/database3/m.011w1b/5-FaceId-0_align.webp,0.149673,0.0,0.1716887297617948
database3/database3/m.011w1b/65-FaceId-0_align.webp,0.028609,0.0,0.1651219674894264
database3/database3/m.011w1b/75-FaceId-0_align.webp,0.102741,0.0,0.1902796663525377
database3/database3/m.011xgp/24-FaceId-0_align.webp,0.060348,1.0,0.1801423402571165
database3/database3/m.011xgp/72-FaceId-0_align.webp,0.024118,1.0,0.2102123988893093
database3/database3/m.011xjd/62-FaceId-0_align.webp,0.025855,1.0,0.187788246584098
database3/database3/m.011xl3/35-FaceId-0_align.webp,0.101991,1.0,0.1938256126091395
database3/database3/m.011xl3/86-FaceId-0_align.webp,0.095741,1.0,0.2724799486447488
database3/database3/m.011xl3/92-FaceId-0_align.webp,0.15032,1.0,0.1956689320449285
database3/database3/m.011xl3/99-FaceId-0_align.webp,0.04585,1.0,0.1676998658949738
database3/database3/m.011xll/89-FaceId-0_align.webp,0.057752,1.0,0.245767687177042
database3/database3/m.011ybj/52-FaceId-0_align.webp,0.042728,1.0,0.1640176823103172
database3/database3/m.011ybj/61-FaceId-0_align.webp,0.033422,1.0,0.1516836392694432
database3/database3/m.011yx0/17-FaceId-0_align.webp,0.03676,1.0,0.1718788790770802
database3/database3/m.011yx0/7-FaceId-0_align.webp,0.025923,1.0,0.1614166398435434
database3/database3/m.011z69/22-FaceId-0_align.webp,0.003956,1.0,0.1293366493827191
database3/database3/m.011z69/27-FaceId-0_align.webp,0.057013,1.0,0.1422939664952394
database3/database3/m.011z69/67-FaceId-0_align.webp,0.026898,1.0,0.1612664797021296
database3/database3/m.011zfk/22-FaceId-0_align.webp,0.214757,1.0,0.13624691694079
database3/database3/m.011zfz/75-FaceId-0_align.webp,0.159958,0.0,0.1806694954957276
database3/database3/m.011zg9/22-FaceId-0_align.webp,0.107141,0.0,0.1554290473203069
database3/database3/m.011zg9/39-FaceId-0_align.webp,0.053582,0.0,0.1550324403449259
database3/database3/m.011zgs/52-FaceId-0_align.webp,0.127677,0.0,0.3124493257054596
database3/database3/m.011zkh/84-FaceId-0_align.webp,0.008351,1.0,0.1571382094603002
database3/database3/m.011zwl/37-FaceId-0_align.webp,0.073722,1.0,0.1587445431673459
database3/database3/m.01200d/24-FaceId-0_align.webp,0.036817,1.0,0.13978266013379
database3/database3/m.01200d/80-FaceId-0_align.webp,0.017066,1.0,0.1490059530226996
database3/database3/m.012052/1-FaceId-0_align.webp,0.109494,1.0,0.1656852857640497
database3/database3/m.012052/30-FaceId-0_align.webp,0.193814,1.0,0.3259721267009606
database3/database3/m.012052/63-FaceId-0_align.webp,0.135953,1.0,0.2037219988083878
database3/database3/m.0122lq/12-FaceId-0_align.webp,0.034174,1.0,0.1425606309506888
database3/database3/m.0122lq/62-FaceId-0_align.webp,0.002899,1.0,0.2262515995561839
database3/database3/m.0122lq/73-FaceId-0_align.webp,0.026793,1.0,0.1565271025802324
database3/database3/m.0122m5/94-FaceId-0_align.webp,0.003731,1.0,0.225291556021837
database3/database3/m.01233w/1-FaceId-0_align.webp,0.049894,1.0,0.1484838429018721
database3/database3/m.01233w/25-FaceId-0_align.webp,0.043404,1.0,0.1772341512111851
database3/database3/m.01239/57-FaceId-0_align.webp,0.01656,1.0,0.1870324812176452
database3/database3/m.01239/68-FaceId-0_align.webp,0.012855,1.0,0.1674695933495819
database3/database3/m.0123x2/101-FaceId-0_align.webp,0.244668,1.0,0.1932101218206275
database3/database3/m.01241v/54-FaceId-0_align.webp,0.010871,1.0,0.1492398285207081
database3/database3/m.0124t/70-FaceId-0_align.webp,0.066352,0.0,0.2420551823755877
database3/database3/m.01257s/41-FaceId-1_align.webp,0.025408,1.0,0.1671011274126639
database3/database3/m.0126rp/46-FaceId-0_align.webp,0.064149,1.0,0.1561571521294921
database3/database3/m.0126rp/48-FaceId-0_align.webp,0.020111,1.0,0.1589627392486824
database3/database3/m.0126y2/49-FaceId-0_align.webp,0.042913,1.0,0.1647474394158121
database3/database3/m.0126y2/81-FaceId-0_align.webp,0.011658,1.0,0.2615878082641197
database3/database3/m.0126y2/92-FaceId-0_align.webp,0.2594,1.0,0.2223051211797569
database3/database3/m.01270s/15-FaceId-0_align.webp,0.00523,1.0,0.1321575281208235
database3/database3/m.01270s/43-FaceId-0_align.webp,0.024273,1.0,0.1661965424271144
database3/database3/m.01271_/40-FaceId-0_align.webp,0.046844,0.0,0.1759344241229991
database3/database3/m.01271_/42-FaceId-0_align.webp,0.082785,0.0,0.2034893207637121
database3/database3/m.01271_/92-FaceId-0_align.webp,0.131196,0.0,0.1734445082974874
database3/database3/m.0127fx/6-FaceId-0_align.webp,0.010653,1.0,0.1632283508147848
database3/database3/m.0127gn/12-FaceId-0_align.webp,0.02417,1.0,0.1460613887703748
database3/database3/m.0127tk/114-FaceId-0_align.webp,0.088119,1.0,0.1537516938965857
database3/database3/m.0127tk/121-FaceId-0_align.webp,0.110272,1.0,0.1833180034198855
database3/database3/m.0127tk/32-FaceId-0_align.webp,0.044592,1.0,0.1672289635734577
database3/database3/m.0127tk/61-FaceId-0_align.webp,0.157887,1.0,0.1855489311334353
database3/database3/m.0127tk/75-FaceId-0_align.webp,0.118857,1.0,0.1827339103153175
database3/database3/m.0127tk/83-FaceId-0_align.webp,0.180049,1.0,0.1690551793256998
database3/database3/m.0127zt/62-FaceId-0_align.webp,0.099007,0.0,0.1763565313317687
database3/database3/m.012801/76-FaceId-0_align.webp,0.060329,1.0,0.1627774987742493
database3/database3/m.012981/36-FaceId-0_align.webp,0.038673,1.0,0.1530554517427363
database3/database3/m.012_53/112-FaceId-0_align.webp,0.081654,0.0,0.1589527341722567
database3/database3/m.012_53/73-FaceId-0_align.webp,0.056783,0.0,0.1633122745630638
database3/database3/m.012_jj/10-FaceId-0_align.webp,0.005143,1.0,0.1521354604249444
database3/database3/m.012_jj/103-FaceId-0_align.webp,0.04174,1.0,0.124268422403826
database3/database3/m.012_jj/83-FaceId-0_align.webp,0.123978,1.0,0.1563150623582143
database3/database3/m.012c6j/57-FaceId-0_align.webp,0.0,1.0,0.0989021858639433
database3/database3/m.012c6x/43-FaceId-0_align.webp,0.000386,1.0,0.1961379642023192
database3/database3/m.012c8f/13-FaceId-0_align.webp,0.010098,1.0,0.1763574718266262
database3/database3/m.012c8f/85-FaceId-0_align.webp,0.121074,1.0,0.2775567883065017
database3/database3/m.012ck8/1-FaceId-0_align.webp,0.250793,0.0,0.2524045512154654
database3/database3/m.012cm5/19-FaceId-0_align.webp,0.050828,1.0,0.1630340693798269
database3/database3/m.012cm5/75-FaceId-0_align.webp,0.032775,1.0,0.1070074784758831
database3/database3/m.012cm5/90-FaceId-0_align.webp,0.082057,1.0,0.1814145646829738
database3/database3/m.012cnn/11-FaceId-0_align.webp,0.107545,0.0,0.1489494387236394
database3/database3/m.012cph/108-FaceId-0_align.webp,0.01551,1.0,0.1489089561899895
database3/database3/m.012cph/17-FaceId-0_align.webp,0.005549,1.0,0.1942233168525582
database3/database3/m.012cph/68-FaceId-0_align.webp,0.017584,1.0,0.1987666235768476
database3/database3/m.012cyp/33-FaceId-0_align.webp,0.012748,0.0,0.1449754357037027
database3/database3/m.012cyp/43-FaceId-0_align.webp,0.207358,0.0,0.1666608134430256
database3/database3/m.012cyp/7-FaceId-0_align.webp,0.030272,0.0,0.1515508622035491
database3/database3/m.012czd/35-FaceId-0_align.webp,0.035058,0.0,0.1372406953457765
database3/database3/m.012czd/90-FaceId-0_align.webp,0.001711,0.0,0.1751360502123664
database3/database3/m.012dtw/86-FaceId-0_align.webp,0.075626,1.0,0.2054753859813766
database3/database3/m.012fgx/58-FaceId-0_align.webp,0.039289,1.0,0.1478924343314292
database3/database3/m.012g8l/75-FaceId-0_align.webp,0.015517,1.0,0.1958995007568117
database3/database3/m.012gbb/1-FaceId-0_align.webp,0.057132,0.0,0.1902678931007562
database3/database3/m.012gbb/104-FaceId-0_align.webp,0.023381,0.0,0.1591651155792264
database3/database3/m.012gbb/86-FaceId-0_align.webp,0.070682,0.0,0.1885925881419961
database3/database3/m.012gdw/54-FaceId-0_align.webp,0.06697,1.0,0.1405679757900398
database3/database3/m.012gl8/17-FaceId-0_align.webp,0.06567,0.0,0.1687571939723907
database3/database3/m.012gl8/38-FaceId-0_align.webp,0.063039,0.0,0.1672718965934737
database3/database3/m.012gq6/33-FaceId-0_align.webp,0.016946,1.0,0.1426181172212117
database3/database3/m.012gr9/29-FaceId-0_align.webp,0.156273,0.0,0.2086432547495557
database3/database3/m.012gx2/64-FaceId-0_align.webp,0.000577,1.0,0.1498819633852047
database3/database3/m.012gx2/77-FaceId-0_align.webp,0.126437,1.0,0.1953058193097259
database3/database3/m.012gx2/8-FaceId-0_align.webp,0.019361,1.0,0.1353749588063404
database3/database3/m.012gx2/99-FaceId-0_align.webp,0.025003,1.0,0.1805976586199613
database3/database3/m.012h65/109-FaceId-0_align.webp,0.210562,1.0,0.3541968683271177
database3/database3/m.012hqb/33-FaceId-0_align.webp,0.004406,1.0,0.1945399148179246
database3/database3/m.012hr4/21-FaceId-0_align.webp,0.126033,1.0,0.1679165303189598
database3/database3/m.012hr4/67-FaceId-0_align.webp,0.183915,1.0,0.163767379984987
database3/database3/m.012hr4/74-FaceId-0_align.webp,0.037244,1.0,0.1682956076826091
database3/database3/m.012hsb/101-FaceId-0_align.webp,0.192286,1.0,0.1620374787696545
database3/database3/m.012hsb/74-FaceId-0_align.webp,0.057902,1.0,0.1749151735175392
database3/database3/m.012hz4/77-FaceId-0_align.webp,0.118119,0.0,0.222906663883085
database3/database3/m.012j2r/108-FaceId-0_align.webp,0.027644,1.0,0.1453981642807768
database3/database3/m.012j2r/38-FaceId-0_align.webp,0.010758,1.0,0.1677782838928413
database3/database3/m.012j2r/9-FaceId-0_align.webp,0.029992,1.0,0.1471918395787375
database3/database3/m.012kdb/7-FaceId-0_align.webp,0.154185,0.0,0.169325444157143
database3/database3/m.012kk4/31-FaceId-1_align.webp,0.026924,1.0,0.1888085450893643
database3/database3/m.012l22/20-FaceId-0_align.webp,0.182682,1.0,0.3089034026911473
database3/database3/m.012l22/56-FaceId-0_align.webp,0.079127,1.0,0.2663018876560226
database3/database3/m.012lyg/82-FaceId-0_align.webp,0.015571,1.0,0.1433410911876692
database3/database3/m.012m1c/109-FaceId-0_align.webp,0.052592,0.0,0.1604595785515836
database3/database3/m.012m1c/113-FaceId-0_align.webp,0.018979,0.0,0.1645171171242356
database3/database3/m.012m1c/56-FaceId-0_align.webp,0.076711,0.0,0.1318648051159799
database3/database3/m.012m7r/99-FaceId-0_align.webp,0.002972,1.0,0.2460132223808143
database3/database3/m.012mh_/3-FaceId-0_align.webp,0.065168,1.0,0.1560813766317064
database3/database3/m.012mh_/6-FaceId-0_align.webp,0.002681,1.0,0.1403205417053408
database3/database3/m.012mk7/90-FaceId-0_align.webp,0.032433,1.0,0.1417912619705738
database3/database3/m.012ml0/96-FaceId-0_align.webp,0.031451,1.0,0.1535965356435964
database3/database3/m.012mmb/47-FaceId-0_align.webp,0.146313,0.0,0.2155704759778557
database3/database3/m.012mn4/43-FaceId-0_align.webp,0.005783,1.0,0.1704820656023675
database3/database3/m.012nry/108-FaceId-0_align.webp,0.006878,1.0,0.1250213145862599
database3/database3/m.012nry/28-FaceId-0_align.webp,0.006764,1.0,0.2115212269217689
database3/database3/m.012nry/3-FaceId-0_align.webp,0.008173,1.0,0.1664345625248321
database3/database3/m.012nry/57-FaceId-0_align.webp,0.00436,1.0,0.1763966722601559
database3/database3/m.012pjh/2-FaceId-0_align.webp,0.0,1.0,0.1680698456792224
database3/database3/m.012q4n/50-FaceId-0_align.webp,0.004622,1.0,0.3121326252008228
database3/database3/m.012qfw/20-FaceId-1_align.webp,0.162552,0.0,0.1402902929027571
database3/database3/m.012qfw/41-FaceId-0_align.webp,0.211858,0.0,0.1431107774880923
database3/database3/m.012qgc/82-FaceId-0_align.webp,0.002042,1.0,0.1769560717335196
database3/database3/m.012rng/35-FaceId-0_align.webp,0.036379,1.0,0.2249585110482103
database3/database3/m.012rng/47-FaceId-0_align.webp,0.022161,1.0,0.4253568565513573
database3/database3/m.012rng/48-FaceId-0_align.webp,0.01786,1.0,0.1619647447902193
database3/database3/m.012rth/93-FaceId-0_align.webp,0.046323,1.0,0.366977308076016
database3/database3/m.012s1x/11-FaceId-0_align.webp,0.049377,1.0,0.1699453080487487
database3/database3/m.012s5j/122-FaceId-0_align.webp,0.205872,0.0,0.2087073871029884
database3/database3/m.012s9f/0-FaceId-0_align.webp,0.000412,1.0,0.1377196201409844
database3/database3/m.012st7/14-FaceId-0_align.webp,0.003821,1.0,0.2301830121314614
database3/database3/m.012t1d/17-FaceId-0_align.webp,0.167599,1.0,0.1559951550960994
database3/database3/m.012t1d/37-FaceId-0_align.webp,0.016467,1.0,0.164037695931949
database3/database3/m.012t1d/80-FaceId-0_align.webp,0.014504,1.0,0.2112647885123002
database3/database3/m.012t3l/22-FaceId-0_align.webp,0.012766,1.0,0.0
database3/database3/m.012t7s/3-FaceId-0_align.webp,0.014581,1.0,0.1462023599983188
database3/database3/m.012tmz/123-FaceId-0_align.webp,0.001629,1.0,0.1405626494583722
database3/database3/m.012v1t/29-FaceId-0_align.webp,0.118114,0.0,0.1619203983638532
database3/database3/m.012v1t/67-FaceId-0_align.webp,0.072956,0.0,0.1576575841282002
database3/database3/m.012v1t/93-FaceId-0_align.webp,0.033657,0.0,0.1636821197852599
database3/database3/m.012vby/3-FaceId-0_align.webp,0.002151,1.0,0.2035141103121798
database3/database3/m.012vby/36-FaceId-0_align.webp,0.0,1.0,0.2603075578459282
database3/database3/m.012vd6/49-FaceId-0_align.webp,0.124288,0.0,0.1920985303728234
database3/database3/m.012vd6/5-FaceId-0_align.webp,0.104381,0.0,0.1630363962476304
database3/database3/m.012vd6/75-FaceId-1_align.webp,0.054381,0.0,0.1993305639596309
database3/database3/m.012vf6/90-FaceId-0_align.webp,0.069167,0.0,0.1874709154209134
database3/database3/m.012vhn/10-FaceId-0_align.webp,0.009813,1.0,0.1436029601887529
database3/database3/m.012vhn/4-FaceId-0_align.webp,0.005793,1.0,0.09243266076641
database3/database3/m.012vq0/30-FaceId-0_align.webp,0.028246,1.0,0.1589540308842338
database3/database3/m.012vq0/67-FaceId-0_align.webp,0.017872,1.0,0.1718138324080376
database3/database3/m.012vqh/80-FaceId-0_align.webp,0.078239,0.0,0.2201134549379327
database3/database3/m.012w05/52-FaceId-0_align.webp,0.000408,1.0,0.168541263727075
database3/database3/m.012w3k/19-FaceId-0_align.webp,0.109411,1.0,0.2229172769486246
database3/database3/m.012w3k/33-FaceId-0_align.webp,0.07009,1.0,0.1692130924028262
database3/database3/m.012w3k/4-FaceId-0_align.webp,0.071086,1.0,0.1855091597564982
database3/database3/m.012wfh/73-FaceId-0_align.webp,0.055456,0.0,0.2475900173413665
database3/database3/m.012wfh/77-FaceId-0_align.webp,0.055,0.0,0.1671607469870097
database3/database3/m.012wgv/56-FaceId-0_align.webp,0.072911,1.0,0.1806082499931922
database3/database3/m.012x2b/18-FaceId-0_align.webp,0.0,1.0,0.1827961156298937
database3/database3/m.012x2b/46-FaceId-0_align.webp,0.039092,1.0,0.1712996409894727
database3/database3/m.012x2b/54-FaceId-0_align.webp,0.049838,1.0,0.1542604136007745
database3/database3/m.012x2b/72-FaceId-0_align.webp,0.008788,1.0,0.1524680647802215
database3/database3/m.012x5/81-FaceId-0_align.webp,0.058123,0.0,0.1816728554356874
database3/database3/m.012xdy/81-FaceId-0_align.webp,0.012382,1.0,0.1916488872925669
database3/database3/m.012xls/57-FaceId-0_align.webp,0.114584,1.0,0.4456632799279288
database3/database3/m.012xls/70-FaceId-0_align.webp,0.126797,1.0,0.1337506013470839
database3/database3/m.012xls/74-FaceId-0_align.webp,0.018384,1.0,0.367929374910018
database3/database3/m.012y1h/86-FaceId-0_align.webp,0.123838,1.0,0.2019147506626448
database3/database3/m.012ycy/16-FaceId-0_align.webp,0.002336,1.0,0.1916318412527572
database3/database3/m.012ycy/21-FaceId-0_align.webp,0.164069,1.0,0.1756565744607042
database3/database3/m.012ycy/73-FaceId-0_align.webp,0.017165,1.0,0.1835872736834163
database3/database3/m.012ycy/99-FaceId-0_align.webp,0.136797,1.0,0.0971764742983354
database3/database3/m.012yg1/19-FaceId-0_align.webp,0.003406,1.0,0.2581644454039973
database3/database3/m.012yg1/21-FaceId-0_align.webp,0.007301,1.0,0.1989431136943122
database3/database3/m.012yg1/66-FaceId-0_align.webp,0.007466,1.0,0.2215000945770991
database3/database3/m.012yhd/22-FaceId-0_align.webp,0.043044,1.0,0.1900898364111301
database3/database3/m.012yhd/41-FaceId-0_align.webp,0.014599,1.0,0.1894550883441339
database3/database3/m.012yhd/87-FaceId-0_align.webp,0.016417,1.0,0.1998586175733795
database3/database3/m.012ysy/40-FaceId-0_align.webp,0.005784,1.0,0.1720431637750479
database3/database3/m.012yxk/51-FaceId-0_align.webp,0.111796,1.0,0.2124876231542524
database3/database3/m.012z8_/39-FaceId-0_align.webp,0.076699,1.0,0.1397278865789802
database3/database3/m.012zrl/119-FaceId-0_align.webp,0.19435,0.0,0.1398651270000483
database3/database3/m.012zrl/22-FaceId-0_align.webp,0.184216,0.0,0.1780664031647287
database3/database3/m.012zrl/34-FaceId-0_align.webp,0.221002,0.0,0.230003964262679
database3/database3/m.01300z/111-FaceId-0_align.webp,0.011168,1.0,0.1596313766521714
database3/database3/m.01300z/46-FaceId-0_align.webp,0.004916,1.0,0.1663823358631104
database3/database3/m.01306d/26-FaceId-0_align.webp,0.043181,1.0,0.194579872781537
database3/database3/m.0130py/108-FaceId-0_align.webp,0.041408,1.0,0.2559646801925728
database3/database3/m.0130py/9-FaceId-0_align.webp,0.045214,1.0,0.1489464267064027
database3/database3/m.0130sy/65-FaceId-0_align.webp,0.067207,1.0,0.0940537159578248
database3/database3/m.013107/34-FaceId-0_align.webp,0.131929,0.0,0.1719053680150348
database3/database3/m.0131kb/28-FaceId-0_align.webp,0.0,1.0,0.1035379982995754
database3/database3/m.0131kb/47-FaceId-0_align.webp,0.0,1.0,0.1505769634938756
database3/database3/m.0131kb/76-FaceId-0_align.webp,0.081559,1.0,0.2662408017519021
database3/database3/m.013267/23-FaceId-0_align.webp,0.049038,1.0,0.1767278953504607
database3/database3/m.0132k4/103-FaceId-0_align.webp,0.076004,1.0,0.2112870452747104
database3/database3/m.0132k4/97-FaceId-0_align.webp,0.101202,1.0,0.1941015395095539
database3/database3/m.0132kn/100-FaceId-0_align.webp,0.045478,1.0,0.17898439287782
database3/database3/m.0132q1/29-FaceId-0_align.webp,0.017581,0.0,0.168853291305534
database3/database3/m.013339/106-FaceId-0_align.webp,0.058305,1.0,0.1558169364160076
database3/database3/m.013339/23-FaceId-0_align.webp,0.255508,1.0,0.1967560813364864
database3/database3/m.013339/80-FaceId-0_align.webp,0.066481,1.0,0.2116461611837012
database3/database3/m.01338h/81-FaceId-0_align.webp,0.088482,0.0,0.1466423573990111
database3/database3/m.0133c4/15-FaceId-0_align.webp,0.207364,1.0,0.1676920467176831
database3/database3/m.0133x7/100-FaceId-0_align.webp,0.144974,0.0,0.1710745471248325
database3/database3/m.0133yt/45-FaceId-0_align.webp,0.102482,1.0,0.2255522003130275
database3/database3/m.01341q/51-FaceId-0_align.webp,0.043853,1.0,0.259662880281047
database3/database3/m.013423/105-FaceId-0_align.webp,0.016474,0.0,0.2657784369931289
database3/database3/m.013423/43-FaceId-0_align.webp,0.10846,0.0,0.1646323961093804
database3/database3/m.0134cp/27-FaceId-0_align.webp,0.030912,1.0,0.1879357272821497
database3/database3/m.0134cp/34-FaceId-1_align.webp,0.031754,1.0,0.1869312653492271
database3/database3/m.0134cp/53-FaceId-0_align.webp,0.019724,1.0,0.1694527503559419
database3/database3/m.0134dc/38-FaceId-0_align.webp,0.000768,1.0,0.18323887292755
database3/database3/m.0134dc/73-FaceId-0_align.webp,0.003398,1.0,0.2666362270956411
database3/database3/m.0134fr/66-FaceId-0_align.webp,0.01299,1.0,0.1763163425159674
database3/database3/m.0134fr/82-FaceId-0_align.webp,0.004786,1.0,0.1968656879802676
database3/database3/m.0134wr/11-FaceId-2_align.webp,0.000566,1.0,0.161783858674696
database3/database3/m.0134wr/30-FaceId-2_align.webp,0.080915,1.0,0.165160892230746
database3/database3/m.0134wr/52-FaceId-2_align.webp,0.028557,1.0,0.1054987397286293
database3/database3/m.0134wr/65-FaceId-1_align.webp,0.001253,1.0,0.1525300262309771
database3/database3/m.0134wr/69-FaceId-2_align.webp,0.064238,1.0,0.167678288664178
database3/database3/m.0134wr/89-FaceId-1_align.webp,0.188914,1.0,0.145239400110012
database3/database3/m.0135nb/89-FaceId-0_align.webp,0.051256,1.0,0.1732170461583972
database3/database3/m.01368v/100-FaceId-0_align.webp,0.078994,0.0,0.1560405785954114
database3/database3/m.01368v/58-FaceId-0_align.webp,0.186435,0.0,0.1581222672015806
database3/database3/m.01368v/59-FaceId-1_align.webp,0.101878,0.0,0.1448451516434658
database3/database3/m.0136ms/38-FaceId-0_align.webp,0.015722,1.0,0.1472501191341236
database3/database3/m.0136p1/103-FaceId-0_align.webp,0.341015,0.0,0.2207629748348952
database3/database3/m.0136p1/13-FaceId-0_align.webp,0.259257,0.0,0.1910365915432677
database3/database3/m.0136p1/66-FaceId-0_align.webp,0.075301,0.0,0.1693363918402403
database3/database3/m.0136pk/68-FaceId-0_align.webp,0.195786,1.0,0.2117561051599784
database3/database3/m.0136pk/87-FaceId-0_align.webp,0.172482,1.0,0.1926903440337085
database3/database3/m.0136tm/24-FaceId-0_align.webp,0.011359,1.0,0.1684761663746195
database3/database3/m.0137s4/92-FaceId-0_align.webp,0.014219,1.0,0.3861937831330641
database3/database3/m.01380_/30-FaceId-0_align.webp,0.062935,1.0,0.2363418640682001
database3/database3/m.01380_/84-FaceId-0_align.webp,0.019541,1.0,0.1792567856378422
database3/database3/m.013823/15-FaceId-0_align.webp,0.004502,1.0,0.1281985925452509
database3/database3/m.013823/5-FaceId-0_align.webp,0.029677,1.0,0.1332533205977092
database3/database3/m.013846/35-FaceId-0_align.webp,0.005272,1.0,0.175971229727849
database3/database3/m.013846/71-FaceId-0_align.webp,0.036782,1.0,0.1664660415361881
database3/database3/m.01386_/97-FaceId-0_align.webp,0.01382,1.0,0.1442329076135619
database3/database3/m.01386m/93-FaceId-0_align.webp,0.049853,1.0,0.1731531837976226
database3/database3/m.01387g/36-FaceId-0_align.webp,0.020561,1.0,0.147405463178983
database3/database3/m.01387g/90-FaceId-0_align.webp,0.00159,1.0,0.1281264808224255
database3/database3/m.01387y/2-FaceId-0_align.webp,0.062856,1.0,0.1874205956321553
database3/database3/m.01387y/32-FaceId-0_align.webp,0.048091,1.0,0.1887006242322916
database3/database3/m.01387y/46-FaceId-0_align.webp,0.0006,1.0,0.144350454099578
database3/database3/m.01388c/29-FaceId-0_align.webp,0.136546,1.0,0.1786648333452637
database3/database3/m.01388c/82-FaceId-0_align.webp,0.007483,1.0,0.1832502676570609
database3/database3/m.01388c/92-FaceId-0_align.webp,0.007604,1.0,0.1628168955237011
database3/database3/m.01389w/75-FaceId-1_align.webp,0.011085,1.0,0.1376915800790606
database3/database3/m.01389w/76-FaceId-0_align.webp,0.018887,1.0,0.1598454790220694
database3/database3/m.0138b7/49-FaceId-0_align.webp,0.173256,1.0,0.1473492772844076
database3/database3/m.0138b7/63-FaceId-0_align.webp,0.091583,1.0,0.2335089406559342
database3/database3/m.0138m1/11-FaceId-0_align.webp,0.033355,1.0,0.1921068504953508
database3/database3/m.0138m1/60-FaceId-0_align.webp,0.027664,1.0,0.1479396746653307
database3/database3/m.0139rh/103-FaceId-0_align.webp,0.008771,1.0,0.1498722631561818
database3/database3/m.0139rh/5-FaceId-0_align.webp,0.009412,1.0,0.1343586402081789
database3/database3/m.013_4m/89-FaceId-0_align.webp,0.106225,1.0,0.1410468617213328
database3/database3/m.013_gz/96-FaceId-0_align.webp,0.14677,0.0,0.1775700172747833
database3/database3/m.013_tp/47-FaceId-0_align.webp,0.000171,1.0,0.1936755529565963
database3/database3/m.013b7z/45-FaceId-0_align.webp,0.025843,1.0,0.1751511102912151
database3/database3/m.013bym/61-FaceId-0_align.webp,0.110889,0.0,0.1718730848273045
database3/database3/m.013bym/65-FaceId-0_align.webp,0.249006,0.0,0.1472444649348926
database3/database3/m.013bym/66-FaceId-0_align.webp,0.288548,0.0,0.1903918499130074
database3/database3/m.013bym/71-FaceId-0_align.webp,0.115164,0.0,0.1678489513892663
database3/database3/m.013m5y/73-FaceId-0_align.webp,0.0,1.0,0.2127276297351119
database3/database3/m.013p_0/60-FaceId-0_align.webp,0.015459,1.0,0.2600307768733566
database3/database3/m.013p_j/3-FaceId-0_align.webp,0.046784,1.0,0.1668230953557671
database3/database3/m.013p_j/43-FaceId-0_align.webp,0.026287,1.0,0.1635327934583213
database3/database3/m.013p_w/1-FaceId-0_align.webp,0.045903,0.0,0.1712347325911536
database3/database3/m.013p_w/90-FaceId-1_align.webp,0.028906,0.0,0.1571714457306005
database3/database3/m.013pp3/83-FaceId-0_align.webp,0.052247,1.0,0.2122424050505261
database3/database3/m.013ppl/76-FaceId-0_align.webp,0.018885,1.0,0.1442436110369869
database3/database3/m.013q78/86-FaceId-0_align.webp,0.03,1.0,0.1711393672573992
database3/database3/m.013q8x/26-FaceId-0_align.webp,0.110943,1.0,0.2312861218335317
database3/database3/m.013q8x/42-FaceId-0_align.webp,0.056383,1.0,0.1618551092427513
database3/database3/m.013q8x/99-FaceId-0_align.webp,0.005069,1.0,0.1667801972575184
database3/database3/m.013qb0/82-FaceId-0_align.webp,0.080376,1.0,0.1765019015102605
database3/database3/m.013qb0/94-FaceId-0_align.webp,0.14541,1.0,0.1680424723986535
database3/database3/m.013qjp/42-FaceId-0_align.webp,0.027503,1.0,0.1645840675128317
database3/database3/m.013qjp/83-FaceId-0_align.webp,0.014,1.0,0.1704657215758157
database3/database3/m.013qpt/31-FaceId-0_align.webp,0.020067,1.0,0.1590992115936012
database3/database3/m.013qq4/70-FaceId-0_align.webp,0.020855,1.0,0.1528169038474501
database3/database3/m.013qwl/61-FaceId-0_align.webp,0.006336,1.0,0.1579996802705964
database3/database3/m.013qwy/18-FaceId-0_align.webp,0.050242,1.0,0.1682558199081601
database3/database3/m.013qy3/30-FaceId-0_align.webp,0.004735,1.0,0.2417081244733952
database3/database3/m.013qy3/92-FaceId-0_align.webp,0.026678,1.0,0.1523753042743387
database3/database3/m.013qyh/56-FaceId-1_align.webp,0.057576,1.0,0.3520370243900828
database3/database3/m.013r6h/27-FaceId-0_align.webp,0.054123,1.0,0.1258905493507823
database3/database3/m.013r6h/46-FaceId-0_align.webp,0.123792,1.0,0.3480567576164911
database3/database3/m.013s1b/47-FaceId-0_align.webp,0.148289,1.0,0.2299764678679439
database3/database3/m.013s1t/21-FaceId-0_align.webp,0.005317,1.0,0.1645657725639368
database3/database3/m.013s3/75-FaceId-0_align.webp,0.061568,1.0,0.2278316908159194
database3/database3/m.013s6x/6-FaceId-0_align.webp,0.031839,1.0,0.1659987080791414
database3/database3/m.013s8s/33-FaceId-0_align.webp,0.074629,0.0,0.1581583745787631
database3/database3/m.013sjh/7-FaceId-0_align.webp,0.189385,1.0,0.2173030930609786
database3/database3/m.013t9y/12-FaceId-0_align.webp,0.013435,1.0,0.2283822962146713
database3/database3/m.013tjc/54-FaceId-0_align.webp,0.0,1.0,0.207481324173757
database3/database3/m.013tjc/56-FaceId-0_align.webp,0.015964,1.0,0.16317940040567
database3/database3/m.013v12/3-FaceId-0_align.webp,0.018587,1.0,0.1603534115478538
database3/database3/m.013v12/7-FaceId-0_align.webp,0.019979,1.0,0.158868289443873
database3/database3/m.013v5j/57-FaceId-0_align.webp,0.119854,0.0,0.1574169795167811
database3/database3/m.013vdl/109-FaceId-0_align.webp,0.167747,0.0,0.1359662656040451
database3/database3/m.013vdl/32-FaceId-0_align.webp,0.021263,0.0,0.1544612734412996
database3/database3/m.013vtr/20-FaceId-0_align.webp,0.015954,1.0,0.170287093419272
database3/database3/m.013w7j/20-FaceId-0_align.webp,0.009375,1.0,0.2381891946619558
database3/database3/m.013w7j/32-FaceId-0_align.webp,0.001151,1.0,0.1796865436701323
database3/database3/m.013w7j/64-FaceId-0_align.webp,0.008592,1.0,0.2568555363476126
database3/database3/m.013w8h/4-FaceId-0_align.webp,0.094597,1.0,0.1563299192004199
database3/database3/m.013wt0/40-FaceId-1_align.webp,0.123008,0.0,0.1766696682037954
database3/database3/m.013wz9/26-FaceId-0_align.webp,0.18678,0.0,0.1768062873474429
database3/database3/m.013wz9/73-FaceId-0_align.webp,0.219059,0.0,0.1823459145573407
database3/database3/m.013xhr/100-FaceId-0_align.webp,0.00219,1.0,0.1771873611247439
database3/database3/m.013xhr/23-FaceId-0_align.webp,0.015916,1.0,0.1756356817384743
database3/database3/m.013xhr/24-FaceId-0_align.webp,0.064866,1.0,0.1648776181627362
database3/database3/m.013xhr/33-FaceId-0_align.webp,0.013765,1.0,0.2710882325210477
database3/database3/m.013xhr/42-FaceId-0_align.webp,0.02596,1.0,0.2167471023364043
database3/database3/m.013xs1/10-FaceId-0_align.webp,0.059547,1.0,0.1319305510183717
database3/database3/m.013y2b/23-FaceId-0_align.webp,0.154363,0.0,0.1653587341074236
database3/database3/m.013y2b/32-FaceId-0_align.webp,0.092369,0.0,0.1576387091984195
database3/database3/m.013y2b/66-FaceId-0_align.webp,0.108782,0.0,0.1632742308959596
database3/database3/m.013y2s/40-FaceId-0_align.webp,0.026989,0.0,0.1545795052981262
database3/database3/m.013y2s/73-FaceId-0_align.webp,0.075667,0.0,0.1466432201744288
database3/database3/m.013yd0/51-FaceId-0_align.webp,0.167678,0.0,0.1699264299135681
database3/database3/m.013yd0/92-FaceId-0_align.webp,0.096098,0.0,0.1519838630475759
database3/database3/m.013ykk/37-FaceId-0_align.webp,0.042458,0.0,0.1807067636881058
database3/database3/m.013ykx/9-FaceId-0_align.webp,0.117351,0.0,0.1665663320965811
database3/database3/m.013ylm/42-FaceId-0_align.webp,0.120671,0.0,0.1786532172090622
database3/database3/m.013ylm/97-FaceId-0_align.webp,0.133134,0.0,0.1848779835812728
database3/database3/m.013yvd/37-FaceId-0_align.webp,0.027946,1.0,0.1449900009857729
database3/database3/m.013yvd/75-FaceId-0_align.webp,0.027604,1.0,0.1536349127762618
database3/database3/m.013yyq/27-FaceId-0_align.webp,0.014857,1.0,0.1878355816671426
database3/database3/m.013yyq/44-FaceId-0_align.webp,0.06122,1.0,0.5788152854319073
database3/database3/m.013yyq/48-FaceId-0_align.webp,0.11735,1.0,0.2009768516806805
database3/database3/m.013zjz/16-FaceId-0_align.webp,0.071353,1.0,0.197087172431181
database3/database3/m.013zm7/89-FaceId-0_align.webp,0.144683,1.0,0.1711012015219023
database3/database3/m.013zpf/72-FaceId-0_align.webp,0.0,0.0,0.2501540882116242
database3/database3/m.013zpf/88-FaceId-0_align.webp,0.169008,0.0,0.1704817567641887
database3/database3/m.013zr7/15-FaceId-0_align.webp,0.062795,1.0,0.1499687134646222
database3/database3/m.013zs9/83-FaceId-0_align.webp,0.33489,0.0,0.2064423246936239
database3/database3/m.013zyw/16-FaceId-0_align.webp,0.043076,1.0,0.1427215397281745
database3/database3/m.013zyw/19-FaceId-0_align.webp,0.020445,1.0,0.1314772405231045
database3/database3/m.013zyw/21-FaceId-0_align.webp,0.01715,1.0,0.136717766978473
database3/database3/m.01400g/101-FaceId-0_align.webp,0.057026,0.0,0.2114807208449069
database3/database3/m.01400g/117-FaceId-0_align.webp,0.219786,0.0,0.2232681358001167
database3/database3/m.01400g/31-FaceId-0_align.webp,0.04717,0.0,0.1676618875979563
database3/database3/m.01400g/47-FaceId-0_align.webp,0.103943,0.0,0.1691740418317199
database3/database3/m.014029/72-FaceId-0_align.webp,0.164078,0.0,0.1465958010871269
database3/database3/m.0140ly/8-FaceId-0_align.webp,0.018837,1.0,0.1478527709458603
database3/database3/m.0140v2/84-FaceId-0_align.webp,0.185102,1.0,0.2913334765719555
database3/database3/m.0141qv/12-FaceId-0_align.webp,0.026897,1.0,0.1630791866571259
database3/database3/m.0142n8/3-FaceId-0_align.webp,0.193323,1.0,0.1257309189232281
database3/database3/m.0142n8/5-FaceId-0_align.webp,0.020679,1.0,0.1739559723124188
database3/database3/m.0142sv/3-FaceId-0_align.webp,0.0,1.0,0.1126784953750578
database3/database3/m.0142sv/32-FaceId-0_align.webp,0.0,1.0,0.1181157341650315
database3/database3/m.01433m/64-FaceId-0_align.webp,0.03742,0.0,0.2274826835930337
database3/database3/m.0143sn/66-FaceId-0_align.webp,0.02374,1.0,0.1712844072499453
database3/database3/m.0143wl/30-FaceId-0_align.webp,0.034923,1.0,0.1805733976661848
database3/database3/m.0143wl/81-FaceId-0_align.webp,0.051966,1.0,0.1902712621968554
database3/database3/m.014488/3-FaceId-0_align.webp,0.020128,1.0,0.1476078625683416
database3/database3/m.01449w/57-FaceId-0_align.webp,0.017199,1.0,0.258408858482979
database3/database3/m.01449w/80-FaceId-0_align.webp,0.016942,1.0,0.2052626829691201
database3/database3/m.01449w/99-FaceId-0_align.webp,0.011762,1.0,0.2222644569793879
database3/database3/m.0144_b/77-FaceId-0_align.webp,0.037923,1.0,0.1352892669131326
database3/database3/m.0144_b/99-FaceId-0_align.webp,0.002226,1.0,0.1397861970376644
database3/database3/m.0144k5/45-FaceId-0_align.webp,0.060457,0.0,0.1642330779339314
database3/database3/m.0144k5/53-FaceId-0_align.webp,0.099321,0.0,0.1855806971031596
database3/database3/m.0144k5/58-FaceId-0_align.webp,0.088277,0.0,0.1642679962133717
database3/database3/m.0144k5/85-FaceId-0_align.webp,0.078258,0.0,0.1792338899494465
database3/database3/m.014508/74-FaceId-0_align.webp,0.033711,1.0,0.1687674709716923
database3/database3/m.0146fs/16-FaceId-0_align.webp,0.00871,1.0,0.1548902706595637
database3/database3/m.0147cn/44-FaceId-0_align.webp,0.171045,1.0,0.1752643288542495
database3/database3/m.0147cn/79-FaceId-0_align.webp,0.059428,1.0,0.1914402279130658
database3/database3/m.0147jt/99-FaceId-0_align.webp,0.019999,1.0,0.1755160985973983
database3/database3/m.0147qz/78-FaceId-0_align.webp,0.010623,1.0,0.1717656802882944
database3/database3/m.01480y/76-FaceId-0_align.webp,0.0,1.0,0.1221102917430892
database3/database3/m.0148_m/52-FaceId-0_align.webp,0.01178,1.0,0.1939968556447785
database3/database3/m.0148m9/58-FaceId-0_align.webp,0.040365,1.0,0.1431771539868185
database3/database3/m.0148qq/63-FaceId-1_align.webp,0.082134,1.0,0.2287314211442005
database3/database3/m.0148x0/17-FaceId-0_align.webp,0.195787,0.0,0.1882443672146893
database3/database3/m.014902/18-FaceId-0_align.webp,0.02167,1.0,0.1796093774950013
database3/database3/m.01491d/96-FaceId-0_align.webp,0.018562,1.0,0.143228605639405
database3/database3/m.014936/66-FaceId-0_align.webp,0.009581,0.0,0.1748885602360101
database3/database3/m.0149k5/29-FaceId-0_align.webp,0.022158,1.0,0.166506532167895
database3/database3/m.0149k5/81-FaceId-0_align.webp,0.042078,1.0,0.2288963848924143
database3/database3/m.0149vp/23-FaceId-0_align.webp,0.153482,1.0,0.0523690049293737
database3/database3/m.0149vp/3-FaceId-0_align.webp,0.055794,1.0,0.1638308447641147
database3/database3/m.0149vp/63-FaceId-0_align.webp,0.126629,1.0,0.1828684565790689
database3/database3/m.0149wl/102-FaceId-0_align.webp,0.022928,1.0,0.2140545479338651
database3/database3/m.0149wl/45-FaceId-0_align.webp,0.024169,1.0,0.2412689935129754
database3/database3/m.0149xx/94-FaceId-0_align.webp,0.042337,1.0,0.2027472116149863
database3/database3/m.014_1g/72-FaceId-0_align.webp,0.019311,0.0,0.1724141499219075
database3/database3/m.014_1g/8-FaceId-0_align.webp,0.209769,0.0,0.1954367355000295
database3/database3/m.014_4y/6-FaceId-0_align.webp,0.048047,1.0,0.1680429206377037
database3/database3/m.014_sl/106-FaceId-0_align.webp,0.23715,0.0,0.1986099481755893
database3/database3/m.014_sl/74-FaceId-0_align.webp,0.390836,0.0,0.166167734819398
database3/database3/m.014bn_/16-FaceId-0_align.webp,0.037637,1.0,0.1528469396943865
database3/database3/m.014bn_/85-FaceId-1_align.webp,0.012813,1.0,0.1574569135393206
database3/database3/m.014bps/75-FaceId-0_align.webp,0.000105,1.0,0.181106663450264
database3/database3/m.014byr/85-FaceId-0_align.webp,0.140079,1.0,0.1996854780783222
database3/database3/m.014bz_/33-FaceId-0_align.webp,0.044503,1.0,0.177012125100077
database3/database3/m.014c0y/76-FaceId-0_align.webp,0.175143,1.0,0.1750183407403246
database3/database3/m.014c40/62-FaceId-0_align.webp,0.041412,1.0,0.2249898790957774
database3/database3/m.014c40/70-FaceId-0_align.webp,0.059838,1.0,0.1628771998700772
database3/database3/m.014cq/6-FaceId-0_align.webp,0.092137,1.0,0.1569992161409684
database3/database3/m.014cq/86-FaceId-0_align.webp,0.009035,1.0,0.1766950349183701
database3/database3/m.014cw2/26-FaceId-0_align.webp,0.010138,1.0,0.1536096684038718
database3/database3/m.014cw2/50-FaceId-0_align.webp,0.006571,1.0,0.1552906597871714
database3/database3/m.014d0v/117-FaceId-0_align.webp,0.00171,1.0,0.149892596746421
database3/database3/m.014d0v/5-FaceId-0_align.webp,0.0,1.0,0.1132367225840102
database3/database3/m.014d0v/76-FaceId-0_align.webp,0.001899,1.0,0.1486982234426026
database3/database3/m.014d15/7-FaceId-0_align.webp,0.067756,1.0,0.1823151839510063
database3/database3/m.014d3/12-FaceId-0_align.webp,0.002261,1.0,0.1576296518873791
database3/database3/m.014d3/72-FaceId-0_align.webp,0.018566,1.0,0.1517456547942406
database3/database3/m.014d3y/82-FaceId-0_align.webp,0.033512,0.0,0.5454958472680493
database3/database3/m.014dg1/103-FaceId-0_align.webp,0.026524,1.0,0.1583730488037036
database3/database3/m.014dg1/51-FaceId-0_align.webp,0.001679,1.0,0.179925434871746
database3/database3/m.014dg1/65-FaceId-0_align.webp,0.0,1.0,0.116662423117747
database3/database3/m.014dg1/7-FaceId-0_align.webp,0.01106,1.0,0.1825845021590241
database3/database3/m.014dg1/86-FaceId-0_align.webp,0.019596,1.0,0.1703577862323116
database3/database3/m.014dm6/105-FaceId-0_align.webp,0.23153,1.0,0.1779622643763428
database3/database3/m.014dy_/50-FaceId-0_align.webp,0.069776,1.0,0.1167462277960432
database3/database3/m.014dy_/73-FaceId-0_align.webp,0.01239,1.0,0.1526263318965253
database3/database3/m.014f8k/25-FaceId-0_align.webp,0.24634,0.0,0.1653405075462483
database3/database3/m.014f8k/9-FaceId-0_align.webp,0.182534,0.0,0.1662283559499129
database3/database3/m.014fcb/0-FaceId-0_align.webp,0.028343,1.0,0.1682529021591824
database3/database3/m.014fd7/98-FaceId-0_align.webp,0.096652,1.0,0.1752658210985571
database3/database3/m.014g17/1-FaceId-0_align.webp,0.005705,1.0,0.1742334490453378
database3/database3/m.014g17/9-FaceId-0_align.webp,0.079641,1.0,0.2291747468765301
database3/database3/m.014g22/90-FaceId-0_align.webp,0.35161,0.0,0.2092976490135746
database3/database3/m.014g6c/86-FaceId-0_align.webp,0.02888,1.0,0.174411685706334
database3/database3/m.014g6v/43-FaceId-0_align.webp,0.001902,1.0,0.1514833094680331
database3/database3/m.014g79/86-FaceId-0_align.webp,0.049609,1.0,0.1738952978642027
database3/database3/m.014g8p/48-FaceId-0_align.webp,0.000256,1.0,0.205986717968977
database3/database3/m.014g9y/12-FaceId-0_align.webp,0.038159,0.0,0.1774541103792749
database3/database3/m.014g_f/26-FaceId-0_align.webp,0.000817,1.0,0.0970146536564215
database3/database3/m.014g_f/35-FaceId-0_align.webp,0.001771,1.0,0.1587361099835716
database3/database3/m.014gf8/102-FaceId-0_align.webp,0.00204,1.0,0.3996009620717465
database3/database3/m.014gf8/28-FaceId-0_align.webp,0.018311,1.0,0.1388739415156233
database3/database3/m.014gf8/69-FaceId-0_align.webp,0.050273,1.0,0.1624370748151197
database3/database3/m.014gf8/9-FaceId-0_align.webp,0.034223,1.0,0.1589780953652443
database3/database3/m.014gsd/79-FaceId-0_align.webp,0.118598,1.0,0.1897127649679575
database3/database3/m.014h_s/80-FaceId-0_align.webp,0.173494,0.0,0.1823530212103229
database3/database3/m.014hlm/54-FaceId-0_align.webp,0.078394,0.0,0.1646285259123259
database3/database3/m.014hmv/53-FaceId-1_align.webp,0.0,1.0,0.1616211840340852
database3/database3/m.014j8m/72-FaceId-0_align.webp,0.0057,1.0,0.1771716654137818
database3/database3/m.014jb8/10-FaceId-0_align.webp,0.009911,1.0,0.2599839051413217
database3/database3/m.014jk0/16-FaceId-0_align.webp,0.026202,1.0,0.2295413615534273
database3/database3/m.014jk0/61-FaceId-0_align.webp,0.011335,1.0,0.3968411785393554
database3/database3/m.014jk0/74-FaceId-0_align.webp,0.003357,1.0,0.29604832477564
database3/database3/m.014jxq/20-FaceId-0_align.webp,0.165895,0.0,0.1855890570820791
database3/database3/m.014jxq/43-FaceId-0_align.webp,0.136492,0.0,0.1398116522906781
database3/database3/m.014jy6/23-FaceId-0_align.webp,0.150311,1.0,0.2715585234876195
database3/database3/m.014jy6/50-FaceId-0_align.webp,0.042148,1.0,0.1624052647300639
database3/database3/m.014jy6/97-FaceId-0_align.webp,0.061362,1.0,0.2340390292836251
database3/database3/m.014k1v/95-FaceId-3_align.webp,0.133686,1.0,0.2143849195619183
database3/database3/m.014k2p/25-FaceId-0_align.webp,0.315824,1.0,0.1948925680769195
database3/database3/m.014kbz/16-FaceId-0_align.webp,0.028027,1.0,0.1655212659308545
database3/database3/m.014kbz/22-FaceId-0_align.webp,0.028933,1.0,0.1718272917629293
database3/database3/m.014kbz/81-FaceId-0_align.webp,0.006506,1.0,0.1742538368528865
database3/database3/m.014kxv/1-FaceId-0_align.webp,0.013313,1.0,0.1518714822931809
database3/database3/m.014kxv/11-FaceId-0_align.webp,0.053384,1.0,0.1318018674509339
database3/database3/m.014lb1/14-FaceId-2_align.webp,0.000111,0.0,0.1348966717316891
database3/database3/m.014lb1/47-FaceId-0_align.webp,0.167631,0.0,0.1658062424428824
database3/database3/m.014lb1/62-FaceId-1_align.webp,0.053145,0.0,0.1562797074485023
database3/database3/m.014lyb/65-FaceId-0_align.webp,0.056831,1.0,0.1595757916058544
database3/database3/m.014m_1/70-FaceId-0_align.webp,0.018552,1.0,0.1595209202189478
database3/database3/m.014mvy/17-FaceId-0_align.webp,0.196734,1.0,0.230894935301377
database3/database3/m.014mvy/58-FaceId-0_align.webp,0.218895,1.0,0.240302532355368
database3/database3/m.014n_k/48-FaceId-0_align.webp,0.006557,1.0,0.1687626897605167
database3/database3/m.014n_k/70-FaceId-0_align.webp,0.029858,1.0,0.1558236339867775
database3/database3/m.014nfw/87-FaceId-0_align.webp,0.123499,0.0,0.1660718209645552
database3/database3/m.014p33/83-FaceId-2_align.webp,0.084076,0.0,0.1514713484547284
database3/database3/m.014p33/87-FaceId-0_align.webp,0.07546,0.0,0.1634567093596594
database3/database3/m.014ptb/14-FaceId-1_align.webp,0.016295,1.0,0.194437499725113
database3/database3/m.014ptb/5-FaceId-0_align.webp,0.001038,1.0,0.2351970913656599
database3/database3/m.014ptb/50-FaceId-0_align.webp,0.185526,1.0,0.1533964433824782
database3/database3/m.014pxk/118-FaceId-0_align.webp,0.227914,1.0,0.2165445061705087
database3/database3/m.014pys/19-FaceId-0_align.webp,0.047245,1.0,0.2414634636647444
database3/database3/m.014pzz/110-FaceId-0_align.webp,0.13041,0.0,0.1606717313021623
database3/database3/m.014qjt/47-FaceId-0_align.webp,0.002851,1.0,0.1728136383213946
database3/database3/m.014r6r/81-FaceId-0_align.webp,0.091441,0.0,0.149870029620153
database3/database3/m.014s81/3-FaceId-0_align.webp,0.077926,1.0,0.1719185532179257
database3/database3/m.014sj7/7-FaceId-0_align.webp,0.074577,1.0,0.1961728468263133
database3/database3/m.014skb/4-FaceId-0_align.webp,0.096076,0.0,0.1676006737764219
database3/database3/m.014skb/53-FaceId-0_align.webp,0.075066,0.0,0.1600184271362739
database3/database3/m.014skb/55-FaceId-0_align.webp,0.080414,0.0,0.1705748201073332
database3/database3/m.014v1q/8-FaceId-1_align.webp,0.038359,1.0,0.191899870760295
database3/database3/m.014v6x/16-FaceId-0_align.webp,0.159906,0.0,0.1620940969414718
database3/database3/m.014v6x/20-FaceId-0_align.webp,0.306955,0.0,0.1829379443979014
database3/database3/m.014v6x/88-FaceId-0_align.webp,0.075191,0.0,0.1461550792149051
database3/database3/m.014vbq/60-FaceId-0_align.webp,0.005701,1.0,0.2319688396992675
database3/database3/m.014vnb/46-FaceId-0_align.webp,0.027126,1.0,0.1569578763479485
database3/database3/m.014vnb/51-FaceId-0_align.webp,0.043084,1.0,0.1502508027256431
database3/database3/m.014vtj/100-FaceId-0_align.webp,0.000679,1.0,0.1648455714941727
database3/database3/m.014wsb/38-FaceId-0_align.webp,0.106862,1.0,0.1652884956688294
database3/database3/m.014x0w/28-FaceId-0_align.webp,0.353028,0.0,0.3327799092322033
database3/database3/m.014x0w/74-FaceId-0_align.webp,0.177523,0.0,0.170913851991579
database3/database3/m.014x0w/96-FaceId-0_align.webp,0.217684,0.0,0.1859512898968203
database3/database3/m.014xn7/100-FaceId-0_align.webp,0.007084,1.0,0.130289603414028
database3/database3/m.014xn7/42-FaceId-0_align.webp,0.003105,1.0,0.1431983711062376
database3/database3/m.014xr2/5-FaceId-0_align.webp,0.387134,0.0,0.2472241083397689
database3/database3/m.014xr2/87-FaceId-0_align.webp,0.341771,0.0,0.2090440765684294
database3/database3/m.014xzx/93-FaceId-0_align.webp,0.351892,1.0,0.2115167600892905
database3/database3/m.014y6/74-FaceId-0_align.webp,0.012495,1.0,0.1641464231560992
database3/database3/m.014y6/95-FaceId-0_align.webp,0.006882,1.0,0.1793646633225244
database3/database3/m.014y7g/1-FaceId-0_align.webp,0.005692,1.0,0.1507302124568318
database3/database3/m.014z8v/77-FaceId-0_align.webp,0.004141,1.0,0.1558409389934552
database3/database3/m.014zfs/76-FaceId-0_align.webp,0.024924,1.0,0.1525310315067404
database3/database3/m.014zxh/99-FaceId-0_align.webp,0.008633,1.0,0.2834786745130218
database3/database3/m.014zy/105-FaceId-0_align.webp,0.175949,1.0,0.2167040140991833
database3/database3/m.014zy/22-FaceId-0_align.webp,0.048224,1.0,0.1946588773372408
database3/database3/m.014zy/56-FaceId-0_align.webp,0.135716,1.0,0.2852987933919375
database3/database3/m.015076/99-FaceId-0_align.webp,0.0064,1.0,0.2341312368866891
database3/database3/m.01507p/0-FaceId-0_align.webp,0.067522,1.0,0.1796138836542609
database3/database3/m.01509x/60-FaceId-0_align.webp,0.015557,1.0,0.172473329513371
database3/database3/m.0150bp/103-FaceId-0_align.webp,0.041675,0.0,0.1471770545377755
database3/database3/m.0150j5/31-FaceId-0_align.webp,0.003889,1.0,0.1300662826515641
database3/database3/m.0150j5/4-FaceId-0_align.webp,0.006229,1.0,0.1475845498265414
database3/database3/m.0150j5/71-FaceId-0_align.webp,0.062123,1.0,0.1550726580568509
database3/database3/m.0150j5/81-FaceId-0_align.webp,0.001136,1.0,0.1075542818429654
database3/database3/m.0150j5/86-FaceId-0_align.webp,0.002669,1.0,0.1408864762858552
database3/database3/m.0150m1/111-FaceId-0_align.webp,0.023781,1.0,0.1954365869373391
database3/database3/m.0150m1/13-FaceId-0_align.webp,0.071346,1.0,0.1731434188587585
database3/database3/m.0150mg/0-FaceId-0_align.webp,0.057671,1.0,0.2798263051407745
database3/database3/m.0150mg/69-FaceId-0_align.webp,0.220147,1.0,0.1928139984143539
database3/database3/m.0150mg/88-FaceId-0_align.webp,0.14546,1.0,0.1802468561305152
database3/database3/m.0150mg/97-FaceId-0_align.webp,0.078806,1.0,0.1820905529351166
database3/database3/m.0150rl/42-FaceId-0_align.webp,0.016396,0.0,0.1429426126177915
database3/database3/m.0150t6/36-FaceId-0_align.webp,0.017669,1.0,0.1508018743544083
database3/database3/m.0150t6/41-FaceId-0_align.webp,0.022058,1.0,0.1413647118271528
database3/database3/m.0150t6/63-FaceId-0_align.webp,0.015119,1.0,0.1660966728246293
database3/database3/m.01519n/21-FaceId-0_align.webp,0.389316,0.0,0.24059873297399
database3/database3/m.01519n/69-FaceId-0_align.webp,0.017235,0.0,0.1795828057008539
database3/database3/m.0151fv/54-FaceId-0_align.webp,0.017876,0.0,0.1447254309433781
database3/database3/m.0151fv/90-FaceId-0_align.webp,0.296844,0.0,0.1923677591744047
database3/database3/m.0151fv/94-FaceId-0_align.webp,0.121468,0.0,0.2251351826254716
database3/database3/m.0151n1/16-FaceId-0_align.webp,0.044648,1.0,0.171231443498786
database3/database3/m.0151n1/26-FaceId-0_align.webp,0.101903,1.0,0.1885455156458841
database3/database3/m.0151n1/29-FaceId-0_align.webp,0.049938,1.0,0.2022336017325651
database3/database3/m.0151n1/36-FaceId-0_align.webp,0.038201,1.0,0.1864424122107995
database3/database3/m.0151n1/53-FaceId-0_align.webp,0.021607,1.0,0.2073791401629012
database3/database3/m.0151p8/29-FaceId-0_align.webp,0.003452,1.0,0.1295142421290857
database3/database3/m.0151xv/30-FaceId-0_align.webp,0.007121,1.0,0.1701725095544238
database3/database3/m.0151xv/44-FaceId-0_align.webp,0.021629,1.0,0.1706668083705095
database3/database3/m.0151xv/88-FaceId-0_align.webp,0.006779,1.0,0.1846647990607479
database3/database3/m.0151zx/92-FaceId-0_align.webp,0.043036,1.0,0.2086351330975477
database3/database3/m.0152cw/42-FaceId-0_align.webp,0.083199,0.0,0.1636036878772479
database3/database3/m.0152xn/72-FaceId-0_align.webp,0.043462,1.0,0.1943517504947155
database3/database3/m.015302/4-FaceId-0_align.webp,0.000416,1.0,0.1338979920109624
database3/database3/m.0153dp/1-FaceId-0_align.webp,0.039324,1.0,0.1728681421361029
database3/database3/m.0153dp/88-FaceId-0_align.webp,0.057869,1.0,0.1453811662708481
database3/database3/m.0153vt/1-FaceId-0_align.webp,0.335303,1.0,0.1742597487156786
database3/database3/m.0153vt/81-FaceId-0_align.webp,0.087285,1.0,0.1909175400876882
database3/database3/m.0153y1/16-FaceId-0_align.webp,0.166114,0.0,0.174958788888513
database3/database3/m.01541z/117-FaceId-0_align.webp,0.111734,0.0,0.1627841704686571
database3/database3/m.01547g/3-FaceId-0_align.webp,0.153164,0.0,0.171279116861501
database3/database3/m.01547g/73-FaceId-0_align.webp,0.246081,0.0,0.168730969520695
database3/database3/m.0154d7/52-FaceId-0_align.webp,0.115018,1.0,0.188793235807104
database3/database3/m.0154ff/10-FaceId-0_align.webp,0.121913,0.0,0.157343757065762
database3/database3/m.0154hr/101-FaceId-0_align.webp,0.090433,0.0,0.1842422994416803
database3/database3/m.0154hr/109-FaceId-0_align.webp,0.038439,0.0,0.1925462443128948
database3/database3/m.0154hr/18-FaceId-0_align.webp,0.07836,0.0,0.2075226578941023
database3/database3/m.0154hr/28-FaceId-0_align.webp,0.045785,0.0,0.1658414159579041
database3/database3/m.0154s9/24-FaceId-0_align.webp,0.052837,1.0,0.1499128573929892
database3/database3/m.0154x6/57-FaceId-0_align.webp,0.061779,0.0,0.1589318624999901
database3/database3/m.01552j/40-FaceId-0_align.webp,0.017747,1.0,0.1517049225145043
database3/database3/m.01558d/79-FaceId-0_align.webp,0.014812,1.0,0.1145868017518742
database3/database3/m.01558d/8-FaceId-0_align.webp,0.124089,1.0,0.1463577548760268
database3/database3/m.0155zp/26-FaceId-0_align.webp,0.000547,1.0,0.150839288818622
database3/database3/m.0155zp/7-FaceId-0_align.webp,0.015991,1.0,0.1565761356984443
database3/database3/m.0155zp/79-FaceId-0_align.webp,0.02849,1.0,0.2062121745772108
database3/database3/m.0155zp/88-FaceId-0_align.webp,0.072148,1.0,0.1650806681981634
database3/database3/m.0156dg/11-FaceId-0_align.webp,0.153809,0.0,0.202357130329042
database3/database3/m.0156dg/2-FaceId-0_align.webp,0.144571,0.0,0.2121279992380053
database3/database3/m.0156y1/31-FaceId-0_align.webp,0.047284,1.0,0.163924568750844
database3/database3/m.01574b/45-FaceId-0_align.webp,0.070647,0.0,0.1790803749357689
database3/database3/m.015796/86-FaceId-0_align.webp,0.081944,0.0,0.1723873589360926
database3/database3/m.0157m/20-FaceId-0_align.webp,0.028257,1.0,0.1340458738862858
database3/database3/m.0157m/24-FaceId-0_align.webp,0.028454,1.0,0.1499958275655027
database3/database3/m.0157m/25-FaceId-0_align.webp,0.020124,1.0,0.1488095655152676
database3/database3/m.0157m/73-FaceId-0_align.webp,0.033963,1.0,0.1680084011545642
database3/database3/m.0157r6/22-FaceId-1_align.webp,0.0,1.0,0.2111050690251817
database3/database3/m.0157ry/29-FaceId-0_align.webp,0.027582,1.0,0.1690067545239697
database3/database3/m.015882/17-FaceId-0_align.webp,0.396178,0.0,0.1886443478934838
database3/database3/m.015882/20-FaceId-0_align.webp,0.380878,0.0,0.206822769273371
database3/database3/m.015882/75-FaceId-0_align.webp,0.386665,0.0,0.2123068160177583
database3/database3/m.0158r2/73-FaceId-0_align.webp,0.173377,0.0,0.169578004150395
database3/database3/m.01598m/79-FaceId-0_align.webp,0.475474,0.0,0.2045739918413326
database3/database3/m.0159wm/104-FaceId-0_align.webp,0.007308,1.0,0.1181437314776646
database3/database3/m.0159wm/9-FaceId-0_align.webp,0.002891,1.0,0.1026946244115067
database3/database3/m.015_44/31-FaceId-0_align.webp,0.062168,0.0,0.1553017156873347
database3/database3/m.015_44/64-FaceId-0_align.webp,0.356589,0.0,0.2227458156116182
database3/database3/m.015_44/84-FaceId-0_align.webp,0.3229,0.0,0.2235349532683819
database3/database3/m.015b67/34-FaceId-0_align.webp,0.034996,1.0,0.1577269880627099
database3/database3/m.015bhj/103-FaceId-1_align.webp,0.041754,1.0,0.0
database3/database3/m.015bhj/70-FaceId-0_align.webp,0.00385,1.0,0.1536321689370698
database3/database3/m.015bnf/68-FaceId-0_align.webp,0.066968,0.0,0.1642270397425575
database3/database3/m.015brk/18-FaceId-0_align.webp,0.023166,1.0,0.1723094180972841
database3/database3/m.015bw2/110-FaceId-0_align.webp,0.01319,1.0,0.1650978476278203
database3/database3/m.015bw2/40-FaceId-0_align.webp,0.013047,1.0,0.1843907736288071
database3/database3/m.015bw2/68-FaceId-0_align.webp,0.00956,1.0,0.1847838959277467
database3/database3/m.015c2f/3-FaceId-0_align.webp,0.072717,0.0,0.1586676148496247
database3/database3/m.015c2f/47-FaceId-0_align.webp,0.01548,0.0,0.1773799605746159
database3/database3/m.015c2f/49-FaceId-0_align.webp,0.031524,0.0,0.1707460297429234
database3/database3/m.015c2f/8-FaceId-0_align.webp,0.126031,0.0,0.1754235386600721
database3/database3/m.015c4g/7-FaceId-0_align.webp,0.000573,1.0,0.1551763962974563
database3/database3/m.015c4g/83-FaceId-0_align.webp,0.000391,1.0,0.1365147791328891
database3/database3/m.015cyn/17-FaceId-0_align.webp,0.046212,1.0,0.1598161100844271
database3/database3/m.015cyn/5-FaceId-0_align.webp,0.152464,1.0,0.1361606465105427
database3/database3/m.015czg/24-FaceId-0_align.webp,0.141052,1.0,0.1732279451367401
database3/database3/m.015d2r/66-FaceId-0_align.webp,0.064087,1.0,0.3023216524031661
database3/database3/m.015d2r/86-FaceId-0_align.webp,0.029999,1.0,0.1662756248470113
database3/database3/m.015dcj/83-FaceId-0_align.webp,0.023385,1.0,0.1747021965870357
database3/database3/m.015dgg/80-FaceId-0_align.webp,0.001775,1.0,0.1846782695901228
database3/database3/m.015djp/24-FaceId-0_align.webp,0.0,1.0,0.1302338364845311
database3/database3/m.015djp/27-FaceId-0_align.webp,0.037685,1.0,0.1725809272590263
database3/database3/m.015dk3/22-FaceId-0_align.webp,0.027592,1.0,0.1377269831741174
database3/database3/m.015dnt/38-FaceId-0_align.webp,0.001692,1.0,0.1839131715166138
database3/database3/m.015dnt/42-FaceId-1_align.webp,0.102539,1.0,0.1083723346881398
database3/database3/m.015dqj/29-FaceId-0_align.webp,0.034796,1.0,0.1689376686379003
database3/database3/m.015dsz/54-FaceId-1_align.webp,0.002756,1.0,0.1399457909867007
database3/database3/m.015dx/106-FaceId-0_align.webp,0.065832,0.0,0.1655498657144408
database3/database3/m.015dx/112-FaceId-0_align.webp,0.282009,0.0,0.1797085119363086
database3/database3/m.015dx/117-FaceId-0_align.webp,0.154935,0.0,0.1486249342000903
database3/database3/m.015dx/16-FaceId-0_align.webp,0.065933,0.0,0.1795935205654202
database3/database3/m.015dx/75-FaceId-0_align.webp,0.127561,0.0,0.1902528190376301
database3/database3/m.015dz8/51-FaceId-0_align.webp,0.051527,1.0,0.1662502644790145
database3/database3/m.015f6_/9-FaceId-0_align.webp,0.050822,1.0,0.1727553815408694
database3/database3/m.015fxn/110-FaceId-1_align.webp,0.050721,0.0,0.1595823906730771
database3/database3/m.015fyd/19-FaceId-0_align.webp,0.055834,0.0,0.1672375300716185
database3/database3/m.015g36/86-FaceId-0_align.webp,0.010069,0.0,0.1589479072743011
database3/database3/m.015g98/4-FaceId-0_align.webp,0.031227,1.0,0.1864159713300938
database3/database3/m.015g_7/108-FaceId-0_align.webp,0.075445,1.0,0.1641592142229167
database3/database3/m.015ghl/29-FaceId-0_align.webp,0.035495,0.0,0.1588123664089689
database3/database3/m.015ghl/58-FaceId-0_align.webp,0.114793,0.0,0.130414038403269
database3/database3/m.015ghl/7-FaceId-0_align.webp,0.022651,0.0,0.1433283963971007
database3/database3/m.015gjr/36-FaceId-0_align.webp,0.054888,1.0,0.1647768589067713
database3/database3/m.015gjr/40-FaceId-0_align.webp,0.045893,1.0,0.138435177171032
database3/database3/m.015gjr/84-FaceId-0_align.webp,0.042274,1.0,0.2711313875979126
database3/database3/m.015gqm/96-FaceId-1_align.webp,0.236979,1.0,0.2002981683529117
database3/database3/m.015grj/83-FaceId-0_align.webp,0.0,1.0,0.1348572859056132
database3/database3/m.015grj/95-FaceId-0_align.webp,0.006074,1.0,0.1271418015156858
database3/database3/m.015grj/98-FaceId-0_align.webp,0.00126,1.0,0.1080242456718639
database3/database3/m.015gsv/100-FaceId-0_align.webp,0.087077,1.0,0.1866837235352247
database3/database3/m.015gsv/72-FaceId-0_align.webp,0.017745,1.0,0.1632128396561543
database3/database3/m.015gx1/70-FaceId-0_align.webp,0.056653,1.0,0.1649122922465568
database3/database3/m.015gy7/28-FaceId-0_align.webp,0.011386,1.0,0.1784474408210239
database3/database3/m.015gzc/94-FaceId-0_align.webp,0.077714,1.0,0.1643334667669673
database3/database3/m.015h25/3-FaceId-0_align.webp,0.001481,1.0,0.1280363953887214
database3/database3/m.015h7y/30-FaceId-0_align.webp,0.014431,1.0,0.1748196322075841
database3/database3/m.015htz/46-FaceId-0_align.webp,0.135648,0.0,0.1641471122366146
database3/database3/m.015j58/58-FaceId-0_align.webp,0.016994,1.0,0.1639532082929608
database3/database3/m.015j6h/20-FaceId-0_align.webp,0.005265,1.0,0.1736015729860197
database3/database3/m.015j6h/37-FaceId-0_align.webp,0.094841,1.0,0.2004020456855124
database3/database3/m.015j6y/47-FaceId-0_align.webp,0.10488,0.0,0.1995633079860472
database3/database3/m.015j6y/5-FaceId-0_align.webp,0.085053,0.0,0.1584417293405865
database3/database3/m.015j6y/73-FaceId-1_align.webp,0.12413,0.0,0.1686376012717556
database3/database3/m.015j8x/17-FaceId-0_align.webp,0.049084,1.0,0.1798573781460644
database3/database3/m.015j8x/42-FaceId-0_align.webp,0.021866,1.0,0.2348091538100529
database3/database3/m.015jjw/46-FaceId-0_align.webp,0.068702,1.0,0.2172236917610142
database3/database3/m.015jjw/69-FaceId-0_align.webp,0.113403,1.0,0.227218649232781
database3/database3/m.015jvm/105-FaceId-0_align.webp,0.006549,1.0,0.1446127774882517
database3/database3/m.015jvm/32-FaceId-0_align.webp,0.01088,1.0,0.1389765078217927
database3/database3/m.015jvm/85-FaceId-0_align.webp,0.111985,1.0,0.1949369476463031
database3/database3/m.015k04/104-FaceId-0_align.webp,0.087765,0.0,0.1441662083097369
database3/database3/m.015k04/33-FaceId-0_align.webp,0.019732,0.0,0.1727129823656745
database3/database3/m.015k04/68-FaceId-0_align.webp,0.032064,0.0,0.1676197553195065
database3/database3/m.015k9x/19-FaceId-0_align.webp,0.079615,0.0,0.1645981200928563
database3/database3/m.015k9x/84-FaceId-0_align.webp,0.154994,0.0,0.5885046345932432
database3/database3/m.015kbd/21-FaceId-0_align.webp,0.030994,1.0,0.1402817789703599
database3/database3/m.015kbd/80-FaceId-0_align.webp,0.061754,1.0,0.3332739115207575
database3/database3/m.015khm/4-FaceId-0_align.webp,0.027803,1.0,0.114377382026395
database3/database3/m.015klf/75-FaceId-0_align.webp,0.0,1.0,0.1186276501555109
database3/database3/m.015ksl/24-FaceId-0_align.webp,0.23069,1.0,0.1644059431275405
database3/database3/m.015ksl/26-FaceId-1_align.webp,0.043132,1.0,0.3184828249215516
database3/database3/m.015ksl/31-FaceId-0_align.webp,0.096817,1.0,0.1666498108015004
database3/database3/m.015ksl/72-FaceId-0_align.webp,0.014945,1.0,0.1655155147970107
database3/database3/m.015ksy/70-FaceId-0_align.webp,0.064697,1.0,0.1561989358127876
database3/database3/m.015ksy/90-FaceId-0_align.webp,0.039383,1.0,0.1563514014764656
database3/database3/m.015kt_/7-FaceId-0_align.webp,0.084368,1.0,0.1453771887692659
database3/database3/m.015l1l/126-FaceId-0_align.webp,0.0,1.0,0.1059226396109982
database3/database3/m.015l51/58-FaceId-0_align.webp,0.077217,1.0,0.1455967812363632
database3/database3/m.015lg2/3-FaceId-0_align.webp,0.081487,1.0,0.2747824666586098
database3/database3/m.015m2c/35-FaceId-0_align.webp,0.111821,0.0,0.2579829596038578
database3/database3/m.015m2c/62-FaceId-0_align.webp,0.107098,0.0,0.2437460685345875
database3/database3/m.015m2c/96-FaceId-0_align.webp,0.077293,0.0,0.2596087318397519
database3/database3/m.015m2v/50-FaceId-0_align.webp,0.014038,1.0,0.1490695805374807
database3/database3/m.015m_9/103-FaceId-0_align.webp,0.203457,0.0,0.2084694612862759
database3/database3/m.015m_9/23-FaceId-0_align.webp,0.194385,0.0,0.1653394769780762
database3/database3/m.015mfy/124-FaceId-0_align.webp,0.011509,1.0,0.2441461961399139
database3/database3/m.015mfy/44-FaceId-0_align.webp,0.015486,1.0,0.2573946927269788
database3/database3/m.015ncq/12-FaceId-0_align.webp,0.097302,0.0,0.1682353962908223
database3/database3/m.015ncq/15-FaceId-0_align.webp,0.108176,0.0,0.1696433635503684
database3/database3/m.015ncq/43-FaceId-0_align.webp,0.173231,0.0,0.228151791521072
database3/database3/m.015nr6/10-FaceId-0_align.webp,0.135309,0.0,0.1491224225077371
database3/database3/m.015nxw/46-FaceId-0_align.webp,0.033616,1.0,0.167715649498654
database3/database3/m.015nz8/33-FaceId-0_align.webp,0.258768,1.0,0.1659595145235455
database3/database3/m.015p0c/3-FaceId-0_align.webp,0.047687,1.0,0.1421127558263026
database3/database3/m.015p37/5-FaceId-0_align.webp,0.024022,0.0,0.2761755696797324
database3/database3/m.015p3p/83-FaceId-3_align.webp,0.095309,1.0,0.2239575473605677
database3/database3/m.015p_p/4-FaceId-0_align.webp,0.041582,1.0,0.2762267685290774
database3/database3/m.015ph6/52-FaceId-0_align.webp,0.019715,1.0,0.1538023613108008
database3/database3/m.015ph6/9-FaceId-0_align.webp,0.017184,1.0,0.1280362588057023
database3/database3/m.015phm/91-FaceId-0_align.webp,0.017375,1.0,0.1249041774196296
database3/database3/m.015pqq/24-FaceId-0_align.webp,0.179784,0.0,0.1711201735222153
database3/database3/m.015pqq/66-FaceId-0_align.webp,0.136121,0.0,0.2462735752637465
database3/database3/m.015pqq/87-FaceId-0_align.webp,0.018013,0.0,0.1765523607760579
database3/database3/m.015pt7/51-FaceId-0_align.webp,0.127322,1.0,0.1982311599405266
database3/database3/m.015pt7/58-FaceId-0_align.webp,0.035197,1.0,0.1560689541825132
database3/database3/m.015pt7/60-FaceId-0_align.webp,0.049196,1.0,0.2241616669943762
database3/database3/m.015pvh/112-FaceId-0_align.webp,0.330281,0.0,0.194203125969065
database3/database3/m.015px7/44-FaceId-0_align.webp,0.034165,1.0,0.1560787220330203
database3/database3/m.015px7/91-FaceId-0_align.webp,0.015722,1.0,0.18217593857333
database3/database3/m.015pxr/76-FaceId-0_align.webp,0.013737,1.0,0.1585288424575682
database3/database3/m.015pxr/85-FaceId-0_align.webp,0.04711,1.0,0.1787873726145296
database3/database3/m.015pz3/26-FaceId-0_align.webp,0.029214,1.0,0.1729026983241011
database3/database3/m.015q3m/88-FaceId-0_align.webp,0.02977,1.0,0.1320644503872406
database3/database3/m.015q43/44-FaceId-0_align.webp,0.14431,0.0,0.182289855256772
database3/database3/m.015q43/83-FaceId-0_align.webp,0.202776,0.0,0.2019453262353363
database3/database3/m.015q7v/66-FaceId-0_align.webp,0.123951,1.0,0.1776574258440044
database3/database3/m.015q7v/70-FaceId-0_align.webp,0.084162,1.0,0.1769279883293866
database3/database3/m.015q7v/74-FaceId-0_align.webp,0.166774,1.0,0.2815765632788624
database3/database3/m.015q7v/95-FaceId-0_align.webp,0.114436,1.0,0.1562474775155272
database3/database3/m.015q9_/38-FaceId-0_align.webp,0.073529,1.0,0.1840755852665001
database3/database3/m.015q9_/55-FaceId-0_align.webp,0.228226,1.0,0.1836486565603207
database3/database3/m.015qgb/80-FaceId-0_align.webp,0.240744,0.0,0.2154784863451863
database3/database3/m.015ql4/49-FaceId-0_align.webp,0.010843,1.0,0.1589296719454404
database3/database3/m.015ql_/79-FaceId-0_align.webp,0.076307,0.0,0.1850602355773598
database3/database3/m.015qlm/10-FaceId-0_align.webp,0.050821,0.0,0.1755898557866688
database3/database3/m.015qlm/70-FaceId-0_align.webp,0.030997,0.0,0.1753486130098523
database3/database3/m.015qpn/63-FaceId-0_align.webp,0.366396,1.0,0.1384367913144181
database3/database3/m.015qq1/36-FaceId-0_align.webp,0.022633,1.0,0.1444884327944951
database3/database3/m.015qty/73-FaceId-0_align.webp,0.019129,1.0,0.138539991165664
database3/database3/m.015qty/74-FaceId-0_align.webp,0.007618,1.0,0.1588435442878465
database3/database3/m.015qv9/29-FaceId-0_align.webp,0.006101,1.0,0.1646972472503496
database3/database3/m.015qxn/75-FaceId-0_align.webp,0.029389,1.0,0.1338651334705025
database3/database3/m.015qxn/81-FaceId-0_align.webp,0.000968,1.0,0.2123765246744286
database3/database3/m.015qyf/14-FaceId-0_align.webp,0.032701,1.0,0.1704591933143308
database3/database3/m.015qzv/12-FaceId-0_align.webp,0.03298,1.0,0.2675505690492221
database3/database3/m.015qzv/45-FaceId-0_align.webp,0.048204,1.0,0.2490318761336198
database3/database3/m.015qzv/55-FaceId-0_align.webp,0.094832,1.0,0.3090780028046361
database3/database3/m.015qzv/57-FaceId-0_align.webp,0.068867,1.0,0.1903217122019436
database3/database3/m.015r3q/35-FaceId-0_align.webp,0.001755,1.0,0.2549875264743923
database3/database3/m.015r4v/28-FaceId-0_align.webp,0.015627,1.0,0.1809270835316394
database3/database3/m.015rhv/21-FaceId-0_align.webp,0.274759,1.0,0.2369763113115315
database3/database3/m.015rmq/88-FaceId-0_align.webp,0.016982,1.0,0.1518523486853503
database3/database3/m.015t_m/31-FaceId-0_align.webp,0.0851,1.0,0.1063662438602465
database3/database3/m.015thk/1-FaceId-0_align.webp,0.117609,1.0,0.1606378813082006
database3/database3/m.015thk/47-FaceId-0_align.webp,0.223814,1.0,0.2332699949704556
database3/database3/m.015thk/89-FaceId-0_align.webp,0.010677,1.0,0.2559743488399565
database3/database3/m.015tp7/25-FaceId-0_align.webp,0.089928,1.0,0.1710474847059594
database3/database3/m.015tp7/4-FaceId-0_align.webp,0.078982,1.0,0.1770715328417514
database3/database3/m.015tv5/22-FaceId-0_align.webp,0.009031,1.0,0.1628934307771901
database3/database3/m.015tv5/54-FaceId-0_align.webp,0.027498,1.0,0.1640719595298507
database3/database3/m.015tyq/50-FaceId-0_align.webp,0.029346,1.0,0.2023488711488612
database3/database3/m.015tyq/63-FaceId-0_align.webp,0.05956,1.0,0.2728565311938297
database3/database3/m.015v98/49-FaceId-0_align.webp,0.062142,0.0,0.1806551740978801
database3/database3/m.015v98/79-FaceId-0_align.webp,0.070144,0.0,0.1782852575349387
database3/database3/m.015vql/63-FaceId-0_align.webp,0.02634,1.0,0.1807637684279901
database3/database3/m.015vyh/54-FaceId-0_align.webp,0.020372,1.0,0.1585985332054223
database3/database3/m.015wfg/59-FaceId-0_align.webp,0.021245,1.0,0.1728326085796343
database3/database3/m.015wfy/41-FaceId-0_align.webp,0.10115,1.0,0.1531973972251849
database3/database3/m.015wfy/43-FaceId-0_align.webp,0.000923,1.0,0.2313008593755311
database3/database3/m.015wfy/78-FaceId-0_align.webp,0.064575,1.0,0.2592890099841557
database3/database3/m.015wfy/91-FaceId-0_align.webp,0.156,1.0,0.2427676505886122
database3/database3/m.015wgw/16-FaceId-0_align.webp,0.030553,1.0,0.1526397882320791
database3/database3/m.015wgw/5-FaceId-0_align.webp,0.079937,1.0,0.1730385995303533
database3/database3/m.015wkb/94-FaceId-0_align.webp,0.010721,1.0,0.1508541306536761
database3/database3/m.015x3n/93-FaceId-0_align.webp,0.0,0.0,0.4747787036755871
database3/database3/m.015x63/126-FaceId-0_align.webp,0.077609,0.0,0.1777664700173404
database3/database3/m.015xnd/46-FaceId-0_align.webp,0.021854,1.0,0.212462429607745
database3/database3/m.015xnd/72-FaceId-0_align.webp,0.171432,1.0,0.2941042181471474
database3/database3/m.015xsn/17-FaceId-0_align.webp,0.021828,1.0,0.2127321823638583
database3/database3/m.015xww/31-FaceId-0_align.webp,0.075773,1.0,0.1487475065272948
database3/database3/m.015xys/54-FaceId-0_align.webp,0.054138,1.0,0.1395050108923101
database3/database3/m.015y4c/42-FaceId-0_align.webp,0.097688,1.0,0.1311742160531234
database3/database3/m.015y4c/72-FaceId-0_align.webp,0.027368,1.0,0.1563371733186974
database3/database3/m.015y4c/79-FaceId-0_align.webp,0.010835,1.0,0.1364457551393098
database3/database3/m.015yb0/108-FaceId-0_align.webp,0.073526,1.0,0.1433686334957535
database3/database3/m.015ybz/5-FaceId-0_align.webp,0.004767,1.0,0.3267200309844653
database3/database3/m.015yg9/69-FaceId-0_align.webp,0.021682,1.0,0.205747657308565
database3/database3/m.015ykr/19-FaceId-0_align.webp,0.078311,0.0,0.1651608355680299
database3/database3/m.015ykr/9-FaceId-0_align.webp,0.026904,0.0,0.1368577102930545
database3/database3/m.015z4j/106-FaceId-1_align.webp,0.203863,0.0,0.1880746027866299
database3/database3/m.015z4j/30-FaceId-0_align.webp,0.022438,0.0,0.1594766233833527
database3/database3/m.015zj4/3-FaceId-0_align.webp,0.026859,1.0,0.2217223223474985
database3/database3/m.015zjx/34-FaceId-0_align.webp,0.188292,1.0,0.177056005747819
database3/database3/m.015zm4/92-FaceId-0_align.webp,0.019768,1.0,0.2369136753260223
database3/database3/m.015zmm/35-FaceId-0_align.webp,0.071991,0.0,0.1615183954694322
database3/database3/m.016077/95-FaceId-0_align.webp,0.023638,1.0,0.1813968045867596
database3/database3/m.0160pf/102-FaceId-0_align.webp,0.037457,1.0,0.1677057273451168
database3/database3/m.016194/12-FaceId-0_align.webp,0.028771,1.0,0.1676461073547232
database3/database3/m.016194/6-FaceId-0_align.webp,0.025295,1.0,0.1394138058449026
database3/database3/m.0161h5/105-FaceId-0_align.webp,0.042175,0.0,0.1671596566132667
database3/database3/m.0161hn/33-FaceId-0_align.webp,0.010683,1.0,0.1896164735719308
database3/database3/m.0162c8/22-FaceId-0_align.webp,0.021055,1.0,0.1775544247402973
database3/database3/m.0162c8/71-FaceId-0_align.webp,0.041746,1.0,0.1712072608094633
database3/database3/m.0162c8/72-FaceId-0_align.webp,0.034776,1.0,0.1729964410521918
database3/database3/m.0162lw/68-FaceId-0_align.webp,0.026272,1.0,0.1638669833163175
database3/database3/m.0162n1/16-FaceId-0_align.webp,0.013549,1.0,0.2586218997940878
database3/database3/m.0162n1/17-FaceId-0_align.webp,0.15524,1.0,0.2610517793318235
database3/database3/m.01635v/83-FaceId-0_align.webp,0.001023,1.0,0.1239902098257083
database3/database3/m.0163bt/91-FaceId-0_align.webp,0.100672,1.0,0.1810963067708921
database3/database3/m.0163kf/72-FaceId-0_align.webp,0.120095,0.0,0.162458062109862
database3/database3/m.0163kf/83-FaceId-0_align.webp,0.098981,0.0,0.1962746662399242
database3/database3/m.0163rk/30-FaceId-0_align.webp,0.022552,1.0,0.1650135725705308
database3/database3/m.0163s9/24-FaceId-0_align.webp,0.074147,1.0,0.1673008007307229
database3/database3/m.0163s9/74-FaceId-0_align.webp,0.166715,1.0,0.1759801528038277
database3/database3/m.0163t3/106-FaceId-0_align.webp,0.195337,0.0,0.1778686143725129
database3/database3/m.0163t3/9-FaceId-0_align.webp,0.08181,0.0,0.1686141112818826
database3/database3/m.0163y8/74-FaceId-0_align.webp,0.077227,1.0,0.1785037545218156
database3/database3/m.0164c4/60-FaceId-0_align.webp,0.111711,0.0,0.1571605188267579
database3/database3/m.0164lp/69-FaceId-0_align.webp,0.064522,1.0,0.1352343798434835
database3/database3/m.0164lp/92-FaceId-0_align.webp,0.151037,1.0,0.2616669900853168
database3/database3/m.0164nb/3-FaceId-0_align.webp,0.089532,1.0,0.1654386571795755
database3/database3/m.0164y7/34-FaceId-0_align.webp,0.005214,1.0,0.1599563683597214
database3/database3/m.0165cp/26-FaceId-0_align.webp,0.006703,0.0,0.1463249655569254
database3/database3/m.0165cp/52-FaceId-0_align.webp,0.057554,0.0,0.1359983098426077
database3/database3/m.0165gc/85-FaceId-0_align.webp,0.006716,1.0,0.1469881254399085
database3/database3/m.0165gc/99-FaceId-0_align.webp,0.120842,1.0,0.1731795308252983
database3/database3/m.0165ky/57-FaceId-0_align.webp,0.015031,1.0,0.2181844726826189
database3/database3/m.0165n5/59-FaceId-0_align.webp,0.014306,0.0,0.1264030825556234
database3/database3/m.01666h/59-FaceId-0_align.webp,0.366126,0.0,0.1925599610054568
database3/database3/m.01666h/65-FaceId-0_align.webp,0.324656,0.0,0.2068218564219529
database3/database3/m.0166rp/41-FaceId-0_align.webp,0.108225,1.0,0.1679521421318761
database3/database3/m.0166rp/55-FaceId-0_align.webp,0.058677,1.0,0.203239139151422
database3/database3/m.0166w_/52-FaceId-0_align.webp,0.055626,1.0,0.1512329407715693
database3/database3/m.0166w_/7-FaceId-0_align.webp,0.051227,1.0,0.1285552364351952
database3/database3/m.0166yl/4-FaceId-0_align.webp,0.128426,1.0,0.1428987084760238
database3/database3/m.0166yl/42-FaceId-0_align.webp,0.00821,1.0,0.1524276890492156
database3/database3/m.0166zk/13-FaceId-0_align.webp,0.040817,1.0,0.2854298322613765
database3/database3/m.0166zk/42-FaceId-0_align.webp,0.020069,1.0,0.2333089135574487
database3/database3/m.0166zk/72-FaceId-0_align.webp,0.015452,1.0,0.1661665147288198
database3/database3/m.01678_/78-FaceId-0_align.webp,0.014927,1.0,0.1376630892909692
database3/database3/m.0167h6/35-FaceId-0_align.webp,0.000892,1.0,0.1417333800235363
database3/database3/m.0167xk/87-FaceId-0_align.webp,0.035118,1.0,0.1779052015699005
database3/database3/m.016883/25-FaceId-0_align.webp,0.021581,1.0,0.165860757512088
database3/database3/m.016883/35-FaceId-0_align.webp,0.016967,1.0,0.1888082517072228
database3/database3/m.016883/79-FaceId-0_align.webp,0.042662,1.0,0.1670458552544907
database3/database3/m.0168cl/73-FaceId-0_align.webp,0.16573,1.0,0.1571987956903878
database3/database3/m.0168ql/60-FaceId-0_align.webp,0.01118,1.0,0.1120225589909654
database3/database3/m.0168vx/9-FaceId-0_align.webp,0.182986,0.0,0.1523944168454902
database3/database3/m.01693z/106-FaceId-0_align.webp,0.308514,1.0,0.2106851441693426
database3/database3/m.01693z/67-FaceId-0_align.webp,0.053019,1.0,0.1499909169970745
database3/database3/m.016959/105-FaceId-0_align.webp,0.10109,1.0,0.2063425514823153
database3/database3/m.016959/51-FaceId-0_align.webp,0.067755,1.0,0.181788564520645
database3/database3/m.0169ff/102-FaceId-0_align.webp,0.033338,1.0,0.1957076873573183
database3/database3/m.0169ff/36-FaceId-0_align.webp,0.024259,1.0,0.1708070928110678
database3/database3/m.0169ff/79-FaceId-0_align.webp,0.137366,1.0,0.1747689151569644
database3/database3/m.0169mh/14-FaceId-0_align.webp,0.084985,0.0,0.2046114216500757
database3/database3/m.0169r6/43-FaceId-0_align.webp,0.109367,0.0,0.1870448756876252
database3/database3/m.0169v2/37-FaceId-0_align.webp,0.237432,0.0,0.1913788954051611
database3/database3/m.0169v2/60-FaceId-0_align.webp,0.294775,0.0,0.1991408169893133
database3/database3/m.0169x_/12-FaceId-0_align.webp,0.169443,1.0,0.1442023946288173
database3/database3/m.016_js/82-FaceId-0_align.webp,0.00161,0.0,0.1467684879084608
database3/database3/m.016_js/90-FaceId-0_align.webp,0.074161,0.0,0.1726757703490602
database3/database3/m.016_mj/9-FaceId-0_align.webp,0.005546,1.0,0.1709600104342776
database3/database3/m.016b6z/92-FaceId-0_align.webp,0.053278,1.0,0.1946537334347598
database3/database3/m.016b90/0-FaceId-0_align.webp,0.006801,1.0,0.1499492725466993
database3/database3/m.016b90/79-FaceId-0_align.webp,0.0,1.0,0.0897697163824837
database3/database3/m.016b90/8-FaceId-0_align.webp,0.046454,1.0,0.1253350537535407
database3/database3/m.016b90/93-FaceId-0_align.webp,0.01334,1.0,0.1504944728602886
database3/database3/m.016cn6/6-FaceId-0_align.webp,0.062721,1.0,0.2066931811399432
database3/database3/m.016cn6/90-FaceId-0_align.webp,0.090699,1.0,0.1615649679325053
database3/database3/m.016cz6/23-FaceId-1_align.webp,0.213677,1.0,0.4184434106680789
database3/database3/m.016db7/11-FaceId-0_align.webp,0.00104,1.0,0.1917157296689423
database3/database3/m.016dbr/42-FaceId-0_align.webp,0.02227,1.0,0.1686191611493156
database3/database3/m.016fjj/77-FaceId-0_align.webp,0.012807,1.0,0.164885978275848
database3/database3/m.016fnv/40-FaceId-0_align.webp,0.049743,1.0,0.1639567749573623
database3/database3/m.016g29/40-FaceId-0_align.webp,0.003894,1.0,0.191169430286284
database3/database3/m.016g29/95-FaceId-0_align.webp,0.017798,1.0,0.1254775706540141
database3/database3/m.016ggh/74-FaceId-0_align.webp,0.004674,1.0,0.1462513076211838
database3/database3/m.016ghw/12-FaceId-0_align.webp,0.035794,1.0,0.2250932147677299
database3/database3/m.016gkf/85-FaceId-0_align.webp,0.159983,1.0,0.172747300038231
database3/database3/m.016gnp/45-FaceId-0_align.webp,0.027576,1.0,0.1553438601254179
database3/database3/m.016gnp/48-FaceId-0_align.webp,0.0,1.0,0.1718569735600564
database3/database3/m.016gr2/107-FaceId-0_align.webp,0.0,1.0,0.1940183920160446
database3/database3/m.016gr2/38-FaceId-0_align.webp,0.0,1.0,0.1274341510411774
database3/database3/m.016hgp/12-FaceId-0_align.webp,0.055372,0.0,0.1627126275367112
database3/database3/m.016hgp/32-FaceId-12_align.webp,0.159452,0.0,0.3215076595558437
database3/database3/m.016hgp/77-FaceId-4_align.webp,0.110387,0.0,0.1581370148367092
database3/database3/m.016hgp/77-FaceId-7_align.webp,0.08977,0.0,0.1619376245477619
database3/database3/m.016hgp/77-FaceId-9_align.webp,0.121788,0.0,0.1643323747418376
database3/database3/m.016hj7/88-FaceId-0_align.webp,0.028831,1.0,0.1376066677917137
database3/database3/m.016hk4/98-FaceId-0_align.webp,0.002253,1.0,0.159337292002986
database3/database3/m.016hmf/90-FaceId-0_align.webp,0.168251,1.0,0.190080381277879
database3/database3/m.016hrc/46-FaceId-0_align.webp,0.064797,0.0,0.1821077702701037
database3/database3/m.016htr/23-FaceId-0_align.webp,0.041326,1.0,0.1623757007671973
database3/database3/m.016htr/80-FaceId-0_align.webp,0.0,1.0,0.2902701655628321
database3/database3/m.016hvl/14-FaceId-0_align.webp,0.018608,1.0,0.1934230904748909
database3/database3/m.016hvl/79-FaceId-0_align.webp,0.027134,1.0,0.1754852350423294
database3/database3/m.016hzm/79-FaceId-0_align.webp,0.040554,1.0,0.2376572800465748
database3/database3/m.016j4q/17-FaceId-0_align.webp,0.014713,1.0,0.613086408524577
database3/database3/m.016j4q/73-FaceId-0_align.webp,0.027874,1.0,0.331636176625022
database3/database3/m.016j55/23-FaceId-0_align.webp,0.003044,1.0,0.1936108181305689
database3/database3/m.016j_c/80-FaceId-0_align.webp,0.167359,0.0,0.1856756013682017
database3/database3/m.016k0j/73-FaceId-0_align.webp,0.021214,0.0,0.1699599466978338
database3/database3/m.016k38/76-FaceId-0_align.webp,0.03171,1.0,0.2162080565543849
database3/database3/m.016k38/86-FaceId-0_align.webp,0.0969,1.0,0.2540777958724985
database3/database3/m.016k58/57-FaceId-0_align.webp,0.285077,0.0,0.1926593596520798
database3/database3/m.016k6x/11-FaceId-0_align.webp,0.0,1.0,0.1346278022297025
database3/database3/m.016k6x/19-FaceId-0_align.webp,0.0,1.0,0.1223582522569644
database3/database3/m.016k92/3-FaceId-0_align.webp,0.164786,1.0,0.1951526425039017
database3/database3/m.016k92/39-FaceId-0_align.webp,0.115077,1.0,0.192359033730651
database3/database3/m.016k92/53-FaceId-0_align.webp,0.124335,1.0,0.1928163975838934
database3/database3/m.016k_v/117-FaceId-0_align.webp,0.172292,0.0,0.1631207992502489
database3/database3/m.016k_v/31-FaceId-0_align.webp,0.103765,0.0,0.1713285195247088
database3/database3/m.016k_v/6-FaceId-0_align.webp,0.102662,0.0,0.1663539922902197
database3/database3/m.016kdv/96-FaceId-0_align.webp,0.10171,1.0,0.1533425612190509
database3/database3/m.016kft/30-FaceId-0_align.webp,0.094506,1.0,0.1860918467089877
database3/database3/m.016khd/116-FaceId-0_align.webp,0.014365,1.0,0.2666736212959897
database3/database3/m.016khd/18-FaceId-0_align.webp,0.045446,1.0,0.2022774614568104
database3/database3/m.016khd/77-FaceId-0_align.webp,0.016363,1.0,0.1483643561585503
database3/database3/m.016kjs/51-FaceId-0_align.webp,0.103247,1.0,0.1690765929877267
database3/database3/m.016kqk/22-FaceId-0_align.webp,0.109366,1.0,0.2006069754552377
database3/database3/m.016kqk/57-FaceId-0_align.webp,0.028005,1.0,0.2069047898857751
database3/database3/m.016ksk/77-FaceId-0_align.webp,0.033554,1.0,0.221201292753815
database3/database3/m.016l53/34-FaceId-0_align.webp,0.004644,1.0,0.2674764378382672
database3/database3/m.016l_5/13-FaceId-1_align.webp,0.028409,0.0,0.2720013790004894
database3/database3/m.016l_5/23-FaceId-0_align.webp,0.13632,0.0,0.1699179617464389
database3/database3/m.016l_5/69-FaceId-0_align.webp,0.067658,0.0,0.1616483567919945
database3/database3/m.016lb3/2-FaceId-0_align.webp,0.005513,1.0,0.1544100588188916
database3/database3/m.016lh0/74-FaceId-0_align.webp,0.000336,1.0,0.1553908053006695
database3/database3/m.016m0v/15-FaceId-0_align.webp,0.003574,1.0,0.2328479556547986
database3/database3/m.016m0v/47-FaceId-0_align.webp,0.010823,1.0,0.251469534020748
database3/database3/m.016m0v/48-FaceId-0_align.webp,0.006305,1.0,0.1964289637430724
database3/database3/m.016mgj/22-FaceId-0_align.webp,0.177659,0.0,0.1729015104075185
database3/database3/m.016mgj/72-FaceId-0_align.webp,0.141048,0.0,0.2778232931229029
database3/database3/m.016ntp/45-FaceId-0_align.webp,0.056576,0.0,0.3495177058834555
database3/database3/m.016ntp/58-FaceId-0_align.webp,0.194583,0.0,0.2717868718255049
database3/database3/m.016ntp/78-FaceId-0_align.webp,0.262576,0.0,0.2134158388294716
database3/database3/m.016ntp/85-FaceId-0_align.webp,0.141759,0.0,0.1933796843547999
database3/database3/m.016nvh/2-FaceId-0_align.webp,0.143526,1.0,0.1892519838799797
database3/database3/m.016nvy/82-FaceId-0_align.webp,0.14288,0.0,0.1699641463947162
database3/database3/m.016nws/82-FaceId-0_align.webp,0.154826,1.0,0.1908154480379083
database3/database3/m.016pns/55-FaceId-0_align.webp,0.055966,1.0,0.1862176286556394
database3/database3/m.016q0w/27-FaceId-0_align.webp,0.009996,1.0,0.1719418035130681
database3/database3/m.016q2n/25-FaceId-0_align.webp,0.030179,0.0,0.165923595478866
database3/database3/m.016q2n/89-FaceId-0_align.webp,0.007529,0.0,0.177010392770177
database3/database3/m.016q4_/99-FaceId-1_align.webp,0.000294,0.0,0.1449250414931756
database3/database3/m.016qrb/16-FaceId-0_align.webp,0.039165,0.0,0.1705195172264258
database3/database3/m.016qrb/78-FaceId-0_align.webp,0.145711,0.0,0.1539369045016272
database3/database3/m.016qtt/15-FaceId-0_align.webp,0.187503,1.0,0.1754145696540525
database3/database3/m.016qtt/25-FaceId-0_align.webp,0.283035,1.0,0.1725229927482945
database3/database3/m.016r3x/42-FaceId-0_align.webp,0.001242,1.0,0.1143550507587294
database3/database3/m.016r3x/44-FaceId-0_align.webp,0.007495,1.0,0.1685681582143564
database3/database3/m.016sff/35-FaceId-0_align.webp,0.025858,1.0,0.339801871389598
database3/database3/m.016sp_/9-FaceId-0_align.webp,0.355835,1.0,0.155597569172842
database3/database3/m.016swh/38-FaceId-0_align.webp,0.0,1.0,0.1443373098292625
database3/database3/m.016sz1/68-FaceId-0_align.webp,0.00381,1.0,0.182499346834879
database3/database3/m.016szr/0-FaceId-0_align.webp,0.081751,1.0,0.2766814187610683
database3/database3/m.016szr/31-FaceId-0_align.webp,0.150774,1.0,0.2612840678863584
database3/database3/m.016t00/27-FaceId-0_align.webp,0.010723,1.0,0.1927072479278047
database3/database3/m.016t00/29-FaceId-0_align.webp,0.026052,1.0,0.1799227560341295
database3/database3/m.016t00/49-FaceId-0_align.webp,0.061342,1.0,0.1990337878536338
database3/database3/m.016tb7/64-FaceId-0_align.webp,0.020212,0.0,0.1628086406592742
database3/database3/m.016tbr/53-FaceId-0_align.webp,0.052696,1.0,0.183874662203515
database3/database3/m.016tbr/91-FaceId-0_align.webp,0.278026,1.0,0.211767239524225
database3/database3/m.016tbr/97-FaceId-0_align.webp,0.035531,1.0,0.1934476993749381
database3/database3/m.016tcm/7-FaceId-0_align.webp,0.0,1.0,0.1613039699922679
database3/database3/m.016tqw/18-FaceId-0_align.webp,0.009857,1.0,0.1643854264668662
database3/database3/m.016vqk/91-FaceId-0_align.webp,0.041054,1.0,0.1644954309833773
database3/database3/m.016vxj/34-FaceId-0_align.webp,0.081238,1.0,0.1516787258778708
database3/database3/m.016vy9/16-FaceId-0_align.webp,0.135759,0.0,0.1764450699439018
database3/database3/m.016vy9/41-FaceId-0_align.webp,0.023537,0.0,0.1591414568079402
database3/database3/m.016vyp/28-FaceId-0_align.webp,0.086364,1.0,0.1686782504796185
database3/database3/m.016vyp/92-FaceId-0_align.webp,0.043472,1.0,0.1597012725983121
database3/database3/m.016wdq/47-FaceId-0_align.webp,0.021942,1.0,0.3430192219015382
database3/database3/m.016wvy/16-FaceId-0_align.webp,0.016451,1.0,0.1653310277542504
database3/database3/m.016wvy/70-FaceId-0_align.webp,0.279688,1.0,0.2027197041079212
database3/database3/m.016wvy/90-FaceId-0_align.webp,0.0652,1.0,0.284136212483999
database3/database3/m.016xk5/94-FaceId-0_align.webp,0.039665,1.0,0.1569877342269038
database3/database3/m.016yr0/49-FaceId-0_align.webp,0.028821,1.0,0.1591763226957415
database3/database3/m.016yr0/53-FaceId-0_align.webp,0.03224,1.0,0.1539169993340223
database3/database3/m.016yr0/98-FaceId-0_align.webp,0.103354,1.0,0.1779936396883985
database3/database3/m.016ywr/2-FaceId-0_align.webp,0.022088,1.0,0.199050323550397
database3/database3/m.016ywr/21-FaceId-0_align.webp,0.053813,1.0,0.1807164707148189
database3/database3/m.016ywr/76-FaceId-0_align.webp,0.0,1.0,0.1430039287173676
database3/database3/m.016z3d/40-FaceId-0_align.webp,0.041987,1.0,0.1607471301010229
database3/database3/m.016z3d/43-FaceId-0_align.webp,0.184794,1.0,0.1750850613773095
database3/database3/m.016z3d/48-FaceId-0_align.webp,0.181018,1.0,0.1696198849058572
database3/database3/m.016z68/21-FaceId-0_align.webp,0.185954,1.0,0.192487520150644
database3/database3/m.016z68/89-FaceId-0_align.webp,0.268667,1.0,0.1894339954466816
database3/database3/m.016zp5/13-FaceId-0_align.webp,0.016071,1.0,0.143030783707894
database3/database3/m.016zp5/31-FaceId-0_align.webp,0.101464,1.0,0.2814473280936286
database3/database3/m.016zp5/64-FaceId-0_align.webp,0.006697,1.0,0.1610743176238319
database3/database3/m.016zp5/68-FaceId-0_align.webp,0.014376,1.0,0.1686541757866577
database3/database3/m.016zvk/22-FaceId-0_align.webp,0.104809,0.0,0.1765818859649547
database3/database3/m.016zvk/81-FaceId-0_align.webp,0.147393,0.0,0.1754853153286097
database3/database3/m.016zvk/88-FaceId-0_align.webp,0.080384,0.0,0.1359509108975462
database3/database3/m.016zvk/91-FaceId-0_align.webp,0.084334,0.0,0.166235558964621
database3/database3/m.0170pk/112-FaceId-0_align.webp,0.029113,1.0,0.2304633194167492
database3/database3/m.0170pk/32-FaceId-0_align.webp,0.0,1.0,0.2320640608614331
database3/database3/m.0170pk/71-FaceId-0_align.webp,0.003334,1.0,0.1772238556836944
database3/database3/m.0170pk/93-FaceId-0_align.webp,0.020024,1.0,0.2564303963961526
database3/database3/m.0170q1/39-FaceId-0_align.webp,0.098023,0.0,0.2254207942649065
database3/database3/m.0170qf/10-FaceId-0_align.webp,0.012168,1.0,0.1562437592510085
database3/database3/m.0170qf/66-FaceId-0_align.webp,0.173717,1.0,0.1880235325315583
database3/database3/m.0170s4/35-FaceId-0_align.webp,0.00841,1.0,0.1773649499880136
database3/database3/m.0170s4/44-FaceId-0_align.webp,0.007374,1.0,0.1191516406818341
database3/database3/m.0170s4/48-FaceId-0_align.webp,0.0,1.0,0.1249482524989214
database3/database3/m.0170s4/85-FaceId-0_align.webp,0.00918,1.0,0.1538627852904831
database3/database3/m.0170s4/86-FaceId-0_align.webp,0.00659,1.0,0.1464589975682871
database3/database3/m.0170zz/7-FaceId-0_align.webp,0.0033,1.0,0.216656659018965
database3/database3/m.017115/2-FaceId-0_align.webp,0.178391,1.0,0.2187878155820885
database3/database3/m.0171cm/52-FaceId-0_align.webp,0.078391,1.0,0.278694116413078
database3/database3/m.0171cm/9-FaceId-0_align.webp,0.020679,1.0,0.2701036481145533
database3/database3/m.0171dv/105-FaceId-0_align.webp,0.019879,1.0,0.137432729970294
database3/database3/m.0171dv/106-FaceId-0_align.webp,0.079343,1.0,0.1589950814844581
database3/database3/m.0171z8/39-FaceId-0_align.webp,0.1172,0.0,0.4112976267240384
database3/database3/m.01721f/98-FaceId-0_align.webp,0.00066,1.0,0.1151274753931101
database3/database3/m.01728m/45-FaceId-0_align.webp,0.026608,1.0,0.2298648650144047
database3/database3/m.01734j/10-FaceId-0_align.webp,0.107434,1.0,0.2562400342462437
database3/database3/m.01737y/7-FaceId-0_align.webp,0.023524,1.0,0.1484356987021142
database3/database3/m.0173cq/55-FaceId-0_align.webp,0.0687,0.0,0.1776461685676471
database3/database3/m.0173cq/82-FaceId-0_align.webp,0.052898,0.0,0.1380769569710564
database3/database3/m.0173p_/66-FaceId-0_align.webp,0.12779,0.0,0.2118146537153667
database3/database3/m.0173p_/82-FaceId-0_align.webp,0.039784,0.0,0.1616688534753192
database3/database3/m.0173p_/97-FaceId-0_align.webp,0.06989,0.0,0.171871582556531
database3/database3/m.0173s_/56-FaceId-0_align.webp,0.320216,0.0,0.1744402400918744
database3/database3/m.01741h/75-FaceId-0_align.webp,0.057681,1.0,0.2923846796723201
database3/database3/m.01742l/53-FaceId-0_align.webp,0.210558,0.0,0.2121794152410046
database3/database3/m.01744d/24-FaceId-0_align.webp,0.021138,1.0,0.1682908090337185
database3/database3/m.01744d/66-FaceId-0_align.webp,0.069833,1.0,0.1776820892160577
database3/database3/m.017458/60-FaceId-0_align.webp,0.031087,1.0,0.3359373800845553
database3/database3/m.0174z2/31-FaceId-0_align.webp,0.019356,1.0,0.1594591494860754
database3/database3/m.0175m_/104-FaceId-0_align.webp,0.011519,1.0,0.2100326967837124
database3/database3/m.0175m_/106-FaceId-0_align.webp,0.008092,1.0,0.1531675635775504
database3/database3/m.0175s7/91-FaceId-0_align.webp,0.271553,1.0,0.2106655643351982
database3/database3/m.0175w3/23-FaceId-0_align.webp,0.084707,1.0,0.2579030110932782
database3/database3/m.0175w3/40-FaceId-0_align.webp,0.14122,1.0,0.3177052327694873
database3/database3/m.0175w3/8-FaceId-0_align.webp,0.022898,1.0,0.3563192066884815
database3/database3/m.01762z/69-FaceId-0_align.webp,0.001793,1.0,0.148326395788863
database3/database3/m.017729/106-FaceId-0_align.webp,0.004005,1.0,0.1699288864371468
database3/database3/m.01772q/118-FaceId-0_align.webp,0.005376,1.0,0.1319485424194593
database3/database3/m.01778_/1-FaceId-0_align.webp,0.151831,0.0,0.2786778376872455
database3/database3/m.01778_/5-FaceId-0_align.webp,0.080886,0.0,0.2549649486322323
database3/database3/m.0177s6/54-FaceId-0_align.webp,0.003871,1.0,0.3031077319573581
database3/database3/m.0177s6/83-FaceId-0_align.webp,0.194958,1.0,0.2647062036351
database3/database3/m.0178_j/46-FaceId-0_align.webp,0.038586,1.0,0.2479714069237453
database3/database3/m.0178d6/53-FaceId-0_align.webp,0.019408,1.0,0.1550978671834427
database3/database3/m.0178d6/9-FaceId-0_align.webp,0.038126,1.0,0.1746640350344469
database3/database3/m.0178sb/20-FaceId-0_align.webp,0.025953,1.0,0.1504353537161477
database3/database3/m.01791s/104-FaceId-0_align.webp,0.057011,1.0,0.3899411997564018
database3/database3/m.01793l/15-FaceId-0_align.webp,0.11519,1.0,0.3025473950967847
database3/database3/m.01793l/3-FaceId-0_align.webp,0.021997,1.0,0.2548733021576774
database3/database3/m.01793l/48-FaceId-0_align.webp,0.070141,1.0,0.3305875480443768
database3/database3/m.01793l/77-FaceId-0_align.webp,0.068916,1.0,0.2999540009451188
database3/database3/m.01794d/22-FaceId-0_align.webp,0.132698,1.0,0.1638604774991313
database3/database3/m.0179n7/47-FaceId-0_align.webp,0.025063,1.0,0.1640860075716265
database3/database3/m.0179ys/22-FaceId-0_align.webp,0.03888,1.0,0.1921681860277902
database3/database3/m.017_65/24-FaceId-0_align.webp,0.104039,1.0,0.2329048202746503
database3/database3/m.017__g/2-FaceId-0_align.webp,0.026314,1.0,0.1568371491751929
database3/database3/m.017__g/30-FaceId-0_align.webp,0.064708,1.0,0.184599438340344
database3/database3/m.017_dr/0-FaceId-1_align.webp,0.037641,1.0,0.2510810873844514
database3/database3/m.017_dr/14-FaceId-0_align.webp,0.005491,1.0,0.1874872570157272
database3/database3/m.017_dr/47-FaceId-0_align.webp,0.191478,1.0,0.1847341014177946
database3/database3/m.017_dr/57-FaceId-0_align.webp,0.038308,1.0,0.286671691111248
database3/database3/m.017_j4/45-FaceId-0_align.webp,0.032452,1.0,0.2502449078277951
database3/database3/m.017_j4/54-FaceId-0_align.webp,0.009302,1.0,0.2525890495787257
database3/database3/m.017_j4/93-FaceId-0_align.webp,0.05205,1.0,0.352179090352733
database3/database3/m.017_l1/23-FaceId-0_align.webp,0.033635,1.0,0.1461875163012319
database3/database3/m.017_l1/5-FaceId-0_align.webp,0.0,1.0,0.141838609961479
database3/database3/m.017_xx/84-FaceId-0_align.webp,0.180042,0.0,0.1754805763357485
database3/database3/m.017bd/83-FaceId-0_align.webp,0.002036,1.0,0.2316543056662134
database3/database3/m.017bd/85-FaceId-0_align.webp,0.002715,1.0,0.2624584480904935
database3/database3/m.017bk6/90-FaceId-2_align.webp,0.056904,0.0,0.1543544039547177
database3/database3/m.017bxq/72-FaceId-0_align.webp,0.032315,1.0,0.2193803178367639
database3/database3/m.017c87/108-FaceId-0_align.webp,0.012746,1.0,0.2435287885260466
database3/database3/m.017c87/7-FaceId-0_align.webp,0.008884,1.0,0.1269781513103187
database3/database3/m.017cgg/62-FaceId-0_align.webp,0.009893,1.0,0.2651922657777428
database3/database3/m.017d3v/21-FaceId-0_align.webp,0.000486,1.0,0.0960267265818269
database3/database3/m.017dpj/104-FaceId-0_align.webp,0.159674,1.0,0.2670581779644249
database3/database3/m.017dpj/116-FaceId-0_align.webp,0.004563,1.0,0.2242527721364051
database3/database3/m.017dpj/14-FaceId-0_align.webp,0.012759,1.0,0.2174232448037618
database3/database3/m.017dpj/6-FaceId-0_align.webp,0.157516,1.0,0.2706160135474389
database3/database3/m.017dpj/81-FaceId-0_align.webp,0.117413,1.0,0.3353410178268825
database3/database3/m.017dpj/98-FaceId-0_align.webp,0.093515,1.0,0.2549534937418113
database3/database3/m.017f4y/21-FaceId-0_align.webp,0.009046,1.0,0.1728292276895505
database3/database3/m.017fgp/17-FaceId-0_align.webp,0.004873,1.0,0.228403108393911
database3/database3/m.017fhk/5-FaceId-0_align.webp,0.05945,1.0,0.2435477048738803
database3/database3/m.017fhk/70-FaceId-0_align.webp,0.025921,1.0,0.1364661501351421
database3/database3/m.017fhk/87-FaceId-0_align.webp,0.146412,1.0,0.2401848955896863
database3/database3/m.017fj_/2-FaceId-0_align.webp,0.022486,1.0,0.1603598219122738
database3/database3/m.017fj_/97-FaceId-0_align.webp,0.013264,1.0,0.2785935523621881
database3/database3/m.017fks/21-FaceId-0_align.webp,0.013755,1.0,0.160024375471245
database3/database3/m.017fks/34-FaceId-0_align.webp,0.010024,1.0,0.2499285930704688
database3/database3/m.017fl5/7-FaceId-0_align.webp,0.088967,1.0,0.1784194134534324
database3/database3/m.017fl5/89-FaceId-0_align.webp,0.156395,1.0,0.2257930787833821
database3/database3/m.017fl_/0-FaceId-0_align.webp,0.016489,1.0,0.2954410920517887
database3/database3/m.017fp0/26-FaceId-0_align.webp,0.014762,1.0,0.1433033876844719
database3/database3/m.017fp0/70-FaceId-0_align.webp,0.102621,1.0,0.1762171714452439
database3/database3/m.017fp0/85-FaceId-0_align.webp,0.016216,1.0,0.1748580363671227
database3/database3/m.017fp0/92-FaceId-0_align.webp,0.03683,1.0,0.2767218615754833
database3/database3/m.017frf/2-FaceId-0_align.webp,0.239226,1.0,0.1518836893489396
database3/database3/m.017frf/48-FaceId-0_align.webp,0.242631,1.0,0.1685697200757629
database3/database3/m.017ft0/4-FaceId-0_align.webp,0.025186,0.0,0.1549941740503457
database3/database3/m.017fxp/62-FaceId-0_align.webp,0.006207,1.0,0.219345719379368
database3/database3/m.017fzy/33-FaceId-0_align.webp,0.135665,1.0,0.1520061158801554
database3/database3/m.017fzy/38-FaceId-0_align.webp,0.020138,1.0,0.1762713759949663
database3/database3/m.017fzy/44-FaceId-0_align.webp,0.119262,1.0,0.1889792725028194
database3/database3/m.017fzy/7-FaceId-0_align.webp,0.042513,1.0,0.1626226873303788
database3/database3/m.017fzy/84-FaceId-0_align.webp,0.1089,1.0,0.1785352083712803
database3/database3/m.017fzy/88-FaceId-0_align.webp,0.093437,1.0,0.1594018086345085
database3/database3/m.017g21/51-FaceId-0_align.webp,0.121234,1.0,0.1905386091796108
database3/database3/m.017g2y/13-FaceId-0_align.webp,0.026164,1.0,0.1628910060740521
database3/database3/m.017gd_/53-FaceId-0_align.webp,0.006889,1.0,0.276877472756119
database3/database3/m.017gd_/59-FaceId-0_align.webp,0.012556,1.0,0.2283956019149286
database3/database3/m.017gxw/53-FaceId-0_align.webp,0.064935,0.0,0.1677991516959761
database3/database3/m.017h4c/0-FaceId-0_align.webp,0.049628,1.0,0.2599358921012733
database3/database3/m.017h_2/23-FaceId-0_align.webp,0.06887,1.0,0.281555356277281
database3/database3/m.017hgl/21-FaceId-0_align.webp,0.089799,1.0,0.1880937485510819
database3/database3/m.017hgl/42-FaceId-0_align.webp,0.004642,1.0,0.178137642806396
database3/database3/m.017hjk/57-FaceId-0_align.webp,0.009431,1.0,0.1916153954168618
database3/database3/m.017hm9/3-FaceId-0_align.webp,0.001744,1.0,0.2135565403880046
database3/database3/m.017hm9/36-FaceId-0_align.webp,0.002432,1.0,0.1738667571214812
database3/database3/m.017hw4/23-FaceId-0_align.webp,0.000412,1.0,0.1723994351843953
database3/database3/m.017hwl/3-FaceId-0_align.webp,0.014017,1.0,0.279173091339485
database3/database3/m.017j1w/26-FaceId-0_align.webp,0.021211,1.0,0.1435728242711428
database3/database3/m.017j1w/35-FaceId-0_align.webp,0.039099,1.0,0.3125127490838633
database3/database3/m.017j1w/8-FaceId-0_align.webp,0.052854,1.0,0.1449928790989601
database3/database3/m.017j2b/85-FaceId-0_align.webp,0.008707,1.0,0.2042114196214713
database3/database3/m.017jwg/17-FaceId-0_align.webp,0.002376,1.0,0.1841993276528559
database3/database3/m.017jwg/53-FaceId-0_align.webp,0.066995,0.0,0.1795928675948401
database3/database3/m.017jwg/82-FaceId-0_align.webp,0.035246,1.0,0.1840743466250882
database3/database3/m.017kb5/32-FaceId-0_align.webp,0.006182,1.0,0.169401989083278
database3/database3/m.017kgm/108-FaceId-1_align.webp,0.015319,1.0,0.1137056925026981
database3/database3/m.017kgm/94-FaceId-0_align.webp,0.003416,1.0,0.1320876059905941
database3/database3/m.017kq/37-FaceId-0_align.webp,0.040762,1.0,0.2617138127281536
database3/database3/m.017kq/48-FaceId-0_align.webp,0.009092,1.0,0.2482708784063872
database3/database3/m.017l4/11-FaceId-0_align.webp,0.001488,1.0,0.1522650931082387
database3/database3/m.017l4/73-FaceId-0_align.webp,0.09873,1.0,0.1782155192759395
database3/database3/m.017l4/80-FaceId-0_align.webp,0.025497,1.0,0.2566044771407723
database3/database3/m.017l7y/97-FaceId-0_align.webp,0.002424,1.0,0.1508446564925565
database3/database3/m.017lcg/63-FaceId-0_align.webp,0.136168,1.0,0.1733984732582814
database3/database3/m.017m2y/105-FaceId-0_align.webp,0.084072,0.0,0.1693927995167926
database3/database3/m.017m2y/30-FaceId-0_align.webp,0.20052,0.0,0.1812891653824793
database3/database3/m.017mrb/26-FaceId-0_align.webp,0.125876,1.0,0.1649115006149594
database3/database3/m.017q3j/27-FaceId-0_align.webp,0.040475,1.0,0.1585940301741301
database3/database3/m.017q3j/87-FaceId-1_align.webp,0.137407,1.0,0.2040661972077638
database3/database3/m.017qkp/105-FaceId-0_align.webp,0.016276,1.0,0.1472619008791688
database3/database3/m.017qkp/8-FaceId-0_align.webp,0.006413,1.0,0.1570157206221447
database3/database3/m.017r13/15-FaceId-0_align.webp,0.004576,1.0,0.1501462620898327
database3/database3/m.017r13/32-FaceId-0_align.webp,0.001926,1.0,0.1441672441918378
database3/database3/m.017r13/71-FaceId-0_align.webp,0.149849,1.0,0.1688905666853983
database3/database3/m.017r5g/69-FaceId-0_align.webp,0.246362,0.0,0.2031993761168482
database3/database3/m.017rh4/92-FaceId-0_align.webp,0.059749,1.0,0.1738808796107299
database3/database3/m.017rjs/94-FaceId-0_align.webp,0.227853,1.0,0.1606935806960761
database3/database3/m.017tk3/113-FaceId-0_align.webp,0.041074,1.0,0.1849987597670471
database3/database3/m.017tk3/5-FaceId-0_align.webp,0.023981,1.0,0.1860614854922175
database3/database3/m.017tk3/61-FaceId-0_align.webp,0.058875,1.0,0.2042826562907991
database3/database3/m.017tk3/83-FaceId-0_align.webp,0.016266,1.0,0.1728805154860617
database3/database3/m.017tkv/15-FaceId-0_align.webp,0.09519,0.0,0.1569062062394337
database3/database3/m.017tkv/5-FaceId-0_align.webp,0.108291,0.0,0.1683968536458219
database3/database3/m.017tlt/70-FaceId-0_align.webp,0.079127,1.0,0.1247117520029056
database3/database3/m.017tn4/17-FaceId-0_align.webp,0.026983,1.0,0.2530079397072848
database3/database3/m.017tn4/54-FaceId-2_align.webp,0.042656,1.0,0.2144578894579377
database3/database3/m.017tnz/116-FaceId-0_align.webp,0.135035,1.0,0.1781171262599945
database3/database3/m.017vfn/43-FaceId-0_align.webp,0.036126,1.0,0.1676754261707242
database3/database3/m.017vkk/88-FaceId-0_align.webp,0.022172,0.0,0.1695874722300672
database3/database3/m.017vkx/34-FaceId-1_align.webp,0.050784,1.0,0.2839726275001336
database3/database3/m.017wbg/77-FaceId-0_align.webp,0.079706,1.0,0.1591352921846739
database3/database3/m.017x_s/36-FaceId-0_align.webp,0.021378,1.0,0.2719788016770605
database3/database3/m.017xm3/52-FaceId-0_align.webp,0.225925,0.0,0.1793674048694188
database3/database3/m.017yfz/93-FaceId-0_align.webp,0.237267,1.0,0.0
database3/database3/m.017yvm/5-FaceId-0_align.webp,0.011632,1.0,0.1655452036709478
database3/database3/m.017yvm/93-FaceId-0_align.webp,0.007487,1.0,0.2272627993419652
database3/database3/m.017yzt/119-FaceId-0_align.webp,0.299381,0.0,0.1877693827130374
database3/database3/m.017yzt/55-FaceId-0_align.webp,0.055778,0.0,0.150352128291485
database3/database3/m.017yzt/61-FaceId-0_align.webp,0.0,0.0,0.139135215271296
database3/database3/m.017z_/91-FaceId-0_align.webp,0.06531,1.0,0.2553449460876698
database3/database3/m.017zng/39-FaceId-0_align.webp,0.114304,1.0,0.1550759826701947
database3/database3/m.017zng/73-FaceId-0_align.webp,0.087005,1.0,0.1889391538863524
database3/database3/m.017zng/97-FaceId-0_align.webp,0.096418,1.0,0.1390101047820803
database3/database3/m.01804k/55-FaceId-0_align.webp,0.104401,0.0,0.1673237816726922
database3/database3/m.01807/65-FaceId-0_align.webp,0.087681,1.0,0.2911049520837984
database3/database3/m.01807/73-FaceId-0_align.webp,0.147607,1.0,0.3110755568433209
database3/database3/m.018144/31-FaceId-0_align.webp,0.317719,1.0,0.156416382034618
database3/database3/m.018144/55-FaceId-0_align.webp,0.076827,1.0,0.1671836354678214
database3/database3/m.01815s/106-FaceId-0_align.webp,0.234236,0.0,0.1792665405897386
database3/database3/m.01815s/50-FaceId-0_align.webp,0.243106,0.0,0.1725032361116769
database3/database3/m.01815s/64-FaceId-0_align.webp,0.173641,0.0,0.1754586047684074
database3/database3/m.0181gp/6-FaceId-0_align.webp,0.043543,1.0,0.170698640118923
database3/database3/m.0181j_/107-FaceId-0_align.webp,0.027129,0.0,0.166401244262578
database3/database3/m.0181kg/14-FaceId-0_align.webp,0.119867,1.0,0.2764102557836403
database3/database3/m.0181lj/18-FaceId-0_align.webp,0.190172,1.0,0.125316312615887
database3/database3/m.0181p_/19-FaceId-0_align.webp,0.041166,1.0,0.2420329309010421
database3/database3/m.0181p_/99-FaceId-0_align.webp,0.035046,1.0,0.1751625132062578
database3/database3/m.0181ph/4-FaceId-0_align.webp,0.019163,1.0,0.2302598652403165
database3/database3/m.0181ph/8-FaceId-0_align.webp,0.037384,1.0,0.0
database3/database3/m.0181x9/43-FaceId-0_align.webp,0.029481,1.0,0.171630226030001
database3/database3/m.0181xq/13-FaceId-0_align.webp,0.002527,0.0,0.1901886914411278
database3/database3/m.0182hg/59-FaceId-0_align.webp,0.003662,1.0,0.1546450472490527
database3/database3/m.0182q2/111-FaceId-0_align.webp,0.014398,1.0,0.1724903121631553
database3/database3/m.0182q2/47-FaceId-0_align.webp,0.020684,1.0,0.175872660969193
database3/database3/m.0182q2/58-FaceId-0_align.webp,0.034155,1.0,0.1485559562796307
database3/database3/m.0182vk/101-FaceId-0_align.webp,0.185784,1.0,0.3187478124749417
database3/database3/m.0182vk/97-FaceId-0_align.webp,0.113244,1.0,0.1858481786763146
database3/database3/m.01830j/15-FaceId-0_align.webp,0.208446,0.0,0.2029962286141882
database3/database3/m.01833g/76-FaceId-0_align.webp,0.008544,1.0,0.1882848607123335
database3/database3/m.018348/1-FaceId-0_align.webp,0.029671,1.0,0.2050090953323853
database3/database3/m.0183f9/72-FaceId-0_align.webp,0.028848,1.0,0.2652670266108492
database3/database3/m.018417/7-FaceId-0_align.webp,0.270045,0.0,0.1823215605301801
database3/database3/m.018493/45-FaceId-0_align.webp,0.059135,0.0,0.1845178990077735
database3/database3/m.0184cd/37-FaceId-0_align.webp,0.012663,0.0,0.1705361828916379
database3/database3/m.0184cd/69-FaceId-0_align.webp,0.041234,0.0,0.1712648274045907
database3/database3/m.0184jc/9-FaceId-0_align.webp,0.061679,1.0,0.2015884373397995
database3/database3/m.0184xq/86-FaceId-0_align.webp,0.010468,1.0,0.2130531261265836
database3/database3/m.0185gs/107-FaceId-0_align.webp,0.133885,1.0,0.1618650570105265
database3/database3/m.0187y5/50-FaceId-0_align.webp,0.011259,1.0,0.3894445706357332
database3/database3/m.0187y5/55-FaceId-0_align.webp,0.018906,1.0,0.1798431108311571
database3/database3/m.0188n0/16-FaceId-0_align.webp,0.119925,1.0,0.1888208903388654
database3/database3/m.0188n0/81-FaceId-0_align.webp,0.437819,1.0,0.2079039659987768
database3/database3/m.0188n0/93-FaceId-0_align.webp,0.241643,1.0,0.2282398825829914
database3/database3/m.0188nj/68-FaceId-0_align.webp,0.036499,1.0,0.1513001081500299
database3/database3/m.018_3q/101-FaceId-0_align.webp,0.001235,1.0,0.4858936690865505
database3/database3/m.018_3q/89-FaceId-0_align.webp,0.024563,1.0,0.1462928717063957
database3/database3/m.018_lb/81-FaceId-0_align.webp,0.104704,0.0,0.1345704958563749
database3/database3/m.018c42/45-FaceId-1_align.webp,0.268912,1.0,0.1714893315531083
database3/database3/m.018c42/5-FaceId-0_align.webp,0.033426,1.0,0.1705624953280453
database3/database3/m.018cx_/16-FaceId-0_align.webp,0.128439,0.0,0.1640899927616541
database3/database3/m.018dnt/83-FaceId-0_align.webp,0.012334,1.0,0.1648921090913294
database3/database3/m.018dpq/74-FaceId-0_align.webp,0.08469,1.0,0.1641545040145178
database3/database3/m.018dpq/9-FaceId-0_align.webp,0.06436,1.0,0.2152588312307765
database3/database3/m.018dq3/21-FaceId-0_align.webp,0.264271,0.0,0.1880122308968185
database3/database3/m.018dq3/43-FaceId-0_align.webp,0.005771,0.0,0.1672348954964402
database3/database3/m.018dqg/14-FaceId-0_align.webp,0.002005,1.0,0.1494752858424246
database3/database3/m.018dyl/57-FaceId-0_align.webp,0.066796,1.0,0.1313645599809264
database3/database3/m.018f07/77-FaceId-0_align.webp,0.067893,1.0,0.2008682544800664
database3/database3/m.018f07/88-FaceId-0_align.webp,0.019681,1.0,0.1542472313523021
database3/database3/m.018f_y/78-FaceId-0_align.webp,0.005574,1.0,0.3840563645866587
database3/database3/m.018fkc/18-FaceId-0_align.webp,0.048624,0.0,0.210519293684695
database3/database3/m.018fkc/51-FaceId-0_align.webp,0.004824,1.0,0.164797578954503
database3/database3/m.018fmr/107-FaceId-0_align.webp,0.087037,0.0,0.1798408485293064
database3/database3/m.018fmr/38-FaceId-0_align.webp,0.082888,0.0,0.2484467988039967
database3/database3/m.018fmr/39-FaceId-0_align.webp,0.154489,0.0,0.1702014899456851
database3/database3/m.018fmr/77-FaceId-0_align.webp,0.094029,0.0,0.1608868182668466
database3/database3/m.018fmr/96-FaceId-0_align.webp,0.118151,0.0,0.1969775266126169
database3/database3/m.018fvy/74-FaceId-0_align.webp,0.006913,1.0,0.1581775699100245
database3/database3/m.018fwb/106-FaceId-0_align.webp,0.105164,0.0,0.1947667144438563
database3/database3/m.018fyy/5-FaceId-0_align.webp,0.161114,0.0,0.1670862475886326
database3/database3/m.018fzs/56-FaceId-0_align.webp,0.057952,1.0,0.2547084201508056
database3/database3/m.018fzs/60-FaceId-0_align.webp,0.058021,1.0,0.1495618889309468
database3/database3/m.018fzs/89-FaceId-0_align.webp,0.00707,1.0,0.148110391506471
database3/database3/m.018g4z/59-FaceId-0_align.webp,0.266921,0.0,0.2735100331543373
database3/database3/m.018gcf/20-FaceId-0_align.webp,0.017916,1.0,0.1560750174729916
database3/database3/m.018gcf/28-FaceId-0_align.webp,0.0,1.0,0.1787440958721062
database3/database3/m.018gjx/0-FaceId-0_align.webp,0.03658,1.0,0.1646224408019142
database3/database3/m.018gjx/88-FaceId-1_align.webp,0.040357,1.0,0.1657140938507198
database3/database3/m.018gkb/31-FaceId-0_align.webp,0.133832,1.0,0.2297352396650204
database3/database3/m.018gkb/69-FaceId-0_align.webp,0.119964,1.0,0.165291988256579
database3/database3/m.018gl5/55-FaceId-0_align.webp,0.0,1.0,0.1573871137468047
database3/database3/m.018gn4/7-FaceId-0_align.webp,0.045659,1.0,0.1785415030718242
database3/database3/m.018gn4/95-FaceId-0_align.webp,0.084694,1.0,0.1762628550649484
database3/database3/m.018gqj/17-FaceId-0_align.webp,0.18042,1.0,0.1700927682842641
database3/database3/m.018gqj/45-FaceId-0_align.webp,0.048033,1.0,0.1703397432872457
database3/database3/m.018gqj/51-FaceId-0_align.webp,0.113401,1.0,0.1826681542382484
database3/database3/m.018gqj/9-FaceId-0_align.webp,0.182644,1.0,0.189888395436487
database3/database3/m.018gsl/54-FaceId-0_align.webp,0.015144,1.0,0.33500192249261
database3/database3/m.018gw3/19-FaceId-0_align.webp,0.042889,1.0,0.28788756145342
database3/database3/m.018h84/20-FaceId-0_align.webp,0.006714,1.0,0.1740270217042713
database3/database3/m.018h84/4-FaceId-0_align.webp,0.077047,1.0,0.130977611099778
database3/database3/m.018hhw/26-FaceId-0_align.webp,0.058762,0.0,0.1731832412271838
database3/database3/m.018hwl/22-FaceId-0_align.webp,0.105538,1.0,0.211112826636888
database3/database3/m.018j3w/52-FaceId-0_align.webp,0.03127,1.0,0.1334230298362275
database3/database3/m.018j4c/21-FaceId-0_align.webp,0.159984,1.0,0.1622969723859611
database3/database3/m.018j4c/60-FaceId-0_align.webp,0.116911,1.0,0.2119761599032067
database3/database3/m.018j4c/72-FaceId-0_align.webp,0.050298,1.0,0.1704835872225416
database3/database3/m.018j5m/87-FaceId-0_align.webp,0.119486,0.0,0.204469362323649
database3/database3/m.018jnn/6-FaceId-0_align.webp,0.046059,1.0,0.1370873376053336
database3/database3/m.018jnn/60-FaceId-0_align.webp,0.021036,1.0,0.1338511624726301
database3/database3/m.018jz8/4-FaceId-0_align.webp,0.129694,1.0,0.1670953772557542
database3/database3/m.018kd0/56-FaceId-0_align.webp,0.078738,1.0,0.1750418776218886
database3/database3/m.018kjc/45-FaceId-0_align.webp,0.336481,1.0,0.2101716953137052
database3/database3/m.018kjc/74-FaceId-0_align.webp,0.359873,1.0,0.2038472745681193
database3/database3/m.018lb1/1-FaceId-0_align.webp,0.066363,0.0,0.1670391311942408
database3/database3/m.018lb1/113-FaceId-0_align.webp,0.174767,0.0,0.1762938619494777
database3/database3/m.018lb1/45-FaceId-0_align.webp,0.011283,0.0,0.1541144702930152
database3/database3/m.018lb1/60-FaceId-0_align.webp,0.101898,0.0,0.1638726380412527
database3/database3/m.018lb1/67-FaceId-0_align.webp,0.058712,0.0,0.1833144419929025
database3/database3/m.018lp7/31-FaceId-0_align.webp,0.068826,0.0,0.1812449537791671
database3/database3/m.018lp7/5-FaceId-0_align.webp,0.037973,0.0,0.1691512856864345
database3/database3/m.018lpm/41-FaceId-0_align.webp,0.03151,1.0,0.2445258069267121
database3/database3/m.018lx_/11-FaceId-0_align.webp,0.157239,1.0,0.2107598560406403
database3/database3/m.018lxn/67-FaceId-0_align.webp,0.041223,0.0,0.1602582894775231
database3/database3/m.018m5c/31-FaceId-0_align.webp,0.012538,1.0,0.1346185531506361
database3/database3/m.018m5c/6-FaceId-0_align.webp,0.013236,1.0,0.1436620128499361
database3/database3/m.018m5c/74-FaceId-0_align.webp,0.007729,1.0,0.1743230631587214
database3/database3/m.018mfl/68-FaceId-0_align.webp,0.01486,1.0,0.2004296173762436
database3/database3/m.018n52/37-FaceId-0_align.webp,0.024108,1.0,0.1449503490648779
database3/database3/m.018n7d/44-FaceId-0_align.webp,0.002157,1.0,0.1448416976303401
database3/database3/m.018n9d/58-FaceId-0_align.webp,0.182622,1.0,0.1574065615143705
database3/database3/m.018nqq/25-FaceId-0_align.webp,0.02666,1.0,0.1383561320048508
database3/database3/m.018nqq/56-FaceId-0_align.webp,0.002557,1.0,0.1965788115106895
database3/database3/m.018nwp/42-FaceId-0_align.webp,0.023176,1.0,0.2724226502457944
database3/database3/m.018p19/2-FaceId-0_align.webp,0.029409,1.0,0.2117888580368657
database3/database3/m.018pj3/21-FaceId-0_align.webp,0.206243,0.0,0.1415164864204033
database3/database3/m.018pkl/117-FaceId-0_align.webp,0.00271,1.0,0.2021269517684369
database3/database3/m.018ptf/125-FaceId-1_align.webp,0.193842,0.0,0.2309115006853676
database3/database3/m.018ptf/6-FaceId-0_align.webp,0.184452,1.0,0.1642196687148637
database3/database3/m.018ptf/69-FaceId-0_align.webp,0.264398,1.0,0.2321227899995724
database3/database3/m.018ptf/87-FaceId-0_align.webp,0.284614,1.0,0.198161927506855
database3/database3/m.018pyg/114-FaceId-0_align.webp,0.004286,0.0,0.1443582018556123
database3/database3/m.018pyg/50-FaceId-0_align.webp,0.094308,0.0,0.1405201116579732
database3/database3/m.018q7p/61-FaceId-0_align.webp,0.113962,1.0,0.1763413180447797
database3/database3/m.018qkz/35-FaceId-0_align.webp,0.11651,0.0,0.1811612035883745
database3/database3/m.018qkz/48-FaceId-0_align.webp,0.078768,0.0,0.1869936519406441
database3/database3/m.018qlp/1-FaceId-0_align.webp,0.057596,0.0,0.187402807303918
database3/database3/m.018qlp/2-FaceId-0_align.webp,0.201501,0.0,0.2099219831681436
database3/database3/m.018qlp/67-FaceId-0_align.webp,0.023725,0.0,0.1578565243006336
database3/database3/m.018qlp/73-FaceId-0_align.webp,0.048836,0.0,0.1713693871324758
database3/database3/m.018qlp/81-FaceId-0_align.webp,0.220874,0.0,0.184765995059454
database3/database3/m.018qlp/99-FaceId-0_align.webp,0.098556,0.0,0.1793138517410062
database3/database3/m.018qn8/16-FaceId-0_align.webp,0.180079,0.0,0.1799867732544326
database3/database3/m.018qn8/24-FaceId-0_align.webp,0.067297,0.0,0.1790072433578118
database3/database3/m.018qn8/3-FaceId-0_align.webp,0.144663,0.0,0.1809164917703441
database3/database3/m.018qpb/20-FaceId-0_align.webp,0.030827,0.0,0.1279016104701129
database3/database3/m.018qpb/42-FaceId-0_align.webp,0.04676,0.0,0.1558266038759758
database3/database3/m.018qr9/59-FaceId-0_align.webp,0.041718,0.0,0.1617172943103444
database3/database3/m.018qwf/0-FaceId-0_align.webp,0.034965,1.0,0.1257534219464366
database3/database3/m.018qx5/48-FaceId-0_align.webp,0.145397,0.0,0.2658214166814483
database3/database3/m.018r3g/1-FaceId-0_align.webp,0.015575,1.0,0.3377649617374918
database3/database3/m.018rsq/63-FaceId-0_align.webp,0.05182,1.0,0.1502327895425562
database3/database3/m.018rsq/82-FaceId-0_align.webp,0.021029,1.0,0.1636596543493164
database3/database3/m.018ry5/78-FaceId-0_align.webp,0.052713,1.0,0.17649304179129
database3/database3/m.018s7v/75-FaceId-0_align.webp,0.055964,0.0,0.1826354056470834
database3/database3/m.018slq/19-FaceId-0_align.webp,0.164016,1.0,0.1803251224990973
database3/database3/m.018swb/94-FaceId-0_align.webp,0.035612,1.0,0.1829956568077619
database3/database3/m.018t67/2-FaceId-0_align.webp,0.002151,1.0,0.1256226185947945
database3/database3/m.018t67/75-FaceId-0_align.webp,0.002161,1.0,0.1342537604673563
database3/database3/m.018t67/76-FaceId-0_align.webp,0.014984,1.0,0.1414174677744291
database3/database3/m.018tfd/63-FaceId-0_align.webp,0.039426,1.0,0.1294592411435909
database3/database3/m.018tvs/4-FaceId-0_align.webp,0.186437,1.0,0.1869894316670987
database3/database3/m.018v8c/66-FaceId-0_align.webp,0.031012,1.0,0.1379797208221309
database3/database3/m.018v_8/56-FaceId-0_align.webp,0.065146,1.0,0.1410195837258512
database3/database3/m.018vhw/41-FaceId-2_align.webp,0.017996,1.0,0.320272827350143
database3/database3/m.018vhw/84-FaceId-1_align.webp,0.010037,1.0,0.1841604579193206
database3/database3/m.018vhw/94-FaceId-0_align.webp,0.022504,1.0,0.1519443542757317
database3/database3/m.018w6s/30-FaceId-0_align.webp,0.009687,1.0,0.3611048821064249
database3/database3/m.018wh0/34-FaceId-0_align.webp,0.038341,1.0,0.1405153718575158
database3/database3/m.018wqb/36-FaceId-1_align.webp,0.061601,1.0,0.236551843086441
database3/database3/m.018x3/82-FaceId-0_align.webp,0.000249,1.0,0.1406374758275639
database3/database3/m.018x3/89-FaceId-0_align.webp,0.006661,1.0,0.1994054541510683
database3/database3/m.018xrz/49-FaceId-0_align.webp,0.084464,1.0,0.1763844208512734
database3/database3/m.018y0w/54-FaceId-0_align.webp,0.014612,1.0,0.1611375697393396
database3/database3/m.018y2s/21-FaceId-0_align.webp,0.010478,1.0,0.1693028609542574
database3/database3/m.018y4x/104-FaceId-0_align.webp,0.014664,1.0,0.1567717919485926
database3/database3/m.018y4x/94-FaceId-0_align.webp,0.083805,1.0,0.1306578914253813
database3/database3/m.018ycp/32-FaceId-0_align.webp,0.169605,1.0,0.1553844757231235
database3/database3/m.018ycp/64-FaceId-0_align.webp,0.011204,1.0,0.1511211465034459
